DatGeracaoConjuntoDados;CodEmpreendimento;CodCEG;NomEmpreendimento;NumCoordNEmpreendimento;NumCoordEEmpreendimento;IdeStatusHist;IdeUFHist;NumProcesso;NomEmpreendimentoHist;MdaPotencia;DscCursoDagua;DscValorAtoAtivacao;DatAtoAtivacao;DatValidadeAtoOriginal;DscEmpreendedores1;DscEmpreendedores2;DscEmpreendedoresN;DscNumeroAtoProrrogado;DatValidadeProrrogada;DatPublicacaoProrrogada;IdSubBacia;DscSubBacia;DatCargaHistorico;IdeUF;SigUF;NomUF;IdcStatus;DscStatus
2026-07-01;-;;;;;13;10;48500.003726/2015-84;Preto 2;5,500;Preto;812;11/04/2017;2026-12-31 00:00:00;L&S PAR Ltda. e Flora Agro Negócio Ltda. -; -; -;;;;;;;10;BA;Bahia;13;DRS-PCH
2026-07-01;-;;Porto da Bota;;;15;39;48500.002946/2001-79;Porto da Bota;29,600;Piquiri;4.388;26/11/2009;; -; -; -;;;;64;Parana, Paranapanema, Amambai e outros;2026-06-30 09:43:52.357000000;39;PR;Paraná;15;Eixo Disponível
2026-07-01;-;;Porto da Bota;;;15;39;48500.002946/2001-79;Porto da Bota;29,600;Piquiri;4.388;26/11/2009;; -; -; -;;;;64;Parana, Paranapanema, Amambai e outros;2026-06-30 09:43:52.357000000;39;PR;Paraná;15;Eixo Disponível
2026-07-01;-;;Serra do Divisor;;;15;18;;Serra do Divisor;7,500;Cana Brava;2.726;17/11/2020;; -; -; -;;;;21;Tocantins, entre os rios Preto e Parana;2026-06-30 09:43:52.357000000;18;GO;Goiás;15;Eixo Disponível
2026-07-01;000288;UHE.PH.RS.000288-7;Bom Retiro;-29,61;-51,95;14;46;48500.005300/2012-12;Bom Retiro;35,180;Taquari;699;15/03/2023;2031-03-15 00:00:00;AHE Cruzeiro do Sul Energia SPE S.A - 26644209000181; -; -;;;;86;Taquari;2026-06-30 09:43:52.357000000;46;RS;Rio Grande do Sul;14;DRS-UHE
2026-07-01;000601;PCH.PH.MG.000601-7;Caldeirões;-20,43;-43,20;15;26;48100.000775/1994-46;Caldeirões;10,000;Gualaxo do Sul;182;24/11/1994;; -; -; -;;;;56;Doce;2026-06-30 09:43:52.357000000;26;MG;Minas Gerais;15;Eixo Disponível
2026-07-01;000728;PCH.PH.SC.000728-5;Caveiras;-27,82;-50,48;13;48;48500.006070/2020-19;Caveiras;9,400;Caveiras;1.102;02/05/2022;2030-05-02 00:00:00;CELESC Geração S.A - 08336804000178; -; -;;;;71;Canoas;2026-06-30 09:43:52.357000000;48;SC;Santa Catarina;13;DRS-PCH
2026-07-01;000879;UHE.PH.MT.000879-6;Couto Magalhães (Antiga Cachoeira Couto de Magalhães);-17,17;-53,14;15;32;48500.001986/2019-49;Couto Magalhães (Antiga Cachoeira Couto de Magalhães);150,000;Araguaia;435;10/07/2001;; -; -; -;;;;24;Alto Araguaia e rio Claro;2026-06-30 09:43:52.357000000;32;MT;Mato Grosso;15;Eixo Disponível
2026-07-01;000958;PCH.PH.SC.000958-0;Flor do Mato;-26,85;-51,88;13;48;48500.000680/2021-90;Flor do Mato;7,600;Do Mato;2.169;12/08/2022;2030-08-12 00:00:00;Irani Papel e Embalagem S.A. - 92791243000294; -; -;;;;73;Uruguai, Chapeco,Passo Fundo e outros;2026-06-30 09:43:52.357000000;48;SC;Santa Catarina;13;DRS-PCH
2026-07-01;000976;CGH.PH.RS.000976-8;Forquilha;-27,67;-51,75;11;46;48500.904139/2024-01;Forquilha I;7,500;Forquilha;445;25/02/2025;2026-04-25 00:00:00;ESB Engenharia Ltda - 26932738000180; -; -;;;;72;Uruguai, Inhanduva, Peixe e outros;2026-06-30 09:43:52.357000000;46;RS;Rio Grande do Sul;11;DRI-PCH
2026-07-01;000976;CGH.PH.RS.000976-8;Forquilha;-27,67;-51,75;11;46;48500.003727/2025-09;Forquilha I;7,500;Forquilha;446;25/02/2025;2026-04-25 00:00:00;Getop Empreendimentos e Gestão Ltda. - 22048264000158;Vilson Marcos Testa CPF n° ***.187.930-** -;Paulo Victor Azevedo Viana CPF nº ***.628.346-** -;;;;72;Uruguai, Inhanduva, Peixe e outros;2026-06-30 09:43:52.357000000;46;RS;Rio Grande do Sul;11;DRI-PCH
2026-07-01;000976;CGH.PH.RS.000976-8;Forquilha;-27,67;-51,75;11;46;48500.903974/2024-16;Forquilha I;7,500;Forquilha;578;13/03/2025;2026-05-13 00:00:00;Companhia Estadual de Geração de Energia Elétrica – CEEE- G - 22048264000158; -; -;;;;72;Uruguai, Inhanduva, Peixe e outros;2026-06-30 09:43:52.357000000;46;RS;Rio Grande do Sul;11;DRI-PCH
2026-07-01;001358;PCH.PH.RO.001358-7;Machadinho I;-9,45;-61,99;11;44;48500.022351/2025-23;Machadinho I;10,500;Machadinho;2.514;25/08/2025;2026-10-25 00:00:00;Uzzienergy Comercializadora de Energia Ltda - 34894779000158; -; -;;;;15;Madeira;2026-06-30 09:43:52.357000000;44;RO;Rondônia;11;DRI-PCH
2026-07-01;001526;PCH.PH.MS.001526-1;Napoleão de Brito (AMB-175C);-22,93;-54,62;13;30;48500.009476/2022-15;Napoleão de Brito (AMB-175C);10,100;Amambaí;3.105;21/10/2025;2033-10-21 00:00:00;Ecoger – Ecologino Geração de Energias em Matriz Renovável Ltda - 21269866000172; -; -;;;;64;Parana, Paranapanema, Amambai e outros;2026-06-30 09:43:52.357000000;30;MS;Mato Grosso do Sul;13;DRS-PCH
2026-07-01;002593;PCH.PH.SC.002593-3;Salto Cristo Rei;-26,94;-51,90;13;48;48500.005711/2018-01;Salto Cristo Rei;6,000;Irani;2.362;31/08/2022;2030-08-31 00:00:00;Irani Papel e Embalagem S.A - 92791243000103; -; -;;;;73;Uruguai, Chapeco,Passo Fundo e outros;2026-06-30 09:43:52.357000000;48;SC;Santa Catarina;13;DRS-PCH
2026-07-01;027214;PCH.PH.MG.027214-0;Laje;-21,48;-43,06;13;26;48500.003826/2016-91;Laje;13,200;Novo;784;10/04/2018;2026-12-31 00:00:00;Laje Geração de Energia Ltda. - 30229234000176; -; -;;;;58;Paraiba do Sul;2026-06-30 09:43:52.357000000;26;MG;Minas Gerais;13;DRS-PCH
2026-07-01;027422;PCH.PH.MT.027422-4;Ponte de Pedra;-13,58;-57,36;15;32;48500.004366/2000-07;Ponte de Pedra;24,600;Ponte de Pedra;1.042;27/12/2001;; -; -; -;;;;17;Tapajos;2026-06-30 09:43:52.357000000;32;MT;Mato Grosso;15;Eixo Disponível
2026-07-01;027711;PCH.PH.SC.027711-8;Mafrás;-27,03;-49,58;15;48;48500.002764/2007-18;Mafrás;6,100;Itajaí do Norte ou Hercílio;4.009;17/12/2021;; -; -; -;;;;83;Itajai;2026-06-30 09:43:52.357000000;48;SC;Santa Catarina;15;Eixo Disponível
2026-07-01;027820;PCH.PH.MG.027820-3;Cachoeira da Providência;-20,55;-42,68;11;26;48500.035898/2025-99;Cachoeira da Providência;12,000;Casca;3.744;22/12/2025;2027-02-22 00:00:00;Brilhar Participações Ltda - 32116346000146; -; -;;;;56;Doce;2026-06-30 09:43:52.357000000;26;MG;Minas Gerais;11;DRI-PCH
2026-07-01;027821;PCH.PH.MG.027821-1;Cachoeira Escura;-20,52;-42,67;11;26;48500.035937/2025-58;Cachoeira Escura;20,000;Casca;3.745;22/12/2025;2027-02-22 00:00:00;Brilhar Participações Ltda - 32116346000146; -; -;;;;56;Doce;2026-06-30 09:43:52.357000000;26;MG;Minas Gerais;11;DRI-PCH
2026-07-01;027822;PCH.PH.MG.027822-0;Jurumirim (Antiga Jurumirim Baixo);-20,15;-42,64;13;26;48500.005095/2021-86;Jurumirim (Antiga Jurumirim Baixo);15,000;Casca;689;27/03/2023;2031-03-27 00:00:00;Ágape Holding de Participações e Investimentos Ltda. - 10339327000146; -; -;;;;56;Doce;2026-06-30 09:43:52.357000000;26;MG;Minas Gerais;13;DRS-PCH
2026-07-01;028181;PCH.PH.SP.028181-6;Nova Caconde (antiga Carrapatos);-21,57;-46,71;13;50;48500.006129/2020-79;Carrapatos;22,800;Pardo;965;13/04/2022;2030-04-13 00:00:00;MG5 Energética Ltda - 38926034000184; -; -;;;;61;Grande;2026-06-30 09:43:52.357000000;50;SP;São Paulo;13;DRS-PCH
2026-07-01;028194;PCH.PH.RO.028194-8;Cachoeira Formosa;-9,99;-63,76;13;44;48500.001260/2024-73;Cachoeira Formosa;9,500;Rio Candeias;846;01/04/2026;2034-04-01 00:00:00;Norte Participações e Investimentos S.A - 03247725000177; -; -;;;;15;Madeira;2026-06-30 09:43:52.357000000;44;RO;Rondônia;13;DRS-PCH
2026-07-01;028386;PCH.PH.MG.028386-0;Ibituruna;-21,12;-44,77;11;26;48500.038372/2025-61;Ibituruna;27,600;Das Mortes;184;30/01/2026;2027-03-30 00:00:00;Nascente Renováveis Ltda - 63636316000194; -; -;;;;61;Grande;2026-06-30 09:43:52.357000000;26;MG;Minas Gerais;11;DRI-PCH
2026-07-01;028387;PCH.PH.MG.028387-8;Pirapetinga;-21,11;-44,79;11;26;48500.038367/2025-58;Pirapetinga;27,000;Das Mortes;182;30/01/2026;2027-03-30 00:00:00;Nascente Renováveis Ltda - 63636316000194; -; -;;;;61;Grande;2026-06-30 09:43:52.357000000;26;MG;Minas Gerais;11;DRI-PCH
2026-07-01;028394;PCH.PH.RJ.028394-0;Santa Rosa I;-22,07;-43,51;13;41;48500.000594/1998-05;Santa Rosa I;17,302;Preto;1.140;15/05/2023;2031-05-15 00:00:00;Santa Rosa Energética S.A - 08262532000109; -; -;;;;58;Paraiba do Sul;2026-06-30 09:43:52.357000000;41;RJ;Rio de Janeiro;13;DRS-PCH
2026-07-01;028427;PCH.PH.MG.028427-0;Mato Limpo;,00;,00;15;26;48500.001053/2000-15;Mato Limpo;8,000;Santana;224;31/05/2000;; -; -; -;;;;58;Paraiba do Sul;2026-06-30 09:43:52.357000000;26;MG;Minas Gerais;15;Eixo Disponível
2026-07-01;028566;UHE.PH.PA.028566-8;Santa Isabel;-6,13;-48,33;15;35;48500.001206/2014-56;Santa Isabel;1080,000;Araguaia;1.099;17/04/2019;; -; -; -;;;;28;Baixo Araguaia;2026-06-30 09:43:52.357000000;35;PA/TO;Pará / Tocantins;15;Eixo Disponível
2026-07-01;028616;PCH.PH.MG.028616-8;Sumidouro;-19,12;-43,40;13;26;48500.001621/2000-98;Sumidouro;14,880;Santo Antônio;1.633;14/06/2017;2026-12-31 00:00:00;Peixe Energia S.A - 08157479000186; -; -;;;;56;Doce;2026-06-30 09:43:52.357000000;26;MG;Minas Gerais;13;DRS-PCH
2026-07-01;028617;PCH.PH.PR.028617-6;Rancho Grande;-26,32;-52,17;13;39;48500.000997/2017-40;Rancho Grande;20,500;Chopim;647;11/03/2019;2027-03-11 00:00:00;Rancho Grande Energia SPE Ltda. - 36944545000101; -; -;;;;65;Parana, Iguacu;2026-06-30 09:43:52.357000000;39;PR;Paraná;13;DRS-PCH
2026-07-01;028624;PCH.PH.PR.028624-9;Foz do Curucaca;-26,25;-52,39;13;39;48500.900843/2017-58;Foz do Curucaca;30,000;Chopim;61;13/01/2020;2028-01-13 00:00:00;Trix Engenharia Civil Ltda - 77620631000138; -; -;;;;65;Parana, Iguacu;2026-06-30 09:43:52.357000000;39;PR;Paraná;13;DRS-PCH
2026-07-01;028629;PCH.PH.MG.028629-0;Monjolo;-19,17;-43,14;13;26;48500.001620/2000-25;Monjolo;13,580;Do Peixe;1.685;26/06/2017;2026-12-31 00:00:00;Peixe Energia S.A - 08157479000186; -; -;;;;56;Doce;2026-06-30 09:43:52.357000000;26;MG;Minas Gerais;13;DRS-PCH
2026-07-01;028639;PCH.PH.BA.028639-7;Catumbi;-14,65;-44,98;13;10;48500.005175/2008-64;Catumbi;14,160;Carinhanha;1.962;27/07/2017;2026-12-31 00:00:00;Catumbi Energia Hidrelétrica Ltda. - 16758314000198; -; -;;;;45;Corrente e outros - Sao Francisco;2026-06-30 09:43:52.357000000;10;BA;Bahia;13;DRS-PCH
2026-07-01;028784;PCH.PH.GO.028784-9;Mangabeira (Antiga Do Sal);-15,21;-48,02;15;18;48500.004603/2002-84;Mangabeira (Antiga Do Sal);14,000;Maranhão;7.502;19/12/2018;; -; -; -;;;;20;Alto Tocantins e rio Preto;2026-06-30 09:43:52.357000000;18;GO;Goiás;15;Eixo Disponível
2026-07-01;028790;PCH.PH.MG.028790-3;Quinquim;-19,24;-43,18;15;26;48500.005663/2000-80;Quinquim;15,400;Santo Antônio;480;20/07/2001;; -; -; -;;;;56;Doce;2026-06-30 09:43:52.357000000;26;MG;Minas Gerais;15;Eixo Disponível
2026-07-01;028792;PCH.PH.MG.028792-0;Brejaúba;-19,20;-43,12;13;26;48500.003705/2001-38;Brejaúba;15,926;do Peixe;1.632;14/06/2017;2026-12-31 00:00:00;Peixe Energia S.A - 08157479000186; -; -;;;;56;Doce;2026-06-30 09:43:52.357000000;26;MG;Minas Gerais;13;DRS-PCH
2026-07-01;028795;PCH.PH.MG.028795-4;Santa Cruz;-18,38;-42,30;11;26;48500.003885/1999-85;Santa Cruz;14,000;Suaçuí Grande;1.781;16/06/2025;2026-08-16 00:00:00;Azeana Serviços Corporativos Ltda - 31680319000139; -; -;;;;56;Doce;2026-06-30 09:43:52.357000000;26;MG;Minas Gerais;11;DRI-PCH
2026-07-01;028797;PCH.PH.BA.028797-0;Jatobá;-12,49;-45,09;15;10;48500.007933/2000-23;Jatobá;11,000;Grande;978;05/12/2001;; -; -; -;;;;46;Grande e outros - Sao Francisco;2026-06-30 09:43:52.357000000;10;BA;Bahia;15;Eixo Disponível
2026-07-01;028809;PCH.PH.PR.028809-8;Burro Branco;-25,80;-51,25;13;39;48500.000981/2017-37;Burro Branco;10,000;Areia;1.043;23/05/2018;2026-12-31 00:00:00;Burro Branco Energia SPE Ltda. - 34321203000100; -; -;;;;65;Parana, Iguacu;2026-06-30 09:43:52.357000000;39;PR;Paraná;13;DRS-PCH
2026-07-01;028824;PCH.PH.PR.028824-1;Foz do Turvo;-25,83;-51,31;13;39;48500.000992/2017-17;Foz do Turvo;8,500;da Areia;1.571;16/07/2018;2026-12-31 00:00:00;Foz do Turvo Energia SPE Ltda. - 34465990000155; -; -;;;;65;Parana, Iguacu;2026-06-30 09:43:52.357000000;39;PR;Paraná;13;DRS-PCH
2026-07-01;028827;PCH.PH.MA.028827-6;Cachoeira da Usina;-7,02;-47,04;15;22;48500.004264/2000-29;Cachoeira da Usina;6,000;Farinha;561;20/12/2000;; -; -; -;;;;23;Tocantins, entre os rios do Sono e Araguaia;2026-06-30 09:43:52.357000000;22;MA;Maranhão;15;Eixo Disponível
2026-07-01;028828;PCH.PH.MA.028828-4;Cachoeira da Ilha;-6,99;-47,16;15;22;48500.004264/2000-29;Cachoeira da Ilha;5,700;Farinha;561;20/12/2000;; -; -; -;;;;23;Tocantins, entre os rios do Sono e Araguaia;2026-06-30 09:43:52.357000000;22;MA;Maranhão;15;Eixo Disponível
2026-07-01;028833;PCH.PH.MT.028833-0;Rio Maria (Antiga Paranatinga I);-14,00;-53,33;15;32;48500.002126/2001-03;Rio Maria (Antiga Paranatinga I);22,000;Culuene;948;25/11/2004;; -; -; -;;;;18;Xingu e Paru;2026-06-30 09:43:52.357000000;32;MT;Mato Grosso;15;Eixo Disponível
2026-07-01;028841;PCH.PH.RJ.028841-1;Posse;-22,29;-43,11;13;41;48500.002919/2018-61;Posse;15,800;Piabanha;1.083;27/04/2020;2028-04-27 00:00:00;Maxxima Energia Ltda. - 08321315000142; -; -;;;;58;Paraiba do Sul;2026-06-30 09:43:52.357000000;41;RJ;Rio de Janeiro;13;DRS-PCH
2026-07-01;028851;PCH.PH.RS.028851-9;Quebrada Funda;-28,80;-50,43;13;46;48500.002361/2023-81;Quebrada Funda;13,000;Taquari Antas;2.765;13/09/2024;2032-09-13 00:00:00;Alicerce Administradora de Bens Ltda - 40384792000160; -; -;;;;86;Taquari;2026-06-30 09:43:52.357000000;46;RS;Rio Grande do Sul;13;DRS-PCH
2026-07-01;028970;PCH.PH.MG.028970-1;Cachoeira Grande;-18,40;-42,15;13;26;48500.006065/2022-78;Cachoeira Grande;14,000;Rio Suaçuí Grande;242;29/01/2024;2032-01-29 00:00:00;CGC Energética Ltda - 43076909000136; -; -;;;;56;Doce;2026-06-30 09:43:52.357000000;26;MG;Minas Gerais;13;DRS-PCH
2026-07-01;028976;PCH.PH.PR.028976-0;Pinhalzinho;-25,88;-51,35;13;39;48500.001022/2017-39;Pinhalzinho;10,000;Areia;1.042;24/05/2018;2026-12-31 00:00:00;Pinhalzinho Energia SPE Ltda. - 34376528000181; -; -;;;;65;Parana, Iguacu;2026-06-30 09:43:52.357000000;39;PR;Paraná;13;DRS-PCH
2026-07-01;029007;PCH.PH.RJ.029007-6;Monte Alegre;-22,23;-43,12;13;41;48500.002920/2018-95;Monte Alegre;19,000;Piabanha;2.039;15/07/2020;2028-07-15 00:00:00;Maxxima Energia Ltda. - 08321315000142; -; -;;;;58;Paraiba do Sul;2026-06-30 09:43:52.357000000;41;RJ;Rio de Janeiro;13;DRS-PCH
2026-07-01;029012;PCH.PH.RJ.029012-2;São Sebastião;-22,20;-43,16;13;41;48500.002913/2018-93;São Sebastião;17,100;Piabanha;1.890;01/07/2020;2028-07-01 00:00:00;Maxxima Energia Ltda. - 08321315000142; -; -;;;;58;Paraiba do Sul;2026-06-30 09:43:52.357000000;41;RJ;Rio de Janeiro;13;DRS-PCH
2026-07-01;029043;PCH.PH.MT.029043-2;Água Branca;-16,10;-54,98;15;32;48500.007316/2000-37;Água Branca;8,200;Prata;22;30/01/2003;; -; -; -;;;;66;Alto Paraguai;2026-06-30 09:43:52.357000000;32;MT;Mato Grosso;15;Eixo Disponível
2026-07-01;029073;PCH.PH.PR.029073-4;Alto Chopim;-26,31;-52,09;13;39;48500.000899/2017-11;Alto Chopim;21,000;Chopim;2.095;19/09/2018;2026-12-31 00:00:00;Alto Chopim Energia SPE Ltda. - 36827458000166; -; -;;;;65;Parana, Iguacu;2026-06-30 09:43:52.357000000;39;PR;Paraná;13;DRS-PCH
2026-07-01;029177;PCH.PH.RS.029177-3;Primavera do Rio Turvo;-28,77;-51,43;13;46;48500.901551/2024-61;Primavera do Rio Turvo;30,000;Rio Turvo;1.524;26/05/2025;2033-05-26 00:00:00;Vilson Marcos Testa, inscrito no CPF nº ***.***.930-91 -; -; -;;;;86;Taquari;2026-06-30 09:43:52.357000000;46;RS;Rio Grande do Sul;13;DRS-PCH
2026-07-01;029267;PCH.PH.MG.029267-2;Covanca;-20,35;-43,17;11;26;48500.000260/2026-18;Covanca;11,300;Rio do Carmo;299;11/02/2026;2027-04-11 00:00:00;Nascente Renováveis Ltda - 63636316000194; -; -;;;;56;Doce;2026-06-30 09:43:52.357000000;26;MG;Minas Gerais;11;DRI-PCH
2026-07-01;029269;PCH.PH.SP.029269-9;Piraju II;-23,15;-49,41;13;50;48500.002154/2010-10;Piraju II;28,500;Paranapanema;3386;06/10/2017;2026-12-31 00:00:00;Energias Complementares do Brasil Geração de Energia Elétrica S.A. - 09663142000103; -; -;;;;64;Parana, Paranapanema, Amambai e outros;2026-06-30 09:43:52.357000000;50;SP;São Paulo;13;DRS-PCH
2026-07-01;029321;PCH.PH.SC.029321-0;Pinheiro;-27,77;-50,53;13;48;48500.001087/2013-51;Pinheiro;8,600;Caveiras;2.107;05/08/2016;2026-12-31 00:00:00;Estelar Engenheiros Associados Ltda. - 08995267000178;Pinheiro Energética S.A. - 20350280000175; -;;;;71;Canoas;2026-06-30 09:43:52.357000000;48;SC;Santa Catarina;13;DRS-PCH
2026-07-01;029333;PCH.PH.MG.029333-4;Costa;-15,37;-46,19;15;26;48500.001334/2000-04;Costa;18,900;Rio Piratinga;720;14/11/2002;; -; -; -;;;;43;Urucuia - Sao Francisco;2026-06-30 09:43:52.357000000;26;MG;Minas Gerais;15;Eixo Disponível
2026-07-01;029615;PCH.PH.SP.029615-5;Parque Lavras (Antiga - Jurumirim);-23,22;-47,29;13;50;48500.000271/2023-55;Parque Lavras (Antiga - Jurumirim);12,042;Tietê;4.494;21/11/2023;2031-11-21 00:00:00;Parque Lavras Serviços de Operação SPE Ltda - 40898369000188; -; -;;;;62;Parana, Tiete e outros;2026-06-30 09:43:52.357000000;50;SP;São Paulo;13;DRS-PCH
2026-07-01;029692;PCH.PH.PR.029692-9;Água Limpa;-24,12;-53,33;13;39;48500.004207/2019-67;Água Limpa;23,400;Goio-Erê;799;26/03/2021;2029-03-26 00:00:00;Ravena Pesquisa Energética Ltda - 27552105000100; -; -;;;;64;Parana, Paranapanema, Amambai e outros;2026-06-30 09:43:52.357000000;39;PR;Paraná;13;DRS-PCH
2026-07-01;030087;PCH.PH.PE.030087-0;Ilha das Flores;,00;,00;15;37;48500.002139/2003-17;Ilha das Flores;6,700;Sirinhaém;227;23/03/2004;; -; -; -;;;;39;Litoraneas de Pernambuco e Alagoas;2026-06-30 09:43:52.357000000;37;PE;Pernambuco;15;Eixo Disponível
2026-07-01;030406;PCH.PH.SP.030406-9;Cachoeira Poço Preto II;-24,05;-49,46;13;50;48500.009301/2022-16;Cachoeira Poço Preto II;8,091;Rio Itararé;242;29/01/2024;2032-01-29 00:00:00;Maringá Ferro-Liga S.A - 61082988000170; -; -;;;;64;Parana, Paranapanema, Amambai e outros;2026-06-30 09:43:52.357000000;50;SP;São Paulo;13;DRS-PCH
2026-07-01;030432;PCH.PH.SC.030432-8;Portão;-27,63;-50,78;13;48;48500.002494/2018-90;Portão;16,000;Caveiras;254;04/02/2020;2028-02-04 00:00:00;Portão Energia SPE Ltda - 65800531000104; -; -;;;;72;Uruguai, Inhanduva, Peixe e outros;2026-06-30 09:43:52.357000000;48;SC;Santa Catarina;13;DRS-PCH
2026-07-01;030444;PCH.PH.MG.030444-1;Cachoeira da Fumaça;-18,74;-42,30;13;26;48500.003700/2015-36;Cachoeira da Fumaça;6,302;Tronqueiras;2.195;22/11/2018;2026-12-31 00:00:00;Brix Empreendimentos Imobiliários Ltda. - 12254395000138; -; -;;;;56;Doce;2026-06-30 09:43:52.357000000;26;MG;Minas Gerais;13;DRS-PCH
2026-07-01;030493;PCH.PH.MG.030493-0;Boa Vista;-18,66;-42,25;13;26;48500.003699/2015-40;Boa Vista;7,500;Suaçuí Pequeno;773;23/03/2017;2026-12-31 00:00:00;Brix Empreendimentos Imobiliários Ltda. - 12254395000138; -; -;;;;56;Doce;2026-06-30 09:43:52.357000000;26;MG;Minas Gerais;13;DRS-PCH
2026-07-01;030496;PCH.PH.MG.030496-4;Retiro 1;-18,65;-42,32;13;26;48500.003698/2015-03;Retiro 1;17,001;Suaçuí Pequeno;772;23/03/2017;2026-12-31 00:00:00;Brix Empreendimentos Imobiliários Ltda. - 12254395000138; -; -;1.218;;;56;Doce;2026-06-30 09:43:52.357000000;26;MG;Minas Gerais;13;DRS-PCH
2026-07-01;030616;PCH.PH.MG.030616-9;Quartel I;-18,67;-43,89;13;26;48500.904336/2017-93;Quartel I;27,019;Paraúna;323;11/02/2019;2027-02-11 00:00:00;SPE Quartel I Geradora de Energia Elétrica S.A - 32726708000110; -; -;;;;41;Das Velhas - Sao Francisco;2026-06-30 09:43:52.357000000;26;MG;Minas Gerais;13;DRS-PCH
2026-07-01;030617;PCH.PH.MG.030617-7;Quartel II;-18,64;-43,91;13;26;48500.904339/2017-27;Quartel II;27,019;Paraúna;321;11/02/2019;2027-02-11 00:00:00;SPE Quartel II Geradora de Energia Elétrica S.A - 32726737000182; -; -;;;;41;Das Velhas - Sao Francisco;2026-06-30 09:43:52.357000000;26;MG;Minas Gerais;13;DRS-PCH
2026-07-01;030618;PCH.PH.MG.030618-5;Quartel III;-18,63;-43,94;13;26;48500.904340/2017-51;Quartel III;27,019;Paraúna;322;11/02/2019;2027-02-11 00:00:00;SPE Quartel III Geradora de Energia Elétrica S.A. - 32726795000106; -; -;;;;41;Das Velhas - Sao Francisco;2026-06-30 09:43:52.357000000;26;MG;Minas Gerais;13;DRS-PCH
2026-07-01;030626;UHE.PH.MG.030626-6;Jurumirim;-20,52;-43,02;14;26;48500.003269/2023-38;Jurumirim;34,000;Piranga;1.633;17/06/2026;2034-06-17 00:00:00;Getop Empreendimentos e Gestão Ltda - 22048264000158;Paulo Victor Azevedo Viana - CPF 113.***.***-37 -; -;;;;56;Doce;2026-06-30 09:43:52.357000000;26;MG;Minas Gerais;14;DRS-UHE
2026-07-01;030962;PCH.PH.MG.030962-1;Paredão de Minas;,00;,00;15;26;48500.001285/2004-16;Paredão de Minas;6,200;do Sono;1764;07/08/2006;; -; -; -;;;;42;Paracatu e outros - Sao Francisco;2026-06-30 09:43:52.357000000;26;MG;Minas Gerais;15;Eixo Disponível
2026-07-01;030981;PCH.PH.SC.030981-8;Coxilha Rica;-28,22;-50,53;13;48;48500.003936/2020-30;Coxilha Rica;18,000;Pelotinhas;3.650;17/11/2021;2029-11-17 00:00:00;Múltipla Participações Ltda - 11649715000196;Back Participações e Investimentos Ltda - 16385378000190;Alfa – Gestão de Negócios Ltda e PCH Coxilha Rica Ltda. - 07.592.063/0001-23 e 39.307.501/0001-50;;;;70;Pelotas;2026-06-30 09:43:52.357000000;48;SC;Santa Catarina;13;DRS-PCH
2026-07-01;031064;PCH.PH.SC.031064-6;Painel;-28,12;-50,09;13;48;48500.006884/2019-10;Painel;11,000;Lava Tudo;198;26/01/2022;2030-01-26 00:00:00;Painel Geração de Energia Ltda - 51336420000184; -; -;;;;70;Pelotas;2026-06-30 09:43:52.357000000;48;SC;Santa Catarina;13;DRS-PCH
2026-07-01;031124;PCH.PH.ES.031124-3;Timbuí Seco;-20,07;-40,61;13;15;48500.002391/2003-18;Timbuí Seco;10,000;Santa Maria;2.393;20/08/2020;2028-08-20 00:00:00;Pequena Central Hidrelétrica TS S.A - 13406090000167; -; -;;;;57;Litoraneas do Espirito Santo;2026-06-30 09:43:52.357000000;15;ES;Espírito Santo;13;DRS-PCH
2026-07-01;032006;UHE.PH.PR.032006-4;Apertados;-24,21;-53,33;3;39;48500.001821/2010-39;Apertados;139,000;Piquiri;1.138;10/04/2012;;Copel Geração e Transmissão S.A. - 04370282000170; -; -;;;;64;Parana, Paranapanema, Amambai e outros;2026-06-30 09:43:52.357000000;39;PR;Paraná;3;Aceito
2026-07-01;032007;UHE.PH.PR.032007-2;Ercilândia;-24,21;-53,67;3;39;48500.002946/2001-79;Ercilândia;96,600;Piquiri;1.137;10/04/2012;;COPEL Geração e Transmissão S.A - 04370282000170; -; -;;;;64;Parana, Paranapanema, Amambai e outros;2026-06-30 09:43:52.357000000;39;PR;Paraná;3;Aceito
2026-07-01;032186;PCH.PH.TO.032186-9;Perdida 1;-9,27;-47,36;13;51;48500.005281/2014-96;Perdida 1;23,000;Perdida;3.830;27/01/2015;2026-12-31 00:00:00;Minas PCH S.A - 07895905000116; -; -;;;;22;Tocantins, entre os rios Parana e do Sono;2026-06-30 09:43:52.357000000;51;TO;Tocantins;13;DRS-PCH
2026-07-01;032187;PCH.PH.SC.032187-7;Capão Alto;-28,02;-50,78;15;48;48500.002378/2010-13;Capão Alto;10,000;Vacas Gordas;465;25/02/2013;; -; -; -;;;;70;Pelotas;2026-06-30 09:43:52.357000000;48;SC;Santa Catarina;15;Eixo Disponível
2026-07-01;032515;PCH.PH.RS.032515-5;Foz do Jacutinga;-29,03;-52,22;13;46;48500.000612/2009-34;Foz do Jacutinga;5,500;Forqueta;165;26/01/2016;2026-12-31 00:00:00;Certel Foz do Jacutinga Geração de Energia S.A. - 13564177000162; -; -;;;;86;Taquari;2026-06-30 09:43:52.357000000;46;RS;Rio Grande do Sul;13;DRS-PCH
2026-07-01;032557;PCH.PH.RS.032557-0;Floresta;-29,27;-53,15;11;46;48500.038365/2025-69;Floresta;19,500;Jacuizinho;49;13/01/2026;2027-03-13 00:00:00;Nascente Renováveis Ltda - 63636316000194; -; -;;;;85;Alto Jacui;2026-06-30 09:43:52.357000000;46;RS;Rio Grande do Sul;11;DRI-PCH
2026-07-01;032559;PCH.PH.MG.032559-7;Paineiras;-18,52;-48,10;13;26;48500.000033/2014-59;Paineiras;7,100;Ribeirão Jordão;2.186;18/08/2016;2026-12-31 00:00:00;Autazes Empreendimentos e Participações Ltda. - 21598356000149; -; -;;;;60;Paranaiba;2026-06-30 09:43:52.357000000;26;MG;Minas Gerais;13;DRS-PCH
2026-07-01;032563;PCH.PH.RS.032563-5;Taquaral;-29,32;-53,16;11;46;48500.038364/2025-14;Taquaral;9,500;Jacuizinho;48;13/01/2026;2027-03-13 00:00:00;Nascente Renováveis Ltda. - 63636316000194; -; -;;;;85;Alto Jacui;2026-06-30 09:43:52.357000000;46;RS;Rio Grande do Sul;11;DRI-PCH
2026-07-01;032575;PCH.PH.RS.032575-9;Barra dos Caixões;-29,20;-53,07;15;46;48500.003073/2007-23;Barra dos Caixões;9,900;Jacuizinho;285;09/02/2015;;Luiz Antônio Leão Engenharia - 08737024000130; -; -;;;;85;Alto Jacui;2026-06-30 09:43:52.357000000;46;RS;Rio Grande do Sul;15;Eixo Disponível
2026-07-01;032576;PCH.PH.RS.032576-7;Lagoão;-29,21;-53,09;15;46;48500.003073/2007-23;Lagoão;6,000;Jacuizinho;285;09/02/2015;;Luiz Antônio Leão Engenharia - 08737024000130; -; -;;;;85;Alto Jacui;2026-06-30 09:43:52.357000000;46;RS;Rio Grande do Sul;15;Eixo Disponível
2026-07-01;032577;PCH.PH.PR.032577-5;Foz dos Bandeirantes;-22,89;-52,08;13;39;48500.001694/2020-40;Foz dos Bandeirantes;7,600;Pirapó;2.427;16/08/2021;2029-08-16 00:00:00;Baer Participações Ltda - 35607053000150; -; -;;;;64;Parana, Paranapanema, Amambai e outros;2026-06-30 09:43:52.357000000;39;PR;Paraná;13;DRS-PCH
2026-07-01;032586;PCH.PH.MG.032586-4;Sacramento;-19,76;-47,36;13;26;48500.006278/2013-17;Sacramento;18,400;Araguari;3.088;06/12/2016;2026-12-31 00:00:00;Autazes Empreendimentos e Participações Ltda. - 21598356000149; -; -;;;;60;Paranaiba;2026-06-30 09:43:52.357000000;26;MG;Minas Gerais;13;DRS-PCH
2026-07-01;032597;PCH.PH.SC.032597-0;Mantiqueira;-28,36;-49,75;13;48;48500.001200/2015-60;Mantiqueira;7,000;Pelotas;2.307;11/08/2017;2026-12-31 00:00:00;Enebras Projetos de Usinas Hidrelétricas Ltda. - 06329975000144; -; -;;;;70;Pelotas;2026-06-30 09:43:52.357000000;48;SC;Santa Catarina;13;DRS-PCH
2026-07-01;032665;PCH.PH.BA.032665-8;Roda Velha;-12,46;-45,19;13;10;48500.002467/2015-74;Roda Velha;11,500;das Fêmeas;668;14/03/2017;2026-12-31 00:00:00;E&C Administração e Serviços - 01471359000100; -; -;;;;46;Grande e outros - Sao Francisco;2026-06-30 09:43:52.357000000;10;BA;Bahia;13;DRS-PCH
2026-07-01;032679;PCH.PH.PR.032679-8;Da Barra;-23,72;-52,13;13;39;48500.002261/2021-92;Da Barra;5,701;Mourão;817;27/03/2023;2031-03-27 00:00:00;LBR Engenharia e Consultoria Ltda - 01573246000115; -; -;;;;64;Parana, Paranapanema, Amambai e outros;2026-06-30 09:43:52.357000000;39;PR;Paraná;13;DRS-PCH
2026-07-01;032689;PCH.PH.PR.032689-5;Tapera Jusante;-25,51;-52,26;13;39;48500.001965/2015-08;Tapera Jusante;6,500;Tapera;3.268;15/12/2016;2026-12-31 00:00:00;NN Participações e Administração Ltda. - 18760043000130; -; -;;;;65;Parana, Iguacu;2026-06-30 09:43:52.357000000;39;PR;Paraná;13;DRS-PCH
2026-07-01;032693;PCH.PH.MT.032693-3;Nossa Senhora das Graças I;-13,18;-53,47;13;32;48500.004177/2021-11;Nossa Senhora das Graças I;7,500;Curisevo;2.074;15/07/2025;2032-07-15 00:00:00;PCH Nossa Senhora das Graças I Energética SPE Ltda - 48928462000108; -; -;;;;18;Xingu e Paru;2026-06-30 09:43:52.357000000;32;MT;Mato Grosso;13;DRS-PCH
2026-07-01;032721;PCH.PH.MT.032721-2;Gaúcha do Norte;-13,22;-53,50;15;32;48500.004515/2010-54;Gaúcha do Norte;11,100;Curisevo;923;06/04/2015;; -; -; -;;;;18;Xingu e Paru;2026-06-30 09:43:52.357000000;32;MT;Mato Grosso;15;Eixo Disponível
2026-07-01;032722;PCH.PH.MT.032722-0;Santa Cruz;-13,33;-53,58;13;32;48500.002546/2015-85;Santa Cruz;11,200;Curisevo;32;08/02/2017;2026-12-31 00:00:00;Energebrasil Hidrelétrica Ltda. - 10273800000130; -; -;;;;18;Xingu e Paru;2026-06-30 09:43:52.357000000;32;MT;Mato Grosso;13;DRS-PCH
2026-07-01;032723;PCH.PH.MT.032723-9;Barreiro;-14,01;-53,84;15;32;48500.004515/2010-54;Barreiro;6,100;Curisevo;2.888;04/10/2010;; -; -; -;;;;18;Xingu e Paru;2026-06-30 09:43:52.357000000;32;MT;Mato Grosso;15;Eixo Disponível
2026-07-01;032724;PCH.PH.MS.032724-7;Barra do Jaguari;-22,90;-54,90;13;30;48500.001176/2015-69;Barra do Jaguari;17,369;Amambaí;2.765;13/09/2024;2032-09-13 00:00:00;Ecoger - Ecologino Geração de Energia em Matriz Renovável Ltda. - 21269866000172; -; -;;;;64;Parana, Paranapanema, Amambai e outros;2026-06-30 09:43:52.357000000;30;MS;Mato Grosso do Sul;13;DRS-PCH
2026-07-01;032727;PCH.PH.MG.032727-1;Perdizes;-19,65;-47,46;13;26;48500.006279/2013-53;Perdizes;13,250;Araguari;2.750;08/10/2016;2026-12-31 00:00:00;Autazes Empreendimentos e Participações Ltda. - 21598356000149; -; -;;;;60;Paranaiba;2026-06-30 09:43:52.357000000;26;MG;Minas Gerais;13;DRS-PCH
2026-07-01;032733;PCH.PH.SC.032733-6;Riqueza;-26,95;-53,40;13;48;48500.001032/2015-11;Riqueza;8,500;das Antas;2.166;17/08/2016;2026-12-31 00:00:00;Riqueza Energética SPE Ltda. - 28679732000179; -; -;;;;74;Uruguai, Varzea, Turvo e outros;2026-06-30 09:43:52.357000000;48;SC;Santa Catarina;13;DRS-PCH
2026-07-01;032858;PCH.PH.GO.032858-8;Perdizes;-16,35;-52,45;13;18;48500.002077/2015-02;Perdizes;9,000;Perdizes;1.737;29/06/2017;2026-12-31 00:00:00;Hidrelétrica Vale do Perdizes Ltda. - 09663363000181; -; -;;;;24;Alto Araguaia e rio Claro;2026-06-30 09:43:52.357000000;18;GO;Goiás;13;DRS-PCH
2026-07-01;032906;PCH.PH.SC.032906-1;Kaingang;-26,76;-52,49;13;48;48500.001519/2009-47;Kaingang;9,000;Chapecozinho;3.317;29/09/2015;2026-12-31 00:00:00;Enerbios Consultoria em Energias Renováveis e Meio Ambiente Ltda. - 08929115000177; -; -;;;;73;Uruguai, Chapeco,Passo Fundo e outros;2026-06-30 09:43:52.357000000;48;SC;Santa Catarina;13;DRS-PCH
2026-07-01;032921;PCH.PH.MT.032921-5;Itiquira III;-17,09;-54,91;13;32;48500.005530/2011-09;Itiquira III;23,000;Itiquira;4.098;23/12/2015;2026-12-31 00:00:00;PCH Itiquira III Energia SPE S.A - 26628998000167; -; -;;;;66;Alto Paraguai;2026-06-30 09:43:52.357000000;32;MT;Mato Grosso;13;DRS-PCH
2026-07-01;032924;UHE.PH.PR.032924-0;Telêmaco Borba;-24,35;-50,59;3;39;48500.000951/2002-19;Telêmaco Borba;109,000;Tibagi;Ofício nº 339/SPH;04/04/2003;;Promon Engenharia Ltda. - 61095923000169; -; -;2.396;2027-08-28 00:00:00;2024-08-28 00:00:00;66;Alto Paraguai;2026-06-30 09:43:52.357000000;39;PR;Paraná;3;Aceito
2026-07-01;032961;PCH.PH.MG.032961-4;São Domingos;-17,76;-45,71;15;26;48500.001285/2004-16;São Domingos;10,000;Rio Santo Antônio;1.764;07/08/2006;; -; -; -;;;;42;Paracatu e outros - Sao Francisco;2026-06-30 09:43:52.357000000;26;MG;Minas Gerais;15;Eixo Disponível
2026-07-01;032968;PCH.PH.MS.032968-1;Cachoeirinha;-19,48;-52,47;13;30;48500.000564/2014-41;Cachoeirinha;23,000;Indaiá Grande;2.850;12/09/2017;2026-12-31 00:00:00;Minas PCH S.A - 07895905000116;Autazes Empreendimentos e Participações Ltda - 21598356000149; -;;;;63;Parana, Verde , Peixe, e outros;2026-06-30 09:43:52.357000000;30;MS;Mato Grosso do Sul;13;DRS-PCH
2026-07-01;032970;PCH.PH.SC.032970-3;Foz do Chapecozinho;-26,75;-52,63;13;48;48500.007838/2008-85;Foz do Chapecozinho;28,500;Chapecó;3.316;01/10/2015;2026-12-31 00:00:00;Enerbios Consultoria em Energias Renováveis e Meio Ambiente Ltda. - 08929115000177; -; -;;;;73;Uruguai, Chapeco,Passo Fundo e outros;2026-06-30 09:43:52.357000000;48;SC;Santa Catarina;13;DRS-PCH
2026-07-01;032995;PCH.PH.MG.032995-9;Morrinhos;-17,59;-45,76;15;26;48500.001285/2004-16;Morrinhos;8,500;Rio do Sono;1.764;07/08/2006;; -; -; -;;;;42;Paracatu e outros - Sao Francisco;2026-06-30 09:43:52.357000000;26;MG;Minas Gerais;15;Eixo Disponível
2026-07-01;033028;PCH.PH.RS.033028-0;Vale Fundo;-29,13;-52,19;13;46;48500.008707/2008-15;Vale Fundo;5,600;Forqueta;114;21/01/2016;2026-12-31 00:00:00;Certel Vale Fundo Geração de Energia S.A. - 13694696000145; -; -;;;;86;Taquari;2026-06-30 09:43:52.357000000;46;RS;Rio Grande do Sul;13;DRS-PCH
2026-07-01;033113;PCH.PH.PR.033113-9;Açungui 2C;-25,06;-49,57;13;39;48500.006595/2014-14;Açungui 2C;13,100;Açungui;3.180;13/12/2016;2026-12-31 00:00:00;Translead Empreendimentos e Incorporações Ltda. - 81172264000124; -; -;;;;81;Ribeira do Iguape;2026-06-30 09:43:52.357000000;39;PR;Paraná;13;DRS-PCH
2026-07-01;033153;PCH.PH.RS.033153-8;Coronel Barros;-28,41;-54,04;13;46;48500.006875/2013-33;Coronel Barros;8,500;Conceição;3.095;02/12/2016;2026-12-31 00:00:00;Cooperativa de Geração de Energia e Desenvolvimento Social Ltda. - 08290060000106; -; -;;;;75;Uruguai, Ijui, piratinim e outros;2026-06-30 09:43:52.357000000;46;RS;Rio Grande do Sul;13;DRS-PCH
2026-07-01;033220;PCH.PH.TO.033220-8;3 Alta;-11,36;-46,92;13;51;48500.001312/2015-11;3 Alta;7,670;do Peixinho;423;16/02/2017;2026-12-31 00:00:00;Soares Barros Engenharia - Eirel - 05048471000193; -; -;;;;22;Tocantins, entre os rios Parana e do Sono;2026-06-30 09:43:52.357000000;51;TO;Tocantins;13;DRS-PCH
2026-07-01;033415;PCH.PH.MT.033415-4;Estivadinho 3;-14,84;-58,62;15;32;48500.002766/2014-28;Estivadinho 3;9,900;Jauru;1.449;13/05/2015;; -; -; -;;;;66;Alto Paraguai;2026-06-30 09:43:52.357000000;32;MT;Mato Grosso;15;Eixo Disponível
2026-07-01;033612;UHE.PH.RJ.033612-2;Paca Grande I;-22,87;-44,45;15;42;48500.003403/2011-67;Paca Grande I;45,500;Rio Paca Grande;1.728;28/05/2015;; -; -; -;;;;59;Litoraneas do Rio de Janeiro;2026-06-30 09:43:52.357000000;42;RJ/SP;Rio de Janeiro / São Paulo;15;Eixo Disponível
2026-07-01;033725;PCH.PH.GO.033725-0;Água Limpa I;-18,96;-51,33;13;18;48500.000351/2014-10;Água Limpa I;21,000;Corrente;3.276;19/12/2016;2026-12-31 00:00:00;J6 Energia Renovável S.A - 04407406000144; -; -;;;;60;Paranaiba;2026-06-30 09:43:52.357000000;18;GO;Goiás;13;DRS-PCH
2026-07-01;033758;UHE.PH.BA.033758-7;Jequié;-13,62;-39,18;14;10;48500.003692/2015-28;Jequié;40,000;das Almas ou Jequié;975;04/04/2019;2027-04-04 00:00:00;L&S PAR Ltda. e Flora Agro Negócio Ltda. - 04719885000134;Flora Agronegócio Ltda - 10616781000105; -;;;;51;Jequirica, Paraguacu e outros;2026-06-30 09:43:52.357000000;10;BA;Bahia;14;DRS-UHE
2026-07-01;033761;PCH.PH.BA.033761-7;Preto 2;-13,54;-39,67;13;10;48500.003726/2015-84;Preto 2;5,500;Preto;812;11/04/2017;2026-12-31 00:00:00;L&S PAR Ltda. - 04719885000134;Flora Agro Negócio Ltda. - 10616781000105; -;;;;51;Jequirica, Paraguacu e outros;2026-06-30 09:43:52.357000000;10;BA;Bahia;13;DRS-PCH
2026-07-01;033792;PCH.PH.GO.033792-7;Ranchinho I;-18,86;-51,52;13;18;48500.000352/2014-64;Ranchinho I;14,000;Corrente;1.949;27/07/2016;2026-12-31 00:00:00;FR Incorporadora Ltda. - 04222898000101; -; -;;;;60;Paranaiba;2026-06-30 09:43:52.357000000;18;GO;Goiás;13;DRS-PCH
2026-07-01;033801;PCH.PH.GO.033801-0;Foz do Corrente Baixo;-19,21;-50,93;13;18;48500.000353/2014-17;Foz do Corrente Baixo;19,003;Corrente;1.849;19/07/2016;2026-12-31 00:00:00;Minas PCH S.A - 07895905000116; -; -;;;;60;Paranaiba;2026-06-30 09:43:52.357000000;18;GO;Goiás;13;DRS-PCH
2026-07-01;033832;UHE.PH.SC.033832-0;Foz do Xaxim;-26,82;-52,71;14;48;48500.006194/2022-66;Foz do Xaxim;36,000;Chapecó;740;20/03/2023;2031-03-20 00:00:00;Xaxim Energética S.A. - 11069746000178; -; -;;;;73;Uruguai, Chapeco,Passo Fundo e outros;2026-06-30 09:43:52.357000000;48;SC;Santa Catarina;14;DRS-UHE
2026-07-01;033860;UHE.PH.GO.033860-5;Verde 11 Alto;-17,90;-50,40;14;18;48500.003172/2006-62;Verde 11 Alto;49,999;Verde ou Verdão;3.059;27/10/2020;2028-10-27 00:00:00;Alupar Investimento S.A. - 08364948000138;Galvão Energia Participações S.A. - 08937670000140;ELETRONORTE - Centrais Elétricas do Norte do Brasil S/A - 00.357.038/0001-16;;;;60;Paranaiba;2026-06-30 09:43:52.357000000;18;GO;Goiás;14;DRS-UHE
2026-07-01;033861;PCH.PH.SC.033861-3;Morro Grande;-28,37;-49,81;13;48;48500.005106/2013-18;Morro Grande;15,000;Pelotas;3.083;29/11/2016;2026-12-31 00:00:00;Cooperativa de Geração de Energia e Desenvolvimento Ltda. - 08290060000106;Morro Grande Geração de Energia Elétrica SPE Ltda - 45337590000180; -;;;;70;Pelotas;2026-06-30 09:43:52.357000000;48;SC;Santa Catarina;13;DRS-PCH
2026-07-01;033863;PCH.PH.PR.033863-0;Santa Maria;-25,16;-53,42;13;39;48500.002516/2015-79;Santa Maria;5,500;Andrada;336;08/02/2017;2026-12-31 00:00:00;Hidroelétrica Cascavel SPE Ltda. - 23746989000182; -; -;;;;65;Parana, Iguacu;2026-06-30 09:43:52.357000000;39;PR;Paraná;13;DRS-PCH
2026-07-01;033891;PCH.PH.GO.033891-5;Peixe Alt C;-16,54;-52,44;13;18;48500.003696/2009-68;Peixe ALT C;20,000;do Peixe;300;02/02/2017;2026-12-31 00:00:00;RZK Empreendimentos Imobiliários Ltda - 56319718000108; -; -;;;;24;Alto Araguaia e rio Claro;2026-06-30 09:43:52.357000000;18;GO;Goiás;13;DRS-PCH
2026-07-01;033892;PCH.PH.SC.033892-3;A. M. Dias;-27,86;-50,14;13;48;48500.002329/2012-42;A. M. Dias;5,200;Caveiras;1.599;07/06/2017;2026-12-31 00:00:00;Pedras Brancas Geração de Energia S.A - 10751424000142; -; -;;;;71;Canoas;2026-06-30 09:43:52.357000000;48;SC;Santa Catarina;13;DRS-PCH
2026-07-01;033905;PCH.PH.MG.033905-9;Machado;-18,64;-48,52;13;26;48500.005215/2013-35;Machado;12,250;Uberabinha;758;10/04/2018;2026-12-31 00:00:00;R3 Engenharia e Consultoria S/S - 10552553000100;Imagem Sistemas de Informação Ltda. - 07668045000188; -;;;;60;Paranaiba;2026-06-30 09:43:52.357000000;26;MG;Minas Gerais;13;DRS-PCH
2026-07-01;033911;PCH.PH.SC.033911-3;Rabo de Galo;-26,75;-53,39;13;48;48500.001097/2016-39;Rabo de Galo;5,050;Das Antas;1.723;20/06/2017;2026-12-31 00:00:00;Benessere Incorporações S.A. - 10277239000167; -; -;;;;74;Uruguai, Varzea, Turvo e outros;2026-06-30 09:43:52.357000000;48;SC;Santa Catarina;13;DRS-PCH
2026-07-01;033924;PCH.PH.SC.033924-5;Penteado;-28,29;-50,62;13;48;48500.002448/2007-38;Penteado;21,000;Pelotinhas;674;23/03/2017;2026-12-31 00:00:00;Lautis Empreendimentos e Participações Ltda. - 09432118000163; -; -;;;;70;Pelotas;2026-06-30 09:43:52.357000000;48;SC;Santa Catarina;13;DRS-PCH
2026-07-01;033943;UHE.PH.MG.033943-1;Travessão;-19,49;-41,13;14;26;48500.004573/2013-21;Travessão;38,000;Manhuaçú;3.098;27/12/2018;2026-12-31 00:00:00;Minas PCH S.A. - 07895905000116; -; -;;;;56;Doce;2026-06-30 09:43:52.357000000;26;MG;Minas Gerais;14;DRS-UHE
2026-07-01;033945;PCH.PH.BA.033945-8;Prazeres;-13,26;-39,07;13;10;48500.003693/2015-72;Prazeres;16,000;Jequiriçá;1.152;27/04/2017;2026-12-31 00:00:00;L&S PAR Ltda. - 04719885000134;Flora Agro Negócio Ltda. - 10616781000105;Alupar Investimentos S.A. - 08.364.948/0001-38;;;;51;Jequirica, Paraguacu e outros;2026-06-30 09:43:52.357000000;10;BA;Bahia;13;DRS-PCH
2026-07-01;033950;PCH.PH.MG.033950-4;Desemboque;-19,89;-47,13;13;26;48500.001595/2014-10;Desemboque;12,730;Araguari;3.119;06/12/2016;2026-12-31 00:00:00;Autazes Empreendimentos e Participações Ltda. - 21598356000149; -; -;;;;60;Paranaiba;2026-06-30 09:43:52.357000000;26;MG;Minas Gerais;13;DRS-PCH
2026-07-01;033966;PCH.PH.PR.033966-0;Das Almas;-24,74;-49,38;13;39;48500.004691/2020-68;Das Almas;7,000;Turvo;3.686;22/11/2021;2029-11-22 00:00:00;Rio Turvo Energética Ltda - 48129897000184; -; -;;;;81;Ribeira do Iguape;2026-06-30 09:43:52.357000000;39;PR;Paraná;13;DRS-PCH
2026-07-01;033996;UHE.PH.MS.033996-2;Inocência;-19,84;-52,24;14;30;48500.001441/2014-28;Inocência;48,000;Sucuriú;4.217;21/01/2019;2027-01-21 00:00:00;Minas PCH S.A. e Energest S.A. - 07895905000116; -; -;;;;63;Parana, Verde , Peixe, e outros;2026-06-30 09:43:52.357000000;30;MS;Mato Grosso do Sul;14;DRS-UHE
2026-07-01;033997;UHE.PH.MT.033997-0;Boaventura;-15,86;-52,52;15;32;48500.006656/2011-92;Boaventura;32,100;Rio das Garças;1.127;08/04/2014;; -; -; -;;;;24;Alto Araguaia e rio Claro;2026-06-30 09:43:52.357000000;32;MT;Mato Grosso;15;Eixo Disponível
2026-07-01;034029;PCH.PH.GO.034029-4;Colinas;-14,22;-48,05;13;18;48500.004031/2007-18;Colinas;26,000;Tocantinzinho;3.072;02/12/2016;2026-12-31 00:00:00;RC Administração e Participações S.A. - 03932129000126; -; -;;;;20;Alto Tocantins e rio Preto;2026-06-30 09:43:52.357000000;18;GO;Goiás;13;DRS-PCH
2026-07-01;034036;PCH.PH.MG.034036-7;Inferno;-19,85;-47,19;13;26;48500.001596/2014-64;Inferno;9,700;Araguari;3.136;06/12/2016;2026-12-31 00:00:00;Autazes Empreendimentos e Participações Ltda. - 21598356000149; -; -;;;;60;Paranaiba;2026-06-30 09:43:52.357000000;26;MG;Minas Gerais;13;DRS-PCH
2026-07-01;034039;PCH.PH.PR.034039-1;Km 14;-25,11;-50,93;13;39;48500.001523/2009-13;Km 14;8,300;dos Patos;3.199;14/09/2015;2026-12-31 00:00:00;Enerbios Consultoria em Energias Renováveis e Meio Ambiente Ltda. - 08929115000177; -; -;;;;64;Parana, Paranapanema, Amambai e outros;2026-06-30 09:43:52.357000000;39;PR;Paraná;13;DRS-PCH
2026-07-01;034053;PCH.PH.PR.034053-7;Km 19;-25,15;-50,95;13;39;48500.001522/2009-61;Km 19;10,000;dos Patos;3.199;14/09/2015;2026-12-31 00:00:00;Enerbios Consultoria em Energias Renováveis e Meio Ambiente Ltda. - 08929115000177; -; -;;;;64;Parana, Paranapanema, Amambai e outros;2026-06-30 09:43:52.357000000;39;PR;Paraná;13;DRS-PCH
2026-07-01;034055;PCH.PH.PR.034055-3;Dois Faróis;-26,02;-51,16;13;39;48500.002929/2015-53;Dois Faróis;5,040;Palmital;1.496;01/06/2017;2026-12-31 00:00:00;Hidroelétrica Dois Faróis Geração de Energia Ltda. - 26222419000181; -; -;;;;65;Parana, Iguacu;2026-06-30 09:43:52.357000000;39;PR;Paraná;13;DRS-PCH
2026-07-01;034070;PCH.PH.MT.034070-7;Corredeira;-14,88;-57,82;13;32;48500.003401/2023-10;Corredeira;8,000;Juba;2.074;15/07/2025;2032-07-15 00:00:00;PCH Corredeira Energética SPE Ltda - 61106587000102; -; -;;;;66;Alto Paraguai;2026-06-30 09:43:52.357000000;32;MT;Mato Grosso;13;DRS-PCH
2026-07-01;034071;PCH.PH.MT.034071-5;Usina Velha;-14,91;-57,81;13;32;48500.002287/2003-04;Usina Velha;11,000;Juba;3.199;14/09/2015;2026-12-31 00:00:00;Usina Velha Energética S.A. - 07950665000105; -; -;;;;66;Alto Paraguai;2026-06-30 09:43:52.357000000;32;MT;Mato Grosso;13;DRS-PCH
2026-07-01;034072;PCH.PH.MT.034072-3;Tapirapuã;-14,97;-57,76;13;32;48500.002296/2003-97;Tapirapuã;10,227;Juba;3.199;14/09/2015;2026-12-31 00:00:00;Tapirapuã Energética S.A. - 07950642000109; -; -;;;;66;Alto Paraguai;2026-06-30 09:43:52.357000000;32;MT;Mato Grosso;13;DRS-PCH
2026-07-01;034096;PCH.PH.RS.034096-0;Ijuizinho II;-28,44;-54,29;13;46;48500.003841/2002-27;Ijuizinho II;15,501;Ijuizinho;880;14/04/2016;2026-12-31 00:00:00;Energias Complementares do Brasil Geração de Energia Elétrica S.A. - 09663142000103; -; -;1.717;;;75;Uruguai, Ijui, piratinim e outros;2026-06-30 09:43:52.357000000;46;RS;Rio Grande do Sul;13;DRS-PCH
2026-07-01;034103;PCH.PH.MT.034103-7;Santo Antônio do Garças;,00;,00;15;32;48500.006656/2011-92;Santo Antônio do Garças;21,700;das Garças;1.127;08/04/2014;; -; -; -;;;;24;Alto Araguaia e rio Claro;2026-06-30 09:43:52.357000000;32;MT;Mato Grosso;15;Eixo Disponível
2026-07-01;034129;PCH.PH.ES.034129-0;Santa Bárbara;-20,38;-40,57;13;15;48500.003070/2015-08;Santa Bárbara;12,500;Jucu Braço Norte;1.998;22/07/2019;2027-07-22 00:00:00;PCH Santa Bárbara Energias Ltda. - 38473932000124; -; -;;;;57;Litoraneas do Espirito Santo;2026-06-30 09:43:52.357000000;15;ES;Espírito Santo;13;DRS-PCH
2026-07-01;034185;PCH.PH.SC.034185-1;Assombrado;-27,26;-51,54;13;48;48500.003117/2015-25;Assombrado;16,500;Rio do Peixe;505;13/03/2018;2026-12-31 00:00:00;Mauê S.A. – Geradora e Fornecedora de Insumos - 07004149000198; -; -;;;;72;Uruguai, Inhanduva, Peixe e outros;2026-06-30 09:43:52.357000000;48;SC;Santa Catarina;13;DRS-PCH
2026-07-01;034196;PCH.PH.PR.034196-7;Minucci;-25,26;-53,43;13;39;48500.004533/2015-41;Minucci;7,000;Andrada;3.504;19/10/2017;2026-12-31 00:00:00;Hidrelétrica Minucci SPE S.A - 23282119000108; -; -;;;;65;Parana, Iguacu;2026-06-30 09:43:52.357000000;39;PR;Paraná;13;DRS-PCH
2026-07-01;034212;PCH.PH.ES.034212-2;Pedra Mulata;,00;,00;11;15;48500.038526/2025-14;Pedra Mulata;10,000;Jucu Braço Norte;407;10/02/2026;2027-04-10 00:00:00;Nascente Renováveis Ltda. - 63636316000194; -; -;;;;56;Doce;2026-06-30 09:43:52.357000000;15;ES;Espírito Santo;11;DRI-PCH
2026-07-01;034269;PCH.PH.PR.034269-6;Salto Alemã;-26,08;-52,60;13;39;48500.904996/2000-37;Salto Alemã;29,800;Chopim;1.019;13/04/2017;2026-12-31 00:00:00;Trix Engenharia Civil Ltda - 77620631000138; -; -;;;;65;Parana, Iguacu;2026-06-30 09:43:52.357000000;39;PR;Paraná;13;DRS-PCH
2026-07-01;034302;PCH.PH.SC.034302-1;Barra do Pinheiro;-27,36;-51,74;13;48;48500.003448/2015-65;Barra do Pinheiro;14,700;Rio do Peixe;1.339;18/05/2017;2026-12-31 00:00:00;Mauê S.A. – Geradora e Fornecedora de Insumos - 07004149000198; -; -;;;;72;Uruguai, Inhanduva, Peixe e outros;2026-06-30 09:43:52.357000000;48;SC;Santa Catarina;13;DRS-PCH
2026-07-01;034431;PCH.PH.SC.034431-1;Curitibanos;-27,20;-50,68;13;48;48500.004739/2010-66;Curitibanos;13,600;Marombas;2.757;19/10/2016;2026-12-31 00:00:00;Energética Curitibanos S.A. - 10758925000150; -; -;;;;71;Canoas;2026-06-30 09:43:52.357000000;48;SC;Santa Catarina;13;DRS-PCH
2026-07-01;034439;PCH.PH.ES.034439-7;São Bento;-20,32;-40,65;13;15;48500.008192/2022-10;São Bento;6,500;Jucu Braço Norte;242;29/01/2024;2032-01-29 00:00:00;São Bento Energia Ltda - 55291719000110; -; -;;;;56;Doce;2026-06-30 09:43:52.357000000;15;ES;Espírito Santo;13;DRS-PCH
2026-07-01;034445;PCH.PH.MT.034445-1;A2E14;-13,10;-58,52;15;32;48500.001111/2011-90;A2E14;21,760;Buriti e Córrego Água Quente;4.737;09/12/2014;; -; -; -;;;;17;Tapajos;2026-06-30 09:43:52.357000000;32;MT;Mato Grosso;15;Eixo Disponível
2026-07-01;034446;PCH.PH.MG.034446-0;Areado;-18,65;-45,88;13;26;48500.002954/2008-16;Areado;11,500;Ribeirão Areado;3.196;11/09/2015;2026-12-31 00:00:00;LH Engenharia e Mineração Ltda. - 04038078000156;Lig Móbile Telecomunicações Ltda. - 00186938000148; -;;;;41;Das Velhas - Sao Francisco;2026-06-30 09:43:52.357000000;26;MG;Minas Gerais;13;DRS-PCH
2026-07-01;034447;PCH.PH.MG.034447-8;Mateus José;-18,09;-45,33;13;26;48500.003946/2008-89;Mateus José;11,000;Abaeté;3.240;21/09/2015;2026-12-31 00:00:00;LH Engenharia e Mineração Ltda. - 04038078000156;Lig Móbile Telecomunicações Ltda. - 00186938000148; -;;;;41;Das Velhas - Sao Francisco;2026-06-30 09:43:52.357000000;26;MG;Minas Gerais;13;DRS-PCH
2026-07-01;034448;PCH.PH.MT.034448-6;A2E15;-13,01;-58,47;15;32;48500.001111/2011-90;A2E15;13,200;Buriti e Córrego Água Quente;4.737;09/12/2014;; -; -; -;;;;17;Tapajos;2026-06-30 09:43:52.357000000;32;MT;Mato Grosso;15;Eixo Disponível
2026-07-01;034449;PCH.PH.RJ.034449-4;Bonito;-22,37;-42,31;15;41;48500.006684/2009-95;Bonito;21,500;Macaé;2.622;13/08/2015;; -; -; -;;;;59;Litoraneas do Rio de Janeiro;2026-06-30 09:43:52.357000000;41;RJ;Rio de Janeiro;15;Eixo Disponível
2026-07-01;034450;PCH.PH.RJ.034450-8;Casimiro de Abreu;-22,37;-42,25;15;41;48500.006684/2009-95;Casimiro de Abreu;27,280;Macaé;2.622;13/08/2015;; -; -; -;;;;59;Litoraneas do Rio de Janeiro;2026-06-30 09:43:52.357000000;41;RJ;Rio de Janeiro;15;Eixo Disponível
2026-07-01;034451;PCH.PH.RJ.034451-6;Macaé;-22,40;-42,22;13;41;48500.004085/2015-85;Macaé;17,700;Macaé;362;20/02/2018;2026-12-31 00:00:00;Ipar Participações Ltda. - 22885667000151; -; -;;;;59;Litoraneas do Rio de Janeiro;2026-06-30 09:43:52.357000000;41;RJ;Rio de Janeiro;13;DRS-PCH
2026-07-01;034519;PCH.PH.PR.034519-9;Eng. Faller;-23,86;-51,59;15;39;48500.002651/2011-91;Eng. Faller;5,100;Bom;2767;24/08/2015;; -; -; -;;;;64;Parana, Paranapanema, Amambai e outros;2026-06-30 09:43:52.357000000;39;PR;Paraná;15;Eixo Disponível
2026-07-01;034520;PCH.PH.PR.034520-2;Santa Terezinha;-23,86;-51,53;15;39;48500.002651/2011-91;Santa Terezinha;5,550;Bom;2767;24/08/2015;; -; -; -;;;;64;Parana, Paranapanema, Amambai e outros;2026-06-30 09:43:52.357000000;39;PR;Paraná;15;Eixo Disponível
2026-07-01;034534;PCH.PH.SC.034534-2;Benessere (A1E6);-26,64;-53,42;13;48;48500.001095/2016-40;Benessere (A1E6);5,200;Das Antas;2.074;09/07/2025;2032-07-09 00:00:00;Benessere Incorporações S.A - 10277239000167; -; -;;;;74;Uruguai, Varzea, Turvo e outros;2026-06-30 09:43:52.357000000;48;SC;Santa Catarina;13;DRS-PCH
2026-07-01;034554;UHE.PH.TO.034554-7;Ipueiras;-11,25;-48,45;15;51;48500.002178/2015-75;Ipueiras;480,000;Tocantins;403;14/04/2016;; -; -; -;;;;22;Tocantins, entre os rios Parana e do Sono;2026-06-30 09:43:52.357000000;51;TO;Tocantins;15;Eixo Disponível
2026-07-01;034557;PCH.PH.MA.034557-1;Matão Novo;-7,60;-46,06;13;22;48500.003614/2015-23;Matão Novo;19,000;das Balsas;1.901;04/07/2017;2026-12-31 00:00:00;Atiaia Energia S.A. - 06015859000150; -; -;;;;34;Parnaiba;2026-06-30 09:43:52.357000000;22;MA;Maranhão;13;DRS-PCH
2026-07-01;034558;PCH.PH.MA.034558-0;São Gregório;-8,06;-46,28;15;22;48500.004840/2009-83;São Gregório;14,290;das Balsas;1.829;17/06/2014;; -; -; -;;;;34;Parnaiba;2026-06-30 09:43:52.357000000;22;MA;Maranhão;15;Eixo Disponível
2026-07-01;034559;PCH.PH.MA.034559-8;Gado Bravo;-7,69;-46,17;13;22;48500.003613/2015-89;Gado Bravo;23,000;das Balsas;3.242;15/12/2016;2026-12-31 00:00:00;Atiaia Energia S.A. - 06015859000150; -; -;;;;34;Parnaiba;2026-06-30 09:43:52.357000000;22;MA;Maranhão;13;DRS-PCH
2026-07-01;034561;PCH.PH.SC.034561-0;Andromix;-27,12;-51,31;13;48;48500.003378/2015-45;Andromix;8,600;do Peixe;1.209;04/05/2020;2028-05-04 00:00:00;Andromix Geração de Energia Ltda. - 24879741000152; -; -;;;;72;Uruguai, Inhanduva, Peixe e outros;2026-06-30 09:43:52.357000000;48;SC;Santa Catarina;13;DRS-PCH
2026-07-01;034564;PCH.PH.PR.034564-4;Saltinho;-25,93;-51,35;13;39;48500.003691/2015-83;Saltinho;6,970;Santana;3.142;06/12/2016;2026-12-31 00:00:00;Saltinho Energética Ltda. - 31062587000197; -; -;;;;65;Parana, Iguacu;2026-06-30 09:43:52.357000000;39;PR;Paraná;13;DRS-PCH
2026-07-01;034591;PCH.PH.MG.034591-1;Corredeiras do Capivari;-21,30;-44,88;13;26;48500.003696/2015-14;Corredeiras do Capivari;8,680;Capivari;2;04/01/2017;2026-12-31 00:00:00;Consórcio Figueirinha - 22638917000159; -; -;;;;60;Paranaiba;2026-06-30 09:43:52.357000000;26;MG;Minas Gerais;13;DRS-PCH
2026-07-01;034663;PCH.PH.MA.034663-2;Ferrugem (Antiga A2E13);-7,85;-46,23;15;22;48500.004554/2014-85;Ferrugem (Antiga A2E13);16,570;das Balsas;3.600;03/09/2014;; -; -; -;;;;34;Parnaiba;2026-06-30 09:43:52.357000000;22;MA;Maranhão;15;Eixo Disponível
2026-07-01;034664;PCH.PH.MA.034664-0;Três Barras (Antiga A2E10);-8,40;-46,26;15;22;48500.004553/2014-31;Três Barras (Antiga A2E10);12,640;das Balsas;3.604;03/09/2014;; -; -; -;;;;34;Parnaiba;2026-06-30 09:43:52.357000000;22;MA;Maranhão;15;Eixo Disponível
2026-07-01;034665;PCH.PH.MS.034665-9;Bela Vista (Antiga AMB 245E);-22,92;-55,05;13;30;48500.000046/2023-19;Bela Vista (Antiga AMB 245E);9,019;Bela Vista;2.765;13/09/2024;2032-09-13 00:00:00;Ecoger – Ecologino Geração de Energias em Matriz Renovável Ltda - 21269866000172; -; -;;;;64;Parana, Paranapanema, Amambai e outros;2026-06-30 09:43:52.357000000;30;MS;Mato Grosso do Sul;13;DRS-PCH
2026-07-01;034666;PCH.PH.MS.034666-7;Foz do Saijú;-22,89;-54,75;13;30;48500.001803/2018-12;Foz do Saijú;17,330;Amambaí;1.505;01/06/2023;2031-06-01 00:00:00;ECOGER - Ecologino Geração de Energia em Matriz Renovável Ltda. - 21269866000172; -; -;;;;64;Parana, Paranapanema, Amambai e outros;2026-06-30 09:43:52.357000000;30;MS;Mato Grosso do Sul;13;DRS-PCH
2026-07-01;034667;PCH.PH.MA.034667-5;São Pedro;-8,26;-46,26;15;22;48500.004551/2014-41;São Pedro;12,120;das Balsas;3.605;03/09/2014;; -; -; -;;;;34;Parnaiba;2026-06-30 09:43:52.357000000;22;MA;Maranhão;15;Eixo Disponível
2026-07-01;034670;PCH.PH.TO.034670-5;Silvânia;-11,98;-46,45;13;51;48500.003447/2015-11;Silvânia;5,250;Inferno;241;15/02/2017;2026-12-31 00:00:00;Agrícola Sete Campos Ltda. - 07806622000150; -; -;;;;21;Tocantins, entre os rios Preto e Parana;2026-06-30 09:43:52.357000000;51;TO;Tocantins;13;DRS-PCH
2026-07-01;034702;PCH.PH.MG.034702-7;Pirapitinga;-18,69;-42,21;13;26;48500.003697/2015-51;Pirapitinga;8,000;Suaçuí Pequeno;912;14/05/2018;2026-12-31 00:00:00;Brix Empreendimentos Imobiliários Ltda. - 12254395000138; -; -;;;;56;Doce;2026-06-30 09:43:52.357000000;26;MG;Minas Gerais;13;DRS-PCH
2026-07-01;034708;PCH.PH.MA.034708-6;Cachoeira;-7,16;-46,07;13;22;48500.001151/2016-46;Cachoeira;9,000;Cachoeira;769;13/04/2018;2026-12-31 00:00:00;PEC Energia S.A. - 07157459000142; -; -;;;;34;Parnaiba;2026-06-30 09:43:52.357000000;22;MA;Maranhão;13;DRS-PCH
2026-07-01;034714;PCH.PH.PR.034714-0;Catanduva;-26,19;-51,85;13;39;48500.003170/2016-15;Catanduva;13,000;Iratim;4.137;12/12/2017;2026-12-31 00:00:00;Catanduva Geração de Energia Ltda. - 30229168000134; -; -;;;;65;Parana, Iguacu;2026-06-30 09:43:52.357000000;39;PR;Paraná;13;DRS-PCH
2026-07-01;034730;PCH.PH.MT.034730-2;Sepotuba;-14,64;-57,75;13;32;48500.004581/2005-96;Sepotuba;13,500;Sepotuba;3.150;10/09/2015;2026-12-31 00:00:00;J. Malucelli Energia S.A. - 04407406000144; -; -;;;;66;Alto Paraguai;2026-06-30 09:43:52.357000000;32;MT;Mato Grosso;13;DRS-PCH
2026-07-01;034734;PCH.PH.MT.034734-5;Paiaguás;-14,68;-57,76;13;32;48500.004582/2005-59;Paiaguás;23,000;Sepotuba;3.151;10/09/2015;2026-12-31 00:00:00;J. Malucelli Energia S.A. - 04407406000144; -; -;;;;66;Alto Paraguai;2026-06-30 09:43:52.357000000;32;MT;Mato Grosso;13;DRS-PCH
2026-07-01;034764;PCH.PH.MT.034764-7;Juína I;-13,88;-59,38;13;32;48500.004913/2018-28;Juína I;6,000;Juína;2.155;27/07/2020;2028-07-27 00:00:00;KV Energia Ltda. - 15353012000177; -; -;;;;17;Tapajos;2026-06-30 09:43:52.357000000;32;MT;Mato Grosso;13;DRS-PCH
2026-07-01;034783;PCH.PH.MT.034783-3;Salto do Sapo Parecis;-14,40;-57,77;13;32;48500.000828/2010-33;Salto do Sapo Parecis;5,200;do Sapo;239;29/01/2024;2026-12-31 00:00:00;Hidroelétrica Médio Norte Ltda - 10788117000135; -; -;;;;66;Alto Paraguai;2026-06-30 09:43:52.357000000;32;MT;Mato Grosso;13;DRS-PCH
2026-07-01;034868;PCH.PH.RJ.034868-6;Bonança;-22,02;-42,05;13;41;48500.000179/2008-56;Bonança;9,800;Grande;3.199;14/09/2015;2026-12-31 00:00:00;Desenvix S.A. - 00622416000303; -; -;;;;58;Paraiba do Sul;2026-06-30 09:43:52.357000000;41;RJ;Rio de Janeiro;13;DRS-PCH
2026-07-01;034890;PCH.PH.MG.034890-2;Figueirinha I;-18,95;-42,57;15;26;48500.002935/2001-52;Figueirinha I;13,500;Corrente Grande;1.587;20/07/2006;; -; -; -;;;;56;Doce;2026-06-30 09:43:52.357000000;26;MG;Minas Gerais;15;Eixo Disponível
2026-07-01;034894;PCH.PH.PR.034894-5;Da Potinga;-25,76;-51,15;13;39;48500.003894/2015-70;Da Potinga;6,500;Potinga;3.385;28/12/2016;2026-12-31 00:00:00;Da Potinga Geração de Energia Elétrica SPE Ltda - 35777429000174; -; -;;;;65;Parana, Iguacu;2026-06-30 09:43:52.357000000;39;PR;Paraná;13;DRS-PCH
2026-07-01;034945;PCH.PH.PR.034945-3;Espera;-24,30;-51,92;13;39;48500.004772/2022-20;Espera;9,300;Rio Corumbataí;242;29/01/2024;2032-01-29 00:00:00;PCH Espera Energética SPE Ltda - 53913731000194; -; -;;;;64;Parana, Paranapanema, Amambai e outros;2026-06-30 09:43:52.357000000;39;PR;Paraná;13;DRS-PCH
2026-07-01;034946;PCH.PH.PR.034946-1;Muquilão;,00;,00;15;39;48500.004720/2015-24;Muquilão;10,900;Corumbataí;3.271;24/09/2015;; -; -; -;;;;64;Parana, Paranapanema, Amambai e outros;2026-06-30 09:43:52.357000000;39;PR;Paraná;15;Eixo Disponível
2026-07-01;034947;PCH.PH.PR.034947-0;Godoy Moreira;-24,23;-51,98;11;39;48500.002557/2024-56;Godoy Moreira;11,300;Corumbataí;2.757;16/09/2024;2025-11-16 00:00:00;Ker Megam Serviços Empresariais Ltda - 42696145000119; -; -;;;;64;Parana, Paranapanema, Amambai e outros;2026-06-30 09:43:52.357000000;39;PR;Paraná;11;DRI-PCH
2026-07-01;034947;PCH.PH.PR.034947-0;Godoy Moreira;-24,23;-51,98;11;39;48500.004742/2015-94;Godoy Moreira;11,300;Corumbataí;2.757;16/09/2024;2025-11-16 00:00:00;Ker Megam Serviços Empresariais Ltda - 42696145000119; -; -;;;;64;Parana, Paranapanema, Amambai e outros;2026-06-30 09:43:52.357000000;39;PR;Paraná;11;DRI-PCH
2026-07-01;034948;PCH.PH.PR.034948-8;Patrimônio;,00;,00;13;39;48500.005439/2015-17;Patrimônio;9,400;Corumbataí;1.912;04/07/2017;2026-12-31 00:00:00;Grantec Técnica de Construção Ltda - 76604875000164; -; -;;;;64;Parana, Paranapanema, Amambai e outros;2026-06-30 09:43:52.357000000;39;PR;Paraná;13;DRS-PCH
2026-07-01;034949;PCH.PH.PR.034949-6;Barbosa Ferraz;,00;,00;11;39;48500.020413/2025-62;Barbosa Ferraz;13,200;Corumbataí;509;20/02/2026;2026-04-20 00:00:00;Paraná Energy Engenharia e Consultoria Ltda. - 52271571000164;GAP3D Engenharia Ltda. - 20247178000149;Assessoria Técnica Ambiental Ltda. - 05.688.216/0001-05;;;;64;Parana, Paranapanema, Amambai e outros;2026-06-30 09:43:52.357000000;39;PR;Paraná;11;DRI-PCH
2026-07-01;034950;PCH.PH.PR.034950-0;Fênix;-23,94;-51,95;13;39;48500.004741/2015-40;Fênix;10,000;Corumbataí;928;05/04/2017;2026-12-31 00:00:00;Corumbataí Energia Ltda. - 08415850000162; -; -;;;;64;Parana, Paranapanema, Amambai e outros;2026-06-30 09:43:52.357000000;39;PR;Paraná;13;DRS-PCH
2026-07-01;034988;PCH.PH.MT.034988-7;Faveiro;-12,40;-57,90;13;32;48500.005609/2007-45;Faveiro;20,000;Cravari;2488;03/08/2015;2026-12-31 00:00:00;Duplo Onze - Sociedade Brasileira de Participações em Energia Renovável Ltda - 08888180000100; -; -;;;;17;Tapajos;2026-06-30 09:43:52.357000000;32;MT;Mato Grosso;13;DRS-PCH
2026-07-01;035002;PCH.PH.PR.035002-8;Vale do Codó;-24,34;-49,69;15;39;48500.005190/2007-21;Vale do Codó;5,150;Jaguariaíva;3510;21/10/2015;; -; -; -;;;;64;Parana, Paranapanema, Amambai e outros;2026-06-30 09:43:52.357000000;39;PR;Paraná;15;Eixo Disponível
2026-07-01;035003;PCH.PH.PR.035003-6;Jaguariaíva;-24,24;-49,69;13;39;48500.004769/2022-14;Jaguariaíva;8,500;Jaguariaíva;4.432;21/11/2023;2031-11-21 00:00:00;PCH Jaguariaíva Energética SPE Ltda - 53737027000128; -; -;;;;64;Parana, Paranapanema, Amambai e outros;2026-06-30 09:43:52.357000000;39;PR;Paraná;13;DRS-PCH
2026-07-01;035004;PCH.PH.PR.035004-4;Cerrado;-24,16;-49,65;15;39;48500.005190/2007-21;Cerrado;13,100;Jaguariaíva;3510;21/10/2015;; -; -; -;;;;64;Parana, Paranapanema, Amambai e outros;2026-06-30 09:43:52.357000000;39;PR;Paraná;15;Eixo Disponível
2026-07-01;035013;PCH.PH.RS.035013-3;Três Passos;-27,41;-53,87;15;46;48500.005268/2010-11;Três Passos;7,600;Turvo;3.398;29/10/2015;; -; -; -;;;;74;Uruguai, Varzea, Turvo e outros;2026-06-30 09:43:52.357000000;46;RS;Rio Grande do Sul;15;Eixo Disponível
2026-07-01;035014;PCH.PH.RS.035014-1;Esperança do Sul;-27,35;-53,89;15;46;48500.005268/2010-11;Esperança do Sul;10,700;Turvo;3.398;29/10/2015;; -; -; -;;;;74;Uruguai, Varzea, Turvo e outros;2026-06-30 09:43:52.357000000;46;RS;Rio Grande do Sul;15;Eixo Disponível
2026-07-01;035015;PCH.PH.RS.035015-0;Derrubadas;-27,27;-53,99;15;46;48500.005268/2010-11;Derrubadas;16,100;Turvo;3.398;29/10/2015;; -; -; -;;;;74;Uruguai, Varzea, Turvo e outros;2026-06-30 09:43:52.357000000;46;RS;Rio Grande do Sul;15;Eixo Disponível
2026-07-01;035027;PCH.PH.MG.035027-3;Serra do Meio;-15,19;-46,40;15;26;48500.000566/2009-73;Serra do Meio;5,300;Ribeirão Ponte Grande;2.997;21/12/2018;; -; -; -;;;;43;Urucuia - Sao Francisco;2026-06-30 09:43:52.357000000;26;MG;Minas Gerais;15;Eixo Disponível
2026-07-01;035034;UHE.PH.RO.035034-6;Tabajara;-8,91;-62,18;3;44;48500.002234/2007-63;Tabajara;400,000;Ji-Paraná;232;01/02/2017;;Centrais Elétricas do Norte do Brasil S.A. - Eletronorte - 00357038000116;Construtora Queiroz Galvão S.A., - 33412792000160;Furnas Centrais Elétricas S.A. e Enel Brasil S.A., PCE - Projetos e Consultorias de Engenharia Ltda. e JGP Consultoria e Participações Ltda. -;2.396;2027-08-28 00:00:00;2024-08-28 00:00:00;15;Madeira;2026-06-30 09:43:52.357000000;44;RO;Rondônia;3;Aceito
2026-07-01;035035;UHE.PH.AM.035035-4;Prainha;-7,23;-60,65;15;5;48500.003550/2012-18;Prainha;796,400;Aripuanã;1.971;13/06/2012;; -; -; -;;;;15;Madeira;2026-06-30 09:43:52.357000000;5;AM;Amazonas;15;Eixo Disponível
2026-07-01;035036;UHE.PH.AM.035036-2;Sumaúma;-7,91;-60,20;15;5;48500.001700/2006-58;Sumaúma;458,200;Aripuanã;1.971;13/06/2012;; -; -; -;;;;15;Madeira;2026-06-30 09:43:52.357000000;5;AM;Amazonas;15;Eixo Disponível
2026-07-01;035038;UHE.PH.RR.035038-9;Bem Querer J1A;1,88;-61,03;28;45;48500.005532/2011-90;Bem Querer J1A;708,400;Branco;4.231;31/10/2011;2020-04-02 00:00:00;Empresa de Pesquisa Energética - EPE - 06977747000261; -; -;3.867;2027-12-12 00:00:00;2024-12-27 00:00:00;14;Negro;2026-06-30 09:43:52.357000000;45;RR;Roraima;28;Registro Ativo
2026-07-01;035051;PCH.PH.ES.035051-6;Pedreira;-20,29;-40,89;13;15;48500.006077/2007-63;Pedreira;7,000;Jucu Braço Norte;3.593;05/11/2015;2026-12-31 00:00:00;Construtora OMS Ltda. - 03010265000169; -; -;;;;56;Doce;2026-06-30 09:43:52.357000000;15;ES;Espírito Santo;13;DRS-PCH
2026-07-01;035056;PCH.PH.SP.035056-7;Anhembi alto;-22,82;-48,07;15;50;48500.006682/2009-04;Anhembi alto;12,500;Tietê;997;03/03/2011;; -; -; -;;;;62;Parana, Tiete e outros;2026-06-30 09:43:52.357000000;50;SP;São Paulo;15;Eixo Disponível
2026-07-01;035057;PCH.PH.MT.035057-5;Membeca I;-12,85;-57,39;15;32;48500.001747/2011-31;Membeca I;5,500;Membeca;3.504;21/10/2015;; -; -; -;;;;17;Tapajos;2026-06-30 09:43:52.357000000;32;MT;Mato Grosso;15;Eixo Disponível
2026-07-01;035058;PCH.PH.MT.035058-3;Membeca II;-12,89;-57,44;15;32;48500.001747/2011-31;Membeca II;6,700;Membeca;3.504;21/10/2015;; -; -; -;;;;17;Tapajos;2026-06-30 09:43:52.357000000;32;MT;Mato Grosso;15;Eixo Disponível
2026-07-01;035059;PCH.PH.MT.035059-1;Membeca IV;-12,95;-57,50;15;32;48500.001747/2011-31;Membeca IV;6,600;Membeca;3.504;21/10/2015;; -; -; -;;;;17;Tapajos;2026-06-30 09:43:52.357000000;32;MT;Mato Grosso;15;Eixo Disponível
2026-07-01;035060;PCH.PH.MT.035060-5;Membeca V;-13,01;-57,54;13;32;48500.000135/2016-36;Membeca V;8,100;Membeca;1.405;21/05/2020;2028-05-21 00:00:00;Global Energia Elétrica S.A. - 36948016000178; -; -;;;;17;Tapajos;2026-06-30 09:43:52.357000000;32;MT;Mato Grosso;13;DRS-PCH
2026-07-01;035061;PCH.PH.MT.035061-3;Membeca VI;-13,06;-57,60;13;32;48500.000137/2016-25;Membeca VI;5,400;Membeca;1.350;15/05/2020;2028-05-15 00:00:00;Global Energia Elétrica S.A. - 36948016000178; -; -;;;;17;Tapajos;2026-06-30 09:43:52.357000000;32;MT;Mato Grosso;13;DRS-PCH
2026-07-01;035062;PCH.PH.MT.035062-1;Membeca VIII;-13,10;-57,61;13;32;48500.005913/2017-64;Membeca VIII;5,900;Membeca;1.351;15/05/2020;2028-05-15 00:00:00;Global Energia Elétrica S.A. - 36948016000178; -; -;;;;17;Tapajos;2026-06-30 09:43:52.357000000;32;MT;Mato Grosso;13;DRS-PCH
2026-07-01;035063;PCH.PH.MT.035063-0;Membeca IX;-13,15;-57,64;13;32;48500.005923/2017-08;Membeca IX;5,700;Membeca;1.352;15/05/2020;2028-05-15 00:00:00;Global Energia Elétrica S.A. - 36948016000178; -; -;;;;17;Tapajos;2026-06-30 09:43:52.357000000;32;MT;Mato Grosso;13;DRS-PCH
2026-07-01;035074;PCH.PH.CE.035074-5;Castanhão;-5,49;-38,45;15;13;48500.003920/2012-17;Castanhão;12,300;Jaguaribe;3.089;05/10/2012;; -; -; -;;;;36;Jaguaribe;2026-06-30 09:43:52.357000000;13;CE;Ceará;15;Eixo Disponível
2026-07-01;035076;PCH.PH.MG.035076-1;Paraúna 2;-18,64;-43,97;13;26;48500.004444/2015-02;Paraúna 2;26,000;Paraúna;2.835;21/10/2020;2028-10-21 00:00:00;Cemig Geração e Transmissão S.A.- CEMIG GT - 06981176000158; -; -;;;;41;Das Velhas - Sao Francisco;2026-06-30 09:43:52.357000000;26;MG;Minas Gerais;13;DRS-PCH
2026-07-01;035078;PCH.PH.MT.035078-8;Jaçanã Alta;-14,40;-56,85;13;32;48500.004233/2015-61;Jaçanã Alta;7,700;São Francisco de Paula;930;10/04/2017;2026-12-31 00:00:00;Apoema Energética Ltda. - 23234329000112; -; -;;;;66;Alto Paraguai;2026-06-30 09:43:52.357000000;32;MT;Mato Grosso;13;DRS-PCH
2026-07-01;035099;PCH.PH.MG.035099-0;Fazenda Salto;-19,14;-47,84;13;26;48500.004141/2002-41;Fazenda Salto;14,000;Claro;45;15/01/2016;2026-12-31 00:00:00;Salto Fé Energética S.A. - 13047427000197; -; -;;;;60;Paranaiba;2026-06-30 09:43:52.357000000;26;MG;Minas Gerais;13;DRS-PCH
2026-07-01;035138;PCH.PH.MG.035138-5;João Nery;-21,70;-46,48;13;26;48500.008981/2025-95;João Nery;7,200;Pardo;1.011;21/05/2026;2034-05-21 00:00:00;C-Nível Energias Renováveis Ltda - 16456838000124; -; -;;;;61;Grande;2026-06-30 09:43:52.357000000;26;MG;Minas Gerais;13;DRS-PCH
2026-07-01;035139;PCH.PH.MG.035139-3;Boa Vista;-21,71;-46,45;13;26;48500.000923/2016-22;Boa Vista;16,000;Pardo;735;23/03/2017;2026-12-31 00:00:00;DME Energética S.A. - DMEE - 03966583000106; -; -;;;;61;Grande;2026-06-30 09:43:52.357000000;26;MG;Minas Gerais;13;DRS-PCH
2026-07-01;035140;PCH.PH.MG.035140-7;Marambaia;-21,73;-46,41;13;26;48500.001578/2016-44;Marambaia;8,500;Pardo;718;16/03/2017;2026-12-31 00:00:00;DME Energética S.A. - DMEE - 03966583000106; -; -;;;;61;Grande;2026-06-30 09:43:52.357000000;26;MG;Minas Gerais;13;DRS-PCH
2026-07-01;035273;PCH.PH.ES.035273-0;Santa Leopoldina;-20,09;-40,55;13;15;48500.004903/2022-79;Santa Leopoldina;12,800;Santa Maria da Vitória;242;29/01/2024;2032-01-29 00:00:00;Santa Leopoldina Energia Ltda - 55274723000170; -; -;;;;57;Litoraneas do Espirito Santo;2026-06-30 09:43:52.357000000;15;ES;Espírito Santo;13;DRS-PCH
2026-07-01;035275;PCH.PH.MT.035275-6;Rancho Grande;-15,21;-58,65;13;32;48500.002081/2014-81;Rancho Grande;9,200;Córrego do Sangue;3.905;04/12/2015;2026-12-31 00:00:00;Boven Comercializadora de Energia Ltda. - 14609649000119; -; -;;;;66;Alto Paraguai;2026-06-30 09:43:52.357000000;32;MT;Mato Grosso;13;DRS-PCH
2026-07-01;035289;UHE.PH.TO.035289-6;Perdida 2;-9,33;-47,88;14;51;48500.005103/2007-36;Perdida 2;42,001;Perdida;3.837;27/01/2015;2026-12-31 00:00:00;Minas PCH S.A - 07895905000116; -; -;;;;22;Tocantins, entre os rios Parana e do Sono;2026-06-30 09:43:52.357000000;51;TO;Tocantins;14;DRS-UHE
2026-07-01;035296;PCH.PH.GO.035296-9;Sertãozinho;-17,92;-51,75;13;18;48500.001127/2002-11;Sertãozinho;16,000;Claro;1.014;09/05/2018;2026-12-31 00:00:00;Minas PCH S.A. - 07895905000116; -; -;;;;66;Alto Paraguai;2026-06-30 09:43:52.357000000;18;GO;Goiás;13;DRS-PCH
2026-07-01;035307;PCH.PH.MS.035307-8;São Domingos;-18,86;-54,50;15;32;48500.001881/2001-90;São Domingos;22,000;Coxim;411;18/05/2004;; -; -; -;;;;66;Alto Paraguai;2026-06-30 09:43:52.357000000;32;MT;Mato Grosso;15;Eixo Disponível
2026-07-01;035308;PCH.PH.PR.035308-6;Açungui 2G;-25,21;-49,57;13;39;48500.005074/2015-12;Açungui 2G;9,500;Açungui;312;06/02/2017;2026-12-31 00:00:00;Rohrbek Empreendimentos Imobiliários Ltda - 19810772000117; -; -;;;;81;Ribeira do Iguape;2026-06-30 09:43:52.357000000;39;PR;Paraná;13;DRS-PCH
2026-07-01;035309;PCH.PH.MG.035309-4;Cabuí;-22,01;-43,32;13;26;48500.006015/2016-42;Cabuí;16,020;Paraibuna;1.186;30/05/2018;2026-12-30 00:00:00;PCH Cabuí SPE S.A - 35856369000185; -; -;;;;58;Paraiba do Sul;2026-06-30 09:43:52.357000000;26;MG;Minas Gerais;13;DRS-PCH
2026-07-01;035314;PCH.PH.MG.035314-0;Grão Mogol;-16,59;-42,85;13;26;48500.002118/2001-77 e 48500.005522/2020-45;Grão Mogol;27,000;Itacambiruçu;3.759;26/11/2021;2029-11-26 00:00:00;MG5 Energética Ltda - 38926034000184; -; -;;;;54;Jequitinhonha;2026-06-30 09:43:52.357000000;26;MG;Minas Gerais;13;DRS-PCH
2026-07-01;035327;PCH.PH.MT.035327-2;Distância;-14,20;-56,04;13;32;48500.004414/2007-88;Distância;17,000;Arinos;4.086;22/12/2015;2026-12-31 00:00:00;Pondera Participações S.A - 08587924000148; -; -;;;;17;Tapajos;2026-06-30 09:43:52.357000000;32;MT;Mato Grosso;13;DRS-PCH
2026-07-01;035328;UHE.PH.SC.035328-0;Saudade;-26,68;-52,61;14;48;48500.003655/2020-87;Saudade;46,000;Chapecó;2.587;08/09/2020;2021-09-20 00:00:00;Companhia Energética Entre Rios - 27811100000154;Múltipla Participações Ltda. - 11649715000196;ENEBRAS Projetos de Usinas Hidrelétricas Ltda. - 06.329.975/0001-44;2.847;2030-10-07 00:00:00;2022-10-07 00:00:00;73;Uruguai, Chapeco,Passo Fundo e outros;2026-06-30 09:43:52.357000000;48;SC;Santa Catarina;14;DRS-UHE
2026-07-01;035331;PCH.PH.RJ.035331-0;Ariró;-22,85;-44,36;15;42;48500.000953/2013-96;Ariró;14,000;Ariró;442;22/02/2013;; -; -; -;;;;59;Litoraneas do Rio de Janeiro;2026-06-30 09:43:52.357000000;42;RJ/SP;Rio de Janeiro / São Paulo;15;Eixo Disponível
2026-07-01;035336;PCH.PH.PR.035336-1;Iapó;-24,52;-50,30;13;39;48500.003665/2006-20;Iapó;20,070;Iapó;2701;27/11/2018;2026-12-31 00:00:00;Tropeiro Energia Ltda. - 08017732000104; -; -;;;;64;Parana, Paranapanema, Amambai e outros;2026-06-30 09:43:52.357000000;39;PR;Paraná;13;DRS-PCH
2026-07-01;035337;PCH.PH.MG.035337-0;Tabaúna;-19,50;-41,32;11;26;;Tabaúna;27,000;Manhuaçu;296;04/02/2026;2027-04-04 00:00:00;Nascente Renováveis Ltda - 63636316000194; -; -;;;;56;Doce;2026-06-30 09:43:52.357000000;26;MG;Minas Gerais;11;DRI-PCH
2026-07-01;035339;PCH.PH.MT.035339-6;Patos;-13,57;-56,34;13;32;48500.001791/2008-46;Patos;18,000;dos Patos;621;17/03/2016;2026-12-31 00:00:00;SPE PCH Patos Serviços de Projetos de Geração de Energia Ltda - 29230546000110; -; -;;;;17;Tapajos;2026-06-30 09:43:52.357000000;32;MT;Mato Grosso;13;DRS-PCH
2026-07-01;035347;PCH.PH.SC.035347-7;Amparo;-26,70;-51,86;13;48;48500.002238/2007-14;Amparo;7,500;Chapecó;10;08/01/2016;2026-12-31 00:00:00;Adami S.A. - Madeiras - 83054478000121; -; -;;;;73;Uruguai, Chapeco,Passo Fundo e outros;2026-06-30 09:43:52.357000000;48;SC;Santa Catarina;13;DRS-PCH
2026-07-01;035348;PCH.PH.MG.035348-5;Tocaia;-22,01;-42,95;11;27;48500.027585/2025-67;Tocaia;20,000;Paraíba do Sul;2.778;19/09/2025;2026-11-19 00:00:00;Contestado Geradora de Energia Ltda - 40613262000146; -; -;;;;58;Paraiba do Sul;2026-06-30 09:43:52.357000000;27;MG/RJ;Minas Gerais / Rio de Janeiro;11;DRI-PCH
2026-07-01;035349;PCH.PH.MG.035349-3;Louriçal;-22,00;-42,93;11;27;48500.027583/2025-78;Louriçal;20,000;Paraíba do Sul;2.777;19/09/2025;2026-11-19 00:00:00;Contestado Geradora de Energia Ltda - 40613262000146; -; -;;;;58;Paraiba do Sul;2026-06-30 09:43:52.357000000;27;MG/RJ;Minas Gerais / Rio de Janeiro;11;DRI-PCH
2026-07-01;035350;PCH.PH.MG.035350-7;Sapucaia;-21,99;-42,92;11;27;48500.002936/2026-16;Sapucaia;20,000;Paraíba do Sul;840;13/03/2026;2027-05-13 00:00:00;Lidan Agropecuária Santa Olga Ltda - 07143410000130; -; -;;;;58;Paraiba do Sul;2026-06-30 09:43:52.357000000;27;MG/RJ;Minas Gerais / Rio de Janeiro;11;DRI-PCH
2026-07-01;035351;PCH.PH.MG.035351-5;Boa Vista;-21,97;-42,89;13;26;48500.000071/2024-83;Boa Vista;20,400;Paraíba do Sul;2.074;15/07/2025;2032-07-15 00:00:00;SPE Paraíba do Sul I Geradora de Energia Ltda - 54555023000105; -; -;;;;58;Paraiba do Sul;2026-06-30 09:43:52.357000000;26;MG;Minas Gerais;13;DRS-PCH
2026-07-01;035352;PCH.PH.MG.035352-3;Coqueiros;-21,95;-42,86;13;26;48500.000068/2024-60;Coqueiros;18,800;Paraíba do Sul;2.074;15/07/2025;2032-07-15 00:00:00;SPE Paraíba do Sul 2 Geradora de Energia Ltda - 59550398000182; -; -;;;;58;Paraiba do Sul;2026-06-30 09:43:52.357000000;26;MG;Minas Gerais;13;DRS-PCH
2026-07-01;035353;PCH.PH.RJ.035353-1;Santo Antônio;-21,94;-42,83;13;41;48500.000069/2024-12;Santo Antônio;18,800;Paraíba do Sul;2.074;15/07/2025;2032-07-15 00:00:00;SPE Paraíba do Sul 3 Geradora de Energia Ltda - 59551153000170; -; -;;;;58;Paraiba do Sul;2026-06-30 09:43:52.357000000;41;RJ;Rio de Janeiro;13;DRS-PCH
2026-07-01;035354;PCH.PH.MG.035354-0;Mangueiral;-21,93;-42,80;13;26;48500.000070/2024-39;Mangueiral;18,800;Paraíba do Sul;2.074;15/07/2025;2032-07-15 00:00:00;SPE Paraíba do Sul 4 Geradora de Energia Ltda - 24262345000110; -; -;;;;58;Paraiba do Sul;2026-06-30 09:43:52.357000000;26;MG;Minas Gerais;13;DRS-PCH
2026-07-01;035365;PCH.PH.PR.035365-5;Pinhal Ralo;-25,60;-51,75;13;39;48500.001248/2021-16;Pinhal Ralo;7,600;Pinhão;3.835;25/10/2023;2031-10-25 00:00:00;Liga Empreendimentos Imobiliários Ltda - 23267601000160;Construtora Franzoni Junior Ltda - 00277153000180;B&S Ltda - 37.802.066/0001-05;;;;65;Parana, Iguacu;2026-06-30 09:43:52.357000000;39;PR;Paraná;13;DRS-PCH
2026-07-01;035378;PCH.PH.RS.035378-7;Pinhalzinho;-28,12;-52,99;15;46;48500.005533/2002-36;Pinhalzinho;9,000;da Várzea;964;11/12/2003;; -; -; -;;;;74;Uruguai, Varzea, Turvo e outros;2026-06-30 09:43:52.357000000;46;RS;Rio Grande do Sul;15;Eixo Disponível
2026-07-01;035382;PCH.PH.SC.035382-5;Apiúna;-27,08;-49,44;13;48;48500.006171/2005-25;Apiúna;27,000;Itajaí-Açu;657;28/03/2018;2026-12-31 00:00:00;Apiúna Energia Ltda. - 07600348000169; -; -;;;;83;Itajai;2026-06-30 09:43:52.357000000;48;SC;Santa Catarina;13;DRS-PCH
2026-07-01;035389;PCH.PH.PR.035389-2;Dom Antônio;-25,35;-53,48;13;39;48500.005640/2014-13;Dom Antônio;9,500;Andrada;97;19/01/2016;2026-12-31 00:00:00;CJ - PCH Dom Antônio Ltda - 63072831000199; -; -;;;;65;Parana, Iguacu;2026-06-30 09:43:52.357000000;39;PR;Paraná;13;DRS-PCH
2026-07-01;035394;PCH.PH.MT.035394-9;Araras;-15,35;-56,98;13;32;48500.001760/2016-03;Araras;9,500;Jauquara;1.302 (1.103/2021, Suspenso);14/06/2018;2026-12-31 00:00:00;Prospecto Participações e Negócios Ltda. - 11150024000143; -; -;;;;66;Alto Paraguai;2026-06-30 09:43:52.357000000;32;MT;Mato Grosso;13;DRS-PCH
2026-07-01;035395;PCH.PH.RS.035395-7;São Valentim;-29,07;-51,71;13;46;48500.001581/2016-68;São Valentim;21,000;Carreiro;2.173;28/07/2017;2026-12-31 00:00:00;Enel Brasil S.A. - 07523555000167; -; -;;;;86;Taquari;2026-06-30 09:43:52.357000000;46;RS;Rio Grande do Sul;13;DRS-PCH
2026-07-01;035396;PCH.PH.RS.035396-5;E20CA205;-28,89;-51,81;13;46;48500.001768/2016-61;E20CA205;30,000;Carreiro;2839;18/09/2017;2026-12-31 00:00:00;Enel Brasil S.A. - 07523555000167; -; -;;;;86;Taquari;2026-06-30 09:43:52.357000000;46;RS;Rio Grande do Sul;13;DRS-PCH
2026-07-01;035407;PCH.PH.SC.035407-4;Sakura;-27,27;-50,74;13;48;48500.006421/2010-10;Sakura;12,600;Marombas;2.563;29/09/2016;2026-12-31 00:00:00;Múltipla Participações Ltda. - 11649715000196;Sakura Energética S.A. - 14596435000155; -;;;;71;Canoas;2026-06-30 09:43:52.357000000;48;SC;Santa Catarina;13;DRS-PCH
2026-07-01;035417;PCH.PH.GO.035417-1;Água Limpa;-18,09;-48,88;15;18;48500.006683/2009-41;Água Limpa;12,100;Piracanjuba;171;25/01/2016;; -; -; -;;;;60;Paranaiba;2026-06-30 09:43:52.357000000;18;GO;Goiás;15;Eixo Disponível
2026-07-01;035418;PCH.PH.GO.035418-0;Barrinha;-17,94;-48,84;15;18;48500.006683/2009-41;Barrinha;8,100;Piracanjuba;171;25/01/2016;; -; -; -;;;;60;Paranaiba;2026-06-30 09:43:52.357000000;18;GO;Goiás;15;Eixo Disponível
2026-07-01;035419;PCH.PH.GO.035419-8;Rio Quente;-17,82;-48,82;15;18;48500.006683/2009-41;Rio Quente;7,800;Piracanjuba;171;25/01/2016;; -; -; -;;;;60;Paranaiba;2026-06-30 09:43:52.357000000;18;GO;Goiás;15;Eixo Disponível
2026-07-01;035421;PCH.PH.GO.035421-0;Taboa;-17,63;-48,91;15;18;48500.006683/2009-41;Taboa;5,300;Piracanjuba;171;25/01/2016;; -; -; -;;;;60;Paranaiba;2026-06-30 09:43:52.357000000;18;GO;Goiás;15;Eixo Disponível
2026-07-01;035423;PCH.PH.GO.035423-6;Cachoeirinha;-17,56;-48,92;15;18;48500.006683/2009-41;Cachoeirinha;5,100;Piracanjuba;171;25/01/2016;; -; -; -;;;;60;Paranaiba;2026-06-30 09:43:52.357000000;18;GO;Goiás;15;Eixo Disponível
2026-07-01;035425;PCH.PH.PR.035425-2;Dona Amélia II;-25,32;-53,46;13;39;48500.005643/2014-49;Dona Amélia II;9,900;Andrada;326;10/02/2016;2026-12-31 00:00:00;CJ - PCH Dona Amélia II Ltda - 63105315000113; -; -;;;;65;Parana, Iguacu;2026-06-30 09:43:52.357000000;39;PR;Paraná;13;DRS-PCH
2026-07-01;035429;PCH.PH.RS.035429-5;Barra do Telha;-28,59;-51,34;13;46;48500.005331/2014-35;Barra do Telha;8,213;Ituim;327;10/02/2016;2026-12-31 00:00:00;Barra do Telha Geração de Energia Elétrica SPE Ltda - 42823244000114; -; -;;;;86;Taquari;2026-06-30 09:43:52.357000000;46;RS;Rio Grande do Sul;13;DRS-PCH
2026-07-01;035431;PCH.PH.RS.035431-7;Taquaruçu;-27,57;-53,12;15;46;48500.005533/2002-36;Taquaruçu;18,000;da Várzea;1.400;28/05/2019;; -; -; -;;;;74;Uruguai, Varzea, Turvo e outros;2026-06-30 09:43:52.357000000;46;RS;Rio Grande do Sul;15;Eixo Disponível
2026-07-01;035432;PCH.PH.PR.035432-5;Água Branca;-24,91;-49,51;13;39;48500.006019/2020-15;Água Branca;15,000;Alto Ribeira;1.003;02/05/2022;2030-04-28 00:00:00;Água Branca Geração de Energia SPE Ltda - 51545316000108; -; -;;;;81;Ribeira do Iguape;2026-06-30 09:43:52.357000000;39;PR;Paraná;13;DRS-PCH
2026-07-01;035433;PCH.PH.PR.035433-3;Arrieiros (Antiga B (eixo III));-24,95;-49,58;15;39;48500.004771/2022-85;Arrieiros (Antiga B (eixo III));7,000;Ribeira;1.047;27/12/2001;; -; -; -;;;;81;Ribeira do Iguape;2026-06-30 09:43:52.357000000;39;PR;Paraná;15;Eixo Disponível
2026-07-01;035442;PCH.PH.MS.035442-2;Vila Jauru;-18,64;-54,35;13;30;48500.005947/2014-14;Vila Jauru;9,550;Jauru;675;26/03/2016;2026-12-31 00:00:00;Juruena Energia S.A. - 07283842000147; -; -;2.222;;;66;Alto Paraguai;2026-06-30 09:43:52.357000000;30;MS;Mato Grosso do Sul;13;DRS-PCH
2026-07-01;035443;PCH.PH.PR.035443-0;Foz do Santana;-25,90;-52,85;13;39;48500.004211/2007-91;Foz do Santana;25,000;Chopim;263;02/02/2016;2026-12-31 00:00:00;Silea Participações Ltda. - 03061741000170; -; -;;;;65;Parana, Iguacu;2026-06-30 09:43:52.357000000;39;PR;Paraná;13;DRS-PCH
2026-07-01;035447;PCH.PH.BA.035447-3;Gongoji Montante;-14,34;-39,48;13;10;48500.006402/2021-46;Gongoji Montante;10,000;Gongoji;4.044;01/11/2023;2031-11-01 00:00:00;Energias Complementares do Brasil – Geração de Energia Elétrica S.A - 09663142000103; -; -;;;;52;Contas;2026-06-30 09:43:52.357000000;10;BA;Bahia;13;DRS-PCH
2026-07-01;035452;PCH.PH.BA.035452-0;Taboquinha;-14,34;-39,22;13;10;48500.003219/2008-11;Taboquinha;26,302;de Contas;1.144;01/06/2018;2026-12-31 00:00:00;Taboquinha Energia S.A. - 11400828000153; -; -;;;;52;Contas;2026-06-30 09:43:52.357000000;10;BA;Bahia;13;DRS-PCH
2026-07-01;035460;PCH.PH.GO.035460-0;Guariroba;-18,97;-50,96;13;18;48500.901405/2011-11;Guariroba;22,000;Verde;335;19/02/2016;2026-12-31 00:00:00;Guariroba Energia S.A - 09652072000198; -; -;;;;60;Paranaiba;2026-06-30 09:43:52.357000000;18;GO;Goiás;13;DRS-PCH
2026-07-01;035468;PCH.PH.SC.035468-6;Encano;-26,88;-49,19;13;48;48500.006172/2005-98;Encano;12,000;Itajaí-Açu;2.838;11/09/2017;2026-12-31 00:00:00;Encano Energia Ltda. - 07889798000113; -; -;;;;83;Itajai;2026-06-30 09:43:52.357000000;48;SC;Santa Catarina;13;DRS-PCH
2026-07-01;035470;PCH.PH.PR.035470-8;Maria Theresa;-24,45;-51,00;13;39;48500.002329/2016-76;Maria Theresa;8,197;Alonzo ou do Peixe;3.826;24/11/2017;2026-12-31 00:00:00;Energética Rio Alonzo Ltda. - 13799662000115; -; -;;;;64;Parana, Paranapanema, Amambai e outros;2026-06-30 09:43:52.357000000;39;PR;Paraná;13;DRS-PCH
2026-07-01;035471;PCH.PH.PR.035471-6;Dona Rita;-24,41;-51,03;15;39;48500.002654/2011-24;Dona Rita;8,900;Alonzo ou do Peixe;351;17/02/2016;; -; -; -;;;;64;Parana, Paranapanema, Amambai e outros;2026-06-30 09:43:52.357000000;39;PR;Paraná;15;Eixo Disponível
2026-07-01;035473;PCH.PH.PR.035473-2;Galo Cinza;-24,29;-51,11;15;39;48500.002654/2011-24;Galo Cinza;6,500;Alonzo ou do Peixe;351;17/02/2016;; -; -; -;;;;64;Parana, Paranapanema, Amambai e outros;2026-06-30 09:43:52.357000000;39;PR;Paraná;15;Eixo Disponível
2026-07-01;035474;PCH.PH.PR.035474-0;da Alice;-24,23;-51,21;15;39;48500.002654/2011-24;da Alice;5,800;Alonzo ou do Peixe;351;17/02/2016;; -; -; -;;;;64;Parana, Paranapanema, Amambai e outros;2026-06-30 09:43:52.357000000;39;PR;Paraná;15;Eixo Disponível
2026-07-01;035475;PCH.PH.PR.035475-9;João Paulo;-24,18;-51,29;13;39;48500.002303/2016-28;João Paulo;6,300;Alonzo ou do Peixe;3.597;30/10/2017;2026-12-31 00:00:00;Energética Rio Alonzo Ltda. - 13799662000115; -; -;;;;64;Parana, Paranapanema, Amambai e outros;2026-06-30 09:43:52.357000000;39;PR;Paraná;13;DRS-PCH
2026-07-01;035476;PCH.PH.PR.035476-7;Totô;-24,14;-51,40;13;39;48500.002328/2016-21;Totô;5,170;Alonzo;4.027;19/12/2017;2026-12-31 00:00:00;Energética Rio Alonzo Ltda. - 13799662000115; -; -;;;;64;Parana, Paranapanema, Amambai e outros;2026-06-30 09:43:52.357000000;39;PR;Paraná;13;DRS-PCH
2026-07-01;035482;PCH.PH.PR.035482-1;Aliança;-25,85;-51,69;13;39;48500.002904/2016-31;Aliança;5,540;Lajeado Grande;3.484;19/10/2017;2026-12-31 00:00:00;Electra Power Geração de Energia S.A. - 07356196000109; -; -;;;;65;Parana, Iguacu;2026-06-30 09:43:52.357000000;39;PR;Paraná;13;DRS-PCH
2026-07-01;035486;PCH.PH.MT.035486-4;Cabaçal 1;-15,40;-58,09;13;32;48500.005944/2014-72;Cabaçal 1;13,500;Cabaçal;1.003;27/04/2016;2026-12-31 00:00:00;São José Energia PCHs Ltda. - 16689780000169; -; -;;;;66;Alto Paraguai;2026-06-30 09:43:52.357000000;32;MT;Mato Grosso;13;DRS-PCH
2026-07-01;035487;PCH.PH.MT.035487-2;Cabaçal 3;-15,12;-58,44;13;32;48500.000417/2015-52;Cabaçal 3;7,500;Cabaçal;432;02/03/2016;2026-12-31 00:00:00;Cabaçal Geração de Energia Elétrica Ltda. - 29180937000178; -; -;;;;66;Alto Paraguai;2026-06-30 09:43:52.357000000;32;MT;Mato Grosso;13;DRS-PCH
2026-07-01;035488;PCH.PH.MT.035488-0;Cabaçal 4;-15,11;-58,47;13;32;48500.005937/2014-71;Cabaçal 4;6,200;Cabaçal;676;14/03/2017;2026-12-31 00:00:00;São José Energia PCHs Ltda. - 16689780000169; -; -;;;;66;Alto Paraguai;2026-06-30 09:43:52.357000000;32;MT;Mato Grosso;13;DRS-PCH
2026-07-01;035489;PCH.PH.MT.035489-9;Cabaçal 5;-15,11;-58,48;13;32;48500.005936/2014-26;Cabaçal 5;6,500;Cabaçal;1.348;30/05/2016;2026-12-31 00:00:00;São José Energia PCHs Ltda. - 16689780000169; -; -;;;;66;Alto Paraguai;2026-06-30 09:43:52.357000000;32;MT;Mato Grosso;13;DRS-PCH
2026-07-01;035490;PCH.PH.MT.035490-2;Cabaçal 6;-15,11;-58,49;13;32;48500.005943/2014-28;Cabaçal 6;6,750;Cabaçal;1.366;30/05/2016;2026-12-31 00:00:00;São José Energia PCHs Ltda. - 16689780000169; -; -;;;;66;Alto Paraguai;2026-06-30 09:43:52.357000000;32;MT;Mato Grosso;13;DRS-PCH
2026-07-01;035493;UHE.PH.MT.035493-7;PPG-147;-12,97;-58,21;14;32;48500.005806/2022-01;PPG-147;44,001;Sacre;5.128;29/12/2023;2031-12-29 00:00:00;KA Energia Ltda - 22933611000125; -; -;;;;17;Tapajos;2026-06-30 09:43:52.357000000;32;MT;Mato Grosso;14;DRS-UHE
2026-07-01;035518;PCH.PH.SC.035518-6;Bom Retiro;-26,95;-52,22;13;48;48500.003529/2014-84;Bom Retiro;5,500;Irani;433;02/03/2016;2026-12-31 00:00:00;Rafitec S/A Indústria e Comércio de Sacarias - 00763251000128; -; -;;;;73;Uruguai, Chapeco,Passo Fundo e outros;2026-06-30 09:43:52.357000000;48;SC;Santa Catarina;13;DRS-PCH
2026-07-01;035519;PCH.PH.MT.035519-4;Perudá Montante;-14,81;-56,35;13;32;48500.003448/2016-46;Perudá Montante;20,280;Cuiabá;1921;07/07/2017;2026-12-31 00:00:00;Maturati Participações S.A. - 10774780000180;Meta Serviços e Projetos Ltda. - 01814714000150; -;;;;66;Alto Paraguai;2026-06-30 09:43:52.357000000;32;MT;Mato Grosso;13;DRS-PCH
2026-07-01;035520;PCH.PH.MT.035520-8;Angatu II Montante;-14,93;-56,42;13;32;48500.003442/2016-79;Angatu II Montante;19,890;Cuiabá;658;28/03/2018;2026-12-31 00:00:00;Maturati Participações S.A - 10774780000180;Meta Serviços e Projetos Ltda. - 01814714000150; -;;;;66;Alto Paraguai;2026-06-30 09:43:52.357000000;32;MT;Mato Grosso;13;DRS-PCH
2026-07-01;035521;PCH.PH.MT.035521-6;Angatu I;-15,15;-56,45;13;32;48500.003563/2016-11;Angatu I;27,005;Cuiabá;1.478;01/06/2017;2026-12-31 00:00:00;Maturati Participações S.A - 10774780000180;Meta Serviços e Projetos Ltda. - 01814174000150; -;;;;66;Alto Paraguai;2026-06-30 09:43:52.357000000;32;MT;Mato Grosso;13;DRS-PCH
2026-07-01;035522;PCH.PH.MT.035522-4;Iratambé II;-15,27;-56,29;13;32;48500.002543/2016-22;Iratambé II;20,137;Cuiabá;1.384;26/07/2017;2026-12-31 00:00:00;Maturati Participações S.A. - 10774780000180;Meta Serviços e Projetos Ltda - 01814174000150; -;;;;66;Alto Paraguai;2026-06-30 09:43:52.357000000;32;MT;Mato Grosso;13;DRS-PCH
2026-07-01;035523;PCH.PH.MT.035523-2;Iratambé I;-15,34;-56,28;13;32;48500.002542/2016-88;Iratambé I;29,620;Cuiabá;2.132;24/07/2017;2026-12-31 00:00:00;Maturati Participações S.A. - 10774780000180;Meta Serviços e Projetos Ltda - 01814174000150; -;;;;66;Alto Paraguai;2026-06-30 09:43:52.357000000;32;MT;Mato Grosso;13;DRS-PCH
2026-07-01;035524;PCH.PH.MT.035524-0;Guapira II;-15,55;-56,17;13;32;48500.001497/2017-25;Guapira II;26,682;Cuiabá;3.177;27/09/2017;2026-12-31 00:00:00;Maturati Participações S.A. - 10774780000180;Meta Serviços e Projetos Ltda. - 01814714000150; -;;;;66;Alto Paraguai;2026-06-30 09:43:52.357000000;32;MT;Mato Grosso;13;DRS-PCH
2026-07-01;035533;PCH.PH.MG.035533-0;Renato;-20,05;-47,37;13;26;48500.001148/2016-22;Renato;5,200;Ribeirão do Jaguara;2.372;18/08/2017;2026-12-31 00:00:00;Antônio Carlos Durso Carneiro - 36600245700; -; -;;;;61;Grande;2026-06-30 09:43:52.357000000;26;MG;Minas Gerais;13;DRS-PCH
2026-07-01;035537;PCH.PH.SC.035537-2;Ibicuí I;-27,54;-51,18;13;48;48500.002360/2005-56;Ibicuí I;11,500;Ibicuí;619;24/03/2016;2026-12-31 00:00:00;Centrais Elétricas Salto Correntes Ltda. - 05385070000129; -; -;;;;71;Canoas;2026-06-30 09:43:52.357000000;48;SC;Santa Catarina;13;DRS-PCH
2026-07-01;035547;PCH.PH.MG.035547-0;Piau;-18,69;-41,79;15;26;48500.003885/1999-25;Piau;17,000;Suaçuí Grande;418;03/07/2001;; -; -; -;;;;56;Doce;2026-06-30 09:43:52.357000000;26;MG;Minas Gerais;15;Eixo Disponível
2026-07-01;035548;PCH.PH.PR.035548-8;Lajeado Grande;-25,88;-51,73;13;39;48500.006169/2021-00;Lajeado Grande;6,502;Lajeado Grande;3.031;24/08/2023;2031-08-24 00:00:00;Minas PCH S.A - 07895905000116; -; -;;;;65;Parana, Iguacu;2026-06-30 09:43:52.357000000;39;PR;Paraná;13;DRS-PCH
2026-07-01;035552;PCH.PH.PR.035552-6;Ortigueira;-24,16;-50,85;13;39;48500.002234/2016-52;Ortigueira;5,100;Barra Grande;734;27/03/2017;2026-12-31 00:00:00;Hidroelétrica Ortigueira Ltda. - 23513647000112; -; -;1.218;;;64;Parana, Paranapanema, Amambai e outros;2026-06-30 09:43:52.357000000;39;PR;Paraná;13;DRS-PCH
2026-07-01;035553;PCH.PH.SC.035553-4;Vilincado;-27,10;-51,34;13;48;48500.006596/2014-51;Vilincado;9,000;do Peixe;1.947;30/03/2016;2026-12-31 00:00:00;Santa Cruz Energia Ltda. - 18548935000172; -; -;;;;72;Uruguai, Inhanduva, Peixe e outros;2026-06-30 09:43:52.357000000;48;SC;Santa Catarina;13;DRS-PCH
2026-07-01;035558;UHE.PH.SC.035558-5;Santo Antônio;-26,88;-52,81;14;48;48500.007663/2025-15;Santo Antônio;49,400;Chapecó;2.076;15/07/2025;2033-07-15 00:00:00;Santo Antônio do Pinhal Energia Elétrica S.A - 19901158000160; -; -;;;;73;Uruguai, Chapeco,Passo Fundo e outros;2026-06-30 09:43:52.357000000;48;SC;Santa Catarina;14;DRS-UHE
2026-07-01;035562;PCH.PH.AM.035562-3;Cachoeira do Meio;-8,84;-66,17;13;5;48500.000089/2015-94;Cachoeira do Meio;30,000;Ituxi;114 (1.797/2024, Suspenso);19/01/2017;;Norte Sul Geração de Energia Ltda - 15613686000163; -; -;;;;13;Amazonas, entre o lago Coari e o rio Purus;2026-06-30 09:43:52.357000000;5;AM;Amazonas;13;DRS-PCH
2026-07-01;035563;PCH.PH.AM.035563-1;Cachoeira São José;-8,80;-66,15;13;5;48500.000090/2015-19;Cachoeira São José;27,000;Endimari;174 (1.797/2024, Suspenso);20/01/2017;;Norte Sul Geração de Energia Ltda. - 15613686000163; -; -;;;;13;Amazonas, entre o lago Coari e o rio Purus;2026-06-30 09:43:52.357000000;5;AM;Amazonas;13;DRS-PCH
2026-07-01;035564;PCH.PH.AM.035564-0;Cachoeira Água Preta;-8,87;-66,18;13;5;48500.000091/2015-63;Cachoeira Água Preta;30,000;Ituxi;551(1.797/2024, Suspenso);23/02/2017;;Norte Sul Geração de Energia Ltda. - 15613686000163; -; -;;;;13;Amazonas, entre o lago Coari e o rio Purus;2026-06-30 09:43:52.357000000;5;AM;Amazonas;13;DRS-PCH
2026-07-01;035564;PCH.PH.AM.035564-0;Cachoeira Água Preta;-8,87;-66,18;13;5;48500.000091/2015-63;Cachoeira Água Preta;30,000;Ituxi;551 (1.797/2024, Suspenso);23/02/2017;;Electra Power Geração de Energia S/A - 07356196000109; -; -;;;;13;Amazonas, entre o lago Coari e o rio Purus;2026-06-30 09:43:52.357000000;5;AM;Amazonas;13;DRS-PCH
2026-07-01;035565;PCH.PH.AM.035565-8;Cachoeira Caracol;-8,80;-66,18;13;5;48500.000092/2015-16;Cachoeira Caracol;25,000;Endimari;609 (1.797/2024, Suspenso);21/06/2017;;Norte Sul Geração de Energia Ltda. - 15613686000163; -; -;;;;13;Amazonas, entre o lago Coari e o rio Purus;2026-06-30 09:43:52.357000000;5;AM;Amazonas;13;DRS-PCH
2026-07-01;035566;PCH.PH.AM.035566-6;Cachoeira Fortaleza;-8,83;-66,15;13;5;48500.000093/2015-52;Cachoeira Fortaleza;30,000;Ituxi;383 (1.797/2024, Suspenso);10/02/2017;;Norte Sul Geração de Energia Ltda. - 15613686000163; -; -;1.218;;;13;Amazonas, entre o lago Coari e o rio Purus;2026-06-30 09:43:52.357000000;5;AM;Amazonas;13;DRS-PCH
2026-07-01;035574;PCH.PH.PR.035574-7;Moquém;-24,67;-49,30;13;39;48500.003209/2021-53;Moquém;8,500;Itapirapuã;1.285;11/05/2023;2031-05-11 00:00:00;Moquém Energias Renováveis SPE Ltda - 52141698000169; -; -;;;;81;Ribeira do Iguape;2026-06-30 09:43:52.357000000;39;PR;Paraná;13;DRS-PCH
2026-07-01;035577;PCH.PH.GO.035577-1;Vãozinho;-14,48;-47,83;13;18;48500.003027/2004-00;Vãozinho;11,000;Ribeirão Cachoeirinha;1.340;25/05/2016;2026-12-31 00:00:00;SPE Vãozinho Energética Ltda - 22729358000192; -; -;;;;20;Alto Tocantins e rio Preto;2026-06-30 09:43:52.357000000;18;GO;Goiás;13;DRS-PCH
2026-07-01;035579;PCH.PH.GO.035579-8;Larguinha;-13,60;-47,97;15;18;48500.005865/2009-02;Larguinha;5,400;São Félix e Santo Antônio;810;05/04/2016;; -; -; -;;;;21;Tocantins, entre os rios Preto e Parana;2026-06-30 09:43:52.357000000;18;GO;Goiás;15;Eixo Disponível
2026-07-01;035581;PCH.PH.GO.035581-0;Roda Grande I;-13,59;-47,87;15;18;48500.005865/2009-02;Roda Grande I;12,400;São Félix e Santo Antônio;810;05/04/2016;; -; -; -;;;;21;Tocantins, entre os rios Preto e Parana;2026-06-30 09:43:52.357000000;18;GO;Goiás;15;Eixo Disponível
2026-07-01;035582;PCH.PH.GO.035582-8;Da Serra;-13,58;-47,84;15;18;48500.005865/2009-02;Da Serra;5,800;São Félix e Santo Antônio;810;05/04/2016;; -; -; -;;;;21;Tocantins, entre os rios Preto e Parana;2026-06-30 09:43:52.357000000;18;GO;Goiás;15;Eixo Disponível
2026-07-01;035584;PCH.PH.GO.035584-4;Cachoeirinha;-13,58;-47,81;15;18;48500.005865/2009-02;Cachoeirinha;5,500;São Félix e Santo Antônio;810;05/04/2016;; -; -; -;;;;21;Tocantins, entre os rios Preto e Parana;2026-06-30 09:43:52.357000000;18;GO;Goiás;15;Eixo Disponível
2026-07-01;035585;PCH.PH.MS.035585-2;Dona Inês;-17,74;-54,84;13;30;48500.003735/2016-56;Dona Inês;7,500;Córrego Benjamim;3.713;10/11/2017;2026-12-31 00:00:00;Dona Inês Geração de Energia Elétrica Ltda. - 30533354000162; -; -;;;;66;Alto Paraguai;2026-06-30 09:43:52.357000000;30;MS;Mato Grosso do Sul;13;DRS-PCH
2026-07-01;035589;PCH.PH.GO.035589-5;Ponte de Pedra 02;-17,23;-50,75;13;18;48500.002059/2006-14;Ponte de Pedra 02;18,000;Ponte de Pedra;1.130;26/06/2018;2026-12-31 00:00:00;Paraúna Energia Ltda - 12153510000188; -; -;;;;60;Paranaiba;2026-06-30 09:43:52.357000000;18;GO;Goiás;13;DRS-PCH
2026-07-01;035590;PCH.PH.GO.035590-9;COR 118;-17,43;-48,29;13;18;48500.005621/2014-89;Cor 118;30,000;Corumbá;3.380;26/12/2016;2026-12-31 00:00:00;Optigera S.A. - 08290636000127;VOTENER - Votorantim Comercializadora de Energia Ltda. - 03984862000194; -;;;;60;Paranaiba;2026-06-30 09:43:52.357000000;18;GO;Goiás;13;DRS-PCH
2026-07-01;035591;PCH.PH.GO.035591-7;COR 108;-17,46;-48,35;13;18;48500.000429/2015-87;Cor 108;30,000;Corumbá;3.346;26/12/2016;2026-12-31 00:00:00;Tradener Ltda. - 02691745000170;Lausimar Aparecida Lôbo Arruda. - 27718700100;Ênio Rincon Arruda, Euclides Barbosa da Silva,  Maura Rodrigues da Silva, Giovana Maria Rincon Gonçalves Lôbo,  Guilherme Rodrigues Lôbo. - 234.898.631-00, 014.018.741-34, 010.247.641-17, 335.842.571-15, 277.880.081-68.;;;;60;Paranaiba;2026-06-30 09:43:52.357000000;18;GO;Goiás;13;DRS-PCH
2026-07-01;035592;PCH.PH.GO.035592-5;COR 113;-17,45;-48,31;13;18;48500.005632/2014-69;Cor 113;30,000;Corumbá;3.374;26/12/2016;2026-12-31 00:00:00;Optigera S.A. - 08290636000127;VOTENER - Votorantim Comercializadora de Energia Ltda. - 03984862000194; -;;;;60;Paranaiba;2026-06-30 09:43:52.357000000;18;GO;Goiás;13;DRS-PCH
2026-07-01;035593;PCH.PH.GO.035593-3;COR 125;-17,39;-48,26;13;18;48500.000409/2015-14;Cor 125;30,000;Corumbá;3.399;30/12/2016;2026-12-31 00:00:00;Tradener Ltda. - 02691745000170;Norma Santinoni Vera - 01111558787;Francisco Manoel da Rocha Pombo Vera Filho,	 Nivaldo de Paula Ribeiro	, Maria José Ribeiro. - 055.938.677-04	, 076.835.451-04,	 010.912.781-13.;;;;60;Paranaiba;2026-06-30 09:43:52.357000000;18;GO;Goiás;13;DRS-PCH
2026-07-01;035594;PCH.PH.GO.035594-1;COR 140;-17,33;-48,23;13;18;48500.005635/2014-01;Cor 140;30,000;Corumbá;3.424;03/01/2017;2026-12-31 00:00:00;Optigera S.A. - 08290636000127;VOTENER - Votorantim Comercializadora de Energia Ltda. - 03984862000194; -;;;;60;Paranaiba;2026-06-30 09:43:52.357000000;18;GO;Goiás;13;DRS-PCH
2026-07-01;035595;PCH.PH.GO.035595-0;Cor 174;-17,19;-48,03;15;18;48500.000259/2015-31;Cor 174;24,000;Corumbá;1.711;16/06/2025;; -; -; -;;;;60;Paranaiba;2026-06-30 09:43:52.357000000;18;GO;Goiás;15;Eixo Disponível
2026-07-01;035596;PCH.PH.GO.035596-8;COR 181;-17,15;-48,01;13;18;48500.005620/2014-34;Cor 181;25,000;Corumbá;307;06/02/2017;2026-12-31 00:00:00;OPTIGERA S.A. - 08290636000127;VOTENER - Votorantim Comercializadora de Energia Ltda. - 03984862000194; -;;;;60;Paranaiba;2026-06-30 09:43:52.357000000;18;GO;Goiás;13;DRS-PCH
2026-07-01;035597;PCH.PH.GO.035597-6;COR 188;-17,10;-48,00;13;18;48500.005623/2014-78;Cor 188;20,000;Corumbá;331;08/02/2017;2026-12-31 00:00:00;Optigera S.A. - 08290636000127;VOTENER - Votorantim Comercializadora de Energia Ltda. - 03984862000194; -;;;;60;Paranaiba;2026-06-30 09:43:52.357000000;18;GO;Goiás;13;DRS-PCH
2026-07-01;035598;PCH.PH.GO.035598-4;Cor 194;-17,07;-47,98;15;18;48500.006082/2006-88;Cor 194;21,700;Corumbá;4.319;27/12/2013;; -; -; -;;;;60;Paranaiba;2026-06-30 09:43:52.357000000;18;GO;Goiás;15;Eixo Disponível
2026-07-01;035599;PCH.PH.GO.035599-2;COR 201;-17,04;-47,94;13;18;48500.005627/2014-56;Cor 201;20,000;Corumbá;464;09/03/2017;2026-12-31 00:00:00;Optigera S.A. - 08290636000127;VOTENER - Votorantim Comercializadora de Energia Ltda. - 03984862000194; -;;;;60;Paranaiba;2026-06-30 09:43:52.357000000;18;GO;Goiás;13;DRS-PCH
2026-07-01;035600;PCH.PH.GO.035600-0;Cor 207;-17,00;-47,92;15;18;48500.006082/2006-88;Cor 207;21,600;Corumbá;4.319;27/12/2013;; -; -; -;;;;60;Paranaiba;2026-06-30 09:43:52.357000000;18;GO;Goiás;15;Eixo Disponível
2026-07-01;035601;PCH.PH.GO.035601-8;COR 223;-16,91;-47,89;13;18;48500.005625/2014-67;Cor 223;20,000;Corumbá;711;20/04/2017;2026-12-31 00:00:00;Optigera S.A. - 08290636000127;VOTENER - Votorantim  Comercializadora de Energia Ltda - 03984862000194; -;;;;60;Paranaiba;2026-06-30 09:43:52.357000000;18;GO;Goiás;13;DRS-PCH
2026-07-01;035602;PCH.PH.GO.035602-6;Cor 232;-16,86;-47,89;15;18;48500.006082/2006-88;Cor 232;22,000;Corumbá;4.319;27/12/2013;; -; -; -;;;;60;Paranaiba;2026-06-30 09:43:52.357000000;18;GO;Goiás;15;Eixo Disponível
2026-07-01;035606;PCH.PH.GO.035606-9;Cor 80;-17,61;-48,44;13;18;48500.005633/2014-11;Cor 80;20,000;Corumbá;1.776;14/08/2018;2026-12-31 00:00:00;Optigera S.A. - 08290636000127;VOTENER - Votorantim Comercializadora de Energia Ltda. - 03984862000194; -;;;;60;Paranaiba;2026-06-30 09:43:52.357000000;18;GO;Goiás;13;DRS-PCH
2026-07-01;035607;PCH.PH.GO.035607-7;Cor 92;-17,55;-48,38;13;18;48500.005629/2014-45;Cor 92;30,000;Corumbá;1.459;06/06/2016;2026-12-31 00:00:00;Optigera S.A. - 08290636000127;VOTENER - Votorantim Comercializadora de Energia Ltda. - 03984862000194; -;;;;60;Paranaiba;2026-06-30 09:43:52.357000000;18;GO;Goiás;13;DRS-PCH
2026-07-01;035608;PCH.PH.GO.035608-5;Cor 151;-17,28;-48,14;13;18;48500.005634/2014-58;Cor 151;20,000;Corumbá;1.687;04/07/2016;2026-12-31 00:00:00;Optigera S.A. - 08290636000127;VOTENER - Votorantim Comercializadora de Energia Ltda. - 03984862000194; -;;;;60;Paranaiba;2026-06-30 09:43:52.357000000;18;GO;Goiás;13;DRS-PCH
2026-07-01;035609;PCH.PH.GO.035609-3;Cor 164;-17,23;-48,08;13;18;48500.005626/2014-10;Cor 164;20,000;Corumbá;1.688;04/07/2016;2026-12-31 00:00:00;Optigera S.A. - 08290636000127;VOTENER - Votorantim Comercializadora de Energia Ltda. - 03984862000194; -;;;;60;Paranaiba;2026-06-30 09:43:52.357000000;18;GO;Goiás;13;DRS-PCH
2026-07-01;035610;PCH.PH.PR.035610-7;Pituquinhas;-25,75;-51,98;11;39;48500.032516/2025-75;Pituquinhas;11,800;Capão Grande;3.261;07/11/2025;2027-01-07 00:00:00;Azeana Serviços Corporativos Ltda - 31680319000139; -; -;;;;65;Parana, Iguacu;2026-06-30 09:43:52.357000000;39;PR;Paraná;11;DRI-PCH
2026-07-01;035619;PCH.PH.SC.035619-0;Bruaca;-26,42;-49,38;13;48;48500.002724/2003-17;Bruaca;15,000;das Bruaca;971;04/05/2016;2026-12-31 00:00:00;Hanza Energia Ltda - 05469130000191; -; -;;;;82;Cachoeira, Sao Joao e outros;2026-06-30 09:43:52.357000000;48;SC;Santa Catarina;13;DRS-PCH
2026-07-01;035623;PCH.PH.MT.035623-9;Santiago;-16,71;-53,83;15;32;48500.006751/2011-96;Santiago;25,570;Prata ou Tadarimana;995;10/05/2016;; -; -; -;;;;66;Alto Paraguai;2026-06-30 09:43:52.357000000;32;MT;Mato Grosso;15;Eixo Disponível
2026-07-01;035624;PCH.PH.MT.035624-7;Bom Jesus;-16,73;-53,83;13;32;48500.003562/2016-76;Bom Jesus;8,750;Prata ou Tadarimana;4.012;04/12/2017;2026-12-31 00:00:00;Bom Jesus Agropecuária Ltda. - 08895796000108; -; -;;;;66;Alto Paraguai;2026-06-30 09:43:52.357000000;32;MT;Mato Grosso;13;DRS-PCH
2026-07-01;035638;PCH.PH.MT.035638-7;Foz do Buriti (Antiga A2E18);-12,87;-58,40;13;32;48500.000493/2015-68;Foz do Buriti (Antiga A2E18);24,000;Buriti;1.066;20/05/2016;2026-12-31 00:00:00;Atiaia Energia S.A. - 06015859000150; -; -;;;;17;Tapajos;2026-06-30 09:43:52.357000000;32;MT;Mato Grosso;13;DRS-PCH
2026-07-01;035639;PCH.PH.MT.035639-5;Porto do Buriti (Antiga A2E17);-12,93;-58,43;13;32;48500.000492/2015-13;Porto do Buriti (Antiga A2E17);19,000;Buriti;1.067;20/05/2016;2026-12-31 00:00:00;Atiaia Energia S.A. - 06015859000150; -; -;;;;17;Tapajos;2026-06-30 09:43:52.357000000;32;MT;Mato Grosso;13;DRS-PCH
2026-07-01;035758;PCH.PH.MS.035758-8;Figueirão;-18,58;-54,23;13;30;48500.005946/2014-61;Figueirão;9,000;Jauru;1.498;08/06/2016;2026-12-31 00:00:00;Juruena Energia S.A. - 07283842000147; -; -;;;;66;Alto Paraguai;2026-06-30 09:43:52.357000000;30;MS;Mato Grosso do Sul;13;DRS-PCH
2026-07-01;035765;PCH.PH.PR.035765-0;Tourinho;-24,83;-53,05;13;39;48500.005046/2021-43;Tourinho;7,000;Tourinho;1.928;23/06/2023;2031-06-23 00:00:00;PCH Tourinho Energética SPE Ltda - 48898440000134; -; -;;;;64;Parana, Paranapanema, Amambai e outros;2026-06-30 09:43:52.357000000;39;PR;Paraná;13;DRS-PCH
2026-07-01;035776;PCH.PH.GO.035776-6;Jacaré do Caiapó;-16,37;-51,42;13;18;48500.003926/2006-10;Jacaré do Caiapó;26,000;Caiapó;1.508;08/06/2016;2026-12-31 00:00:00;Jacaré Energética S.A. - 10604097000103; -; -;;;;24;Alto Araguaia e rio Claro;2026-06-30 09:43:52.357000000;18;GO;Goiás;13;DRS-PCH
2026-07-01;035779;PCH.PH.SP.035779-0;Cachoeira do Diamante;-22,63;-45,49;13;50;48500.005686/2014-24;Cachoeira do Diamante;5,890;Sapucaí-Guaçu;1.609;21/06/2016;2026-12-31 00:00:00;Mineração Correa Ltda. - 46744959000132; -; -;;;;61;Grande;2026-06-30 09:43:52.357000000;50;SP;São Paulo;13;DRS-PCH
2026-07-01;035780;PCH.PH.PR.035780-4;Foz do Capão Grande;-25,76;-52,02;11;39;48500.032517/2025-10;Foz do Capão Grande;9,700;Capão Grande;3.262;07/11/2025;2027-11-07 00:00:00;Azeana Seviços Corporativos Ltda - 31680319000139; -; -;;;;65;Parana, Iguacu;2026-06-30 09:43:52.357000000;39;PR;Paraná;11;DRI-PCH
2026-07-01;035781;PCH.PH.MG.035781-2;Fogos;-15,95;-46,42;13;26;48500.005142/2006-72;Fogos;13,600;São Miguel;1.494;01/08/2016;2026-12-31 00:00:00;Morada Construção Terraplanagem e Pavimentação Ltda. - 16383556000144; -; -;;;;44;Verde Grande - Sao Francisco;2026-06-30 09:43:52.357000000;26;MG;Minas Gerais;13;DRS-PCH
2026-07-01;035794;UHE.PH.MG.035794-4;São Miguel;-21,23;-44,75;15;26;48500.001961/2002-16;São Miguel;64,500;Grande;394;30/03/2005;; -; -; -;;;;61;Grande;2026-06-30 09:43:52.357000000;26;MG;Minas Gerais;15;Eixo Disponível
2026-07-01;035796;PCH.PH.MT.035796-0;CC-44-03;-14,02;-59,68;13;32;48500.003475/2014-57;CC-44-03;9,750;Ribeirão Quarenta e Quatro;2.015;29/07/2016;2026-12-31 00:00:00;Césio Silva Lemos - 70542627868; -; -;;;;15;Madeira;2026-06-30 09:43:52.357000000;32;MT;Mato Grosso;13;DRS-PCH
2026-07-01;035797;PCH.PH.PR.035797-9;Salto Grande;-23,02;-52,04;13;39;48500.001695/2020-94;Salto Grande;10,000;Pirapó;2.424;16/08/2021;2029-08-16 00:00:00;Baer Participações Ltda - 35607053000150; -; -;;;;64;Parana, Paranapanema, Amambai e outros;2026-06-30 09:43:52.357000000;39;PR;Paraná;13;DRS-PCH
2026-07-01;035803;PCH.PH.MG.035803-7;do Tombo;-22,83;-46,13;13;26;48500.003551/2021-53;Do Tombo;14,000;Jaguari;2.765;13/09/2024;2032-09-13 00:00:00;Brix Empreendimentos Imobiliários Ltda. - 12254395000138; -; -;;;;62;Parana, Tiete e outros;2026-06-30 09:43:52.357000000;26;MG;Minas Gerais;13;DRS-PCH
2026-07-01;035806;UHE.PH.TO.035806-1;Monte Santo;,00;,00;14;51;48500.902721/2014-53;Monte Santo;38,000;do Sono;2.725;14/12/2018;2026-12-31 00:00:00;Minas PCH S.A. - 07895905000116;Energias Complementares do Brasil - Geração de Energia Elétrica S.A. - 09663142000103; -;;;;22;Tocantins, entre os rios Parana e do Sono;2026-06-30 09:43:52.357000000;51;TO;Tocantins;14;DRS-UHE
2026-07-01;035841;PCH.PH.PR.035841-0;Tuneiras II;-24,73;-51,53;13;39;48500.003847/2010-11;Tuneiras II;6,000;Pitanga;1.832;14/07/2016;2026-12-31 00:00:00;ITAGUAÇU ENERGIA S.A - 04971987000142; -; -;;;;64;Parana, Paranapanema, Amambai e outros;2026-06-30 09:43:52.357000000;39;PR;Paraná;13;DRS-PCH
2026-07-01;035842;PCH.PH.MT.035842-8;Galera;-14,49;-59,45;13;32;48500.005841/2010-89;Galera;13,000;Galera;2.398;22/09/2016;2026-12-31 00:00:00;Rio Galera Energética S.A - 09629925000170; -; -;;;;15;Madeira;2026-06-30 09:43:52.357000000;32;MT;Mato Grosso;13;DRS-PCH
2026-07-01;035845;PCH.PH.RS.035845-2;Duas Pontes;-27,32;-53,27;13;46;48500.003839/2016-61;Duas Pontes;25,000;da Várzea;424;15/02/2017;2026-12-31 00:00:00;PEC Energia S.A. - 07157459000142; -; -;;;;74;Uruguai, Varzea, Turvo e outros;2026-06-30 09:43:52.357000000;46;RS;Rio Grande do Sul;13;DRS-PCH
2026-07-01;035846;PCH.PH.RS.035846-0;São Miguel;-27,40;-53,21;13;46;48500.003840/2016-95;São Miguel;27,000;da Várzea;3.048;25/11/2016;2026-12-31 00:00:00;PEC Energia S.A. - 07157459000142; -; -;;;;74;Uruguai, Varzea, Turvo e outros;2026-06-30 09:43:52.357000000;46;RS;Rio Grande do Sul;13;DRS-PCH
2026-07-01;035847;PCH.PH.RS.035847-9;Rodeio Bonito;-27,45;-53,16;15;46;48500.003929/2009-22;Rodeio Bonito;24,100;da Várzea;1.921;21/07/2016;; -; -; -;;;;74;Uruguai, Varzea, Turvo e outros;2026-06-30 09:43:52.357000000;46;RS;Rio Grande do Sul;15;Eixo Disponível
2026-07-01;035882;PCH.PH.SC.035882-7;Pedrinhas;-28,42;-49,12;15;48;48500.000440/2010-32;Pedrinhas;5,120;Tubarão;2.018;01/08/2016;; -; -; -;;;;84;Tubarao, Capivari e outros;2026-06-30 09:43:52.357000000;48;SC;Santa Catarina;15;Eixo Disponível
2026-07-01;035898;PCH.PH.MG.035898-3;Mauá;-18,65;-48,10;13;26;48500.000034/2014-01;Mauá;5,350;Ribeirão Jordão;2.183;18/08/2016;2026-12-31 00:00:00;Autazes Empreendimentos e Participações Ltda. - 21598356000149; -; -;;;;60;Paranaiba;2026-06-30 09:43:52.357000000;26;MG;Minas Gerais;13;DRS-PCH
2026-07-01;035899;PCH.PH.MG.035899-1;Piãozinho;-18,60;-48,12;13;26;48500.000036/2014-92;Piãozinho;5,050;Ribeirão Jordão;2.184;18/08/2016;2026-12-31 00:00:00;Autazes Empreendimentos e Participações Ltda. - 21598356000149; -; -;;;;60;Paranaiba;2026-06-30 09:43:52.357000000;26;MG;Minas Gerais;13;DRS-PCH
2026-07-01;036898;PCH.PH.MG.036898-9;Bocaina;-18,47;-48,10;13;26;48500.000035/2014-48;Bocaina;5,750;Ribeirão Jordão;2.185;18/08/2016;2026-12-31 00:00:00;Autazes Empreendimentos e Participações Ltda. - 21598356000149; -; -;;;;60;Paranaiba;2026-06-30 09:43:52.357000000;26;MG;Minas Gerais;13;DRS-PCH
2026-07-01;036915;PCH.PH.PR.036915-2;Açungui 2D;-25,08;-49,59;13;39;48500.003382/2014-22;Açungui 2D;12,000;Açungui;2.295;02/09/2016;2026-12-31 00:00:00;Translead Empreendimentos e Incorporações Ltda. - 81172264000124; -; -;;;;81;Ribeira do Iguape;2026-06-30 09:43:52.357000000;39;PR;Paraná;13;DRS-PCH
2026-07-01;036918;PCH.PH.SC.036918-7;Frei Rogério;-27,22;-50,72;13;48;48500.004745/2010-13;Frei Rogério;12,300;Marombas;2.758;19/10/2016;2026-12-31 00:00:00;Energética Frei Rogério S.A. - 10681130000190; -; -;;;;71;Canoas;2026-06-30 09:43:52.357000000;48;SC;Santa Catarina;13;DRS-PCH
2026-07-01;036920;PCH.PH.PR.036920-9;D6;-23,89;-50,97;13;39;48500.005584/2016-71;D6;10,000;Apucaranae o afluente, Rio Preto;1.003;09/05/2018;2026-12-31 00:00:00;Apucarana Energética Ltda. - 26555654000175; -; -;;;;64;Parana, Paranapanema, Amambai e outros;2026-06-30 09:43:52.357000000;39;PR;Paraná;13;DRS-PCH
2026-07-01;036923;PCH.PH.SC.036923-3;Rincão;-28,26;-50,57;3;48;48500.002446/2007-49;Rincão;14,957;Pelotinhas;3847;18/11/2013;;Lautis Empreendimentos e Participações Ltda. - 09432118000163; -; -;;;;70;Pelotas;2026-06-30 09:43:52.357000000;48;SC;Santa Catarina;3;Aceito
2026-07-01;036935;PCH.PH.RS.036935-7;Leão;-28,14;-50,91;13;46;48500.005925/2013-65;Leão;6,200;Leão;3.082;29/11/2016;2026-12-31 00:00:00;Central Elétrica Caibi Ltda. - 09439831000139; -; -;;;;70;Pelotas;2026-06-30 09:43:52.357000000;46;RS;Rio Grande do Sul;13;DRS-PCH
2026-07-01;036939;PCH.PH.PR.036939-0;Capela;-25,81;-51,99;13;39;48500.002253/2023-16;Capela;8,000;Lajeado das Torres;2.765;13/09/2024;2032-09-13 00:00:00;Alicerce Administradora de Bens Ltda - 40384792000160; -; -;;;;65;Parana, Iguacu;2026-06-30 09:43:52.357000000;39;PR;Paraná;13;DRS-PCH
2026-07-01;036940;PCH.PH.SC.036940-3;Diamante IV;-27,14;-50,70;13;48;48500.005645/2016-08;Diamante IV;21,750;Correntes;610;08/03/2017;2026-12-31 00:00:00;CESC - Centrais Elétricas Salto Correntes Ltda - 05385070000129; -; -;;;;71;Canoas;2026-06-30 09:43:52.357000000;48;SC;Santa Catarina;13;DRS-PCH
2026-07-01;036942;PCH.PH.PR.036942-0;Rio dos Índios;-23,48;-52,62;13;39;48500.004894/2020-54;Rio dos Índios;9,500;Dos Índios;2.058;01/08/2022;2030-08-01 00:00:00;ESB Engenharia Ltda. - 26932738000180; -; -;;;;64;Parana, Paranapanema, Amambai e outros;2026-06-30 09:43:52.357000000;39;PR;Paraná;13;DRS-PCH
2026-07-01;036952;PCH.PH.MS.036952-7;Bocaina;-19,26;-55,00;13;30;48500.007094/2019-51;Bocaina;9,900;Negrinho;2.694;09/09/2021;2029-09-09 00:00:00;Bocaina Geração de Energia Elétrica SPE Ltda - 44934739000146; -; -;;;;66;Alto Paraguai;2026-06-30 09:43:52.357000000;30;MS;Mato Grosso do Sul;13;DRS-PCH
2026-07-01;037121;PCH.PH.AL.037121-1;Pilar;-9,56;-36,01;15;3;48500.003595/2009-97;Pilar;6,000;Paraíba;2.564;18/10/2016;; -; -; -;;;;39;Litoraneas de Pernambuco e Alagoas;2026-06-30 09:43:52.357000000;3;AL;Alagoas;15;Eixo Disponível
2026-07-01;037122;PCH.PH.AL.037122-0;Cajueiro;-9,38;-36,22;15;3;48500.003595/2009-97;Cajueiro;6,500;Paraíba;2.564;18/10/2016;; -; -; -;;;;39;Litoraneas de Pernambuco e Alagoas;2026-06-30 09:43:52.357000000;3;AL;Alagoas;15;Eixo Disponível
2026-07-01;037125;PCH.PH.GO.037125-4;Cocal;-15,09;-47,89;13;18;48500.003519/2007-10;Cocal;7,000;Arraial Velho;2.601;05/10/2016;2026-12-31 00:00:00;Rimex Energética e Mineradora Ltda. - 01021690000128; -; -;;;;20;Alto Tocantins e rio Preto;2026-06-30 09:43:52.357000000;18;GO;Goiás;13;DRS-PCH
2026-07-01;037129;PCH.PH.PR.037129-7;Coqueiro;-24,13;-51,56;13;39;48500.000132/2020-89;Coqueiro;28,100;Ivaí;2.648;02/09/2021;2029-09-02 00:00:00;Norte Participações e Investimentos S.A. - 03247725000177; -; -;;;;64;Parana, Paranapanema, Amambai e outros;2026-06-30 09:43:52.357000000;39;PR;Paraná;13;DRS-PCH
2026-07-01;037133;PCH.PH.MS.037133-5;Rio Negro;-19,44;-55,02;13;30;48500.000097/2020-06;Rio Negro;5,900;Negro;1.134;03/05/2022;2030-05-03 00:00:00;Abelardo Benigno & Costa Empreendimentos Ltda - 13248384000108; -; -;;;;66;Alto Paraguai;2026-06-30 09:43:52.357000000;30;MS;Mato Grosso do Sul;13;DRS-PCH
2026-07-01;037138;PCH.PH.GO.037138-6;Goiatuba;-18,07;-49,49;15;18;48500.001485/2009-91;Goiatuba;18,000;Meia Ponte;2.698;14/09/2010;; -; -; -;;;;60;Paranaiba;2026-06-30 09:43:52.357000000;18;GO;Goiás;15;Eixo Disponível
2026-07-01;037139;PCH.PH.SC.037139-4;Aldeia;-27,17;-52,52;13;48;48500.006492/2011-01;Aldeia;14,500;Irani;2.667;07/10/2016;2026-12-31 00:00:00;Elbrax Geração de Energias Limpas Ltda. - 11781698000146; -; -;;;;73;Uruguai, Chapeco,Passo Fundo e outros;2026-06-30 09:43:52.357000000;48;SC;Santa Catarina;13;DRS-PCH
2026-07-01;037147;UHE.PH.MT.037147-5;JUI-029B;-12,79;-59,08;14;32;48500.020865/2025-44;JUI-029b;48,000;Juína;3.105;21/10/2025;2033-10-21 00:00:00;KA Energia Ltda - 22933611000125; -; -;;;;17;Tapajos;2026-06-30 09:43:52.357000000;32;MT;Mato Grosso;14;DRS-UHE
2026-07-01;037148;PCH.PH.MS.037148-3;Guilhermão;-19,30;-51,11;13;30;48500.000898/2017-68;Guilhermão;24,001;Aporé;1.017;09/05/2018;2026-12-31 00:00:00;Minas PCH S.A. - 07895905000116; -; -;;;;60;Paranaiba;2026-06-30 09:43:52.357000000;30;MS;Mato Grosso do Sul;13;DRS-PCH
2026-07-01;037149;PCH.PH.MS.037149-1;Veludo;-19,27;-51,23;13;30;48500.000900/2017-70;Veludo;23,000;Aporé;1.026;11/05/2018;2026-12-31 00:00:00;Minas PCH S.A. - 07895905000116; -; -;;;;60;Paranaiba;2026-06-30 09:43:52.357000000;30;MS;Mato Grosso do Sul;13;DRS-PCH
2026-07-01;037153;PCH.PH.GO.037153-0;Ritinha;-19,13;-51,66;13;18;48500.000901/2017-43;Ritinha;20,000;Aporé;1.532;12/07/2018;2026-12-31 00:00:00;Minas PCH S.A. - 07895905000116; -; -;;;;60;Paranaiba;2026-06-30 09:43:52.357000000;18;GO;Goiás;13;DRS-PCH
2026-07-01;037154;PCH.PH.MS.037154-8;Cassilândia;-19,11;-51,71;13;30;48500.005947/2020-54;Cassilândia;20,002;Aporé;2.296;24/08/2022;2030-08-24 00:00:00;Rio Chopim Energia Ltda. - 19846022000103; -; -;;;;60;Paranaiba;2026-06-30 09:43:52.357000000;30;MS;Mato Grosso do Sul;13;DRS-PCH
2026-07-01;037155;PCH.PH.GO.037155-6;Peixe;-19,08;-51,78;13;18;48500.005657/2019-77;Peixe;20,000;Aporé;712;26/03/2021;2029-03-26 00:00:00;Peixe Geração de Energia Elétrica SPE Ltda - 44626477000152; -; -;;;;60;Paranaiba;2026-06-30 09:43:52.357000000;18;GO;Goiás;13;DRS-PCH
2026-07-01;037156;PCH.PH.GO.037156-4;Egídio Botta (Antiga Grande);-19,05;-51,82;13;18;48500.003048/2020-17;Egídio Botta (Antiga Grande);12,000;Aporé;3.652;17/11/2021;2029-11-17 00:00:00;Grande Geração de Energia Elétrica SPE Ltda. - 45943844000104; -; -;;;;60;Paranaiba;2026-06-30 09:43:52.357000000;18;GO;Goiás;13;DRS-PCH
2026-07-01;037157;PCH.PH.MS.037157-2;Aporé;-18,97;-51,97;13;30;48500.003047/2020-72;Aporé;9,000;Rio Aporé;242;29/01/2024;2032-01-29 00:00:00;Enebras Projetos de Usinas Hidrelétricas - 06329975000144;Ecoz Empreendimentos Imobiliários Ltda - 13030070000134;Enebras Participações S.A - 41.413.151/0001-59;;;;60;Paranaiba;2026-06-30 09:43:52.357000000;30;MS;Mato Grosso do Sul;13;DRS-PCH
2026-07-01;037158;UHE.PH.GO.037158-0;Prata;-18,86;-52,17;15;19;48500.001486/2009-35;Prata;12,400;Aporé;3.246;16/12/2016;; -; -; -;;;;60;Paranaiba;2026-06-30 09:43:52.357000000;19;GO/MS;Goiás / Mato Grosso do Sul;15;Eixo Disponível
2026-07-01;037159;PCH.PH.PR.037159-9;Marrecas;-24,86;-51,37;15;39;48500.000739/2009-53;Marrecas;5,150;Marrecas;3.443;11/12/2019;; -; -; -;;;;64;Parana, Paranapanema, Amambai e outros;2026-06-30 09:43:52.357000000;39;PR;Paraná;15;Eixo Disponível
2026-07-01;037160;PCH.PH.MG.037160-2;Samambaia;-19,17;-48,73;13;26;48500.004044/2012-46;Samambaia;10,076;Tijuco;2.763;19/10/2016;2026-12-31 00:00:00;Samambaia Energia SPE Ltda - 15491116000148; -; -;;;;60;Paranaiba;2026-06-30 09:43:52.357000000;26;MG;Minas Gerais;13;DRS-PCH
2026-07-01;037162;PCH.PH.SC.037162-9;Goiabeiras;-26,70;-52,00;13;48;48500.007462/2008-17;Goiabeiras;12,300;Chapecó;3.010;22/11/2016;2026-12-31 00:00:00;Goiabeiras Geradora de Energia Elétrica Ltda. - 09437957000174; -; -;;;;73;Uruguai, Chapeco,Passo Fundo e outros;2026-06-30 09:43:52.357000000;48;SC;Santa Catarina;13;DRS-PCH
2026-07-01;037163;PCH.PH.MT.037163-7;Foz do Batovi;-15,89;-53,29;13;32;48500.005583/2011-11;Foz do Batovi;22,500;das Garças;133;20/01/2017;2026-12-31 00:00:00;Garças Energia e Participações S/A - 08706261000133;DESA Rio das Garças Desenvolvimento Energético S/A - 10468200000145; -;;;;24;Alto Araguaia e rio Claro;2026-06-30 09:43:52.357000000;32;MT;Mato Grosso;13;DRS-PCH
2026-07-01;037164;PCH.PH.GO.037164-5;Concórdia;-14,33;-47,84;13;18;48500.005848/2016-96;Concórdia;28,400;Tocantinzinho;2.635;28/08/2017;2026-12-31 00:00:00;RC Administração e Participações S.A. - 03931129000126; -; -;3.872;;;20;Alto Tocantins e rio Preto;2026-06-30 09:43:52.357000000;18;GO;Goiás;13;DRS-PCH
2026-07-01;037165;PCH.PH.GO.037165-3;Bom Sucesso;-14,41;-47,77;13;18;48500.005847/2016-41;Bom Sucesso;26,100;Tocantinzinho;2.634;28/08/2017;2026-12-31 00:00:00;RC Administração e Participações S/A - 03932129000126; -; -;;;;20;Alto Tocantins e rio Preto;2026-06-30 09:43:52.357000000;18;GO;Goiás;13;DRS-PCH
2026-07-01;037166;PCH.PH.GO.037166-1;Harmonia;-14,42;-47,73;13;18;48500.005849/2016-31;Harmonia;29,300;Tocantinzinho;2.636;28/08/2017;2026-12-31 00:00:00;RC Administração e Participações S.A. - 03932129000126; -; -;;;;20;Alto Tocantins e rio Preto;2026-06-30 09:43:52.357000000;18;GO;Goiás;13;DRS-PCH
2026-07-01;037167;PCH.PH.GO.037167-0;Renascença;-14,46;-47,68;13;18;48500.005850/2016-65;Renascença;27,100;Tocantinzinho;2.637;28/08/2017;2026-12-31 00:00:00;RC Administração e Participações S.A. - 03932129000126; -; -;;;;20;Alto Tocantins e rio Preto;2026-06-30 09:43:52.357000000;18;GO;Goiás;13;DRS-PCH
2026-07-01;037172;PCH.PH.MT.037172-6;Cumbuco;-15,22;-54,00;13;32;48500.000802/2015-08;Cumbuco;17,000;Cumbuco;2.916;08/11/2016;2026-12-31 00:00:00;Cumbuco Energia Ltda. - 22240711000176; -; -;;;;26;Araguaia, trecho da ilha Bananal;2026-06-30 09:43:52.357000000;32;MT;Mato Grosso;13;DRS-PCH
2026-07-01;037174;PCH.PH.MT.037174-2;Vila União;-15,38;-54,41;13;32;48500.000806/2015-88;Vila União;15,000;Rio das Mortes;2.942;22/11/2016;2026-12-31 00:00:00;Hidroelétrica Vila União Ltda. - 22134354000161; -; -;;;;26;Araguaia, trecho da ilha Bananal;2026-06-30 09:43:52.357000000;32;MT;Mato Grosso;13;DRS-PCH
2026-07-01;037175;PCH.PH.PA.037175-0;Pitombeira;-4,16;-55,42;13;34;48500.001696/2022-09;Pitombeira;9,800;Cupari;4.683;05/12/2023;2031-12-05 00:00:00;Pitombeira Energética SPE Ltda - 55205627000170; -; -;;;;17;Tapajos;2026-06-30 09:43:52.357000000;34;PA;Pará;13;DRS-PCH
2026-07-01;037176;PCH.PH.PR.037176-9;Itaóca;-24,67;-48,86;13;39;48500.002647/2009-16;Itaóca;29,000;Ribeira do Iguape;3.058;25/11/2016;2026-12-31 00:00:00;Itaóca Energética Ltda - 14887612000152; -; -;;;;81;Ribeira do Iguape;2026-06-30 09:43:52.357000000;39;PR;Paraná;13;DRS-PCH
2026-07-01;037181;PCH.PH.PA.037181-5;Carnaúba;-4,12;-55,01;13;34;48500.900058/2013-71;Carnaúba;11,000;Cupari (Cupari Braço Leste);2.995;22/11/2016;2026-12-31 00:00:00;Carnaúba Energia SPE Ltda - 40392132000120; -; -;;;;17;Tapajos;2026-06-30 09:43:52.357000000;34;PA;Pará;13;DRS-PCH
2026-07-01;037182;PCH.PH.PA.037182-3;Água Boa;-4,18;-55,03;13;34;48500.000060/2013-41;Água Boa;8,500;Cupari Braço Leste;2.996;22/11/2016;2026-12-31 00:00:00;AGUA BOA ENERGIA SPE LTDA - 40392129000107; -; -;;;;17;Tapajos;2026-06-30 09:43:52.357000000;34;PA;Pará;13;DRS-PCH
2026-07-01;037183;PCH.PH.MT.037183-1;Taquarizinho;-18,02;-53,53;13;32;48500.004467/2010-02;Taquarizinho;13,000;Taquari;2.998;14/12/2016;2026-12-31 00:00:00;Renova PCH Ltda - 12044208000191; -; -;;;;66;Alto Paraguai;2026-06-30 09:43:52.357000000;32;MT;Mato Grosso;13;DRS-PCH
2026-07-01;037184;PCH.PH.GO.037184-0;Travessão do Campo Montante;,00;,00;15;18;48500.002397/2009-14;Travessão do Campo Montante;17,900;Claro;1.460;13/05/2014;; -; -; -;;;;24;Alto Araguaia e rio Claro;2026-06-30 09:43:52.357000000;18;GO;Goiás;15;Eixo Disponível
2026-07-01;037186;PCH.PH.GO.037186-6;Pontas;-18,17;-51,54;15;18;48500.003772/2011-50;Pontas;15,900;Claro;516;26/03/2019;; -; -; -;;;;60;Paranaiba;2026-06-30 09:43:52.357000000;18;GO;Goiás;15;Eixo Disponível
2026-07-01;037187;PCH.PH.MG.037187-4;RC 2;-20,34;-43,26;13;26;48500.002323/2009-70;RC 2;5,800;Ribeirão do Carmo;3.018;25/11/2016;2026-12-31 00:00:00;ACESA - Alterosa Centrais Elétricas S.A. - 10304559000169;Capital Hydro Energy Ltda. - 06007168000105;Milênio Participações Ltda. - 10613458000170;;;;56;Doce;2026-06-30 09:43:52.357000000;26;MG;Minas Gerais;13;DRS-PCH
2026-07-01;037188;PCH.PH.GO.037188-2;Foz do Corrente I;-19,13;-51,07;13;18;48500.000274/2014-06;Foz do Corrente I;26,000;Corrente;3.043;25/11/2016;2026-12-31 00:00:00;Minas PCH S.A. - 07895905000116; -; -;;;;60;Paranaiba;2026-06-30 09:43:52.357000000;18;GO;Goiás;13;DRS-PCH
2026-07-01;037189;PCH.PH.GO.037189-0;Mocambo;-17,10;-48,56;13;18;48500.003152/2011-11;Mocambo;5,800;do Peixe;3.046;25/11/2016;2026-12-31 00:00:00;FR Incorporadora Ltda. - 04222898000101; -; -;;;;60;Paranaiba;2026-06-30 09:43:52.357000000;18;GO;Goiás;13;DRS-PCH
2026-07-01;037190;PCH.PH.MT.037190-4;Foz do Bandeira;-16,25;-53,62;13;32;48500.006169/2011-20;Foz do Bandeira;18,000;das Garças;3.413;02/01/2017;2026-12-31 00:00:00;PEC Energia Ltda. - 07157459000142; -; -;;;;63;Parana, Verde , Peixe, e outros;2026-06-30 09:43:52.357000000;32;MT;Mato Grosso;13;DRS-PCH
2026-07-01;037191;PCH.PH.GO.037191-2;Foz do Rio dos Bois;-17,14;-48,58;13;18;48500.003153/2011-65;Foz do Rio dos Bois;8,400;do Peixe;3.085;29/11/2016;2026-12-31 00:00:00;FR Incorporadora Ltda. - 04222898000101; -; -;;;;60;Paranaiba;2026-06-30 09:43:52.357000000;18;GO;Goiás;13;DRS-PCH
2026-07-01;037192;PCH.PH.SC.037192-0;Marema;-26,80;-52,58;13;48;48500.007837/2008-31;Marema;9,000;Chapecozinho;3181;28/12/2018;2026-12-31 00:00:00;Enerbios Consultoria em Energias Renováveis e Meio Ambiente Ltda. - 08929115000177; -; -;;;;73;Uruguai, Chapeco,Passo Fundo e outros;2026-06-30 09:43:52.357000000;48;SC;Santa Catarina;13;DRS-PCH
2026-07-01;037193;PCH.PH.MS.037193-9;Mundo Novo;-18,72;-54,52;15;30;48500.001026/2004-68;Mundo Novo;21,500;Jauru;411;18/05/2004;; -; -; -;;;;66;Alto Paraguai;2026-06-30 09:43:52.357000000;30;MS;Mato Grosso do Sul;15;Eixo Disponível
2026-07-01;037194;PCH.PH.SP.037194-7;Laranjal;-22,98;-47,80;15;50;48500.006682/2009-04;Laranjal;17,200;Tietê;4.352;26/12/2017;; -; -; -;;;;62;Parana, Tiete e outros;2026-06-30 09:43:52.357000000;50;SP;São Paulo;15;Eixo Disponível
2026-07-01;037196;PCH.PH.GO.037196-3;Alvorada;-14,47;-46,45;15;18;48500.003087/2007-47;Alvorada;12,000;Corrente;486;21/02/2020;; -; -; -;;;;21;Tocantins, entre os rios Preto e Parana;2026-06-30 09:43:52.357000000;18;GO;Goiás;15;Eixo Disponível
2026-07-01;037197;PCH.PH.MT.037197-1;Chico França;-16,33;-53,58;13;32;48500.006167/2011-31;Chico França;15,500;das Garças;3.412;02/01/2017;2026-12-31 00:00:00;PEC Energia Ltda. - 07157459000142; -; -;;;;26;Araguaia, trecho da ilha Bananal;2026-06-30 09:43:52.357000000;32;MT;Mato Grosso;13;DRS-PCH
2026-07-01;037198;PCH.PH.MG.037198-0;Guaipava;,00;,00;15;26;48500.002811/2009-87;Guaipava;24,300;Sapucaí;1.231;17/04/2014;; -; -; -;;;;61;Grande;2026-06-30 09:43:52.357000000;26;MG;Minas Gerais;15;Eixo Disponível
2026-07-01;037199;PCH.PH.MG.037199-8;Balsa da Cachoeira;-21,54;-45,70;13;26;48500.003341/2014-36;Balsa da Cachoeira;19,800;Sapucaí;166;20/01/2017;2026-12-31 00:00:00;Minas PCH S.A. - 07895905000116;Guerra Lage Engenheiros Associados Ltda. - 02625443000101; -;;;;61;Grande;2026-06-30 09:43:52.357000000;26;MG;Minas Gerais;13;DRS-PCH
2026-07-01;037200;PCH.PH.GO.037200-5;Santo Antônio;-17,25;-48,59;13;18;48500.003154/2011-18;Santo Antônio;8,000;do Peixe;3.087;29/11/2016;2026-12-31 00:00:00;FR Incorporadora Ltda. - 04222898000101; -; -;;;;60;Paranaiba;2026-06-30 09:43:52.357000000;18;GO;Goiás;13;DRS-PCH
2026-07-01;037201;PCH.PH.GO.037201-3;Indaiá;-17,36;-48,54;13;18;48500.003161/2011-10;Indaiá;11,400;do Peixe;3.086;29/11/2016;2026-12-31 00:00:00;FR Incorporadora Ltda. - 04222898000101; -; -;;;;60;Paranaiba;2026-06-30 09:43:52.357000000;18;GO;Goiás;13;DRS-PCH
2026-07-01;037202;PCH.PH.PR.037202-1;Maria Beatriz;-24,94;-49,48;13;39;48500.003380/2014-33;Maria Beatriz;12,000;Açungui;3.084;30/11/2016;2026-12-31 00:00:00;Translead Empreendimentos - 81172264000124;Incorporações Ltda. - 82679945000146; -;;;;81;Ribeira do Iguape;2026-06-30 09:43:52.357000000;39;PR;Paraná;13;DRS-PCH
2026-07-01;037204;PCH.PH.GO.037204-8;Ari Franco;-18,30;-51,33;13;18;48500.003771/2011-13;Ari Franco;26,000;Claro;3.157;07/12/2016;2026-12-31 00:00:00;CELG Geração e Transmissão S.A. - 07779299000173;FR Incorporadora Ltda. - 04222898000101;EDP - Grupo Energest S.A., Construtora Queiroz Galvão S.A - 04.029.601/0001-88, 33.412.792/0001-60;;;;60;Paranaiba;2026-06-30 09:43:52.357000000;18;GO;Goiás;13;DRS-PCH
2026-07-01;037207;PCH.PH.GO.037207-2;Capão Comprido;-17,46;-48,51;13;18;48500.003160/2011-67;Capão Comprido;16,500;do Peixe;3.091;30/11/2016;2026-12-31 00:00:00;FR Incorporadora Ltda. - 04222898000101; -; -;;;;60;Paranaiba;2026-06-30 09:43:52.357000000;18;GO;Goiás;13;DRS-PCH
2026-07-01;037208;PCH.PH.BA.037208-0;Capivara;,00;,00;15;11;48500.003739/1998-82;Capivara;5,450;Carinhanha;490;25/07/2001;; -; -; -;;;;45;Corrente e outros - Sao Francisco;2026-06-30 09:43:52.357000000;11;BA/MG;Bahia / Minas Gerais;15;Eixo Disponível
2026-07-01;037216;PCH.PH.MA.037216-1;Aurora;-5,75;-45,76;13;22;48500.003932/2008-65;Aurora;9,100;Mearim;3.094;02/12/2016;2026-12-31 00:00:00;Rodrigo Pedroso Energia Ltda. - 10417697000154; -; -;;;;33;Pindare, Itapecuru, Mearim e outros;2026-06-30 09:43:52.357000000;22;MA;Maranhão;13;DRS-PCH
2026-07-01;037217;PCH.PH.MG.037217-0;Poldros;-15,31;-46,41;13;26;48500.004007/2011-57;Poldros;7,000;Ribeirão do Fetal;3.209;15/12/2016;2026-12-31 00:00:00;Renova PCH Ltda - 08534605000174; -; -;;;;43;Urucuia - Sao Francisco;2026-06-30 09:43:52.357000000;26;MG;Minas Gerais;13;DRS-PCH
2026-07-01;037220;PCH.PH.MT.037220-0;São João da Barra;-10,34;-57,67;13;32;48500.004748/2013-08;São João da Barra;28,800;Matrinchã;741;22/03/2017;2026-12-31 00:00:00;São João da Barra Energética S.A. - 05625648000177; -; -;;;;17;Tapajos;2026-06-30 09:43:52.357000000;32;MT;Mato Grosso;13;DRS-PCH
2026-07-01;037221;PCH.PH.MG.037221-8;Nova 1;-15,33;-46,40;13;26;48500.005296/2011-10;Nova 1;9,500;Ribeirão do Fetal;3.152;06/12/2016;2026-12-31 00:00:00;PEC Energia Ltda. - 07157459000142; -; -;;;;43;Urucuia - Sao Francisco;2026-06-30 09:43:52.357000000;26;MG;Minas Gerais;13;DRS-PCH
2026-07-01;037224;PCH.PH.GO.037224-2;Foz do Rio do Peixe;-17,56;-48,50;13;18;48500.003165/2011-90;Foz do Rio do Peixe;17,000;do Peixe;3.134;02/12/2016;2026-12-31 00:00:00;FR Incorporadora Ltda. - 04222898000101; -; -;;;;60;Paranaiba;2026-06-30 09:43:52.357000000;18;GO;Goiás;13;DRS-PCH
2026-07-01;037225;PCH.PH.GO.037225-0;Entre Pontes;,00;,00;11;18;48500.022185/2025-65;Entre Pontes;18,000;Meia Ponte;2.512;25/08/2025;2026-10-25 00:00:00;Ambiverse Desenvolver Engenharia e Meio Ambiente Ltda. - 19335965000163; -; -;;;;60;Paranaiba;2026-06-30 09:43:52.357000000;18;GO;Goiás;11;DRI-PCH
2026-07-01;037226;PCH.PH.GO.037226-9;Embocado;-17,08;-48,58;13;18;48500.003151/2011-76;Embocado;6,800;Bois;3.129;02/12/2016;2026-12-31 00:00:00;FR Incorporadora Ltda. - 04222898000101; -; -;;;;60;Paranaiba;2026-06-30 09:43:52.357000000;18;GO;Goiás;13;DRS-PCH
2026-07-01;037227;PCH.PH.MG.037227-7;Caiuá 3;-19,49;-47,54;13;26;48500.005696/2014-60;Caiuá 3;9,002;Araguari;602;07/03/2017;2026-12-31 00:00:00;Primo Energética Ltda. - 05500207000149; -; -;;;;60;Paranaiba;2026-06-30 09:43:52.357000000;26;MG;Minas Gerais;13;DRS-PCH
2026-07-01;037228;PCH.PH.MG.037228-5;Nova 2;-15,34;-46,38;13;26;48500.005302/2011-21;Nova 2;10,500;Ribeirão do Fetal;3.153;06/12/2016;2026-12-31 00:00:00;PEC Energia Ltda. - 07157459000142; -; -;;;;43;Urucuia - Sao Francisco;2026-06-30 09:43:52.357000000;26;MG;Minas Gerais;13;DRS-PCH
2026-07-01;037230;PCH.PH.MS.037230-7;Pedra Branca;-19,26;-52,79;13;30;48500.001628/2020-70;Pedra Branca;15,000;Sucuriú;2.649;02/09/2021;2029-09-02 00:00:00;Frigorífico Nutribrás S.A - 08090575000154;Pedra Branca Geração de Energia Elétrica SPE Ltda - 44950469000167; -;;;;66;Alto Paraguai;2026-06-30 09:43:52.357000000;30;MS;Mato Grosso do Sul;13;DRS-PCH
2026-07-01;037231;PCH.PH.PR.037231-5;Butiá;-26,06;-52,09;13;39;48500.001803/2003-48;Butiá;6,000;Butiá;3.149;14/12/2016;2026-12-31 00:00:00;Seta Engenharia S.A. - 76359785000155; -; -;;;;65;Parana, Iguacu;2026-06-30 09:43:52.357000000;39;PR;Paraná;13;DRS-PCH
2026-07-01;037235;PCH.PH.TO.037235-8;São Bartolomeu;-12,89;-46,36;13;51;48500.000156/2013-17;São Bartolomeu;5,800;Mosquito;3.179;13/12/2016;2026-12-31 00:00:00;Energética Mosquito S.A - 42348435000171; -; -;;;;21;Tocantins, entre os rios Preto e Parana;2026-06-30 09:43:52.357000000;51;TO;Tocantins;13;DRS-PCH
2026-07-01;037236;PCH.PH.MG.037236-6;Pedras;-15,28;-46,48;13;26;48500.006574/2012-29;Pedras;21,000;Ribeirão do Fetal;3.151;06/12/2016;2026-12-31 00:00:00;PEC Energia Ltda. - 07157459000142; -; -;;;;43;Urucuia - Sao Francisco;2026-06-30 09:43:52.357000000;26;MG;Minas Gerais;13;DRS-PCH
2026-07-01;037238;PCH.PH.SP.037238-2;Eleutério;-22,29;-46,77;13;50;48500.001846/2012-02;Eleutério;7,000;Mogi-Guaçu;3.160;14/12/2016;2026-12-31 00:00:00;SPE PCH S.A. - 15119544000144; -; -;;;;61;Grande;2026-06-30 09:43:52.357000000;50;SP;São Paulo;13;DRS-PCH
2026-07-01;037239;PCH.PH.PR.037239-0;Foz;-25,94;-52,87;13;39;48500.006142/2008-31;Foz;7,000;Santana;3.307;20/12/2016;2026-12-31 00:00:00;Curva do Santana Geração de Energia Ltda. - 38228181000180; -; -;;;;65;Parana, Iguacu;2026-06-30 09:43:52.357000000;39;PR;Paraná;13;DRS-PCH
2026-07-01;037240;PCH.PH.MG.037240-4;Porto Santa Rita Alto;-18,94;-42,37;13;26;48500.006139/2013-85;Porto Santa Rita Alto;16,500;Corrente Grande;3.193;08/12/2016;2026-12-31 00:00:00;Luzboa Quatro S.A. - 11445688000130; -; -;;;;56;Doce;2026-06-30 09:43:52.357000000;26;MG;Minas Gerais;13;DRS-PCH
2026-07-01;037241;PCH.PH.MG.037241-2;Bela Vista;-21,46;-42,34;13;26;48500.001841/2012-71;Bela Vista;10,700;Pomba;3.201;14/12/2016;2026-12-31 00:00:00;Central Geradora Hidrelétrica Paraíso Ltda. - 13153561000172; -; -;;;;58;Paraiba do Sul;2026-06-30 09:43:52.357000000;26;MG;Minas Gerais;13;DRS-PCH
2026-07-01;037242;PCH.PH.MG.037242-0;Cupim;-15,27;-46,50;13;26;48500.003983/2011-92;Cupim;10,800;Ribeirão do Fetal;3.210;15/12/2016;2026-12-31 00:00:00;Renova PCH Ltda - 08534605000174; -; -;;;;43;Urucuia - Sao Francisco;2026-06-30 09:43:52.357000000;26;MG;Minas Gerais;13;DRS-PCH
2026-07-01;037243;PCH.PH.MT.037243-9;Formoso I;-14,60;-57,91;13;32;48500.005663/2011-77;Formoso I;12,500;Formoso;3.372;27/12/2016;2026-12-31 00:00:00;Itamarati Norte S.A - Agropecuária - 03532447000108; -; -;;;;66;Alto Paraguai;2026-06-30 09:43:52.357000000;32;MT;Mato Grosso;13;DRS-PCH
2026-07-01;037244;PCH.PH.RS.037244-7;Barra de Ferro;-29,29;-52,71;13;46;48500.004589/2011-71;Barra de Ferro;6,800;Pardo;3.221;13/12/2016;2026-12-31 00:00:00;Três Fronteiras Geração de Energia Ltda. - 13995513000121; -; -;;;;85;Alto Jacui;2026-06-30 09:43:52.357000000;46;RS;Rio Grande do Sul;13;DRS-PCH
2026-07-01;037245;PCH.PH.SC.037245-5;São Mateus;-28,33;-50,27;13;48;48500.005068/2011-31;São Mateus;30,000;Lava Tudo;21;11/01/2017;2026-12-31 00:00:00;São Mateus Energética Ltda - 20464778000169; -; -;;;;70;Pelotas;2026-06-30 09:43:52.357000000;48;SC;Santa Catarina;13;DRS-PCH
2026-07-01;037246;PCH.PH.SC.037246-3;Antoninha;-28,25;-50,22;13;48;48500.905069/2011-86;Antoninha;19,000;Lava Tudo;22;11/01/2017;2026-12-31 00:00:00;Pinhal Serrano Energias Renováveis Ltda. - 49487352000102; -; -;;;;70;Pelotas;2026-06-30 09:43:52.357000000;48;SC;Santa Catarina;13;DRS-PCH
2026-07-01;037250;PCH.PH.MG.037250-1;Sete Cachoeiras;-19,22;-42,89;15;26;48500.001644/2007-60;Sete Cachoeiras;16,500;Santo Antônio;2.128;15/07/2021;; -; -; -;;;;56;Doce;2026-06-30 09:43:52.357000000;26;MG;Minas Gerais;15;Eixo Disponível
2026-07-01;037251;PCH.PH.GO.037251-0;Aloândia;-17,73;-49,43;13;18;48500.005610/2010-75;Aloândia;19,000;Meia Ponte;77;17/01/2017;2026-12-31 00:00:00;Minas PCH S.A. - 07895905000116;Celg Geração & Transmissão S.A. - 07779299000173;Sonnen Empreendimentos e Participações Ltda. - 04.849.489/0001-21;;;;60;Paranaiba;2026-06-30 09:43:52.357000000;18;GO;Goiás;13;DRS-PCH
2026-07-01;037252;PCH.PH.GO.037252-8;Cachoeira do Meia Ponte;,00;,00;13;18;48500.005611/2010-10;Cachoeira do Meia Ponte;29,000;Meia Ponte;78;17/01/2017;2026-12-31 00:00:00;Minas PCH S.A. - 07895905000116;Celg Geração & Transmissão S.A. - 07779299000173;Sonnen Empreendimentos e Participações Ltda. - 04.849.489/0001-21;;;;60;Paranaiba;2026-06-30 09:43:52.357000000;18;GO;Goiás;13;DRS-PCH
2026-07-01;037253;PCH.PH.GO.037253-6;Campo Limpo;-18,28;-49,59;13;18;48500.005612/2010-64;Campo Limpo;26,000;Meia Ponte;79;17/01/2017;2026-12-31 00:00:00;Minas PCH S.A. - 07895905000116;CELG Geração & Transmissão S.A. - 07779299000173;Sonnen Empreendimentos e Participações Ltda. - 04.849.489/0001-21;;;;60;Paranaiba;2026-06-30 09:43:52.357000000;18;GO;Goiás;13;DRS-PCH
2026-07-01;037254;PCH.PH.GO.037254-4;Chapéu;-17,65;-49,41;13;18;48500.005594/2010-11;Chapéu;27,000;Meia Ponte;80;17/01/2017;2026-12-31 00:00:00;Minas PCH S.A. - 07895905000116;Celg Geração & Transmissão S.A. - 07779299000173;Sonnen Empreendimentos e Participações Ltda. - 04.849.489/0001-21;;;;60;Paranaiba;2026-06-30 09:43:52.357000000;18;GO;Goiás;13;DRS-PCH
2026-07-01;037255;PCH.PH.GO.037255-2;Meia Ponte;-18,39;-49,61;13;18;48500.005558/2010-57;Meia Ponte;22,000;Meia Ponte;81;17/01/2017;2026-12-31 00:00:00;Minas PCH S.A. - 07895905000116;Celg Geração & Transmissão S.A. - 07779299000173;Sonnen Empreendimentos e Participações Ltda. - 04.849.489/0001-21;;;;60;Paranaiba;2026-06-30 09:43:52.357000000;18;GO;Goiás;13;DRS-PCH
2026-07-01;037256;PCH.PH.GO.037256-0;Mota;-17,59;-49,34;13;18;48500.005593/2010-76;Mota;26,000;Meia Ponte;82;17/01/2017;2026-12-31 00:00:00;Minas PCH S.A. - 07895905000116;Celg Geração & Transmissão S.A. - 07779299000173;Sonnen Empreendimentos e Participações Ltda. - 04.849.489/0001-21;;;;60;Paranaiba;2026-06-30 09:43:52.357000000;18;GO;Goiás;13;DRS-PCH
2026-07-01;037257;PCH.PH.GO.037257-9;Santa Rosa II;-18,47;-49,62;13;18;48500.005595/2010-65;Santa Rosa II;26,000;Meia Ponte;83;17/01/2017;2026-12-31 00:00:00;Minas PCH S.A. - 07895905000116;Celg Geração & Transmissão S.A. - 07779299000173;Sonnen Empreendimentos e Participações Ltda. - 04.849.489/0001-21;;;;60;Paranaiba;2026-06-30 09:43:52.357000000;18;GO;Goiás;13;DRS-PCH
2026-07-01;037259;PCH.PH.PR.037259-5;Torrão de Ouro;-23,25;-50,47;13;39;48500.006030/2008-81;Torrão de Ouro;8,000;Laranjinha;3.317;21/12/2016;2026-12-31 00:00:00;GRX Engenharia Ltda. - 10195142000105; -; -;;;;64;Parana, Paranapanema, Amambai e outros;2026-06-30 09:43:52.357000000;39;PR;Paraná;13;DRS-PCH
2026-07-01;037260;PCH.PH.MT.037260-9;Mogno;-12,65;-57,90;15;32;48500.004366/2000-07;Mogno;17,500;Cravari;1.042;27/12/2001;; -; -; -;;;;17;Tapajos;2026-06-30 09:43:52.357000000;32;MT;Mato Grosso;15;Eixo Disponível
2026-07-01;037261;PCH.PH.PR.037261-7;Salto da Barra;-26,01;-52,10;13;39;48500.001804/2003-19;Salto da Barra;9,000;Butiá;3.228;14/12/2016;2026-12-31 00:00:00;Arcadis Logos Energia S.A. - 03843830000179;Seta Engenharia S.A. - 76359785000155; -;;;;65;Parana, Iguacu;2026-06-30 09:43:52.357000000;39;PR;Paraná;13;DRS-PCH
2026-07-01;037262;PCH.PH.PR.037262-5;Santa Mariana;-23,10;-50,46;13;39;48500.006025/2008-78;Santa Mariana;6,700;Laranjinha;3.316;21/12/2016;2026-12-31 00:00:00;GRX Engenharia Ltda. - 10195142000105; -; -;;;;64;Parana, Paranapanema, Amambai e outros;2026-06-30 09:43:52.357000000;39;PR;Paraná;13;DRS-PCH
2026-07-01;037263;PCH.PH.GO.037263-3;Esmeril Alta;-16,40;-50,94;15;18;48500.002397/2009-14;Esmeril Alta;14,200;Claro;1.460;13/05/2014;; -; -; -;;;;24;Alto Araguaia e rio Claro;2026-06-30 09:43:52.357000000;18;GO;Goiás;15;Eixo Disponível
2026-07-01;037264;PCH.PH.MG.037264-1;Simão Tannús;-19,22;-50,67;13;26;48500.006882/2013-35;Simão Tannús;9,000;Arantes;417;15/02/2017;2026-12-31 00:00:00;Rio Grande Engenharia e Construções Ltda. - 22063614000155; -; -;;;;61;Grande;2026-06-30 09:43:52.357000000;26;MG;Minas Gerais;13;DRS-PCH
2026-07-01;037266;PCH.PH.GO.037266-8;Matrinchã Alta;,00;,00;15;18;48500.002397/2009-14;Matrinchã Alta;23,000;Claro;1.460;13/05/2014;; -; -; -;;;;24;Alto Araguaia e rio Claro;2026-06-30 09:43:52.357000000;18;GO;Goiás;15;Eixo Disponível
2026-07-01;037267;PCH.PH.RJ.037267-6;Aré;-21,25;-41,80;13;41;48500.006679/2008-00;Aré;13,100;Muriaé;3.362;23/12/2016;2026-12-31 00:00:00;Rodrigo Pedroso Energia Ltda. - 10417697000154; -; -;;;;58;Paraiba do Sul;2026-06-30 09:43:52.357000000;41;RJ;Rio de Janeiro;13;DRS-PCH
2026-07-01;037270;PCH.PH.SP.037270-6;Porto Feliz;-23,17;-47,52;13;50;48500.002669/2009-78;Porto Feliz;22,000;Tietê;3.257;14/12/2016;2026-12-31 00:00:00;Porto Feliz Energética Ltda. - 14887572000149; -; -;;;;62;Parana, Tiete e outros;2026-06-30 09:43:52.357000000;50;SP;São Paulo;13;DRS-PCH
2026-07-01;037271;PCH.PH.SC.037271-4;Casa Velha;-28,45;-49,89;13;48;48500.001401/2012-14;Casa Velha;14,000;Pelotas;3.269;19/12/2016;2026-12-31 00:00:00;Brennand Energia Eólica S.A. - 09547578000137; -; -;;;;70;Pelotas;2026-06-30 09:43:52.357000000;48;SC;Santa Catarina;13;DRS-PCH
2026-07-01;037273;PCH.PH.GO.037273-0;Tabocas;,00;,00;13;18;48500.000976/2011-39;Tabocas;14,000;Meia Ponte;3.387;28/12/2016;2026-12-31 00:00:00;Consórcio Artec-Mac - 16382606000179; -; -;;;;60;Paranaiba;2026-06-30 09:43:52.357000000;18;GO;Goiás;13;DRS-PCH
2026-07-01;037274;PCH.PH.RJ.037274-9;Conde D’Eu;-22,15;-42,66;13;41;48500.903677/2020-47;Conde D’Eu;8,000;Paquequer;2.764;10/09/2021;2029-09-10 00:00:00;Multipla Participações LTDA - 11649715000196;Conde D’ Eu Energética S.A - 44914671000133; -;;;;58;Paraiba do Sul;2026-06-30 09:43:52.357000000;41;RJ;Rio de Janeiro;13;DRS-PCH
2026-07-01;037275;PCH.PH.SP.037275-7;Figueira Branca;-22,91;-49,46;13;50;48500.006504/2007-11;Figueira Branca;20,207;Pardo;1.481;08/06/2017;2026-12-31 00:00:00;Hidrotérmica S.A. - 02281472000195; -; -;;;;64;Parana, Paranapanema, Amambai e outros;2026-06-30 09:43:52.357000000;50;SP;São Paulo;13;DRS-PCH
2026-07-01;037276;PCH.PH.MG.037276-5;Campina Verde;-19,72;-49,67;13;26;48500.000293/2014-24;Campina Verde;5,300;Verde;3.295;20/12/2016;2026-12-31 00:00:00;Rio Grande Engenharia e Construções Ltda - 22063614000155; -; -;;;;61;Grande;2026-06-30 09:43:52.357000000;26;MG;Minas Gerais;13;DRS-PCH
2026-07-01;037277;PCH.PH.GO.037277-3;Alvorada I;-19,07;-51,18;13;18;48500.000275/2014-42;Alvorada I;24,000;Corrente;3.306;20/12/2016;2026-12-31 00:00:00;Minas PCH S.A. - 07895905000116; -; -;;;;60;Paranaiba;2026-06-30 09:43:52.357000000;18;GO;Goiás;13;DRS-PCH
2026-07-01;037278;PCH.PH.PR.037278-1;Engenheiro Beltrão;-23,85;-52,24;13;39;48500.006269/2008-51;Engenheiro Beltrão;5,200;Mourão;3.361;23/12/2016;2026-12-31 00:00:00;Engenheiro Beltrão Energia Ltda. - 21389110000167; -; -;;;;64;Parana, Paranapanema, Amambai e outros;2026-06-30 09:43:52.357000000;39;PR;Paraná;13;DRS-PCH
2026-07-01;037281;PCH.PH.GO.037281-1;Cachoeira;-16,94;-48,08;13;18;48500.002516/2011-45;Cachoeira;21,000;Piracanjuba;3.302;20/12/2016;2026-12-31 00:00:00;FR Incorporadora Ltda. - 04222898000101; -; -;;;;60;Paranaiba;2026-06-30 09:43:52.357000000;18;GO;Goiás;13;DRS-PCH
2026-07-01;037282;PCH.PH.GO.037282-0;Santa Bárbara;-17,15;-48,14;13;18;48500.002514/2011-56;Santa Bárbara;14,000;Piracanjuba;3.304;20/12/2016;2026-12-31 00:00:00;FR Incorporadora Ltda. - 04222898000101; -; -;;;;60;Paranaiba;2026-06-30 09:43:52.357000000;18;GO;Goiás;13;DRS-PCH
2026-07-01;037283;PCH.PH.GO.037283-8;Cachoeirinha;-16,84;-48,08;13;18;48500.002521/2011-58;Cachoeirinha;13,500;Piracanjuba;3.303;20/12/2016;2026-12-31 00:00:00;FR Incorporadora Ltda. - 04222898000101; -; -;;;;60;Paranaiba;2026-06-30 09:43:52.357000000;18;GO;Goiás;13;DRS-PCH
2026-07-01;037284;PCH.PH.GO.037284-6;Taperão;-17,03;-48,08;13;18;48500.002515/2011-09;Taperão;8,200;Piracanjuba;3.305;20/12/2016;2026-12-31 00:00:00;FR Incorporadora Ltda. - 04222898000101; -; -;;;;60;Paranaiba;2026-06-30 09:43:52.357000000;18;GO;Goiás;13;DRS-PCH
2026-07-01;037301;PCH.PH.MT.037301-0;Hortência;-17,91;-53,69;13;32;48500.001342/2011-01;Hortência;14,000;Ariranha;1.618;27/07/2018;2026-12-31 00:00:00;PEC Energia Ltda. - 07157459000142; -; -;;;;66;Alto Paraguai;2026-06-30 09:43:52.357000000;32;MT;Mato Grosso;13;DRS-PCH
2026-07-01;037304;PCH.PH.RS.037304-4;Bonasera;,00;,00;13;46;48500.002016/2011-11;Bonasera;30,000;Erexim;3.334;23/12/2016;2026-12-31 00:00:00;Bonasera Energética S.A. - 09032144000102; -; -;;;;73;Uruguai, Chapeco,Passo Fundo e outros;2026-06-30 09:43:52.357000000;46;RS;Rio Grande do Sul;13;DRS-PCH
2026-07-01;037305;PCH.PH.RS.037305-2;Dos Gatos;-29,26;-54,43;13;46;48500.001351/2011-94;Dos Gatos;21,000;Jaguari;3.347;27/12/2016;2026-12-31 00:00:00;Hidrotérmica S.A. - 02281472000195; -; -;;;;76;Ibicui;2026-06-30 09:43:52.357000000;46;RS;Rio Grande do Sul;13;DRS-PCH
2026-07-01;037306;PCH.PH.RS.037306-0;Dos Morros;-29,31;-54,46;13;46;48500.001355/2011-72;Dos Morros;21,000;Jaguari;3.348;27/12/2016;2026-12-31 00:00:00;Hidrotérmica S.A. - 02281472000195; -; -;;;;76;Ibicui;2026-06-30 09:43:52.357000000;46;RS;Rio Grande do Sul;13;DRS-PCH
2026-07-01;037307;PCH.PH.RS.037307-9;Umbu;-29,33;-54,50;13;46;48500.001341/2011-59;Umbu;13,000;Jaguari;3.349 (Cautelar nº 2.979/2021);27/12/2016;2026-12-31 00:00:00;Hidrotérmica S.A. - 02281472000195; -; -;;;;76;Ibicui;2026-06-30 09:43:52.357000000;46;RS;Rio Grande do Sul;13;DRS-PCH
2026-07-01;037308;PCH.PH.RS.037308-7;Vinte Tiros;-29,21;-54,39;13;46;48500.001360/2011-85;Vinte Tiros;12,000;Jaguari;3.350;27/12/2016;2026-12-31 00:00:00;Hidrotérmica S.A. - 02281472000195; -; -;;;;76;Ibicui;2026-06-30 09:43:52.357000000;46;RS;Rio Grande do Sul;13;DRS-PCH
2026-07-01;037316;PCH.PH.RJ.037316-8;Paraíso;-21,30;-41,76;13;41;48500.001844/2012-13;Paraíso;7,200;Muriaé;3.397;29/12/2016;2026-12-31 00:00:00;Central Geradora Hidrelétrica Paraíso Ltda. - 13153561000172; -; -;;;;58;Paraiba do Sul;2026-06-30 09:43:52.357000000;41;RJ;Rio de Janeiro;13;DRS-PCH
2026-07-01;037317;PCH.PH.RJ.037317-6;Cachoeira Alegre;-21,51;-42,21;13;41;48500.002620/2009-15;Cachoeira Alegre;12,000;Pomba;3.408;30/12/2016;2026-12-31 00:00:00;Rodrigo Pedroso Energia Ltda - 10417697000154; -; -;;;;58;Paraiba do Sul;2026-06-30 09:43:52.357000000;41;RJ;Rio de Janeiro;13;DRS-PCH
2026-07-01;037318;PCH.PH.MT.037318-4;Formoso II;-14,64;-57,86;13;32;48500.005662/2011-22;Formoso II;13,500;Formoso;3.420;02/01/2017;2026-12-31 00:00:00;Itamarati Norte S.A - Agropecuária - 03532447000108; -; -;;;;66;Alto Paraguai;2026-06-30 09:43:52.357000000;32;MT;Mato Grosso;13;DRS-PCH
2026-07-01;037319;PCH.PH.RJ.037319-2;São Joaquim;-21,33;-41,73;13;41;48500.006711/2008-49;São Joaquim;12,000;Muriaé;3.421;02/01/2017;2026-12-31 00:00:00;Rodrigo Pedroso Energia Ltda. - 10417697000154; -; -;;;;58;Paraiba do Sul;2026-06-30 09:43:52.357000000;41;RJ;Rio de Janeiro;13;DRS-PCH
2026-07-01;037320;PCH.PH.GO.037320-6;Brinquinho;,00;,00;13;18;48500.000049/2011-19;Brinquinho;15,001;Doce;49;06/01/2017;2026-12-31 00:00:00;FR Incorporadora Ltda - 04222898000101; -; -;;;;60;Paranaiba;2026-06-30 09:43:52.357000000;18;GO;Goiás;13;DRS-PCH
2026-07-01;037321;PCH.PH.GO.037321-4;Mombuca;-18,29;-51,13;13;18;48500.000042/2011-05;Mombuca;7,800;Doce;42;06/01/2017;2026-12-31 00:00:00;FR Incorporadora Ltda. - 04222898000101; -; -;;;;60;Paranaiba;2026-06-30 09:43:52.357000000;18;GO;Goiás;13;DRS-PCH
2026-07-01;037322;PCH.PH.GO.037322-2;Boa Vista;-18,22;-51,13;13;18;48500.000043/2011-41;Boa Vista;12,000;Doce;43;06/01/2017;2026-12-31 00:00:00;FR Incorporadora Ltda. - 04222898000101; -; -;;;;60;Paranaiba;2026-06-30 09:43:52.357000000;18;GO;Goiás;13;DRS-PCH
2026-07-01;037323;PCH.PH.GO.037323-0;João Borges;-18,15;-51,14;13;18;48500.000048/2011-74;João Borges;13,000;Doce;48;06/01/2017;2026-12-31 00:00:00;FR Incorporadora Ltda. - 04222898000101; -; -;;;;60;Paranaiba;2026-06-30 09:43:52.357000000;18;GO;Goiás;13;DRS-PCH
2026-07-01;037324;PCH.PH.GO.037324-9;Fundo;,00;,00;15;18;48500.000046/2011-85;Fundo;5,900;Doce;492;10/02/2011;; -; -; -;;;;60;Paranaiba;2026-06-30 09:43:52.357000000;18;GO;Goiás;15;Eixo Disponível
2026-07-01;037325;PCH.PH.GO.037325-7;Bom Sucesso;,00;,00;15;18;48500.000044/2011-96;Bom Sucesso;6,000;Doce;44;10/02/2011;; -; -; -;;;;60;Paranaiba;2026-06-30 09:43:52.357000000;18;GO;Goiás;15;Eixo Disponível
2026-07-01;037326;PCH.PH.GO.037326-5;João Grande;-17,87;-51,36;13;18;48500.000047/2011-20;João Grande;13,000;Doce;47;06/01/2017;2026-12-31 00:00:00;FR Incorporadora Ltda. - 04222898000101; -; -;;;;60;Paranaiba;2026-06-30 09:43:52.357000000;18;GO;Goiás;13;DRS-PCH
2026-07-01;037334;PCH.PH.MT.037334-6;Esperança;-15,80;-53,19;13;32;48500.005582/2011-77;Esperança;24,250;das Garças;68;13/01/2017;2026-12-31 00:00:00;Garças Energia e Participações S.A - 08706261000133;DESA Rio Das Garças Desenvolvimento Energético AS - 10426820000145; -;;;;24;Alto Araguaia e rio Claro;2026-06-30 09:43:52.357000000;32;MT;Mato Grosso;13;DRS-PCH
2026-07-01;037335;PCH.PH.MG.037335-4;Santo André Alto;-16,45;-45,92;13;26;48500.001980/2012-03;Santo André Alto;12,000;Ribeirão Santo André;71;23/01/2017;2026-12-31 00:00:00;Orteng Energia Ltda. - 13414327000151; -; -;;;;43;Urucuia - Sao Francisco;2026-06-30 09:43:52.357000000;26;MG;Minas Gerais;13;DRS-PCH
2026-07-01;037338;PCH.PH.PR.037338-9;Coxilha Bonita;-25,89;-53,58;13;39;48500.006129/2008-82;Coxilha Bonita;7,000;Capanema;75;16/01/2017;2026-12-31 00:00:00;GRX Engenharia Ltda. - 10195142000105; -; -;;;;65;Parana, Iguacu;2026-06-30 09:43:52.357000000;39;PR;Paraná;13;DRS-PCH
2026-07-01;037339;PCH.PH.MG.037339-7;Cutia Alto;-18,95;-49,32;11;26;48500.001714/2026-78;Cutia Alto;29,400;Tijuco;839;13/03/2026;2027-05-13 00:00:00;Nascente Renováveis Ltda - 63636316000194; -; -;;;;60;Paranaiba;2026-06-30 09:43:52.357000000;26;MG;Minas Gerais;11;DRI-PCH
2026-07-01;037342;PCH.PH.MT.037342-7;SAC-014;-12,98;-58,20;13;32;48500.004849/2013-71;SAC-014;26,000;Sacre;92;16/01/2017;2026-12-31 00:00:00;KA Energia Ltda. - 22933611000125; -; -;2.194;2026-12-31 00:00:00;2021-10-01 00:00:00;17;Tapajos;2026-06-30 09:43:52.357000000;32;MT;Mato Grosso;13;DRS-PCH
2026-07-01;037343;PCH.PH.PR.037343-5;Ampére;-25,94;-53,57;13;39;48500.006138/2008-73;Ampére;9,990;Capanema;94;19/01/2017;2026-12-31 00:00:00;GRX Engenharia Ltda. - 10195142000105; -; -;;;;65;Parana, Iguacu;2026-06-30 09:43:52.357000000;39;PR;Paraná;13;DRS-PCH
2026-07-01;037345;PCH.PH.MS.037345-1;Água Vermelha;-19,02;-54,33;15;30;48500.001881/2001-90;Água Vermelha;23,700;Coxim;411;18/05/2004;; -; -; -;;;;66;Alto Paraguai;2026-06-30 09:43:52.357000000;30;MS;Mato Grosso do Sul;15;Eixo Disponível
2026-07-01;037349;PCH.PH.MG.037349-4;Tróia;-19,62;-45,11;13;26;48500.000909/2002-52;Tróia;6,300;Lambari;356;09/02/2017;2026-12-31 00:00:00;Luzboa Três S.A - 11445670000138; -; -;;;;40;Alto Sao Francisco, ate Tres Marias;2026-06-30 09:43:52.357000000;26;MG;Minas Gerais;13;DRS-PCH
2026-07-01;037352;PCH.PH.RS.037352-4;Foz do Segredinho;-28,70;-51,44;13;46;48500.000950/2013-52;Foz do Segredinho;8,700;Turvo;3.425;25/01/2017;2026-12-31 00:00:00;Vale do Turvo Hidrelétrica Ltda. - 09310265000160; -; -;;;;86;Taquari;2026-06-30 09:43:52.357000000;46;RS;Rio Grande do Sul;13;DRS-PCH
2026-07-01;037353;PCH.PH.RS.037353-2;Segredo;-28,75;-51,44;13;46;48500.000963/2013-21;Segredo;9,200;Turvo;3.429;25/01/2017;2026-12-31 00:00:00;Vale do Turvo Hidrelétrica Ltda. - 09310265000160; -; -;;;;86;Taquari;2026-06-30 09:43:52.357000000;46;RS;Rio Grande do Sul;13;DRS-PCH
2026-07-01;037354;PCH.PH.RS.037354-0;Foz do Prata;-28,84;-51,45;13;46;48500.000960/2013-98;Foz do Prata;9,300;Turvo;3.427;25/01/2017;2026-12-31 00:00:00;Vale do Turvo Hidrelétrica Ltda. - 09310265000160; -; -;;;;86;Taquari;2026-06-30 09:43:52.357000000;46;RS;Rio Grande do Sul;13;DRS-PCH
2026-07-01;037355;PCH.PH.RS.037355-9;Dalsasso;-28,73;-51,43;13;46;48500.000964/2013-76;Dalsasso;10,500;Turvo;3.430;25/01/2017;2026-12-31 00:00:00;Vale do Turvo Hidrelétrica Ltda. - 09310265000160; -; -;;;;86;Taquari;2026-06-30 09:43:52.357000000;46;RS;Rio Grande do Sul;13;DRS-PCH
2026-07-01;037356;PCH.PH.RS.037356-7;Linha Tafona;-28,68;-51,45;13;46;48500.000961/2013-32;Linha Tafona;11,100;Turvo;3.428;25/01/2017;2026-12-31 00:00:00;Vale do Turvo Hidrelétrica Ltda. - 09310265000160; -; -;;;;86;Taquari;2026-06-30 09:43:52.357000000;46;RS;Rio Grande do Sul;13;DRS-PCH
2026-07-01;037357;PCH.PH.RS.037357-5;Barra do Ituim;-28,65;-51,41;13;46;48500.000951/2013-05;Barra do Ituim;7,400;Turvo;3.426;25/01/2017;2026-12-31 00:00:00;Vale do Turvo Hidrelétrica Ltda. - 09310265000160; -; -;;;;86;Taquari;2026-06-30 09:43:52.357000000;46;RS;Rio Grande do Sul;13;DRS-PCH
2026-07-01;037359;PCH.PH.MT.037359-1;Formoso III;-14,67;-57,84;13;32;48500.005661/2011-88;Formoso III;27,000;Formoso;201;25/01/2017;2026-12-31 00:00:00;Itamarati Norte S.A - Agropecuária - 03532447000108; -; -;;;;66;Alto Paraguai;2026-06-30 09:43:52.357000000;32;MT;Mato Grosso;13;DRS-PCH
2026-07-01;037361;PCH.PH.MG.037361-3;Taquari;-19,78;-43,10;15;26;48500.002935/2001-52;Taquari;24,000;Santa Bárbara;1.587;20/07/2006;; -; -; -;;;;56;Doce;2026-06-30 09:43:52.357000000;26;MG;Minas Gerais;15;Eixo Disponível
2026-07-01;037364;PCH.PH.BA.037364-8;Santo Antônio da Licurioba;-12,43;-41,41;15;10;48500.003306/2007-98;Santo Antônio da Licurioba;11,500;Santo Antônio;3.660;12/01/2021;; -; -; -;;;;51;Jequirica, Paraguacu e outros;2026-06-30 09:43:52.357000000;10;BA;Bahia;15;Eixo Disponível
2026-07-01;037365;PCH.PH.MT.037365-6;Avuadeira;-15,99;-53,42;13;32;48500.005584/2011-66;Avuadeira;22,000;das Garças;244;16/03/2017;2026-12-31 00:00:00;Garças Energias e Participações S.A - 08706261000133;Desa Rio das Garças Desenvolvimento Energético S.A. - 10420682000145; -;;;;24;Alto Araguaia e rio Claro;2026-06-30 09:43:52.357000000;32;MT;Mato Grosso;13;DRS-PCH
2026-07-01;037366;PCH.PH.GO.037366-4;Taboca;,00;,00;15;18;48500.000045/2011-31;Taboca;5,400;Doce;498;10/02/2011;; -; -; -;;;;60;Paranaiba;2026-06-30 09:43:52.357000000;18;GO;Goiás;15;Eixo Disponível
2026-07-01;037367;PCH.PH.BA.037367-2;Arrodeador;-13,68;-44,57;15;10;48500.003205/2007-17;Arrodeador;14,000;Formoso;1.119;27/04/2020;; -; -; -;;;;45;Corrente e outros - Sao Francisco;2026-06-30 09:43:52.357000000;10;BA;Bahia;15;Eixo Disponível
2026-07-01;037368;PCH.PH.MT.037368-0;Tesouro;-16,10;-53,56;13;32;48500.005578/2011-17;Tesouro;19,500;das Garças;284;31/03/2017;2026-12-31 00:00:00;Garças Energias e Participações S.A. - 08706261000133;Desa Rio das Garças Desenvolvimento Energético S.A. - 10420682000145; -;;;;24;Alto Araguaia e rio Claro;2026-06-30 09:43:52.357000000;32;MT;Mato Grosso;13;DRS-PCH
2026-07-01;037370;PCH.PH.SC.037370-2;Passo do Irani;-26,95;-52,18;13;48;48500.003528/2014-30;Passo do Irani;7,600;Irani;309;07/02/2017;2026-12-31 00:00:00;Passo do Irani Geração de Energia Elétrica SPE Ltda - 60698986000147; -; -;;;;73;Uruguai, Chapeco,Passo Fundo e outros;2026-06-30 09:43:52.357000000;48;SC;Santa Catarina;13;DRS-PCH
2026-07-01;037371;PCH.PH.PA.037371-0;Cachoeira do Ébrio;-4,43;-55,98;13;34;48500.006884/2013-24;Cachoeira do Ébrio;23,000;Itapacurá;315;06/02/2017;2026-12-31 00:00:00;Cachoeira do Ébrio Geradora de Energia SPE Ltda. - 47395818000114; -; -;;;;17;Tapajos;2026-06-30 09:43:52.357000000;34;PA;Pará;13;DRS-PCH
2026-07-01;037373;PCH.PH.RS.037373-7;Santana 3A;-28,35;-50,72;13;46;48500.006034/2008-69;Santana 3A;29,600;Santana;322;08/02/2017;2026-12-31 00:00:00;Santana Energética S.A. - 09252840000116; -; -;;;;70;Pelotas;2026-06-30 09:43:52.357000000;46;RS;Rio Grande do Sul;13;DRS-PCH
2026-07-01;037374;PCH.PH.MG.037374-5;Cruz Velha;-18,94;-49,16;11;26;48500.003871/2001-15;Cruz Velha;22,800;Tijuco;1.507;05/05/2026;2027-07-05 00:00:00;NB Energy Participações Ltda. - 57202090000110; -; -;;;;60;Paranaiba;2026-06-30 09:43:52.357000000;26;MG;Minas Gerais;11;DRI-PCH
2026-07-01;037375;PCH.PH.MS.037375-3;Peralta;-19,12;-54,23;15;30;48500.004663/2008-54;Peralta;14,000;Coxim;411;18/05/2004;; -; -; -;;;;66;Alto Paraguai;2026-06-30 09:43:52.357000000;30;MS;Mato Grosso do Sul;15;Eixo Disponível
2026-07-01;037377;PCH.PH.MT.037377-0;Caçununga;-16,06;-53,51;13;32;48500.005579/2011-53;Caçununga;12,600;das Garças;386;10/02/2017;2026-12-31 00:00:00;Garças Energias e Participações S.A. - 08706261000133;Desa Rio das Garças Desenvolvimento Energético S.A. - 10426820000145; -;;;;24;Alto Araguaia e rio Claro;2026-06-30 09:43:52.357000000;32;MT;Mato Grosso;13;DRS-PCH
2026-07-01;037378;PCH.PH.MG.037378-8;Rosário;-20,30;-43,07;13;26;48500.007464/2008-06;Rosário;10,980;do Carmo;379;09/02/2017;2026-12-31 00:00:00;Luzboa Quatro S.A. - 11445688000130; -; -;;;;56;Doce;2026-06-30 09:43:52.357000000;26;MG;Minas Gerais;13;DRS-PCH
2026-07-01;037380;PCH.PH.MG.037380-0;Jorge Mikitchuk I;-16,61;-42,93;15;26;48500.004384/2004-12;Jorge Mikitchuk I;10,700;Itacambiruçu;1.119;27/04/2020;; -; -; -;;;;54;Jequitinhonha;2026-06-30 09:43:52.357000000;26;MG;Minas Gerais;15;Eixo Disponível
2026-07-01;037382;PCH.PH.MT.037382-6;Cristalina;-13,45;-59,00;13;32;48500.006368/2017-23;Cristalina;15,003;Juruena;2.276;22/08/2019;2027-08-22 00:00:00;Cristalina Energia Ltda. - 32101789000163; -; -;;;;17;Tapajos;2026-06-30 09:43:52.357000000;32;MT;Mato Grosso;13;DRS-PCH
2026-07-01;037385;PCH.PH.MG.037385-0;Andorinha;-18,86;-44,81;15;26;48500.000784/2009-16;Andorinha;7,000;Paraopeba;1.119;27/04/2020;; -; -; -;;;;60;Paranaiba;2026-06-30 09:43:52.357000000;26;MG;Minas Gerais;15;Eixo Disponível
2026-07-01;037386;PCH.PH.MT.037386-9;Geóloga Lucimar Gomes;-15,22;-54,08;13;32;48500.000807/2015-22;Geóloga Lucimar Gomes;18,000;Cumbuco;460;16/02/2017;2026-12-31 00:00:00;Hidroelétrica Geóloga Lucimar Gomes Ltda. - 10654917000163; -; -;;;;26;Araguaia, trecho da ilha Bananal;2026-06-30 09:43:52.357000000;32;MT;Mato Grosso;13;DRS-PCH
2026-07-01;037387;PCH.PH.RJ.037387-7;Sossego;-22,04;-42,24;13;41;48500.000181/2008-25;Sossego;17,000;Grande;490;22/02/2017;2026-12-31 00:00:00;Statkraft Energias Renováveis S.A. - 00622416000141; -; -;;;;58;Paraiba do Sul;2026-06-30 09:43:52.357000000;41;RJ;Rio de Janeiro;13;DRS-PCH
2026-07-01;037388;PCH.PH.MS.037388-5;Pedro Gomes;-18,15;-54,46;13;30;48500.002970/2008-09;Pedro Gomes;30,000;Taquari;483;20/02/2017;2026-12-31 00:00:00;BSM Sistemas Ambientais Ltda. - 93989606000182; -; -;;;;66;Alto Paraguai;2026-06-30 09:43:52.357000000;30;MS;Mato Grosso do Sul;13;DRS-PCH
2026-07-01;037394;PCH.PH.SC.037394-0;Xanxerê;-26,76;-52,43;13;48;48500.001124/2001-34;Xanxerê;26,800;Chapecozinho;1.548;07/06/2017;2026-12-31 00:00:00;Brookfield Renewable Energy Group - 02808298000196; -; -;;;;73;Uruguai, Chapeco,Passo Fundo e outros;2026-06-30 09:43:52.357000000;48;SC;Santa Catarina;13;DRS-PCH
2026-07-01;037398;PCH.PH.GO.037398-2;Areias;-16,35;-50,78;13;18;48500.003567/2014-37;Areias;12,500;Pilões;525;01/03/2017;2026-12-31 00:00:00;CCB Energia S.A. - 04784899000131; -; -;;;;24;Alto Araguaia e rio Claro;2026-06-30 09:43:52.357000000;18;GO;Goiás;13;DRS-PCH
2026-07-01;037408;PCH.PH.SP.037408-3;Tietê;-23,09;-47,67;13;50;48500.002670/2009-01;Tietê;20,000;Tietê;563;03/03/2017;2026-12-31 00:00:00;Tietê Energética Ltda. - 14887253000133; -; -;;;;62;Parana, Tiete e outros;2026-06-30 09:43:52.357000000;50;SP;São Paulo;13;DRS-PCH
2026-07-01;037409;PCH.PH.RJ.037409-1;Engenheiro Pedreira;-22,69;-43,65;13;41;48500.003495/2024-08;Engenheiro Pedreira;6,567;Guandu;3.105;21/10/2025;2033-10-21 00:00:00;Energética Guandu Ltda - 47980542000131; -; -;;;;59;Litoraneas do Rio de Janeiro;2026-06-30 09:43:52.357000000;41;RJ;Rio de Janeiro;13;DRS-PCH
2026-07-01;037410;PCH.PH.RJ.037410-5;Japeri;-22,67;-43,64;13;41;48500.905796/2022-82;Japeri;9,218;Guandu;340;07/02/2025;2033-02-07 00:00:00;Energética Guandu Ltda. - 47980542000131; -; -;;;;59;Litoraneas do Rio de Janeiro;2026-06-30 09:43:52.357000000;41;RJ;Rio de Janeiro;13;DRS-PCH
2026-07-01;037411;PCH.PH.RJ.037411-3;Seropédica;-22,65;-43,70;15;41;48500.001506/2010-10;Seropédica;10,800;Guandu;556;14/03/2017;; -; -; -;;;;59;Litoraneas do Rio de Janeiro;2026-06-30 09:43:52.357000000;41;RJ;Rio de Janeiro;15;Eixo Disponível
2026-07-01;037421;PCH.PH.MG.037421-0;Cachoeira das Almas;-17,37;-45,54;13;26;48500.005521/2020-09;Cachoeira das Almas;28,281;do Sono;1.341;20/05/2022;2030-05-20 00:00:00;MG5 Energética Ltda - 38926034000184; -; -;;;;42;Paracatu e outros - Sao Francisco;2026-06-30 09:43:52.357000000;26;MG;Minas Gerais;13;DRS-PCH
2026-07-01;037422;PCH.PH.MG.037422-9;Alemães Baixo;-18,17;-45,59;11;26;48500.038523/2025-81;Alemães Baixo;18,400;Abaeté;382;10/02/2026;2027-04-10 00:00:00;Nascente Renováveis Ltda. - 63636316000194; -; -;;;;41;Das Velhas - Sao Francisco;2026-06-30 09:43:52.357000000;26;MG;Minas Gerais;11;DRI-PCH
2026-07-01;037422;PCH.PH.MG.037422-9;Alemães Baixo;-18,17;-45,59;15;26;48500.002931/993-57;Alemães Baixo;18,400;Abaeté;340;09/06/2003;; -; -; -;;;;41;Das Velhas - Sao Francisco;2026-06-30 09:43:52.357000000;26;MG;Minas Gerais;15;Eixo Disponível
2026-07-01;037423;PCH.PH.PR.037423-7;Cinco Cantos;-24,74;-54,01;13;39;48500.006132/2008-04;Cinco Cantos;7,000;São Francisco Verdadeiro;618;08/03/2017;2026-12-31 00:00:00;M.P Energia Ltda. - 10337901000127; -; -;;;;64;Parana, Paranapanema, Amambai e outros;2026-06-30 09:43:52.357000000;39;PR;Paraná;13;DRS-PCH
2026-07-01;037426;PCH.PH.RS.037426-1;Bongiorno;-27,49;-52,71;13;46;48500.902952/2021-96;Bongiorno;9,500;Erexim;2.692;04/08/2023;2031-08-04 00:00:00;PCH Bongiorno Energética SPE Ltda - 57417001000153; -; -;;;;73;Uruguai, Chapeco,Passo Fundo e outros;2026-06-30 09:43:52.357000000;46;RS;Rio Grande do Sul;13;DRS-PCH
2026-07-01;037427;PCH.PH.GO.037427-0;Paraíso;-16,62;-52,15;13;18;48500.002186/2017-83;Paraíso;14,000;Ribeirão Paraíso;2.223;30/10/2018;2026-12-31 00:00:00;Hidroelétrica Paraíso Ltda. - 30791497000174; -; -;;;;24;Alto Araguaia e rio Claro;2026-06-30 09:43:52.357000000;18;GO;Goiás;13;DRS-PCH
2026-07-01;037430;PCH.PH.MT.037430-0;Matrinxã;-15,22;-53,77;15;32;48500.002942/2009-64;Matrinxã;7,500;Ribeirão Matrinxã;4.899;23/12/2014;; -; -; -;;;;26;Araguaia, trecho da ilha Bananal;2026-06-30 09:43:52.357000000;32;MT;Mato Grosso;15;Eixo Disponível
2026-07-01;037431;PCH.PH.RS.037431-8;Barracão;-27,82;-51,37;13;46;48500.005954/2013-27;Barracão;9,800;Bernardo José;669;14/03/2017;2026-12-31 00:00:00;Enebras Projetos de Usinas Hidrelétricas Ltda - 06329975000144;Cooperativa de Geração de Energia e Desenvolvimento Social Ltda. - Ceriluz - 08290060000106; -;;;;70;Pelotas;2026-06-30 09:43:52.357000000;46;RS;Rio Grande do Sul;13;DRS-PCH
2026-07-01;037436;PCH.PH.MG.037436-9;Cantagalo;-20,47;-43,00;13;26;48500.002650/2007-60;Cantagalo;30,000;Piranga;1.262;10/05/2017;2026-12-31 00:00:00;Rima Industrial S.A. - 18279158000108; -; -;;;;56;Doce;2026-06-30 09:43:52.357000000;26;MG;Minas Gerais;13;DRS-PCH
2026-07-01;037438;PCH.PH.MG.037438-5;Penedo;-21,61;-45,43;15;26;48500.006970/2000-14;Penedo;15,000;Rio Verde;22;24/01/2001;; -; -; -;;;;46;Grande e outros - Sao Francisco;2026-06-30 09:43:52.357000000;26;MG;Minas Gerais;15;Eixo Disponível
2026-07-01;037442;PCH.PH.SP.037442-3;Monjolinho;-20,37;-47,98;13;50;48500.006316/2021-33;Monjolinho;9,500;Rio Sapucaí;242;29/01/2024;2032-04-29 00:00:00;PCH Monjolinho Energética SPE Ltda - 55205628000115; -; -;;;;61;Grande;2026-06-30 09:43:52.357000000;50;SP;São Paulo;13;DRS-PCH
2026-07-01;037443;PCH.PH.SP.037443-1;Santa Rita;-20,58;-47,75;13;50;48500.004546/2022-49;Santa Rita;8,000;Rio Sapucaí;242;29/01/2024;2032-01-29 00:00:00;PCH Santa Rita Energética SPE Ltda - 55212095000107; -; -;;;;61;Grande;2026-06-30 09:43:52.357000000;50;SP;São Paulo;13;DRS-PCH
2026-07-01;037444;PCH.PH.SP.037444-0;São Domingos;-20,22;-48,23;13;50;48500.006451/2022-60;São Domingos;8,300;Rio Sapucaí;242;29/01/2024;2032-01-29 00:00:00;PCH São Domingos Energética SPE Ltda - 55203963000184; -; -;;;;61;Grande;2026-06-30 09:43:52.357000000;50;SP;São Paulo;13;DRS-PCH
2026-07-01;037445;PCH.PH.SP.037445-8;São Sebastião;-20,27;-48,16;13;50;48500.004545/2022-02;São Sebastião;12,500;Rio Sapucaí;242;29/01/2024;2032-01-29 00:00:00;PCH São Sebastião Energética SPE Ltda - 55205630000194; -; -;;;;61;Grande;2026-06-30 09:43:52.357000000;50;SP;São Paulo;13;DRS-PCH
2026-07-01;037446;PCH.PH.SP.037446-6;Sapucaí;-20,73;-47,58;13;50;48500.004543/2022-13;Sapucaí;9,200;Sapucaí;4.173;06/11/2023;2031-11-06 00:00:00;PCH Sapucaí Energética SPE Ltda - 55203774000101; -; -;;;;61;Grande;2026-06-30 09:43:52.357000000;50;SP;São Paulo;13;DRS-PCH
2026-07-01;037448;PCH.PH.GO.037448-2;Araras;-13,84;-47,34;13;18;48500.006902/2008-19;Araras;6,600;das Almas;866;31/03/2017;2026-12-31 00:00:00;Triton Energia Ltda. - 00894045000157; -; -;;;;21;Tocantins, entre os rios Preto e Parana;2026-06-30 09:43:52.357000000;18;GO;Goiás;13;DRS-PCH
2026-07-01;037449;PCH.PH.MT.037449-0;Guiratinga;-16,42;-53,50;13;32;48500.005581/2011-22;Guiratinga;12,500;das Garças;740;22/03/2017;2026-12-31 00:00:00;Garças Energias e Participações S.A. - 08706261000133;Desa Rio das Garças Desenvolvimento Energético S.A. - 10420682000145; -;;;;24;Alto Araguaia e rio Claro;2026-06-30 09:43:52.357000000;32;MT;Mato Grosso;13;DRS-PCH
2026-07-01;037451;PCH.PH.MT.037451-2;Entre Rios;-15,26;-53,98;13;32;48500.000801/2015-55;Entre Rios;18,000;das Mortes;722;24/03/2017;2026-12-31 00:00:00;Entre Rios Energia Ltda. - 22240324000130; -; -;;;;26;Araguaia, trecho da ilha Bananal;2026-06-30 09:43:52.357000000;32;MT;Mato Grosso;13;DRS-PCH
2026-07-01;037452;PCH.PH.SP.037452-0;Niágara;-22,89;-49,39;13;50;48500.006503/2007-69;Niágara;22,226;Pardo;728;17/03/2017;2026-12-31 00:00:00;Hidrotérmica S.A. - 02281472000195; -; -;;;;64;Parana, Paranapanema, Amambai e outros;2026-06-30 09:43:52.357000000;50;SP;São Paulo;13;DRS-PCH
2026-07-01;037454;PCH.PH.GO.037454-7;Serra do Divisor;-14,96;-46,77;15;18;48500.002412/2004-77;Serra do Divisor;6,100;Rio Cana Brava;3.244;03/09/2008;; -; -; -;;;;21;Tocantins, entre os rios Preto e Parana;2026-06-30 09:43:52.357000000;18;GO;Goiás;15;Eixo Disponível
2026-07-01;037457;PCH.PH.GO.037457-1;Salto;-17,28;-48,20;11;18;48500.007618/2026-33;Salto;21,500;Piracanjuba;1.690;19/05/2026;2027-07-19 00:00:00;NB Energy Participações Ltda - 57202090000110; -; -;;;;60;Paranaiba;2026-06-30 09:43:52.357000000;18;GO;Goiás;11;DRI-PCH
2026-07-01;037458;PCH.PH.SP.037458-0;Guaxatuba;-23,34;-47,17;13;50;48500.005524/2007-67;Guaxatuba;11,830;Tietê;1.307;16/05/2017;2026-12-31 00:00:00;Empresa Metropolitana de Águas e Energia S.A. - EMAE - 02302101000142; -; -;;;;62;Parana, Tiete e outros;2026-06-30 09:43:52.357000000;50;SP;São Paulo;13;DRS-PCH
2026-07-01;037459;PCH.PH.RS.037459-8;Foz do Biriba;-29,44;-52,77;13;46;48500.004590/2011-04;Foz do Biriba;6,200;Pardo;805;24/03/2017;2026-12-31 00:00:00;Três Fronteiras Geração de Energia Ltda. - 13995513000121; -; -;;;;85;Alto Jacui;2026-06-30 09:43:52.357000000;46;RS;Rio Grande do Sul;13;DRS-PCH
2026-07-01;037461;PCH.PH.MG.037461-0;Cachoeira Comprida;-18,09;-45,40;11;26;48500.038836/2025-39;Cachoeira Comprida;20,800;Rio Abaeté;383;11/02/2026;2027-04-11 00:00:00;Nascente Renováveis Ltda - 63636316000194; -; -;;;;41;Das Velhas - Sao Francisco;2026-06-30 09:43:52.357000000;26;MG;Minas Gerais;11;DRI-PCH
2026-07-01;037461;PCH.PH.MG.037461-0;Cachoeira Comprida;-18,09;-45,40;15;26;48500.002931/1999-13;Cachoeira Comprida;20,800;Abaeté;340;09/06/2003;; -; -; -;;;;41;Das Velhas - Sao Francisco;2026-06-30 09:43:52.357000000;26;MG;Minas Gerais;15;Eixo Disponível
2026-07-01;037462;PCH.PH.MG.037462-8;Perdigão;-19,91;-45,10;13;26;48500.000626/2005-81;Perdigão;12,000;Lambari;948;10/04/2017;2026-12-31 00:00:00;Luzboa Um S.A. - 11445637000108; -; -;;;;40;Alto Sao Francisco, ate Tres Marias;2026-06-30 09:43:52.357000000;26;MG;Minas Gerais;13;DRS-PCH
2026-07-01;037463;PCH.PH.PR.037463-6;Monte Negro (Antiga Faxinal dos Santos);-26,28;-51,63;13;39;48500.000828/2019-71;Monte Negro (Antiga Faxinal dos Santos);9,000;Iratim;3.385;28/10/2021;2029-10-28 00:00:00;Monte Negro Geração de Energia Ltda - 27780943000130; -; -;;;;65;Parana, Iguacu;2026-06-30 09:43:52.357000000;39;PR;Paraná;13;DRS-PCH
2026-07-01;037464;PCH.PH.SP.037464-4;Chalé;-22,57;-44,91;15;50;48500.000716/2001-48;Chalé;19,000;Paraíba do Sul;471;13/04/2005;; -; -; -;;;;58;Paraiba do Sul;2026-06-30 09:43:52.357000000;50;SP;São Paulo;15;Eixo Disponível
2026-07-01;037467;PCH.PH.MG.037467-9;Dias;-18,89;-48,32;13;26;48500.901628/2017-74;Dias;6,606;Uberabinha;1.379;29/06/2018;2026-12-31 00:00:00;ML J Energias Renováveis Ltda. - 31113156000102; -; -;;;;60;Paranaiba;2026-06-30 09:43:52.357000000;26;MG;Minas Gerais;13;DRS-PCH
2026-07-01;037470;PCH.PH.TO.037470-9;Anajanópolis;-9,43;-47,15;15;51;48500.006264/2007-47;Anajanópolis;5,700;Perdida;1.037;19/04/2017;; -; -; -;;;;22;Tocantins, entre os rios Parana e do Sono;2026-06-30 09:43:52.357000000;51;TO;Tocantins;15;Eixo Disponível
2026-07-01;037471;PCH.PH.TO.037471-7;Arraia Alta;-9,46;-47,55;15;51;48500.006264/2007-47;Arraia Alta;6,000;Perdida;1.037;19/04/2017;; -; -; -;;;;22;Tocantins, entre os rios Parana e do Sono;2026-06-30 09:43:52.357000000;51;TO;Tocantins;15;Eixo Disponível
2026-07-01;037478;PCH.PH.MG.037478-4;Cachoeira do Inferno;-21,57;-44,95;13;26;48500.005849/2002-18;Cachoeira do Inferno;9,600;Ingaí;950;06/04/2017;2026-12-31 00:00:00;Luzboa Dois S.A. - 11445654000145; -; -;;;;46;Grande e outros - Sao Francisco;2026-06-30 09:43:52.357000000;26;MG;Minas Gerais;13;DRS-PCH
2026-07-01;037507;PCH.PH.RS.037507-1;Turvo 13;,00;,00;15;46;48500.008372/2008-35;Turvo 13;5,600;Turvo;408;02/02/2009;; -; -; -;;;;74;Uruguai, Varzea, Turvo e outros;2026-06-30 09:43:52.357000000;46;RS;Rio Grande do Sul;15;Eixo Disponível
2026-07-01;037508;PCH.PH.RS.037508-0;Turvo 14;-27,45;-53,84;13;46;48500.008373/2008-80;Turvo 14;8,000;Turvo;987;17/04/2017;2026-12-31 00:00:00;RPI Energy Partners Consultoria e Geração de Energia Ltda - 08594034000163; -; -;;;;74;Uruguai, Varzea, Turvo e outros;2026-06-30 09:43:52.357000000;46;RS;Rio Grande do Sul;13;DRS-PCH
2026-07-01;037511;PCH.PH.SC.037511-0;Subida I;-27,09;-49,47;13;48;48500.002049/2017-49;Subida I;9,800;Itajaí-Açu;1.004;17/05/2019;2027-05-17 00:00:00;Pequena Central Hidrelétrica Subida I SPE Ltda. - 25165552000180; -; -;;;;83;Itajai;2026-06-30 09:43:52.357000000;48;SC;Santa Catarina;13;DRS-PCH
2026-07-01;037512;UHE.PH.MG.037512-8;Formoso;-17,47;-44,95;28;26;48500.901983/2017-43;Formoso;306,000;São Francisco;1.036;19/04/2017;2020-04-17 00:00:00;SPE Formoso Energia S.A. - 34230597000182;Tractebel Engineering Ltda. - 33633561000187; -;1.598;2028-04-17 00:00:00;2025-06-03 00:00:00;41;Das Velhas - Sao Francisco;2026-06-30 09:43:52.357000000;26;MG;Minas Gerais;28;Registro Ativo
2026-07-01;037513;PCH.PH.PR.037513-6;Turvo 18;-27,30;-53,94;15;46;48500.000202/2000-20;Turvo 18;6,400;Turvo;295;12/07/2000;; -; -; -;;;;74;Uruguai, Varzea, Turvo e outros;2026-06-30 09:43:52.357000000;46;RS;Rio Grande do Sul;15;Eixo Disponível
2026-07-01;037514;PCH.PH.GO.037514-4;Volta Grande;,00;,00;11;18;48500.022186/2025-18;Volta Grande;20,000;Meia Ponte;2.513;25/08/2025;2026-10-25 00:00:00;Ambiverse Desenvolver Engenharia e Meio Ambiente Ltda - 19335965000163; -; -;;;;60;Paranaiba;2026-06-30 09:43:52.357000000;18;GO;Goiás;11;DRI-PCH
2026-07-01;037523;PCH.PH.MT.037523-3;Canamã;-10,40;-58,88;13;32;48500.005797/2017-83;Canamã;8,501;Canamã;1.205;29/04/2019;2027-04-29 00:00:00;Primus Incorporação e Construção Ltda. - 00826313000101; -; -;;;;15;Madeira;2026-06-30 09:43:52.357000000;32;MT;Mato Grosso;13;DRS-PCH
2026-07-01;037524;PCH.PH.MT.037524-1;Água de Pedra;-10,20;-58,83;13;32;48500.005796/2017-39;Água de Pedra;9,502;Canamã;1.274;08/05/2019;2027-05-08 00:00:00;Primus Incorporação e Construção Ltda. - 00826313000101; -; -;;;;15;Madeira;2026-06-30 09:43:52.357000000;32;MT;Mato Grosso;13;DRS-PCH
2026-07-01;037525;PCH.PH.PR.037525-0;Vista Alegre;-26,25;-51,76;13;39;48500.005934/2020-85;Vista Alegre;10,000;Iratim;2.157;12/08/2022;2030-08-12 00:00:00;Vista Alegre Geradora de Energia SPE Ltda - 49947907000151; -; -;;;;65;Parana, Iguacu;2026-06-30 09:43:52.357000000;39;PR;Paraná;13;DRS-PCH
2026-07-01;037527;PCH.PH.GO.037527-6;Paraíso;,00;,00;15;18;48500.005410/2013-65;Paraíso;5,700;São Marcos;910;27/11/2003;; -; -; -;;;;60;Paranaiba;2026-06-30 09:43:52.357000000;18;GO;Goiás;15;Eixo Disponível
2026-07-01;037528;PCH.PH.MT.037528-4;Galante;-16,52;-53,44;13;32;48500.005580/2011-88;Galante;10,500;das Garças;1215;05/05/2017;2026-12-31 00:00:00;Garças Energias e Participações S.A. - 08706261000133;Desa Rio das Garças Desenvolvimento Energético S.A. - 01042682000145; -;;;;24;Alto Araguaia e rio Claro;2026-06-30 09:43:52.357000000;32;MT;Mato Grosso;13;DRS-PCH
2026-07-01;037530;PCH.PH.SC.037530-6;Leão;-27,08;-52,49;13;48;48500.004811/2013-06;Leão;6,500;Irani;1224;08/05/2017;2026-12-31 00:00:00;Leão Energia Ltda. - 12663556000147; -; -;;;;73;Uruguai, Chapeco,Passo Fundo e outros;2026-06-30 09:43:52.357000000;48;SC;Santa Catarina;13;DRS-PCH
2026-07-01;037534;PCH.PH.MT.037534-9;Salto Vermelho I;-15,06;-58,04;13;32;48500.005150/2010-85;Salto Vermelho I;13,000;Vermelho;1.259;10/05/2017;2026-12-31 00:00:00;Pequena Central Hidrelétrica Salto Vermelho SPE Ltda - 09591026000126; -; -;;;;66;Alto Paraguai;2026-06-30 09:43:52.357000000;32;MT;Mato Grosso;13;DRS-PCH
2026-07-01;037535;PCH.PH.MG.037535-7;Porto Firme;-20,68;-43,08;13;26;48500.002649/2007-35;Porto Firme;16,500;Piranga;1.264;10/05/2017;2026-12-31 00:00:00;Rima Industrial S.A. - 18279158000108; -; -;;;;56;Doce;2026-06-30 09:43:52.357000000;26;MG;Minas Gerais;13;DRS-PCH
2026-07-01;037536;PCH.PH.MG.037536-5;Guaraciaba;-20,58;-43,02;13;26;48500.002651/2007-12;Guaraciaba;19,500;Piranga;1.263;10/05/2017;2026-12-31 00:00:00;Rima Industrial S.A. - 18279158000108; -; -;;;;56;Doce;2026-06-30 09:43:52.357000000;26;MG;Minas Gerais;13;DRS-PCH
2026-07-01;037537;PCH.PH.GO.037537-3;Verdinho 01 Alto;-17,45;-50,76;13;18;48500.005854/2022-91;Verdinho 01 Alto;13,600;Verdinho;2.765;13/09/2024;2032-09-13 00:00:00;PCH Verdinho 01 Alto Energética SPE Ltda - 55205633000128; -; -;;;;60;Paranaiba;2026-06-30 09:43:52.357000000;18;GO;Goiás;13;DRS-PCH
2026-07-01;037538;PCH.PH.MG.037538-1;Tote Rezende;,00;,00;15;26;48500.001981/2008-63;Tote Rezende;7,170;Rio Piuí;4.533;28/11/2011;; -; -; -;;;;61;Grande;2026-06-30 09:43:52.357000000;26;MG;Minas Gerais;15;Eixo Disponível
2026-07-01;037540;PCH.PH.MA.037540-3;Côco;-5,34;-45,09;13;22;48500.003818/2008-35;Côco;13,700;Mearim;1.312;24/05/2017;2026-12-31 00:00:00;Rodrigo Pedroso Energia Ltda. - 10417697000154; -; -;;;;33;Pindare, Itapecuru, Mearim e outros;2026-06-30 09:43:52.357000000;22;MA;Maranhão;13;DRS-PCH
2026-07-01;037541;PCH.PH.PR.037541-1;Paiol Grande;-26,27;-51,66;13;39;48500.005933/2020-31;Paiol Grande;16,000;Iratim;784;25/03/2022;2030-03-25 00:00:00;Paiol Grande Geradora de Energia SPE Ltda - 50145727000135; -; -;;;;65;Parana, Iguacu;2026-06-30 09:43:52.357000000;39;PR;Paraná;13;DRS-PCH
2026-07-01;037542;PCH.PH.PA.037542-0;Cachoeira do Codó;-4,42;-56,05;13;34;48500.006883/2013-80;Cachoeira do Codó;15,000;Itapacurá;1.313;17/05/2017;2026-12-31 00:00:00;Cachoeira do Codó Geradora de Energia SPE Ltda. - 47484424000132; -; -;;;;17;Tapajos;2026-06-30 09:43:52.357000000;34;PA;Pará;13;DRS-PCH
2026-07-01;037545;PCH.PH.GO.037545-4;Retirinho;-18,87;-51,07;13;18;48500.005965/2012-26;Retirinho;26,000;Verde;1.332;18/05/2017;2026-12-31 00:00:00;Atiaia Energia S.A. - 06015859000150; -; -;;;;60;Paranaiba;2026-06-30 09:43:52.357000000;18;GO;Goiás;13;DRS-PCH
2026-07-01;037556;PCH.PH.RS.037556-0;Linha Carvalho;-29,41;-52,76;13;46;48500.004583/2011-02;Linha Carvalho;5,350;Pardo;2317;15/10/2018;2026-12-31 00:00:00;Três Fronteiras Geração de Energia Ltda. - 13995513000121; -; -;;;;85;Alto Jacui;2026-06-30 09:43:52.357000000;46;RS;Rio Grande do Sul;13;DRS-PCH
2026-07-01;037558;PCH.PH.SP.037558-6;Santana;-22,97;-49,79;13;50;48500.006502/2007-14;Santana;24,248;Pardo;1.369;19/05/2017;2026-12-31 00:00:00;Hidrotérmica S.A. - 02281472000195; -; -;;;;64;Parana, Paranapanema, Amambai e outros;2026-06-30 09:43:52.357000000;50;SP;São Paulo;13;DRS-PCH
2026-07-01;037559;PCH.PH.MG.037559-4;Monte Verde;-21,95;-43,74;13;26;48500.003980/2008-53;Monte Verde;5,351;Monte Verde;1.374;19/05/2017;2026-12-31 00:00:00;MVE – Monteverde Eletricidade Ltda. - 13306991000187; -; -;;;;58;Paraiba do Sul;2026-06-30 09:43:52.357000000;26;MG;Minas Gerais;13;DRS-PCH
2026-07-01;037561;PCH.PH.PA.037561-6;Sapopema;-4,34;-55,39;13;34;48500.900815/2013-15;Sapopema;27,000;Cupari (Braço Oeste);1.377;22/05/2017;2026-12-31 00:00:00;Sapopema Energia SPE Ltda - 40390227000105; -; -;;;;17;Tapajos;2026-06-30 09:43:52.357000000;34;PA;Pará;13;DRS-PCH
2026-07-01;037562;PCH.PH.PA.037562-4;Castanheira;-4,08;-55,04;13;34;48500.900817/2013-04;Castanheira;21,000;Cupari (Cupari Braço Leste);1.388;22/05/2017;2026-12-31 00:00:00;Castanheira Energia SPE Ltda - 40391098000170; -; -;;;;17;Tapajos;2026-06-30 09:43:52.357000000;34;PA;Pará;13;DRS-PCH
2026-07-01;037563;PCH.PH.PA.037563-2;Mangaratiba;-4,21;-55,02;13;34;48500.000814/2013-62;Mangaratiba;20,000;Cupari (Cupari Braço Leste);1.402;23/05/2017;2026-12-31 00:00:00;Mangaratiba Energia SPE Ltda - 40391475000170; -; -;;;;17;Tapajos;2026-06-30 09:43:52.357000000;34;PA;Pará;13;DRS-PCH
2026-07-01;037564;PCH.PH.PA.037564-0;Jaborandi;-4,42;-55,48;13;34;48500.900816/2013-51;Jaborandi;22,000;Cupari (Igarapé Santa Cruz);1.410;24/05/2017;2026-12-31 00:00:00;Jaborandi Energia SPE Ltda - 40651924000172; -; -;;;;17;Tapajos;2026-06-30 09:43:52.357000000;34;PA;Pará;13;DRS-PCH
2026-07-01;037565;PCH.PH.RS.037565-9;Tigre Alto;-27,94;-51,13;13;46;48500.000465/2013-89;Tigre Alto;6,850;Lajeado do Tigre;1.407;27/07/2017;2026-12-31 00:00:00;Pinhal da Serra Geração de Energia S.A. - 10600166000100; -; -;;;;70;Pelotas;2026-06-30 09:43:52.357000000;46;RS;Rio Grande do Sul;13;DRS-PCH
2026-07-01;037572;PCH.PH.SC.037572-1;Raposo;-28,18;-50,49;13;48;48500.002623/2017-69;Raposo;6,900;Pelotinhas;2.266;19/08/2019;2027-08-19 00:00:00;Lages Geração de Energia Elétrica S.A. - 55747229000186; -; -;;;;70;Pelotas;2026-06-30 09:43:52.357000000;48;SC;Santa Catarina;13;DRS-PCH
2026-07-01;037609;PCH.PH.PR.037609-4;Engenho Velho;-26,18;-51,85;13;39;48500.005935/2020-20;Engenho Velho;9,000;Iratim;2.170;12/08/2022;2030-08-12 00:00:00;Engenho Velho Geradora de Energia SPE Ltda - 49947348000180; -; -;;;;65;Parana, Iguacu;2026-06-30 09:43:52.357000000;39;PR;Paraná;13;DRS-PCH
2026-07-01;037625;UHE.PH.SC.037625-6;Itapiranga;-27,16;-53,68;28;48;48500.002965/2017-89;Itapiranga;724,600;Uruguai;1.667;16/06/2017;2020-06-16 00:00:00;Múltipla Participações Ltda. - 11649715000196; -; -;2.327;2027-06-16 00:00:00;2024-08-16 00:00:00;70;Pelotas;2026-06-30 09:43:52.357000000;48;SC;Santa Catarina;28;Registro Ativo
2026-07-01;037650;PCH.PH.MG.037650-7;Ferradura;-19,23;-42,91;13;26;48500.001638/2007-67;Ferradura;23,500;Santo Antônio;627;29/03/2018;2026-12-31 00:00:00;Tazem Participações S.A. - 29693753000101; -; -;;;;56;Doce;2026-06-30 09:43:52.357000000;26;MG;Minas Gerais;13;DRS-PCH
2026-07-01;037651;PCH.PH.MG.037651-5;Limeira;-18,58;-41,94;13;26;48500.006939/2007-58;Limeira;14,000;Suaçuí Grande;1.785;23/06/2017;2026-12-31 00:00:00;Minas PCH S.A. - 07895905000116; -; -;;;;56;Doce;2026-06-30 09:43:52.357000000;26;MG;Minas Gerais;13;DRS-PCH
2026-07-01;037655;PCH.PH.MG.037655-8;Escada;-18,26;-47,14;13;26;48500.003355/2014-50;Escada;20,000;Paranaiba;1.821(2.671/2023, Suspenso);05/07/2017;;Minas PCH S.A. - 07895905000116; -; -;2.523;;2020-09-01 00:00:00;60;Paranaiba;2026-06-30 09:43:52.357000000;26;MG;Minas Gerais;13;DRS-PCH
2026-07-01;037666;UHE.PH.TO.037666-3;São Domingos;-12,98;-47,72;15;80;48500.000670/2001-49;São Domingos;50,000;Rio Paranã;963;11/12/2003;; -; -; -;;;;21;Tocantins, entre os rios Preto e Parana;2026-06-30 09:43:52.357000000;80;TO/GO;Tocantins / Goiás;15;Eixo Disponível
2026-07-01;037667;PCH.PH.RS.037667-1;Duque de Caxias;-28,83;-51,49;13;46;48500.000584/2012-51;Duque de Caxias;6,500;da Prata;2.387;10/08/2017;2026-12-31 00:00:00;Minozzo Serviços e Comercio de Materias para Comunicação Ltda. - 87870838000114; -; -;;;;86;Taquari;2026-06-30 09:43:52.357000000;46;RS;Rio Grande do Sul;13;DRS-PCH
2026-07-01;037668;PCH.PH.SC.037668-0;São Joaquim;-28,46;-49,94;13;48;48500.001405/2012-01;São Joaquim;25,500;Pelotas;2.077;20/07/2017;2026-12-31 00:00:00;São Joaquim Energética S.A - 11408247000168; -; -;;;;70;Pelotas;2026-06-30 09:43:52.357000000;48;SC;Santa Catarina;13;DRS-PCH
2026-07-01;037669;PCH.PH.SC.037669-8;Santo Inácio;-28,48;-50,12;13;48;48500.001402/2012-69;Santo Inácio;28,500;Pelotas;2.076;20/07/2017;2026-12-31 00:00:00;São Joaquim Energética S.A - 11408247000168; -; -;;;;70;Pelotas;2026-06-30 09:43:52.357000000;48;SC;Santa Catarina;13;DRS-PCH
2026-07-01;037670;PCH.PH.RJ.037670-1;Saltinho do Itabapoana;-21,02;-41,72;13;41;48500.001379/2008-26;Saltinho do Itabapoana;7,500;Itabapoana;2.208;26/08/2017;2026-12-31 00:00:00;MONEX GERACAO DE ENERGIA S.A. - 13999606000124; -; -;;;;57;Litoraneas do Espirito Santo;2026-06-30 09:43:52.357000000;41;RJ;Rio de Janeiro;13;DRS-PCH
2026-07-01;037671;PCH.PH.RJ.037671-0;Boa Vista;-21,87;-42,03;13;41;48500.003278/2018-61;Boa Vista;14,000;Grande;855;30/03/2020;2028-03-30 00:00:00;Pequena Central Hidrelétrica Boa Vista Energética SPE Ltda. - 24378322000137; -; -;;;;58;Paraiba do Sul;2026-06-30 09:43:52.357000000;41;RJ;Rio de Janeiro;13;DRS-PCH
2026-07-01;037672;PCH.PH.SC.037672-8;Canoas I Alto;-27,44;-50,68;13;48;48500.004832/2017-47;Canoas I Alto;30,000;Canoas;75;15/01/2019;2027-01-15 00:00:00;Celesc Geração S.A - 08336804000178; -; -;;;;71;Canoas;2026-06-30 09:43:52.357000000;48;SC;Santa Catarina;13;DRS-PCH
2026-07-01;037673;PCH.PH.SC.037673-6;Zimlich;-26,88;-49,21;13;48;48500.006173/2005-51;Zimlich;12,000;Itajaí-Açu;2.837;11/09/2017;2026-12-31 00:00:00;Indaial Energia Ltda. - 07889798000113; -; -;;;;83;Itajai;2026-06-30 09:43:52.357000000;48;SC;Santa Catarina;13;DRS-PCH
2026-07-01;037675;PCH.PH.SP.037675-2;Pedra Azul;-23,29;-47,22;13;50;48500.007959/2008-27;Pedra Azul;30,000;Tietê;520;13/03/2018;2026-12-31 00:00:00;Prata Geração de Energia Ltda. - 10361932000113; -; -;;;;62;Parana, Tiete e outros;2026-06-30 09:43:52.357000000;50;SP;São Paulo;13;DRS-PCH
2026-07-01;037682;PCH.PH.MG.037682-5;Rio Manso;-22,38;-45,30;11;26;;Rio Manso;7,000;Lourenço Velho;1.689;19/05/2026;2027-07-19 00:00:00;NB Energy Participações Ltda - 57202090000110; -; -;;;;61;Grande;2026-06-30 09:43:52.357000000;26;MG;Minas Gerais;11;DRI-PCH
2026-07-01;037744;PCH.PH.RJ.037744-9;Rio Grandina;-22,19;-42,51;11;41;48500.002175/2019-65;Rio Grandina;7,100;Grande;1.366/2019 (3.424/2020, Suspenso);;;Múltipla Participações Ltda. - 11649715000196; -; -;;;;58;Paraiba do Sul;2026-06-30 09:43:52.357000000;41;RJ;Rio de Janeiro;11;DRI-PCH
2026-07-01;037747;PCH.PH.SC.037747-3;Abelardo Luz;-26,56;-52,34;13;48;48500.000208/2007-82;Abelardo Luz;29,000;Chapecó;880/2018;20/04/2018;2026-12-31 00:00:00;Energética Abelardo Luz Ltda - 08860202000115;Getuliano Michelin (***.***.***-00) -; -;;;;73;Uruguai, Chapeco,Passo Fundo e outros;2026-06-30 09:43:52.357000000;48;SC;Santa Catarina;13;DRS-PCH
2026-07-01;037762;UHE.PH.AM.037762-7;J1;-6,46;-59,79;28;5;48500.004404/2021-09;J1;140,500;Acari;2.942;23/09/2021;2023-09-25 00:00:00;Mega Comercializadora de Energia e Gás Ltda - 15054480000140; -; -;1.121;2026-09-25 00:00:00;2024-04-10 00:00:00;15;Madeira;2026-06-30 09:43:52.357000000;5;AM;Amazonas;28;Registro Ativo
2026-07-01;037763;PCH.PH.AM.037763-5;J3;-6,98;-59,67;13;5;48500.005269/2023-72;J3;15,800;Acari;2.765;13/09/2024;2032-09-13 00:00:00;Wunder Engenharia Ltda - 23961353000153; -; -;;;;15;Madeira;2026-06-30 09:43:52.357000000;5;AM;Amazonas;13;DRS-PCH
2026-07-01;037764;PCH.PH.AM.037764-3;J4;-7,13;-59,68;15;5;48500.002440/2012-39;J4;13,400;Rio Acari;2.473;18/08/2017;; -; -; -;;;;15;Madeira;2026-06-30 09:43:52.357000000;5;AM;Amazonas;15;Eixo Disponível
2026-07-01;037789;PCH.PH.MG.037789-9;Serra do Azeite;-19,50;-41,65;15;26;48500.002935/2001-52;Serra do Azeite;13,500;Rio Manhuaçu;1.587;20/07/2006;; -; -; -;;;;56;Doce;2026-06-30 09:43:52.357000000;26;MG;Minas Gerais;15;Eixo Disponível
2026-07-01;037792;UHE.PH.PA.037792-9;Jatobá;-5,19;-56,92;3;34;48500.004333/2009-40;Jatobá;1649,920;Tapajós;4.394;02/01/2018;;Centrais Elétricas Brasileiras S.A. – Eletrobras, Centrais Elétricas do Norte do Brasil S.A. – Eletronorte, Construções e Comércio Camargo Corrêa S.A., EDF Consultoria em Projetos de Geração de Energia Ltda., Eletricité de France S.A. – EDF, Cemig Geração e Transmissão S.A., Copel Geração e Transmissão S.A., GDF Suez Energy Latin America Participações Ltda., Endesa Brasil S.A., Neoenergia Investimentos S.A. e Consórcio Tapajós - 00001180000207; -; -;2.396;2027-08-28 00:00:00;2024-08-28 00:00:00;17;Tapajos;2026-06-30 09:43:52.357000000;34;PA;Pará;3;Aceito
2026-07-01;037805;UHE.PH.MS.037805-4;Baixo Verde I;-20,76;-52,56;14;30;48500.001216/2014-91;Baixo Verde I;27,000;Verde;2.855;26/09/2017;2026-12-31 00:00:00;Minas PCH S.A - 07895905000116; -; -;;;;63;Parana, Verde , Peixe, e outros;2026-06-30 09:43:52.357000000;30;MS;Mato Grosso do Sul;14;DRS-UHE
2026-07-01;037806;UHE.PH.MS.037806-2;Baixo Verde III;-21,03;-52,13;14;30;48500.001442/2014-72;Baixo Verde III;25,000;Verde;2.856;12/09/2017;2026-12-31 00:00:00;Minas PCH S.A. - 07895905000116; -; -;;;;63;Parana, Verde , Peixe, e outros;2026-06-30 09:43:52.357000000;30;MS;Mato Grosso do Sul;14;DRS-UHE
2026-07-01;037807;UHE.PH.MT.037807-0;Quebra Remo;-9,12;-59,39;15;32;48500.004125/2017-51;Quebra Remo;267,800;Aripuanã;1.971;24/08/2020;; -; -; -;;;;15;Madeira;2026-06-30 09:43:52.357000000;32;MT;Mato Grosso;15;Eixo Disponível
2026-07-01;037821;PCH.PH.MG.037821-6;Barro Preto;-19,53;-41,45;13;26;48500.005529/2011-76;Barro Preto;20,000;Manhuaçu;2836;08/09/2017;2026-12-31 00:00:00;Minas PCH S.A. - 07895905000116; -; -;;;;56;Doce;2026-06-30 09:43:52.357000000;26;MG;Minas Gerais;13;DRS-PCH
2026-07-01;037825;PCH.PH.GO.037825-9;Salto Duran;-18,35;-51,25;13;18;48500.003776/2011-43;Salto Duran;30,000;Claro;3.654;27/12/2024;2026-12-31 00:00:00;CELG Geração e Transmissão S.A. - 07779299000173;FR Incorporadora Ltda. - 04222898000101;Minas PCH S.A - 07.895.905/0001-16;;;;60;Paranaiba;2026-06-30 09:43:52.357000000;18;GO;Goiás;13;DRS-PCH
2026-07-01;037887;PCH.PH.MT.037887-9;Pedra Branca;-9,70;-54,75;15;33;48500.005586/2011-55;Pedra Branca;5,200;Braço Sul;3.088;25/09/2017;; -; -; -;;;;17;Tapajos;2026-06-30 09:43:52.357000000;33;MT/PA;Mato Grosso / Pará;15;Eixo Disponível
2026-07-01;038179;PCH.PH.AM.038179-9;40 Ilhas;-,89;-59,58;15;5;48500.000124/2008-46;40 Ilhas;8,000;Pitinga;3.660;12/01/2021;; -; -; -;;;;16;Amazonas, entre os rios Madeira e Trombetas;2026-06-30 09:43:52.357000000;5;AM;Amazonas;15;Eixo Disponível
2026-07-01;038182;PCH.PH.RS.038182-9;Nova Prata;-28,75;-51,53;13;46;48500.005458/2021-83;Nova Prata;12,500;Da Prata;1.601;01/06/2023;2031-06-01 00:00:00;DW Engenheiros Associados Ltda. - 03787089000176; -; -;;;;86;Taquari;2026-06-30 09:43:52.357000000;46;RS;Rio Grande do Sul;13;DRS-PCH
2026-07-01;038190;PCH.PH.PA.038190-0;Candeia;-4,39;-55,51;13;34;48500.000059/2013-16;Candeia;8,000;Igarapé Santa Cruz;3.443;13/10/2017;2026-12-31 00:00:00;Candeia Energia SPE Ltda - 42413145000164; -; -;;;;17;Tapajos;2026-06-30 09:43:52.357000000;34;PA;Pará;13;DRS-PCH
2026-07-01;038193;PCH.PH.SC.038193-4;Pinheiro Preto (Antiga B2);-27,07;-51,25;13;48;48500.006166/2017-81;Pinheiro Preto (Antiga B2);6,000;do Peixe;1.984;19/07/2019;2027-07-19 00:00:00;Pinheiro Preto Geração de Energia Ltda - 50326448000178; -; -;;;;72;Uruguai, Inhanduva, Peixe e outros;2026-06-30 09:43:52.357000000;48;SC;Santa Catarina;13;DRS-PCH
2026-07-01;038194;PCH.PH.SC.038194-2;E6;-27,03;-51,23;13;48;48500.003835/2019-25;E6;6,000;do Peixe;2.658;02/09/2021;2029-09-02 00:00:00;Eletro Energias Renováveis Ltda - 42764367000121; -; -;;;;72;Uruguai, Inhanduva, Peixe e outros;2026-06-30 09:43:52.357000000;48;SC;Santa Catarina;13;DRS-PCH
2026-07-01;038195;PCH.PH.SC.038195-0;I12;-26,96;-51,14;13;48;48500.006167/2017-26;I12;9,801;do Peixe;2.326;11/09/2019;2027-09-11 00:00:00;Fornasa Geração de Energia Ltda. - 08678730000158; -; -;;;;72;Uruguai, Inhanduva, Peixe e outros;2026-06-30 09:43:52.357000000;48;SC;Santa Catarina;13;DRS-PCH
2026-07-01;038196;PCH.PH.SC.038196-9;J13;-26,96;-51,12;13;48;48500.006165/2017-37;J13;5,100;Do Peixe;1.403 (Resolução 1.070/2023);28/05/2019;2027-05-28 00:00:00;Vian Geração de Energia Ltda - 50490278000162; -; -;;;;72;Uruguai, Inhanduva, Peixe e outros;2026-06-30 09:43:52.357000000;48;SC;Santa Catarina;13;DRS-PCH
2026-07-01;038212;UHE.PH.PA.038212-4;Águas Lindas;-4,19;-55,42;14;34;48500.906604/2012-05;Águas Lindas;40,000;Cupari Braço Oeste;3.717;10/11/2017;2026-12-31 00:00:00;Águas Lindas Energia SPE Ltda - 42056628000159; -; -;;;;17;Tapajos;2026-06-30 09:43:52.357000000;34;PA;Pará;14;DRS-UHE
2026-07-01;038215;PCH.PH.RS.038215-9;Pião;-28,82;-50,78;13;46;48500.003606/2001-56;Pião;7,200;Arroio São Tomé;3.756;08/12/2017;2026-12-31 00:00:00;Futura Energias Renováveis Ltda. - 11182154000168; -; -;;;;86;Taquari;2026-06-30 09:43:52.357000000;46;RS;Rio Grande do Sul;13;DRS-PCH
2026-07-01;038220;PCH.PH.GO.038220-5;Urtiga;-17,36;-53,10;13;18;48500.000159/2018-57;Urtiga;9,000;Babilônia;945;02/04/2019;2027-04-02 00:00:00;Construtora Central do Brasil S.A. - 02156313000169; -; -;;;;24;Alto Araguaia e rio Claro;2026-06-30 09:43:52.357000000;18;GO;Goiás;13;DRS-PCH
2026-07-01;038222;PCH.PH.ES.038222-1;Santa Teresa;-20,01;-40,49;13;15;48500.003229/2023-96;Santa Teresa;10,000;Reis Magos;2.074;15/07/2025;2032-07-15 00:00:00;CBHIDRO Companhia Brasileira de Hidromecânicos Ltda. - 09545654000175; -; -;;;;55;Sao mateus, Itanhem e outros;2026-06-30 09:43:52.357000000;15;ES;Espírito Santo;13;DRS-PCH
2026-07-01;038243;PCH.PH.MG.038243-4;Cachoeira do Prata;-18,09;-46,22;15;26;48500.004646/2013-84;Cachoeira do Prata;24,700;da Prata;2.897;19/08/2013;; -; -; -;;;;42;Paracatu e outros - Sao Francisco;2026-06-30 09:43:52.357000000;26;MG;Minas Gerais;15;Eixo Disponível
2026-07-01;038244;PCH.PH.MG.038244-2;Peixe;-18,01;-46,26;15;26;48500.004138/2007-58;Peixe;16,400;da Prata;4.947;27/12/2011;; -; -; -;;;;42;Paracatu e outros - Sao Francisco;2026-06-30 09:43:52.357000000;26;MG;Minas Gerais;15;Eixo Disponível
2026-07-01;038342;PCH.PH.PR.038342-2;Guarituba-R2;-25,05;-49,77;15;39;48500.000971/2010-25;Guarituba-R2;6,150;Ribeira;359;28/02/2018;; -; -; -;;;;81;Ribeira do Iguape;2026-06-30 09:43:52.357000000;39;PR;Paraná;15;Eixo Disponível
2026-07-01;038343;PCH.PH.PR.038343-0;Petra-R2;-25,01;-49,65;15;39;48500.004770/2022-31;Petra-R2;5,570;Ribeira;359;28/02/2018;; -; -; -;;;;81;Ribeira do Iguape;2026-06-30 09:43:52.357000000;39;PR;Paraná;15;Eixo Disponível
2026-07-01;038346;PCH.PH.MG.038346-5;Canoas;-18,13;-45,47;15;26;48500.002931/1999-13;Canoas;19,300;Rio Abaeté;340;10/06/2003;; -; -; -;;;;41;Das Velhas - Sao Francisco;2026-06-30 09:43:52.357000000;26;MG;Minas Gerais;15;Eixo Disponível
2026-07-01;038347;PCH.PH.MG.038347-3;Paraoquena;-21,49;-42,27;13;26;48500.007049/2008-44;Paraoquena;13,990;Pomba;3.096;02/12/2016;2026-12-31 00:00:00;Rodrigo Pedroso Energia Ltda. - 10147697000154; -; -;;;;58;Paraiba do Sul;2026-06-30 09:43:52.357000000;26;MG;Minas Gerais;13;DRS-PCH
2026-07-01;038356;PCH.PH.MG.038356-2;Vila Bonito Alto;-18,39;-42,49;13;26;48500.002572/2018-56;Vila Bonito Alto;17,001;Suaçuí Grande;588;02/03/2020;2028-03-02 00:00:00;EBDE Energia S.A. - 16887535000166; -; -;;;;56;Doce;2026-06-30 09:43:52.357000000;26;MG;Minas Gerais;13;DRS-PCH
2026-07-01;038357;PCH.PH.MG.038357-0;Emparedado Alto;-18,36;-42,52;13;26;48500.002607/2018-57;Emparedado Alto;28,002;Suaçuí Grande;3.293;24/11/2020;2028-11-24 00:00:00;EBDE Energia S.A. - 16887535000166; -; -;;;;56;Doce;2026-06-30 09:43:52.357000000;26;MG;Minas Gerais;13;DRS-PCH
2026-07-01;038358;PCH.PH.MG.038358-9;Gameleira;-18,36;-42,55;15;26;48500.003027/2011-19;Gameleira;6,200;Suaçuí Grande;502;08/03/2018;; -; -; -;;;;56;Doce;2026-06-30 09:43:52.357000000;26;MG;Minas Gerais;15;Eixo Disponível
2026-07-01;038359;PCH.PH.MG.038359-7;Caipora;-18,33;-42,57;15;26;48500.003027/2011-19;Caipora;11,700;Suaçuí Grande;502;08/03/2018;; -; -; -;;;;56;Doce;2026-06-30 09:43:52.357000000;26;MG;Minas Gerais;15;Eixo Disponível
2026-07-01;038362;PCH.PH.RJ.038362-7;Pimentel I;-21,77;-41,95;15;41;48500.000731/2009-97;Pimentel I;7,990;Grande;2.128;15/07/2021;; -; -; -;;;;58;Paraiba do Sul;2026-06-30 09:43:52.357000000;41;RJ;Rio de Janeiro;15;Eixo Disponível
2026-07-01;038373;PCH.PH.MG.038373-2;São Gonçalo;-18,20;-45,64;15;26;48500.002931/1999-13;São Gonçalo;19,000;Abaeté;340;10/06/2003;; -; -; -;;;;41;Das Velhas - Sao Francisco;2026-06-30 09:43:52.357000000;26;MG;Minas Gerais;15;Eixo Disponível
2026-07-01;039189;PCH.PH.MG.039189-1;Ouro Fino;-19,18;-42,81;13;26;48500.004365/2008-64;Ouro Fino;28,400;Santo Antônio;868;24/04/2018;2026-12-31 00:00:00;Minas PCH S.A. - 07895905000116; -; -;;;;56;Doce;2026-06-30 09:43:52.357000000;26;MG;Minas Gerais;13;DRS-PCH
2026-07-01;040199;PCH.PH.MG.040199-4;Araci;-21,52;-42,94;15;26;48100.002293/1995-57;Araci;18,000;Rio Novo;448;06/11/1997;; -; -; -;;;;58;Paraiba do Sul;2026-06-30 09:43:52.357000000;26;MG;Minas Gerais;15;Eixo Disponível
2026-07-01;040436;UHE.PH.PA.040436-5;Cachoeira do Caí;-5,08;-56,47;28;34;48500.004332/2009-03;Cachoeira do Caí;802,000;Jamanxim;2.896;07/08/2009;2011-07-31 00:00:00;Centrais Elétricas Brasileiras S.A. – Eletrobras - 00001180000126; -; -;838;2026-12-31 00:00:00;2024-03-20 00:00:00;17;Tapajos;2026-06-30 09:43:52.357000000;34;PA;Pará;28;Registro Ativo
2026-07-01;040437;UHE.PH.PA.040437-3;Jamanxim;-5,65;-55,88;28;34;48500.004335/2009-39;Jamanxim;881,000;Jamanxim;2.901;07/08/2009;2011-04-30 00:00:00;Consórcio Tapajós, liderado pela empresa Centrais Elétricas Brasileiras S.A. – Eletrobras - 00001180000126; -; -;839;2026-12-31 00:00:00;2024-03-20 00:00:00;17;Tapajos;2026-06-30 09:43:52.357000000;34;PA;Pará;28;Registro Ativo
2026-07-01;040438;UHE.PH.PA.040438-1;Cachoeira dos Patos;-5,92;-55,76;28;34;48500.004336/2009-83;Cachoeira dos Patos;528,000;Jamanxim;2.902;07/08/2009;2021-07-31 00:00:00;Consórcio Tapajós, liderado pela empresa Centrais Elétricas Brasileiras S.A. – Eletrobras - 00001180000126; -; -;840;2026-12-31 00:00:00;2024-03-20 00:00:00;17;Tapajos;2026-06-30 09:43:52.357000000;34;PA;Pará;28;Registro Ativo
2026-07-01;040539;PCH.PH.RS.040539-6;Salto Quebra Dentes;-28,67;-50,91;13;46;48500.004000/2018-10;Salto Quebra Dentes;5,700;Quebra Dentes;1.717;17/06/2020;2028-06-17 00:00:00;Salto Quebra Dentes Geração de Energia SPE Ltda - 65788851000196; -; -;;;;86;Taquari;2026-06-30 09:43:52.357000000;46;RS;Rio Grande do Sul;13;DRS-PCH
2026-07-01;040540;PCH.PH.RS.040540-0;Esteira;-28,72;-50,91;13;46;48500.004001/2018-56;Esteira;6,600;Quebra Dentes;3.568;18/12/2019;2027-12-18 00:00:00;Esteira Geração de Energia SPE Ltda - 65789108000150; -; -;;;;86;Taquari;2026-06-30 09:43:52.357000000;46;RS;Rio Grande do Sul;13;DRS-PCH
2026-07-01;040541;PCH.PH.RS.040541-8;Monte Alegre;-28,76;-50,92;13;46;48500.004002/2018-09;Monte Alegre;9,400;Quebra Dentes;2.776;11/10/2019;2027-10-11 00:00:00;Monte Alegre Geração de Energia SPE Ltda - 65789052000134; -; -;;;;86;Taquari;2026-06-30 09:43:52.357000000;46;RS;Rio Grande do Sul;13;DRS-PCH
2026-07-01;040542;PCH.PH.RS.040542-6;Vacaria;-28,71;-51,00;13;46;48500.004003/2018-45;Vacaria;6,300;Refugiado;1.682;13/06/2019;2027-06-13 00:00:00;Vacaria Geração de Energia SPE Ltda - 65788708000102; -; -;;;;86;Taquari;2026-06-30 09:43:52.357000000;46;RS;Rio Grande do Sul;13;DRS-PCH
2026-07-01;040543;PCH.PH.RS.040543-4;Refugiado;-28,74;-50,97;13;46;48500.004004/2018-90;Refugiado;9,000;Refugiado;3.569;18/12/2019;2027-12-18 00:00:00;Refugiado Geração de Energia SPE Ltda - 65791270000103; -; -;;;;86;Taquari;2026-06-30 09:43:52.357000000;46;RS;Rio Grande do Sul;13;DRS-PCH
2026-07-01;040653;PCH.PH.TO.040653-8;Alto Plano;-11,75;-47,12;15;51;48500.001867/2009-14;Alto Plano;5,700;Manuel Alves;1.357;13/08/2018;; -; -; -;;;;22;Tocantins, entre os rios Parana e do Sono;2026-06-30 09:43:52.357000000;51;TO;Tocantins;15;Eixo Disponível
2026-07-01;040654;PCH.PH.TO.040654-6;Baliza;-11,81;-47,18;15;51;48500.001867/2009-14;Baliza;6,200;Manuel Alves;1.357;13/08/2018;; -; -; -;;;;22;Tocantins, entre os rios Parana e do Sono;2026-06-30 09:43:52.357000000;51;TO;Tocantins;15;Eixo Disponível
2026-07-01;040655;PCH.PH.TO.040655-4;Sossego;-11,87;-47,29;15;51;48500.001867/2009-14;Sossego;6,100;Manuel Alves;1.357;13/08/2018;; -; -; -;;;;22;Tocantins, entre os rios Parana e do Sono;2026-06-30 09:43:52.357000000;51;TO;Tocantins;15;Eixo Disponível
2026-07-01;040656;PCH.PH.TO.040656-2;Contas;-11,95;-47,40;15;51;48500.001867/2009-14;Contas;6,700;Manuel Alves;1.357;13/08/2018;; -; -; -;;;;22;Tocantins, entre os rios Parana e do Sono;2026-06-30 09:43:52.357000000;51;TO;Tocantins;15;Eixo Disponível
2026-07-01;040657;PCH.PH.TO.040657-0;Mundo Novo;-11,92;-47,53;15;51;48500.001867/2009-14;Mundo Novo;7,800;Manuel Alves;1.357;13/08/2018;; -; -; -;;;;22;Tocantins, entre os rios Parana e do Sono;2026-06-30 09:43:52.357000000;51;TO;Tocantins;15;Eixo Disponível
2026-07-01;040658;PCH.PH.TO.040658-9;ABC;-11,85;-47,65;15;51;48500.001867/2009-14;ABC;12,400;Manuel Alves;1.357;13/08/2018;; -; -; -;;;;22;Tocantins, entre os rios Parana e do Sono;2026-06-30 09:43:52.357000000;51;TO;Tocantins;15;Eixo Disponível
2026-07-01;040659;PCH.PH.TO.040659-7;Conquista;-11,79;-47,79;15;51;48500.001867/2009-14;Conquista;14,000;Manuel Alves;1.357;13/08/2018;; -; -; -;;;;22;Tocantins, entre os rios Parana e do Sono;2026-06-30 09:43:52.357000000;51;TO;Tocantins;15;Eixo Disponível
2026-07-01;040668;UHE.PH.TO.040668-6;Natividade;-11,72;-48,11;15;51;48500.001867/2009-14;Natividade;29,500;Manuel Alves;1.357;13/08/2018;; -; -; -;;;;22;Tocantins, entre os rios Parana e do Sono;2026-06-30 09:43:52.357000000;51;TO;Tocantins;15;Eixo Disponível
2026-07-01;040676;PCH.PH.MG.040676-7;Parreiral;-21,88;-46,28;13;26;48500.002365/2019-82;Parreiral;7,750;Capivari;3.009;23/10/2020;2028-10-23 00:00:00;Parreiral Energética Ltda. - 14755469000145; -; -;;;;61;Grande;2026-06-30 09:43:52.357000000;26;MG;Minas Gerais;13;DRS-PCH
2026-07-01;040683;PCH.PH.MG.040683-0;Paraíso;-20,39;-43,19;11;26;48500.007564/2026-14;Paraíso;10,000;Gualaxo do Sul;1.595;11/05/2026;2027-07-11 00:00:00;NB Energy Participações Ltda - 57202090000110; -; -;;;;56;Doce;2026-06-30 09:43:52.357000000;26;MG;Minas Gerais;11;DRI-PCH
2026-07-01;040752;PCH.PH.MG.040752-6;Cotegipe;-21,88;-43,42;13;26;48500.003621/2021-73;Cotegipe;19,000;Do Peixe;1.619;05/06/2023;2031-06-05 00:00:00;Petraprime Gestão e Administração de Propriedade Imobiliária Ltda - 19156706000175;Paulo Victor Azevedo Viana (CPF: 113.*****6-37) -; -;;;;58;Paraiba do Sul;2026-06-30 09:43:52.357000000;26;MG;Minas Gerais;13;DRS-PCH
2026-07-01;040754;PCH.PH.MS.040754-2;Baru;-18,60;-54,76;13;30;48500.005306/2018-85;Baru;5,100;Taquarizinho;1.759;22/06/2020;2028-06-22 00:00:00;Guarujá Energia Ltda - 09195535000130; -; -;;;;66;Alto Paraguai;2026-06-30 09:43:52.357000000;30;MS;Mato Grosso do Sul;13;DRS-PCH
2026-07-01;040763;PCH.PH.MS.040763-1;Verde 6;-19,37;-53,58;13;30;48500.002478/2018-05;Verde 6;8,400;Verde;1.911;01/07/2020;2028-07-01 00:00:00;MSUL Energias Renováveis Ltda. - 05148449000115; -; -;;;;63;Parana, Verde , Peixe, e outros;2026-06-30 09:43:52.357000000;30;MS;Mato Grosso do Sul;13;DRS-PCH
2026-07-01;040765;PCH.PH.MS.040765-8;Pequi;-18,66;-54,74;13;30;48500.005307/2018-20;Pequi;6,502;Taquarizinho;268;05/02/2020;2028-02-05 00:00:00;Guarujá Energia Ltda - 09195535000130; -; -;;;;66;Alto Paraguai;2026-06-30 09:43:52.357000000;30;MS;Mato Grosso do Sul;13;DRS-PCH
2026-07-01;040779;PCH.PH.GO.040779-8;Rialma;-15,22;-49,55;13;18;48500.000654/2007-88;Rialma;18,000;Das Almas;1.924;28/08/2018;2026-12-31 00:00:00;EDP Energias do Brasil S.A. - 03983431000103; -; -;;;;21;Tocantins, entre os rios Preto e Parana;2026-06-30 09:43:52.357000000;18;GO;Goiás;13;DRS-PCH
2026-07-01;040780;PCH.PH.GO.040780-1;Ceres;-15,34;-49,58;11;18;48500.000259/2026-93;Ceres;26,000;Das Almas;573;23/02/2026;2027-04-23 00:00:00;Nascente Renováveis Ltda - 63636316000194; -; -;;;;21;Tocantins, entre os rios Preto e Parana;2026-06-30 09:43:52.357000000;18;GO;Goiás;11;DRI-PCH
2026-07-01;040781;UHE.PH.MT.040781-0;Paiaguá;-13,21;-57,51;14;32;48500.004245/2007-86;Paiaguá;28,000;do Sangue;3.268;23/11/2020;2028-11-23 00:00:00;Copel Geração e Transmissão S.A - 04370282000170; -; -;;;;17;Tapajos;2026-06-30 09:43:52.357000000;32;MT;Mato Grosso;14;DRS-UHE
2026-07-01;040782;UHE.PH.SC.040782-8;Porto Ferreira;-26,94;-52,92;14;48;48500.005978/2010-33;Porto Ferreira;40,000;Chapecó;1.904;01/07/2020;2028-07-01 00:00:00;Minas PCH S.A - 07859905000116;CPFL Energias Renováveis S.A. (Antiga ERSA) - 08439659000150; -;;;;73;Uruguai, Chapeco,Passo Fundo e outros;2026-06-30 09:43:52.357000000;48;SC;Santa Catarina;14;DRS-UHE
2026-07-01;040808;PCH.PH.RS.040808-5;Linha Pinhal;-29,37;-52,75;13;46;48500.004575/2011-58;Linha Pinhal;5,200;Pardo;2316;15/10/2018;2026-12-31 00:00:00;Três Fronteiras Geração de Energia Ltda. - 13995513000121; -; -;;;;85;Alto Jacui;2026-06-30 09:43:52.357000000;46;RS;Rio Grande do Sul;13;DRS-PCH
2026-07-01;040810;PCH.PH.GO.040810-7;Foz do Paraíso;-16,60;-52,26;13;18;48500.006823/2009-81;Foz do Paraíso;29,500;do Peixe;301;02/02/2017;2026-12-31 00:00:00;RZK Empreendimentos Imobiliários Ltda - 56319718000108; -; -;;;;24;Alto Araguaia e rio Claro;2026-06-30 09:43:52.357000000;18;GO;Goiás;13;DRS-PCH
2026-07-01;040817;PCH.PH.MG.040817-4;Gamela;-18,08;-47,28;13;26;48500.006185/2007-36;Gamela;25,000;Paranaíba;3131;26/12/2018;2026-12-31 00:00:00;Minas PCH S.A. - 07895905000116; -; -;;;;60;Paranaiba;2026-06-30 09:43:52.357000000;26;MG;Minas Gerais;13;DRS-PCH
2026-07-01;040820;PCH.PH.MG.040820-4;Bonfim de Baixo;-20,19;-42,35;13;26;48500.001391/2018-11;Bonfim de Baixo;8,505;Matipó;2.632;27/09/2019;2027-09-27 00:00:00;Liberum Energia Participações Ltda - 22899073000108; -; -;;;;56;Doce;2026-06-30 09:43:52.357000000;26;MG;Minas Gerais;13;DRS-PCH
2026-07-01;040822;UHE.PH.GO.040822-0;Laguna;-14,68;-48,82;15;18;48500.001881/2001-90;Laguna;36,000;Rio Maranhão;412;18/05/2004;; -; -; -;;;;20;Alto Tocantins e rio Preto;2026-06-30 09:43:52.357000000;18;GO;Goiás;15;Eixo Disponível
2026-07-01;040823;UHE.PH.SC.040823-9;Águas do Chapecó;-27,06;-52,98;14;48;48500.005879/2010-51;Águas do Chapecó;41,000;Chapecó;3.092;26/12/2018;2026-12-31 00:00:00;CPFL Energias Renováveis S.A. - 08439659000150;Minas PCH S.A - 07895905000116; -;;;;73;Uruguai, Chapeco,Passo Fundo e outros;2026-06-30 09:43:52.357000000;48;SC;Santa Catarina;14;DRS-UHE
2026-07-01;040828;PCH.PH.RJ.040828-0;Alberto Furtado;-22,08;-43,76;15;27;48500.004670/2015-85;Alberto Furtado;5,370;Preto;2679;23/11/2018;; -; -; -;;;;58;Paraiba do Sul;2026-06-30 09:43:52.357000000;27;MG/RJ;Minas Gerais / Rio de Janeiro;15;Eixo Disponível
2026-07-01;040829;PCH.PH.MG.040829-8;Bela Vista;-22,25;-44,31;13;26;48500.004774/2022-19;Bela Vista;9,600;Preto;3.534;25/09/2023;2031-09-25 00:00:00;Múltipla Participações Ltda. - 11649715000196; -; -;;;;58;Paraiba do Sul;2026-06-30 09:43:52.357000000;26;MG;Minas Gerais;13;DRS-PCH
2026-07-01;040830;PCH.PH.RJ.040830-1;Cachoeira do Barbosa;-22,15;-44,03;15;27;48500.004670/2015-85;Cachoeira do Barbosa;7,412;Preto;2679;23/11/2018;; -; -; -;;;;58;Paraiba do Sul;2026-06-30 09:43:52.357000000;27;MG/RJ;Minas Gerais / Rio de Janeiro;15;Eixo Disponível
2026-07-01;040831;PCH.PH.MG.040831-0;Cachoeira do Ronco;-22,18;-44,10;15;27;48500.004670/2015-85;Cachoeira do Ronco;6,630;Preto;2679;23/11/2018;; -; -; -;;;;58;Paraiba do Sul;2026-06-30 09:43:52.357000000;27;MG/RJ;Minas Gerais / Rio de Janeiro;15;Eixo Disponível
2026-07-01;040832;PCH.PH.RJ.040832-8;Córrego Santa Maria;-22,22;-44,14;13;41;48500.004777/2022-52;Córrego Santa Maria;5,400;Preto;4.467;24/11/2023;2031-11-24 00:00:00;Múltipla Participações Ltda - 11649715000196; -; -;;;;58;Paraiba do Sul;2026-06-30 09:43:52.357000000;41;RJ;Rio de Janeiro;13;DRS-PCH
2026-07-01;040833;PCH.PH.RJ.040833-6;Falcão;-22,26;-44,25;13;41;48500.004775/2022-63;Falcão;6,700;Preto;4.396;17/11/2023;2031-11-17 00:00:00;Múltipla Participações Ltda - 11649715000196; -; -;;;;58;Paraiba do Sul;2026-06-30 09:43:52.357000000;41;RJ;Rio de Janeiro;13;DRS-PCH
2026-07-01;040834;PCH.PH.RJ.040834-4;Ponte do Souza;-22,26;-44,41;15;27;48500.004670/2015-85;Ponte do Souza;5,280;Preto;2679;23/11/2018;; -; -; -;;;;58;Paraiba do Sul;2026-06-30 09:43:52.357000000;27;MG/RJ;Minas Gerais / Rio de Janeiro;15;Eixo Disponível
2026-07-01;040835;PCH.PH.RJ.040835-2;Porto dos Índios;-22,08;-43,68;15;27;48500.004670/2015-85;Porto dos Índios;8,650;Preto;2679;23/11/2018;; -; -; -;;;;58;Paraiba do Sul;2026-06-30 09:43:52.357000000;27;MG/RJ;Minas Gerais / Rio de Janeiro;15;Eixo Disponível
2026-07-01;040836;PCH.PH.RJ.040836-0;Ribeirão da Onça;-22,25;-44,21;13;41;48500.004778/2022-05;Ribeirão da Onça;5,200;Preto;4.631;01/12/2023;2031-12-01 00:00:00;Múltipla Participações Ltda - 11649715000196; -; -;;;;58;Paraiba do Sul;2026-06-30 09:43:52.357000000;41;RJ;Rio de Janeiro;13;DRS-PCH
2026-07-01;040838;UHE.PH.MG.040838-7;Aldeia Velha;-22,25;-44,35;15;26;48500.004670/2015-85;Aldeia Velha;32,506;Preto;2.679;27/11/2018;; -; -; -;;;;58;Paraiba do Sul;2026-06-30 09:43:52.357000000;26;MG;Minas Gerais;15;Eixo Disponível
2026-07-01;040844;PCH.PH.SP.040844-1;Pico do Gavião Alto;-22,81;-44,59;15;50;48500.004740/2015-03;Pico do Gavião Alto;9,000;Mambucaba;2.678;23/11/2018;; -; -; -;;;;59;Litoraneas do Rio de Janeiro;2026-06-30 09:43:52.357000000;50;SP;São Paulo;15;Eixo Disponível
2026-07-01;040845;UHE.PH.RJ.040845-0;Mambucaba;-22,86;-44,60;15;41;48500.004740/2015-03;Mambucaba;44,955;Mambucaba;2.678;23/11/2018;; -; -; -;;;;58;Paraiba do Sul;2026-06-30 09:43:52.357000000;41;RJ;Rio de Janeiro;15;Eixo Disponível
2026-07-01;040853;PCH.PH.GO.040853-0;Formoso;-18,41;-52,52;13;18;48500.006511/2018-68;Formoso;9,800;Formoso;2.232;31/07/2020;2028-07-31 00:00:00;Formoso Energia Ltda. - 32770161000150; -; -;;;;60;Paranaiba;2026-06-30 09:43:52.357000000;18;GO;Goiás;13;DRS-PCH
2026-07-01;041915;PCH.PH.PR.041915-0;São Jorge;-25,75;-52,92;13;39;48500.000679/2019-41;São Jorge;24,000;Chopim;1.533;13/06/2019;2027-06-13 00:00:00;Hidrelétrica B Montante Ltda - 60661099000102; -; -;;;;65;Parana, Iguacu;2026-06-30 09:43:52.357000000;39;PR;Paraná;13;DRS-PCH
2026-07-01;041916;PCH.PH.PR.041916-8;Verê;-25,78;-52,96;13;39;48500.000678/2019-04;Verê;30,000;Chopim;1.532;13/06/2019;2027-06-13 00:00:00;Hidrelétrica B Jusante Ltda - 60599921000144; -; -;;;;65;Parana, Iguacu;2026-06-30 09:43:52.357000000;39;PR;Paraná;13;DRS-PCH
2026-07-01;041917;UHE.PH.PR.041917-6;Dois Vizinhos;-25,68;-53,02;14;39;48500.000681/2019-10;Dois Vizinhos;36,700;Chopim;3.060;27/10/2020;2028-10-27 00:00:00;Hidrelétrica Santa Lucia Ltda - 61003033000180; -; -;;;;65;Parana, Iguacu;2026-06-30 09:43:52.357000000;39;PR;Paraná;14;DRS-UHE
2026-07-01;041918;PCH.PH.PR.041918-4;Paranhos Montante;-25,66;-53,04;13;39;48500.000680/2019-75;Paranhos Montante;21,000;Chopim;158;21/01/2022;2030-01-21 00:00:00;Paranhos Montante Ltda - 40098938000184; -; -;;;;65;Parana, Iguacu;2026-06-30 09:43:52.357000000;39;PR;Paraná;13;DRS-PCH
2026-07-01;041923;PCH.PH.MG.041923-0;Palmeira;-18,37;-45,72;15;26;48500.002931/1999-13;Palmeira;21,600;Rio Abaeté;340;10/06/2003;; -; -; -;;;;41;Das Velhas - Sao Francisco;2026-06-30 09:43:52.357000000;26;MG;Minas Gerais;15;Eixo Disponível
2026-07-01;043186;PCH.PH.GO.043186-9;Ponte de Pedra 01;-17,17;-50,85;13;18;48500.002004/2006-22;Ponte de Pedra 01;22,000;Ponte de Pedra;445;18/02/2019;2027-02-18 00:00:00;RV Energia Ltda. - 12150711000121; -; -;;;;60;Paranaiba;2026-06-30 09:43:52.357000000;18;GO;Goiás;13;DRS-PCH
2026-07-01;043216;PCH.PH.SC.043216-4;Salto do Soque;-27,09;-51,25;13;48;48500.001743/2004-07;Salto do Soque;19,000;do Peixe;3.487;06/12/2022;2030-12-06 00:00:00;Rio Tainhas Geração de Energia Ltda - 09443926000126; -; -;;;;72;Uruguai, Inhanduva, Peixe e outros;2026-06-30 09:43:52.357000000;48;SC;Santa Catarina;13;DRS-PCH
2026-07-01;044297;PCH.PH.MS.044297-6;Água Clara;-20,36;-52,99;13;30;48500.003874/2001-03;Água Clara;25,000;Rio Verde;937;04/04/2019;2027-04-04 00:00:00;Minas PCH S.A. - 07895905000116; -; -;;;;63;Parana, Verde , Peixe, e outros;2026-06-30 09:43:52.357000000;30;MS;Mato Grosso do Sul;13;DRS-PCH
2026-07-01;044577;PCH.PH.MT.044577-0;Dália;-17,55;-53,57;13;32;48500.001272/2011-83;Dália;10,500;Ariranha;1.170;03/05/2019;2027-05-03 00:00:00;Tulipa Energia Participações S.A - 13589934000152; -; -;;;;66;Alto Paraguai;2026-06-30 09:43:52.357000000;32;MT;Mato Grosso;13;DRS-PCH
2026-07-01;044742;PCH.PH.SC.044742-0;Guatambú;-28,50;-50,16;13;48;48500.001404/2012-58;Guatambú;30,000;Pelotas;1389;22/05/2019;2027-05-22 00:00:00;São Joaquim Energética S.A - 11408247000168; -; -;;;;70;Pelotas;2026-06-30 09:43:52.357000000;48;SC;Santa Catarina;13;DRS-PCH
2026-07-01;044743;PCH.PH.SC.044743-9;Abelha Mirim;-27,20;-50,12;13;48;48500.003093/2019-38;Abelha Mirim;7,700;Taió;2.986;22/10/2020;2028-10-22 00:00:00;Heidrich Industrial Mercantil e Agrícola S.A - HIMASA - 85779049000147; -; -;;;;83;Itajai;2026-06-30 09:43:52.357000000;48;SC;Santa Catarina;13;DRS-PCH
2026-07-01;044744;PCH.PH.MT.044744-7;Lírio;-17,63;-53,60;13;32;48500.001299/2011-76;Lírio;14,000;Ariranha;1.363;12/06/2019;2027-06-12 00:00:00;Tulipa Energia Participações S.A - 13589934000152; -; -;;;;66;Alto Paraguai;2026-06-30 09:43:52.357000000;32;MT;Mato Grosso;13;DRS-PCH
2026-07-01;044759;UHE.PH.PR.044759-5;Salto Grande;-26,01;-52,72;14;39;48500.005427/2012-31;Salto Grande;49,001;Chopim;3.271;23/11/2020;2028-11-23 00:00:00;Copel Geração e Transmissão S.A. - 04370282000170; -; -;;;;65;Parana, Iguacu;2026-06-30 09:43:52.357000000;39;PR;Paraná;14;DRS-UHE
2026-07-01;044773;PCH.PH.MS.044773-0;Barreiro;-21,58;-53,01;15;30;48500.004029/2020-16;Barreiro;24,100;Pardo;1.584;14/06/2019;; -; -; -;;;;63;Parana, Verde , Peixe, e outros;2026-06-30 09:43:52.357000000;30;MS;Mato Grosso do Sul;15;Eixo Disponível
2026-07-01;044774;PCH.PH.MS.044774-9;São Sebastião;-21,07;-53,19;15;30;48500.004026/2020-74;São Sebastião;23,900;Pardo;1.584;14/06/2019;; -; -; -;;;;63;Parana, Verde , Peixe, e outros;2026-06-30 09:43:52.357000000;30;MS;Mato Grosso do Sul;15;Eixo Disponível
2026-07-01;044775;PCH.PH.MS.044775-7;Cachoeira Branca;-20,86;-53,43;13;30;48500.004665/2019-04;Cachoeira Branca;18,000;Pardo;	1.582;08/06/2021;2029-06-08 00:00:00;Innergy Ltda - 49845698000135; -; -;;;;63;Parana, Verde , Peixe, e outros;2026-06-30 09:43:52.357000000;30;MS;Mato Grosso do Sul;13;DRS-PCH
2026-07-01;044776;PCH.PH.MS.044776-5;Botas;-20,39;-53,71;13;30;48500.004015/2019-51;Botas;15,200;Pardo;227;08/02/2021;2029-02-08 00:00:00;Innergy Ltda - 49845698000135; -; -;;;;63;Parana, Verde , Peixe, e outros;2026-06-30 09:43:52.357000000;30;MS;Mato Grosso do Sul;13;DRS-PCH
2026-07-01;044777;PCH.PH.MS.044777-3;Recreio Jusante;-20,20;-53,80;13;30;48500.004109/2019-20;Recreio Jusante;13,000;Pardo;3.583;21/12/2020;2028-12-21 00:00:00;Innergy Ltda - 49845698000135; -; -;;;;63;Parana, Verde , Peixe, e outros;2026-06-30 09:43:52.357000000;30;MS;Mato Grosso do Sul;13;DRS-PCH
2026-07-01;044778;PCH.PH.MS.044778-1;Ribas;-20,42;-53,78;13;30;48500.004028/2020-63;Ribas;11,571;Ribeirão das Botas;87;14/01/2022;2030-01-14 00:00:00;Cinetix Participações Societárias Ltda - 37078269000109;Enebras Projetos de Usinas Hidrelétricas Ltda - 06329975000144; -;;;;63;Parana, Verde , Peixe, e outros;2026-06-30 09:43:52.357000000;30;MS;Mato Grosso do Sul;13;DRS-PCH
2026-07-01;044779;PCH.PH.MS.044779-0;Do Cervo;-20,37;-53,84;13;30;48500.004039/2019-18;Do Cervo;13,000;Ribeirão das Botas;1.583;08/06/2021;2029-06-08 00:00:00;Innergy Ltda - 49845698000135; -; -;;;;63;Parana, Verde , Peixe, e outros;2026-06-30 09:43:52.357000000;30;MS;Mato Grosso do Sul;13;DRS-PCH
2026-07-01;044785;PCH.PH.MT.044785-4;Violeta;-17,69;-53,57;13;32;48500.001301/2011-15;Violeta;15,000;Ariranha;1.748;27/06/2019;2027-06-27 00:00:00;Tulipa Energia Participações S.A - 13589934000152; -; -;;;;66;Alto Paraguai;2026-06-30 09:43:52.357000000;32;MT;Mato Grosso;13;DRS-PCH
2026-07-01;044842;PCH.PH.RS.044842-7;Cabrito;-27,89;-53,04;3;46;48500.004758/2003-00;Cabrito;12,000;da Várzea;1921;23/11/2005;;Central Hidrelétrica Cabrito Ltda. -; -; -;;;;0;Não Selecionado;2026-06-30 09:43:52.357000000;46;RS;Rio Grande do Sul;3;Aceito
2026-07-01;044843;PCH.PH.MG.044843-5;Fazenda Olaria;-16,58;-42,86;15;26;48500.004383/2004-41;Fazenda Olaria;5,950;Itacambiruçu;1.154;30/04/2020;; -; -; -;;;;54;Jequitinhonha;2026-06-30 09:43:52.357000000;26;MG;Minas Gerais;15;Eixo Disponível
2026-07-01;044844;PCH.PH.MG.044844-3;Jatobá;-16,53;-45,91;11;26;48500.007572/2026-52;Jatobá;9,800;Ribeirão Santa Cruz;1.614;11/05/2026;2027-07-11 00:00:00;NB Energy Participações Ltda - 57202090000110; -; -;;;;43;Urucuia - Sao Francisco;2026-06-30 09:43:52.357000000;26;MG;Minas Gerais;11;DRI-PCH
2026-07-01;044846;PCH.PH.MT.044846-0;Orquídea;-17,76;-53,61;13;32;48500.001302/2011-51;Orquídea;16,500;Ariranha;1927;11/07/2019;2027-07-11 00:00:00;Tulipa Energia Participações S.A - 13589934000152; -; -;;;;66;Alto Paraguai;2026-06-30 09:43:52.357000000;32;MT;Mato Grosso;13;DRS-PCH
2026-07-01;044847;PCH.PH.GO.044847-8;Piquete;-15,33;-47,96;3;18;48500.005976/2002-27;Piquete;12,000;Maranhão;2.726;27/01/2014;;Viva Ambiental e Serviços Ltda. - 26840313000141; -; -;;;;20;Alto Tocantins e rio Preto;2026-06-30 09:43:52.357000000;18;GO;Goiás;3;Aceito
2026-07-01;044848;PCH.PH.MG.044848-6;Porcos;-19,15;-43,34;15;26;48500.008694/2008-84;Porcos;5,500;Santo Antônio;480;20/07/2001;; -; -; -;;;;56;Doce;2026-06-30 09:43:52.357000000;26;MG;Minas Gerais;15;Eixo Disponível
2026-07-01;044855;UHE.PH.TO.044855-9;Paranã;-12,67;-47,81;15;51;48500.002071/2007-09;Paranã;90,000;Paranã;3.702;24/12/2024;; -; -; -;;;;21;Tocantins, entre os rios Preto e Parana;2026-06-30 09:43:52.357000000;51;TO;Tocantins;15;Eixo Disponível
2026-07-01;044856;UHE.PH.MT.044856-7;Foz do Apiacás;-9,21;-57,09;15;32;48500.004786/2006-80;Foz do Apiacás;275,000;Apiacás;3.702;24/12/2024;; -; -; -;;;;17;Tapajos;2026-06-30 09:43:52.357000000;32;MT;Mato Grosso;15;Eixo Disponível
2026-07-01;044870;PCH.PH.MT.044870-2;A2E13;,00;,00;15;32;48500.001111/2011-90;A2E13;10,650;Buriti;4.737;09/12/2014;; -; -; -;;;;17;Tapajos;2026-06-30 09:43:52.357000000;32;MT;Mato Grosso;15;Eixo Disponível
2026-07-01;044875;PCH.PH.RS.044875-3;Jaquirana;-28,86;-50,32;13;46;48500.006038/2019-08;Jaquirana;6,250;Rio Camisas;204;24/01/2022;2030-01-24 00:00:00;CEG – Companhia Energética Gaúcha - 11208465000159; -; -;;;;86;Taquari;2026-06-30 09:43:52.357000000;46;RS;Rio Grande do Sul;13;DRS-PCH
2026-07-01;044876;PCH.PH.RS.044876-1;Garrafa;-28,94;-50,28;13;46;48500.005782/2019-87;Garrafa;7,501;Rio Camisas;1.479;27/05/2021;2029-05-27 00:00:00;Jatir Turmina - 36553085072; -; -;;;;86;Taquari;2026-06-30 09:43:52.357000000;46;RS;Rio Grande do Sul;13;DRS-PCH
2026-07-01;044879;PCH.PH.MT.044879-6;Primavera;-17,84;-53,66;13;32;48500.001250/2011-13;Primavera;16,000;Ariranha;1.978;18/07/2019;2027-07-18 00:00:00;Tulipa Energia Participações S.A - 13589934000152; -; -;;;;66;Alto Paraguai;2026-06-30 09:43:52.357000000;32;MT;Mato Grosso;13;DRS-PCH
2026-07-01;044933;UHE.PH.MA.044933-4;Canto do Rio;-8,62;-45,79;14;22;48500.001793/2011-31;Canto do Rio;44,000;Parnaíba;3.318;27/11/2020;2028-11-27 00:00:00;Minas PCH S.A. - 07895905000116;ECE Empresa Comercializadora de Energia S.A. - 03206070000199; -;;;;34;Parnaiba;2026-06-30 09:43:52.357000000;22;MA;Maranhão;14;DRS-UHE
2026-07-01;045076;PCH.PH.RS.045076-6;Grotão;-29,01;-50,24;15;46;48500.004452/2009-01;Grotão;5,200;Camisas;2.302;11/09/2019;; -; -; -;;;;86;Taquari;2026-06-30 09:43:52.357000000;46;RS;Rio Grande do Sul;15;Eixo Disponível
2026-07-01;045077;PCH.PH.SC.045077-4;Ricardo Marins;-26,56;-50,76;13;48;48500.002725/2019-46;Ricardo Marins;9,600;Timbó;2.074;15/07/2025;2032-07-15 00:00:00;Msul Energias Renováveis Ltda - 05148449000115; -; -;;;;65;Parana, Iguacu;2026-06-30 09:43:52.357000000;48;SC;Santa Catarina;13;DRS-PCH
2026-07-01;045160;PCH.PH.PR.045160-6;Maratana;-24,90;-54,01;13;39;48500.003962/2024-91;Maratana;6,800;São Francisco Falso Braço Norte ou Corvo Branco;1.011;21/05/2026;2034-05-21 00:00:00;Acasel Acabamento e Segurança Ltda - 83191221000111;C-Nível Energias Renováveis Ltda - 16456838000124; -;;;;64;Parana, Paranapanema, Amambai e outros;2026-06-30 09:43:52.357000000;39;PR;Paraná;13;DRS-PCH
2026-07-01;045161;PCH.PH.PR.045161-4;Corvo Branco;-24,87;-54,12;13;39;48500.003960/2024-01;Corvo Branco;6,000;São Francisco Falso Braço Norte ou Corvo Branco;3.105;21/10/2025;2033-10-21 00:00:00;Acasel Acabamento e Segurança Ltda - 83191221000111;C-Nível Energias Renováveis Ltda - 16456838000124; -;;;;64;Parana, Paranapanema, Amambai e outros;2026-06-30 09:43:52.357000000;39;PR;Paraná;13;DRS-PCH
2026-07-01;045166;PCH.PH.SC.045166-5;Rio dos Patos;-27,09;-50,72;15;48;48500.005295/2009-42;Rio dos Patos;6,260;Rio dos Patos;2.460;10/09/2019;; -; -; -;;;;71;Canoas;2026-06-30 09:43:52.357000000;48;SC;Santa Catarina;15;Eixo Disponível
2026-07-01;045495;UHE.PH.MG.045495-8;Bom Retiro;-20,43;-42,99;14;26;48500.005880/2010-86;Bom Retiro;31,001;Piranga;858;27/03/2020;2028-03-27 00:00:00;CPFL Energias Renováveis S.A. - 08439659000150; -; -;;;;56;Doce;2026-06-30 09:43:52.357000000;26;MG;Minas Gerais;14;DRS-UHE
2026-07-01;046079;PCH.PH.MT.046079-6;Piolhinho;-13,90;-59,91;13;32;48500.000133/2020-23;Piolhinho;8,700;Piolhinho;3.646;17/11/2021;2029-11-17 00:00:00;Campo Roxo Administração e Participação S/S Ltda. - 05477009000101; -; -;;;;15;Madeira;2026-06-30 09:43:52.357000000;32;MT;Mato Grosso;13;DRS-PCH
2026-07-01;046100;PCH.PH.GO.046100-8;Pindaíba;-17,29;-50,78;15;18;48500.003294/2001-35;Pindaíba;8,100;Rio Pindaíba;742;13/04/2006;; -; -; -;;;;60;Paranaiba;2026-06-30 09:43:52.357000000;18;GO;Goiás;15;Eixo Disponível
2026-07-01;046101;PCH.PH.GO.046101-6;Verde 04 Baixo;-17,33;-50,68;15;18;48500.003294/2001-35;Verde 04 Baixo;10,500;Rio Verde;742;13/04/2006;; -; -; -;;;;60;Paranaiba;2026-06-30 09:43:52.357000000;18;GO;Goiás;15;Eixo Disponível
2026-07-01;046103;UHE.PH.GO.046103-2;Nova Roma;-13,60;-46,89;15;21;48500.003766/2013-64;Nova Roma;49,790;Paranã;1.349;18/05/2017;; -; -; -;;;;21;Tocantins, entre os rios Preto e Parana;2026-06-30 09:43:52.357000000;21;GO/TO;Goiás / Tocantins;15;Eixo Disponível
2026-07-01;046104;UHE.PH.GO.046104-0;Foz do Atalaia;-13,44;-47,09;15;18;48500.000670/2001-49;Foz do Atalaia;72,000;Paranã;963;11/12/2003;; -; -; -;;;;21;Tocantins, entre os rios Preto e Parana;2026-06-30 09:43:52.357000000;18;GO;Goiás;15;Eixo Disponível
2026-07-01;046105;UHE.PH.GO.046105-9;Foz do Laje II;-17,93;-48,12;15;18;48100.002071/1997-97;Foz do Laje II;36,000;Rio Veríssimo;446;13/10/2000;; -; -; -;;;;60;Paranaiba;2026-06-30 09:43:52.357000000;18;GO;Goiás;15;Eixo Disponível
2026-07-01;046106;PCH.PH.RS.046106-7;Nelson José Zanelatto;-29,21;-52,19;13;46;48500.001080/2020-68;Nelson José Zanelatto;5,690;Fão;3.441;03/11/2021;2029-11-03 00:00:00;Electra Power Geração de Energia S.A. - 07356196000109; -; -;;;;86;Taquari;2026-06-30 09:43:52.357000000;46;RS;Rio Grande do Sul;13;DRS-PCH
2026-07-01;046107;PCH.PH.RS.046107-5;Queimado;-29,19;-52,24;13;46;48500.000879/2020-37;Queimado;8,060;Fão;3.440;03/11/2021;2029-11-03 00:00:00;Electra Power Geração de Energia S.A. - 07356196000109; -; -;;;;86;Taquari;2026-06-30 09:43:52.357000000;46;RS;Rio Grande do Sul;13;DRS-PCH
2026-07-01;046108;PCH.PH.RS.046108-3;Bugrinha;-29,17;-52,28;13;46;48500.006395/2021-82;Bugrinha;8,502;Fão;1.927;23/06/2023;2031-06-23 00:00:00;ABFI Empreendimentos e Participações Ltda. - 05259647000156; -; -;;;;86;Taquari;2026-06-30 09:43:52.357000000;46;RS;Rio Grande do Sul;13;DRS-PCH
2026-07-01;046109;PCH.PH.RS.046109-1;José Dinarte Lepek;-29,15;-52,32;13;46;48500.006396/2021-27;José Dinarte Lepek;7,501;Fão;3.790;18/10/2023;2031-10-18 00:00:00;Eletrowind S.A - 04495703000199; -; -;;;;86;Taquari;2026-06-30 09:43:52.357000000;46;RS;Rio Grande do Sul;13;DRS-PCH
2026-07-01;046110;PCH.PH.RS.046110-5;Alto Constantino;-29,15;-52,37;13;46;48500.006398/2021-16;Alto Constantino;8,000;Fão;3.732;04/10/2023;2031-10-04 00:00:00;Bahia Terminais S.A - 13487684000140; -; -;;;;86;Taquari;2026-06-30 09:43:52.357000000;46;RS;Rio Grande do Sul;13;DRS-PCH
2026-07-01;046111;PCH.PH.RS.046111-3;Barra do Galvão;-29,14;-52,45;15;46;48500.007019/2008-38;Barra do Galvão;6,440;Fão;3.082;26/11/2019;; -; -; -;;;;86;Taquari;2026-06-30 09:43:52.357000000;46;RS;Rio Grande do Sul;15;Eixo Disponível
2026-07-01;046115;PCH.PH.GO.046115-6;Nova Aurora I;-18,16;-48,27;15;18;48100.002071/1997-97;Nova Aurora I;27,000;Veríssimo;446;13/10/2000;; -; -; -;;;;60;Paranaiba;2026-06-30 09:43:52.357000000;18;GO;Goiás;15;Eixo Disponível
2026-07-01;046116;PCH.PH.GO.046116-4;Paredão II;-17,88;-47,97;15;18;48100.002071/1997-97;Paredão II;12,000;Rio Veríssimo;446;13/10/2000;; -; -; -;;;;60;Paranaiba;2026-06-30 09:43:52.357000000;18;GO;Goiás;15;Eixo Disponível
2026-07-01;046117;PCH.PH.GO.046117-2;Nova Aurora II;,00;,00;15;18;48100.002071/1997-97;Nova Aurora II;21,000;Veríssimo;446;13/10/2000;; -; -; -;;;;60;Paranaiba;2026-06-30 09:43:52.357000000;18;GO;Goiás;15;Eixo Disponível
2026-07-01;046118;PCH.PH.GO.046118-0;Piracanjuba eixo 1;-14,31;-46,21;15;18;48500.000203/2000-92;Piracanjuba eixo 1;9,000;Buritis;36;01/02/2001;; -; -; -;;;;21;Tocantins, entre os rios Preto e Parana;2026-06-30 09:43:52.357000000;18;GO;Goiás;15;Eixo Disponível
2026-07-01;046158;UHE.PH.BA.046158-0;Veredas (Antiga - Sacos);-13,65;-44,49;14;10;48500.005658/2019-11;Veredas (Antiga - Sacos);37,004;Formoso;1.744;16/06/2021;2029-06-16 00:00:00;EBDE Energia S.A. - 16887535000166; -; -;;;;45;Corrente e outros - Sao Francisco;2026-06-30 09:43:52.357000000;10;BA;Bahia;14;DRS-UHE
2026-07-01;046411;PCH.PH.GO.046411-2;Santa Rita;,00;,00;15;20;48500.002782/2003-13;Santa Rita;14,000;Rio Araguaia;435;10/07/2001;; -; -; -;;;;24;Alto Araguaia e rio Claro;2026-06-30 09:43:52.357000000;20;GO/MT;Goiás / Mato Grosso;15;Eixo Disponível
2026-07-01;046433;UHE.PH.GO.046433-3;Torixoréu;-16,28;-52,62;15;20;48500.000219/2000-22;Torixoréu;408,000;Rio Araguaia;437;10/07/2001;; -; -; -;;;;24;Alto Araguaia e rio Claro;2026-06-30 09:43:52.357000000;20;GO/MT;Goiás / Mato Grosso;15;Eixo Disponível
2026-07-01;046474;PCH.PH.TO.046474-0;Boa Vista;-12,87;-46,37;15;51;48500.003643/2009-47;Boa Vista;5,100;Mosquito;4.000;18/12/2012;; -; -; -;;;;21;Tocantins, entre os rios Preto e Parana;2026-06-30 09:43:52.357000000;51;TO;Tocantins;15;Eixo Disponível
2026-07-01;046476;UHE.PH.GO.046476-7;Buriti Queimado;-14,84;-49,21;15;18;48500.006774/2001-67;Buriti Queimado;142,000;Das Almas;736;22/03/2021;; -; -; -;;;;20;Alto Tocantins e rio Preto;2026-06-30 09:43:52.357000000;18;GO;Goiás;15;Eixo Disponível
2026-07-01;046477;UHE.PH.GO.046477-5;Maranhão;-15,12;-48,63;15;18;48500.004316/2001-10;Maranhão;125,000;Maranhão;736;22/03/2021;; -; -; -;;;;20;Alto Tocantins e rio Preto;2026-06-30 09:43:52.357000000;18;GO;Goiás;15;Eixo Disponível
2026-07-01;046478;UHE.PH.GO.046478-3;Mirador;-14,30;-47,92;15;18;48500.001464/1996-93;Mirador;106,000;Tocantinzinho;530;08/08/2001;; -; -; -;;;;20;Alto Tocantins e rio Preto;2026-06-30 09:43:52.357000000;18;GO;Goiás;15;Eixo Disponível
2026-07-01;046479;UHE.PH.GO.046479-1;Porteiras;-14,77;-48,72;15;18;48100.001464/1996-93;Porteiras;86,000;Rio Maranhão;530;08/08/2001;; -; -; -;;;;20;Alto Tocantins e rio Preto;2026-06-30 09:43:52.357000000;18;GO;Goiás;15;Eixo Disponível
2026-07-01;046566;PCH.PH.MT.046566-6;Serrinha;-14,26;-55,99;13;32;48500.002024/2011-50;Serrinha;12,000;Arinos;3.574;19/12/2019;2027-12-19 00:00:00;Novo Norte Ambiental Energia e Consultoria Ltda - 09613277000164; -; -;;;;17;Tapajos;2026-06-30 09:43:52.357000000;32;MT;Mato Grosso;13;DRS-PCH
2026-07-01;046588;PCH.PH.PR.046588-7;Serra da Piedade;-24,91;-49,39;15;39;48500.007042/2008-22;Serra da Piedade;6,000;Rio Piedade;3.695;03/01/2020;; -; -; -;;;;81;Ribeira do Iguape;2026-06-30 09:43:52.357000000;39;PR;Paraná;15;Eixo Disponível
2026-07-01;046589;PCH.PH.RS.046589-5;Barra Mansa;-27,52;-54,23;11;46;48500.038373/2025-13;Barra Mansa;16,000;Buricá e Inhacorá;246;13/02/2026;2027-04-13 00:00:00;Nascente Renováveis Ltda. - 63636316000194; -; -;;;;74;Uruguai, Varzea, Turvo e outros;2026-06-30 09:43:52.357000000;46;RS;Rio Grande do Sul;11;DRI-PCH
2026-07-01;046590;PCH.PH.RS.046590-9;Foz do Inhacorá;-27,71;-54,16;15;46;48500.004315/2009-68;Foz do Inhacorá;7,370;Buricá e Inhacorá;3;03/01/2020;; -; -; -;;;;74;Uruguai, Varzea, Turvo e outros;2026-06-30 09:43:52.357000000;46;RS;Rio Grande do Sul;15;Eixo Disponível
2026-07-01;046695;UHE.PH.MT.046695-6;JUI-008;-12,69;-58,98;14;32;48500.003923/2025-75;JUI-008;41,000;Juína;1.475;23/05/2025;2033-05-23 00:00:00;KA Energia Ltda - 22933611000125; -; -;;;;17;Tapajos;2026-06-30 09:43:52.357000000;32;MT;Mato Grosso;14;DRS-UHE
2026-07-01;046728;PCH.PH.SC.046728-6;Primeira;-27,05;-51,35;13;48;48500.002085/2020-16;Primeira;6,750;São Bento;2.737;28/09/2022;2030-09-28 00:00:00;Hidrelétrica Sens Ltda. - 02444931000104; -; -;;;;72;Uruguai, Inhanduva, Peixe e outros;2026-06-30 09:43:52.357000000;48;SC;Santa Catarina;13;DRS-PCH
2026-07-01;046745;PCH.PH.MT.046745-6;SU-47;-12,54;-58,53;15;32;48500.002663/2011-15;SU-47;8,800;Rio Saué-Uiná ou Água Quente;408;17/02/2020;; -; -; -;;;;17;Tapajos;2026-06-30 09:43:52.357000000;32;MT;Mato Grosso;15;Eixo Disponível
2026-07-01;046746;PCH.PH.MT.046746-4;SU-75;-12,69;-58,62;13;32;48500.002433/2020-47;SU-75;8,101;Saué-Uiná;3.261;19/10/2021;2029-10-19 00:00:00;Sapezal Energia Ltda - 31911135000132; -; -;;;;17;Tapajos;2026-06-30 09:43:52.357000000;32;MT;Mato Grosso;13;DRS-PCH
2026-07-01;046747;PCH.PH.MT.046747-2;SU-93;-12,79;-58,65;13;32;48500.002434/2020-91;SU-93;9,150;Saué-Uiná;3.310;21/10/2021;2029-10-21 00:00:00;Sapezal Energia Ltda. - 31911135000132; -; -;;;;17;Tapajos;2026-06-30 09:43:52.357000000;32;MT;Mato Grosso;13;DRS-PCH
2026-07-01;046748;PCH.PH.MT.046748-0;SU-104;-12,83;-58,67;13;32;48500.002435/2020-36;SU-104;6,700;Saué-Uiná;3.309;21/10/2021;2029-10-21 00:00:00;Sapezal Energia Ltda - 31911135000132; -; -;;;;17;Tapajos;2026-06-30 09:43:52.357000000;32;MT;Mato Grosso;13;DRS-PCH
2026-07-01;046749;PCH.PH.MT.046749-9;SU-118;-12,88;-58,68;13;32;48500.002436/2020-81;SU-118;8,501;Saué-Uiná;3.263;19/10/2021;2029-10-19 00:00:00;Sapezal Energia Ltda - 31911135000132; -; -;;;;17;Tapajos;2026-06-30 09:43:52.357000000;32;MT;Mato Grosso;13;DRS-PCH
2026-07-01;046750;PCH.PH.MT.046750-2;SU-127;-12,92;-58,70;15;32;48500.002663/2011-15;SU-127;5,750;Saué-Uiná ou Água Quente;408;17/02/2020;; -; -; -;;;;17;Tapajos;2026-06-30 09:43:52.357000000;32;MT;Mato Grosso;15;Eixo Disponível
2026-07-01;046751;PCH.PH.MT.046751-0;SU-146;-13,02;-58,79;15;32;48500.002663/2011-15;SU-146;5,900;Saué-Uiná ou Água Quente;408;17/02/2020;; -; -; -;;;;17;Tapajos;2026-06-30 09:43:52.357000000;32;MT;Mato Grosso;15;Eixo Disponível
2026-07-01;046904;PCH.PH.RS.046904-1;Santo Ângelo;-28,36;-54,24;13;46;48500.001965/2020-67;Santo Ângelo;17,700;Ijuí;3.112;06/10/2021;2029-10-06 00:00:00;Santo Ângelo Geração de Energia Elétrica SPE Ltda - 56073292000147; -; -;;;;75;Uruguai, Ijui, piratinim e outros;2026-06-30 09:43:52.357000000;46;RS;Rio Grande do Sul;13;DRS-PCH
2026-07-01;046905;PCH.PH.RS.046905-0;Entre Ijuís;-28,35;-54,29;13;46;48500.001964/2020-12;Entre Ijuís;7,500;Ijuí;3.095;06/10/2021;2029-10-06 00:00:00;Entre Ijuis Geração de Energia Elétrica SPE Ltda - 56040174000132; -; -;;;;75;Uruguai, Ijui, piratinim e outros;2026-06-30 09:43:52.357000000;46;RS;Rio Grande do Sul;13;DRS-PCH
2026-07-01;046906;PCH.PH.RS.046906-8;Atafona;-28,35;-54,35;13;46;48500.002063/2020-48;Atafona;15,500;Ijuí;3.046;05/10/2021;2029-10-05 00:00:00;Atafona Geração de Energia Elétrica SPE Ltda - 51973108000100; -; -;;;;75;Uruguai, Ijui, piratinim e outros;2026-06-30 09:43:52.357000000;46;RS;Rio Grande do Sul;13;DRS-PCH
2026-07-01;046907;PCH.PH.RS.046907-6;Das Missões;-28,32;-54,39;13;46;48500.002084/2020-63;Das Missões;14,000;Ijuí;3.278;19/10/2021;2029-10-19 00:00:00;Das Missões Geração de Energia Elétrica SPE Ltda - 52012928000190; -; -;;;;75;Uruguai, Ijui, piratinim e outros;2026-06-30 09:43:52.357000000;46;RS;Rio Grande do Sul;13;DRS-PCH
2026-07-01;046908;PCH.PH.RS.046908-4;Vitória das Missões;-28,32;-54,49;15;46;48500.004149/2017-18;Vitória das Missões;17,160;Ijuí;538;04/03/2020;; -; -; -;;;;75;Uruguai, Ijui, piratinim e outros;2026-06-30 09:43:52.357000000;46;RS;Rio Grande do Sul;15;Eixo Disponível
2026-07-01;046909;PCH.PH.RS.046909-2;Rondinha;-28,22;-54,60;15;46;48500.004149/2017-18;Rondinha;11,690;Ijuí;538;04/03/2020;; -; -; -;;;;75;Uruguai, Ijui, piratinim e outros;2026-06-30 09:43:52.357000000;46;RS;Rio Grande do Sul;15;Eixo Disponível
2026-07-01;047231;PCH.PH.SP.047231-0;São José;-21,57;-46,88;11;50;48500.038363/2025-70;São José;28,200;Pardo;69;20/01/2026;2027-03-20 00:00:00;Nascente Renováveis Ltda - 63636316000194; -; -;;;;61;Grande;2026-06-30 09:43:52.357000000;50;SP;São Paulo;11;DRI-PCH
2026-07-01;047232;PCH.PH.SP.047232-8;Santa Marta;-21,54;-46,78;11;50;48500.038834/2025-40;Santa Marta;10,200;Pardo;72;20/01/2026;2027-03-20 00:00:00;Nascente Renováveis Ltda - 63636316000194; -; -;;;;61;Grande;2026-06-30 09:43:52.357000000;50;SP;São Paulo;11;DRI-PCH
2026-07-01;047234;PCH.PH.SP.047234-4;Vila Biela;-21,58;-46,75;11;50;48500.038835/2025-94;Vila Biela;10,700;Pardo;73;20/01/2026;2027-03-20 00:00:00;Nascente Renováveis Ltda - 63636316000194; -; -;;;;61;Grande;2026-06-30 09:43:52.357000000;50;SP;São Paulo;11;DRI-PCH
2026-07-01;047296;PCH.PH.MT.047296-4;Salto Maciel;-14,69;-57,80;13;32;48500.901439/2020-05;Salto Maciel;16,000;Sepotuba;867;16/04/2026;2034-04-16 00:00:00;Enebras Projetos de Usinas Hidrelétricas Ltda - 06329975000144;Frigorífico Nutribrás S.A - 08090575000154;SG Participações Ltda - 53.764.234/0001-71;;;;66;Alto Paraguai;2026-06-30 09:43:52.357000000;32;MT;Mato Grosso;13;DRS-PCH
2026-07-01;047491;PCH.PH.MG.047491-6;Santo Antônio;-19,22;-43,27;15;26;48500.005663/2000-80;Santo Antônio;7,000;Rio Santo Antônio;480;20/07/2001;; -; -; -;;;;56;Doce;2026-06-30 09:43:52.357000000;26;MG;Minas Gerais;15;Eixo Disponível
2026-07-01;047492;PCH.PH.RJ.047492-4;Nova Franca Amaral;-21,07;-41,72;13;41;48500.000709/2001-82;Nova Franca Amaral;29,417;Itabapoana;2.765;13/09/2024;2032-09-13 00:00:00;Performance Centrais Hidrelétricas Ltda. - 02939231000190; -; -;;;;20;Alto Tocantins e rio Preto;2026-06-30 09:43:52.357000000;41;RJ;Rio de Janeiro;13;DRS-PCH
2026-07-01;047496;UHE.PH.SC.047496-7;Iraí;-27,11;-53,34;3;48;48500.004966/2010-91;Iraí;330,000;Uruguai;2302;01/06/2011;;Companhia Energética Uruguai - 10511661000135; -; -;2.396;2027-08-28 00:00:00;2024-08-28 00:00:00;74;Uruguai, Varzea, Turvo e outros;2026-06-30 09:43:52.357000000;48;SC;Santa Catarina;3;Aceito
2026-07-01;048494;PCH.PH.GO.048494-6;Laje do Prata;-18,72;-52,35;13;18;48500.003907/2020-78;Laje do Prata;8,000;Da Prata;2.883;08/10/2020;2028-10-08 00:00:00;Laje do Prata Geração de Energia SPE Ltda. - 41341877000123; -; -;;;;60;Paranaiba;2026-06-30 09:43:52.357000000;18;GO;Goiás;13;DRS-PCH
2026-07-01;048495;PCH.PH.GO.048495-4;Água Branca;-18,71;-52,39;15;18;48500.000368/2017-10;Água Branca;5,300;da Prata;1.466;19/06/2020;; -; -; -;;;;60;Paranaiba;2026-06-30 09:43:52.357000000;18;GO;Goiás;15;Eixo Disponível
2026-07-01;048496;PCH.PH.GO.048496-2;3JF;-18,63;-52,44;13;18;48500.004157/2020-51;3JF;8,500;Prata;3.349;26/10/2021;2029-10-26 00:00:00;3JF Vertente Geração de Energia SPE Ltda. - 41226776000101; -; -;;;;60;Paranaiba;2026-06-30 09:43:52.357000000;18;GO;Goiás;13;DRS-PCH
2026-07-01;048497;PCH.PH.GO.048497-0;Água Amarela;-18,57;-52,49;15;18;48500.000368/2017-10;Água Amarela;6,700;Rio da Prata;1.466;19/06/2020;; -; -; -;;;;60;Paranaiba;2026-06-30 09:43:52.357000000;18;GO;Goiás;15;Eixo Disponível
2026-07-01;048505;UHE.PH.PA.048505-5;Marabá;-5,31;-49,04;3;34;48500.000177/2001-65;Marabá;2160,000;Tocantins;1.141;10/04/2012;;Centrais Elétricas do Norte do Brasil S.A. –  Eletronorte - 00357038000116;Construções e Comércio Camargo Corrêa S.A. - 61522512000102; -;2.396;2027-08-28 00:00:00;2024-08-28 00:00:00;29;Tocantins, entre o rio Araguaia e a foz;2026-06-30 09:43:52.357000000;34;PA;Pará;3;Aceito
2026-07-01;048506;UHE.PH.PA.048506-3;São Luiz do Tapajós;-4,53;-56,24;3;34;48500.004334/2009-94;São Luiz do Tapajós;8040,000;Tapajós;1.341;02/05/2014;;Centrais Elétricas Brasileiras - S.A - Eletrobras - 00001180000207;Centrais Elétricas do Norte do Brasil S.A. – Eletronorte - 00357038000116;Construções e Comércio Camargo Corrêa S.A. - CCCC, Eletricité France S.A. - EDF, CEMIG Geração e Transmissão S.A. - CEMIG GT, COPEL Geração e Transmissão S.A. - COPEL GeT, GDF Suez Energy Latin America Participações Ltda. - GDF SUEZ, Endesa Brasil S.A. - ENDESA, Neoenergia Investimentos S.A. - NEOINVEST e CONSÓRCIO TAPAJÓS - 61.522.512/0001-02, 04.768.250/0001-27, 06.981.176/0001-58, 04.370.282/0001-70, 01.370.013/0001-15, 07.523.555/0001-67, 08.773.138/0001-35 e 16.777.714/0001-40;2.396;2027-08-28 00:00:00;2024-08-28 00:00:00;17;Tapajos;2026-06-30 09:43:52.357000000;34;PA;Pará;3;Aceito
2026-07-01;048508;UHE.PH.PR.048508-0;Sucuri;-18,65;-54,62;15;32;48500.004675/2008-89;Sucuri;38,000;Coxim;3.036;15/08/2008;; -; -; -;;;;66;Alto Paraguai;2026-06-30 09:43:52.357000000;32;MT;Mato Grosso;15;Eixo Disponível
2026-07-01;048510;UHE.PH.PI.048510-1;Uruçuí;-7,23;-44,57;15;38;48500.000108/2004-95;Uruçuí;134,000;Parnaíba;3.702;24/12/2024;; -; -; -;;;;34;Parnaiba;2026-06-30 09:43:52.357000000;38;PI;Piauí;15;Eixo Disponível
2026-07-01;048553;PCH.PH.MT.048553-5;A1E6;-13,00;-55,91;13;32;48500.009508/2022-82;A1E6;9,900;Verde;2.074;15/07/2025;2032-07-15 00:00:00;São Gabriel Hidroenergia Ltda - 12461598000103; -; -;;;;17;Tapajos;2026-06-30 09:43:52.357000000;32;MT;Mato Grosso;13;DRS-PCH
2026-07-01;048565;UHE.PH.MT.048565-9;A1E9;-12,41;-56,06;15;32;48500.002941/2008-39;A1E9;21,900;Verde;1.254;23/04/2014;; -; -; -;;;;17;Tapajos;2026-06-30 09:43:52.357000000;32;MT;Mato Grosso;15;Eixo Disponível
2026-07-01;048566;PCH.PH.MT.048566-7;A2E11;-13,34;-58,59;11;32;48500.900506/2023-17;A2E11;12,530;Rio Buriti;2.699;05/09/2025;2026-11-05 00:00:00;KA Energia Ltda - 22933611000125; -; -;;;;17;Tapajos;2026-06-30 09:43:52.357000000;32;MT;Mato Grosso;11;DRI-PCH
2026-07-01;048567;PCH.PH.MT.048567-5;A2E16;-12,95;-58,43;15;32;48500.001111/2011-90;A2E16;14,850;Rio Buriti;4.737;09/12/2014;; -; -; -;;;;17;Tapajos;2026-06-30 09:43:52.357000000;32;MT;Mato Grosso;15;Eixo Disponível
2026-07-01;048568;PCH.PH.MT.048568-3;A2E12;-13,27;-58,60;15;32;48500.001111/2011-90;A2E12;17,040;Buriti e Córrego Água Quente;4.737;09/12/2014;; -; -; -;;;;17;Tapajos;2026-06-30 09:43:52.357000000;32;MT;Mato Grosso;15;Eixo Disponível
2026-07-01;048571;UHE.PH.PA.048571-3;Açaipé B;-,55;-52,67;15;70;48500.006617/2006-93;Açaipé B;831,100;Jari;4.757;09/12/2011;; -; -; -;;;;17;Tapajos;2026-06-30 09:43:52.357000000;70;PA/AP;Pará / Amapá;15;Eixo Disponível
2026-07-01;048572;UHE.PH.PA.048572-1;Urucupatá;,52;-53,16;28;34;48500.004579/2021-16;Urucupatá;291,500;Jari;3.109;06/10/2021;2023-10-06 00:00:00;Mega Comercializadora de Energia e Gás Ltda. - 15054480000140; -; -;1.122;2026-10-06 00:00:00;2024-04-10 00:00:00;17;Tapajos;2026-06-30 09:43:52.357000000;34;PA;Pará;28;Registro Ativo
2026-07-01;048573;UHE.PH.PA.048573-0;Carecuru;-,08;-52,96;15;70;48500.006617/2006-93;Carecuru;240,200;Jari;4.757;09/12/2011;; -; -; -;;;;17;Tapajos;2026-06-30 09:43:52.357000000;70;PA/AP;Pará / Amapá;15;Eixo Disponível
2026-07-01;048605;UHE.PH.SP.048605-1;Viradouro;-20,77;-48,25;15;50;48500.001881/2001-90;Viradouro;63,000;Rio Pardo;909;27/11/2003;; -; -; -;;;;61;Grande;2026-06-30 09:43:52.357000000;50;SP;São Paulo;15;Eixo Disponível
2026-07-01;048606;UHE.PH.SP.048606-0;Banharão;-20,67;-48,33;15;50;48500.001881/2001-90;Banharão;67,000;Rio Pardo;909;27/11/2003;; -; -; -;;;;61;Grande;2026-06-30 09:43:52.357000000;50;SP;São Paulo;15;Eixo Disponível
2026-07-01;048607;UHE.PH.SP.048607-8;Barretos;-20,46;-48,45;15;50;48500.001881/2001-90;Barretos;46,500;Rio Pardo;909;27/11/2003;; -; -; -;;;;61;Grande;2026-06-30 09:43:52.357000000;50;SP;São Paulo;15;Eixo Disponível
2026-07-01;048616;PCH.PH.RS.048616-7;Estribo;-28,23;-50,79;11;46;48500.001481/2001-10;Estribo;5,900;Rio Socorro;1.239;14/04/2026;2027-06-14 00:00:00;Múltipla Participações Ltda - 11649715000196;F-75 Geração de Energia Ltda - 46609692000170; -;;;;70;Pelotas;2026-06-30 09:43:52.357000000;46;RS;Rio Grande do Sul;11;DRI-PCH
2026-07-01;048617;PCH.PH.BA.048617-5;Ubatã;-14,22;-39,61;15;10;48500.000751/2001-49;Ubatã;11,650;Rio de Contas;275;14/05/2002;; -; -; -;;;;52;Contas;2026-06-30 09:43:52.357000000;10;BA;Bahia;15;Eixo Disponível
2026-07-01;048618;PCH.PH.BA.048618-3;Gongoji Jusante;-14,32;-39,46;13;10;48500.006397/2021-71;Gongoji Jusante;9,500;Gongoji;3.542;26/09/2023;2031-09-26 00:00:00;CS Energia S.A - 07390181000159; -; -;;;;52;Contas;2026-06-30 09:43:52.357000000;10;BA;Bahia;13;DRS-PCH
2026-07-01;048619;UHE.PH.PR.048619-1;Vila Rica;-23,92;-51,93;15;39;48500.004844/2009-61;Vila Rica;39,100;Ivaí;3.898;25/09/2014;; -; -; -;;;;64;Parana, Paranapanema, Amambai e outros;2026-06-30 09:43:52.357000000;39;PR;Paraná;15;Eixo Disponível
2026-07-01;048620;UHE.PH.PR.048620-5;Salto Ariranha II;-24,37;-51,44;15;39;48500.004844/2009-61;Salto Ariranha II;36,670;Ivaí;3.898;25/09/2014;; -; -; -;;;;64;Parana, Paranapanema, Amambai e outros;2026-06-30 09:43:52.357000000;39;PR;Paraná;15;Eixo Disponível
2026-07-01;048621;PCH.PH.PR.048621-3;Grandes Rios;-24,18;-51,54;13;39;48500.003055/2020-19;Grandes Rios;25,800;Ivaí;3.862;09/12/2021;2029-12-09 00:00:00;Paraná Centrais Elétricas Ltda - 41142887000130; -; -;;;;64;Parana, Paranapanema, Amambai e outros;2026-06-30 09:43:52.357000000;39;PR;Paraná;13;DRS-PCH
2026-07-01;048622;UHE.PH.PR.048622-1;Lajeadão III;-24,04;-51,60;14;39;48500.003036/2020-92;Lajeadão III;46,800;Ivaí;3.893;08/12/2021;2029-12-08 00:00:00;Paraná Centrais Elétricas Ltda - 41142887000130; -; -;;;;64;Parana, Paranapanema, Amambai e outros;2026-06-30 09:43:52.357000000;39;PR;Paraná;14;DRS-UHE
2026-07-01;048623;UHE.PH.PR.048623-0;Porto Guaritá;-24,00;-51,63;14;39;48500.003037/2020-37;Porto Guaritá;47,350;Ivaí;3.684;22/11/2021;2029-11-22 00:00:00;Paraná Centrais Elétricas Ltda - 41142887000130; -; -;;;;64;Parana, Paranapanema, Amambai e outros;2026-06-30 09:43:52.357000000;39;PR;Paraná;14;DRS-UHE
2026-07-01;048624;UHE.PH.PR.048624-8;São Cristovão II;-23,94;-51,77;14;39;48500.900142/2022-86;São Cristovão II;37,000;Ivaí;083;17/01/2024;2032-01-17 00:00:00;UHE São Cristóvão II Ltda - 56969585000107; -; -;;;;64;Parana, Paranapanema, Amambai e outros;2026-06-30 09:43:52.357000000;39;PR;Paraná;14;DRS-UHE
2026-07-01;048625;UHE.PH.PR.048625-6;São João do Ivaí IV;-23,93;-51,86;15;39;48500.004844/2009-61;São João do Ivaí IV;46,550;Ivaí;3.898;25/09/2014;; -; -; -;;;;64;Parana, Paranapanema, Amambai e outros;2026-06-30 09:43:52.357000000;39;PR;Paraná;15;Eixo Disponível
2026-07-01;048626;UHE.PH.PR.048626-4;Paiçandu;-23,58;-52,30;15;39;48500.004844/2009-61;Paiçandu;103,290;Ivaí;3.898;25/09/2014;; -; -; -;;;;64;Parana, Paranapanema, Amambai e outros;2026-06-30 09:43:52.357000000;39;PR;Paraná;15;Eixo Disponível
2026-07-01;048647;PCH.PH.GO.048647-7;Vidal;,00;,00;15;18;48500.000756/2001-62;Vidal;6,300;Rio Corrente;973;04/12/2001;; -; -; -;;;;21;Tocantins, entre os rios Preto e Parana;2026-06-30 09:43:52.357000000;18;GO;Goiás;15;Eixo Disponível
2026-07-01;048648;PCH.PH.GO.048648-5;Mambaí;-14,69;-46,30;15;18;48500.000756/2001-62;Mambaí;13,600;Rio Corrente;973;04/12/2001;; -; -; -;;;;21;Tocantins, entre os rios Preto e Parana;2026-06-30 09:43:52.357000000;18;GO;Goiás;15;Eixo Disponível
2026-07-01;048649;PCH.PH.GO.048649-3;Vermelho 1;,00;,00;15;18;48500.000756/2001-62;Vermelho 1;7,800;Rio Corrente;973;04/12/2001;; -; -; -;;;;21;Tocantins, entre os rios Preto e Parana;2026-06-30 09:43:52.357000000;18;GO;Goiás;15;Eixo Disponível
2026-07-01;048650;PCH.PH.GO.048650-7;Três Barras Jusante;-16,63;-50,84;15;18;48500.002397/2009-14;Três Barras Jusante;7,300;Rio Claro;1.460;13/05/2014;; -; -; -;;;;24;Alto Araguaia e rio Claro;2026-06-30 09:43:52.357000000;18;GO;Goiás;15;Eixo Disponível
2026-07-01;048655;UHE.PH.GO.048655-8;Araguaia;-15,51;-51,65;15;18;48500.002397/2009-14;Araguaia;19,900;Claro;1.460;13/05/2014;; -; -; -;;;;24;Alto Araguaia e rio Claro;2026-06-30 09:43:52.357000000;18;GO;Goiás;15;Eixo Disponível
2026-07-01;048656;UHE.PH.GO.048656-6;Macaúba Alta;-15,81;-51,50;15;18;48500.002397/2009-14;Macaúba Alta;13,800;Claro;1.460;13/05/2014;; -; -; -;;;;24;Alto Araguaia e rio Claro;2026-06-30 09:43:52.357000000;18;GO;Goiás;15;Eixo Disponível
2026-07-01;048657;UHE.PH.GO.048657-4;Aparecida do Rio Claro Alta;-15,93;-51,33;15;18;48500.002397/2009-14;Aparecida do Rio Claro Alta;14,400;Claro;1.460;13/05/2014;; -; -; -;;;;24;Alto Araguaia e rio Claro;2026-06-30 09:43:52.357000000;18;GO;Goiás;15;Eixo Disponível
2026-07-01;048658;PCH.PH.GO.048658-2;Jaupaci;-16,18;-50,93;15;18;48500.002397/2009-14;Jaupaci;13,000;Claro;1.460;13/05/2014;; -; -; -;;;;24;Alto Araguaia e rio Claro;2026-06-30 09:43:52.357000000;18;GO;Goiás;15;Eixo Disponível
2026-07-01;048659;PCH.PH.GO.048659-0;Israelândia;-16,32;-50,90;15;18;48500.002397/2009-14;Israelândia;11,600;Claro;1.460;13/05/2014;; -; -; -;;;;24;Alto Araguaia e rio Claro;2026-06-30 09:43:52.357000000;18;GO;Goiás;15;Eixo Disponível
2026-07-01;048660;PCH.PH.GO.048660-4;Caldeirão Jusante;-16,47;-50,98;15;18;48500.002397/2009-14;Caldeirão Jusante;9,600;Claro;1.460;13/05/2014;; -; -; -;;;;24;Alto Araguaia e rio Claro;2026-06-30 09:43:52.357000000;18;GO;Goiás;15;Eixo Disponível
2026-07-01;048661;PCH.PH.GO.048661-2;Bandeira;-16,41;-50,69;15;18;48500.002397/2009-14;Bandeira;7,800;Pilões;1.460;13/05/2014;; -; -; -;;;;24;Alto Araguaia e rio Claro;2026-06-30 09:43:52.357000000;18;GO;Goiás;15;Eixo Disponível
2026-07-01;048662;PCH.PH.GO.048662-0;Queixada;-16,50;-50,63;15;18;48500.002397/2009-14;Queixada;8,900;Pilões;1.460;13/05/2014;; -; -; -;;;;24;Alto Araguaia e rio Claro;2026-06-30 09:43:52.357000000;18;GO;Goiás;15;Eixo Disponível
2026-07-01;048663;PCH.PH.PA.048663-9;Trairão;-4,71;-55,84;15;34;48500.007958/2008-82;Trairão;7,500;Itapacurá e Itapacurá-mirim;374;19/02/2013;; -; -; -;;;;17;Tapajos;2026-06-30 09:43:52.357000000;34;PA;Pará;15;Eixo Disponível
2026-07-01;048664;PCH.PH.PA.048664-7;Iara;-4,79;-55,83;13;34;48500.002254/2022-71;Iara;8,500;Itapacurá-mirim;4.104;01/11/2023;2031-11-01 00:00:00;PCH Iara Energética SPE Ltda - 54118972000104; -; -;;;;17;Tapajos;2026-06-30 09:43:52.357000000;34;PA;Pará;13;DRS-PCH
2026-07-01;048666;PCH.PH.SP.048666-3;Água da Onça;-22,85;-49,12;15;50;48500.000990/2002-71;Água da Onça;5,100;Rio Pardo;87;09/02/2004;; -; -; -;;;;64;Parana, Paranapanema, Amambai e outros;2026-06-30 09:43:52.357000000;50;SP;São Paulo;15;Eixo Disponível
2026-07-01;048668;PCH.PH.MT.048668-0;Água Enterrada;-17,50;-54,67;15;31;48500.002895/2002-11;Água Enterrada;14,500;Correntes;625;08/10/2002;; -; -; -;;;;66;Alto Paraguai;2026-06-30 09:43:52.357000000;31;MS/MT;Mato Grosso do Sul / Mato Grosso;15;Eixo Disponível
2026-07-01;048669;PCH.PH.MT.048669-8;Águas Claras;-15,31;-54,18;13;32;48500.003650/2023-05;Águas Claras;8,000;Das Mortes;2.074;15/07/2025;2032-07-15 00:00:00;PCH Águas Claras Energética SPE Ltda - 45963182000134; -; -;;;;26;Araguaia, trecho da ilha Bananal;2026-06-30 09:43:52.357000000;32;MT;Mato Grosso;13;DRS-PCH
2026-07-01;048670;PCH.PH.PA.048670-1;Alcobaça;-4,24;-55,02;13;34;48500.001347/2022-89;Alcobaça;5,600;Rio Cupari;242;29/01/2024;2032-01-29 00:00:00;Alcobaça Energética SPE Ltda - 55205624000137; -; -;;;;17;Tapajos;2026-06-30 09:43:52.357000000;34;PA;Pará;13;DRS-PCH
2026-07-01;048672;PCH.PH.BA.048672-8;Aliança;-14,37;-45,12;15;10;48500.002647/2007-46;Aliança;12,000;Itaguari;3.147;22/10/2010;; -; -; -;;;;45;Corrente e outros - Sao Francisco;2026-06-30 09:43:52.357000000;10;BA;Bahia;15;Eixo Disponível
2026-07-01;048673;UHE.PH.MS.048673-6;AMB 108;-23,10;-54,31;15;30;48500.001509/2010-45;AMB 108;11,700;Amambaí;3.004;06/08/2014;; -; -; -;;;;64;Parana, Paranapanema, Amambai e outros;2026-06-30 09:43:52.357000000;30;MS;Mato Grosso do Sul;15;Eixo Disponível
2026-07-01;048674;PCH.PH.MS.048674-4;AMB 145B;-23,04;-54,48;15;30;48500.001509/2010-45;AMB 145B;13,800;Amambaí;3.004;06/08/2014;; -; -; -;;;;64;Parana, Paranapanema, Amambai e outros;2026-06-30 09:43:52.357000000;30;MS;Mato Grosso do Sul;15;Eixo Disponível
2026-07-01;048675;PCH.PH.MS.048675-2;AMB 175C;-22,93;-54,64;15;30;48500.001509/2010-45;AMB 175C;12,400;Amambaí;3.004;06/08/2014;; -; -; -;;;;64;Parana, Paranapanema, Amambai e outros;2026-06-30 09:43:52.357000000;30;MS;Mato Grosso do Sul;15;Eixo Disponível
2026-07-01;048679;PCH.PH.AP.048679-5;Tracuá;2,67;-51,60;15;8;48000.003689/1996-94;Tracuá;5,800;Rio Cassiporé;170;11/03/2004;; -; -; -;;;;30;Oiapoque e outros;2026-06-30 09:43:52.357000000;8;AP;Amapá;15;Eixo Disponível
2026-07-01;048681;PCH.PH.AP.048681-7;Trapiche;2,42;-51,00;15;8;48000.003689/1996-94;Trapiche;9,000;Rio Calçoene;170;11/03/2004;; -; -; -;;;;30;Oiapoque e outros;2026-06-30 09:43:52.357000000;8;AP;Amapá;15;Eixo Disponível
2026-07-01;048682;PCH.PH.AP.048682-5;Cachoeira Grande;2,73;-51,55;15;8;48000.003689/1996-94;Cachoeira Grande;12,200;Rio Cassiporé;170;11/03/2004;; -; -; -;;;;30;Oiapoque e outros;2026-06-30 09:43:52.357000000;8;AP;Amapá;15;Eixo Disponível
2026-07-01;048683;PCH.PH.AP.048683-3;Varador;3,07;-51,30;15;8;48000.003689/1996-94;Varador;14,000;Rio Cassiporé;170;11/03/2004;; -; -; -;;;;30;Oiapoque e outros;2026-06-30 09:43:52.357000000;8;AP;Amapá;15;Eixo Disponível
2026-07-01;048685;PCH.PH.MG.048685-0;Tenente;-18,56;-48,11;15;26;48500.006811/2010-90;Tenente;6,400;Ribeirão Jordão;3.761;08/11/2013;; -; -; -;;;;60;Paranaiba;2026-06-30 09:43:52.357000000;26;MG;Minas Gerais;15;Eixo Disponível
2026-07-01;048686;PCH.PH.PR.048686-8;Tempestade;-25,37;-53,31;11;39;48500.034189/2025-96;Tempestade;5,200;Tormenta;3.743;22/12/2025;2027-02-22 00:00:00;Paraná Energy Engenharia e Consultoria Ltda - 52271571000164; -; -;;;;65;Parana, Iguacu;2026-06-30 09:43:52.357000000;39;PR;Paraná;11;DRI-PCH
2026-07-01;048687;PCH.PH.GO.048687-6;Taquaril;-18,46;-50,61;15;18;48500.001631/2007-18;Taquaril;6,800;Preto;3.050;26/07/2011;; -; -; -;;;;60;Paranaiba;2026-06-30 09:43:52.357000000;18;GO;Goiás;15;Eixo Disponível
2026-07-01;048688;PCH.PH.GO.048688-4;Alvorada;-18,55;-50,46;15;18;48500.001631/2007-18;Alvorada;8,200;Preto;3.050;26/07/2011;; -; -; -;;;;60;Paranaiba;2026-06-30 09:43:52.357000000;18;GO;Goiás;15;Eixo Disponível
2026-07-01;048689;UHE.PH.PI.048689-2;Taquara;-9,15;-45,91;15;25;48500.004570/2000-65;Taquara;43,000;Rio Parnaíba;680;29/09/2003;; -; -; -;;;;34;Parnaiba;2026-06-30 09:43:52.357000000;25;MA/PI;Maranhão / Piauí;15;Eixo Disponível
2026-07-01;048690;UHE.PH.MA.048690-6;Ribeiro Gonçalves;-7,58;-45,32;15;22;48500.000107/2004-22;Ribeiro Gonçalves;174,000;Parnaíba;680;29/09/2003;; -; -; -;;;;34;Parnaiba;2026-06-30 09:43:52.357000000;22;MA;Maranhão;15;Eixo Disponível
2026-07-01;048691;UHE.PH.PI.048691-4;Cachoeira;-6,75;-43,08;15;38;48500.000109/2004-58;Cachoeira;39,000;Parnaíba;680;29/09/2003;; -; -; -;;;;34;Parnaiba;2026-06-30 09:43:52.357000000;38;PI;Piauí;15;Eixo Disponível
2026-07-01;048692;UHE.PH.PI.048692-2;Estreito;-6,33;-42,86;15;38;48500.004570/2000-65;Estreito;86,000;Parnaíba;680;29/09/2003;; -; -; -;;;;34;Parnaiba;2026-06-30 09:43:52.357000000;38;PI;Piauí;15;Eixo Disponível
2026-07-01;048693;UHE.PH.PI.048693-0;Castelhano;-5,74;-43,09;15;38;48500.000668/2004-40;Castelhano;75,000;Parnaíba;680;29/09/2003;; -; -; -;;;;34;Parnaiba;2026-06-30 09:43:52.357000000;38;PI;Piauí;15;Eixo Disponível
2026-07-01;048694;UHE.PH.MA.048694-9;Taboa;-7,21;-45,47;15;22;48500.004570/2000-65;Taboa;98,000;Rio das Balsas;680;29/09/2003;; -; -; -;;;;34;Parnaiba;2026-06-30 09:43:52.357000000;22;MA;Maranhão;15;Eixo Disponível
2026-07-01;048695;PCH.PH.MT.048695-7;Andorinha;-13,43;-57,26;15;32;48500.004366/2000-07;Andorinha;13,800;Ponte de Pedra;1.042;27/12/2001;; -; -; -;;;;17;Tapajos;2026-06-30 09:43:52.357000000;32;MT;Mato Grosso;15;Eixo Disponível
2026-07-01;048696;PCH.PH.RJ.048696-5;Aperibé;-21,63;-42,08;15;28;48500.000716/2001-48;Aperibé;7,200;Rio Pomba;471;13/04/2005;; -; -; -;;;;58;Paraiba do Sul;2026-06-30 09:43:52.357000000;28;MG/RJ/SP;Minas Gerais / Rio de Janeiro / São Paulo;15;Eixo Disponível
2026-07-01;048701;PCH.PH.SP.048701-5;Talhado;-20,22;-49,53;15;50;48500.006689/2001-90;Talhado;12,000;Rio Turvo;358;17/06/2003;; -; -; -;;;;61;Grande;2026-06-30 09:43:52.357000000;50;SP;São Paulo;15;Eixo Disponível
2026-07-01;048702;PCH.PH.SP.048702-3;Foz do Preto;-20,17;-49,67;15;50;48500.006689/2001-90;Foz do Preto;16,000;Rio Turvo;358;17/06/2003;; -; -; -;;;;61;Grande;2026-06-30 09:43:52.357000000;50;SP;São Paulo;15;Eixo Disponível
2026-07-01;048703;UHE.PH.MG.048703-1;Taboca;-19,19;-45,81;15;26;48500.001881/2001-90;Taboca;35,800;Rio Indaiá;925;02/12/2003;; -; -; -;;;;40;Alto Sao Francisco, ate Tres Marias;2026-06-30 09:43:52.357000000;26;MG;Minas Gerais;15;Eixo Disponível
2026-07-01;048705;UHE.PH.TO.048705-8;Araguanã;-6,62;-48,65;15;24;48500.000389/1999-47;Araguanã;960,000;Araguaia;374;06/09/2000;; -; -; -;;;;28;Baixo Araguaia;2026-06-30 09:43:52.357000000;24;MA/PA/TO;Maranhão / Pará / Tocantins;15;Eixo Disponível
2026-07-01;048706;PCH.PH.RS.048706-6;Arroio da Reserva;-29,19;-53,35;13;46;48500.004383/2020-32;Arroio da Reserva;5,700;Arroio da Reserva;138;20/01/2022;2030-01-20 00:00:00;Quenuma Energia Ltda. - 43921636000189; -; -;;;;85;Alto Jacui;2026-06-30 09:43:52.357000000;46;RS;Rio Grande do Sul;13;DRS-PCH
2026-07-01;048707;PCH.PH.PA.048707-4;Aruanã;-4,36;-55,01;13;34;48500.001640/2022-46;Aruanã;5,100;Rio Cupari;242;29/01/2024;2032-01-29 00:00:00;Aruanã Energética SPE Ltda - 55203856000156; -; -;;;;17;Tapajos;2026-06-30 09:43:52.357000000;34;PA;Pará;13;DRS-PCH
2026-07-01;048708;PCH.PH.PA.048708-2;Itacaré;-4,11;-55,32;15;34;48500.002938/2009-04;Itacaré;14,000;Cupari;3.888;07/12/2012;; -; -; -;;;;17;Tapajos;2026-06-30 09:43:52.357000000;34;PA;Pará;15;Eixo Disponível
2026-07-01;048709;PCH.PH.SC.048709-0;Ascurra;-26,98;-49,37;15;48;48500.003779/2004-17;Ascurra;11,500;Itajaí-Açu;1.737;04/11/2005;; -; -; -;;;;83;Itajai;2026-06-30 09:43:52.357000000;48;SC;Santa Catarina;15;Eixo Disponível
2026-07-01;048710;PCH.PH.MA.048710-4;Ásia (Antiga A2E8);-8,57;-46,33;15;22;48500.004840/2009-83;Ásia (Antiga A2E8);7,100;das Balsas;1.829;17/06/2014;; -; -; -;;;;34;Parnaiba;2026-06-30 09:43:52.357000000;22;MA;Maranhão;15;Eixo Disponível
2026-07-01;048711;PCH.PH.PA.048711-2;Bacupari;-4,22;-55,25;13;34;48500.006212/2021-29;Bacupari;10,100;Cupari;1.533;01/06/2023;2031-06-01 00:00:00;Energias Complementares do Brasil – Geração de Energia Elétrica S.A - 09663142000103; -; -;;;;17;Tapajos;2026-06-30 09:43:52.357000000;34;PA;Pará;13;DRS-PCH
2026-07-01;048712;PCH.PH.BA.048712-0;Baiana;-14,43;-45,17;15;10;48500.002647/2007-46;Baiana;13,000;Itaguari;3.147;22/10/2010;; -; -; -;;;;45;Corrente e outros - Sao Francisco;2026-06-30 09:43:52.357000000;10;BA;Bahia;15;Eixo Disponível
2026-07-01;048713;PCH.PH.MS.048713-9;Baixo Verde II;-20,88;-52,36;15;30;48500.002347/2021-15;Baixo Verde II;15,000;Verde;245;03/02/2014;; -; -; -;;;;63;Parana, Verde , Peixe, e outros;2026-06-30 09:43:52.357000000;30;MS;Mato Grosso do Sul;15;Eixo Disponível
2026-07-01;048714;UHE.PH.MG.048714-7;Lagoinha;-18,96;-45,71;15;26;48500.001881/2001-90;Lagoinha;37,100;Rio Indaiá;925;02/12/2003;; -; -; -;;;;40;Alto Sao Francisco, ate Tres Marias;2026-06-30 09:43:52.357000000;26;MG;Minas Gerais;15;Eixo Disponível
2026-07-01;048715;UHE.PH.MG.048715-5;Ponte Indaiá;-18,68;-45,57;15;26;48500.001881/2001-90;Ponte Indaiá;51,400;Rio Indaiá;925;02/12/2003;; -; -; -;;;;40;Alto Sao Francisco, ate Tres Marias;2026-06-30 09:43:52.357000000;26;MG;Minas Gerais;15;Eixo Disponível
2026-07-01;048716;PCH.PH.MG.048716-3;Ponte Indaiá Jusante;-18,66;-45,55;15;26;48500.001881/2001-90;Ponte Indaiá Jusante;5,820;Rio Indaiá;925;02/12/2003;; -; -; -;;;;40;Alto Sao Francisco, ate Tres Marias;2026-06-30 09:43:52.357000000;26;MG;Minas Gerais;15;Eixo Disponível
2026-07-01;048717;UHE.PH.MG.048717-1;Peixe Bravo;-19,61;-44,52;15;26;48500.001881/2001-90;Peixe Bravo;45,960;Rio Paraopeba;925;02/12/2003;; -; -; -;;;;40;Alto Sao Francisco, ate Tres Marias;2026-06-30 09:43:52.357000000;26;MG;Minas Gerais;15;Eixo Disponível
2026-07-01;048719;UHE.PH.MG.048719-8;Angueretá;-19,16;-44,68;15;26;48500.001881/2001-90;Angueretá;53,900;Rio Paraopeba;925;02/12/2003;; -; -; -;;;;40;Alto Sao Francisco, ate Tres Marias;2026-06-30 09:43:52.357000000;26;MG;Minas Gerais;15;Eixo Disponível
2026-07-01;048720;UHE.PH.MG.048720-1;Choro;,00;,00;15;26;48500.001881/2001-90;Choro;57,400;Rio Paraopeba;925;02/12/2003;; -; -; -;;;;40;Alto Sao Francisco, ate Tres Marias;2026-06-30 09:43:52.357000000;26;MG;Minas Gerais;15;Eixo Disponível
2026-07-01;048721;UHE.PH.MG.048721-0;Doresópolis;-20,29;-45,96;15;26;48500.001881/2001-90;Doresópolis;60,000;Rio São Francisco;925;02/12/2003;; -; -; -;;;;40;Alto Sao Francisco, ate Tres Marias;2026-06-30 09:43:52.357000000;26;MG;Minas Gerais;15;Eixo Disponível
2026-07-01;048722;UHE.PH.MG.048722-8;Noruega;-19,90;-45,57;15;26;48500.001881/2001-90;Noruega;27,200;Rio São Francisco;925;02/12/2003;; -; -; -;;;;40;Alto Sao Francisco, ate Tres Marias;2026-06-30 09:43:52.357000000;26;MG;Minas Gerais;15;Eixo Disponível
2026-07-01;048723;UHE.PH.MG.048723-6;Pompéu;-19,01;-45,11;15;26;48500.001881/2001-90;Pompéu;209,100;Rio São Francisco;925;02/12/2003;; -; -; -;;;;40;Alto Sao Francisco, ate Tres Marias;2026-06-30 09:43:52.357000000;26;MG;Minas Gerais;15;Eixo Disponível
2026-07-01;048724;PCH.PH.BA.048724-4;Suçuarana;-14,23;-44,62;15;10;48500.002647/2007-46;Suçuarana;8,500;Itaguari;3.147;22/10/2010;; -; -; -;;;;45;Corrente e outros - Sao Francisco;2026-06-30 09:43:52.357000000;10;BA;Bahia;15;Eixo Disponível
2026-07-01;048726;PCH.PH.BA.048726-0;Itaguari;-14,56;-45,40;15;10;48500.002647/2007-46;Itaguari;6,500;Itaguari;3.147;22/10/2010;; -; -; -;;;;45;Corrente e outros - Sao Francisco;2026-06-30 09:43:52.357000000;10;BA;Bahia;15;Eixo Disponível
2026-07-01;048727;PCH.PH.BA.048727-9;Morcegos;-14,32;-45,03;15;10;48500.002647/2007-46;Morcegos;8,000;Itaguari;3.147;22/10/2010;; -; -; -;;;;45;Corrente e outros - Sao Francisco;2026-06-30 09:43:52.357000000;10;BA;Bahia;15;Eixo Disponível
2026-07-01;048728;PCH.PH.BA.048728-7;Cocos;-14,29;-44,95;15;10;48500.002647/2007-46;Cocos;10,000;Itaguari;3.147;22/10/2010;; -; -; -;;;;45;Corrente e outros - Sao Francisco;2026-06-30 09:43:52.357000000;10;BA;Bahia;15;Eixo Disponível
2026-07-01;048729;PCH.PH.BA.048729-5;Buritis;-14,24;-44,86;15;10;48500.002647/2007-46;Buritis;12,000;Itaguari;3.147;22/10/2010;; -; -; -;;;;45;Corrente e outros - Sao Francisco;2026-06-30 09:43:52.357000000;10;BA;Bahia;15;Eixo Disponível
2026-07-01;048730;PCH.PH.BA.048730-9;Vereda;-14,18;-44,76;15;10;48500.002647/2007-46;Vereda;16,000;Itaguari;3.147;22/10/2010;; -; -; -;;;;45;Corrente e outros - Sao Francisco;2026-06-30 09:43:52.357000000;10;BA;Bahia;15;Eixo Disponível
2026-07-01;048731;PCH.PH.BA.048731-7;Galheiro;-14,27;-44,49;15;10;48500.002647/2007-46;Galheiro;14,000;Itaguari;3.147;22/10/2010;; -; -; -;;;;45;Corrente e outros - Sao Francisco;2026-06-30 09:43:52.357000000;10;BA;Bahia;15;Eixo Disponível
2026-07-01;048742;PCH.PH.BA.048742-2;Foz do Itaguari;-14,28;-44,42;15;10;48500.002647/2007-46;Foz do Itaguari;12,500;Itaguari;3.147;22/10/2010;; -; -; -;;;;45;Corrente e outros - Sao Francisco;2026-06-30 09:43:52.357000000;10;BA;Bahia;15;Eixo Disponível
2026-07-01;048743;PCH.PH.BA.048743-0;Suçuapara;-14,18;-44,67;15;10;48500.002647/2007-46;Suçuapara;10,000;Itaguari;3.147;22/10/2010;; -; -; -;;;;45;Corrente e outros - Sao Francisco;2026-06-30 09:43:52.357000000;10;BA;Bahia;15;Eixo Disponível
2026-07-01;048744;PCH.PH.PA.048744-9;Sororoca;-1,03;-54,93;15;34;48500.001881/2001-90;Sororoca;30,000;Rio Curuá;961;11/12/2003;; -; -; -;;;;17;Tapajos;2026-06-30 09:43:52.357000000;34;PA;Pará;15;Eixo Disponível
2026-07-01;048745;PCH.PH.PA.048745-7;Precipício;-1,15;-55,07;15;34;48500.001881/2001-90;Precipício;30,000;Rio Curuá;961;11/12/2003;; -; -; -;;;;17;Tapajos;2026-06-30 09:43:52.357000000;34;PA;Pará;15;Eixo Disponível
2026-07-01;048746;PCH.PH.PA.048746-5;Frieira;-1,18;-55,09;15;34;48500.001881/2001-90;Frieira;20,000;Rio Curuá;961;11/12/2003;; -; -; -;;;;17;Tapajos;2026-06-30 09:43:52.357000000;34;PA;Pará;15;Eixo Disponível
2026-07-01;048747;UHE.PH.PA.048747-3;Berimbau;-1,33;-55,18;15;34;48500.001881/2001-90;Berimbau;26,000;Rio Curuá;961;11/12/2003;; -; -; -;;;;17;Tapajos;2026-06-30 09:43:52.357000000;34;PA;Pará;15;Eixo Disponível
2026-07-01;048748;UHE.PH.PA.048748-1;Jutuarama;-1,33;-54,49;15;34;48500.001881/2001-90;Jutuarama;66,000;Maicuru;961;11/12/2003;; -; -; -;;;;18;Xingu e Paru;2026-06-30 09:43:52.357000000;34;PA;Pará;15;Eixo Disponível
2026-07-01;048749;UHE.PH.PA.048749-0;Mocotó;-1,49;-54,44;15;34;48500.001881/2001-90;Mocotó;95,000;Rio Maicuru;961;11/12/2003;; -; -; -;;;;18;Xingu e Paru;2026-06-30 09:43:52.357000000;34;PA;Pará;15;Eixo Disponível
2026-07-01;048750;PCH.PH.PA.048750-3;Pancada Grande;-1,57;-54,39;13;34;48500.000059/2023-98;Pancada Grande;28,000;Maicuru;2.074;15/07/2025;2032-07-15 00:00:00;PCH Pancada Grande Energética SPE Ltda. - 53978604000173; -; -;;;;18;Xingu e Paru;2026-06-30 09:43:52.357000000;34;PA;Pará;13;DRS-PCH
2026-07-01;048768;PCH.PH.MG.048768-6;Boa Vista I;-21,55;-45,52;15;26;48500.006970/2000-14;Boa Vista I;8,800;Verde;22;24/01/2001;; -; -; -;;;;61;Grande;2026-06-30 09:43:52.357000000;26;MG;Minas Gerais;15;Eixo Disponível
2026-07-01;048769;PCH.PH.MG.048769-4;Borges;-19,20;-41,68;15;26;48500.002935/2001-52;Borges;12,000;Caratinga;1.587;20/07/2006;; -; -; -;;;;56;Doce;2026-06-30 09:43:52.357000000;26;MG;Minas Gerais;15;Eixo Disponível
2026-07-01;048770;PCH.PH.MG.048770-8;Figueirinha II;-18,91;-42,65;13;26;48500.001937/2023-92;Figueirinha II;7,500;Corrente Grande;2.765;13/09/2024;2032-09-13 00:00:00;Alicerce Administradora de Bens Ltda - 40384792000160; -; -;;;;56;Doce;2026-06-30 09:43:52.357000000;26;MG;Minas Gerais;13;DRS-PCH
2026-07-01;048782;PCH.PH.SC.048782-1;Silveira I;-28,60;-49,99;15;48;48500.003351/2006-81;Silveira I;5,300;Silveira;127;21/01/2010;; -; -; -;;;;70;Pelotas;2026-06-30 09:43:52.357000000;48;SC;Santa Catarina;15;Eixo Disponível
2026-07-01;048783;PCH.PH.PA.048783-0;Sibipiruna;-4,05;-54,93;15;34;48500.002938/2009-04;Sibipiruna;8,200;Cupari;3.888;07/12/2012;; -; -; -;;;;17;Tapajos;2026-06-30 09:43:52.357000000;34;PA;Pará;15;Eixo Disponível
2026-07-01;048784;PCH.PH.PA.048784-8;Jaboticabal;-3,92;-54,88;15;34;48500.002938/2009-04;Jaboticabal;6,900;Cupari;3.888;07/12/2012;; -; -; -;;;;17;Tapajos;2026-06-30 09:43:52.357000000;34;PA;Pará;15;Eixo Disponível
2026-07-01;048785;PCH.PH.PA.048785-6;Mutamba;-4,08;-55,05;15;34;48500.002938/2009-04;Mutamba;9,600;Cupari;3.888;07/12/2012;; -; -; -;;;;17;Tapajos;2026-06-30 09:43:52.357000000;34;PA;Pará;15;Eixo Disponível
2026-07-01;048786;PCH.PH.PA.048786-4;Manacá;-4,39;-55,03;15;34;48500.002938/2009-04;Manacá;5,100;Cupari;3.888;07/12/2012;; -; -; -;;;;17;Tapajos;2026-06-30 09:43:52.357000000;34;PA;Pará;15;Eixo Disponível
2026-07-01;048787;PCH.PH.PA.048787-2;Girassol;-4,19;-55,22;15;34;48500.002938/2009-04;Girassol;8,800;Rio Cupari;3.888;07/12/2012;; -; -; -;;;;17;Tapajos;2026-06-30 09:43:52.357000000;34;PA;Pará;15;Eixo Disponível
2026-07-01;048788;PCH.PH.PA.048788-0;Macaúba;-4,20;-55,26;13;34;48500.006401/2021-00;Macaúba;5,200;Igarapé Ipixuna;3.533;25/09/2023;2031-09-25 00:00:00;ATF Patrimonial Ltda - 01296138000142; -; -;;;;17;Tapajos;2026-06-30 09:43:52.357000000;34;PA;Pará;13;DRS-PCH
2026-07-01;048789;PCH.PH.PA.048789-9;Jurubeba;-4,14;-55,27;15;34;48500.002938/2009-04;Jurubeba;5,500;Cupari;3.888;07/12/2012;; -; -; -;;;;17;Tapajos;2026-06-30 09:43:52.357000000;34;PA;Pará;15;Eixo Disponível
2026-07-01;048790;PCH.PH.PA.048790-2;Sumaúma;-4,10;-55,23;15;34;48500.002938/2009-04;Sumaúma;34,000;Cupari;3.888;07/12/2012;; -; -; -;;;;17;Tapajos;2026-06-30 09:43:52.357000000;34;PA;Pará;15;Eixo Disponível
2026-07-01;048791;PCH.PH.PA.048791-0;Mangabeira;-4,10;-55,30;15;34;48500.002938/2009-04;Mangabeira;6,000;Cupari;3.888;07/12/2012;; -; -; -;;;;17;Tapajos;2026-06-30 09:43:52.357000000;34;PA;Pará;15;Eixo Disponível
2026-07-01;048792;UHE.PH.MS.048792-9;Sete Quedas I;-23,87;-55,00;15;30;48100.003811/1995-03;Sete Quedas I;5,200;Rio Iguatemi;383;14/09/1999;; -; -; -;;;;64;Parana, Paranapanema, Amambai e outros;2026-06-30 09:43:52.357000000;30;MS;Mato Grosso do Sul;15;Eixo Disponível
2026-07-01;048793;UHE.PH.MS.048793-7;Sete Quedas II;-23,78;-54,83;15;30;48100.003811/1995-03;Sete Quedas II;7,400;Rio Iguatemi;383;14/09/1999;; -; -; -;;;;64;Parana, Paranapanema, Amambai e outros;2026-06-30 09:43:52.357000000;30;MS;Mato Grosso do Sul;15;Eixo Disponível
2026-07-01;048794;PCH.PH.MS.048794-5;Joqui;,00;,00;15;30;48100.003811/1995-03;Joqui;10,300;Rio Iguatemi;383;14/09/1999;; -; -; -;;;;64;Parana, Paranapanema, Amambai e outros;2026-06-30 09:43:52.357000000;30;MS;Mato Grosso do Sul;15;Eixo Disponível
2026-07-01;048795;UHE.PH.MG.048795-3;Sete Moinhos;-19,98;-43,22;15;26;48500.002935/2001-52;Sete Moinhos;11,000;Rio Piracicaba;1.587;20/07/2006;; -; -; -;;;;56;Doce;2026-06-30 09:43:52.357000000;26;MG;Minas Gerais;15;Eixo Disponível
2026-07-01;048796;UHE.PH.MG.048796-1;Biboca;-20,01;-42,71;15;26;48500.002935/2001-52;Biboca;57,000;Rio Doce;1.587;20/07/2006;; -; -; -;;;;56;Doce;2026-06-30 09:43:52.357000000;26;MG;Minas Gerais;15;Eixo Disponível
2026-07-01;048797;PCH.PH.MG.048797-0;Quenta Sol;-19,73;-42,97;15;26;48500.002935/2001-52;Quenta Sol;9,000;Rio Piracicaba;1.587;20/07/2006;; -; -; -;;;;56;Doce;2026-06-30 09:43:52.357000000;26;MG;Minas Gerais;15;Eixo Disponível
2026-07-01;048798;PCH.PH.MG.048798-8;Cachoeira Alegre;-20,62;-42,67;15;16;48500.002935/2001-52;Cachoeira Alegre;7,500;Rio Casca;1.587;20/07/2006;; -; -; -;;;;56;Doce;2026-06-30 09:43:52.357000000;16;ES/MG;Espírito Santo / Minas Gerais;15;Eixo Disponível
2026-07-01;048800;PCH.PH.MG.048800-3;Corredeira do Jacaré;-20,35;-42,67;15;16;48500.002935/2001-52;Corredeira do Jacaré;11,500;Rio Casca;1.587;20/07/2006;; -; -; -;;;;56;Doce;2026-06-30 09:43:52.357000000;16;ES/MG;Espírito Santo / Minas Gerais;15;Eixo Disponível
2026-07-01;048801;PCH.PH.MG.048801-1;Encoberto;-20,77;-43,20;15;16;48500.002935/2001-52;Encoberto;8,000;Rio Piranga;1.587;20/07/2006;; -; -; -;;;;56;Doce;2026-06-30 09:43:52.357000000;16;ES/MG;Espírito Santo / Minas Gerais;15;Eixo Disponível
2026-07-01;048802;UHE.PH.MG.048802-0;Turvo;-20,60;-42,99;15;16;48500.002935/2001-52;Turvo;10,000;Rio Turvo Limpo;1.587;20/07/2006;; -; -; -;;;;56;Doce;2026-06-30 09:43:52.357000000;16;ES/MG;Espírito Santo / Minas Gerais;15;Eixo Disponível
2026-07-01;048803;UHE.PH.MG.048803-8;Cipotânea;-20,91;-43,36;15;16;48500.002935/2001-52;Cipotânea;7,500;Rio Xopotó;1.587;20/07/2006;; -; -; -;;;;56;Doce;2026-06-30 09:43:52.357000000;16;ES/MG;Espírito Santo / Minas Gerais;15;Eixo Disponível
2026-07-01;048804;PCH.PH.MG.048804-6;Normandes;-20,79;-43,12;15;16;48500.002935/2001-52;Normandes;17,000;Rio Xopotó;1.587;20/07/2006;; -; -; -;;;;56;Doce;2026-06-30 09:43:52.357000000;16;ES/MG;Espírito Santo / Minas Gerais;15;Eixo Disponível
2026-07-01;048805;UHE.PH.MG.048805-4;Mainart;-20,47;-43,35;15;26;48500.002935/2001-52;Mainart;8,000;Rio Gualaxo do Sul;1.587;20/07/2006;; -; -; -;;;;56;Doce;2026-06-30 09:43:52.357000000;26;MG;Minas Gerais;15;Eixo Disponível
2026-07-01;048806;PCH.PH.MG.048806-2;Sapé;-19,28;-42,98;11;26;48500.000082/2026-25;Sapé;19,500;Rio do Tanque;298;11/02/2026;2027-04-11 00:00:00;Nascente Renováveis Ltda - 63636316000194; -; -;;;;56;Doce;2026-06-30 09:43:52.357000000;26;MG;Minas Gerais;11;DRI-PCH
2026-07-01;048807;PCH.PH.MG.048807-0;Cabeça de Boi;-19,43;-43,23;15;16;48500.002935/2001-52;Cabeça de Boi;10,000;Rio do Tanque;1.587;20/07/2006;; -; -; -;;;;56;Doce;2026-06-30 09:43:52.357000000;16;ES/MG;Espírito Santo / Minas Gerais;15;Eixo Disponível
2026-07-01;048808;PCH.PH.MG.048808-9;Santa Rita;-18,93;-42,10;15;16;48500.002935/2001-52;Santa Rita;8,900;Rio Suaçuí Pequeno;1.587;20/07/2006;; -; -; -;;;;56;Doce;2026-06-30 09:43:52.357000000;16;ES/MG;Espírito Santo / Minas Gerais;15;Eixo Disponível
2026-07-01;048821;PCH.PH.MG.048821-6;Santo Antônio do Porto;-18,75;-42,17;15;26;48500.002935/2001-52;Santo Antônio do Porto;15,800;Rio Suaçuí Pequeno;1.587;20/07/2006;; -; -; -;;;;56;Doce;2026-06-30 09:43:52.357000000;26;MG;Minas Gerais;15;Eixo Disponível
2026-07-01;048825;PCH.PH.MG.048825-9;Santa Filomena;-19,97;-41,84;15;16;48500.002935/2001-52;Santa Filomena;8,000;Rio Manhuaçu;1.587;20/07/2006;; -; -; -;;;;56;Doce;2026-06-30 09:43:52.357000000;16;ES/MG;Espírito Santo / Minas Gerais;15;Eixo Disponível
2026-07-01;048826;UHE.PH.MG.048826-7;Resplendor;-19,28;-41,28;15;26;48500.002935/2001-52;Resplendor;144,000;Rio Doce;1.587;20/07/2006;; -; -; -;;;;56;Doce;2026-06-30 09:43:52.357000000;26;MG;Minas Gerais;15;Eixo Disponível
2026-07-01;048827;UHE.PH.MG.048827-5;Crenaque;-19,22;-41,37;15;26;48500.002935/2001-52;Crenaque;81,000;Rio Doce;1.587;20/07/2006;; -; -; -;;;;56;Doce;2026-06-30 09:43:52.357000000;26;MG;Minas Gerais;15;Eixo Disponível
2026-07-01;048828;UHE.PH.MG.048828-3;Galiléia;-19,01;-41,56;15;26;48500.002935/2001-52;Galiléia;238,000;Rio Doce;1.587;20/07/2006;; -; -; -;;;;56;Doce;2026-06-30 09:43:52.357000000;26;MG;Minas Gerais;15;Eixo Disponível
2026-07-01;048829;PCH.PH.ES.048829-1;Maria Bonita;-19,97;-41,03;15;15;48500.002935/2001-52;Maria Bonita;8,500;Rio Guandu;1.587;20/07/2006;; -; -; -;;;;56;Doce;2026-06-30 09:43:52.357000000;15;ES;Espírito Santo;15;Eixo Disponível
2026-07-01;048830;UHE.PH.ES.048830-5;Santa Rosa;-19,69;-41,03;15;15;48500.002935/2001-52;Santa Rosa;10,000;Rio Guandu;1.587;20/07/2006;; -; -; -;;;;56;Doce;2026-06-30 09:43:52.357000000;15;ES;Espírito Santo;15;Eixo Disponível
2026-07-01;048833;PCH.PH.MG.048833-0;Engenho de Cima;-20,08;-46,35;13;26;48500.003649/2023-72;Engenho de Cima;13,700;Samburá;2.074;15/07/2025;2032-07-15 00:00:00;Ágape Holding de Participações e Investimentos Ltda - 10339327000146; -; -;;;;40;Alto Sao Francisco, ate Tres Marias;2026-06-30 09:43:52.357000000;26;MG;Minas Gerais;13;DRS-PCH
2026-07-01;048834;PCH.PH.MG.048834-8;São Tiago;-20,24;-46,20;11;26;48500.038837/2025-83;São Tiago;9,000;Rio Samburá;433;19/02/2026;2027-04-19 00:00:00;Nascente Renováveis Ltda - 63636316000194; -; -;;;;40;Alto Sao Francisco, ate Tres Marias;2026-06-30 09:43:52.357000000;26;MG;Minas Gerais;11;DRI-PCH
2026-07-01;048838;PCH.PH.PR.048838-0;Açungui 2A;-24,92;-49,48;15;39;48500.001045/2009-33;Açungui 2A;5,100;Açungui;2.546;14/08/2012;; -; -; -;;;;81;Ribeira do Iguape;2026-06-30 09:43:52.357000000;39;PR;Paraná;15;Eixo Disponível
2026-07-01;048839;PCH.PH.BA.048839-9;Água Azul;-15,56;-39,75;13;10;48500.003707/2021-04;Água Azul;19,500;Pardo;1.620;05/06/2023;2031-06-05 00:00:00;PCH Água Azul Energética SPE Ltda - 48788135000190; -; -;;;;53;Pardo, Cachoeira e outros;2026-06-30 09:43:52.357000000;10;BA;Bahia;13;DRS-PCH
2026-07-01;048840;PCH.PH.PR.048840-2;Água Espraiada;-23,96;-53,25;15;39;48500.003874/2001-03;Água Espraiada;7,400;Goio-Erê;321;04/06/2002;; -; -; -;;;;64;Parana, Paranapanema, Amambai e outros;2026-06-30 09:43:52.357000000;39;PR;Paraná;15;Eixo Disponível
2026-07-01;048841;PCH.PH.GO.048841-0;Água Limpa II;-19,03;-51,26;15;18;48500.002812/2009-21;Água Limpa II;11,200;Corrente;4.248;16/12/2013;; -; -; -;;;;60;Paranaiba;2026-06-30 09:43:52.357000000;18;GO;Goiás;15;Eixo Disponível
2026-07-01;048842;PCH.PH.PR.048842-9;Água Nova;-24,02;-52,77;15;39;48500.003874/2001-03;Água Nova;7,400;Goio-Erê;321;04/06/2002;; -; -; -;;;;64;Parana, Paranapanema, Amambai e outros;2026-06-30 09:43:52.357000000;39;PR;Paraná;15;Eixo Disponível
2026-07-01;048843;PCH.PH.GO.048843-7;Areias;-17,11;-49,12;15;18;48500.001485/2009-91;Areias;7,500;Meia Ponte;2.698;14/09/2010;; -; -; -;;;;60;Paranaiba;2026-06-30 09:43:52.357000000;18;GO;Goiás;15;Eixo Disponível
2026-07-01;048844;PCH.PH.PR.048844-5;Arraial;-25,75;-48,93;15;39;48500.006245/2001-36;Arraial;5,400;Arraial;219;22/04/2003;; -; -; -;;;;82;Cachoeira, Sao Joao e outros;2026-06-30 09:43:52.357000000;39;PR;Paraná;15;Eixo Disponível
2026-07-01;048845;PCH.PH.MG.048845-3;Astolfo Dutra;-21,31;-42,84;15;26;48500.002445/2003-45;Astolfo Dutra;6,000;Pomba;1854;02/05/2011;; -; -; -;;;;58;Paraiba do Sul;2026-06-30 09:43:52.357000000;26;MG;Minas Gerais;15;Eixo Disponível
2026-07-01;048847;PCH.PH.MG.048847-0;Bocaina;-15,41;-46,19;15;26;48500.001334/2000-04;Bocaina;14,000;Piratinga;720;14/11/2002;; -; -; -;;;;43;Urucuia - Sao Francisco;2026-06-30 09:43:52.357000000;26;MG;Minas Gerais;15;Eixo Disponível
2026-07-01;048848;PCH.PH.MG.048848-8;Bombas;-18,52;-45,80;15;26;48500.002931/1999-13;Bombas;14,500;Abaeté;340;10/06/2003;; -; -; -;;;;41;Das Velhas - Sao Francisco;2026-06-30 09:43:52.357000000;26;MG;Minas Gerais;15;Eixo Disponível
2026-07-01;048849;PCH.PH.MG.048849-6;Bonito;-15,31;-46,21;15;26;48500.001334/2000-04;Bonito;9,900;Piratinga;720;14/11/2002;; -; -; -;;;;43;Urucuia - Sao Francisco;2026-06-30 09:43:52.357000000;26;MG;Minas Gerais;15;Eixo Disponível
2026-07-01;048850;PCH.PH.MG.048850-0;Bugres;-18,91;-49,59;15;26;48500.003871/2001-15;Bugres;18,600;Tijuco;950;12/05/2006;; -; -; -;;;;60;Paranaiba;2026-06-30 09:43:52.357000000;26;MG;Minas Gerais;15;Eixo Disponível
2026-07-01;048851;PCH.PH.MG.048851-8;Cabo Verde;-21,56;-46,34;15;26;48500.001685/2001-51;Cabo Verde;10,000;do Peixe;678;06/11/2002;; -; -; -;;;;61;Grande;2026-06-30 09:43:52.357000000;26;MG;Minas Gerais;15;Eixo Disponível
2026-07-01;048852;PCH.PH.MG.048852-6;Cachoeira do Gambá;-18,86;-49,74;15;26;48500.003871/2001-15;Cachoeira do Gambá;15,900;Tijuco;950;12/05/2006;; -; -; -;;;;60;Paranaiba;2026-06-30 09:43:52.357000000;26;MG;Minas Gerais;15;Eixo Disponível
2026-07-01;048853;PCH.PH.GO.048853-4;Cachoeira do São Francisco;-18,42;-50,36;13;18;48500.006400/2021-57;Cachoeira do São Francisco;5,500;São Francisco;988;17/04/2023;2031-04-17 00:00:00;Participa Empreendimentos Imobiliário e Participações Ltda - 55886725000110; -; -;;;;62;Parana, Tiete e outros;2026-06-30 09:43:52.357000000;18;GO;Goiás;13;DRS-PCH
2026-07-01;048854;PCH.PH.GO.048854-2;Caldas Alto;-16,89;-49,13;15;18;48500.001485/2009-91;Caldas Alto;12,000;Meia Ponte;2.698;14/09/2010;; -; -; -;;;;60;Paranaiba;2026-06-30 09:43:52.357000000;18;GO;Goiás;15;Eixo Disponível
2026-07-01;048855;PCH.PH.MG.048855-0;Campos do Jordão;-22,67;-45,48;15;26;48500.002811/2009-87;Campos do Jordão;6,900;Sapucaí;1231;17/04/2014;; -; -; -;;;;61;Grande;2026-06-30 09:43:52.357000000;26;MG;Minas Gerais;15;Eixo Disponível
2026-07-01;048857;PCH.PH.GO.048857-7;Capoeira;-15,73;-49,90;15;18;48500.001881/2001-90;Capoeira;13,000;Rio Uru;412;18/05/2004;; -; -; -;;;;21;Tocantins, entre os rios Preto e Parana;2026-06-30 09:43:52.357000000;18;GO;Goiás;15;Eixo Disponível
2026-07-01;048858;PCH.PH.GO.048858-5;Casado;-18,04;-51,66;15;18;48500.005994/2006-32;Casado;9,300;Claro;2847;12/07/2011;; -; -; -;;;;60;Paranaiba;2026-06-30 09:43:52.357000000;18;GO;Goiás;15;Eixo Disponível
2026-07-01;048859;PCH.PH.MG.048859-3;Cataguases;-21,39;-42,72;15;26;48500.002445/2003-45;Cataguases;10,500;Pomba;1854;02/05/2011;; -; -; -;;;;58;Paraiba do Sul;2026-06-30 09:43:52.357000000;26;MG;Minas Gerais;15;Eixo Disponível
2026-07-01;048860;PCH.PH.MG.048860-7;Caxuana II;-19,24;-47,80;15;26;48500.006318/2001-16;Caxuana II;5,300;Claro;556;06/09/2002;; -; -; -;;;;60;Paranaiba;2026-06-30 09:43:52.357000000;26;MG;Minas Gerais;15;Eixo Disponível
2026-07-01;048862;PCH.PH.MG.048862-3;Serrinha;-21,88;-43,49;15;26;48500.004104/2002-14;Serrinha;5,200;Rio do Peixe;447;11/04/2005;; -; -; -;;;;58;Paraiba do Sul;2026-06-30 09:43:52.357000000;26;MG;Minas Gerais;15;Eixo Disponível
2026-07-01;048864;UHE.PH.GO.048864-0;Serra Grande;-15,42;-48,56;15;18;48500.001881/2001-90;Serra Grande;9,000;Rio Verde;412;18/05/2004;; -; -; -;;;;21;Tocantins, entre os rios Preto e Parana;2026-06-30 09:43:52.357000000;18;GO;Goiás;15;Eixo Disponível
2026-07-01;048865;PCH.PH.GO.048865-8;Heitoraí;-15,65;-49,73;15;18;48500.001881/2001-90;Heitoraí;9,300;Rio Uru;412;18/05/2004;; -; -; -;;;;21;Tocantins, entre os rios Preto e Parana;2026-06-30 09:43:52.357000000;18;GO;Goiás;15;Eixo Disponível
2026-07-01;048866;PCH.PH.GO.048866-6;Rialcema;-15,22;-49,51;15;18;48500.001881/2001-90;Rialcema;12,000;Rio do Peixe;412;18/05/2004;; -; -; -;;;;21;Tocantins, entre os rios Preto e Parana;2026-06-30 09:43:52.357000000;18;GO;Goiás;15;Eixo Disponível
2026-07-01;048867;PCH.PH.GO.048867-4;Guariba;-15,33;-49,31;15;18;48500.001881/2001-90;Guariba;10,500;Rio do Peixe;412;18/05/2004;; -; -; -;;;;21;Tocantins, entre os rios Preto e Parana;2026-06-30 09:43:52.357000000;18;GO;Goiás;15;Eixo Disponível
2026-07-01;048868;UHE.PH.GO.048868-2;Serra Azul;-17,87;-52,33;15;18;48500.002127/2006-72;Serra Azul;37,910;Verde;809;28/02/2011;; -; -; -;;;;60;Paranaiba;2026-06-30 09:43:52.357000000;18;GO;Goiás;15;Eixo Disponível
2026-07-01;048869;UHE.PH.GO.048869-0;Floresta;-18,19;-52,09;15;18;48500.002127/2006-72;Floresta;37,790;Verde;809;28/02/2011;; -; -; -;;;;60;Paranaiba;2026-06-30 09:43:52.357000000;18;GO;Goiás;15;Eixo Disponível
2026-07-01;048872;PCH.PH.MG.048872-0;Da Vertente;-19,10;-48,85;11;26;48500.003871/2001-15;Da Vertente;10,800;Tijuco;1.508;06/05/2026;2027-07-06 00:00:00;NB Energy Participações Ltda. - 57202090000110; -; -;;;;60;Paranaiba;2026-06-30 09:43:52.357000000;26;MG;Minas Gerais;11;DRI-PCH
2026-07-01;048873;PCH.PH.MG.048873-9;Dona Eusébia;-21,34;-42,78;13;26;48500.005096/2021-21;Dona Eusébia;16,000;Pomba;629;14/03/2023;2031-03-14 00:00:00;Ágape Holding de Participações e Investimentos Ltda. - 10339327000146; -; -;;;;58;Paraiba do Sul;2026-06-30 09:43:52.357000000;26;MG;Minas Gerais;13;DRS-PCH
2026-07-01;048874;PCH.PH.MG.048874-7;Fábio Botelho Notini;-20,61;-44,47;13;26;48500.006471/2022-31;Fábio Botelho Notini;6,000;Pará;2.765;13/09/2024;2032-09-13 00:00:00;Total Energy Participações Ltda. - 45564034000147;Flor de Lótus Participações Ltda. - 36922134000107; -;;;;40;Alto Sao Francisco, ate Tres Marias;2026-06-30 09:43:52.357000000;26;MG;Minas Gerais;13;DRS-PCH
2026-07-01;048875;PCH.PH.GO.048875-5;Foz do Verdão;-18,02;-50,29;13;18;48500.002690/2021-60;Foz do Verdão;24,000;Verde;2.464;08/08/2023;2031-08-08 00:00:00;Munapar Participações Societárias Ltda. - 38129729000135;Paulo Victor Azevedo Viana - 11362834637; -;;;;60;Paranaiba;2026-06-30 09:43:52.357000000;18;GO;Goiás;13;DRS-PCH
2026-07-01;048876;UHE.PH.GO.048876-3;Foz dos Bois;-18,22;-50,13;15;18;48500.004252/2010-83;Foz dos Bois;47,500;Rio dos Bois;4.363;10/11/2014;; -; -; -;;;;60;Paranaiba;2026-06-30 09:43:52.357000000;18;GO;Goiás;15;Eixo Disponível
2026-07-01;048877;PCH.PH.MG.048877-1;Gabiru;-22,53;-45,40;15;26;48500.002811/2009-87;Gabiru;5,300;Sapucaí;1231;17/04/2014;; -; -; -;;;;61;Grande;2026-06-30 09:43:52.357000000;26;MG;Minas Gerais;15;Eixo Disponível
2026-07-01;048878;PCH.PH.MG.048878-0;Gentio;-18,64;-45,87;15;26;48500.002931/1999-13;Gentio;9,300;Abaeté;340;10/06/2003;; -; -; -;;;;41;Das Velhas - Sao Francisco;2026-06-30 09:43:52.357000000;26;MG;Minas Gerais;15;Eixo Disponível
2026-07-01;048879;PCH.PH.MG.048879-8;Gonçalo;-15,56;-46,20;15;26;48500.001334/2000-04;Gonçalo;9,400;Piratinga;720;14/11/2002;; -; -; -;;;;43;Urucuia - Sao Francisco;2026-06-30 09:43:52.357000000;26;MG;Minas Gerais;15;Eixo Disponível
2026-07-01;048880;PCH.PH.PR.048880-1;Guaratuba;-25,78;-48,87;15;39;48500.006245/2001-36;Guaratuba;9,200;Arraial;219;22/04/2003;; -; -; -;;;;82;Cachoeira, Sao Joao e outros;2026-06-30 09:43:52.357000000;39;PR;Paraná;15;Eixo Disponível
2026-07-01;048881;PCH.PH.MG.048881-0;Horto;-22,65;-45,48;15;26;48500.002811/2009-87;Horto;9,000;Sapucaí;1231;17/04/2014;; -; -; -;;;;61;Grande;2026-06-30 09:43:52.357000000;26;MG;Minas Gerais;15;Eixo Disponível
2026-07-01;048883;PCH.PH.PR.048883-6;Itararé II;-24,12;-49,36;15;40;48500.001819/2012-21;Itararé II;5,120;Itararé;3199;20/08/2014;; -; -; -;;;;64;Parana, Paranapanema, Amambai e outros;2026-06-30 09:43:52.357000000;40;PR/SP;Paraná / São Paulo;15;Eixo Disponível
2026-07-01;048884;PCH.PH.GO.048884-4;Jacaré;-17,92;-49,46;15;18;48500.001485/2009-91;Jacaré;10,000;Meia Ponte;2698;14/09/2010;; -; -; -;;;;60;Paranaiba;2026-06-30 09:43:52.357000000;18;GO;Goiás;15;Eixo Disponível
2026-07-01;048885;PCH.PH.PR.048885-2;Prof. Hélio Naumann (Antiga Japonesa);-22,79;-52,09;13;39;48500.006547/2022-28;Prof. Hélio Naumann (Antiga Japonesa);10,000;Rio Pirapó;242;29/01/2024;2032-01-29 00:00:00;Rio Pirapó Geração de Energia Ltda - 62206034000194; -; -;;;;64;Parana, Paranapanema, Amambai e outros;2026-06-30 09:43:52.357000000;39;PR;Paraná;13;DRS-PCH
2026-07-01;048888;PCH.PH.PR.048888-7;Jaquatirica;-25,80;-48,83;15;39;48500.006245/2001-36;Jaquatirica;13,800;Cubatão;219;22/04/2003;; -; -; -;;;;82;Cachoeira, Sao Joao e outros;2026-06-30 09:43:52.357000000;39;PR;Paraná;15;Eixo Disponível
2026-07-01;048889;UHE.PH.MG.048889-5;Jenipapo;-16,63;-41,85;15;26;48500.001126/2006-74;Jenipapo;96,130;Jequitinhonha;4280;03/11/2011;; -; -; -;;;;54;Jequitinhonha;2026-06-30 09:43:52.357000000;26;MG;Minas Gerais;15;Eixo Disponível
2026-07-01;048904;PCH.PH.RS.048904-2;São Xavier;-29,18;-54,33;15;46;48500.000127/2007-82;São Xavier;6,000;Jaguari;1.004;03/03/2011;; -; -; -;;;;76;Ibicui;2026-06-30 09:43:52.357000000;46;RS;Rio Grande do Sul;15;Eixo Disponível
2026-07-01;048923;PCH.PH.RS.048923-9;Ressaca;,00;,00;15;46;48100.003367/1995-27;Ressaca;30,000;Rio Ijuí;892;01/11/2001;; -; -; -;;;;75;Uruguai, Ijui, piratinim e outros;2026-06-30 09:43:52.357000000;46;RS;Rio Grande do Sul;15;Eixo Disponível
2026-07-01;048924;PCH.PH.RS.048924-7;Barra;,00;,00;15;46;48100.003367/1995-27;Barra;6,500;Rio Ijuí;892;01/11/2001;; -; -; -;;;;75;Uruguai, Ijui, piratinim e outros;2026-06-30 09:43:52.357000000;46;RS;Rio Grande do Sul;15;Eixo Disponível
2026-07-01;048925;PCH.PH.RS.048925-5;Palmeiras;,00;,00;15;46;48100.003367/1995-27;Palmeiras;7,000;Rio Palmeira;892;01/11/2001;; -; -; -;;;;75;Uruguai, Ijui, piratinim e outros;2026-06-30 09:43:52.357000000;46;RS;Rio Grande do Sul;15;Eixo Disponível
2026-07-01;048926;PCH.PH.RS.048926-3;Andorinhas II;,00;,00;15;46;48100.003367/1995-27;Andorinhas II;5,500;Potiribú;892;01/11/2001;; -; -; -;;;;75;Uruguai, Ijui, piratinim e outros;2026-06-30 09:43:52.357000000;46;RS;Rio Grande do Sul;15;Eixo Disponível
2026-07-01;048927;PCH.PH.RS.048927-1;Rincão de Porto Alegre;,00;,00;15;46;48100.003367/1995-27;Rincão de Porto Alegre;8,000;Rio Ijuizinho;892;01/11/2001;; -; -; -;;;;75;Uruguai, Ijui, piratinim e outros;2026-06-30 09:43:52.357000000;46;RS;Rio Grande do Sul;15;Eixo Disponível
2026-07-01;048928;PCH.PH.RS.048928-0;Passo da Cruz;,00;,00;15;46;48100.003367/1995-27;Passo da Cruz;6,800;Rio Conceição;892;01/11/2001;; -; -; -;;;;75;Uruguai, Ijui, piratinim e outros;2026-06-30 09:43:52.357000000;46;RS;Rio Grande do Sul;15;Eixo Disponível
2026-07-01;048929;PCH.PH.RS.048929-8;Bonito;,00;,00;15;46;48100.003367/1995-27;Bonito;18,000;Rio Piratinim;892;01/11/2001;; -; -; -;;;;75;Uruguai, Ijui, piratinim e outros;2026-06-30 09:43:52.357000000;46;RS;Rio Grande do Sul;15;Eixo Disponível
2026-07-01;048930;PCH.PH.RS.048930-1;Rio Jaguassango;,00;,00;15;46;48100.003367/1995-27;Rio Jaguassango;15,000;Rio Piratinim;892;01/11/2001;; -; -; -;;;;75;Uruguai, Ijui, piratinim e outros;2026-06-30 09:43:52.357000000;46;RS;Rio Grande do Sul;15;Eixo Disponível
2026-07-01;048931;PCH.PH.RS.048931-0;Campestre;,00;,00;15;46;48100.003367/1995-27;Campestre;13,500;Rio Piratinim;892;01/11/2001;; -; -; -;;;;75;Uruguai, Ijui, piratinim e outros;2026-06-30 09:43:52.357000000;46;RS;Rio Grande do Sul;15;Eixo Disponível
2026-07-01;048932;PCH.PH.RS.048932-8;Piratinim;,00;,00;15;46;48100.003367/1995-27;Piratinim;5,500;Rio Piratinim;892;01/11/2001;; -; -; -;;;;75;Uruguai, Ijui, piratinim e outros;2026-06-30 09:43:52.357000000;46;RS;Rio Grande do Sul;15;Eixo Disponível
2026-07-01;048933;PCH.PH.RS.048933-6;Rio Inhacapetum;,00;,00;15;46;48100.003367/1995-27;Rio Inhacapetum;5,500;Rio Inhacapetum;892;01/11/2001;; -; -; -;;;;75;Uruguai, Ijui, piratinim e outros;2026-06-30 09:43:52.357000000;46;RS;Rio Grande do Sul;15;Eixo Disponível
2026-07-01;048934;PCH.PH.RS.048934-4;Passo Novo;-28,68;-55,57;15;46;48100.003367/1995-27;Passo Novo;7,000;Rio Icamaquã;892;01/11/2001;; -; -; -;;;;75;Uruguai, Ijui, piratinim e outros;2026-06-30 09:43:52.357000000;46;RS;Rio Grande do Sul;15;Eixo Disponível
2026-07-01;048935;PCH.PH.RS.048935-2;Bom Sossego;,00;,00;15;46;48100.003367/1995-27;Bom Sossego;6,500;Rio Icamaquã;892;01/11/2001;; -; -; -;;;;75;Uruguai, Ijui, piratinim e outros;2026-06-30 09:43:52.357000000;46;RS;Rio Grande do Sul;15;Eixo Disponível
2026-07-01;048936;PCH.PH.MG.048936-0;Jequitaí I;-17,27;-44,38;15;26;48500.001200/2005-44;Jequitaí I;8,250;Jequitaí;324;21/02/2006;; -; -; -;;;;66;Alto Paraguai;2026-06-30 09:43:52.357000000;26;MG;Minas Gerais;15;Eixo Disponível
2026-07-01;048937;PCH.PH.MG.048937-9;Jequitaí II;-17,25;-44,42;15;26;48500.001200/2005-44;Jequitaí II;12,400;Rio Jequitaí;324;21/02/2006;; -; -; -;;;;66;Alto Paraguai;2026-06-30 09:43:52.357000000;26;MG;Minas Gerais;15;Eixo Disponível
2026-07-01;048939;PCH.PH.GO.048939-5;Luziânia;-16,26;-47,79;15;18;48500.003093/2007-02;Luziânia;8,500;Rio São Bartolomeu;2018;19/06/2012;; -; -; -;;;;60;Paranaiba;2026-06-30 09:43:52.357000000;18;GO;Goiás;15;Eixo Disponível
2026-07-01;048940;PCH.PH.MG.048940-9;Martins Alto;-18,81;-48,39;15;26;48500.004106/2001-69;Martins Alto;28,500;Uberabinha;654;23/09/2003;; -; -; -;;;;60;Paranaiba;2026-06-30 09:43:52.357000000;26;MG;Minas Gerais;15;Eixo Disponível
2026-07-01;048941;PCH.PH.PR.048941-7;Matão;-25,72;-51,22;15;39;48500.004995/2000-74;Matão;5,500;da Areia;333;06/06/2002;; -; -; -;;;;65;Parana, Iguacu;2026-06-30 09:43:52.357000000;39;PR;Paraná;15;Eixo Disponível
2026-07-01;048942;PCH.PH.GO.048942-5;Maurilândia;-17,96;-50,34;13;18;48500.005855/2022-36;Maurilândia;13,000;Rio Verde;242;29/01/2024;2032-01-29 00:00:00;Alicerce Administradora de Bens Ltda - 40384792000160; -; -;;;;60;Paranaiba;2026-06-30 09:43:52.357000000;18;GO;Goiás;13;DRS-PCH
2026-07-01;048943;PCH.PH.MG.048943-3;Monte Cristo;-21,37;-42,74;11;26;48500.008324/2026-29;Monte Cristo;10,000;Pomba;1.657;19/05/2026;2027-07-19 00:00:00;NB Energy Participações Ltda - 57202090000110; -; -;;;;58;Paraiba do Sul;2026-06-30 09:43:52.357000000;26;MG;Minas Gerais;11;DRI-PCH
2026-07-01;048944;PCH.PH.MG.048944-1;Morro Alto;-19,29;-46,74;15;26;48500.005263/2009-47;Morro Alto;14,700;Quebra Anzol;809;01/04/2014;; -; -; -;;;;60;Paranaiba;2026-06-30 09:43:52.357000000;26;MG;Minas Gerais;15;Eixo Disponível
2026-07-01;048945;PCH.PH.MG.048945-0;Mosquito;-18,82;-49,81;15;26;48500.003871/2001-15;Mosquito;12,300;Tijuco;950;12/05/2006;; -; -; -;;;;60;Paranaiba;2026-06-30 09:43:52.357000000;26;MG;Minas Gerais;15;Eixo Disponível
2026-07-01;048946;PCH.PH.MG.048946-8;Palmital;-15,16;-46,39;11;26;48500.007567/2026-40;Palmital;15,000;Ribeirão Ponte Grande;1.692;19/05/2026;2027-07-19 00:00:00;NB Energy Participações Ltda - 57202090000110; -; -;;;;43;Urucuia - Sao Francisco;2026-06-30 09:43:52.357000000;26;MG;Minas Gerais;11;DRI-PCH
2026-07-01;048947;PCH.PH.PR.048947-6;Palmito;-25,73;-48,94;15;39;48500.006245/2001-36;Palmito;6,000;Arraial e São João;219;22/04/2003;; -; -; -;;;;82;Cachoeira, Sao Joao e outros;2026-06-30 09:43:52.357000000;39;PR;Paraná;15;Eixo Disponível
2026-07-01;048948;PCH.PH.GO.048948-4;São Thomaz 4;-17,86;-50,62;13;18;48500.004385/2021-11;São Thomaz 4;5,500;São Tomás;2.678;03/08/2023;2031-08-03 00:00:00;PCH São Thomaz 4 Energética SPE Ltda - 48930497000173; -; -;;;;60;Paranaiba;2026-06-30 09:43:52.357000000;18;GO;Goiás;13;DRS-PCH
2026-07-01;048951;PCH.PH.PR.048951-4;Pardinho I;-25,02;-48,59;15;40;48500.000846/2001-53;Pardinho I;7,030;Rio Pardinho;869;18/11/2003;; -; -; -;;;;81;Ribeira do Iguape;2026-06-30 09:43:52.357000000;40;PR/SP;Paraná / São Paulo;15;Eixo Disponível
2026-07-01;048952;PCH.PH.GO.048952-2;Passa Três II;-13,70;-48,06;15;18;48500.002809/2009-16;Passa Três II;17,410;Preto;3794;22/09/2014;; -; -; -;;;;20;Alto Tocantins e rio Preto;2026-06-30 09:43:52.357000000;18;GO;Goiás;15;Eixo Disponível
2026-07-01;048953;PCH.PH.GO.048953-0;Prata III;-13,81;-48,02;15;18;48500.002809/2009-16;Prata III;19,240;Preto;3794;22/09/2014;; -; -; -;;;;20;Alto Tocantins e rio Preto;2026-06-30 09:43:52.357000000;18;GO;Goiás;15;Eixo Disponível
2026-07-01;048954;PCH.PH.BA.048954-9;Larguinha;,00;,00;15;11;48500.003739/1998-82;Larguinha;10,700;Rio Carinhanha;490;25/07/2001;; -; -; -;;;;45;Corrente e outros - Sao Francisco;2026-06-30 09:43:52.357000000;11;BA/MG;Bahia / Minas Gerais;15;Eixo Disponível
2026-07-01;048955;PCH.PH.MG.048955-7;Pirambeira do Capivari;-21,35;-44,88;15;26;48500.003637/2009-90;Pirambeira do Capivari;5,980;Capivari;1.826;09/06/2015;; -; -; -;;;;61;Grande;2026-06-30 09:43:52.357000000;26;MG;Minas Gerais;15;Eixo Disponível
2026-07-01;048956;PCH.PH.MG.048956-5;Pirapitanga Baixo;-18,94;-49,48;11;26;48500.004141/2024-72;Pirapitanga Baixo;11,200;Rio Tijuco;3.892;30/12/2024;2026-02-28 00:00:00;C-Nível Energias Renováveis Ltda - 16456838000124; -; -;;;;60;Paranaiba;2026-06-30 09:43:52.357000000;26;MG;Minas Gerais;11;DRI-PCH
2026-07-01;048957;PCH.PH.GO.048957-3;Pontal;-17,01;-49,08;15;18;48500.001485/2009-91;Pontal;12,000;Meia Ponte;2698;14/09/2010;; -; -; -;;;;60;Paranaiba;2026-06-30 09:43:52.357000000;18;GO;Goiás;15;Eixo Disponível
2026-07-01;048958;PCH.PH.MG.048958-1;Prata;-19,82;-47,24;15;26;48500.005658/2012-45;Prata;5,200;Araguari;3006;29/08/2013;; -; -; -;;;;60;Paranaiba;2026-06-30 09:43:52.357000000;26;MG;Minas Gerais;15;Eixo Disponível
2026-07-01;048959;PCH.PH.PR.048959-0;Quati;-25,81;-48,88;15;39;48500.006245/2001-36;Quati;15,000;São João;219;22/04/2003;; -; -; -;;;;82;Cachoeira, Sao Joao e outros;2026-06-30 09:43:52.357000000;39;PR;Paraná;15;Eixo Disponível
2026-07-01;048960;PCH.PH.MG.048960-3;Quebra Anzol;-19,37;-46,65;15;26;48500.005263/2009-47;Quebra Anzol;11,600;Quebra Anzol;809;01/04/2014;; -; -; -;;;;60;Paranaiba;2026-06-30 09:43:52.357000000;26;MG;Minas Gerais;15;Eixo Disponível
2026-07-01;048961;PCH.PH.GO.048961-1;Ranchinho II;-18,91;-51,41;15;18;48500.002812/2009-21;Ranchinho II;8,400;Corrente;4.248;16/12/2013;; -; -; -;;;;60;Paranaiba;2026-06-30 09:43:52.357000000;18;GO;Goiás;15;Eixo Disponível
2026-07-01;048962;PCH.PH.GO.048962-0;Retirinho;-18,55;-50,27;15;18;48500.001627/2007-41;Retirinho;7,250;São Francisco;2127;23/05/2011;; -; -; -;;;;62;Parana, Tiete e outros;2026-06-30 09:43:52.357000000;18;GO;Goiás;15;Eixo Disponível
2026-07-01;048963;PCH.PH.MG.048963-8;São José;-20,17;-44,80;11;26;48500.038361/2025-81;São José;7,200;Pará;245;30/01/2026;2027-03-30 00:00:00;Nascente Renováveis Ltda - 63636316000194; -; -;;;;40;Alto Sao Francisco, ate Tres Marias;2026-06-30 09:43:52.357000000;26;MG;Minas Gerais;11;DRI-PCH
2026-07-01;048964;PCH.PH.SP.048964-6;São José;-22,06;-48,10;13;50;48500.005764/2021-10;São José;7,000;Jacaré Guaçu;3.047;25/08/2023;2031-08-25 00:00:00;Dimetal - Distribuidora de Produtos Metalúrgicos Ltda. - 50607050000100; -; -;;;;62;Parana, Tiete e outros;2026-06-30 09:43:52.357000000;50;SP;São Paulo;13;DRS-PCH
2026-07-01;048965;PCH.PH.SP.048965-4;São João;-23,16;-47,80;15;50;48500.003549/2001-14;São João;9,600;Sorocaba;823;04/11/2003;; -; -; -;;;;62;Parana, Tiete e outros;2026-06-30 09:43:52.357000000;50;SP;São Paulo;15;Eixo Disponível
2026-07-01;048966;PCH.PH.MG.048966-2;Rio Claro;-19,22;-47,81;15;26;48500.006318/2001-16;Rio Claro;21,000;Claro;556;06/09/2002;; -; -; -;;;;60;Paranaiba;2026-06-30 09:43:52.357000000;26;MG;Minas Gerais;15;Eixo Disponível
2026-07-01;048967;PCH.PH.GO.048967-0;Rochedo II;-17,44;-49,23;15;18;48500.001485/2009-91;Rochedo II;11,500;Meia Ponte;2698;14/09/2010;; -; -; -;;;;60;Paranaiba;2026-06-30 09:43:52.357000000;18;GO;Goiás;15;Eixo Disponível
2026-07-01;048968;PCH.PH.GO.048968-9;Saltador Alto;-17,29;-49,18;15;18;48500.001485/2009-91;Saltador Alto;17,000;Meia Ponte;2698;14/09/2010;; -; -; -;;;;60;Paranaiba;2026-06-30 09:43:52.357000000;18;GO;Goiás;15;Eixo Disponível
2026-07-01;048969;PCH.PH.MT.048969-7;Samambaia;-15,37;-53,52;13;32;48500.002692/2021-59;Samambaia;20,000;das Mortes;88;16/01/2023;2031-01-16 00:00:00;Malibu Não Tecidos Ltda - 38174180000109; -; -;;;;26;Araguaia, trecho da ilha Bananal;2026-06-30 09:43:52.357000000;32;MT;Mato Grosso;13;DRS-PCH
2026-07-01;048970;UHE.PH.GO.048970-0;Santa Barbara;-18,13;-50,19;15;18;48500.004252/2010-83;Santa Barbara;48,500;dos Bois;4.363;10/11/2014;; -; -; -;;;;60;Paranaiba;2026-06-30 09:43:52.357000000;18;GO;Goiás;15;Eixo Disponível
2026-07-01;048971;PCH.PH.MT.048971-9;Barra do Ariranha;-17,98;-53,80;15;32;48500.001026/2004-68;Barra do Ariranha;13,000;Taquari;411;18/05/2004;; -; -; -;;;;66;Alto Paraguai;2026-06-30 09:43:52.357000000;32;MT;Mato Grosso;15;Eixo Disponível
2026-07-01;048972;PCH.PH.SC.048972-7;Bonet;-26,57;-50,59;15;48;48500.001722/2003-48;Bonet;5,200;Tamanduá;2614;09/11/2006;; -; -; -;;;;65;Parana, Iguacu;2026-06-30 09:43:52.357000000;48;SC;Santa Catarina;15;Eixo Disponível
2026-07-01;048973;PCH.PH.TO.048973-5;Bonsucesso;-12,63;-46,68;15;51;48500.003643/2009-47;Bonsucesso;5,600;Palma;4.000;18/12/2012;; -; -; -;;;;21;Tocantins, entre os rios Preto e Parana;2026-06-30 09:43:52.357000000;51;TO;Tocantins;15;Eixo Disponível
2026-07-01;048974;PCH.PH.TO.048974-3;Brejão Jusante;-10,10;-47,05;15;51;48500.006277/2011-01;Brejão Jusante;19,700;do Sono;810;01/04/2014;; -; -; -;;;;22;Tocantins, entre os rios Parana e do Sono;2026-06-30 09:43:52.357000000;51;TO;Tocantins;15;Eixo Disponível
2026-07-01;048975;PCH.PH.MT.048975-1;Cabaçal 2;-15,28;-58,27;15;32;48500.001787/2016-98;Cabaçal 2;10,500;Cabaçal;3.200;20/08/2014;; -; -; -;;;;66;Alto Paraguai;2026-06-30 09:43:52.357000000;32;MT;Mato Grosso;15;Eixo Disponível
2026-07-01;048976;PCH.PH.SC.048976-0;Foz do Hercílio;-27,08;-49,49;15;48;48500.001700/2006-58;Foz do Hercílio;9,160;Itajaí-Açu;2.055;21/06/2012;; -; -; -;;;;83;Itajai;2026-06-30 09:43:52.357000000;48;SC;Santa Catarina;15;Eixo Disponível
2026-07-01;048977;PCH.PH.SP.048977-8;Peixe 3;-21,74;-51,44;15;50;48500.006121/2008-16;Peixe 3;9,900;do Peixe;1.471;14/05/2014;; -; -; -;;;;63;Parana, Verde , Peixe, e outros;2026-06-30 09:43:52.357000000;50;SP;São Paulo;15;Eixo Disponível
2026-07-01;048978;PCH.PH.SP.048978-6;Peixe 1;-21,63;-51,69;15;50;48500.006121/2008-16;Peixe 1;15,800;do Peixe;1.471;14/05/2014;; -; -; -;;;;63;Parana, Verde , Peixe, e outros;2026-06-30 09:43:52.357000000;50;SP;São Paulo;15;Eixo Disponível
2026-07-01;048979;PCH.PH.SP.048979-4;Peixe 4;-21,75;-51,22;15;50;48500.006121/2008-16;Peixe 4;11,800;do Peixe;1.471;14/05/2014;; -; -; -;;;;63;Parana, Verde , Peixe, e outros;2026-06-30 09:43:52.357000000;50;SP;São Paulo;15;Eixo Disponível
2026-07-01;048980;PCH.PH.SP.048980-8;Peixe 5;-21,89;-51,10;15;50;48500.006121/2008-16;Peixe 5;5,500;do Peixe;1.471;14/05/2014;; -; -; -;;;;63;Parana, Verde , Peixe, e outros;2026-06-30 09:43:52.357000000;50;SP;São Paulo;15;Eixo Disponível
2026-07-01;048981;PCH.PH.SP.048981-6;Peixe 6;-21,96;-50,91;15;50;48500.006121/2008-16;Peixe 6;7,900;do Peixe;1.471;14/05/2014;; -; -; -;;;;63;Parana, Verde , Peixe, e outros;2026-06-30 09:43:52.357000000;50;SP;São Paulo;15;Eixo Disponível
2026-07-01;048982;PCH.PH.SP.048982-4;Peixe 8;-22,06;-50,61;15;50;48500.006121/2008-16;Peixe 8;7,100;do Peixe;1.471;14/05/2014;; -; -; -;;;;63;Parana, Verde , Peixe, e outros;2026-06-30 09:43:52.357000000;50;SP;São Paulo;15;Eixo Disponível
2026-07-01;048983;PCH.PH.GO.048983-2;São Domingos III;,00;,00;15;18;48500.002909/2000-61;São Domingos III;16,000;São Domingos;120;13/03/2001;; -; -; -;;;;21;Tocantins, entre os rios Preto e Parana;2026-06-30 09:43:52.357000000;18;GO;Goiás;15;Eixo Disponível
2026-07-01;048987;PCH.PH.RS.048987-5;Chapada;-28,03;-53,05;15;46;48500.005533/2002-36;Chapada;7,500;da Várzea;964;11/12/2003;; -; -; -;;;;74;Uruguai, Varzea, Turvo e outros;2026-06-30 09:43:52.357000000;46;RS;Rio Grande do Sul;15;Eixo Disponível
2026-07-01;048988;PCH.PH.MT.048988-3;Córrego Fundo;-15,20;-54,07;11;32;48500.003004/2023-30;Córrego Fundo;5,400;Cumbuco;2.330  (Comunicado nº 29/2025);13/07/2023;;Hidroelétrica Geóloga Lucimar Gomes Ltda - 22134516000161; -; -;;;;26;Araguaia, trecho da ilha Bananal;2026-06-30 09:43:52.357000000;32;MT;Mato Grosso;11;DRI-PCH
2026-07-01;048989;PCH.PH.BA.048989-1;Córrego Grande;-17,25;-39,78;15;10;48500.000511/2002-16;Córrego Grande;5,700;Jucuruçu do Sul;569;18/09/2002;; -; -; -;;;;55;Sao mateus, Itanhem e outros;2026-06-30 09:43:52.357000000;10;BA;Bahia;15;Eixo Disponível
2026-07-01;048990;PCH.PH.MT.048990-5;Couro de Porco;-15,35;-53,65;15;32;48500.002942/2009-64;Couro de Porco;22,900;das Mortes;4.899;23/12/2014;; -; -; -;;;;26;Araguaia, trecho da ilha Bananal;2026-06-30 09:43:52.357000000;32;MT;Mato Grosso;15;Eixo Disponível
2026-07-01;048991;PCH.PH.MA.048991-3;Engenho;-5,77;-45,60;15;22;48500.001881/2001-90;Engenho;12,200;Mearim;924;02/12/2003;; -; -; -;;;;33;Pindare, Itapecuru, Mearim e outros;2026-06-30 09:43:52.357000000;22;MA;Maranhão;15;Eixo Disponível
2026-07-01;048992;PCH.PH.MS.048992-1;Entre Rios;-19,38;-54,21;15;30;48500.001683/2001-26;Entre Rios;8,000;Coxim;006;13/01/2003;; -; -; -;;;;66;Alto Paraguai;2026-06-30 09:43:52.357000000;30;MS;Mato Grosso do Sul;15;Eixo Disponível
2026-07-01;048993;PCH.PH.RS.048993-0;Erexim B;-27,60;-52,65;15;46;48500.003936/2006-65;Erexim B;7,650;Erexim;1.583;14/04/2011;; -; -; -;;;;73;Uruguai, Chapeco,Passo Fundo e outros;2026-06-30 09:43:52.357000000;46;RS;Rio Grande do Sul;15;Eixo Disponível
2026-07-01;048994;PCH.PH.RS.048994-8;Erexim D;-27,69;-52,56;11;46;48500.000261/2026-62;Erexim D;7,340;Erexim;574;23/02/2026;2026-04-23 00:00:00;Nascente Renováveis Ltda - 63636316000194; -; -;;;;73;Uruguai, Chapeco,Passo Fundo e outros;2026-06-30 09:43:52.357000000;46;RS;Rio Grande do Sul;11;DRI-PCH
2026-07-01;048995;PCH.PH.MG.048995-6;Fagundes;-21,17;-45,18;15;26;48500.002378/2001-98;Fagundes;5,400;do Cervo;450;02/08/2002;; -; -; -;;;;61;Grande;2026-06-30 09:43:52.357000000;26;MG;Minas Gerais;15;Eixo Disponível
2026-07-01;048996;PCH.PH.TO.048996-4;Fazenda Sapê;-12,47;-46,86;15;51;48500.003643/2009-47;Fazenda Sapê;9,800;Palma;4.000;18/12/2012;; -; -; -;;;;21;Tocantins, entre os rios Preto e Parana;2026-06-30 09:43:52.357000000;51;TO;Tocantins;15;Eixo Disponível
2026-07-01;048997;PCH.PH.TO.048997-2;Salgado;-12,57;-46,74;15;51;48500.003643/2009-47;Salgado;10,400;Palma;4.000;18/12/2012;; -; -; -;;;;21;Tocantins, entre os rios Preto e Parana;2026-06-30 09:43:52.357000000;51;TO;Tocantins;15;Eixo Disponível
2026-07-01;048998;PCH.PH.MG.048998-0;Formoso 560;-17,86;-46,29;15;26;48500.004138/2007-58;Formoso 560;9,900;da Prata;4.947;27/12/2011;; -; -; -;;;;42;Paracatu e outros - Sao Francisco;2026-06-30 09:43:52.357000000;26;MG;Minas Gerais;15;Eixo Disponível
2026-07-01;048999;PCH.PH.MA.048999-9;Grajaú;-5,84;-46,13;15;22;48500.001881/2001-90;Grajaú;11,400;Grajaú;924;02/12/2003;; -; -; -;;;;33;Pindare, Itapecuru, Mearim e outros;2026-06-30 09:43:52.357000000;22;MA;Maranhão;15;Eixo Disponível
2026-07-01;049018;PCH.PH.ES.049018-0;Nossa Senhora das Graças;,00;,00;15;15;48100.002753/1995-65;Nossa Senhora das Graças;19,000;Itapemirim;77;17/02/2000;; -; -; -;;;;55;Sao mateus, Itanhem e outros;2026-06-30 09:43:52.357000000;15;ES;Espírito Santo;15;Eixo Disponível
2026-07-01;049019;UHE.PH.TO.049019-9;Vermelho;-10,05;-47,39;15;51;48500.006277/2011-01;Vermelho;58,900;Do Sono;810;01/04/2014;; -; -; -;;;;22;Tocantins, entre os rios Parana e do Sono;2026-06-30 09:43:52.357000000;51;TO;Tocantins;15;Eixo Disponível
2026-07-01;049020;UHE.PH.PR.049020-2;União II Montante;-23,71;-52,11;15;39;48500.004844/2009-61;União II Montante;67,800;Ivaí;3898;25/09/2014;; -; -; -;;;;64;Parana, Paranapanema, Amambai e outros;2026-06-30 09:43:52.357000000;39;PR;Paraná;15;Eixo Disponível
2026-07-01;049021;PCH.PH.TO.049021-0;Serra;-12,66;-46,63;15;51;48500.003643/2009-47;Serra;6,600;Palma;4.000;18/12/2012;; -; -; -;;;;21;Tocantins, entre os rios Preto e Parana;2026-06-30 09:43:52.357000000;51;TO;Tocantins;15;Eixo Disponível
2026-07-01;049022;UHE.PH.MT.049022-9;Jatobá;-15,29;-53,79;15;32;48500.002942/2009-64;Jatobá;41,800;das Mortes;4.899;23/12/2014;; -; -; -;;;;26;Araguaia, trecho da ilha Bananal;2026-06-30 09:43:52.357000000;32;MT;Mato Grosso;15;Eixo Disponível
2026-07-01;049023;PCH.PH.MG.049023-7;Bom Jardim;-19,20;-48,67;15;26;48500.003871/2001-15;Bom Jardim;7,100;Tijuco;950;12/05/2006;; -; -; -;;;;60;Paranaiba;2026-06-30 09:43:52.357000000;26;MG;Minas Gerais;15;Eixo Disponível
2026-07-01;049024;PCH.PH.MG.049024-5;Jacu;-19,05;-49,00;15;26;48500.003871/2001-15;Jacu;10,200;Tijuco;950;12/05/2006;; -; -; -;;;;60;Paranaiba;2026-06-30 09:43:52.357000000;26;MG;Minas Gerais;15;Eixo Disponível
2026-07-01;049025;UHE.PH.MT.049025-3;Buritizal;-15,25;-53,85;15;32;48500.002942/2009-64;Buritizal;42,800;das Mortes;4.899;23/12/2014;; -; -; -;;;;26;Araguaia, trecho da ilha Bananal;2026-06-30 09:43:52.357000000;32;MT;Mato Grosso;15;Eixo Disponível
2026-07-01;049026;PCH.PH.MT.049026-1;Sangradourozinho;-15,27;-53,82;15;32;48500.002942/2009-64;Sangradourozinho;27,100;das Mortes;4.899;23/12/2014;; -; -; -;;;;26;Araguaia, trecho da ilha Bananal;2026-06-30 09:43:52.357000000;32;MT;Mato Grosso;15;Eixo Disponível
2026-07-01;049027;UHE.PH.RR.049027-0;Paredão A;2,94;-61,59;15;45;48500.002003/2006-60;Paredão A;199,300;Mucajaí;3.785;21/09/2011;; -; -; -;;;;14;Negro;2026-06-30 09:43:52.357000000;45;RR;Roraima;15;Eixo Disponível
2026-07-01;049032;UHE.PH.RR.049032-6;Paredão M1;2,90;-61,66;15;45;48500.002003/2006-60;Paredão M1;69,900;Mucajaí;3.785;21/09/2011;; -; -; -;;;;14;Negro;2026-06-30 09:43:52.357000000;45;RR;Roraima;15;Eixo Disponível
2026-07-01;049033;UHE.PH.RR.049033-4;Fé Esperança;2,90;-61,51;15;45;48500.002003/2006-60;Fé Esperança;71,700;Mucajaí;3.785;21/09/2011;; -; -; -;;;;14;Negro;2026-06-30 09:43:52.357000000;45;RR;Roraima;15;Eixo Disponível
2026-07-01;049034;UHE.PH.MT.049034-2;Parecis;-12,84;-57,37;15;32;48500.004366/2000-07;Parecis;74,500;do Sangue;1.042;27/12/2001;; -; -; -;;;;17;Tapajos;2026-06-30 09:43:52.357000000;32;MT;Mato Grosso;15;Eixo Disponível
2026-07-01;049035;UHE.PH.MT.049035-0;Roncador;-12,27;-57,64;15;32;48500.004366/2000-07;Roncador;134,000;do Sangue;1.042;27/12/2001;; -; -; -;;;;17;Tapajos;2026-06-30 09:43:52.357000000;32;MT;Mato Grosso;15;Eixo Disponível
2026-07-01;049036;UHE.PH.MT.049036-9;Kabiara;-11,34;-58,13;15;32;48500.004366/2000-07;Kabiara;241,200;do Sangue;1.042;27/12/2001;; -; -; -;;;;17;Tapajos;2026-06-30 09:43:52.357000000;32;MT;Mato Grosso;15;Eixo Disponível
2026-07-01;049037;UHE.PH.MT.049037-7;Cinta Larga;-10,96;-58,33;15;32;48500.004366/2000-07;Cinta Larga;193,700;do Sangue;1.042;27/12/2001;; -; -; -;;;;17;Tapajos;2026-06-30 09:43:52.357000000;32;MT;Mato Grosso;15;Eixo Disponível
2026-07-01;049038;PCH.PH.MT.049038-5;Diauarum;,00;,00;15;32;48500.004366/2000-07;Diauarum;7,720;Ponte de Pedra;1.042;27/12/2001;; -; -; -;;;;17;Tapajos;2026-06-30 09:43:52.357000000;32;MT;Mato Grosso;15;Eixo Disponível
2026-07-01;049039;UHE.PH.MT.049039-3;Garça;-13,17;-57,17;15;32;48500.004366/2000-07;Garça;24,900;Ponte de Pedra;1.042;27/12/2001;; -; -; -;;;;17;Tapajos;2026-06-30 09:43:52.357000000;32;MT;Mato Grosso;15;Eixo Disponível
2026-07-01;049040;PCH.PH.MT.049040-7;Cedro;-12,79;-57,88;15;32;48500.004366/2000-07;Cedro;18,600;Cravari;1.042;27/12/2001;; -; -; -;;;;17;Tapajos;2026-06-30 09:43:52.357000000;32;MT;Mato Grosso;15;Eixo Disponível
2026-07-01;049041;PCH.PH.MG.049041-5;Ferros;-19,21;-43,04;15;26;48500.002831/2001-57;Ferros;16,600;Santo Antônio;197;11/04/2003;; -; -; -;;;;56;Doce;2026-06-30 09:43:52.357000000;26;MG;Minas Gerais;15;Eixo Disponível
2026-07-01;049042;PCH.PH.MG.049042-3;Varginha;-19,18;-47,81;15;26;48500.006318/2001-16;Varginha;8,000;Claro;556;06/09/2002;; -; -; -;;;;60;Paranaiba;2026-06-30 09:43:52.357000000;26;MG;Minas Gerais;15;Eixo Disponível
2026-07-01;049043;PCH.PH.BA.049043-1;Capim Puba;-14,43;-44,70;15;11;48500.003739/1998-82;Capim Puba;10,000;Carinhanha;490;25/07/2001;; -; -; -;;;;45;Corrente e outros - Sao Francisco;2026-06-30 09:43:52.357000000;11;BA/MG;Bahia / Minas Gerais;15;Eixo Disponível
2026-07-01;049044;PCH.PH.BA.049044-0;Posses;,00;,00;15;11;48500.003739/1998-82;Posses;16,100;Carinhanha;490;25/07/2001;; -; -; -;;;;45;Corrente e outros - Sao Francisco;2026-06-30 09:43:52.357000000;11;BA/MG;Bahia / Minas Gerais;15;Eixo Disponível
2026-07-01;049049;PCH.PH.MG.049049-0;Penedo;,00;,00;15;26;48500.006970/2000-14;Penedo;15,000;Verde;22;24/01/2001;; -; -; -;;;;61;Grande;2026-06-30 09:43:52.357000000;26;MG;Minas Gerais;15;Eixo Disponível
2026-07-01;049050;PCH.PH.MG.049050-4;São João;,00;,00;15;26;48500.003886/1999-98;São João;10,000;Do Peixe;416;03/07/2001;; -; -; -;;;;56;Doce;2026-06-30 09:43:52.357000000;26;MG;Minas Gerais;15;Eixo Disponível
2026-07-01;049051;PCH.PH.MG.049051-2;Morro Vermelho;,00;,00;15;26;48500.007931/2000-06;Morro Vermelho;8,400;Formoso;436;10/07/2001;; -; -; -;;;;41;Das Velhas - Sao Francisco;2026-06-30 09:43:52.357000000;26;MG;Minas Gerais;15;Eixo Disponível
2026-07-01;049052;PCH.PH.MG.049052-0;Paulo Geraldo;,00;,00;15;26;48500.007931/2000-06;Paulo Geraldo;7,200;Formoso;436;10/07/2001;; -; -; -;;;;41;Das Velhas - Sao Francisco;2026-06-30 09:43:52.357000000;26;MG;Minas Gerais;15;Eixo Disponível
2026-07-01;049059;PCH.PH.MA.049059-8;A2E7;-8,62;-46,44;15;22;48500.004840/2009-83;A2E7;6,470;das Balsas;1.829;17/06/2014;; -; -; -;;;;34;Parnaiba;2026-06-30 09:43:52.357000000;22;MA;Maranhão;15;Eixo Disponível
2026-07-01;049060;PCH.PH.MA.049060-1;A2E9;-8,51;-46,26;15;22;48500.004840/2009-83;A2E9;8,500;das Balsas;1.829;17/06/2014;; -; -; -;;;;34;Parnaiba;2026-06-30 09:43:52.357000000;22;MA;Maranhão;15;Eixo Disponível
2026-07-01;049061;UHE.PH.TO.049061-0;Rio Sono Baixo;-9,50;-47,93;15;51;48500.006277/2011-01;Rio Sono Baixo;56,700;do Sono;810;01/04/2014;; -; -; -;;;;22;Tocantins, entre os rios Parana e do Sono;2026-06-30 09:43:52.357000000;51;TO;Tocantins;15;Eixo Disponível
2026-07-01;049062;PCH.PH.SC.049062-8;Mondaí;-27,05;-53,37;13;48;48500.006315/2021-99;Mondaí;9,300;Das Antas;3.702;29/09/2023;2031-09-29 00:00:00;Vaccaro Construtora Ltda - 32270437000131; -; -;;;;74;Uruguai, Varzea, Turvo e outros;2026-06-30 09:43:52.357000000;48;SC;Santa Catarina;13;DRS-PCH
2026-07-01;049063;UHE.PH.TO.049063-6;Ponte Nova;-9,83;-47,88;15;51;48500.006277/2011-01;Ponte Nova;73,000;Do Sono;810;01/04/2014;; -; -; -;;;;22;Tocantins, entre os rios Parana e do Sono;2026-06-30 09:43:52.357000000;51;TO;Tocantins;15;Eixo Disponível
2026-07-01;049066;UHE.PH.AM.049066-0;Ilha Três Quedas;-10,22;-59,46;15;6;48500.001700/2006-58;Ilha Três Quedas;115,500;Aripuanã;1.971;13/06/2012;; -; -; -;;;;17;Tapajos;2026-06-30 09:43:52.357000000;6;AM/MT;Amazonas / Mato Grosso;15;Eixo Disponível
2026-07-01;049067;PCH.PH.MS.049067-9;B10;-21,46;-56,81;15;30;48500.005197/2008-24;B10;5,200;Perdido;1.754;22/05/2012;; -; -; -;;;;67;Paraguai, Nabileque e outros;2026-06-30 09:43:52.357000000;30;MS;Mato Grosso do Sul;15;Eixo Disponível
2026-07-01;049068;UHE.PH.TO.049068-7;Arraias;-12,45;-47,51;15;51;48500.003319/2008-48;Arraias;70,000;Palma;972;23/03/2012;; -; -; -;;;;21;Tocantins, entre os rios Preto e Parana;2026-06-30 09:43:52.357000000;51;TO;Tocantins;15;Eixo Disponível
2026-07-01;049069;UHE.PH.TO.049069-5;Barra do Palma;-12,61;-47,80;15;51;48500.003319/2008-48;Barra do Palma;85,000;Palma;972;23/03/2012;; -; -; -;;;;21;Tocantins, entre os rios Preto e Parana;2026-06-30 09:43:52.357000000;51;TO;Tocantins;15;Eixo Disponível
2026-07-01;049070;PCH.PH.ES.049070-9;Santa Rita;-20,37;-40,59;15;15;48500.005862/2006-00;Santa Rita;7,000;Jucu Braço Norte;612;27/02/2012;; -; -; -;;;;56;Doce;2026-06-30 09:43:52.357000000;15;ES;Espírito Santo;15;Eixo Disponível
2026-07-01;049071;PCH.PH.ES.049071-7;Santa Isabel;-20,36;-40,62;11;15;48500.029885/2025-81;Santa Isabel;14,000;Jucu Braço Norte;3.084;21/10/2025;2026-12-21 00:00:00;Energen Consultoria SS Ltda - 04233336000155; -; -;;;;56;Doce;2026-06-30 09:43:52.357000000;15;ES;Espírito Santo;11;DRI-PCH
2026-07-01;049073;UHE.PH.RS.049073-3;Encantado;-29,22;-51,88;15;46;48500.000157/2004-09;Encantado;36,200;Taquari-Antas;2.354;02/06/2011;; -; -; -;;;;86;Taquari;2026-06-30 09:43:52.357000000;46;RS;Rio Grande do Sul;15;Eixo Disponível
2026-07-01;049074;UHE.PH.RS.049074-1;Arroio do Meio 30;-29,40;-51,91;15;46;48500.000157/2004-09;Arroio do Meio 30;68,600;Taquari-Antas;2.354;02/06/2011;; -; -; -;;;;86;Taquari;2026-06-30 09:43:52.357000000;46;RS;Rio Grande do Sul;15;Eixo Disponível
2026-07-01;049075;PCH.PH.RO.049075-0;MU 2;-12,46;-61,04;13;44;48500.000771/2024-78;MU 2;11,000;Pimenta Bueno;3.105;21/10/2025;2033-10-21 00:00:00;Hidroelétrica Pimenta Bueno Ltda - 07913420000108; -; -;;;;15;Madeira;2026-06-30 09:43:52.357000000;44;RO;Rondônia;13;DRS-PCH
2026-07-01;049077;PCH.PH.RS.049077-6;Monte Bérico;,00;,00;11;46;48500.038366/2025-11;Monte Bérico;30,000;Guaporé;147;23/01/2026;2027-03-23 00:00:00;Nascente Renováveis Ltda - 63636316000194; -; -;;;;84;Tubarao, Capivari e outros;2026-06-30 09:43:52.357000000;46;RS;Rio Grande do Sul;11;DRI-PCH
2026-07-01;049078;PCH.PH.MG.049078-4;Matão;-18,37;-42,38;15;26;48500.003885/1999-25;Matão;9,000;Suaçuí Grande;418;03/07/2001;; -; -; -;;;;56;Doce;2026-06-30 09:43:52.357000000;26;MG;Minas Gerais;15;Eixo Disponível
2026-07-01;049079;PCH.PH.MG.049079-2;Mareta;-18,37;-42,67;15;26;48500.003885/1999-25;Mareta;7,000;Suaçuí Grande;418;03/07/2001;; -; -; -;;;;56;Doce;2026-06-30 09:43:52.357000000;26;MG;Minas Gerais;15;Eixo Disponível
2026-07-01;049080;PCH.PH.MG.049080-6;Coqueiro;-18,35;-42,62;15;26;48500.003885/1999-25;Coqueiro;6,000;Suaçuí Grande;418;03/07/2001;; -; -; -;;;;56;Doce;2026-06-30 09:43:52.357000000;26;MG;Minas Gerais;15;Eixo Disponível
2026-07-01;049081;PCH.PH.MG.049081-4;Quebra Dedo;-18,44;-42,03;15;26;48500.003885/1999-25;Quebra Dedo;13,000;Suaçuí Grande;418;03/07/2001;; -; -; -;;;;56;Doce;2026-06-30 09:43:52.357000000;26;MG;Minas Gerais;15;Eixo Disponível
2026-07-01;049082;PCH.PH.RJ.049082-2;Malta;-21,60;-41,78;15;41;48500.000716/2001-48;Malta;26,400;Paraíba;471;13/04/2005;; -; -; -;;;;58;Paraiba do Sul;2026-06-30 09:43:52.357000000;41;RJ;Rio de Janeiro;15;Eixo Disponível
2026-07-01;049112;UHE.PH.AM.049112-8;SAN-020 (Tapires);-11,06;-58,25;15;6;48500.001701/2006-11;SAN-020 (Tapires);75,000;Sangue;3.208;10/08/2011;; -; -; -;;;;17;Tapajos;2026-06-30 09:43:52.357000000;6;AM/MT;Amazonas / Mato Grosso;15;Eixo Disponível
2026-07-01;049113;UHE.PH.AM.049113-6;PPG-159 – Salto Utiariti;-13,04;-58,28;15;6;48500.001701/2006-11;PPG-159 – Salto Utiariti;76,000;Papagaio;3.208;10/08/2011;; -; -; -;;;;17;Tapajos;2026-06-30 09:43:52.357000000;6;AM/MT;Amazonas / Mato Grosso;15;Eixo Disponível
2026-07-01;049114;UHE.PH.AM.049114-4;PPG-115 - Foz do Buriti;-12,76;-58,40;15;6;48500.001701/2006-11;PPG-115 - Foz do Buriti;68,000;Papagaio;3.208;10/08/2011;; -; -; -;;;;17;Tapajos;2026-06-30 09:43:52.357000000;6;AM/MT;Amazonas / Mato Grosso;15;Eixo Disponível
2026-07-01;049116;UHE.PH.AM.049116-0;JRN-117a (São Simão Alto);-8,23;-58,32;15;6;48500.001701/2006-11;JRN-117a (São Simão Alto);3509,000;Juruena;3.208;10/08/2011;; -; -; -;;;;17;Tapajos;2026-06-30 09:43:52.357000000;6;AM/MT;Amazonas / Mato Grosso;15;Eixo Disponível
2026-07-01;049117;UHE.PH.AM.049117-9;JRN-234b (Salto Augusto Baixo);-8,89;-58,56;15;32;48500.001701/2006-11;JRN-234b (Salto Augusto Baixo);1461,000;Juruena;3.208;10/08/2011;; -; -; -;;;;17;Tapajos;2026-06-30 09:43:52.357000000;32;MT;Mato Grosso;15;Eixo Disponível
2026-07-01;049118;UHE.PH.AM.049118-7;JRN-277 (Escondido);-9,18;-58,66;15;6;48500.001701/2006-11;JRN-277 (Escondido);1248,000;Juruena;3.208;10/08/2011;; -; -; -;;;;17;Tapajos;2026-06-30 09:43:52.357000000;6;AM/MT;Amazonas / Mato Grosso;15;Eixo Disponível
2026-07-01;049119;UHE.PH.AM.049119-5;JRN-466 (Tucumã);-10,52;-58,39;15;32;48500.001701/2006-11;JRN-466 (Tucumã);510,000;Juruena;3.208;10/08/2011;; -; -; -;;;;17;Tapajos;2026-06-30 09:43:52.357000000;32;MT;Mato Grosso;15;Eixo Disponível
2026-07-01;049120;UHE.PH.AM.049120-9;JRN-530 (Erikpatsa);-11,03;-58,38;15;6;48500.001701/2006-11;JRN-530 (Erikpatsa);415,000;Juruena;3.208;10/08/2011;; -; -; -;;;;17;Tapajos;2026-06-30 09:43:52.357000000;6;AM/MT;Amazonas / Mato Grosso;15;Eixo Disponível
2026-07-01;049121;UHE.PH.AM.049121-7;JRN-577 (Fontanilhas);-11,34;-58,33;15;6;48500.001701/2006-11;JRN-577 (Fontanilhas);225,000;Juruena;3.208;10/08/2011;; -; -; -;;;;17;Tapajos;2026-06-30 09:43:52.357000000;6;AM/MT;Amazonas / Mato Grosso;15;Eixo Disponível
2026-07-01;049122;UHE.PH.AM.049122-5;JRN-720 (Enawenê-Nawê);-12,18;-58,82;15;6;48500.001701/2006-11;JRN-720 (Enawenê-Nawê);150,000;Juruena;3.208;10/08/2011;; -; -; -;;;;17;Tapajos;2026-06-30 09:43:52.357000000;6;AM/MT;Amazonas / Mato Grosso;15;Eixo Disponível
2026-07-01;049123;PCH.PH.SP.049123-3;Candoca I;-21,84;-48,43;15;50;48500.000611/2002-61;Candoca I;5,400;Jacaré Guaçu;2.020;12/05/2011;; -; -; -;;;;62;Parana, Tiete e outros;2026-06-30 09:43:52.357000000;50;SP;São Paulo;15;Eixo Disponível
2026-07-01;049124;PCH.PH.SP.049124-1;Candoca II;-21,85;-48,47;15;50;48500.000611/2002-61;Candoca II;5,500;Jacaré Guaçu;2.020;12/05/2011;; -; -; -;;;;62;Parana, Tiete e outros;2026-06-30 09:43:52.357000000;50;SP;São Paulo;15;Eixo Disponível
2026-07-01;049125;PCH.PH.RS.049125-0;Piraçucê;-27,88;-52,06;15;46;48500.000040/2007-04;Piraçucê;5,900;Piraçucê;1.427;24/05/2010;; -; -; -;;;;72;Uruguai, Inhanduva, Peixe e outros;2026-06-30 09:43:52.357000000;46;RS;Rio Grande do Sul;15;Eixo Disponível
2026-07-01;049126;PCH.PH.MG.049126-8;Buriti;-18,83;-48,37;11;26;48500.022199/2025-89;Buriti;8,900;Uberabinha;2.698;15/09/2025;2026-11-15 00:00:00;Ambiverse Desenvolver Engenharia e Meio Ambiente Ltda - 19335965000163; -; -;;;;60;Paranaiba;2026-06-30 09:43:52.357000000;26;MG;Minas Gerais;11;DRI-PCH
2026-07-01;049127;UHE.PH.AM.049127-6;Chacorão;-6,50;-58,31;15;7;48500.000623/2005-92;Chacorão;3336,000;Tapajós;1.887;25/05/2009;; -; -; -;;;;17;Tapajos;2026-06-30 09:43:52.357000000;7;AM/PA;Amazonas / Pará;15;Eixo Disponível
2026-07-01;049129;PCH.PH.MT.049129-2;Salto Paraíso;-9,96;-56,92;15;32;48500.005573/2006-84;Salto Paraíso;8,000;Apiacás;2.899;07/12/2006;; -; -; -;;;;17;Tapajos;2026-06-30 09:43:52.357000000;32;MT;Mato Grosso;15;Eixo Disponível
2026-07-01;049130;UHE.PH.MT.049130-6;Magessi;-13,58;-55,27;15;33;48500.000701/2001-71;Magessi;53,000;Rio Teles Pires;1.613;21/07/2006;; -; -; -;;;;17;Tapajos;2026-06-30 09:43:52.357000000;33;MT/PA;Mato Grosso / Pará;15;Eixo Disponível
2026-07-01;049131;PCH.PH.RO.049131-4;Jaburu;-9,09;-61,82;11;44;48500.022353/2025-12;Jaburu;14,000;Machadinho;2.515;25/08/2025;2026-10-25 00:00:00;Uzzienergy Comercializadora de Energia Ltda. - 34894779000158; -; -;;;;15;Madeira;2026-06-30 09:43:52.357000000;44;RO;Rondônia;11;DRI-PCH
2026-07-01;049132;PCH.PH.RJ.049132-2;Baltazar;-21,57;-42,15;15;41;48500.000716/2001-48;Baltazar;17,600;Pomba;471;13/04/2005;; -; -; -;;;;58;Paraiba do Sul;2026-06-30 09:43:52.357000000;41;RJ;Rio de Janeiro;15;Eixo Disponível
2026-07-01;049133;PCH.PH.RJ.049133-0;Estiva;-21,48;-42,28;15;26;48500.000716/2001-48;Estiva;8,000;Pomba;471;13/04/2005;; -; -; -;;;;58;Paraiba do Sul;2026-06-30 09:43:52.357000000;26;MG;Minas Gerais;15;Eixo Disponível
2026-07-01;049134;PCH.PH.RJ.049134-9;Itaperuna;-21,24;-41,83;15;41;48500.000716/2001-48;Itaperuna;8,400;Muriaé;471;13/04/2005;; -; -; -;;;;58;Paraiba do Sul;2026-06-30 09:43:52.357000000;41;RJ;Rio de Janeiro;15;Eixo Disponível
2026-07-01;049135;PCH.PH.RJ.049135-7;Italva;-21,30;-41,76;15;41;48500.000716/2001-48;Italva;8,800;Muriaé;471;13/04/2005;; -; -; -;;;;58;Paraiba do Sul;2026-06-30 09:43:52.357000000;41;RJ;Rio de Janeiro;15;Eixo Disponível
2026-07-01;049136;PCH.PH.MT.049136-5;Fazenda Caranda;-19,28;-54,20;15;32;48500.001026/2004-68;Fazenda Caranda;6,500;Coxim;411;18/05/2004;; -; -; -;;;;66;Alto Paraguai;2026-06-30 09:43:52.357000000;32;MT;Mato Grosso;15;Eixo Disponível
2026-07-01;049138;PCH.PH.RS.049138-1;Salto Barroso;-27,98;-53,05;15;46;48500.005533/2002-36;Salto Barroso;11,000;da Várzea;964;11/12/2003;; -; -; -;;;;74;Uruguai, Varzea, Turvo e outros;2026-06-30 09:43:52.357000000;46;RS;Rio Grande do Sul;15;Eixo Disponível
2026-07-01;049139;PCH.PH.MA.049139-0;Rocha Baixo;-5,51;-45,28;15;22;48500.001881/2001-90;Rocha Baixo;9,000;Mearim;924;02/12/2003;; -; -; -;;;;33;Pindare, Itapecuru, Mearim e outros;2026-06-30 09:43:52.357000000;22;MA;Maranhão;15;Eixo Disponível
2026-07-01;049140;UHE.PH.BA.049140-3;Pedra Branca;-8,60;-39,51;15;12;48500.002249/2002-26;Pedra Branca;320,000;São Francisco;718;07/10/2003;; -; -; -;;;;49;Sao Francisco, a jusante do Pajeu;2026-06-30 09:43:52.357000000;12;BA/PE;Bahia / Pernambuco;15;Eixo Disponível
2026-07-01;049141;UHE.PH.BA.049141-1;Riacho Seco;-8,79;-39,68;15;12;48500.002249/2002-26;Riacho Seco;276,000;São Francisco;718;07/10/2003;; -; -; -;;;;49;Sao Francisco, a jusante do Pajeu;2026-06-30 09:43:52.357000000;12;BA/PE;Bahia / Pernambuco;15;Eixo Disponível
2026-07-01;049146;PCH.PH.MS.049146-2;Lagoa Alta;-19,40;-54,30;15;30;48500.001683/2001-26;Lagoa Alta;6,000;Coxim;6;13/01/2003;; -; -; -;;;;66;Alto Paraguai;2026-06-30 09:43:52.357000000;30;MS;Mato Grosso do Sul;15;Eixo Disponível
2026-07-01;049147;PCH.PH.BA.049147-0;Santa Clara Jusante;-17,20;-39,94;13;10;48500.004939/2021-71;Santa Clara Jusante;6,100;Jucuruçu Braço Sul;2.005;27/06/2023;2031-06-27 00:00:00;PCH Santa Clara Jusante Energética SPE Ltda - 48928252000101; -; -;;;;55;Sao mateus, Itanhem e outros;2026-06-30 09:43:52.357000000;10;BA;Bahia;13;DRS-PCH
2026-07-01;049148;PCH.PH.MT.049148-9;João Basso;-16,60;-54,77;15;32;48500.002451/2000-03;João Basso;18,000;Ribeirão Ponte de Pedra;434;26/07/2002;; -; -; -;;;;66;Alto Paraguai;2026-06-30 09:43:52.357000000;32;MT;Mato Grosso;15;Eixo Disponível
2026-07-01;049149;PCH.PH.BA.049149-7;Dário Meira;-14,47;-39,95;15;10;48500.000751/2001-49;Dário Meira;8,200;de Contas;275;14/05/2002;; -; -; -;;;;52;Contas;2026-06-30 09:43:52.357000000;10;BA;Bahia;15;Eixo Disponível
2026-07-01;049150;PCH.PH.MT.049150-0;Sacre 1;-12,93;-58,28;15;32;48500.006139/2000-16;Sacre 1;30,000;Sacre;206;17/04/2002;; -; -; -;;;;17;Tapajos;2026-06-30 09:43:52.357000000;32;MT;Mato Grosso;15;Eixo Disponível
2026-07-01;049151;PCH.PH.MA.049151-9;Corredeira do Porão;,00;,00;15;22;48500.004264/2000-29;Corredeira do Porão;5,600;Farinha;561;20/12/2000;; -; -; -;;;;23;Tocantins, entre os rios do Sono e Araguaia;2026-06-30 09:43:52.357000000;22;MA;Maranhão;15;Eixo Disponível
2026-07-01;049152;PCH.PH.MG.049152-7;Capivari;-21,61;-44,14;13;26;48500.004413/2021-91;Capivari;18,550;Rio Grande;1.305;15/05/2023;2031-05-15 00:00:00;CGC Energética Ltda. - 43076909000136; -; -;;;;61;Grande;2026-06-30 09:43:52.357000000;26;MG;Minas Gerais;13;DRS-PCH
2026-07-01;049153;PCH.PH.MG.049153-5;Garambéu;,00;,00;15;26;48500.006069/1999-19;Garambéu;13,000;Rio Grande;465;07/11/2000;; -; -; -;;;;61;Grande;2026-06-30 09:43:52.357000000;26;MG;Minas Gerais;15;Eixo Disponível
2026-07-01;049154;UHE.PH.AP.049154-3;Bambu I;,98;-51,70;15;8;48100.003451/1995-31;Bambu I;84,000;Araguari;530;17/12/1999;; -; -; -;;;;30;Oiapoque e outros;2026-06-30 09:43:52.357000000;8;AP;Amapá;15;Eixo Disponível
2026-07-01;049155;UHE.PH.AP.049155-1;Porto da Serra I;1,09;-51,93;15;8;48100.003451/1995-31;Porto da Serra I;54,000;Araguari;530;17/12/1999;; -; -; -;;;;30;Oiapoque e outros;2026-06-30 09:43:52.357000000;8;AP;Amapá;15;Eixo Disponível
2026-07-01;049156;PCH.PH.SC.049156-0;Joelho;,00;,00;15;48;48500.001422/1998-75;Joelho;6,000;Itajaí do Norte;431;14/10/1999;; -; -; -;;;;83;Itajai;2026-06-30 09:43:52.357000000;48;SC;Santa Catarina;15;Eixo Disponível
2026-07-01;049157;PCH.PH.RJ.049157-8;Fazenda Santa;,00;,00;15;41;48500.000716/2001-48;Fazenda Santa;12,000;do Braço;471;13/04/2005;; -; -; -;;;;58;Paraiba do Sul;2026-06-30 09:43:52.357000000;41;RJ;Rio de Janeiro;15;Eixo Disponível
2026-07-01;049160;UHE.PH.RJ.049160-8;Cambuci;-21,57;-41,87;15;41;48500.000716/012-90;Cambuci;50,000;Paraíba do Sul;471;13/04/2005;; -; -; -;;;;58;Paraiba do Sul;2026-06-30 09:43:52.357000000;41;RJ;Rio de Janeiro;15;Eixo Disponível
2026-07-01;049161;UHE.PH.RJ.049161-6;Barra do Pomba;-21,64;-42,00;15;41;48500.000716/012-64;Barra do Pomba;70,000;Paraíba do Sul;471;13/04/2005;; -; -; -;;;;58;Paraiba do Sul;2026-06-30 09:43:52.357000000;41;RJ;Rio de Janeiro;15;Eixo Disponível
2026-07-01;049162;PCH.PH.RJ.049162-4;Cataguazes;,00;,00;15;26;48500.002445/2003-45;Cataguazes;10,500;Pomba;1.854;02/05/2011;; -; -; -;;;;58;Paraiba do Sul;2026-06-30 09:43:52.357000000;26;MG;Minas Gerais;15;Eixo Disponível
2026-07-01;049164;UHE.PH.TO.049164-0;Cachoeira da Velha;-10,24;-46,88;15;51;48100.002920/1995-03;Cachoeira da Velha;81,000;do Sono;323;21/10/1998;; -; -; -;;;;23;Tocantins, entre os rios do Sono e Araguaia;2026-06-30 09:43:52.357000000;51;TO;Tocantins;15;Eixo Disponível
2026-07-01;049165;PCH.PH.RO.049165-9;Corgão;-12,18;-60,59;15;44;48100.001115/1994-82;Corgão;15,000;Comemoração;202;01/07/1998;; -; -; -;;;;15;Madeira;2026-06-30 09:43:52.357000000;44;RO;Rondônia;15;Eixo Disponível
2026-07-01;049166;PCH.PH.RO.049166-7;Foz do Ávila;-12,39;-60,47;15;44;48100.001115/1994-82;Foz do Ávila;10,000;Comemoração;202;01/07/1998;; -; -; -;;;;15;Madeira;2026-06-30 09:43:52.357000000;44;RO;Rondônia;15;Eixo Disponível
2026-07-01;049167;UHE.PH.MG.049167-5;Panorama;-19,81;-41,71;15;26;48100.002283/1995-01;Panorama;54,000;José Pedro;434;28/10/1997;; -; -; -;;;;56;Doce;2026-06-30 09:43:52.357000000;26;MG;Minas Gerais;15;Eixo Disponível
2026-07-01;049184;PCH.PH.MS.049184-5;Paraíso II;-19,04;-53,00;15;30;48100.000182/1996-04;Paraíso II;9,000;Paraíso;325;28/08/1997;; -; -; -;;;;62;Parana, Tiete e outros;2026-06-30 09:43:52.357000000;30;MS;Mato Grosso do Sul;15;Eixo Disponível
2026-07-01;049207;PCH.PH.BA.049207-8;Pedras;-12,26;-45,29;15;10;48500.005541/2007-02;Pedras;5,420;de Ondas;3075;08/10/2007;; -; -; -;;;;46;Grande e outros - Sao Francisco;2026-06-30 09:43:52.357000000;10;BA;Bahia;15;Eixo Disponível
2026-07-01;049208;PCH.PH.TO.049208-6;Poção;-11,76;-46,76;15;51;48000.004929/1993-99;Poção;6,000;Palmeiras;397;30/09/1999;; -; -; -;;;;21;Tocantins, entre os rios Preto e Parana;2026-06-30 09:43:52.357000000;51;TO;Tocantins;15;Eixo Disponível
2026-07-01;049212;PCH.PH.MG.049212-4;São Domingos;,00;,00;15;26;48100.002283/1995-01;São Domingos;6,700;José Pedro;434;28/10/1997;; -; -; -;;;;56;Doce;2026-06-30 09:43:52.357000000;26;MG;Minas Gerais;15;Eixo Disponível
2026-07-01;049213;UHE.PH.AM.049213-2;JUI-048 (Jacaré);-12,90;-59,21;15;6;48500.001701/2006-11;JUI-048 (Jacaré);53,000;Juina;3.208;10/08/2011;; -; -; -;;;;17;Tapajos;2026-06-30 09:43:52.357000000;6;AM/MT;Amazonas / Mato Grosso;15;Eixo Disponível
2026-07-01;049214;PCH.PH.SC.049214-0;Ouro;-27,33;-51,61;13;48;48500.002905/2021-42;Ouro;15,000;Do Peixe;1.626;13/06/2023;2031-06-13 00:00:00;Msul Energias Renováveis Ltda - 05148449000115; -; -;;;;72;Uruguai, Inhanduva, Peixe e outros;2026-06-30 09:43:52.357000000;48;SC;Santa Catarina;13;DRS-PCH
2026-07-01;049447;PCH.PH.ES.049447-0;Mimoso do Sul;-21,03;-41,38;11;15;48500.002600/2024-83;Mimoso do Sul;5,800;Muqui do Sul;2.756;16/09/2024;2025-11-16 00:00:00;Alicerce Administradora de Bens Ltda - 40384792000160; -; -;;;;57;Litoraneas do Espirito Santo;2026-06-30 09:43:52.357000000;15;ES;Espírito Santo;11;DRI-PCH
2026-07-01;049625;PCH.PH.ES.049625-1;Alto Fortaleza (Antiga Braço Norte Direito);-20,63;-41,58;13;15;48500.000363/2021-73;Alto Fortaleza (Antiga Braço Norte Direito);9,504;Braço Norte Direito;3.569;20/12/2022;2030-12-20 00:00:00;EBDE Energia S.A. - 16887535000166; -; -;;;;64;Parana, Paranapanema, Amambai e outros;2026-06-30 09:43:52.357000000;15;ES;Espírito Santo;13;DRS-PCH
2026-07-01;049626;PCH.PH.ES.049626-0;Fortaleza;-18,69;-40,71;13;15;48500.000366/2021-15;Fortaleza;14,013;Braço do Norte Direito;3.627;23/12/2022;2030-12-23 00:00:00;EBDE Energia S.A - 16887535000166; -; -;;;;57;Litoraneas do Espirito Santo;2026-06-30 09:43:52.357000000;15;ES;Espírito Santo;13;DRS-PCH
2026-07-01;049663;PCH.PH.PR.049663-4;Resistência;-24,30;-53,47;13;39;48500.000304/2021-03;Resistência;5,400;Verde;3.260;17/11/2022;2030-11-17 00:00:00;Santa Lúcia Energia Ltda - 11055430000127; -; -;;;;64;Parana, Paranapanema, Amambai e outros;2026-06-30 09:43:52.357000000;39;PR;Paraná;13;DRS-PCH
2026-07-01;049757;UHE.PH.PR.049757-6;São Jerônimo;-23,72;-50,91;17;39;48100.000326/1997-03;São Jerônimo;331,000;Tibagi;107;28/02/2001;;Copel Geração e Transmissão S.A - 04370282000170; -; -;;;;64;Parana, Paranapanema, Amambai e outros;2026-06-30 09:43:52.357000000;39;PR;Paraná;17;Estudo de Viabilidade Aprovado
2026-07-01;049798;PCH.PH.SC.049798-3;Joinville;-26,19;-49,10;13;48;48500.000230/2021-05;Joinville;19,000;Cubatão;2.765;13/09/2024;2032-09-13 00:00:00;Engedix Soluções de Engenharia Eireli - 81546988000190;Vilson Marcos Testa - 30318793091; -;;;;82;Cachoeira, Sao Joao e outros;2026-06-30 09:43:52.357000000;48;SC;Santa Catarina;13;DRS-PCH
2026-07-01;049811;PCH.PH.SC.049811-4;Coelho;-26,19;-49,08;15;48;48500.004115/2018-04;Coelho;11,000;Cubatão e Quiriri;3.447;15/12/2020;; -; -; -;;;;82;Cachoeira, Sao Joao e outros;2026-06-30 09:43:52.357000000;48;SC;Santa Catarina;15;Eixo Disponível
2026-07-01;049812;PCH.PH.SC.049812-2;Prata;-26,19;-49,05;13;48;48500.000206/2021-68;Prata;5,500;Cubatão;2.957;24/09/2021;2029-09-24 00:00:00;Sobradinho Incorporadora e Construtora Eireli - 02060841000110;Vilson Marcos Testa - 30318793091; -;;;;82;Cachoeira, Sao Joao e outros;2026-06-30 09:43:52.357000000;48;SC;Santa Catarina;13;DRS-PCH
2026-07-01;049813;PCH.PH.SC.049813-0;Cajati;-26,16;-49,03;13;48;48500.000207/2021-11;Cajati;5,099;Cubatão e Quiriri;2.702;06/09/2021;2029-09-06 00:00:00;Sobradinho Incorporadora e Construtora Eireli - 02060841000110;Paulo Victor Azevedo Viana CPF: 113.***.***-37 -; -;;;;82;Cachoeira, Sao Joao e outros;2026-06-30 09:43:52.357000000;48;SC;Santa Catarina;13;DRS-PCH
2026-07-01;050014;PCH.PH.PR.050014-3;Cantu 5;-24,74;-52,85;15;39;48500.004132/2012-48;Cantu 5;11,900;Cantu;3.711;04/01/2021;; -; -; -;;;;64;Parana, Paranapanema, Amambai e outros;2026-06-30 09:43:52.357000000;39;PR;Paraná;15;Eixo Disponível
2026-07-01;050517;PCH.PH.PR.050517-0;Órion;-26,18;-51,94;13;39;48500.001780/2021-33;Órion;7,000;da Estrela;127;13/02/2023;2031-02-13 00:00:00;Órion Energia Ltda - 48244488000129; -; -;;;;65;Parana, Iguacu;2026-06-30 09:43:52.357000000;39;PR;Paraná;13;DRS-PCH
2026-07-01;054826;PCH.PH.RS.054826-0;Tres;-27,68;-51,74;13;46;48500.004580/2021-32;Tres;13,000;Forquilha;121;19/01/2022;2030-01-19 00:00:00;Tres Geração de Energia Ltda. - 34674182000106; -; -;;;;72;Uruguai, Inhanduva, Peixe e outros;2026-06-30 09:43:52.357000000;46;RS;Rio Grande do Sul;13;DRS-PCH
2026-07-01;054956;PCH.PH.SC.054956-8;Púlpito;-28,52;-49,62;13;48;48500.004729/2021-83;Púlpito;19,908;Rio Púlpito;242;29/01/2024;2032-01-29 00:00:00;Optima Geração de Energia S.A. - 39557417000195; -; -;;;;70;Pelotas;2026-06-30 09:43:52.357000000;48;SC;Santa Catarina;13;DRS-PCH
2026-07-01;055256;PCH.PH.TO.055256-9;São Silvestre;-10,10;-47,81;13;51;48500.006778/2022-31;São Silvestre;20,002;Rio das Balsas;242;29/01/2024;2032-01-29 00:00:00;Central Rio da Conceição Energia SPE Ltda. - 36453135000150; -; -;;;;22;Tocantins, entre os rios Parana e do Sono;2026-06-30 09:43:52.357000000;51;TO;Tocantins;13;DRS-PCH
2026-07-01;055257;UHE.PH.TO.055257-7;Santa Tereza;-10,28;-47,84;33;51;48500.003351/2024-43;Santa Tereza;74,500;Das Balsas;3.789;18/12/2024;2027-12-18 00:00:00;Rio Novo Renováveis Ltda - 20824481000167; -; -;;;;22;Tocantins, entre os rios Parana e do Sono;2026-06-30 09:43:52.357000000;51;TO;Tocantins;33;DRI-EVTE
2026-07-01;055258;PCH.PH.TO.055258-5;Zacarias;-10,84;-47,77;13;51;48500.002071/2024-18;Zacarias;18,500;Rio das Balsas;3.105;21/10/2025;2033-10-21 00:00:00;Múltipla Participações Ltda - 11649715000196; -; -;;;;22;Tocantins, entre os rios Parana e do Sono;2026-06-30 09:43:52.357000000;51;TO;Tocantins;13;DRS-PCH
2026-07-01;055259;PCH.PH.TO.055259-3;Foz do Gameleira;-10,95;-47,70;15;51;48500.001100/2009-95;Foz do Gameleira;14,300;Rio das Balsas;2.988;28/09/2021;; -; -; -;;;;22;Tocantins, entre os rios Parana e do Sono;2026-06-30 09:43:52.357000000;51;TO;Tocantins;15;Eixo Disponível
2026-07-01;055260;PCH.PH.TO.055260-7;Samaron;-11,00;-47,53;13;51;48500.001536/2024-13;Samaron;20,000;Rio das Balsas;1.957;26/06/2025;2033-07-01 00:00:00;Múltipla Participações Ltda - 11649715000196; -; -;;;;22;Tocantins, entre os rios Parana e do Sono;2026-06-30 09:43:52.357000000;51;TO;Tocantins;13;DRS-PCH
2026-07-01;055261;PCH.PH.TO.055261-5;Gameleira;-11,07;-47,68;13;51;48500.006779/2022-86;Gameleira;6,001;Rio Gameleira;242;29/01/2024;2032-01-29 00:00:00;Central Rio da Conceição Energia SPE Ltda. - 36453135000150; -; -;;;;22;Tocantins, entre os rios Parana e do Sono;2026-06-30 09:43:52.357000000;51;TO;Tocantins;13;DRS-PCH
2026-07-01;056826;PCH.PH.PR.056826-0;Rosal do Cruzeiro;-26,34;-52,05;13;39;48500.006237/2021-22;Rosal do Cruzeiro;6,000;Chopim;2.519;27/07/2023;2031-07-27 00:00:00;Enebras Projetos de Usinas Hidrelétricas Ltda. - 06329975000144;Estrela Indústria de Papel Ltda. - 79541447000128; -;;;;65;Parana, Iguacu;2026-06-30 09:43:52.357000000;39;PR;Paraná;13;DRS-PCH
2026-07-01;056827;PCH.PH.PR.056827-9;Alberto Carraro;-26,39;-51,93;13;39;48500.006267/2021-39;Alberto Carraro;5,400;Chopim;2.846;15/08/2023;2031-08-15 00:00:00;Enebras Projetos de Usinas Hidrelétricas Ltda. - 06329975000144;Estrela Indústria de Papel Ltda. - 79541447000128; -;;;;65;Parana, Iguacu;2026-06-30 09:43:52.357000000;39;PR;Paraná;13;DRS-PCH
2026-07-01;056828;PCH.PH.PR.056828-7;Padre Ponciano;-26,42;-51,78;13;39;48500.006268/2021-83;Padre Ponciano;6,200;Chopim;2.679;03/08/2023;2031-08-03 00:00:00;Padre Ponciano Produtora de Energia Elétrica SPE Ltda - 60539513000105; -; -;;;;65;Parana, Iguacu;2026-06-30 09:43:52.357000000;39;PR;Paraná;13;DRS-PCH
2026-07-01;056829;PCH.PH.MG.056829-5;Cachoeira dos Macacos;-19,61;-47,46;11;26;48500.000156/2022-08;Cachoeira dos Macacos;13,000;Araguari;1.071;20/04/2023;2026-04-20 00:00:00;CSN Cimentos Brasil S.A - 60869336000117; -; -;;;;60;Paranaiba;2026-06-30 09:43:52.357000000;26;MG;Minas Gerais;11;DRI-PCH
2026-07-01;057145;PCH.PH.MG.057145-8;Salto do Baú;-18,90;-49,66;15;26;48500.003871/2001-15;Salto do Baú;19,800;Tijuco;950;12/05/2006;; -; -; -;;;;60;Paranaiba;2026-06-30 09:43:52.357000000;26;MG;Minas Gerais;15;Eixo Disponível
2026-07-01;060272;PCH.PH.MT.060272-8;Várzea;-13,05;-58,17;13;32;48500.004549/2022-82;Várzea;15,000;Sacre;4.505;23/11/2023;2031-11-23 00:00:00;PCH Várzea Energética SPE Ltda - 53932508000194; -; -;;;;17;Tapajos;2026-06-30 09:43:52.357000000;32;MT;Mato Grosso;13;DRS-PCH
2026-07-01;060273;PCH.PH.MT.060273-6;SKR;-13,32;-58,12;13;32;48500.902387/2022-48;SKR;18,500;Sacre;2.159;04/07/2023;2031-07-04 00:00:00;Vanderlei Reck Júnior CPF nº 876.***.***-72 -; -; -;;;;17;Tapajos;2026-06-30 09:43:52.357000000;32;MT;Mato Grosso;13;DRS-PCH
2026-07-01;060274;PCH.PH.MT.060274-4;Bom Jesus;-13,42;-58,07;13;32;48500.004544/2022-50;Bom Jesus;12,500;Sacre;4.508;23/11/2023;2031-11-23 00:00:00;PCH Bom Jesus Energética SPE Ltda - 53915080000171; -; -;;;;17;Tapajos;2026-06-30 09:43:52.357000000;32;MT;Mato Grosso;13;DRS-PCH
2026-07-01;060275;PCH.PH.MT.060275-2;Cerrado;-13,47;-58,06;13;32;48500.902388/2022-92;Cerrado;16,000;Sacre;3.218;23/11/2022;2030-11-23 00:00:00;Vanderlei Reck Júnior CPF nº 876.***.***-72 -; -; -;;;;17;Tapajos;2026-06-30 09:43:52.357000000;32;MT;Mato Grosso;13;DRS-PCH
2026-07-01;060276;PCH.PH.MT.060276-0;Reck;-13,52;-58,03;13;32;48500.002114/2022-01;Reck;13,001;Sacre;4.041;27/10/2023;2031-10-27 00:00:00;VR Energia SPE Ltda - 27429684000106; -; -;;;;17;Tapajos;2026-06-30 09:43:52.357000000;32;MT;Mato Grosso;13;DRS-PCH
2026-07-01;060277;PCH.PH.MT.060277-9;Tiradentes;-13,68;-58,00;15;32;48500.003527/2018-19;Tiradentes;6,300;Verde;420;14/02/2022;;Pan Partners Administração Patrimonial Ltda. - 14812369000103; -; -;;;;17;Tapajos;2026-06-30 09:43:52.357000000;32;MT;Mato Grosso;15;Eixo Disponível
2026-07-01;061645;PCH.PH.SC.061645-1;Foz do Prata;-26,70;-49,83;13;48;48500.000947/2022-20;Foz do Prata;10,330;Itajaí do Norte ou Hercílio;4.710;07/12/2023;2031-12-07 00:00:00;Engera – Engenharia e Gerenciamento de Recursos Ambientais Ltda - 07124818000165; -; -;;;;83;Itajai;2026-06-30 09:43:52.357000000;48;SC;Santa Catarina;13;DRS-PCH
2026-07-01;061646;PCH.PH.SC.061646-0;José Boiteux;-26,89;-49,68;13;48;48500.000272/2023-08;José Boiteux;12,000;Itajaí do Norte ou Hercílio;2.765;13/09/2024;2032-09-13 00:00:00;PNA Construções e Incorporações Ltda - 21922779000172; -; -;;;;83;Itajai;2026-06-30 09:43:52.357000000;48;SC;Santa Catarina;13;DRS-PCH
2026-07-01;062081;PCH.PH.MG.062081-5;Salto Morais;-18,95;-49,38;13;26;48500.005223/2020-19;Salto Morais;10,000;Tijuco;250;02/02/2023;2031-02-02 00:00:00;Petraprime Gestão e Administração de Propriedade Imobiliária Ltda - 19156706000175;Paulo Victor Azevedo Viana, inscrito no CPF nº ***.628.346-** -; -;;;;65;Parana, Iguacu;2026-06-30 09:43:52.357000000;26;MG;Minas Gerais;13;DRS-PCH
2026-07-01;062879;UHE.PH.PA.062879-4;A35PA008;-1,04;-53,16;15;34;48500.003593/2009-06;A35PA008;550,200;Paru;1.083;29/04/2022;; -; -; -;;;;18;Xingu e Paru;2026-06-30 09:43:52.357000000;34;PA;Pará;15;Eixo Disponível
2026-07-01;062880;UHE.PH.PA.062880-8;A36PA060;-,86;-53,23;15;34;48500.003593/2009-06;A36PA060;531,700;Paru;1.083;29/04/2022;; -; -; -;;;;18;Xingu e Paru;2026-06-30 09:43:52.357000000;34;PA;Pará;15;Eixo Disponível
2026-07-01;062881;UHE.PH.PA.062881-6;A17PA118;-,21;-53,77;15;34;48500.003593/2009-06;A17PA118;225,700;Paru;1.083;29/04/2022;; -; -; -;;;;18;Xingu e Paru;2026-06-30 09:43:52.357000000;34;PA;Pará;15;Eixo Disponível
2026-07-01;062882;UHE.PH.PA.062882-4;A29PA208;-,07;-53,85;15;34;48500.003593/2009-06;A29PA208;186,300;Paru;1.083;29/04/2022;; -; -; -;;;;18;Xingu e Paru;2026-06-30 09:43:52.357000000;34;PA;Pará;15;Eixo Disponível
2026-07-01;062883;UHE.PH.PA.062883-2;A26PA184;,02;-53,85;15;34;48500.003593/2009-06;A26PA184;140,500;Paru;1.083;29/04/2022;; -; -; -;;;;18;Xingu e Paru;2026-06-30 09:43:52.357000000;34;PA;Pará;15;Eixo Disponível
2026-07-01;062884;UHE.PH.PA.062884-0;A34PA250;,10;-53,82;15;34;48500.003593/2009-06;A34PA250;104,100;Paru;1.083;29/04/2022;; -; -; -;;;;18;Xingu e Paru;2026-06-30 09:43:52.357000000;34;PA;Pará;15;Eixo Disponível
2026-07-01;064471;PCH.PH.PR.064471-4;Água Clara;-24,01;-52,82;13;39;48500.004773/2022-74;Água Clara;5,500;Rio Goio-Erê;242;29/01/2024;2032-01-29 00:00:00;Ravena Pesquisa Energética Ltda. - 27552105000100; -; -;;;;64;Parana, Paranapanema, Amambai e outros;2026-06-30 09:43:52.357000000;39;PR;Paraná;13;DRS-PCH
2026-07-01;064474;PCH.PH.RO.064474-9;Rondon I;-11,84;-60,73;13;44;48500.006735/2022-56;Rondon I;14,075;Rio Comemoração;242;29/01/2024;2032-01-29 00:00:00;Eletrossol Centrais Elétricas Cassol Ltda - 02301444000192; -; -;;;;15;Madeira;2026-06-30 09:43:52.357000000;44;RO;Rondônia;13;DRS-PCH
2026-07-01;070245;PCH.PH.SP.070245-5;Barra do São Pedro;-24,37;-48,26;15;50;48500.006046/2020-80;Barra do São Pedro;5,400;Taquari;2.986;17/10/2022;; -; -; -;;;;81;Ribeira do Iguape;2026-06-30 09:43:52.357000000;50;SP;São Paulo;15;Eixo Disponível
2026-07-01;070246;PCH.PH.SP.070246-3;Encantado B;-24,40;-48,23;13;50;48500.000160/2023-49;Encantado B;26,000;Rio Taquari;242;29/01/2024;2032-01-29 00:00:00;Agroeldorado Agricultura e Pecuária Ltda - 23372927000158; -; -;;;;81;Ribeira do Iguape;2026-06-30 09:43:52.357000000;50;SP;São Paulo;13;DRS-PCH
2026-07-01;071998;PCH.PH.PR.071998-6;Joelci Carraro ( Antiga Ágata);-26,22;-52,46;13;39;48500.902360/2023-36;Joelci Carraro ( Antiga Ágata);19,999;Rio Chopim;242;29/01/2024;2032-01-29 00:00:00;Joelci Carraro Produtora de Energia Elétrica SPE Ltda. - 58411320000114; -; -;;;;65;Parana, Iguacu;2026-06-30 09:43:52.357000000;39;PR;Paraná;13;DRS-PCH
2026-07-01;071999;PCH.PH.PR.071999-4;Mariposa;-26,21;-52,45;13;39;48500.001962/2023-76;Mariposa;20,000;Chopim;4.172;06/11/2023;2031-11-06 00:00:00;SantaPar Energia Ltda - 48119195000110; -; -;;;;65;Parana, Iguacu;2026-06-30 09:43:52.357000000;39;PR;Paraná;13;DRS-PCH
2026-07-01;072000;PCH.PH.PR.072000-3;Turmalina;-26,19;-52,48;13;39;48500.002157/2023-60;Turmalina;28,000;Chopim;2.765;13/09/2024;2032-09-13 00:00:00;SantaPar Energia Ltda - 48119195000110; -; -;;;;65;Parana, Iguacu;2026-06-30 09:43:52.357000000;39;PR;Paraná;13;DRS-PCH
2026-07-01;072001;PCH.PH.PR.072001-1;Grafeno;-26,18;-52,48;13;39;48500.001824/2023-97;Grafeno;25,000;Rio Chopim;242;29/01/2024;2032-01-29 00:00:00;SantaPar Energia Ltda - 48119195000110; -; -;;;;65;Parana, Iguacu;2026-06-30 09:43:52.357000000;39;PR;Paraná;13;DRS-PCH
2026-07-01;072002;PCH.PH.PR.072002-0;Onix;-26,17;-52,52;13;39;48500.001961/2023-21;Onix;17,600;Chopim;4.256;08/11/2023;2031-11-08 00:00:00;SantaPar Energia Ltda - 48119195000110; -; -;;;;65;Parana, Iguacu;2026-06-30 09:43:52.357000000;39;PR;Paraná;13;DRS-PCH
2026-07-01;072003;PCH.PH.PR.072003-8;Safira;-26,17;-52,53;13;39;48500.002219/2023-33;Safira;28,000;Chopim;2.765;13/09/2024;2032-09-13 00:00:00;SantaPar Energia Ltda - 48119195000110; -; -;;;;65;Parana, Iguacu;2026-06-30 09:43:52.357000000;39;PR;Paraná;13;DRS-PCH
2026-07-01;072462;UHE.PH.SC.072462-9;Guarda Mor;-28,33;-50,66;14;48;48500.003776/2023-71;Guarda Mor;48,000;Pelotas;242;29/01/2024;2032-01-29 00:00:00;Múltipla Participações Ltda - 11649715000196;Alfa – Gestão de Negócios Ltda - 07592063000123;Back Participações e Investimentos Ltda - 16.385.378/0001-90;;;;70;Pelotas;2026-06-30 09:43:52.357000000;48;SC;Santa Catarina;14;DRS-UHE
2026-07-01;072463;UHE.PH.RS.072463-7;Tropeiros;-28,40;-50,57;14;46;48500.004535/2023-40;Tropeiros;45,000;Pelotas;242;29/01/2024;2032-01-29 00:00:00;Múltipla Participações Ltda - 11649715000196;Ker Megam Serviços Empresariais Ltda - 42696145000119; -;;;;70;Pelotas;2026-06-30 09:43:52.357000000;46;RS;Rio Grande do Sul;14;DRS-UHE
2026-07-01;072464;PCH.PH.RS.072464-5;Santa Vitória;-28,41;-50,46;13;46;48500.004536/2023-94;Santa Vitória;26,100;Rio Pelotas;242;29/01/2024;2032-01-29 00:00:00;Múltipla Participações Ltda - 11649715000196;Ker Megam Serviços Empresariais Ltda - 42696145000119; -;;;;70;Pelotas;2026-06-30 09:43:52.357000000;46;RS;Rio Grande do Sul;13;DRS-PCH
2026-07-01;072465;PCH.PH.SC.072465-3;Pelotas;-28,43;-50,41;13;48;48500.004587/2023-16;Pelotas;21,000;Pelotas;242;29/01/2024;2032-01-29 00:00:00;Múltipla Participações Ltda - 11649715000196;Vértice Administração e Incorporação Ltda - 07120505000139;Futuro Participações Ltda - 13.498.321/0001-00;;;;70;Pelotas;2026-06-30 09:43:52.357000000;48;SC;Santa Catarina;13;DRS-PCH
2026-07-01;072466;PCH.PH.SC.072466-1;São João;-28,44;-50,34;13;48;48500.004329/2023-30;São João;18,600;Pelotas;242;29/01/2024;2032-01-29 00:00:00;Múltipla Participações Ltda - 11649715000196;Vértice Administração e Incorporação Ltda - 07120505000139;Futuro Participações Ltda - 13.498.321/0001-00;;;;70;Pelotas;2026-06-30 09:43:52.357000000;48;SC;Santa Catarina;13;DRS-PCH
2026-07-01;072467;PCH.PH.RS.072467-0;Bom Jesus;-28,44;-50,24;13;46;48500.005240/2023-91;Bom Jesus;17,700;Pelotas;242;29/01/2024;2032-01-29 00:00:00;Múltipla Participações Ltda - 11649715000196;Gabriel Mourão Kazapi (CPF nº ***.075.749-** ) -;Norberto Becker Neto (CPF nº ***.205.899-**) -;;;;70;Pelotas;2026-06-30 09:43:52.357000000;46;RS;Rio Grande do Sul;13;DRS-PCH
2026-07-01;072468;PCH.PH.SC.072468-8;Lava Tudo;-28,42;-50,42;13;48;48500.004000/2023-79;Lava Tudo;18,600;Lava Tudo;2.074;15/07/2025;2032-07-15 00:00:00;Múltipla Participações Ltda - 11649715000196; -; -;;;;70;Pelotas;2026-06-30 09:43:52.357000000;48;SC;Santa Catarina;13;DRS-PCH
2026-07-01;072469;PCH.PH.SC.072469-6;Bananeiras;-28,39;-50,39;13;48;48500.004104/2023-83;Bananeiras;21,600;Lava Tudo;2.074;15/07/2025;2032-07-15 00:00:00;Múltipla Participações Ltda - 11649715000196; -; -;;;;70;Pelotas;2026-06-30 09:43:52.357000000;48;SC;Santa Catarina;13;DRS-PCH
2026-07-01;072470;PCH.PH.SC.072470-0;Santa Cruz;-28,38;-50,34;13;48;48500.004278/2023-46;Santa Cruz;22,500;Lava Tudo;2.074;15/07/2025;2033-07-15 00:00:00;Múltipla Participações Ltda - 11649715000196; -; -;;;;70;Pelotas;2026-06-30 09:43:52.357000000;48;SC;Santa Catarina;13;DRS-PCH
2026-07-01;072583;PCH.PH.RS.072583-8;Arroio Divisa;-28,84;-50,84;13;46;48500.004872/2023-37;Arroio Divisa;12,236;Lajeado Grande;2.074;15/07/2025;2032-07-15 00:00:00;Central Geradora Hidrelétrica Arroio Divisa Ltda - 51650970000173; -; -;;;;86;Taquari;2026-06-30 09:43:52.357000000;46;RS;Rio Grande do Sul;13;DRS-PCH
2026-07-01;072890;PCH.PH.SC.072890-0;Norimar Fracasso;-26,79;-52,51;13;48;48500.904803/2023-23;Norimar Fracasso;14,500;Chapecozinho;77;23/01/2025;2033-01-23 00:00:00;ESB Engenharia Ltda - 26932738000180; -; -;;;;73;Uruguai, Chapeco,Passo Fundo e outros;2026-06-30 09:43:52.357000000;48;SC;Santa Catarina;13;DRS-PCH
2026-07-01;072891;PCH.PH.SC.072891-8;Santa Lourdes;-26,81;-52,54;13;48;48500.004804/2023-78;Santa Lourdes;14,750;Chapecozinho;687;07/03/2024;2032-03-07 00:00:00;ESB Engenharia Ltda - 26932738000180; -; -;;;;73;Uruguai, Chapeco,Passo Fundo e outros;2026-06-30 09:43:52.357000000;48;SC;Santa Catarina;13;DRS-PCH
2026-07-01;073210;PCH.PH.MT.073210-9;Edmundo Arantes Júnior;-14,66;-59,34;13;32;48500.005618/2023-56;Edmundo Arantes Júnior;5,250;Sararé;2.074;15/07/2025;2032-07-15 00:00:00;Enebras Projetos de Usinas Hidrelétricas Ltda - 06329975000144; -; -;;;;15;Madeira;2026-06-30 09:43:52.357000000;32;MT;Mato Grosso;13;DRS-PCH
2026-07-01;073211;PCH.PH.MT.073211-7;Atoleiro;-14,69;-59,32;13;32;48500.005407/2023-13;Atoleiro;5,701;Córrego Atoleiro;817;27/03/2023;2031-03-27 00:00:00;Frigorífico Nutribras S.A - 08090575000154;Enebras Projetos de Usinas Hidrelétricas Ltda - 06329975000144;Carlos Sergio Arantes, CPF nº ***.476.148-**, -;;;;15;Madeira;2026-06-30 09:43:52.357000000;32;MT;Mato Grosso;13;DRS-PCH
2026-07-01;073227;PCH.PH.MG.073227-3;Caldas Capivari;-21,90;-46,24;13;26;48500.005292/2023-67;Caldas Capivari;8,000;Capivari;2.765;13/09/2024;2032-09-13 00:00:00;Caldas-Capivari Energia Ltda - 44635545000140; -; -;;;;61;Grande;2026-06-30 09:43:52.357000000;26;MG;Minas Gerais;13;DRS-PCH
2026-07-01;073757;PCH.PH.PR.073757-7;F10;-24,91;-49,46;15;39;48500.006813/2010-89;F10;6,300;Ribeirão do Iguape;5.145;02/01/2024;; -; -; -;;;;81;Ribeira do Iguape;2026-06-30 09:43:52.357000000;39;PR;Paraná;15;Eixo Disponível
2026-07-01;073758;PCH.PH.PR.073758-5;D8;-24,91;-49,49;15;39;48500.006813/2010-89;D8;7,200;Ribeirão do Iguape;5.145;02/01/2024;; -; -; -;;;;81;Ribeira do Iguape;2026-06-30 09:43:52.357000000;39;PR;Paraná;15;Eixo Disponível
2026-07-01;073759;PCH.PH.PR.073759-3;C6;-24,91;-49,45;11;39;48500.038362/2025-25;C6;12,500;Ribeirão do Iguape;103;21/01/2026;2027-03-21 00:00:00;Nascer Renováveis Ltda - 63636316000194; -; -;;;;81;Ribeira do Iguape;2026-06-30 09:43:52.357000000;39;PR;Paraná;11;DRI-PCH
2026-07-01;073760;PCH.PH.PR.073760-7;Pinhal Grande (A3);-24,83;-49,37;13;39;4800.001151/2024-56;Pinhal Grande (A3);11,940;Ribeirão do Iguape;3.105;21/10/2025;2033-10-21 00:00:00;Ribeira do Iguape Geração de Energia Ltda - 47945202000170; -; -;;;;81;Ribeira do Iguape;2026-06-30 09:43:52.357000000;39;PR;Paraná;13;DRS-PCH
2026-07-01;073761;PCH.PH.PR.073761-5;Sete Barras;-24,67;-48,81;13;39;48500.001177/2024-02;Sete Barras;24,545;Ribeirão do Iguape;3.105;21/10/2025;2033-10-21 00:00:00;Ribeira do Iguape Geração de Energia Ltda - 47945202000170; -; -;;;;81;Ribeira do Iguape;2026-06-30 09:43:52.357000000;39;PR;Paraná;13;DRS-PCH
2026-07-01;073762;PCH.PH.PR.073762-3;Porto Velho;-24,68;-48,76;15;39;48500.006813/2010-89;Porto Velho;19,550;Ribeirão do Iguape;5.145;02/01/2024;; -; -; -;;;;81;Ribeira do Iguape;2026-06-30 09:43:52.357000000;39;PR;Paraná;15;Eixo Disponível
2026-07-01;073763;UHE.PH.SP.073763-1;Iporanga II;-24,62;-48,62;15;50;48500.006813/2010-89;Iporanga II;67,200;Ribeira do Iguape;5.145;02/01/2024;; -; -; -;;;;81;Ribeira do Iguape;2026-06-30 09:43:52.357000000;50;SP;São Paulo;15;Eixo Disponível
2026-07-01;073764;UHE.PH.SP.073764-0;Pilões;-24,55;-48,43;15;50;48500.006813/2010-89;Pilões;60,650;Ribeira do Iguape;5.145;02/01/2024;; -; -; -;;;;81;Ribeira do Iguape;2026-06-30 09:43:52.357000000;50;SP;São Paulo;15;Eixo Disponível
2026-07-01;073765;UHE.PH.SP.073765-8;Batatal;-24,59;-48,28;15;50;48500.006813/2010-89;Batatal;40,650;Ribeira do Iguape;5.145;02/01/2024;; -; -; -;;;;81;Ribeira do Iguape;2026-06-30 09:43:52.357000000;50;SP;São Paulo;15;Eixo Disponível
2026-07-01;073766;PCH.PH.SP.073766-6;Taquari;-24,56;-48,18;15;50;48500.006813/2010-89;Taquari;26,900;Ribeirão do Iguape;5.145;02/01/2024;; -; -; -;;;;81;Ribeira do Iguape;2026-06-30 09:43:52.357000000;50;SP;São Paulo;15;Eixo Disponível
2026-07-01;073767;PCH.PH.SP.073767-4;Eldorado;-24,50;-48,06;15;50;48500.006813/2010-89;Eldorado;27,650;Ribeirão do Iguape;5.145;02/01/2024;; -; -; -;;;;81;Ribeira do Iguape;2026-06-30 09:43:52.357000000;50;SP;São Paulo;15;Eixo Disponível
2026-07-01;074013;PCH.PH.PR.074013-6;Itambaracá (CA1);-22,96;-50,53;15;39;48500.005500/2020-85;Itambaracá (CA1);8,620;Das Cinzas;517;27/02/2024;; -; -; -;;;;64;Parana, Paranapanema, Amambai e outros;2026-06-30 09:43:52.357000000;39;PR;Paraná;15;Eixo Disponível
2026-07-01;074014;PCH.PH.PR.074014-4;Pedra do Amor (CB3);-23,04;-50,44;13;39;48500.001877/2024-99;Pedra do Amor (CB3);5,500;Das Cinzas;3.105;21/10/2025;2033-10-21 00:00:00;Ker Megam Serviços Empresariais Ltda - 42696145000119; -; -;;;;64;Parana, Paranapanema, Amambai e outros;2026-06-30 09:43:52.357000000;39;PR;Paraná;13;DRS-PCH
2026-07-01;074015;PCH.PH.PR.074015-2;Ribeirão (CC4);-23,06;-50,39;13;39;48500.001878/2024-33;Ribeirão (CC4);5,150;Das Cinzas;3.105;21/10/2025;2033-10-21 00:00:00;Ker Megam Serviços Empresariais Ltda - 42696145000119; -; -;;;;64;Parana, Paranapanema, Amambai e outros;2026-06-30 09:43:52.357000000;39;PR;Paraná;13;DRS-PCH
2026-07-01;074016;PCH.PH.PR.074016-0;Bandeirantes (CD5);-23,07;-50,33;13;39;48500.001577/2024-18;Bandeirantes (CD5);8,532;Rio das Cinzas;2.765;13/09/2024;2032-09-13 00:00:00;PCH Cataratas Energia SPE Ltda - 47801201000151; -; -;;;;64;Parana, Paranapanema, Amambai e outros;2026-06-30 09:43:52.357000000;39;PR;Paraná;13;DRS-PCH
2026-07-01;074017;PCH.PH.PR.074017-9;Andirá (CE7);-23,11;-50,26;13;39;48500.001291/2024-24;Andirá (CE7);6,213;Rio das Cinzas;2.074;15/07/2025;2032-07-15 00:00:00;Cris Participações e Administração de Bens Ltda - 10374912000187; -; -;;;;64;Parana, Paranapanema, Amambai e outros;2026-06-30 09:43:52.357000000;39;PR;Paraná;13;DRS-PCH
2026-07-01;074018;PCH.PH.PR.074018-7;Platina (CF9);-23,16;-50,22;15;39;48500.005500/2020-85;Platina (CF9);5,060;Das Cinzas;517;27/02/2024;; -; -; -;;;;64;Parana, Paranapanema, Amambai e outros;2026-06-30 09:43:52.357000000;39;PR;Paraná;15;Eixo Disponível
2026-07-01;074019;PCH.PH.PR.074019-5;Dionis Kempe (CG10);-23,21;-50,24;13;39;48500.001293/2024-13;Dionis Kempe (CG10);9,690;Rio das Cinzas;2.074;15/07/2025;2032-07-15 00:00:00;Energética Bandeirantes Ltda - 54369554000190; -; -;;;;64;Parana, Paranapanema, Amambai e outros;2026-06-30 09:43:52.357000000;39;PR;Paraná;13;DRS-PCH
2026-07-01;074020;PCH.PH.PR.074020-9;Santo Antônio (CH12);-23,26;-50,21;13;39;48500.001296/2024-57;Santo Antônio (CH12);6,285;Rio das Cinzas;2.074;15/07/2025;2032-07-15 00:00:00;Cris Participações e Administração de Bens Ltda - 10374912000187; -; -;;;;64;Parana, Paranapanema, Amambai e outros;2026-06-30 09:43:52.357000000;39;PR;Paraná;13;DRS-PCH
2026-07-01;074021;PCH.PH.PR.074021-7;Abatiá (CI14);-23,29;-50,21;15;39;48500.005500/2020-85;Abatiá (CI14);5,160;Das Cinzas;517;27/02/2024;; -; -; -;;;;64;Parana, Paranapanema, Amambai e outros;2026-06-30 09:43:52.357000000;39;PR;Paraná;15;Eixo Disponível
2026-07-01;074022;PCH.PH.PR.074022-5;Pedra Branca (CJ15);-23,38;-50,18;15;39;48500.005500/2020-85;Pedra Branca (CJ15);5,100;Das Cinzas;517;27/02/2024;; -; -; -;;;;64;Parana, Paranapanema, Amambai e outros;2026-06-30 09:43:52.357000000;39;PR;Paraná;15;Eixo Disponível
2026-07-01;074023;PCH.PH.PR.074023-3;Mairinck (CK16);-23,59;-50,08;15;39;48500.005500/2020-85;Mairinck (CK16);5,370;Das Cinzas;517;27/02/2024;; -; -; -;;;;64;Parana, Paranapanema, Amambai e outros;2026-06-30 09:43:52.357000000;39;PR;Paraná;15;Eixo Disponível
2026-07-01;074024;PCH.PH.PR.074024-1;Tomazina (CL17);-23,79;-49,95;13;39;48500.001338/2024-50;Tomazina (CL17);7,822;Rio das Cinzas;2.765;13/09/2024;2032-09-13 00:00:00;Energética Tomazina SPE Ltda - 54404943000109; -; -;;;;64;Parana, Paranapanema, Amambai e outros;2026-06-30 09:43:52.357000000;39;PR;Paraná;13;DRS-PCH
2026-07-01;074025;PCH.PH.PR.074025-0;Arapoti (CN19);-24,18;-49,94;13;39;48500.001290/2024-80;Arapoti (CN19);6,000;Rio das Cinzas;2.765;13/09/2024;2032-09-13 00:00:00;Energética Arapoti Ltda - 54315665000113; -; -;;;;64;Parana, Paranapanema, Amambai e outros;2026-06-30 09:43:52.357000000;39;PR;Paraná;13;DRS-PCH
2026-07-01;074026;PCH.PH.PR.074026-8;Serra das Furnas (CO20);-24,22;-49,95;13;39;48500.001292/2024-79;Serra das Furnas (CO20);5,078;Rio das Cinzas;2.074;15/07/2025;2032-07-15 00:00:00;Energética Serra das Furnas SPE Ltda - 54334492000180; -; -;;;;64;Parana, Paranapanema, Amambai e outros;2026-06-30 09:43:52.357000000;39;PR;Paraná;13;DRS-PCH
2026-07-01;074027;PCH.PH.PR.074027-6;Senhora Mariana (LA21);-23,05;-50,45;13;39;48500.000915/2024-96;Senhora Mariana (LA21);5,260;Rio Laranjinha;3.105;21/10/2025;2033-10-21 00:00:00;Ker Megam Serviços Empresariais Ltda - 42696145000119; -; -;;;;64;Parana, Paranapanema, Amambai e outros;2026-06-30 09:43:52.357000000;39;PR;Paraná;13;DRS-PCH
2026-07-01;074028;PCH.PH.PR.074028-4;Santa Amélia (LB22);-23,19;-50,46;15;39;48500.005500/2020-85;Santa Amélia (LB22);9,790;Laranjinha;517;27/02/2024;; -; -; -;;;;64;Parana, Paranapanema, Amambai e outros;2026-06-30 09:43:52.357000000;39;PR;Paraná;15;Eixo Disponível
2026-07-01;074029;PCH.PH.PR.074029-2;Bonanza (LC23);-23,30;-50,48;13;39;48500.001294/2024-68;Bonanza (LC23);6,723;Rio Laranjinha;2.074;15/07/2025;2032-07-15 00:00:00;Energética São Francisco Ltda - 51215921000102; -; -;;;;64;Parana, Paranapanema, Amambai e outros;2026-06-30 09:43:52.357000000;39;PR;Paraná;13;DRS-PCH
2026-07-01;074030;PCH.PH.PR.074030-6;Ribeirão do Pinhal (LD25);-23,38;-50,45;13;39;48500.000916/2024-31;Ribeirão do Pinhal (LD25);7,000;Laranjinha;3.105;21/10/2025;2033-10-21 00:00:00;Ker Megam Serviços Empresariais Ltda - 42696145000119; -; -;;;;64;Parana, Paranapanema, Amambai e outros;2026-06-30 09:43:52.357000000;39;PR;Paraná;13;DRS-PCH
2026-07-01;074031;PCH.PH.PR.074031-4;Nova Fátima (LE26);-23,43;-50,44;13;39;48500.001295/2024-11;Nova Fátima (LE26);7,619;Laranjinha;2.765;13/09/2024;2032-09-13 00:00:00;Energética Nova Fátima SPE Ltda - 54273293000100; -; -;;;;64;Parana, Paranapanema, Amambai e outros;2026-06-30 09:43:52.357000000;39;PR;Paraná;13;DRS-PCH
2026-07-01;075036;PCH.PH.MS.075036-0;Santo Antônio;-19,15;-52,38;13;30;48500.003753/2024-48;Santo Antônio;9,150;Indaiá Grande;749;10/03/2026;2034-03-10 00:00:00;Munapar Participações Societárias Ltda - 38129729000135;Enebras Projetos de Usinas Hidrelétricas Ltda - 06329975000144;GL Participações em Energia Ltda - 50.189.052/0001-26;;;;63;Parana, Verde , Peixe, e outros;2026-06-30 09:43:52.357000000;30;MS;Mato Grosso do Sul;13;DRS-PCH
2026-07-01;075037;PCH.PH.RS.075037-9;Buongiorno;-28,80;-51,87;11;46;48500.003766/2024-17;Buongiorno;10,250;Carreiro;3.815;19/12/2024;2026-02-19 00:00:00;PPNI Construtora e Incorporadora Ltda - 09262831000106;DW Engenheiros Associados Ltda - 03787089000176; -;;;;86;Taquari;2026-06-30 09:43:52.357000000;46;RS;Rio Grande do Sul;11;DRI-PCH
2026-07-01;075038;PCH.PH.SC.075038-7;Tamanqueiro;-27,49;-50,57;11;48;48500.004015/2024-18;Tamanqueiro;9,700;Canoas;3.850;23/12/2024;2026-02-23 00:00:00;Vaccaro Construtora Ltda - 32270437000131; -; -;;;;71;Canoas;2026-06-30 09:43:52.357000000;48;SC;Santa Catarina;11;DRI-PCH
2026-07-01;075039;PCH.PH.SC.075039-5;Serra do Tabuleiro;-27,76;-48,78;11;48;48500.903631/2024-51;Serra do Tabuleiro;8,000;Vargem do Braço;444;25/02/2025;2026-04-25 00:00:00;Tabuleiro Geração de Energia Ltda - 40447887000185; -; -;;;;84;Tubarao, Capivari e outros;2026-06-30 09:43:52.357000000;48;SC;Santa Catarina;11;DRI-PCH
2026-07-01;075040;PCH.PH.SC.075040-9;Major Gercino;-27,39;-49,02;13;48;48500.003971/2024-82;Major Gercino;10,000;Boa Esperança;1.930;17/06/2026;2034-06-17 00:00:00;Alicerce Administradora de Bens Ltda - 40384792000160; -; -;;;;84;Tubarao, Capivari e outros;2026-06-30 09:43:52.357000000;48;SC;Santa Catarina;13;DRS-PCH
2026-07-01;075041;PCH.PH.MS.075041-7;413,00;-19,69;-53,49;11;30;48500.003754/2024-92;413,00;8,000;Verde;3.821;19/12/2024;2026-02-19 00:00:00;Enebras Projetos de Usinas Hidrelétricas Ltda - 06329975000144;Enebras Participações S.A. - 41413151000159; -;;;;63;Parana, Verde , Peixe, e outros;2026-06-30 09:43:52.357000000;30;MS;Mato Grosso do Sul;11;DRI-PCH
2026-07-01;075042;PCH.PH.GO.075042-5;Cordilheiras;-17,36;-51,07;15;18;48500.004078/2024-74;Cordilheiras;7,700;Verde ou Verdão;3.187;22/10/2024;; -; -; -;;;;60;Paranaiba;2026-06-30 09:43:52.357000000;18;GO;Goiás;15;Eixo Disponível
2026-07-01;075043;PCH.PH.GO.075043-3;Salto da Cachoeira;-17,33;-50,76;11;18;48500.004079/2024-19;Salto da Cachoeira;11,000;Ribeirão Monte Alegre;3.875;27/12/2024;2026-02-27 00:00:00;ESB Engenharia Ltda - 26932738000180; -; -;;;;60;Paranaiba;2026-06-30 09:43:52.357000000;18;GO;Goiás;11;DRI-PCH
2026-07-01;075044;PCH.PH.PR.075044-1;Estrela do Meio;-26,04;-52,09;11;39;48500.004077/2024-20;Estrela do Meio;6,000;Butiá;3.876;27/12/2024;2026-02-27 00:00:00;ESB Engenharia Ltda - 26932738000180; -; -;;;;65;Parana, Iguacu;2026-06-30 09:43:52.357000000;39;PR;Paraná;11;DRI-PCH
2026-07-01;075045;PCH.PH.SC.075045-0;Foz do Rio do Peixe;-27,44;-51,84;13;48;48500.903963/2024-36;Foz do Rio do Peixe;6,100;Do Peixe;2.074;15/07/2025;2032-07-15 00:00:00;Cantu Holding de Participações Ltda - 23267601000160; -; -;;;;72;Uruguai, Inhanduva, Peixe e outros;2026-06-30 09:43:52.357000000;48;SC;Santa Catarina;13;DRS-PCH
2026-07-01;075046;PCH.PH.PR.075046-8;Porto Amazonas;,00;,00;13;39;48500.904149/2024-39;Porto Amazonas;8070,300;Iguaçu;1.633;17/06/2026;2034-06-17 00:00:00;Eletro Energias Renováveis Ltda - 42764367000121; -; -;;;;65;Parana, Iguacu;2026-06-30 09:43:52.357000000;39;PR;Paraná;13;DRS-PCH
2026-07-01;075047;PCH.PH.RS.075047-6;São Jorge;,00;,00;13;46;48500.003961/2024-47;São Jorge;10,000;Arroio da Glória;2.290;05/09/2025;2033-09-05 00:00:00;Azeana Serviços Corporativos Ltda - 31680319000139;Cris Participações e Administração de  Bens Ltda - 10374912000187; -;;;;72;Uruguai, Inhanduva, Peixe e outros;2026-06-30 09:43:52.357000000;46;RS;Rio Grande do Sul;13;DRS-PCH
2026-07-01;075048;PCH.PH.PA.075048-4;Harpia;,00;,00;13;34;48500.904074/2024-96;Harpia;6,000;Ipiranga;3.105;21/10/2025;2033-10-21 00:00:00;Moxy Administração e Participações Ltda - 34208719000134;C-Nível Energias Renováveis Ltda - 16456838000124; -;;;;18;Xingu e Paru;2026-06-30 09:43:52.357000000;34;PA;Pará;13;DRS-PCH
2026-07-01;075049;PCH.PH.PR.075049-2;24 de Outubro;,00;,00;13;39;48500.003979/2024-49;24 de Outubro;15,500;Iratim;1.241;26/05/2026;2034-05-26 00:00:00;PCH 24 de Outubro Geração de Energia SPE Ltda - 57851570000102; -; -;;;;65;Parana, Iguacu;2026-06-30 09:43:52.357000000;39;PR;Paraná;13;DRS-PCH
2026-07-01;075050;PCH.PH.RS.075050-6;Barra Funda;,00;,00;13;46;48500.004102/2024-75;Barra Funda;7,000;Fortaleza;1.241;26/05/2026;2034-05-26 00:00:00;Ecoz – Empreendimentos Imobiliários Ltda - 13030070000134;Enebras Projetos de Usinas Hidrelétricas Ltda - 06329975000144;Eletrobrax – Energia Limpa Brasil Ltda, CNPJ 13.830.487/0001-81 -;;;;74;Uruguai, Varzea, Turvo e outros;2026-06-30 09:43:52.357000000;46;RS;Rio Grande do Sul;13;DRS-PCH
2026-07-01;075051;PCH.PH.RS.075051-4;São Sebastião;-27,58;-53,39;13;46;48500.000466/2025-67;São Sebastião;7,500;Fortaleza;3.105;21/10/2025;2033-10-21 00:00:00;Elbrax Geração de Energias Limpas Ltda. - 11781698000146; -; -;;;;74;Uruguai, Varzea, Turvo e outros;2026-06-30 09:43:52.357000000;46;RS;Rio Grande do Sul;13;DRS-PCH
2026-07-01;075052;PCH.PH.RS.075052-2;Braço-I-B;,00;,00;11;46;48500.904108/2024-42;Braço-I-B;5,200;Bernardo José;127;23/01/2025;2026-03-23 00:00:00;Liga Empreendimentos Imobiliários Ltda - 23267601000160;Construtora Franzoni Junior Ltda - 00277153000180;B&S Ltda - Elluz Energias Renováveis (37.802.066/0001-05) J.E. Empreendimentos Imobiliários   Ltda (22.013.977/0001-86) Cleverson Galvan 015.***.***-24 -;;;;70;Pelotas;2026-06-30 09:43:52.357000000;46;RS;Rio Grande do Sul;11;DRI-PCH
2026-07-01;075053;PCH.PH.RS.075053-0;Araucária-II-C;,00;,00;13;46;48500.904140/2024-28;Araucária-II-C;9,000;Bernardo José;3.105;21/10/2025;2033-10-21 00:00:00;Liga Empreendimentos Imobiliários Ltda - 23267601000160;Construtora Franzoni Junior Ltda - 00277153000180;B&S Ltda - Elluz Energias Renováveis (37.802.066/0001-05) - J.E. Empreendimentos Imobiliários Ltda (22.013.977/0001-86) - Cleverson Galvan 015.***.***-24 -;;;;70;Pelotas;2026-06-30 09:43:52.357000000;46;RS;Rio Grande do Sul;13;DRS-PCH
2026-07-01;075054;PCH.PH.PR.075054-9;Mozart Loures;-26,32;-52,22;13;39;48500.001435/2025-23;Mozart Loures;10,800;Chopim;749;10/03/2026;2034-03-10 00:00:00;Caviza Participações Societárias Ltda - 28037214000151; -; -;;;;65;Parana, Iguacu;2026-06-30 09:43:52.357000000;39;PR;Paraná;13;DRS-PCH
2026-07-01;075055;PCH.PH.PR.075055-7;Clevelândia;,00;,00;13;39;48500.003970/2024-38;Clevelândia;9,800;Chopim;749;10/03/2026;2034-03-10 00:00:00;Getop Empreendimentos e Gestão Ltda - 22048264000158;Paulo Victor Azevedo Viana CPF: ***.628.346-** -; -;;;;65;Parana, Iguacu;2026-06-30 09:43:52.357000000;39;PR;Paraná;13;DRS-PCH
2026-07-01;0075316;PCH.PH.MG.075316-5;Nova Brito (Vinculado ao CGH.PH.MG.000318-2.04);,00;,00;13;26;48500.005975/2020-71;Brito;20,000;Rio Piranga;242;29/01/2024;2032-01-29 00:00:00;Petraprime Gestão e Administração de Propriedade Imobiliária Ltda. - 19156706000175;Paulo Victor Azevedo Viana - 11362834637; -;;;;56;Doce;2026-06-30 09:43:52.357000000;26;MG;Minas Gerais;13;DRS-PCH
2026-07-01;075588;PCH.PH.RS.075588-5;Quebradinha;,00;,00;11;46;48500.009923/2025-89;Quebradinha;8,000;Das Antas;3.259;07/11/2025;2027-01-07 00:00:00;Azeana Serviços Corporativos Ltda - 31680319000139;Alicerce Administradora de Bens Ltda - 40384792000160; -;;;;86;Taquari;2026-06-30 09:43:52.357000000;46;RS;Rio Grande do Sul;11;DRI-PCH
2026-07-01;075589;PCH.PH.SC.075589-3;Travessão;,00;,00;11;48;48500.030082/2025-79;Travessão;6,400;Caveiras;3.085;21/10/2025;2026-12-21 00:00:00;Alg Empreendimentos Imobiliários Ltda - 33808920000190;Cantu Holding de Participações Ltda - 33808920000190;B&S Ltda. – BS Energias Renováveis - 37.802.066/0001-05;;;;71;Canoas;2026-06-30 09:43:52.357000000;48;SC;Santa Catarina;11;DRI-PCH
2026-07-01;076049;PCH.PH.MG.076049-8;Tuneco Alto;,00;,00;15;26;48500.020132/2025-18;Tuneco Alto;8,650;Jacaré;2.611;16/09/2025;; -; -; -;;;;61;Grande;2026-06-30 09:43:52.357000000;26;MG;Minas Gerais;15;Eixo Disponível
2026-07-01;076050;PCH.PH.MG.076050-1;Anil;,00;,00;15;26;48500.020132/2025-18;Anil;10,850;Jacaré;2.611;16/09/2025;; -; -; -;;;;61;Grande;2026-06-30 09:43:52.357000000;26;MG;Minas Gerais;15;Eixo Disponível
2026-07-01;076051;PCH.PH.MG.076051-0;Jacaré;,00;,00;15;26;48500.020132/2025-18;Jacaré;7,650;Jacaré;2.611;16/09/2025;; -; -; -;;;;61;Grande;2026-06-30 09:43:52.357000000;26;MG;Minas Gerais;15;Eixo Disponível
2026-07-01;076057;PCH.PH.RS.076057-9;Pinhão Alto;,00;,00;11;46;48500.003842/2026-56;Pinhão Alto;12,040;Rio das Antas;1.052;30/03/2026;2027-05-30 00:00:00;Múltipla Participações Ltda - 11649715000196;PPNI Construtora e Incorporadora Ltda - 09262831000106; -;;;;86;Taquari;2026-06-30 09:43:52.357000000;46;RS;Rio Grande do Sul;11;DRI-PCH
2026-07-01;076060;UHE.PH.MT.076060-9;Ximari;,00;,00;12;32;48500.904730/2021-16;Ximari;40,750;Ximari;3.746;22/12/2025;2027-02-22 00:00:00;Urban Properties Participações Ltda - 39642714000139; -; -;;;;17;Tapajos;2026-06-30 09:43:52.357000000;32;MT;Mato Grosso;12;DRI-UHE
2026-07-01;076154;PCH.PH.RS.076154-0;Lameque;,00;,00;15;47;48500.904937/2021-82;Lameque;30,000;Uruguai;3.765;30/12/2025;; -; -; -;;;;70;Pelotas;2026-06-30 09:43:52.357000000;47;RS/SC;Rio Grande do Sul / Santa Catarina;15;Eixo Disponível
2026-07-01;076155;PCH.PH.RS.076155-9;Camaquã;,00;,00;11;46;48500.004364/2026-00;Camaquã;27,000;Camaquã;1.051;30/03/2026;2027-05-30 00:00:00;Msul Energias Renováveis Ltda - 05148449000115;Vital Engenharia Ltda - 05194635000190; -;;;;87;Camaqua, Jacui, lagoa dos Patos e outros;2026-06-30 09:43:52.357000000;46;RS;Rio Grande do Sul;11;DRI-PCH
2026-07-01;076156;PCH.PH.RS.076156-7;Marinheiro;,00;,00;15;46;48500.007657/2009-30;Marinheiro;19,000;Camaquã;3.783;31/12/2025;; -; -; -;;;;87;Camaqua, Jacui, lagoa dos Patos e outros;2026-06-30 09:43:52.357000000;46;RS;Rio Grande do Sul;15;Eixo Disponível
2026-07-01;076157;PCH.PH.RS.076157-5;Balsa;,00;,00;15;46;48500.007657/2009-30;Balsa;11,000;Camaquã;3.783;31/12/2025;; -; -; -;;;;87;Camaqua, Jacui, lagoa dos Patos e outros;2026-06-30 09:43:52.357000000;46;RS;Rio Grande do Sul;15;Eixo Disponível
2026-07-01;076158;PCH.PH.RS.076158-3;João Dias;,00;,00;15;46;48500.007657/2009-30;João Dias;8,500;Camaquã;3.783;31/12/2025;; -; -; -;;;;87;Camaqua, Jacui, lagoa dos Patos e outros;2026-06-30 09:43:52.357000000;46;RS;Rio Grande do Sul;15;Eixo Disponível
2026-07-01;076159;PCH.PH.RS.076159-1;Minas;,00;,00;15;46;48500.007657/2009-30;Minas;8,000;Camaquã;3.783;31/12/2025;; -; -; -;;;;87;Camaqua, Jacui, lagoa dos Patos e outros;2026-06-30 09:43:52.357000000;46;RS;Rio Grande do Sul;15;Eixo Disponível
2026-07-01;076413;PCH.PH.PR.076413-2;Cacumbangue;,00;,00;15;46;48500.907038/2022-12;Cacumbangue;7,500;Iratim;970;07/04/2026;; -; -; -;;;;65;Parana, Iguacu;2026-06-30 09:43:52.357000000;46;RS;Rio Grande do Sul;15;Eixo Disponível
2026-07-01;076414;PCH.PH.PR.076414-0;Cantu 3;,00;,00;15;39;48500.903143/2023-63;Cantu 3;9,750;Cantu;992;16/04/2026;; -; -; -;;;;64;Parana, Paranapanema, Amambai e outros;2026-06-30 09:43:52.357000000;39;PR;Paraná;15;Eixo Disponível
2026-07-01;076415;PCH.PH.PR.076415-9;Cantu 4;,00;,00;15;39;48500.903143/2023-63;Cantu 4;8,450;Cantu;992;16/04/2026;; -; -; -;;;;64;Parana, Paranapanema, Amambai e outros;2026-06-30 09:43:52.357000000;39;PR;Paraná;15;Eixo Disponível
2026-07-01;076416;PCH.PH.PR.076416-7;Cantu 5;,00;,00;15;39;48500.903143/2023-63;Cantu 5;7,000;Cantu;992;16/04/2026;; -; -; -;;;;64;Parana, Paranapanema, Amambai e outros;2026-06-30 09:43:52.357000000;39;PR;Paraná;15;Eixo Disponível
