usina;cota_sl_m;cota_sgb_m;area_km2;volume_hm3;arquivo_fonte;registro_snirh;url_download
14 de Julho;62,37;62,3;0,0;0,0;UHE 14 de Julho - CAV SNHIR.xlsx;b8f0487a-df73-4f8d-8b22-bb49cf9f3683;https://metadados.snirh.gov.br/files/b8f0487a-df73-4f8d-8b22-bb49cf9f3683/14_de_Julho.zip
14 de Julho;62,47;62,4;6,047528291028e-06;1,2015951358273e-07;UHE 14 de Julho - CAV SNHIR.xlsx;b8f0487a-df73-4f8d-8b22-bb49cf9f3683;https://metadados.snirh.gov.br/files/b8f0487a-df73-4f8d-8b22-bb49cf9f3683/14_de_Julho.zip
14 de Julho;62,57;62,5;2,2539450341257e-05;1,4931707776266002e-06;UHE 14 de Julho - CAV SNHIR.xlsx;b8f0487a-df73-4f8d-8b22-bb49cf9f3683;https://metadados.snirh.gov.br/files/b8f0487a-df73-4f8d-8b22-bb49cf9f3683/14_de_Julho.zip
14 de Julho;62,67;62,6;4,1158318165761994e-05;4,5465290560377005e-06;UHE 14 de Julho - CAV SNHIR.xlsx;b8f0487a-df73-4f8d-8b22-bb49cf9f3683;https://metadados.snirh.gov.br/files/b8f0487a-df73-4f8d-8b22-bb49cf9f3683/14_de_Julho.zip
14 de Julho;62,77;62,7;6,0655509835552005e-05;9,6315618342071e-06;UHE 14 de Julho - CAV SNHIR.xlsx;b8f0487a-df73-4f8d-8b22-bb49cf9f3683;https://metadados.snirh.gov.br/files/b8f0487a-df73-4f8d-8b22-bb49cf9f3683/14_de_Julho.zip
14 de Julho;62,870000000000005;62,800000000000004;8,0785628925969e-05;1,6524713188509998e-05;UHE 14 de Julho - CAV SNHIR.xlsx;b8f0487a-df73-4f8d-8b22-bb49cf9f3683;https://metadados.snirh.gov.br/files/b8f0487a-df73-4f8d-8b22-bb49cf9f3683/14_de_Julho.zip
14 de Julho;62,970000000000006;62,900000000000006;0,00010106704302699001;2,5609376196241e-05;UHE 14 de Julho - CAV SNHIR.xlsx;b8f0487a-df73-4f8d-8b22-bb49cf9f3683;https://metadados.snirh.gov.br/files/b8f0487a-df73-4f8d-8b22-bb49cf9f3683/14_de_Julho.zip
14 de Julho;63,07000000000001;63,00000000000001;0,00012190107264234;3,6695370435693e-05;UHE 14 de Julho - CAV SNHIR.xlsx;b8f0487a-df73-4f8d-8b22-bb49cf9f3683;https://metadados.snirh.gov.br/files/b8f0487a-df73-4f8d-8b22-bb49cf9f3683/14_de_Julho.zip
14 de Julho;63,17000000000001;63,10000000000001;0,00014371931825629;4,9824891679567994e-05;UHE 14 de Julho - CAV SNHIR.xlsx;b8f0487a-df73-4f8d-8b22-bb49cf9f3683;https://metadados.snirh.gov.br/files/b8f0487a-df73-4f8d-8b22-bb49cf9f3683/14_de_Julho.zip
14 de Julho;63,27000000000001;63,20000000000001;0,00016682319203839002;6,5316129233645e-05;UHE 14 de Julho - CAV SNHIR.xlsx;b8f0487a-df73-4f8d-8b22-bb49cf9f3683;https://metadados.snirh.gov.br/files/b8f0487a-df73-4f8d-8b22-bb49cf9f3683/14_de_Julho.zip
14 de Julho;63,37000000000001;63,30000000000001;0,00019008596188549;8,2903201338137e-05;UHE 14 de Julho - CAV SNHIR.xlsx;b8f0487a-df73-4f8d-8b22-bb49cf9f3683;https://metadados.snirh.gov.br/files/b8f0487a-df73-4f8d-8b22-bb49cf9f3683/14_de_Julho.zip
14 de Julho;63,47000000000001;63,40000000000001;0,00022324282323668;0,00010319531139042;UHE 14 de Julho - CAV SNHIR.xlsx;b8f0487a-df73-4f8d-8b22-bb49cf9f3683;https://metadados.snirh.gov.br/files/b8f0487a-df73-4f8d-8b22-bb49cf9f3683/14_de_Julho.zip
14 de Julho;63,570000000000014;63,500000000000014;0,00026948328039450004;0,00012781469372187;UHE 14 de Julho - CAV SNHIR.xlsx;b8f0487a-df73-4f8d-8b22-bb49cf9f3683;https://metadados.snirh.gov.br/files/b8f0487a-df73-4f8d-8b22-bb49cf9f3683/14_de_Julho.zip
14 de Julho;63,670000000000016;63,600000000000016;0,00031438499425123003;0,00015661361283145998;UHE 14 de Julho - CAV SNHIR.xlsx;b8f0487a-df73-4f8d-8b22-bb49cf9f3683;https://metadados.snirh.gov.br/files/b8f0487a-df73-4f8d-8b22-bb49cf9f3683/14_de_Julho.zip
14 de Julho;63,77000000000002;63,70000000000002;0,00036344680781877;0,00019038330565549;UHE 14 de Julho - CAV SNHIR.xlsx;b8f0487a-df73-4f8d-8b22-bb49cf9f3683;https://metadados.snirh.gov.br/files/b8f0487a-df73-4f8d-8b22-bb49cf9f3683/14_de_Julho.zip
14 de Julho;63,87000000000002;63,80000000000002;0,00041695875601323003;0,00022939006109901002;UHE 14 de Julho - CAV SNHIR.xlsx;b8f0487a-df73-4f8d-8b22-bb49cf9f3683;https://metadados.snirh.gov.br/files/b8f0487a-df73-4f8d-8b22-bb49cf9f3683/14_de_Julho.zip
14 de Julho;63,97000000000002;63,90000000000002;0,00047504870026651003;0,00027357682622354004;UHE 14 de Julho - CAV SNHIR.xlsx;b8f0487a-df73-4f8d-8b22-bb49cf9f3683;https://metadados.snirh.gov.br/files/b8f0487a-df73-4f8d-8b22-bb49cf9f3683/14_de_Julho.zip
14 de Julho;64,07000000000001;64,00000000000001;0,00059054622332815;0,00032596160741831;UHE 14 de Julho - CAV SNHIR.xlsx;b8f0487a-df73-4f8d-8b22-bb49cf9f3683;https://metadados.snirh.gov.br/files/b8f0487a-df73-4f8d-8b22-bb49cf9f3683/14_de_Julho.zip
14 de Julho;64,17;64,10000000000001;0,00074658256679552;0,00039291121829616995;UHE 14 de Julho - CAV SNHIR.xlsx;b8f0487a-df73-4f8d-8b22-bb49cf9f3683;https://metadados.snirh.gov.br/files/b8f0487a-df73-4f8d-8b22-bb49cf9f3683/14_de_Julho.zip
14 de Julho;64,27;64,2;0,00085398544677365;0,00047312118565952;UHE 14 de Julho - CAV SNHIR.xlsx;b8f0487a-df73-4f8d-8b22-bb49cf9f3683;https://metadados.snirh.gov.br/files/b8f0487a-df73-4f8d-8b22-bb49cf9f3683/14_de_Julho.zip
14 de Julho;64,36999999999999;64,3;0,00094468802297661;0,00056298348429904;UHE 14 de Julho - CAV SNHIR.xlsx;b8f0487a-df73-4f8d-8b22-bb49cf9f3683;https://metadados.snirh.gov.br/files/b8f0487a-df73-4f8d-8b22-bb49cf9f3683/14_de_Julho.zip
14 de Julho;64,46999999999998;64,39999999999999;0,0010269302803679;0,0006612898414512801;UHE 14 de Julho - CAV SNHIR.xlsx;b8f0487a-df73-4f8d-8b22-bb49cf9f3683;https://metadados.snirh.gov.br/files/b8f0487a-df73-4f8d-8b22-bb49cf9f3683/14_de_Julho.zip
14 de Julho;64,56999999999998;64,49999999999999;0,0011039277893805;0,00076789694937123;UHE 14 de Julho - CAV SNHIR.xlsx;b8f0487a-df73-4f8d-8b22-bb49cf9f3683;https://metadados.snirh.gov.br/files/b8f0487a-df73-4f8d-8b22-bb49cf9f3683/14_de_Julho.zip
14 de Julho;64,66999999999997;64,59999999999998;0,0011771918068897;0,000881980603275;UHE 14 de Julho - CAV SNHIR.xlsx;b8f0487a-df73-4f8d-8b22-bb49cf9f3683;https://metadados.snirh.gov.br/files/b8f0487a-df73-4f8d-8b22-bb49cf9f3683/14_de_Julho.zip
14 de Julho;64,76999999999997;64,69999999999997;0,0012480226782581002;0,0010026598992336;UHE 14 de Julho - CAV SNHIR.xlsx;b8f0487a-df73-4f8d-8b22-bb49cf9f3683;https://metadados.snirh.gov.br/files/b8f0487a-df73-4f8d-8b22-bb49cf9f3683/14_de_Julho.zip
14 de Julho;64,86999999999996;64,79999999999997;0,0013171375132086;0,0011311890496812;UHE 14 de Julho - CAV SNHIR.xlsx;b8f0487a-df73-4f8d-8b22-bb49cf9f3683;https://metadados.snirh.gov.br/files/b8f0487a-df73-4f8d-8b22-bb49cf9f3683/14_de_Julho.zip
14 de Julho;64,96999999999996;64,89999999999996;0,0013853680444801;0,0012662831294667002;UHE 14 de Julho - CAV SNHIR.xlsx;b8f0487a-df73-4f8d-8b22-bb49cf9f3683;https://metadados.snirh.gov.br/files/b8f0487a-df73-4f8d-8b22-bb49cf9f3683/14_de_Julho.zip
14 de Julho;65,06999999999995;64,99999999999996;0,0014540068281921;0,0014076952534919;UHE 14 de Julho - CAV SNHIR.xlsx;b8f0487a-df73-4f8d-8b22-bb49cf9f3683;https://metadados.snirh.gov.br/files/b8f0487a-df73-4f8d-8b22-bb49cf9f3683/14_de_Julho.zip
14 de Julho;65,16999999999994;65,09999999999995;0,001525119719543;0,0015566801098427;UHE 14 de Julho - CAV SNHIR.xlsx;b8f0487a-df73-4f8d-8b22-bb49cf9f3683;https://metadados.snirh.gov.br/files/b8f0487a-df73-4f8d-8b22-bb49cf9f3683/14_de_Julho.zip
14 de Julho;65,26999999999994;65,19999999999995;0,0015947135334970998;0,0017125289330007;UHE 14 de Julho - CAV SNHIR.xlsx;b8f0487a-df73-4f8d-8b22-bb49cf9f3683;https://metadados.snirh.gov.br/files/b8f0487a-df73-4f8d-8b22-bb49cf9f3683/14_de_Julho.zip
14 de Julho;65,36999999999993;65,29999999999994;0,0016615528699719;0,0018756724196748;UHE 14 de Julho - CAV SNHIR.xlsx;b8f0487a-df73-4f8d-8b22-bb49cf9f3683;https://metadados.snirh.gov.br/files/b8f0487a-df73-4f8d-8b22-bb49cf9f3683/14_de_Julho.zip
14 de Julho;65,46999999999993;65,39999999999993;0,0017618231879979;0,002045908519753;UHE 14 de Julho - CAV SNHIR.xlsx;b8f0487a-df73-4f8d-8b22-bb49cf9f3683;https://metadados.snirh.gov.br/files/b8f0487a-df73-4f8d-8b22-bb49cf9f3683/14_de_Julho.zip
14 de Julho;65,56999999999992;65,49999999999993;0,0018752320836165;0,002227354084937;UHE 14 de Julho - CAV SNHIR.xlsx;b8f0487a-df73-4f8d-8b22-bb49cf9f3683;https://metadados.snirh.gov.br/files/b8f0487a-df73-4f8d-8b22-bb49cf9f3683/14_de_Julho.zip
14 de Julho;65,66999999999992;65,59999999999992;0,0020010841525352;0,00242068268376;UHE 14 de Julho - CAV SNHIR.xlsx;b8f0487a-df73-4f8d-8b22-bb49cf9f3683;https://metadados.snirh.gov.br/files/b8f0487a-df73-4f8d-8b22-bb49cf9f3683/14_de_Julho.zip
14 de Julho;65,76999999999991;65,69999999999992;0,0022093507613862;0,0026312186027487;UHE 14 de Julho - CAV SNHIR.xlsx;b8f0487a-df73-4f8d-8b22-bb49cf9f3683;https://metadados.snirh.gov.br/files/b8f0487a-df73-4f8d-8b22-bb49cf9f3683/14_de_Julho.zip
14 de Julho;65,8699999999999;65,79999999999991;0,0024403555218984003;0,0028622175402195998;UHE 14 de Julho - CAV SNHIR.xlsx;b8f0487a-df73-4f8d-8b22-bb49cf9f3683;https://metadados.snirh.gov.br/files/b8f0487a-df73-4f8d-8b22-bb49cf9f3683/14_de_Julho.zip
14 de Julho;65,9699999999999;65,8999999999999;0,0027111393941962;0,0031193445375622;UHE 14 de Julho - CAV SNHIR.xlsx;b8f0487a-df73-4f8d-8b22-bb49cf9f3683;https://metadados.snirh.gov.br/files/b8f0487a-df73-4f8d-8b22-bb49cf9f3683/14_de_Julho.zip
14 de Julho;66,0699999999999;65,9999999999999;0,0029959599658712;0,0034043511004789003;UHE 14 de Julho - CAV SNHIR.xlsx;b8f0487a-df73-4f8d-8b22-bb49cf9f3683;https://metadados.snirh.gov.br/files/b8f0487a-df73-4f8d-8b22-bb49cf9f3683/14_de_Julho.zip
14 de Julho;66,16999999999989;66,0999999999999;0,0032853338856511;0,003718601537698;UHE 14 de Julho - CAV SNHIR.xlsx;b8f0487a-df73-4f8d-8b22-bb49cf9f3683;https://metadados.snirh.gov.br/files/b8f0487a-df73-4f8d-8b22-bb49cf9f3683/14_de_Julho.zip
14 de Julho;66,26999999999988;66,19999999999989;0,0036444573653555998;0,0040629923080259;UHE 14 de Julho - CAV SNHIR.xlsx;b8f0487a-df73-4f8d-8b22-bb49cf9f3683;https://metadados.snirh.gov.br/files/b8f0487a-df73-4f8d-8b22-bb49cf9f3683/14_de_Julho.zip
14 de Julho;66,36999999999988;66,29999999999988;0,0040722280117356;0,0044480503813051;UHE 14 de Julho - CAV SNHIR.xlsx;b8f0487a-df73-4f8d-8b22-bb49cf9f3683;https://metadados.snirh.gov.br/files/b8f0487a-df73-4f8d-8b22-bb49cf9f3683/14_de_Julho.zip
14 de Julho;66,46999999999987;66,39999999999988;0,0045538688376163;0,004877867655997;UHE 14 de Julho - CAV SNHIR.xlsx;b8f0487a-df73-4f8d-8b22-bb49cf9f3683;https://metadados.snirh.gov.br/files/b8f0487a-df73-4f8d-8b22-bb49cf9f3683/14_de_Julho.zip
14 de Julho;66,56999999999987;66,49999999999987;0,0051391527567714;0,0053611957499093;UHE 14 de Julho - CAV SNHIR.xlsx;b8f0487a-df73-4f8d-8b22-bb49cf9f3683;https://metadados.snirh.gov.br/files/b8f0487a-df73-4f8d-8b22-bb49cf9f3683/14_de_Julho.zip
14 de Julho;66,66999999999986;66,59999999999987;0,0057290699006567;0,0059034005159604;UHE 14 de Julho - CAV SNHIR.xlsx;b8f0487a-df73-4f8d-8b22-bb49cf9f3683;https://metadados.snirh.gov.br/files/b8f0487a-df73-4f8d-8b22-bb49cf9f3683/14_de_Julho.zip
14 de Julho;66,76999999999985;66,69999999999986;0,006327506515357201;0,0065057317999902;UHE 14 de Julho - CAV SNHIR.xlsx;b8f0487a-df73-4f8d-8b22-bb49cf9f3683;https://metadados.snirh.gov.br/files/b8f0487a-df73-4f8d-8b22-bb49cf9f3683/14_de_Julho.zip
14 de Julho;66,86999999999985;66,79999999999986;0,0069458923478177;0,0071675714020354;UHE 14 de Julho - CAV SNHIR.xlsx;b8f0487a-df73-4f8d-8b22-bb49cf9f3683;https://metadados.snirh.gov.br/files/b8f0487a-df73-4f8d-8b22-bb49cf9f3683/14_de_Julho.zip
14 de Julho;66,96999999999984;66,89999999999985;0,0076216756814205;0,00789462249273;UHE 14 de Julho - CAV SNHIR.xlsx;b8f0487a-df73-4f8d-8b22-bb49cf9f3683;https://metadados.snirh.gov.br/files/b8f0487a-df73-4f8d-8b22-bb49cf9f3683/14_de_Julho.zip
14 de Julho;67,06999999999984;66,99999999999984;0,008337475007491301;0,0086914165114451;UHE 14 de Julho - CAV SNHIR.xlsx;b8f0487a-df73-4f8d-8b22-bb49cf9f3683;https://metadados.snirh.gov.br/files/b8f0487a-df73-4f8d-8b22-bb49cf9f3683/14_de_Julho.zip
14 de Julho;67,16999999999983;67,09999999999984;0,0090842743393842;0,0095619562607444;UHE 14 de Julho - CAV SNHIR.xlsx;b8f0487a-df73-4f8d-8b22-bb49cf9f3683;https://metadados.snirh.gov.br/files/b8f0487a-df73-4f8d-8b22-bb49cf9f3683/14_de_Julho.zip
14 de Julho;67,26999999999983;67,19999999999983;0,0098513952519147;0,010507673294754001;UHE 14 de Julho - CAV SNHIR.xlsx;b8f0487a-df73-4f8d-8b22-bb49cf9f3683;https://metadados.snirh.gov.br/files/b8f0487a-df73-4f8d-8b22-bb49cf9f3683/14_de_Julho.zip
14 de Julho;67,36999999999982;67,29999999999983;0,010636282452505;0,01153078355602;UHE 14 de Julho - CAV SNHIR.xlsx;b8f0487a-df73-4f8d-8b22-bb49cf9f3683;https://metadados.snirh.gov.br/files/b8f0487a-df73-4f8d-8b22-bb49cf9f3683/14_de_Julho.zip
14 de Julho;67,46999999999981;67,39999999999982;0,011330171306336;0,012629346825442;UHE 14 de Julho - CAV SNHIR.xlsx;b8f0487a-df73-4f8d-8b22-bb49cf9f3683;https://metadados.snirh.gov.br/files/b8f0487a-df73-4f8d-8b22-bb49cf9f3683/14_de_Julho.zip
14 de Julho;67,56999999999981;67,49999999999982;0,011970330147036001;0,013793567681156998;UHE 14 de Julho - CAV SNHIR.xlsx;b8f0487a-df73-4f8d-8b22-bb49cf9f3683;https://metadados.snirh.gov.br/files/b8f0487a-df73-4f8d-8b22-bb49cf9f3683/14_de_Julho.zip
14 de Julho;67,6699999999998;67,59999999999981;0,012597621402655001;0,015020570430631;UHE 14 de Julho - CAV SNHIR.xlsx;b8f0487a-df73-4f8d-8b22-bb49cf9f3683;https://metadados.snirh.gov.br/files/b8f0487a-df73-4f8d-8b22-bb49cf9f3683/14_de_Julho.zip
14 de Julho;67,7699999999998;67,6999999999998;0,013225885143133;0,016311193673488;UHE 14 de Julho - CAV SNHIR.xlsx;b8f0487a-df73-4f8d-8b22-bb49cf9f3683;https://metadados.snirh.gov.br/files/b8f0487a-df73-4f8d-8b22-bb49cf9f3683/14_de_Julho.zip
14 de Julho;67,86999999999979;67,7999999999998;0,013848532372928001;0,017663624576657;UHE 14 de Julho - CAV SNHIR.xlsx;b8f0487a-df73-4f8d-8b22-bb49cf9f3683;https://metadados.snirh.gov.br/files/b8f0487a-df73-4f8d-8b22-bb49cf9f3683/14_de_Julho.zip
14 de Julho;67,96999999999979;67,89999999999979;0,014473610157881;0,019079656731713;UHE 14 de Julho - CAV SNHIR.xlsx;b8f0487a-df73-4f8d-8b22-bb49cf9f3683;https://metadados.snirh.gov.br/files/b8f0487a-df73-4f8d-8b22-bb49cf9f3683/14_de_Julho.zip
14 de Julho;68,06999999999978;67,99999999999979;0,015097595288722;0,020556569228644;UHE 14 de Julho - CAV SNHIR.xlsx;b8f0487a-df73-4f8d-8b22-bb49cf9f3683;https://metadados.snirh.gov.br/files/b8f0487a-df73-4f8d-8b22-bb49cf9f3683/14_de_Julho.zip
14 de Julho;68,16999999999977;68,09999999999978;0,015742582875934;0,022097531210296003;UHE 14 de Julho - CAV SNHIR.xlsx;b8f0487a-df73-4f8d-8b22-bb49cf9f3683;https://metadados.snirh.gov.br/files/b8f0487a-df73-4f8d-8b22-bb49cf9f3683/14_de_Julho.zip
14 de Julho;68,26999999999977;68,19999999999978;0,016464746417140998;0,023706807605281998;UHE 14 de Julho - CAV SNHIR.xlsx;b8f0487a-df73-4f8d-8b22-bb49cf9f3683;https://metadados.snirh.gov.br/files/b8f0487a-df73-4f8d-8b22-bb49cf9f3683/14_de_Julho.zip
14 de Julho;68,36999999999976;68,29999999999977;0,01715989884261;0,025386683769906;UHE 14 de Julho - CAV SNHIR.xlsx;b8f0487a-df73-4f8d-8b22-bb49cf9f3683;https://metadados.snirh.gov.br/files/b8f0487a-df73-4f8d-8b22-bb49cf9f3683/14_de_Julho.zip
14 de Julho;68,46999999999976;68,39999999999976;0,017835933025358002;0,02713597781718;UHE 14 de Julho - CAV SNHIR.xlsx;b8f0487a-df73-4f8d-8b22-bb49cf9f3683;https://metadados.snirh.gov.br/files/b8f0487a-df73-4f8d-8b22-bb49cf9f3683/14_de_Julho.zip
14 de Julho;68,56999999999975;68,49999999999976;0,018461695140085003;0,028950398766482997;UHE 14 de Julho - CAV SNHIR.xlsx;b8f0487a-df73-4f8d-8b22-bb49cf9f3683;https://metadados.snirh.gov.br/files/b8f0487a-df73-4f8d-8b22-bb49cf9f3683/14_de_Julho.zip
14 de Julho;68,66999999999975;68,59999999999975;0,019077688913498002;0,030826470892064;UHE 14 de Julho - CAV SNHIR.xlsx;b8f0487a-df73-4f8d-8b22-bb49cf9f3683;https://metadados.snirh.gov.br/files/b8f0487a-df73-4f8d-8b22-bb49cf9f3683/14_de_Julho.zip
14 de Julho;68,76999999999974;68,69999999999975;0,019734553106989;0,032765870560191;UHE 14 de Julho - CAV SNHIR.xlsx;b8f0487a-df73-4f8d-8b22-bb49cf9f3683;https://metadados.snirh.gov.br/files/b8f0487a-df73-4f8d-8b22-bb49cf9f3683/14_de_Julho.zip
14 de Julho;68,86999999999973;68,79999999999974;0,020527979418787;0,034776654693466;UHE 14 de Julho - CAV SNHIR.xlsx;b8f0487a-df73-4f8d-8b22-bb49cf9f3683;https://metadados.snirh.gov.br/files/b8f0487a-df73-4f8d-8b22-bb49cf9f3683/14_de_Julho.zip
14 de Julho;68,96999999999973;68,89999999999974;0,021544185934159;0,036878453517684;UHE 14 de Julho - CAV SNHIR.xlsx;b8f0487a-df73-4f8d-8b22-bb49cf9f3683;https://metadados.snirh.gov.br/files/b8f0487a-df73-4f8d-8b22-bb49cf9f3683/14_de_Julho.zip
14 de Julho;69,06999999999972;68,99999999999973;0,022643599975398;0,039084091974709995;UHE 14 de Julho - CAV SNHIR.xlsx;b8f0487a-df73-4f8d-8b22-bb49cf9f3683;https://metadados.snirh.gov.br/files/b8f0487a-df73-4f8d-8b22-bb49cf9f3683/14_de_Julho.zip
14 de Julho;69,16999999999972;69,09999999999972;0,023995397826313002;0,041414072909084006;UHE 14 de Julho - CAV SNHIR.xlsx;b8f0487a-df73-4f8d-8b22-bb49cf9f3683;https://metadados.snirh.gov.br/files/b8f0487a-df73-4f8d-8b22-bb49cf9f3683/14_de_Julho.zip
14 de Julho;69,26999999999971;69,19999999999972;0,025480453660462;0,043887362884885;UHE 14 de Julho - CAV SNHIR.xlsx;b8f0487a-df73-4f8d-8b22-bb49cf9f3683;https://metadados.snirh.gov.br/files/b8f0487a-df73-4f8d-8b22-bb49cf9f3683/14_de_Julho.zip
14 de Julho;69,3699999999997;69,29999999999971;0,026974549709976;0,046507049246886006;UHE 14 de Julho - CAV SNHIR.xlsx;b8f0487a-df73-4f8d-8b22-bb49cf9f3683;https://metadados.snirh.gov.br/files/b8f0487a-df73-4f8d-8b22-bb49cf9f3683/14_de_Julho.zip
14 de Julho;69,4699999999997;69,39999999999971;0,028733517783496;0,049290267903838;UHE 14 de Julho - CAV SNHIR.xlsx;b8f0487a-df73-4f8d-8b22-bb49cf9f3683;https://metadados.snirh.gov.br/files/b8f0487a-df73-4f8d-8b22-bb49cf9f3683/14_de_Julho.zip
14 de Julho;69,5699999999997;69,4999999999997;0,030504077635973;0,05225063555916;UHE 14 de Julho - CAV SNHIR.xlsx;b8f0487a-df73-4f8d-8b22-bb49cf9f3683;https://metadados.snirh.gov.br/files/b8f0487a-df73-4f8d-8b22-bb49cf9f3683/14_de_Julho.zip
14 de Julho;69,66999999999969;69,5999999999997;0,032437467958768;0,055395146432823;UHE 14 de Julho - CAV SNHIR.xlsx;b8f0487a-df73-4f8d-8b22-bb49cf9f3683;https://metadados.snirh.gov.br/files/b8f0487a-df73-4f8d-8b22-bb49cf9f3683/14_de_Julho.zip
14 de Julho;69,76999999999968;69,69999999999969;0,034205896965475005;0,058726007039219;UHE 14 de Julho - CAV SNHIR.xlsx;b8f0487a-df73-4f8d-8b22-bb49cf9f3683;https://metadados.snirh.gov.br/files/b8f0487a-df73-4f8d-8b22-bb49cf9f3683/14_de_Julho.zip
14 de Julho;69,86999999999968;69,79999999999968;0,035975515936051;0,062233472952862;UHE 14 de Julho - CAV SNHIR.xlsx;b8f0487a-df73-4f8d-8b22-bb49cf9f3683;https://metadados.snirh.gov.br/files/b8f0487a-df73-4f8d-8b22-bb49cf9f3683/14_de_Julho.zip
14 de Julho;69,96999999999967;69,89999999999968;0,037651414627298;0,065913542660121;UHE 14 de Julho - CAV SNHIR.xlsx;b8f0487a-df73-4f8d-8b22-bb49cf9f3683;https://metadados.snirh.gov.br/files/b8f0487a-df73-4f8d-8b22-bb49cf9f3683/14_de_Julho.zip
14 de Julho;70,06999999999967;69,99999999999967;0,039439288928929006;0,069764961230545;UHE 14 de Julho - CAV SNHIR.xlsx;b8f0487a-df73-4f8d-8b22-bb49cf9f3683;https://metadados.snirh.gov.br/files/b8f0487a-df73-4f8d-8b22-bb49cf9f3683/14_de_Julho.zip
14 de Julho;70,16999999999966;70,09999999999967;0,041230199360927;0,073796343604752;UHE 14 de Julho - CAV SNHIR.xlsx;b8f0487a-df73-4f8d-8b22-bb49cf9f3683;https://metadados.snirh.gov.br/files/b8f0487a-df73-4f8d-8b22-bb49cf9f3683/14_de_Julho.zip
14 de Julho;70,26999999999965;70,19999999999966;0,043042033060620995;0,078009636560971;UHE 14 de Julho - CAV SNHIR.xlsx;b8f0487a-df73-4f8d-8b22-bb49cf9f3683;https://metadados.snirh.gov.br/files/b8f0487a-df73-4f8d-8b22-bb49cf9f3683/14_de_Julho.zip
14 de Julho;70,36999999999965;70,29999999999966;0,044814411721634;0,082399292680858;UHE 14 de Julho - CAV SNHIR.xlsx;b8f0487a-df73-4f8d-8b22-bb49cf9f3683;https://metadados.snirh.gov.br/files/b8f0487a-df73-4f8d-8b22-bb49cf9f3683/14_de_Julho.zip
14 de Julho;70,46999999999964;70,39999999999965;0,046859396743682;0,086977780301092;UHE 14 de Julho - CAV SNHIR.xlsx;b8f0487a-df73-4f8d-8b22-bb49cf9f3683;https://metadados.snirh.gov.br/files/b8f0487a-df73-4f8d-8b22-bb49cf9f3683/14_de_Julho.zip
14 de Julho;70,56999999999964;70,49999999999964;0,04882843314088;0,091761623848982;UHE 14 de Julho - CAV SNHIR.xlsx;b8f0487a-df73-4f8d-8b22-bb49cf9f3683;https://metadados.snirh.gov.br/files/b8f0487a-df73-4f8d-8b22-bb49cf9f3683/14_de_Julho.zip
14 de Julho;70,66999999999963;70,59999999999964;0,050656076915881997;0,096733652539755;UHE 14 de Julho - CAV SNHIR.xlsx;b8f0487a-df73-4f8d-8b22-bb49cf9f3683;https://metadados.snirh.gov.br/files/b8f0487a-df73-4f8d-8b22-bb49cf9f3683/14_de_Julho.zip
14 de Julho;70,76999999999963;70,69999999999963;0,052426136533350993;0,10188732328789;UHE 14 de Julho - CAV SNHIR.xlsx;b8f0487a-df73-4f8d-8b22-bb49cf9f3683;https://metadados.snirh.gov.br/files/b8f0487a-df73-4f8d-8b22-bb49cf9f3683/14_de_Julho.zip
14 de Julho;70,86999999999962;70,79999999999963;0,054206315708657;0,1072158227798;UHE 14 de Julho - CAV SNHIR.xlsx;b8f0487a-df73-4f8d-8b22-bb49cf9f3683;https://metadados.snirh.gov.br/files/b8f0487a-df73-4f8d-8b22-bb49cf9f3683/14_de_Julho.zip
14 de Julho;70,96999999999962;70,89999999999962;0,056071755321552;0,11272819030852001;UHE 14 de Julho - CAV SNHIR.xlsx;b8f0487a-df73-4f8d-8b22-bb49cf9f3683;https://metadados.snirh.gov.br/files/b8f0487a-df73-4f8d-8b22-bb49cf9f3683/14_de_Julho.zip
14 de Julho;71,06999999999961;70,99999999999962;0,058229441237836;0,11843843557404;UHE 14 de Julho - CAV SNHIR.xlsx;b8f0487a-df73-4f8d-8b22-bb49cf9f3683;https://metadados.snirh.gov.br/files/b8f0487a-df73-4f8d-8b22-bb49cf9f3683/14_de_Julho.zip
14 de Julho;71,1699999999996;71,09999999999961;0,060469003664461;0,12437338899665;UHE 14 de Julho - CAV SNHIR.xlsx;b8f0487a-df73-4f8d-8b22-bb49cf9f3683;https://metadados.snirh.gov.br/files/b8f0487a-df73-4f8d-8b22-bb49cf9f3683/14_de_Julho.zip
14 de Julho;71,2699999999996;71,1999999999996;0,06254913400186;0,13052202985558;UHE 14 de Julho - CAV SNHIR.xlsx;b8f0487a-df73-4f8d-8b22-bb49cf9f3683;https://metadados.snirh.gov.br/files/b8f0487a-df73-4f8d-8b22-bb49cf9f3683/14_de_Julho.zip
14 de Julho;71,36999999999959;71,2999999999996;0,064567811147954;0,13687648058068003;UHE 14 de Julho - CAV SNHIR.xlsx;b8f0487a-df73-4f8d-8b22-bb49cf9f3683;https://metadados.snirh.gov.br/files/b8f0487a-df73-4f8d-8b22-bb49cf9f3683/14_de_Julho.zip
14 de Julho;71,46999999999959;71,3999999999996;0,066585245644704;0,14343036694594002;UHE 14 de Julho - CAV SNHIR.xlsx;b8f0487a-df73-4f8d-8b22-bb49cf9f3683;https://metadados.snirh.gov.br/files/b8f0487a-df73-4f8d-8b22-bb49cf9f3683/14_de_Julho.zip
14 de Julho;71,56999999999958;71,49999999999959;0,06879516512066701;0,15019470299778;UHE 14 de Julho - CAV SNHIR.xlsx;b8f0487a-df73-4f8d-8b22-bb49cf9f3683;https://metadados.snirh.gov.br/files/b8f0487a-df73-4f8d-8b22-bb49cf9f3683/14_de_Julho.zip
14 de Julho;71,66999999999958;71,59999999999958;0,071167931025335;0,15718891383248;UHE 14 de Julho - CAV SNHIR.xlsx;b8f0487a-df73-4f8d-8b22-bb49cf9f3683;https://metadados.snirh.gov.br/files/b8f0487a-df73-4f8d-8b22-bb49cf9f3683/14_de_Julho.zip
14 de Julho;71,76999999999957;71,69999999999958;0,073604128484548;0,16442844618424;UHE 14 de Julho - CAV SNHIR.xlsx;b8f0487a-df73-4f8d-8b22-bb49cf9f3683;https://metadados.snirh.gov.br/files/b8f0487a-df73-4f8d-8b22-bb49cf9f3683/14_de_Julho.zip
14 de Julho;71,86999999999956;71,79999999999957;0,07604839810967;0,1719060254917;UHE 14 de Julho - CAV SNHIR.xlsx;b8f0487a-df73-4f8d-8b22-bb49cf9f3683;https://metadados.snirh.gov.br/files/b8f0487a-df73-4f8d-8b22-bb49cf9f3683/14_de_Julho.zip
14 de Julho;71,96999999999956;71,89999999999957;0,078534599498882;0,17963428241571;UHE 14 de Julho - CAV SNHIR.xlsx;b8f0487a-df73-4f8d-8b22-bb49cf9f3683;https://metadados.snirh.gov.br/files/b8f0487a-df73-4f8d-8b22-bb49cf9f3683/14_de_Julho.zip
14 de Julho;72,06999999999955;71,99999999999956;0,08098044441699201;0,18760709501349998;UHE 14 de Julho - CAV SNHIR.xlsx;b8f0487a-df73-4f8d-8b22-bb49cf9f3683;https://metadados.snirh.gov.br/files/b8f0487a-df73-4f8d-8b22-bb49cf9f3683/14_de_Julho.zip
14 de Julho;72,16999999999955;72,09999999999955;0,083677292107448;0,19583466645374;UHE 14 de Julho - CAV SNHIR.xlsx;b8f0487a-df73-4f8d-8b22-bb49cf9f3683;https://metadados.snirh.gov.br/files/b8f0487a-df73-4f8d-8b22-bb49cf9f3683/14_de_Julho.zip
14 de Julho;72,26999999999954;72,19999999999955;0,08661963477967101;0,20434620860438;UHE 14 de Julho - CAV SNHIR.xlsx;b8f0487a-df73-4f8d-8b22-bb49cf9f3683;https://metadados.snirh.gov.br/files/b8f0487a-df73-4f8d-8b22-bb49cf9f3683/14_de_Julho.zip
14 de Julho;72,36999999999954;72,29999999999954;0,089789406972903;0,21315739998640001;UHE 14 de Julho - CAV SNHIR.xlsx;b8f0487a-df73-4f8d-8b22-bb49cf9f3683;https://metadados.snirh.gov.br/files/b8f0487a-df73-4f8d-8b22-bb49cf9f3683/14_de_Julho.zip
14 de Julho;72,46999999999953;72,39999999999954;0,093411400613488;0,22231196283911;UHE 14 de Julho - CAV SNHIR.xlsx;b8f0487a-df73-4f8d-8b22-bb49cf9f3683;https://metadados.snirh.gov.br/files/b8f0487a-df73-4f8d-8b22-bb49cf9f3683/14_de_Julho.zip
14 de Julho;72,56999999999952;72,49999999999953;0,09709289320390001;0,23183591065403;UHE 14 de Julho - CAV SNHIR.xlsx;b8f0487a-df73-4f8d-8b22-bb49cf9f3683;https://metadados.snirh.gov.br/files/b8f0487a-df73-4f8d-8b22-bb49cf9f3683/14_de_Julho.zip
14 de Julho;72,66999999999952;72,59999999999953;0,10102729412363999;0,24173405905194;UHE 14 de Julho - CAV SNHIR.xlsx;b8f0487a-df73-4f8d-8b22-bb49cf9f3683;https://metadados.snirh.gov.br/files/b8f0487a-df73-4f8d-8b22-bb49cf9f3683/14_de_Julho.zip
14 de Julho;72,76999999999951;72,69999999999952;0,10490321465266;0,25202857350405;UHE 14 de Julho - CAV SNHIR.xlsx;b8f0487a-df73-4f8d-8b22-bb49cf9f3683;https://metadados.snirh.gov.br/files/b8f0487a-df73-4f8d-8b22-bb49cf9f3683/14_de_Julho.zip
14 de Julho;72,86999999999951;72,79999999999951;0,10866266868718001;0,26270365672748003;UHE 14 de Julho - CAV SNHIR.xlsx;b8f0487a-df73-4f8d-8b22-bb49cf9f3683;https://metadados.snirh.gov.br/files/b8f0487a-df73-4f8d-8b22-bb49cf9f3683/14_de_Julho.zip
14 de Julho;72,9699999999995;72,89999999999951;0,11221141742480001;0,27374507673904996;UHE 14 de Julho - CAV SNHIR.xlsx;b8f0487a-df73-4f8d-8b22-bb49cf9f3683;https://metadados.snirh.gov.br/files/b8f0487a-df73-4f8d-8b22-bb49cf9f3683/14_de_Julho.zip
14 de Julho;73,0699999999995;72,9999999999995;0,11574706124444001;0,28514111148452004;UHE 14 de Julho - CAV SNHIR.xlsx;b8f0487a-df73-4f8d-8b22-bb49cf9f3683;https://metadados.snirh.gov.br/files/b8f0487a-df73-4f8d-8b22-bb49cf9f3683/14_de_Julho.zip
14 de Julho;73,16999999999949;73,0999999999995;0,11954460896300001;0,29689708858489;UHE 14 de Julho - CAV SNHIR.xlsx;b8f0487a-df73-4f8d-8b22-bb49cf9f3683;https://metadados.snirh.gov.br/files/b8f0487a-df73-4f8d-8b22-bb49cf9f3683/14_de_Julho.zip
14 de Julho;73,26999999999948;73,19999999999949;0,12339113866774;0,30904391218537;UHE 14 de Julho - CAV SNHIR.xlsx;b8f0487a-df73-4f8d-8b22-bb49cf9f3683;https://metadados.snirh.gov.br/files/b8f0487a-df73-4f8d-8b22-bb49cf9f3683/14_de_Julho.zip
14 de Julho;73,36999999999948;73,29999999999949;0,12698832190449;0,32155890927135;UHE 14 de Julho - CAV SNHIR.xlsx;b8f0487a-df73-4f8d-8b22-bb49cf9f3683;https://metadados.snirh.gov.br/files/b8f0487a-df73-4f8d-8b22-bb49cf9f3683/14_de_Julho.zip
14 de Julho;73,46999999999947;73,39999999999948;0,13055543983244;0,33443646150908;UHE 14 de Julho - CAV SNHIR.xlsx;b8f0487a-df73-4f8d-8b22-bb49cf9f3683;https://metadados.snirh.gov.br/files/b8f0487a-df73-4f8d-8b22-bb49cf9f3683/14_de_Julho.zip
14 de Julho;73,56999999999947;73,49999999999947;0,13417169780385;0,3476660513152;UHE 14 de Julho - CAV SNHIR.xlsx;b8f0487a-df73-4f8d-8b22-bb49cf9f3683;https://metadados.snirh.gov.br/files/b8f0487a-df73-4f8d-8b22-bb49cf9f3683/14_de_Julho.zip
14 de Julho;73,66999999999946;73,59999999999947;0,13795838764271998;0,36127260040329;UHE 14 de Julho - CAV SNHIR.xlsx;b8f0487a-df73-4f8d-8b22-bb49cf9f3683;https://metadados.snirh.gov.br/files/b8f0487a-df73-4f8d-8b22-bb49cf9f3683/14_de_Julho.zip
14 de Julho;73,76999999999946;73,69999999999946;0,14212372519897;0,37526857576166;UHE 14 de Julho - CAV SNHIR.xlsx;b8f0487a-df73-4f8d-8b22-bb49cf9f3683;https://metadados.snirh.gov.br/files/b8f0487a-df73-4f8d-8b22-bb49cf9f3683/14_de_Julho.zip
14 de Julho;73,86999999999945;73,79999999999946;0,14647833287111;0,38969417040702004;UHE 14 de Julho - CAV SNHIR.xlsx;b8f0487a-df73-4f8d-8b22-bb49cf9f3683;https://metadados.snirh.gov.br/files/b8f0487a-df73-4f8d-8b22-bb49cf9f3683/14_de_Julho.zip
14 de Julho;73,96999999999944;73,89999999999945;0,15096665240359;0,40456334317972;UHE 14 de Julho - CAV SNHIR.xlsx;b8f0487a-df73-4f8d-8b22-bb49cf9f3683;https://metadados.snirh.gov.br/files/b8f0487a-df73-4f8d-8b22-bb49cf9f3683/14_de_Julho.zip
14 de Julho;74,06999999999944;73,99999999999945;0,15602661444541;0,41990874540433004;UHE 14 de Julho - CAV SNHIR.xlsx;b8f0487a-df73-4f8d-8b22-bb49cf9f3683;https://metadados.snirh.gov.br/files/b8f0487a-df73-4f8d-8b22-bb49cf9f3683/14_de_Julho.zip
14 de Julho;74,16999999999943;74,09999999999944;0,16148054060470002;0,43577809218376995;UHE 14 de Julho - CAV SNHIR.xlsx;b8f0487a-df73-4f8d-8b22-bb49cf9f3683;https://metadados.snirh.gov.br/files/b8f0487a-df73-4f8d-8b22-bb49cf9f3683/14_de_Julho.zip
14 de Julho;74,26999999999943;74,19999999999943;0,16726327082247;0,45221477404513;UHE 14 de Julho - CAV SNHIR.xlsx;b8f0487a-df73-4f8d-8b22-bb49cf9f3683;https://metadados.snirh.gov.br/files/b8f0487a-df73-4f8d-8b22-bb49cf9f3683/14_de_Julho.zip
14 de Julho;74,36999999999942;74,29999999999943;0,17319507834845999;0,46923354899697;UHE 14 de Julho - CAV SNHIR.xlsx;b8f0487a-df73-4f8d-8b22-bb49cf9f3683;https://metadados.snirh.gov.br/files/b8f0487a-df73-4f8d-8b22-bb49cf9f3683/14_de_Julho.zip
14 de Julho;74,46999999999942;74,39999999999942;0,17939705015277002;0,48685443316424;UHE 14 de Julho - CAV SNHIR.xlsx;b8f0487a-df73-4f8d-8b22-bb49cf9f3683;https://metadados.snirh.gov.br/files/b8f0487a-df73-4f8d-8b22-bb49cf9f3683/14_de_Julho.zip
14 de Julho;74,56999999999941;74,49999999999942;0,18602183132165;0,50511663004671;UHE 14 de Julho - CAV SNHIR.xlsx;b8f0487a-df73-4f8d-8b22-bb49cf9f3683;https://metadados.snirh.gov.br/files/b8f0487a-df73-4f8d-8b22-bb49cf9f3683/14_de_Julho.zip
14 de Julho;74,6699999999994;74,59999999999941;0,19316489830900002;0,52407242435729;UHE 14 de Julho - CAV SNHIR.xlsx;b8f0487a-df73-4f8d-8b22-bb49cf9f3683;https://metadados.snirh.gov.br/files/b8f0487a-df73-4f8d-8b22-bb49cf9f3683/14_de_Julho.zip
14 de Julho;74,7699999999994;74,6999999999994;0,20053297489198998;0,54374484701602;UHE 14 de Julho - CAV SNHIR.xlsx;b8f0487a-df73-4f8d-8b22-bb49cf9f3683;https://metadados.snirh.gov.br/files/b8f0487a-df73-4f8d-8b22-bb49cf9f3683/14_de_Julho.zip
14 de Julho;74,8699999999994;74,7999999999994;0,20839857387783;0,5641872542181;UHE 14 de Julho - CAV SNHIR.xlsx;b8f0487a-df73-4f8d-8b22-bb49cf9f3683;https://metadados.snirh.gov.br/files/b8f0487a-df73-4f8d-8b22-bb49cf9f3683/14_de_Julho.zip
14 de Julho;74,96999999999939;74,8999999999994;0,21679113902135;0,5854372751068;UHE 14 de Julho - CAV SNHIR.xlsx;b8f0487a-df73-4f8d-8b22-bb49cf9f3683;https://metadados.snirh.gov.br/files/b8f0487a-df73-4f8d-8b22-bb49cf9f3683/14_de_Julho.zip
14 de Julho;75,06999999999938;74,99999999999939;0,22568073256485002;0,60755741353302;UHE 14 de Julho - CAV SNHIR.xlsx;b8f0487a-df73-4f8d-8b22-bb49cf9f3683;https://metadados.snirh.gov.br/files/b8f0487a-df73-4f8d-8b22-bb49cf9f3683/14_de_Julho.zip
14 de Julho;75,16999999999938;75,09999999999938;0,23486323364602;0,6305796303493301;UHE 14 de Julho - CAV SNHIR.xlsx;b8f0487a-df73-4f8d-8b22-bb49cf9f3683;https://metadados.snirh.gov.br/files/b8f0487a-df73-4f8d-8b22-bb49cf9f3683/14_de_Julho.zip
14 de Julho;75,26999999999937;75,19999999999938;0,2438000522197;0,65451148353868;UHE 14 de Julho - CAV SNHIR.xlsx;b8f0487a-df73-4f8d-8b22-bb49cf9f3683;https://metadados.snirh.gov.br/files/b8f0487a-df73-4f8d-8b22-bb49cf9f3683/14_de_Julho.zip
14 de Julho;75,36999999999937;75,29999999999937;0,25230535286421;0,67932056184299;UHE 14 de Julho - CAV SNHIR.xlsx;b8f0487a-df73-4f8d-8b22-bb49cf9f3683;https://metadados.snirh.gov.br/files/b8f0487a-df73-4f8d-8b22-bb49cf9f3683/14_de_Julho.zip
14 de Julho;75,46999999999936;75,39999999999937;0,2605533535324;0,70495757664684;UHE 14 de Julho - CAV SNHIR.xlsx;b8f0487a-df73-4f8d-8b22-bb49cf9f3683;https://metadados.snirh.gov.br/files/b8f0487a-df73-4f8d-8b22-bb49cf9f3683/14_de_Julho.zip
14 de Julho;75,56999999999935;75,49999999999936;0,26875077903255;0,73142176074845;UHE 14 de Julho - CAV SNHIR.xlsx;b8f0487a-df73-4f8d-8b22-bb49cf9f3683;https://metadados.snirh.gov.br/files/b8f0487a-df73-4f8d-8b22-bb49cf9f3683/14_de_Julho.zip
14 de Julho;75,66999999999935;75,59999999999935;0,27678011868476;0,7586959787277;UHE 14 de Julho - CAV SNHIR.xlsx;b8f0487a-df73-4f8d-8b22-bb49cf9f3683;https://metadados.snirh.gov.br/files/b8f0487a-df73-4f8d-8b22-bb49cf9f3683/14_de_Julho.zip
14 de Julho;75,76999999999934;75,69999999999935;0,28480712962308996;0,78677702903505;UHE 14 de Julho - CAV SNHIR.xlsx;b8f0487a-df73-4f8d-8b22-bb49cf9f3683;https://metadados.snirh.gov.br/files/b8f0487a-df73-4f8d-8b22-bb49cf9f3683/14_de_Julho.zip
14 de Julho;75,86999999999934;75,79999999999934;0,29264707211145;0,8156457194390799;UHE 14 de Julho - CAV SNHIR.xlsx;b8f0487a-df73-4f8d-8b22-bb49cf9f3683;https://metadados.snirh.gov.br/files/b8f0487a-df73-4f8d-8b22-bb49cf9f3683/14_de_Julho.zip
14 de Julho;75,96999999999933;75,89999999999934;0,30061586884014;0,8453083356660299;UHE 14 de Julho - CAV SNHIR.xlsx;b8f0487a-df73-4f8d-8b22-bb49cf9f3683;https://metadados.snirh.gov.br/files/b8f0487a-df73-4f8d-8b22-bb49cf9f3683/14_de_Julho.zip
14 de Julho;76,06999999999933;75,99999999999933;0,30884197931481;0,87577765818397;UHE 14 de Julho - CAV SNHIR.xlsx;b8f0487a-df73-4f8d-8b22-bb49cf9f3683;https://metadados.snirh.gov.br/files/b8f0487a-df73-4f8d-8b22-bb49cf9f3683/14_de_Julho.zip
14 de Julho;76,16999999999932;76,09999999999933;0,31700885282469;0,90707174449318;UHE 14 de Julho - CAV SNHIR.xlsx;b8f0487a-df73-4f8d-8b22-bb49cf9f3683;https://metadados.snirh.gov.br/files/b8f0487a-df73-4f8d-8b22-bb49cf9f3683/14_de_Julho.zip
14 de Julho;76,26999999999931;76,19999999999932;0,32488690669976;0,9391669348396;UHE 14 de Julho - CAV SNHIR.xlsx;b8f0487a-df73-4f8d-8b22-bb49cf9f3683;https://metadados.snirh.gov.br/files/b8f0487a-df73-4f8d-8b22-bb49cf9f3683/14_de_Julho.zip
14 de Julho;76,36999999999931;76,29999999999932;0,33272348667208;0,97204712328887;UHE 14 de Julho - CAV SNHIR.xlsx;b8f0487a-df73-4f8d-8b22-bb49cf9f3683;https://metadados.snirh.gov.br/files/b8f0487a-df73-4f8d-8b22-bb49cf9f3683/14_de_Julho.zip
14 de Julho;76,4699999999993;76,39999999999931;0,3405673782648;1,0057100468906;UHE 14 de Julho - CAV SNHIR.xlsx;b8f0487a-df73-4f8d-8b22-bb49cf9f3683;https://metadados.snirh.gov.br/files/b8f0487a-df73-4f8d-8b22-bb49cf9f3683/14_de_Julho.zip
14 de Julho;76,5699999999993;76,4999999999993;0,34863710527763997;1,0401654131529;UHE 14 de Julho - CAV SNHIR.xlsx;b8f0487a-df73-4f8d-8b22-bb49cf9f3683;https://metadados.snirh.gov.br/files/b8f0487a-df73-4f8d-8b22-bb49cf9f3683/14_de_Julho.zip
14 de Julho;76,66999999999929;76,5999999999993;0,35738900057327;1,0754591253068;UHE 14 de Julho - CAV SNHIR.xlsx;b8f0487a-df73-4f8d-8b22-bb49cf9f3683;https://metadados.snirh.gov.br/files/b8f0487a-df73-4f8d-8b22-bb49cf9f3683/14_de_Julho.zip
14 de Julho;76,76999999999929;76,69999999999929;0,36710283260054;1,11167521243;UHE 14 de Julho - CAV SNHIR.xlsx;b8f0487a-df73-4f8d-8b22-bb49cf9f3683;https://metadados.snirh.gov.br/files/b8f0487a-df73-4f8d-8b22-bb49cf9f3683/14_de_Julho.zip
14 de Julho;76,86999999999928;76,79999999999929;0,37751360356251;1,1488951478201;UHE 14 de Julho - CAV SNHIR.xlsx;b8f0487a-df73-4f8d-8b22-bb49cf9f3683;https://metadados.snirh.gov.br/files/b8f0487a-df73-4f8d-8b22-bb49cf9f3683/14_de_Julho.zip
14 de Julho;76,96999999999927;76,89999999999928;0,38858942603882;1,1871984982547001;UHE 14 de Julho - CAV SNHIR.xlsx;b8f0487a-df73-4f8d-8b22-bb49cf9f3683;https://metadados.snirh.gov.br/files/b8f0487a-df73-4f8d-8b22-bb49cf9f3683/14_de_Julho.zip
14 de Julho;77,06999999999927;76,99999999999928;0,39932396274184;1,2265863349657;UHE 14 de Julho - CAV SNHIR.xlsx;b8f0487a-df73-4f8d-8b22-bb49cf9f3683;https://metadados.snirh.gov.br/files/b8f0487a-df73-4f8d-8b22-bb49cf9f3683/14_de_Julho.zip
14 de Julho;77,16999999999926;77,09999999999927;0,41078666538055997;1,2670891732626999;UHE 14 de Julho - CAV SNHIR.xlsx;b8f0487a-df73-4f8d-8b22-bb49cf9f3683;https://metadados.snirh.gov.br/files/b8f0487a-df73-4f8d-8b22-bb49cf9f3683/14_de_Julho.zip
14 de Julho;77,26999999999926;77,19999999999926;0,42256243180020997;1,3087555344330999;UHE 14 de Julho - CAV SNHIR.xlsx;b8f0487a-df73-4f8d-8b22-bb49cf9f3683;https://metadados.snirh.gov.br/files/b8f0487a-df73-4f8d-8b22-bb49cf9f3683/14_de_Julho.zip
14 de Julho;77,36999999999925;77,29999999999926;0,4347198793027;1,3516103699548;UHE 14 de Julho - CAV SNHIR.xlsx;b8f0487a-df73-4f8d-8b22-bb49cf9f3683;https://metadados.snirh.gov.br/files/b8f0487a-df73-4f8d-8b22-bb49cf9f3683/14_de_Julho.zip
14 de Julho;77,46999999999925;77,39999999999925;0,44860065132717997;1,3957540103736001;UHE 14 de Julho - CAV SNHIR.xlsx;b8f0487a-df73-4f8d-8b22-bb49cf9f3683;https://metadados.snirh.gov.br/files/b8f0487a-df73-4f8d-8b22-bb49cf9f3683/14_de_Julho.zip
14 de Julho;77,56999999999924;77,49999999999925;0,46298762588892;1,4413400931453;UHE 14 de Julho - CAV SNHIR.xlsx;b8f0487a-df73-4f8d-8b22-bb49cf9f3683;https://metadados.snirh.gov.br/files/b8f0487a-df73-4f8d-8b22-bb49cf9f3683/14_de_Julho.zip
14 de Julho;77,66999999999923;77,59999999999924;0,47613671371108;1,4883053323534001;UHE 14 de Julho - CAV SNHIR.xlsx;b8f0487a-df73-4f8d-8b22-bb49cf9f3683;https://metadados.snirh.gov.br/files/b8f0487a-df73-4f8d-8b22-bb49cf9f3683/14_de_Julho.zip
14 de Julho;77,76999999999923;77,69999999999924;0,48833517375125;1,5365258268984;UHE 14 de Julho - CAV SNHIR.xlsx;b8f0487a-df73-4f8d-8b22-bb49cf9f3683;https://metadados.snirh.gov.br/files/b8f0487a-df73-4f8d-8b22-bb49cf9f3683/14_de_Julho.zip
14 de Julho;77,86999999999922;77,79999999999923;0,50080946968157;1,5859711690219;UHE 14 de Julho - CAV SNHIR.xlsx;b8f0487a-df73-4f8d-8b22-bb49cf9f3683;https://metadados.snirh.gov.br/files/b8f0487a-df73-4f8d-8b22-bb49cf9f3683/14_de_Julho.zip
14 de Julho;77,96999999999922;77,89999999999922;0,51363860213215;1,6366931356693002;UHE 14 de Julho - CAV SNHIR.xlsx;b8f0487a-df73-4f8d-8b22-bb49cf9f3683;https://metadados.snirh.gov.br/files/b8f0487a-df73-4f8d-8b22-bb49cf9f3683/14_de_Julho.zip
14 de Julho;78,06999999999921;77,99999999999922;0,5265467304843701;1,6886988653583999;UHE 14 de Julho - CAV SNHIR.xlsx;b8f0487a-df73-4f8d-8b22-bb49cf9f3683;https://metadados.snirh.gov.br/files/b8f0487a-df73-4f8d-8b22-bb49cf9f3683/14_de_Julho.zip
14 de Julho;78,1699999999992;78,09999999999921;0,53955285356816;1,7419987216569;UHE 14 de Julho - CAV SNHIR.xlsx;b8f0487a-df73-4f8d-8b22-bb49cf9f3683;https://metadados.snirh.gov.br/files/b8f0487a-df73-4f8d-8b22-bb49cf9f3683/14_de_Julho.zip
14 de Julho;78,2699999999992;78,1999999999992;0,55393318412454;1,7966596094182001;UHE 14 de Julho - CAV SNHIR.xlsx;b8f0487a-df73-4f8d-8b22-bb49cf9f3683;https://metadados.snirh.gov.br/files/b8f0487a-df73-4f8d-8b22-bb49cf9f3683/14_de_Julho.zip
14 de Julho;78,3699999999992;78,2999999999992;0,56874542486893;1,8527850075023;UHE 14 de Julho - CAV SNHIR.xlsx;b8f0487a-df73-4f8d-8b22-bb49cf9f3683;https://metadados.snirh.gov.br/files/b8f0487a-df73-4f8d-8b22-bb49cf9f3683/14_de_Julho.zip
14 de Julho;78,46999999999919;78,3999999999992;0,58326979087175;1,9103939107348;UHE 14 de Julho - CAV SNHIR.xlsx;b8f0487a-df73-4f8d-8b22-bb49cf9f3683;https://metadados.snirh.gov.br/files/b8f0487a-df73-4f8d-8b22-bb49cf9f3683/14_de_Julho.zip
14 de Julho;78,56999999999918;78,49999999999919;0,5969626495999599;1,9693985201532;UHE 14 de Julho - CAV SNHIR.xlsx;b8f0487a-df73-4f8d-8b22-bb49cf9f3683;https://metadados.snirh.gov.br/files/b8f0487a-df73-4f8d-8b22-bb49cf9f3683/14_de_Julho.zip
14 de Julho;78,66999999999918;78,59999999999918;0,6102696207592899;2,0297526277882;UHE 14 de Julho - CAV SNHIR.xlsx;b8f0487a-df73-4f8d-8b22-bb49cf9f3683;https://metadados.snirh.gov.br/files/b8f0487a-df73-4f8d-8b22-bb49cf9f3683/14_de_Julho.zip
14 de Julho;78,76999999999917;78,69999999999918;0,62387239533244;2,0914669894025;UHE 14 de Julho - CAV SNHIR.xlsx;b8f0487a-df73-4f8d-8b22-bb49cf9f3683;https://metadados.snirh.gov.br/files/b8f0487a-df73-4f8d-8b22-bb49cf9f3683/14_de_Julho.zip
14 de Julho;78,86999999999917;78,79999999999917;0,6358893675476099;2,1544678524838003;UHE 14 de Julho - CAV SNHIR.xlsx;b8f0487a-df73-4f8d-8b22-bb49cf9f3683;https://metadados.snirh.gov.br/files/b8f0487a-df73-4f8d-8b22-bb49cf9f3683/14_de_Julho.zip
14 de Julho;78,96999999999916;78,89999999999917;0,64705440931006;2,2186100895158;UHE 14 de Julho - CAV SNHIR.xlsx;b8f0487a-df73-4f8d-8b22-bb49cf9f3683;https://metadados.snirh.gov.br/files/b8f0487a-df73-4f8d-8b22-bb49cf9f3683/14_de_Julho.zip
14 de Julho;79,06999999999915;78,99999999999916;0,65828660884689;2,2838661689825;UHE 14 de Julho - CAV SNHIR.xlsx;b8f0487a-df73-4f8d-8b22-bb49cf9f3683;https://metadados.snirh.gov.br/files/b8f0487a-df73-4f8d-8b22-bb49cf9f3683/14_de_Julho.zip
14 de Julho;79,16999999999915;79,09999999999916;0,66961905586954;2,3502609552424;UHE 14 de Julho - CAV SNHIR.xlsx;b8f0487a-df73-4f8d-8b22-bb49cf9f3683;https://metadados.snirh.gov.br/files/b8f0487a-df73-4f8d-8b22-bb49cf9f3683/14_de_Julho.zip
14 de Julho;79,26999999999914;79,19999999999915;0,6805714280011701;2,4177626733586;UHE 14 de Julho - CAV SNHIR.xlsx;b8f0487a-df73-4f8d-8b22-bb49cf9f3683;https://metadados.snirh.gov.br/files/b8f0487a-df73-4f8d-8b22-bb49cf9f3683/14_de_Julho.zip
14 de Julho;79,36999999999914;79,29999999999914;0,69201518766685;2,4863834492290002;UHE 14 de Julho - CAV SNHIR.xlsx;b8f0487a-df73-4f8d-8b22-bb49cf9f3683;https://metadados.snirh.gov.br/files/b8f0487a-df73-4f8d-8b22-bb49cf9f3683/14_de_Julho.zip
14 de Julho;79,46999999999913;79,39999999999914;0,7030222884547;2,5561265096451002;UHE 14 de Julho - CAV SNHIR.xlsx;b8f0487a-df73-4f8d-8b22-bb49cf9f3683;https://metadados.snirh.gov.br/files/b8f0487a-df73-4f8d-8b22-bb49cf9f3683/14_de_Julho.zip
14 de Julho;79,56999999999913;79,49999999999913;0,7136581805073999;2,6269596823572;UHE 14 de Julho - CAV SNHIR.xlsx;b8f0487a-df73-4f8d-8b22-bb49cf9f3683;https://metadados.snirh.gov.br/files/b8f0487a-df73-4f8d-8b22-bb49cf9f3683/14_de_Julho.zip
14 de Julho;79,66999999999912;79,59999999999913;0,72380713560474;2,6988251287997;UHE 14 de Julho - CAV SNHIR.xlsx;b8f0487a-df73-4f8d-8b22-bb49cf9f3683;https://metadados.snirh.gov.br/files/b8f0487a-df73-4f8d-8b22-bb49cf9f3683/14_de_Julho.zip
14 de Julho;79,76999999999911;79,69999999999912;0,73387290145974;2,7717007174137;UHE 14 de Julho - CAV SNHIR.xlsx;b8f0487a-df73-4f8d-8b22-bb49cf9f3683;https://metadados.snirh.gov.br/files/b8f0487a-df73-4f8d-8b22-bb49cf9f3683/14_de_Julho.zip
14 de Julho;79,86999999999911;79,79999999999912;0,74388266130811;2,8455822369030996;UHE 14 de Julho - CAV SNHIR.xlsx;b8f0487a-df73-4f8d-8b22-bb49cf9f3683;https://metadados.snirh.gov.br/files/b8f0487a-df73-4f8d-8b22-bb49cf9f3683/14_de_Julho.zip
14 de Julho;79,9699999999991;79,89999999999911;0,75436506566534;2,9204796389595;UHE 14 de Julho - CAV SNHIR.xlsx;b8f0487a-df73-4f8d-8b22-bb49cf9f3683;https://metadados.snirh.gov.br/files/b8f0487a-df73-4f8d-8b22-bb49cf9f3683/14_de_Julho.zip
14 de Julho;80,0699999999991;79,9999999999991;0,76503280815506;2,9964430463086;UHE 14 de Julho - CAV SNHIR.xlsx;b8f0487a-df73-4f8d-8b22-bb49cf9f3683;https://metadados.snirh.gov.br/files/b8f0487a-df73-4f8d-8b22-bb49cf9f3683/14_de_Julho.zip
14 de Julho;80,16999999999909;80,0999999999991;0,77581296629831;3,0734795348468;UHE 14 de Julho - CAV SNHIR.xlsx;b8f0487a-df73-4f8d-8b22-bb49cf9f3683;https://metadados.snirh.gov.br/files/b8f0487a-df73-4f8d-8b22-bb49cf9f3683/14_de_Julho.zip
14 de Julho;80,26999999999909;80,1999999999991;0,78650527844863;3,1515900579431;UHE 14 de Julho - CAV SNHIR.xlsx;b8f0487a-df73-4f8d-8b22-bb49cf9f3683;https://metadados.snirh.gov.br/files/b8f0487a-df73-4f8d-8b22-bb49cf9f3683/14_de_Julho.zip
14 de Julho;80,36999999999908;80,29999999999909;0,79730879106194;3,2307657409474;UHE 14 de Julho - CAV SNHIR.xlsx;b8f0487a-df73-4f8d-8b22-bb49cf9f3683;https://metadados.snirh.gov.br/files/b8f0487a-df73-4f8d-8b22-bb49cf9f3683/14_de_Julho.zip
14 de Julho;80,46999999999908;80,39999999999908;0,80853055931376;3,3110470303336;UHE 14 de Julho - CAV SNHIR.xlsx;b8f0487a-df73-4f8d-8b22-bb49cf9f3683;https://metadados.snirh.gov.br/files/b8f0487a-df73-4f8d-8b22-bb49cf9f3683/14_de_Julho.zip
14 de Julho;80,56999999999907;80,49999999999908;0,82007704985556;3,3924750650603;UHE 14 de Julho - CAV SNHIR.xlsx;b8f0487a-df73-4f8d-8b22-bb49cf9f3683;https://metadados.snirh.gov.br/files/b8f0487a-df73-4f8d-8b22-bb49cf9f3683/14_de_Julho.zip
14 de Julho;80,66999999999906;80,59999999999907;0,83133372104807;3,4750341591432004;UHE 14 de Julho - CAV SNHIR.xlsx;b8f0487a-df73-4f8d-8b22-bb49cf9f3683;https://metadados.snirh.gov.br/files/b8f0487a-df73-4f8d-8b22-bb49cf9f3683/14_de_Julho.zip
14 de Julho;80,76999999999906;80,69999999999906;0,8433387062524801;3,5587455073151;UHE 14 de Julho - CAV SNHIR.xlsx;b8f0487a-df73-4f8d-8b22-bb49cf9f3683;https://metadados.snirh.gov.br/files/b8f0487a-df73-4f8d-8b22-bb49cf9f3683/14_de_Julho.zip
14 de Julho;80,86999999999905;80,79999999999906;0,85573865494815;3,6436922696234;UHE 14 de Julho - CAV SNHIR.xlsx;b8f0487a-df73-4f8d-8b22-bb49cf9f3683;https://metadados.snirh.gov.br/files/b8f0487a-df73-4f8d-8b22-bb49cf9f3683/14_de_Julho.zip
14 de Julho;80,96999999999905;80,89999999999905;0,86814614953184;3,7298827542194;UHE 14 de Julho - CAV SNHIR.xlsx;b8f0487a-df73-4f8d-8b22-bb49cf9f3683;https://metadados.snirh.gov.br/files/b8f0487a-df73-4f8d-8b22-bb49cf9f3683/14_de_Julho.zip
14 de Julho;81,06999999999904;80,99999999999905;0,88027487418256;3,8172998038056;UHE 14 de Julho - CAV SNHIR.xlsx;b8f0487a-df73-4f8d-8b22-bb49cf9f3683;https://metadados.snirh.gov.br/files/b8f0487a-df73-4f8d-8b22-bb49cf9f3683/14_de_Julho.zip
14 de Julho;81,16999999999904;81,09999999999904;0,8917676814622;3,9058971237273004;UHE 14 de Julho - CAV SNHIR.xlsx;b8f0487a-df73-4f8d-8b22-bb49cf9f3683;https://metadados.snirh.gov.br/files/b8f0487a-df73-4f8d-8b22-bb49cf9f3683/14_de_Julho.zip
14 de Julho;81,26999999999903;81,19999999999904;0,9029796042932899;3,9956311805722002;UHE 14 de Julho - CAV SNHIR.xlsx;b8f0487a-df73-4f8d-8b22-bb49cf9f3683;https://metadados.snirh.gov.br/files/b8f0487a-df73-4f8d-8b22-bb49cf9f3683/14_de_Julho.zip
14 de Julho;81,36999999999902;81,29999999999903;0,91434089757768;4,0864899749765;UHE 14 de Julho - CAV SNHIR.xlsx;b8f0487a-df73-4f8d-8b22-bb49cf9f3683;https://metadados.snirh.gov.br/files/b8f0487a-df73-4f8d-8b22-bb49cf9f3683/14_de_Julho.zip
14 de Julho;81,46999999999902;81,39999999999903;0,92559837449194;4,1784687352296;UHE 14 de Julho - CAV SNHIR.xlsx;b8f0487a-df73-4f8d-8b22-bb49cf9f3683;https://metadados.snirh.gov.br/files/b8f0487a-df73-4f8d-8b22-bb49cf9f3683/14_de_Julho.zip
14 de Julho;81,56999999999901;81,49999999999902;0,93672783839569;4,271592286337301;UHE 14 de Julho - CAV SNHIR.xlsx;b8f0487a-df73-4f8d-8b22-bb49cf9f3683;https://metadados.snirh.gov.br/files/b8f0487a-df73-4f8d-8b22-bb49cf9f3683/14_de_Julho.zip
14 de Julho;81,669999999999;81,59999999999901;0,9475701213645299;4,3657930305351;UHE 14 de Julho - CAV SNHIR.xlsx;b8f0487a-df73-4f8d-8b22-bb49cf9f3683;https://metadados.snirh.gov.br/files/b8f0487a-df73-4f8d-8b22-bb49cf9f3683/14_de_Julho.zip
14 de Julho;81,769999999999;81,69999999999901;0,95865992770455;4,461097610999199;UHE 14 de Julho - CAV SNHIR.xlsx;b8f0487a-df73-4f8d-8b22-bb49cf9f3683;https://metadados.snirh.gov.br/files/b8f0487a-df73-4f8d-8b22-bb49cf9f3683/14_de_Julho.zip
14 de Julho;81,869999999999;81,799999999999;0,9698346121509901;4,5575177590835;UHE 14 de Julho - CAV SNHIR.xlsx;b8f0487a-df73-4f8d-8b22-bb49cf9f3683;https://metadados.snirh.gov.br/files/b8f0487a-df73-4f8d-8b22-bb49cf9f3683/14_de_Julho.zip
14 de Julho;81,96999999999899;81,899999999999;0,98116318344686;4,6550668571306;UHE 14 de Julho - CAV SNHIR.xlsx;b8f0487a-df73-4f8d-8b22-bb49cf9f3683;https://metadados.snirh.gov.br/files/b8f0487a-df73-4f8d-8b22-bb49cf9f3683/14_de_Julho.zip
14 de Julho;82,06999999999898;81,99999999999899;0,99183242101452;4,7537045697585;UHE 14 de Julho - CAV SNHIR.xlsx;b8f0487a-df73-4f8d-8b22-bb49cf9f3683;https://metadados.snirh.gov.br/files/b8f0487a-df73-4f8d-8b22-bb49cf9f3683/14_de_Julho.zip
14 de Julho;82,16999999999898;82,09999999999899;1,0025516083572001;4,8534127637277;UHE 14 de Julho - CAV SNHIR.xlsx;b8f0487a-df73-4f8d-8b22-bb49cf9f3683;https://metadados.snirh.gov.br/files/b8f0487a-df73-4f8d-8b22-bb49cf9f3683/14_de_Julho.zip
14 de Julho;82,26999999999897;82,19999999999898;1,0137975872443001;4,9542249864107;UHE 14 de Julho - CAV SNHIR.xlsx;b8f0487a-df73-4f8d-8b22-bb49cf9f3683;https://metadados.snirh.gov.br/files/b8f0487a-df73-4f8d-8b22-bb49cf9f3683/14_de_Julho.zip
14 de Julho;82,36999999999897;82,29999999999897;1,025554957597;5,0561789923782;UHE 14 de Julho - CAV SNHIR.xlsx;b8f0487a-df73-4f8d-8b22-bb49cf9f3683;https://metadados.snirh.gov.br/files/b8f0487a-df73-4f8d-8b22-bb49cf9f3683/14_de_Julho.zip
14 de Julho;82,46999999999896;82,39999999999897;1,0382525173529;5,1593653345396;UHE 14 de Julho - CAV SNHIR.xlsx;b8f0487a-df73-4f8d-8b22-bb49cf9f3683;https://metadados.snirh.gov.br/files/b8f0487a-df73-4f8d-8b22-bb49cf9f3683/14_de_Julho.zip
14 de Julho;82,56999999999896;82,49999999999896;1,0505913640934998;5,263810160947901;UHE 14 de Julho - CAV SNHIR.xlsx;b8f0487a-df73-4f8d-8b22-bb49cf9f3683;https://metadados.snirh.gov.br/files/b8f0487a-df73-4f8d-8b22-bb49cf9f3683/14_de_Julho.zip
14 de Julho;82,66999999999895;82,59999999999896;1,0631475447052;5,3694740247306;UHE 14 de Julho - CAV SNHIR.xlsx;b8f0487a-df73-4f8d-8b22-bb49cf9f3683;https://metadados.snirh.gov.br/files/b8f0487a-df73-4f8d-8b22-bb49cf9f3683/14_de_Julho.zip
14 de Julho;82,76999999999894;82,69999999999895;1,0764675397276;5,476445310392;UHE 14 de Julho - CAV SNHIR.xlsx;b8f0487a-df73-4f8d-8b22-bb49cf9f3683;https://metadados.snirh.gov.br/files/b8f0487a-df73-4f8d-8b22-bb49cf9f3683/14_de_Julho.zip
14 de Julho;82,86999999999894;82,79999999999895;1,0900390968836;5,584772646480101;UHE 14 de Julho - CAV SNHIR.xlsx;b8f0487a-df73-4f8d-8b22-bb49cf9f3683;https://metadados.snirh.gov.br/files/b8f0487a-df73-4f8d-8b22-bb49cf9f3683/14_de_Julho.zip
14 de Julho;82,96999999999893;82,89999999999894;1,1034263703437999;5,6944432605129;UHE 14 de Julho - CAV SNHIR.xlsx;b8f0487a-df73-4f8d-8b22-bb49cf9f3683;https://metadados.snirh.gov.br/files/b8f0487a-df73-4f8d-8b22-bb49cf9f3683/14_de_Julho.zip
14 de Julho;83,06999999999893;82,99999999999893;1,1160335643678998;5,8054079291709995;UHE 14 de Julho - CAV SNHIR.xlsx;b8f0487a-df73-4f8d-8b22-bb49cf9f3683;https://metadados.snirh.gov.br/files/b8f0487a-df73-4f8d-8b22-bb49cf9f3683/14_de_Julho.zip
14 de Julho;83,16999999999892;83,09999999999893;1,1284839222454999;5,917631490391201;UHE 14 de Julho - CAV SNHIR.xlsx;b8f0487a-df73-4f8d-8b22-bb49cf9f3683;https://metadados.snirh.gov.br/files/b8f0487a-df73-4f8d-8b22-bb49cf9f3683/14_de_Julho.zip
14 de Julho;83,26999999999892;83,19999999999892;1,1416105255279;6,0311227141467;UHE 14 de Julho - CAV SNHIR.xlsx;b8f0487a-df73-4f8d-8b22-bb49cf9f3683;https://metadados.snirh.gov.br/files/b8f0487a-df73-4f8d-8b22-bb49cf9f3683/14_de_Julho.zip
14 de Julho;83,36999999999891;83,29999999999892;1,1554106727450002;6,145961351044099;UHE 14 de Julho - CAV SNHIR.xlsx;b8f0487a-df73-4f8d-8b22-bb49cf9f3683;https://metadados.snirh.gov.br/files/b8f0487a-df73-4f8d-8b22-bb49cf9f3683/14_de_Julho.zip
14 de Julho;83,4699999999989;83,39999999999891;1,1697229507977;6,262207820902501;UHE 14 de Julho - CAV SNHIR.xlsx;b8f0487a-df73-4f8d-8b22-bb49cf9f3683;https://metadados.snirh.gov.br/files/b8f0487a-df73-4f8d-8b22-bb49cf9f3683/14_de_Julho.zip
14 de Julho;83,5699999999989;83,4999999999989;1,1835361114539;6,3798782791496995;UHE 14 de Julho - CAV SNHIR.xlsx;b8f0487a-df73-4f8d-8b22-bb49cf9f3683;https://metadados.snirh.gov.br/files/b8f0487a-df73-4f8d-8b22-bb49cf9f3683/14_de_Julho.zip
14 de Julho;83,6699999999989;83,5999999999989;1,1964564811974001;6,498868712835701;UHE 14 de Julho - CAV SNHIR.xlsx;b8f0487a-df73-4f8d-8b22-bb49cf9f3683;https://metadados.snirh.gov.br/files/b8f0487a-df73-4f8d-8b22-bb49cf9f3683/14_de_Julho.zip
14 de Julho;83,76999999999889;83,6999999999989;1,2092801418639998;6,6191546245829;UHE 14 de Julho - CAV SNHIR.xlsx;b8f0487a-df73-4f8d-8b22-bb49cf9f3683;https://metadados.snirh.gov.br/files/b8f0487a-df73-4f8d-8b22-bb49cf9f3683/14_de_Julho.zip
14 de Julho;83,86999999999888;83,79999999999889;1,2218467015477;6,740704530670199;UHE 14 de Julho - CAV SNHIR.xlsx;b8f0487a-df73-4f8d-8b22-bb49cf9f3683;https://metadados.snirh.gov.br/files/b8f0487a-df73-4f8d-8b22-bb49cf9f3683/14_de_Julho.zip
14 de Julho;83,96999999999888;83,89999999999888;1,2336454893787;6,8634833259163;UHE 14 de Julho - CAV SNHIR.xlsx;b8f0487a-df73-4f8d-8b22-bb49cf9f3683;https://metadados.snirh.gov.br/files/b8f0487a-df73-4f8d-8b22-bb49cf9f3683/14_de_Julho.zip
14 de Julho;84,06999999999887;83,99999999999888;1,2454479645008;6,9874306724848;UHE 14 de Julho - CAV SNHIR.xlsx;b8f0487a-df73-4f8d-8b22-bb49cf9f3683;https://metadados.snirh.gov.br/files/b8f0487a-df73-4f8d-8b22-bb49cf9f3683/14_de_Julho.zip
14 de Julho;84,16999999999886;84,09999999999887;1,2577964692649999;7,1125890917256;UHE 14 de Julho - CAV SNHIR.xlsx;b8f0487a-df73-4f8d-8b22-bb49cf9f3683;https://metadados.snirh.gov.br/files/b8f0487a-df73-4f8d-8b22-bb49cf9f3683/14_de_Julho.zip
14 de Julho;84,26999999999886;84,19999999999887;1,2706970370445;7,2389989482458;UHE 14 de Julho - CAV SNHIR.xlsx;b8f0487a-df73-4f8d-8b22-bb49cf9f3683;https://metadados.snirh.gov.br/files/b8f0487a-df73-4f8d-8b22-bb49cf9f3683/14_de_Julho.zip
14 de Julho;84,36999999999885;84,29999999999886;1,2842142976079;7,3667447699304995;UHE 14 de Julho - CAV SNHIR.xlsx;b8f0487a-df73-4f8d-8b22-bb49cf9f3683;https://metadados.snirh.gov.br/files/b8f0487a-df73-4f8d-8b22-bb49cf9f3683/14_de_Julho.zip
14 de Julho;84,46999999999885;84,39999999999885;1,2977426008183;7,4958399383934005;UHE 14 de Julho - CAV SNHIR.xlsx;b8f0487a-df73-4f8d-8b22-bb49cf9f3683;https://metadados.snirh.gov.br/files/b8f0487a-df73-4f8d-8b22-bb49cf9f3683/14_de_Julho.zip
14 de Julho;84,56999999999884;84,49999999999885;1,3114491933472001;7,6263005641863995;UHE 14 de Julho - CAV SNHIR.xlsx;b8f0487a-df73-4f8d-8b22-bb49cf9f3683;https://metadados.snirh.gov.br/files/b8f0487a-df73-4f8d-8b22-bb49cf9f3683/14_de_Julho.zip
14 de Julho;84,66999999999884;84,59999999999884;1,3244458151958;7,7580925935312;UHE 14 de Julho - CAV SNHIR.xlsx;b8f0487a-df73-4f8d-8b22-bb49cf9f3683;https://metadados.snirh.gov.br/files/b8f0487a-df73-4f8d-8b22-bb49cf9f3683/14_de_Julho.zip
14 de Julho;84,76999999999883;84,69999999999884;1,3375968726206;7,891185724963701;UHE 14 de Julho - CAV SNHIR.xlsx;b8f0487a-df73-4f8d-8b22-bb49cf9f3683;https://metadados.snirh.gov.br/files/b8f0487a-df73-4f8d-8b22-bb49cf9f3683/14_de_Julho.zip
14 de Julho;84,86999999999883;84,79999999999883;1,3513391227718998;8,0256292477156;UHE 14 de Julho - CAV SNHIR.xlsx;b8f0487a-df73-4f8d-8b22-bb49cf9f3683;https://metadados.snirh.gov.br/files/b8f0487a-df73-4f8d-8b22-bb49cf9f3683/14_de_Julho.zip
14 de Julho;84,96999999999882;84,89999999999883;1,3650209368491;8,1614433010714;UHE 14 de Julho - CAV SNHIR.xlsx;b8f0487a-df73-4f8d-8b22-bb49cf9f3683;https://metadados.snirh.gov.br/files/b8f0487a-df73-4f8d-8b22-bb49cf9f3683/14_de_Julho.zip
14 de Julho;85,06999999999881;84,99999999999882;1,3787695987038;8,298631256787;UHE 14 de Julho - CAV SNHIR.xlsx;b8f0487a-df73-4f8d-8b22-bb49cf9f3683;https://metadados.snirh.gov.br/files/b8f0487a-df73-4f8d-8b22-bb49cf9f3683/14_de_Julho.zip
14 de Julho;85,16999999999881;85,09999999999881;1,3916072632162;8,4371484169562;UHE 14 de Julho - CAV SNHIR.xlsx;b8f0487a-df73-4f8d-8b22-bb49cf9f3683;https://metadados.snirh.gov.br/files/b8f0487a-df73-4f8d-8b22-bb49cf9f3683/14_de_Julho.zip
14 de Julho;85,2699999999988;85,19999999999881;1,4040301738086;8,5769244275041;UHE 14 de Julho - CAV SNHIR.xlsx;b8f0487a-df73-4f8d-8b22-bb49cf9f3683;https://metadados.snirh.gov.br/files/b8f0487a-df73-4f8d-8b22-bb49cf9f3683/14_de_Julho.zip
14 de Julho;85,3699999999988;85,2999999999988;1,4166169464556;8,7179534579337;UHE 14 de Julho - CAV SNHIR.xlsx;b8f0487a-df73-4f8d-8b22-bb49cf9f3683;https://metadados.snirh.gov.br/files/b8f0487a-df73-4f8d-8b22-bb49cf9f3683/14_de_Julho.zip
14 de Julho;85,46999999999879;85,3999999999988;1,4294108013272;8,8602525431039;UHE 14 de Julho - CAV SNHIR.xlsx;b8f0487a-df73-4f8d-8b22-bb49cf9f3683;https://metadados.snirh.gov.br/files/b8f0487a-df73-4f8d-8b22-bb49cf9f3683/14_de_Julho.zip
14 de Julho;85,56999999999879;85,49999999999879;1,4424464535680002;9,0038278830342;UHE 14 de Julho - CAV SNHIR.xlsx;b8f0487a-df73-4f8d-8b22-bb49cf9f3683;https://metadados.snirh.gov.br/files/b8f0487a-df73-4f8d-8b22-bb49cf9f3683/14_de_Julho.zip
14 de Julho;85,66999999999878;85,59999999999879;1,4553206879868;9,1487260768116;UHE 14 de Julho - CAV SNHIR.xlsx;b8f0487a-df73-4f8d-8b22-bb49cf9f3683;https://metadados.snirh.gov.br/files/b8f0487a-df73-4f8d-8b22-bb49cf9f3683/14_de_Julho.zip
14 de Julho;85,76999999999877;85,69999999999878;1,4673033845656;9,294857940652701;UHE 14 de Julho - CAV SNHIR.xlsx;b8f0487a-df73-4f8d-8b22-bb49cf9f3683;https://metadados.snirh.gov.br/files/b8f0487a-df73-4f8d-8b22-bb49cf9f3683/14_de_Julho.zip
14 de Julho;85,86999999999877;85,79999999999878;1,4785227112400001;9,4421469377139;UHE 14 de Julho - CAV SNHIR.xlsx;b8f0487a-df73-4f8d-8b22-bb49cf9f3683;https://metadados.snirh.gov.br/files/b8f0487a-df73-4f8d-8b22-bb49cf9f3683/14_de_Julho.zip
14 de Julho;85,96999999999876;85,89999999999877;1,4898898766495001;9,5905594589664;UHE 14 de Julho - CAV SNHIR.xlsx;b8f0487a-df73-4f8d-8b22-bb49cf9f3683;https://metadados.snirh.gov.br/files/b8f0487a-df73-4f8d-8b22-bb49cf9f3683/14_de_Julho.zip
14 de Julho;86,06999999999876;85,99999999999876;1,5014933507286001;9,7401206709178;UHE 14 de Julho - CAV SNHIR.xlsx;b8f0487a-df73-4f8d-8b22-bb49cf9f3683;https://metadados.snirh.gov.br/files/b8f0487a-df73-4f8d-8b22-bb49cf9f3683/14_de_Julho.zip
14 de Julho;86,16999999999875;86,09999999999876;1,5126208768782001;9,8908264410407;UHE 14 de Julho - CAV SNHIR.xlsx;b8f0487a-df73-4f8d-8b22-bb49cf9f3683;https://metadados.snirh.gov.br/files/b8f0487a-df73-4f8d-8b22-bb49cf9f3683/14_de_Julho.zip
14 de Julho;86,26999999999875;86,19999999999875;1,52381101034;10,042642762049999;UHE 14 de Julho - CAV SNHIR.xlsx;b8f0487a-df73-4f8d-8b22-bb49cf9f3683;https://metadados.snirh.gov.br/files/b8f0487a-df73-4f8d-8b22-bb49cf9f3683/14_de_Julho.zip
14 de Julho;86,36999999999874;86,29999999999875;1,5350540847199001;10,195585844982;UHE 14 de Julho - CAV SNHIR.xlsx;b8f0487a-df73-4f8d-8b22-bb49cf9f3683;https://metadados.snirh.gov.br/files/b8f0487a-df73-4f8d-8b22-bb49cf9f3683/14_de_Julho.zip
14 de Julho;86,46999999999873;86,39999999999874;1,5469509296822999;10,349669262371;UHE 14 de Julho - CAV SNHIR.xlsx;b8f0487a-df73-4f8d-8b22-bb49cf9f3683;https://metadados.snirh.gov.br/files/b8f0487a-df73-4f8d-8b22-bb49cf9f3683/14_de_Julho.zip
14 de Julho;86,56999999999873;86,49999999999874;1,5596292153986;10,504983948181;UHE 14 de Julho - CAV SNHIR.xlsx;b8f0487a-df73-4f8d-8b22-bb49cf9f3683;https://metadados.snirh.gov.br/files/b8f0487a-df73-4f8d-8b22-bb49cf9f3683/14_de_Julho.zip
14 de Julho;86,66999999999872;86,59999999999873;1,5730331754819;10,661594351957001;UHE 14 de Julho - CAV SNHIR.xlsx;b8f0487a-df73-4f8d-8b22-bb49cf9f3683;https://metadados.snirh.gov.br/files/b8f0487a-df73-4f8d-8b22-bb49cf9f3683/14_de_Julho.zip
14 de Julho;86,76999999999872;86,69999999999872;1,5883498723306;10,819648055123;UHE 14 de Julho - CAV SNHIR.xlsx;b8f0487a-df73-4f8d-8b22-bb49cf9f3683;https://metadados.snirh.gov.br/files/b8f0487a-df73-4f8d-8b22-bb49cf9f3683/14_de_Julho.zip
14 de Julho;86,86999999999871;86,79999999999872;1,6056515889009;10,979318052294;UHE 14 de Julho - CAV SNHIR.xlsx;b8f0487a-df73-4f8d-8b22-bb49cf9f3683;https://metadados.snirh.gov.br/files/b8f0487a-df73-4f8d-8b22-bb49cf9f3683/14_de_Julho.zip
14 de Julho;86,9699999999987;86,89999999999871;1,6254711064534002;11,140843667695;UHE 14 de Julho - CAV SNHIR.xlsx;b8f0487a-df73-4f8d-8b22-bb49cf9f3683;https://metadados.snirh.gov.br/files/b8f0487a-df73-4f8d-8b22-bb49cf9f3683/14_de_Julho.zip
14 de Julho;87,0699999999987;86,9999999999987;1,6476816600591;11,304473374026001;UHE 14 de Julho - CAV SNHIR.xlsx;b8f0487a-df73-4f8d-8b22-bb49cf9f3683;https://metadados.snirh.gov.br/files/b8f0487a-df73-4f8d-8b22-bb49cf9f3683/14_de_Julho.zip
14 de Julho;87,1699999999987;87,0999999999987;1,6711670027865;11,470412703367;UHE 14 de Julho - CAV SNHIR.xlsx;b8f0487a-df73-4f8d-8b22-bb49cf9f3683;https://metadados.snirh.gov.br/files/b8f0487a-df73-4f8d-8b22-bb49cf9f3683/14_de_Julho.zip
14 de Julho;87,26999999999869;87,1999999999987;1,6940563959199;11,638663092220002;UHE 14 de Julho - CAV SNHIR.xlsx;b8f0487a-df73-4f8d-8b22-bb49cf9f3683;https://metadados.snirh.gov.br/files/b8f0487a-df73-4f8d-8b22-bb49cf9f3683/14_de_Julho.zip
14 de Julho;87,36999999999868;87,29999999999869;1,7170700154954;11,809225165917;UHE 14 de Julho - CAV SNHIR.xlsx;b8f0487a-df73-4f8d-8b22-bb49cf9f3683;https://metadados.snirh.gov.br/files/b8f0487a-df73-4f8d-8b22-bb49cf9f3683/14_de_Julho.zip
14 de Julho;87,46999999999868;87,39999999999868;1,7391843639281002;11,982016171973;UHE 14 de Julho - CAV SNHIR.xlsx;b8f0487a-df73-4f8d-8b22-bb49cf9f3683;https://metadados.snirh.gov.br/files/b8f0487a-df73-4f8d-8b22-bb49cf9f3683/14_de_Julho.zip
14 de Julho;87,56999999999867;87,49999999999868;1,7618259632134;12,157074495939;UHE 14 de Julho - CAV SNHIR.xlsx;b8f0487a-df73-4f8d-8b22-bb49cf9f3683;https://metadados.snirh.gov.br/files/b8f0487a-df73-4f8d-8b22-bb49cf9f3683/14_de_Julho.zip
14 de Julho;87,66999999999867;87,59999999999867;1,7845758612358;12,334385820364;UHE 14 de Julho - CAV SNHIR.xlsx;b8f0487a-df73-4f8d-8b22-bb49cf9f3683;https://metadados.snirh.gov.br/files/b8f0487a-df73-4f8d-8b22-bb49cf9f3683/14_de_Julho.zip
14 de Julho;87,76999999999866;87,69999999999867;1,8064714464742002;12,51395264116;UHE 14 de Julho - CAV SNHIR.xlsx;b8f0487a-df73-4f8d-8b22-bb49cf9f3683;https://metadados.snirh.gov.br/files/b8f0487a-df73-4f8d-8b22-bb49cf9f3683/14_de_Julho.zip
14 de Julho;87,86999999999865;87,79999999999866;1,8269756319605;12,695628544035001;UHE 14 de Julho - CAV SNHIR.xlsx;b8f0487a-df73-4f8d-8b22-bb49cf9f3683;https://metadados.snirh.gov.br/files/b8f0487a-df73-4f8d-8b22-bb49cf9f3683/14_de_Julho.zip
14 de Julho;87,96999999999865;87,89999999999866;1,8464510799899;12,879288983425;UHE 14 de Julho - CAV SNHIR.xlsx;b8f0487a-df73-4f8d-8b22-bb49cf9f3683;https://metadados.snirh.gov.br/files/b8f0487a-df73-4f8d-8b22-bb49cf9f3683/14_de_Julho.zip
14 de Julho;88,06999999999864;87,99999999999865;1,8658158303681;13,064895392634;UHE 14 de Julho - CAV SNHIR.xlsx;b8f0487a-df73-4f8d-8b22-bb49cf9f3683;https://metadados.snirh.gov.br/files/b8f0487a-df73-4f8d-8b22-bb49cf9f3683/14_de_Julho.zip
14 de Julho;88,16999999999864;88,09999999999864;1,8851776882623001;13,252451198941;UHE 14 de Julho - CAV SNHIR.xlsx;b8f0487a-df73-4f8d-8b22-bb49cf9f3683;https://metadados.snirh.gov.br/files/b8f0487a-df73-4f8d-8b22-bb49cf9f3683/14_de_Julho.zip
14 de Julho;88,26999999999863;88,19999999999864;1,9048233968303;13,441928108782001;UHE 14 de Julho - CAV SNHIR.xlsx;b8f0487a-df73-4f8d-8b22-bb49cf9f3683;https://metadados.snirh.gov.br/files/b8f0487a-df73-4f8d-8b22-bb49cf9f3683/14_de_Julho.zip
14 de Julho;88,36999999999863;88,29999999999863;1,9254963016653;13,633443764271;UHE 14 de Julho - CAV SNHIR.xlsx;b8f0487a-df73-4f8d-8b22-bb49cf9f3683;https://metadados.snirh.gov.br/files/b8f0487a-df73-4f8d-8b22-bb49cf9f3683/14_de_Julho.zip
14 de Julho;88,46999999999862;88,39999999999863;1,9454565825038002;13,826985173075;UHE 14 de Julho - CAV SNHIR.xlsx;b8f0487a-df73-4f8d-8b22-bb49cf9f3683;https://metadados.snirh.gov.br/files/b8f0487a-df73-4f8d-8b22-bb49cf9f3683/14_de_Julho.zip
14 de Julho;88,56999999999861;88,49999999999862;1,9661499373934;14,022559033039;UHE 14 de Julho - CAV SNHIR.xlsx;b8f0487a-df73-4f8d-8b22-bb49cf9f3683;https://metadados.snirh.gov.br/files/b8f0487a-df73-4f8d-8b22-bb49cf9f3683/14_de_Julho.zip
14 de Julho;88,66999999999861;88,59999999999862;1,9867839483013;14,220198992236;UHE 14 de Julho - CAV SNHIR.xlsx;b8f0487a-df73-4f8d-8b22-bb49cf9f3683;https://metadados.snirh.gov.br/files/b8f0487a-df73-4f8d-8b22-bb49cf9f3683/14_de_Julho.zip
14 de Julho;88,7699999999986;88,69999999999861;2,0077925936492;14,419917939385;UHE 14 de Julho - CAV SNHIR.xlsx;b8f0487a-df73-4f8d-8b22-bb49cf9f3683;https://metadados.snirh.gov.br/files/b8f0487a-df73-4f8d-8b22-bb49cf9f3683/14_de_Julho.zip
14 de Julho;88,8699999999986;88,7999999999986;2,0291990407598;14,621768730524;UHE 14 de Julho - CAV SNHIR.xlsx;b8f0487a-df73-4f8d-8b22-bb49cf9f3683;https://metadados.snirh.gov.br/files/b8f0487a-df73-4f8d-8b22-bb49cf9f3683/14_de_Julho.zip
14 de Julho;88,96999999999859;88,8999999999986;2,0508429405711;14,825752399242;UHE 14 de Julho - CAV SNHIR.xlsx;b8f0487a-df73-4f8d-8b22-bb49cf9f3683;https://metadados.snirh.gov.br/files/b8f0487a-df73-4f8d-8b22-bb49cf9f3683/14_de_Julho.zip
14 de Julho;89,06999999999859;88,9999999999986;2,0728241245003;15,031933827264;UHE 14 de Julho - CAV SNHIR.xlsx;b8f0487a-df73-4f8d-8b22-bb49cf9f3683;https://metadados.snirh.gov.br/files/b8f0487a-df73-4f8d-8b22-bb49cf9f3683/14_de_Julho.zip
14 de Julho;89,16999999999858;89,09999999999859;2,0953748004971;15,240309072814;UHE 14 de Julho - CAV SNHIR.xlsx;b8f0487a-df73-4f8d-8b22-bb49cf9f3683;https://metadados.snirh.gov.br/files/b8f0487a-df73-4f8d-8b22-bb49cf9f3683/14_de_Julho.zip
14 de Julho;89,26999999999857;89,19999999999858;2,1179308099181;15,45098254535;UHE 14 de Julho - CAV SNHIR.xlsx;b8f0487a-df73-4f8d-8b22-bb49cf9f3683;https://metadados.snirh.gov.br/files/b8f0487a-df73-4f8d-8b22-bb49cf9f3683/14_de_Julho.zip
14 de Julho;89,36999999999857;89,29999999999858;2,1397932515968;15,663873241365001;UHE 14 de Julho - CAV SNHIR.xlsx;b8f0487a-df73-4f8d-8b22-bb49cf9f3683;https://metadados.snirh.gov.br/files/b8f0487a-df73-4f8d-8b22-bb49cf9f3683/14_de_Julho.zip
14 de Julho;89,46999999999856;89,39999999999857;2,1614396463235;15,878928532663;UHE 14 de Julho - CAV SNHIR.xlsx;b8f0487a-df73-4f8d-8b22-bb49cf9f3683;https://metadados.snirh.gov.br/files/b8f0487a-df73-4f8d-8b22-bb49cf9f3683/14_de_Julho.zip
14 de Julho;89,56999999999856;89,49999999999856;2,1831948576809;16,096159803354002;UHE 14 de Julho - CAV SNHIR.xlsx;b8f0487a-df73-4f8d-8b22-bb49cf9f3683;https://metadados.snirh.gov.br/files/b8f0487a-df73-4f8d-8b22-bb49cf9f3683/14_de_Julho.zip
14 de Julho;89,66999999999855;89,59999999999856;2,205527796028;16,315576432172;UHE 14 de Julho - CAV SNHIR.xlsx;b8f0487a-df73-4f8d-8b22-bb49cf9f3683;https://metadados.snirh.gov.br/files/b8f0487a-df73-4f8d-8b22-bb49cf9f3683/14_de_Julho.zip
14 de Julho;89,76999999999855;89,69999999999855;2,2289527596655;16,537270850419;UHE 14 de Julho - CAV SNHIR.xlsx;b8f0487a-df73-4f8d-8b22-bb49cf9f3683;https://metadados.snirh.gov.br/files/b8f0487a-df73-4f8d-8b22-bb49cf9f3683/14_de_Julho.zip
14 de Julho;89,86999999999854;89,79999999999855;2,2544237785925;16,761430520001;UHE 14 de Julho - CAV SNHIR.xlsx;b8f0487a-df73-4f8d-8b22-bb49cf9f3683;https://metadados.snirh.gov.br/files/b8f0487a-df73-4f8d-8b22-bb49cf9f3683/14_de_Julho.zip
14 de Julho;89,96999999999854;89,89999999999854;2,2803879193789;16,988169914897;UHE 14 de Julho - CAV SNHIR.xlsx;b8f0487a-df73-4f8d-8b22-bb49cf9f3683;https://metadados.snirh.gov.br/files/b8f0487a-df73-4f8d-8b22-bb49cf9f3683/14_de_Julho.zip
14 de Julho;90,06999999999853;89,99999999999854;2,3069223408892;17,217520682397;UHE 14 de Julho - CAV SNHIR.xlsx;b8f0487a-df73-4f8d-8b22-bb49cf9f3683;https://metadados.snirh.gov.br/files/b8f0487a-df73-4f8d-8b22-bb49cf9f3683/14_de_Julho.zip
14 de Julho;90,16999999999852;90,09999999999853;2,3355210563115;17,449608390366;UHE 14 de Julho - CAV SNHIR.xlsx;b8f0487a-df73-4f8d-8b22-bb49cf9f3683;https://metadados.snirh.gov.br/files/b8f0487a-df73-4f8d-8b22-bb49cf9f3683/14_de_Julho.zip
14 de Julho;90,26999999999852;90,19999999999852;2,3651575252253;17,684634673849;UHE 14 de Julho - CAV SNHIR.xlsx;b8f0487a-df73-4f8d-8b22-bb49cf9f3683;https://metadados.snirh.gov.br/files/b8f0487a-df73-4f8d-8b22-bb49cf9f3683/14_de_Julho.zip
14 de Julho;90,36999999999851;90,29999999999852;2,3954391860705;17,922645770558;UHE 14 de Julho - CAV SNHIR.xlsx;b8f0487a-df73-4f8d-8b22-bb49cf9f3683;https://metadados.snirh.gov.br/files/b8f0487a-df73-4f8d-8b22-bb49cf9f3683/14_de_Julho.zip
14 de Julho;90,4699999999985;90,39999999999851;2,4271407218859;18,163755668796;UHE 14 de Julho - CAV SNHIR.xlsx;b8f0487a-df73-4f8d-8b22-bb49cf9f3683;https://metadados.snirh.gov.br/files/b8f0487a-df73-4f8d-8b22-bb49cf9f3683/14_de_Julho.zip
14 de Julho;90,5699999999985;90,49999999999851;2,4598488169705;18,408085227410997;UHE 14 de Julho - CAV SNHIR.xlsx;b8f0487a-df73-4f8d-8b22-bb49cf9f3683;https://metadados.snirh.gov.br/files/b8f0487a-df73-4f8d-8b22-bb49cf9f3683/14_de_Julho.zip
14 de Julho;90,6699999999985;90,5999999999985;2,4929588592522;18,655713511280002;UHE 14 de Julho - CAV SNHIR.xlsx;b8f0487a-df73-4f8d-8b22-bb49cf9f3683;https://metadados.snirh.gov.br/files/b8f0487a-df73-4f8d-8b22-bb49cf9f3683/14_de_Julho.zip
14 de Julho;90,76999999999849;90,6999999999985;2,5261778595392;18,906683101057002;UHE 14 de Julho - CAV SNHIR.xlsx;b8f0487a-df73-4f8d-8b22-bb49cf9f3683;https://metadados.snirh.gov.br/files/b8f0487a-df73-4f8d-8b22-bb49cf9f3683/14_de_Julho.zip
14 de Julho;90,86999999999848;90,79999999999849;2,5578243296842;19,160887749598;UHE 14 de Julho - CAV SNHIR.xlsx;b8f0487a-df73-4f8d-8b22-bb49cf9f3683;https://metadados.snirh.gov.br/files/b8f0487a-df73-4f8d-8b22-bb49cf9f3683/14_de_Julho.zip
14 de Julho;90,96999999999848;90,89999999999849;2,5879898690902;19,418189722648;UHE 14 de Julho - CAV SNHIR.xlsx;b8f0487a-df73-4f8d-8b22-bb49cf9f3683;https://metadados.snirh.gov.br/files/b8f0487a-df73-4f8d-8b22-bb49cf9f3683/14_de_Julho.zip
14 de Julho;91,06999999999847;90,99999999999848;2,616238946545;19,678400183084;UHE 14 de Julho - CAV SNHIR.xlsx;b8f0487a-df73-4f8d-8b22-bb49cf9f3683;https://metadados.snirh.gov.br/files/b8f0487a-df73-4f8d-8b22-bb49cf9f3683/14_de_Julho.zip
14 de Julho;91,16999999999847;91,09999999999847;2,6442496717524;19,941400147939;UHE 14 de Julho - CAV SNHIR.xlsx;b8f0487a-df73-4f8d-8b22-bb49cf9f3683;https://metadados.snirh.gov.br/files/b8f0487a-df73-4f8d-8b22-bb49cf9f3683/14_de_Julho.zip
14 de Julho;91,26999999999846;91,19999999999847;2,6729260856576;20,207243693934;UHE 14 de Julho - CAV SNHIR.xlsx;b8f0487a-df73-4f8d-8b22-bb49cf9f3683;https://metadados.snirh.gov.br/files/b8f0487a-df73-4f8d-8b22-bb49cf9f3683/14_de_Julho.zip
14 de Julho;91,36999999999846;91,29999999999846;2,7017107408648;20,475966407056;UHE 14 de Julho - CAV SNHIR.xlsx;b8f0487a-df73-4f8d-8b22-bb49cf9f3683;https://metadados.snirh.gov.br/files/b8f0487a-df73-4f8d-8b22-bb49cf9f3683/14_de_Julho.zip
14 de Julho;91,46999999999845;91,39999999999846;2,7317445164617;20,747610408496;UHE 14 de Julho - CAV SNHIR.xlsx;b8f0487a-df73-4f8d-8b22-bb49cf9f3683;https://metadados.snirh.gov.br/files/b8f0487a-df73-4f8d-8b22-bb49cf9f3683/14_de_Julho.zip
14 de Julho;91,56999999999844;91,49999999999845;2,7623394780064;21,022297506039003;UHE 14 de Julho - CAV SNHIR.xlsx;b8f0487a-df73-4f8d-8b22-bb49cf9f3683;https://metadados.snirh.gov.br/files/b8f0487a-df73-4f8d-8b22-bb49cf9f3683/14_de_Julho.zip
14 de Julho;91,66999999999844;91,59999999999845;2,7926629043131;21,300034658135;UHE 14 de Julho - CAV SNHIR.xlsx;b8f0487a-df73-4f8d-8b22-bb49cf9f3683;https://metadados.snirh.gov.br/files/b8f0487a-df73-4f8d-8b22-bb49cf9f3683/14_de_Julho.zip
14 de Julho;91,76999999999843;91,69999999999844;2,8239079008545;21,580851816297;UHE 14 de Julho - CAV SNHIR.xlsx;b8f0487a-df73-4f8d-8b22-bb49cf9f3683;https://metadados.snirh.gov.br/files/b8f0487a-df73-4f8d-8b22-bb49cf9f3683/14_de_Julho.zip
14 de Julho;91,86999999999843;91,79999999999843;2,8557406494701003;21,864824916379;UHE 14 de Julho - CAV SNHIR.xlsx;b8f0487a-df73-4f8d-8b22-bb49cf9f3683;https://metadados.snirh.gov.br/files/b8f0487a-df73-4f8d-8b22-bb49cf9f3683/14_de_Julho.zip
14 de Julho;91,96999999999842;91,89999999999843;2,8873104410847996;22,151963997686;UHE 14 de Julho - CAV SNHIR.xlsx;b8f0487a-df73-4f8d-8b22-bb49cf9f3683;https://metadados.snirh.gov.br/files/b8f0487a-df73-4f8d-8b22-bb49cf9f3683/14_de_Julho.zip
14 de Julho;92,06999999999842;91,99999999999842;2,9191827575111997;22,442287468954;UHE 14 de Julho - CAV SNHIR.xlsx;b8f0487a-df73-4f8d-8b22-bb49cf9f3683;https://metadados.snirh.gov.br/files/b8f0487a-df73-4f8d-8b22-bb49cf9f3683/14_de_Julho.zip
14 de Julho;92,16999999999841;92,09999999999842;2,9501517364559997;22,735738423104;UHE 14 de Julho - CAV SNHIR.xlsx;b8f0487a-df73-4f8d-8b22-bb49cf9f3683;https://metadados.snirh.gov.br/files/b8f0487a-df73-4f8d-8b22-bb49cf9f3683/14_de_Julho.zip
14 de Julho;92,2699999999984;92,19999999999841;2,9813391512167002;23,032309537661;UHE 14 de Julho - CAV SNHIR.xlsx;b8f0487a-df73-4f8d-8b22-bb49cf9f3683;https://metadados.snirh.gov.br/files/b8f0487a-df73-4f8d-8b22-bb49cf9f3683/14_de_Julho.zip
14 de Julho;92,3699999999984;92,2999999999984;3,0095702252511;23,331869065267;UHE 14 de Julho - CAV SNHIR.xlsx;b8f0487a-df73-4f8d-8b22-bb49cf9f3683;https://metadados.snirh.gov.br/files/b8f0487a-df73-4f8d-8b22-bb49cf9f3683/14_de_Julho.zip
14 de Julho;92,4699999999984;92,3999999999984;3,0365623762977;23,634174323377;UHE 14 de Julho - CAV SNHIR.xlsx;b8f0487a-df73-4f8d-8b22-bb49cf9f3683;https://metadados.snirh.gov.br/files/b8f0487a-df73-4f8d-8b22-bb49cf9f3683/14_de_Julho.zip
14 de Julho;92,56999999999839;92,4999999999984;3,0625433199;23,939115183533;UHE 14 de Julho - CAV SNHIR.xlsx;b8f0487a-df73-4f8d-8b22-bb49cf9f3683;https://metadados.snirh.gov.br/files/b8f0487a-df73-4f8d-8b22-bb49cf9f3683/14_de_Julho.zip
14 de Julho;92,66999999999838;92,59999999999839;3,0879460712877;24,24663785135;UHE 14 de Julho - CAV SNHIR.xlsx;b8f0487a-df73-4f8d-8b22-bb49cf9f3683;https://metadados.snirh.gov.br/files/b8f0487a-df73-4f8d-8b22-bb49cf9f3683/14_de_Julho.zip
14 de Julho;92,76999999999838;92,69999999999838;3,1126906865637;24,556668385942;UHE 14 de Julho - CAV SNHIR.xlsx;b8f0487a-df73-4f8d-8b22-bb49cf9f3683;https://metadados.snirh.gov.br/files/b8f0487a-df73-4f8d-8b22-bb49cf9f3683/14_de_Julho.zip
14 de Julho;92,86999999999837;92,79999999999838;3,1370741889189;24,869150323718;UHE 14 de Julho - CAV SNHIR.xlsx;b8f0487a-df73-4f8d-8b22-bb49cf9f3683;https://metadados.snirh.gov.br/files/b8f0487a-df73-4f8d-8b22-bb49cf9f3683/14_de_Julho.zip
14 de Julho;92,96999999999836;92,89999999999837;3,1613931622787996;25,184057871323002;UHE 14 de Julho - CAV SNHIR.xlsx;b8f0487a-df73-4f8d-8b22-bb49cf9f3683;https://metadados.snirh.gov.br/files/b8f0487a-df73-4f8d-8b22-bb49cf9f3683/14_de_Julho.zip
14 de Julho;93,06999999999836;92,99999999999837;3,1855031523354;25,501407986716;UHE 14 de Julho - CAV SNHIR.xlsx;b8f0487a-df73-4f8d-8b22-bb49cf9f3683;https://metadados.snirh.gov.br/files/b8f0487a-df73-4f8d-8b22-bb49cf9f3683/14_de_Julho.zip
14 de Julho;93,16999999999835;93,09999999999836;3,2098194938904;25,821160249846997;UHE 14 de Julho - CAV SNHIR.xlsx;b8f0487a-df73-4f8d-8b22-bb49cf9f3683;https://metadados.snirh.gov.br/files/b8f0487a-df73-4f8d-8b22-bb49cf9f3683/14_de_Julho.zip
14 de Julho;93,26999999999835;93,19999999999835;3,2342979545939996;26,143347101544;UHE 14 de Julho - CAV SNHIR.xlsx;b8f0487a-df73-4f8d-8b22-bb49cf9f3683;https://metadados.snirh.gov.br/files/b8f0487a-df73-4f8d-8b22-bb49cf9f3683/14_de_Julho.zip
14 de Julho;93,36999999999834;93,29999999999835;3,2589393612965;26,467989402624998;UHE 14 de Julho - CAV SNHIR.xlsx;b8f0487a-df73-4f8d-8b22-bb49cf9f3683;https://metadados.snirh.gov.br/files/b8f0487a-df73-4f8d-8b22-bb49cf9f3683/14_de_Julho.zip
14 de Julho;93,46999999999834;93,39999999999834;3,2837027161903;26,795116371294;UHE 14 de Julho - CAV SNHIR.xlsx;b8f0487a-df73-4f8d-8b22-bb49cf9f3683;https://metadados.snirh.gov.br/files/b8f0487a-df73-4f8d-8b22-bb49cf9f3683/14_de_Julho.zip
14 de Julho;93,56999999999833;93,49999999999834;3,3086605697877003;27,124731786873003;UHE 14 de Julho - CAV SNHIR.xlsx;b8f0487a-df73-4f8d-8b22-bb49cf9f3683;https://metadados.snirh.gov.br/files/b8f0487a-df73-4f8d-8b22-bb49cf9f3683/14_de_Julho.zip
14 de Julho;93,66999999999832;93,59999999999833;3,3339630994206;27,456849987353998;UHE 14 de Julho - CAV SNHIR.xlsx;b8f0487a-df73-4f8d-8b22-bb49cf9f3683;https://metadados.snirh.gov.br/files/b8f0487a-df73-4f8d-8b22-bb49cf9f3683/14_de_Julho.zip
14 de Julho;93,76999999999832;93,69999999999833;3,3599354945704003;27,791529212135;UHE 14 de Julho - CAV SNHIR.xlsx;b8f0487a-df73-4f8d-8b22-bb49cf9f3683;https://metadados.snirh.gov.br/files/b8f0487a-df73-4f8d-8b22-bb49cf9f3683/14_de_Julho.zip
14 de Julho;93,86999999999831;93,79999999999832;3,3862925794275;28,128822904217998;UHE 14 de Julho - CAV SNHIR.xlsx;b8f0487a-df73-4f8d-8b22-bb49cf9f3683;https://metadados.snirh.gov.br/files/b8f0487a-df73-4f8d-8b22-bb49cf9f3683/14_de_Julho.zip
14 de Julho;93,96999999999831;93,89999999999831;3,412820161214;28,468759355407;UHE 14 de Julho - CAV SNHIR.xlsx;b8f0487a-df73-4f8d-8b22-bb49cf9f3683;https://metadados.snirh.gov.br/files/b8f0487a-df73-4f8d-8b22-bb49cf9f3683/14_de_Julho.zip
14 de Julho;94,0699999999983;93,99999999999831;3,440150308528;28,811401546502;UHE 14 de Julho - CAV SNHIR.xlsx;b8f0487a-df73-4f8d-8b22-bb49cf9f3683;https://metadados.snirh.gov.br/files/b8f0487a-df73-4f8d-8b22-bb49cf9f3683/14_de_Julho.zip
14 de Julho;94,1699999999983;94,0999999999983;3,4676777787659;29,156782540298998;UHE 14 de Julho - CAV SNHIR.xlsx;b8f0487a-df73-4f8d-8b22-bb49cf9f3683;https://metadados.snirh.gov.br/files/b8f0487a-df73-4f8d-8b22-bb49cf9f3683/14_de_Julho.zip
14 de Julho;94,26999999999829;94,1999999999983;3,4962136810325;29,504961480041;UHE 14 de Julho - CAV SNHIR.xlsx;b8f0487a-df73-4f8d-8b22-bb49cf9f3683;https://metadados.snirh.gov.br/files/b8f0487a-df73-4f8d-8b22-bb49cf9f3683/14_de_Julho.zip
14 de Julho;94,36999999999829;94,29999999999829;3,5262571696358003;29,856077399356998;UHE 14 de Julho - CAV SNHIR.xlsx;b8f0487a-df73-4f8d-8b22-bb49cf9f3683;https://metadados.snirh.gov.br/files/b8f0487a-df73-4f8d-8b22-bb49cf9f3683/14_de_Julho.zip
14 de Julho;94,46999999999828;94,39999999999829;3,5565265533890997;30,210218883242998;UHE 14 de Julho - CAV SNHIR.xlsx;b8f0487a-df73-4f8d-8b22-bb49cf9f3683;https://metadados.snirh.gov.br/files/b8f0487a-df73-4f8d-8b22-bb49cf9f3683/14_de_Julho.zip
14 de Julho;94,56999999999827;94,49999999999828;3,5859798170181;30,567338251464;UHE 14 de Julho - CAV SNHIR.xlsx;b8f0487a-df73-4f8d-8b22-bb49cf9f3683;https://metadados.snirh.gov.br/files/b8f0487a-df73-4f8d-8b22-bb49cf9f3683/14_de_Julho.zip
14 de Julho;94,66999999999827;94,59999999999827;3,6129225240862;30,927302657582;UHE 14 de Julho - CAV SNHIR.xlsx;b8f0487a-df73-4f8d-8b22-bb49cf9f3683;https://metadados.snirh.gov.br/files/b8f0487a-df73-4f8d-8b22-bb49cf9f3683/14_de_Julho.zip
14 de Julho;94,76999999999826;94,69999999999827;3,6377365713117;31,289840575168;UHE 14 de Julho - CAV SNHIR.xlsx;b8f0487a-df73-4f8d-8b22-bb49cf9f3683;https://metadados.snirh.gov.br/files/b8f0487a-df73-4f8d-8b22-bb49cf9f3683/14_de_Julho.zip
14 de Julho;94,86999999999826;94,79999999999826;3,6631563348285003;31,654859683679;UHE 14 de Julho - CAV SNHIR.xlsx;b8f0487a-df73-4f8d-8b22-bb49cf9f3683;https://metadados.snirh.gov.br/files/b8f0487a-df73-4f8d-8b22-bb49cf9f3683/14_de_Julho.zip
14 de Julho;94,96999999999825;94,89999999999826;3,6892055040728;32,022476575111;UHE 14 de Julho - CAV SNHIR.xlsx;b8f0487a-df73-4f8d-8b22-bb49cf9f3683;https://metadados.snirh.gov.br/files/b8f0487a-df73-4f8d-8b22-bb49cf9f3683/14_de_Julho.zip
14 de Julho;95,06999999999825;94,99999999999825;3,7164428720408;32,392742753142;UHE 14 de Julho - CAV SNHIR.xlsx;b8f0487a-df73-4f8d-8b22-bb49cf9f3683;https://metadados.snirh.gov.br/files/b8f0487a-df73-4f8d-8b22-bb49cf9f3683/14_de_Julho.zip
14 de Julho;95,16999999999824;95,09999999999825;3,7429658095276004;32,765717848324;UHE 14 de Julho - CAV SNHIR.xlsx;b8f0487a-df73-4f8d-8b22-bb49cf9f3683;https://metadados.snirh.gov.br/files/b8f0487a-df73-4f8d-8b22-bb49cf9f3683/14_de_Julho.zip
14 de Julho;95,26999999999823;95,19999999999824;3,7687699119108;33,141320506147004;UHE 14 de Julho - CAV SNHIR.xlsx;b8f0487a-df73-4f8d-8b22-bb49cf9f3683;https://metadados.snirh.gov.br/files/b8f0487a-df73-4f8d-8b22-bb49cf9f3683/14_de_Julho.zip
14 de Julho;95,36999999999823;95,29999999999824;3,7938665941803;33,519448620258;UHE 14 de Julho - CAV SNHIR.xlsx;b8f0487a-df73-4f8d-8b22-bb49cf9f3683;https://metadados.snirh.gov.br/files/b8f0487a-df73-4f8d-8b22-bb49cf9f3683/14_de_Julho.zip
14 de Julho;95,46999999999822;95,39999999999823;3,8191727749282;33,900081427868;UHE 14 de Julho - CAV SNHIR.xlsx;b8f0487a-df73-4f8d-8b22-bb49cf9f3683;https://metadados.snirh.gov.br/files/b8f0487a-df73-4f8d-8b22-bb49cf9f3683/14_de_Julho.zip
14 de Julho;95,56999999999822;95,49999999999822;3,8439156705985;34,283239379827;UHE 14 de Julho - CAV SNHIR.xlsx;b8f0487a-df73-4f8d-8b22-bb49cf9f3683;https://metadados.snirh.gov.br/files/b8f0487a-df73-4f8d-8b22-bb49cf9f3683/14_de_Julho.zip
14 de Julho;95,66999999999821;95,59999999999822;3,8679588347075;34,668833891144;UHE 14 de Julho - CAV SNHIR.xlsx;b8f0487a-df73-4f8d-8b22-bb49cf9f3683;https://metadados.snirh.gov.br/files/b8f0487a-df73-4f8d-8b22-bb49cf9f3683/14_de_Julho.zip
14 de Julho;95,7699999999982;95,69999999999821;3,8925430576158;35,05684540117;UHE 14 de Julho - CAV SNHIR.xlsx;b8f0487a-df73-4f8d-8b22-bb49cf9f3683;https://metadados.snirh.gov.br/files/b8f0487a-df73-4f8d-8b22-bb49cf9f3683/14_de_Julho.zip
14 de Julho;95,8699999999982;95,7999999999982;3,9177472977415;35,447353012263;UHE 14 de Julho - CAV SNHIR.xlsx;b8f0487a-df73-4f8d-8b22-bb49cf9f3683;https://metadados.snirh.gov.br/files/b8f0487a-df73-4f8d-8b22-bb49cf9f3683/14_de_Julho.zip
14 de Julho;95,9699999999982;95,8999999999982;3,9430491608222002;35,840395627516;UHE 14 de Julho - CAV SNHIR.xlsx;b8f0487a-df73-4f8d-8b22-bb49cf9f3683;https://metadados.snirh.gov.br/files/b8f0487a-df73-4f8d-8b22-bb49cf9f3683/14_de_Julho.zip
14 de Julho;96,06999999999819;95,9999999999982;3,96814431426;36,235946685996005;UHE 14 de Julho - CAV SNHIR.xlsx;b8f0487a-df73-4f8d-8b22-bb49cf9f3683;https://metadados.snirh.gov.br/files/b8f0487a-df73-4f8d-8b22-bb49cf9f3683/14_de_Julho.zip
14 de Julho;96,16999999999818;96,09999999999819;3,9928371227710002;36,633998033397;UHE 14 de Julho - CAV SNHIR.xlsx;b8f0487a-df73-4f8d-8b22-bb49cf9f3683;https://metadados.snirh.gov.br/files/b8f0487a-df73-4f8d-8b22-bb49cf9f3683/14_de_Julho.zip
14 de Julho;96,26999999999818;96,19999999999818;4,0177381007594;37,034532689146;UHE 14 de Julho - CAV SNHIR.xlsx;b8f0487a-df73-4f8d-8b22-bb49cf9f3683;https://metadados.snirh.gov.br/files/b8f0487a-df73-4f8d-8b22-bb49cf9f3683/14_de_Julho.zip
14 de Julho;96,36999999999817;96,29999999999818;4,0423162230587;37,43752542652;UHE 14 de Julho - CAV SNHIR.xlsx;b8f0487a-df73-4f8d-8b22-bb49cf9f3683;https://metadados.snirh.gov.br/files/b8f0487a-df73-4f8d-8b22-bb49cf9f3683/14_de_Julho.zip
14 de Julho;96,46999999999817;96,39999999999817;4,0665813159714;37,842966833471;UHE 14 de Julho - CAV SNHIR.xlsx;b8f0487a-df73-4f8d-8b22-bb49cf9f3683;https://metadados.snirh.gov.br/files/b8f0487a-df73-4f8d-8b22-bb49cf9f3683/14_de_Julho.zip
14 de Julho;96,56999999999816;96,49999999999817;4,0916719263215;38,25086364249199;UHE 14 de Julho - CAV SNHIR.xlsx;b8f0487a-df73-4f8d-8b22-bb49cf9f3683;https://metadados.snirh.gov.br/files/b8f0487a-df73-4f8d-8b22-bb49cf9f3683/14_de_Julho.zip
14 de Julho;96,66999999999815;96,59999999999816;4,116701844620501;38,661286151995;UHE 14 de Julho - CAV SNHIR.xlsx;b8f0487a-df73-4f8d-8b22-bb49cf9f3683;https://metadados.snirh.gov.br/files/b8f0487a-df73-4f8d-8b22-bb49cf9f3683/14_de_Julho.zip
14 de Julho;96,76999999999815;96,69999999999816;4,1424269666744005;39,074222730940996;UHE 14 de Julho - CAV SNHIR.xlsx;b8f0487a-df73-4f8d-8b22-bb49cf9f3683;https://metadados.snirh.gov.br/files/b8f0487a-df73-4f8d-8b22-bb49cf9f3683/14_de_Julho.zip
14 de Julho;96,86999999999814;96,79999999999815;4,1679941609335005;39,489740625096;UHE 14 de Julho - CAV SNHIR.xlsx;b8f0487a-df73-4f8d-8b22-bb49cf9f3683;https://metadados.snirh.gov.br/files/b8f0487a-df73-4f8d-8b22-bb49cf9f3683/14_de_Julho.zip
14 de Julho;96,96999999999814;96,89999999999814;4,1925920322264;39,907778763508;UHE 14 de Julho - CAV SNHIR.xlsx;b8f0487a-df73-4f8d-8b22-bb49cf9f3683;https://metadados.snirh.gov.br/files/b8f0487a-df73-4f8d-8b22-bb49cf9f3683/14_de_Julho.zip
14 de Julho;97,06999999999813;96,99999999999814;4,2168157762538;40,32824174593;UHE 14 de Julho - CAV SNHIR.xlsx;b8f0487a-df73-4f8d-8b22-bb49cf9f3683;https://metadados.snirh.gov.br/files/b8f0487a-df73-4f8d-8b22-bb49cf9f3683/14_de_Julho.zip
14 de Julho;97,16999999999813;97,09999999999813;4,2400333893368005;40,751089101038005;UHE 14 de Julho - CAV SNHIR.xlsx;b8f0487a-df73-4f8d-8b22-bb49cf9f3683;https://metadados.snirh.gov.br/files/b8f0487a-df73-4f8d-8b22-bb49cf9f3683/14_de_Julho.zip
14 de Julho;97,26999999999812;97,19999999999813;4,2630325961602;41,17624424948;UHE 14 de Julho - CAV SNHIR.xlsx;b8f0487a-df73-4f8d-8b22-bb49cf9f3683;https://metadados.snirh.gov.br/files/b8f0487a-df73-4f8d-8b22-bb49cf9f3683/14_de_Julho.zip
14 de Julho;97,36999999999811;97,29999999999812;4,2862069466648;41,603714703382;UHE 14 de Julho - CAV SNHIR.xlsx;b8f0487a-df73-4f8d-8b22-bb49cf9f3683;https://metadados.snirh.gov.br/files/b8f0487a-df73-4f8d-8b22-bb49cf9f3683/14_de_Julho.zip
14 de Julho;97,46999999999811;97,39999999999812;4,3086952495649005;42,033446089394005;UHE 14 de Julho - CAV SNHIR.xlsx;b8f0487a-df73-4f8d-8b22-bb49cf9f3683;https://metadados.snirh.gov.br/files/b8f0487a-df73-4f8d-8b22-bb49cf9f3683/14_de_Julho.zip
14 de Julho;97,5699999999981;97,49999999999811;4,3314402863351;42,465451014659;UHE 14 de Julho - CAV SNHIR.xlsx;b8f0487a-df73-4f8d-8b22-bb49cf9f3683;https://metadados.snirh.gov.br/files/b8f0487a-df73-4f8d-8b22-bb49cf9f3683/14_de_Julho.zip
14 de Julho;97,6699999999981;97,5999999999981;4,3543632983224;42,899729401605;UHE 14 de Julho - CAV SNHIR.xlsx;b8f0487a-df73-4f8d-8b22-bb49cf9f3683;https://metadados.snirh.gov.br/files/b8f0487a-df73-4f8d-8b22-bb49cf9f3683/14_de_Julho.zip
14 de Julho;97,76999999999809;97,6999999999981;4,3775896016455;43,336315036243;UHE 14 de Julho - CAV SNHIR.xlsx;b8f0487a-df73-4f8d-8b22-bb49cf9f3683;https://metadados.snirh.gov.br/files/b8f0487a-df73-4f8d-8b22-bb49cf9f3683/14_de_Julho.zip
14 de Julho;97,86999999999809;97,7999999999981;4,400593590952799;43,775229440494996;UHE 14 de Julho - CAV SNHIR.xlsx;b8f0487a-df73-4f8d-8b22-bb49cf9f3683;https://metadados.snirh.gov.br/files/b8f0487a-df73-4f8d-8b22-bb49cf9f3683/14_de_Julho.zip
14 de Julho;97,96999999999808;97,89999999999809;4,4234171892493;44,216433270897;UHE 14 de Julho - CAV SNHIR.xlsx;b8f0487a-df73-4f8d-8b22-bb49cf9f3683;https://metadados.snirh.gov.br/files/b8f0487a-df73-4f8d-8b22-bb49cf9f3683/14_de_Julho.zip
14 de Julho;98,06999999999807;97,99999999999808;4,446267882096;44,659908546808;UHE 14 de Julho - CAV SNHIR.xlsx;b8f0487a-df73-4f8d-8b22-bb49cf9f3683;https://metadados.snirh.gov.br/files/b8f0487a-df73-4f8d-8b22-bb49cf9f3683/14_de_Julho.zip
14 de Julho;98,16999999999807;98,09999999999808;4,4691808204926;45,105682197074;UHE 14 de Julho - CAV SNHIR.xlsx;b8f0487a-df73-4f8d-8b22-bb49cf9f3683;https://metadados.snirh.gov.br/files/b8f0487a-df73-4f8d-8b22-bb49cf9f3683/14_de_Julho.zip
14 de Julho;98,26999999999806;98,19999999999807;4,4921047921308;45,55373977569501;UHE 14 de Julho - CAV SNHIR.xlsx;b8f0487a-df73-4f8d-8b22-bb49cf9f3683;https://metadados.snirh.gov.br/files/b8f0487a-df73-4f8d-8b22-bb49cf9f3683/14_de_Julho.zip
14 de Julho;98,36999999999806;98,29999999999806;4,5152566634559;46,004119951726;UHE 14 de Julho - CAV SNHIR.xlsx;b8f0487a-df73-4f8d-8b22-bb49cf9f3683;https://metadados.snirh.gov.br/files/b8f0487a-df73-4f8d-8b22-bb49cf9f3683/14_de_Julho.zip
14 de Julho;98,46999999999805;98,39999999999806;4,539156309352199;46,456834379339;UHE 14 de Julho - CAV SNHIR.xlsx;b8f0487a-df73-4f8d-8b22-bb49cf9f3683;https://metadados.snirh.gov.br/files/b8f0487a-df73-4f8d-8b22-bb49cf9f3683/14_de_Julho.zip
14 de Julho;98,56999999999805;98,49999999999805;4,5633756881993;46,911954176025006;UHE 14 de Julho - CAV SNHIR.xlsx;b8f0487a-df73-4f8d-8b22-bb49cf9f3683;https://metadados.snirh.gov.br/files/b8f0487a-df73-4f8d-8b22-bb49cf9f3683/14_de_Julho.zip
14 de Julho;98,66999999999804;98,59999999999805;4,5875067408017;47,369485686331;UHE 14 de Julho - CAV SNHIR.xlsx;b8f0487a-df73-4f8d-8b22-bb49cf9f3683;https://metadados.snirh.gov.br/files/b8f0487a-df73-4f8d-8b22-bb49cf9f3683/14_de_Julho.zip
14 de Julho;98,76999999999803;98,69999999999804;4,6115744371874;47,829439185893996;UHE 14 de Julho - CAV SNHIR.xlsx;b8f0487a-df73-4f8d-8b22-bb49cf9f3683;https://metadados.snirh.gov.br/files/b8f0487a-df73-4f8d-8b22-bb49cf9f3683/14_de_Julho.zip
14 de Julho;98,86999999999803;98,79999999999804;4,6354840750531;48,291786603483;UHE 14 de Julho - CAV SNHIR.xlsx;b8f0487a-df73-4f8d-8b22-bb49cf9f3683;https://metadados.snirh.gov.br/files/b8f0487a-df73-4f8d-8b22-bb49cf9f3683/14_de_Julho.zip
14 de Julho;98,96999999999802;98,89999999999803;4,659109274645;48,75652537918;UHE 14 de Julho - CAV SNHIR.xlsx;b8f0487a-df73-4f8d-8b22-bb49cf9f3683;https://metadados.snirh.gov.br/files/b8f0487a-df73-4f8d-8b22-bb49cf9f3683/14_de_Julho.zip
14 de Julho;99,06999999999802;98,99999999999802;4,6823025365487005;49,223599468265;UHE 14 de Julho - CAV SNHIR.xlsx;b8f0487a-df73-4f8d-8b22-bb49cf9f3683;https://metadados.snirh.gov.br/files/b8f0487a-df73-4f8d-8b22-bb49cf9f3683/14_de_Julho.zip
14 de Julho;99,16999999999801;99,09999999999802;4,7052696394538005;49,69296433198;UHE 14 de Julho - CAV SNHIR.xlsx;b8f0487a-df73-4f8d-8b22-bb49cf9f3683;https://metadados.snirh.gov.br/files/b8f0487a-df73-4f8d-8b22-bb49cf9f3683/14_de_Julho.zip
14 de Julho;99,269999999998;99,19999999999801;4,7279886628462995;50,164627693938;UHE 14 de Julho - CAV SNHIR.xlsx;b8f0487a-df73-4f8d-8b22-bb49cf9f3683;https://metadados.snirh.gov.br/files/b8f0487a-df73-4f8d-8b22-bb49cf9f3683/14_de_Julho.zip
14 de Julho;99,369999999998;99,29999999999801;4,7501874598064004;50,638534168752;UHE 14 de Julho - CAV SNHIR.xlsx;b8f0487a-df73-4f8d-8b22-bb49cf9f3683;https://metadados.snirh.gov.br/files/b8f0487a-df73-4f8d-8b22-bb49cf9f3683/14_de_Julho.zip
14 de Julho;99,469999999998;99,399999999998;4,7721952019152;51,114649780152;UHE 14 de Julho - CAV SNHIR.xlsx;b8f0487a-df73-4f8d-8b22-bb49cf9f3683;https://metadados.snirh.gov.br/files/b8f0487a-df73-4f8d-8b22-bb49cf9f3683/14_de_Julho.zip
14 de Julho;99,56999999999799;99,499999999998;4,794085370185099;51,592961868660005;UHE 14 de Julho - CAV SNHIR.xlsx;b8f0487a-df73-4f8d-8b22-bb49cf9f3683;https://metadados.snirh.gov.br/files/b8f0487a-df73-4f8d-8b22-bb49cf9f3683/14_de_Julho.zip
14 de Julho;99,66999999999798;99,59999999999799;4,8159336510521;52,073457629966995;UHE 14 de Julho - CAV SNHIR.xlsx;b8f0487a-df73-4f8d-8b22-bb49cf9f3683;https://metadados.snirh.gov.br/files/b8f0487a-df73-4f8d-8b22-bb49cf9f3683/14_de_Julho.zip
14 de Julho;99,76999999999798;99,69999999999798;4,8379898391228;52,556137769333;UHE 14 de Julho - CAV SNHIR.xlsx;b8f0487a-df73-4f8d-8b22-bb49cf9f3683;https://metadados.snirh.gov.br/files/b8f0487a-df73-4f8d-8b22-bb49cf9f3683/14_de_Julho.zip
14 de Julho;99,86999999999797;99,79999999999798;4,8597739577019;53,041029611038;UHE 14 de Julho - CAV SNHIR.xlsx;b8f0487a-df73-4f8d-8b22-bb49cf9f3683;https://metadados.snirh.gov.br/files/b8f0487a-df73-4f8d-8b22-bb49cf9f3683/14_de_Julho.zip
14 de Julho;99,96999999999797;99,89999999999797;4,8812336805703;53,528067479739;UHE 14 de Julho - CAV SNHIR.xlsx;b8f0487a-df73-4f8d-8b22-bb49cf9f3683;https://metadados.snirh.gov.br/files/b8f0487a-df73-4f8d-8b22-bb49cf9f3683/14_de_Julho.zip
14 de Julho;100,06999999999796;99,99999999999797;4,9026824218947;54,017251990484;UHE 14 de Julho - CAV SNHIR.xlsx;b8f0487a-df73-4f8d-8b22-bb49cf9f3683;https://metadados.snirh.gov.br/files/b8f0487a-df73-4f8d-8b22-bb49cf9f3683/14_de_Julho.zip
14 de Julho;100,16999999999796;100,09999999999796;4,9237375904944995;54,508561586854;UHE 14 de Julho - CAV SNHIR.xlsx;b8f0487a-df73-4f8d-8b22-bb49cf9f3683;https://metadados.snirh.gov.br/files/b8f0487a-df73-4f8d-8b22-bb49cf9f3683/14_de_Julho.zip
14 de Julho;100,26999999999795;100,19999999999796;4,9447327607547;55,00198069936;UHE 14 de Julho - CAV SNHIR.xlsx;b8f0487a-df73-4f8d-8b22-bb49cf9f3683;https://metadados.snirh.gov.br/files/b8f0487a-df73-4f8d-8b22-bb49cf9f3683/14_de_Julho.zip
14 de Julho;100,36999999999794;100,29999999999795;4,9659256848655;55,497512576506;UHE 14 de Julho - CAV SNHIR.xlsx;b8f0487a-df73-4f8d-8b22-bb49cf9f3683;https://metadados.snirh.gov.br/files/b8f0487a-df73-4f8d-8b22-bb49cf9f3683/14_de_Julho.zip
14 de Julho;100,46999999999794;100,39999999999795;4,986969906456699;55,995137192915;UHE 14 de Julho - CAV SNHIR.xlsx;b8f0487a-df73-4f8d-8b22-bb49cf9f3683;https://metadados.snirh.gov.br/files/b8f0487a-df73-4f8d-8b22-bb49cf9f3683/14_de_Julho.zip
14 de Julho;100,56999999999793;100,49999999999794;5,0079638323079;56,494874059289;UHE 14 de Julho - CAV SNHIR.xlsx;b8f0487a-df73-4f8d-8b22-bb49cf9f3683;https://metadados.snirh.gov.br/files/b8f0487a-df73-4f8d-8b22-bb49cf9f3683/14_de_Julho.zip
14 de Julho;100,66999999999793;100,59999999999793;5,0289295830739995;56,996706846508;UHE 14 de Julho - CAV SNHIR.xlsx;b8f0487a-df73-4f8d-8b22-bb49cf9f3683;https://metadados.snirh.gov.br/files/b8f0487a-df73-4f8d-8b22-bb49cf9f3683/14_de_Julho.zip
14 de Julho;100,76999999999792;100,69999999999793;5,0497678264046;57,500630155736;UHE 14 de Julho - CAV SNHIR.xlsx;b8f0487a-df73-4f8d-8b22-bb49cf9f3683;https://metadados.snirh.gov.br/files/b8f0487a-df73-4f8d-8b22-bb49cf9f3683/14_de_Julho.zip
14 de Julho;100,86999999999792;100,79999999999792;5,0705441381051;58,006634042556;UHE 14 de Julho - CAV SNHIR.xlsx;b8f0487a-df73-4f8d-8b22-bb49cf9f3683;https://metadados.snirh.gov.br/files/b8f0487a-df73-4f8d-8b22-bb49cf9f3683/14_de_Julho.zip
14 de Julho;100,96999999999791;100,89999999999792;5,091066434963;58,514689944478;UHE 14 de Julho - CAV SNHIR.xlsx;b8f0487a-df73-4f8d-8b22-bb49cf9f3683;https://metadados.snirh.gov.br/files/b8f0487a-df73-4f8d-8b22-bb49cf9f3683/14_de_Julho.zip
14 de Julho;101,0699999999979;100,99999999999791;5,111558479275501;59,024812111378;UHE 14 de Julho - CAV SNHIR.xlsx;b8f0487a-df73-4f8d-8b22-bb49cf9f3683;https://metadados.snirh.gov.br/files/b8f0487a-df73-4f8d-8b22-bb49cf9f3683/14_de_Julho.zip
14 de Julho;101,1699999999979;101,0999999999979;5,132059221701599;59,536980993939;UHE 14 de Julho - CAV SNHIR.xlsx;b8f0487a-df73-4f8d-8b22-bb49cf9f3683;https://metadados.snirh.gov.br/files/b8f0487a-df73-4f8d-8b22-bb49cf9f3683/14_de_Julho.zip
14 de Julho;101,26999999999789;101,1999999999979;5,152404866216;60,051196481078;UHE 14 de Julho - CAV SNHIR.xlsx;b8f0487a-df73-4f8d-8b22-bb49cf9f3683;https://metadados.snirh.gov.br/files/b8f0487a-df73-4f8d-8b22-bb49cf9f3683/14_de_Julho.zip
14 de Julho;101,36999999999789;101,2999999999979;5,1728007895269;60,567442823512;UHE 14 de Julho - CAV SNHIR.xlsx;b8f0487a-df73-4f8d-8b22-bb49cf9f3683;https://metadados.snirh.gov.br/files/b8f0487a-df73-4f8d-8b22-bb49cf9f3683/14_de_Julho.zip
14 de Julho;101,46999999999788;101,39999999999789;5,1933098183639;61,085737123521;UHE 14 de Julho - CAV SNHIR.xlsx;b8f0487a-df73-4f8d-8b22-bb49cf9f3683;https://metadados.snirh.gov.br/files/b8f0487a-df73-4f8d-8b22-bb49cf9f3683/14_de_Julho.zip
14 de Julho;101,56999999999788;101,49999999999788;5,2139819965103;61,606070852451;UHE 14 de Julho - CAV SNHIR.xlsx;b8f0487a-df73-4f8d-8b22-bb49cf9f3683;https://metadados.snirh.gov.br/files/b8f0487a-df73-4f8d-8b22-bb49cf9f3683/14_de_Julho.zip
14 de Julho;101,66999999999787;101,59999999999788;5,2348547631804;62,128495775109;UHE 14 de Julho - CAV SNHIR.xlsx;b8f0487a-df73-4f8d-8b22-bb49cf9f3683;https://metadados.snirh.gov.br/files/b8f0487a-df73-4f8d-8b22-bb49cf9f3683/14_de_Julho.zip
14 de Julho;101,76999999999786;101,69999999999787;5,2558209104625;62,653012997929;UHE 14 de Julho - CAV SNHIR.xlsx;b8f0487a-df73-4f8d-8b22-bb49cf9f3683;https://metadados.snirh.gov.br/files/b8f0487a-df73-4f8d-8b22-bb49cf9f3683/14_de_Julho.zip
14 de Julho;101,86999999999786;101,79999999999787;5,276851967549599;63,179619909075;UHE 14 de Julho - CAV SNHIR.xlsx;b8f0487a-df73-4f8d-8b22-bb49cf9f3683;https://metadados.snirh.gov.br/files/b8f0487a-df73-4f8d-8b22-bb49cf9f3683/14_de_Julho.zip
14 de Julho;101,96999999999785;101,89999999999786;5,2979101617993;63,708330770187;UHE 14 de Julho - CAV SNHIR.xlsx;b8f0487a-df73-4f8d-8b22-bb49cf9f3683;https://metadados.snirh.gov.br/files/b8f0487a-df73-4f8d-8b22-bb49cf9f3683/14_de_Julho.zip
14 de Julho;102,06999999999785;101,99999999999785;5,3188800790976;64,239139783845;UHE 14 de Julho - CAV SNHIR.xlsx;b8f0487a-df73-4f8d-8b22-bb49cf9f3683;https://metadados.snirh.gov.br/files/b8f0487a-df73-4f8d-8b22-bb49cf9f3683/14_de_Julho.zip
14 de Julho;102,16999999999784;102,09999999999785;5,3397118691462;64,772043571356;UHE 14 de Julho - CAV SNHIR.xlsx;b8f0487a-df73-4f8d-8b22-bb49cf9f3683;https://metadados.snirh.gov.br/files/b8f0487a-df73-4f8d-8b22-bb49cf9f3683/14_de_Julho.zip
14 de Julho;102,26999999999784;102,19999999999784;5,3605314703159;65,30704642444;UHE 14 de Julho - CAV SNHIR.xlsx;b8f0487a-df73-4f8d-8b22-bb49cf9f3683;https://metadados.snirh.gov.br/files/b8f0487a-df73-4f8d-8b22-bb49cf9f3683/14_de_Julho.zip
14 de Julho;102,36999999999783;102,29999999999784;5,3808928015238005;65,844109423522;UHE 14 de Julho - CAV SNHIR.xlsx;b8f0487a-df73-4f8d-8b22-bb49cf9f3683;https://metadados.snirh.gov.br/files/b8f0487a-df73-4f8d-8b22-bb49cf9f3683/14_de_Julho.zip
14 de Julho;102,46999999999782;102,39999999999783;5,4004934614266;66,383145100767;UHE 14 de Julho - CAV SNHIR.xlsx;b8f0487a-df73-4f8d-8b22-bb49cf9f3683;https://metadados.snirh.gov.br/files/b8f0487a-df73-4f8d-8b22-bb49cf9f3683/14_de_Julho.zip
14 de Julho;102,56999999999782;102,49999999999783;5,419663263698999;66,924121967728;UHE 14 de Julho - CAV SNHIR.xlsx;b8f0487a-df73-4f8d-8b22-bb49cf9f3683;https://metadados.snirh.gov.br/files/b8f0487a-df73-4f8d-8b22-bb49cf9f3683/14_de_Julho.zip
14 de Julho;102,66999999999781;102,59999999999782;5,438709868502;67,467021993335;UHE 14 de Julho - CAV SNHIR.xlsx;b8f0487a-df73-4f8d-8b22-bb49cf9f3683;https://metadados.snirh.gov.br/files/b8f0487a-df73-4f8d-8b22-bb49cf9f3683/14_de_Julho.zip
14 de Julho;102,76999999999781;102,69999999999781;5,457010252869299;68,01176240145101;UHE 14 de Julho - CAV SNHIR.xlsx;b8f0487a-df73-4f8d-8b22-bb49cf9f3683;https://metadados.snirh.gov.br/files/b8f0487a-df73-4f8d-8b22-bb49cf9f3683/14_de_Julho.zip
14 de Julho;102,8699999999978;102,79999999999781;5,4746897324808;68,558341767629;UHE 14 de Julho - CAV SNHIR.xlsx;b8f0487a-df73-4f8d-8b22-bb49cf9f3683;https://metadados.snirh.gov.br/files/b8f0487a-df73-4f8d-8b22-bb49cf9f3683/14_de_Julho.zip
14 de Julho;102,9699999999978;102,8999999999978;5,4915605506354;69,10660648583;UHE 14 de Julho - CAV SNHIR.xlsx;b8f0487a-df73-4f8d-8b22-bb49cf9f3683;https://metadados.snirh.gov.br/files/b8f0487a-df73-4f8d-8b22-bb49cf9f3683/14_de_Julho.zip
14 de Julho;103,0;102,93;5,4965247030863;69,27141638314;UHE 14 de Julho - CAV SNHIR.xlsx;b8f0487a-df73-4f8d-8b22-bb49cf9f3683;https://metadados.snirh.gov.br/files/b8f0487a-df73-4f8d-8b22-bb49cf9f3683/14_de_Julho.zip
14 de Julho;103,01;102,94;5,4981698633355;69,326389754768;UHE 14 de Julho - CAV SNHIR.xlsx;b8f0487a-df73-4f8d-8b22-bb49cf9f3683;https://metadados.snirh.gov.br/files/b8f0487a-df73-4f8d-8b22-bb49cf9f3683/14_de_Julho.zip
14 de Julho;103,02;102,95;5,4998098383785;69,381370813158;UHE 14 de Julho - CAV SNHIR.xlsx;b8f0487a-df73-4f8d-8b22-bb49cf9f3683;https://metadados.snirh.gov.br/files/b8f0487a-df73-4f8d-8b22-bb49cf9f3683/14_de_Julho.zip
14 de Julho;103,03;102,96;5,501442505689;69,436371847526;UHE 14 de Julho - CAV SNHIR.xlsx;b8f0487a-df73-4f8d-8b22-bb49cf9f3683;https://metadados.snirh.gov.br/files/b8f0487a-df73-4f8d-8b22-bb49cf9f3683/14_de_Julho.zip
14 de Julho;103,04;102,97;5,5030677109138;69,491388477977;UHE 14 de Julho - CAV SNHIR.xlsx;b8f0487a-df73-4f8d-8b22-bb49cf9f3683;https://metadados.snirh.gov.br/files/b8f0487a-df73-4f8d-8b22-bb49cf9f3683/14_de_Julho.zip
14 de Julho;103,05;102,98;5,5046866691615;69,546422439459;UHE 14 de Julho - CAV SNHIR.xlsx;b8f0487a-df73-4f8d-8b22-bb49cf9f3683;https://metadados.snirh.gov.br/files/b8f0487a-df73-4f8d-8b22-bb49cf9f3683/14_de_Julho.zip
14 de Julho;103,07;103,0;5,5079066586213;69,65654159687699;UHE 14 de Julho - CAV SNHIR.xlsx;b8f0487a-df73-4f8d-8b22-bb49cf9f3683;https://metadados.snirh.gov.br/files/b8f0487a-df73-4f8d-8b22-bb49cf9f3683/14_de_Julho.zip
14 de Julho;103,08;103,01;5,5094858752303;69,711622455883;UHE 14 de Julho - CAV SNHIR.xlsx;b8f0487a-df73-4f8d-8b22-bb49cf9f3683;https://metadados.snirh.gov.br/files/b8f0487a-df73-4f8d-8b22-bb49cf9f3683/14_de_Julho.zip
14 de Julho;103,09;103,02000000000001;5,5110577450682;69,766717284301;UHE 14 de Julho - CAV SNHIR.xlsx;b8f0487a-df73-4f8d-8b22-bb49cf9f3683;https://metadados.snirh.gov.br/files/b8f0487a-df73-4f8d-8b22-bb49cf9f3683/14_de_Julho.zip
14 de Julho;103,10000000000001;103,03000000000002;5,512622524064;69,821829135025;UHE 14 de Julho - CAV SNHIR.xlsx;b8f0487a-df73-4f8d-8b22-bb49cf9f3683;https://metadados.snirh.gov.br/files/b8f0487a-df73-4f8d-8b22-bb49cf9f3683/14_de_Julho.zip
14 de Julho;103,11000000000001;103,04000000000002;5,5141809667338;69,876957946375;UHE 14 de Julho - CAV SNHIR.xlsx;b8f0487a-df73-4f8d-8b22-bb49cf9f3683;https://metadados.snirh.gov.br/files/b8f0487a-df73-4f8d-8b22-bb49cf9f3683/14_de_Julho.zip
14 de Julho;103,12000000000002;103,05000000000003;5,5157332141293;69,932106428951;UHE 14 de Julho - CAV SNHIR.xlsx;b8f0487a-df73-4f8d-8b22-bb49cf9f3683;https://metadados.snirh.gov.br/files/b8f0487a-df73-4f8d-8b22-bb49cf9f3683/14_de_Julho.zip
14 de Julho;103,13000000000002;103,06000000000003;5,5172788028488;69,98726685182301;UHE 14 de Julho - CAV SNHIR.xlsx;b8f0487a-df73-4f8d-8b22-bb49cf9f3683;https://metadados.snirh.gov.br/files/b8f0487a-df73-4f8d-8b22-bb49cf9f3683/14_de_Julho.zip
14 de Julho;103,14000000000003;103,07000000000004;5,5188178049253;70,04244678532501;UHE 14 de Julho - CAV SNHIR.xlsx;b8f0487a-df73-4f8d-8b22-bb49cf9f3683;https://metadados.snirh.gov.br/files/b8f0487a-df73-4f8d-8b22-bb49cf9f3683/14_de_Julho.zip
14 de Julho;103,15000000000003;103,08000000000004;5,520350180839801;70,097635531675;UHE 14 de Julho - CAV SNHIR.xlsx;b8f0487a-df73-4f8d-8b22-bb49cf9f3683;https://metadados.snirh.gov.br/files/b8f0487a-df73-4f8d-8b22-bb49cf9f3683/14_de_Julho.zip
14 de Julho;103,16000000000004;103,09000000000005;5,521875824113899;70,152843806211;UHE 14 de Julho - CAV SNHIR.xlsx;b8f0487a-df73-4f8d-8b22-bb49cf9f3683;https://metadados.snirh.gov.br/files/b8f0487a-df73-4f8d-8b22-bb49cf9f3683/14_de_Julho.zip
14 de Julho;103,17000000000004;103,10000000000005;5,5233967232692995;70,208065131239;UHE 14 de Julho - CAV SNHIR.xlsx;b8f0487a-df73-4f8d-8b22-bb49cf9f3683;https://metadados.snirh.gov.br/files/b8f0487a-df73-4f8d-8b22-bb49cf9f3683/14_de_Julho.zip
14 de Julho;103,18000000000005;103,11000000000006;5,5249041340862;70,26329904595099;UHE 14 de Julho - CAV SNHIR.xlsx;b8f0487a-df73-4f8d-8b22-bb49cf9f3683;https://metadados.snirh.gov.br/files/b8f0487a-df73-4f8d-8b22-bb49cf9f3683/14_de_Julho.zip
14 de Julho;103,19000000000005;103,12000000000006;5,5264026436153;70,318548615393;UHE 14 de Julho - CAV SNHIR.xlsx;b8f0487a-df73-4f8d-8b22-bb49cf9f3683;https://metadados.snirh.gov.br/files/b8f0487a-df73-4f8d-8b22-bb49cf9f3683/14_de_Julho.zip
14 de Julho;103,20000000000006;103,13000000000007;5,527893415825;70,373814545001;UHE 14 de Julho - CAV SNHIR.xlsx;b8f0487a-df73-4f8d-8b22-bb49cf9f3683;https://metadados.snirh.gov.br/files/b8f0487a-df73-4f8d-8b22-bb49cf9f3683/14_de_Julho.zip
14 de Julho;103,21000000000006;103,14000000000007;5,5293766060588;70,429094687834;UHE 14 de Julho - CAV SNHIR.xlsx;b8f0487a-df73-4f8d-8b22-bb49cf9f3683;https://metadados.snirh.gov.br/files/b8f0487a-df73-4f8d-8b22-bb49cf9f3683/14_de_Julho.zip
14 de Julho;103,22000000000007;103,15000000000008;5,530852929898001;70,484398548084;UHE 14 de Julho - CAV SNHIR.xlsx;b8f0487a-df73-4f8d-8b22-bb49cf9f3683;https://metadados.snirh.gov.br/files/b8f0487a-df73-4f8d-8b22-bb49cf9f3683/14_de_Julho.zip
14 de Julho;103,23000000000008;103,16000000000008;5,5323226877934;70,539709324019;UHE 14 de Julho - CAV SNHIR.xlsx;b8f0487a-df73-4f8d-8b22-bb49cf9f3683;https://metadados.snirh.gov.br/files/b8f0487a-df73-4f8d-8b22-bb49cf9f3683/14_de_Julho.zip
14 de Julho;103,24000000000008;103,17000000000009;5,5337859407659;70,595038666208;UHE 14 de Julho - CAV SNHIR.xlsx;b8f0487a-df73-4f8d-8b22-bb49cf9f3683;https://metadados.snirh.gov.br/files/b8f0487a-df73-4f8d-8b22-bb49cf9f3683/14_de_Julho.zip
14 de Julho;103,25000000000009;103,18000000000009;5,5352426963737;70,650383134374;UHE 14 de Julho - CAV SNHIR.xlsx;b8f0487a-df73-4f8d-8b22-bb49cf9f3683;https://metadados.snirh.gov.br/files/b8f0487a-df73-4f8d-8b22-bb49cf9f3683/14_de_Julho.zip
14 de Julho;103,26000000000009;103,1900000000001;5,536692702422799;70,70573818719099;UHE 14 de Julho - CAV SNHIR.xlsx;b8f0487a-df73-4f8d-8b22-bb49cf9f3683;https://metadados.snirh.gov.br/files/b8f0487a-df73-4f8d-8b22-bb49cf9f3683/14_de_Julho.zip
14 de Julho;103,2700000000001;103,2000000000001;5,5381363493009;70,761106092712;UHE 14 de Julho - CAV SNHIR.xlsx;b8f0487a-df73-4f8d-8b22-bb49cf9f3683;https://metadados.snirh.gov.br/files/b8f0487a-df73-4f8d-8b22-bb49cf9f3683/14_de_Julho.zip
14 de Julho;103,2800000000001;103,21000000000011;5,5395733512412;70,816494230076;UHE 14 de Julho - CAV SNHIR.xlsx;b8f0487a-df73-4f8d-8b22-bb49cf9f3683;https://metadados.snirh.gov.br/files/b8f0487a-df73-4f8d-8b22-bb49cf9f3683/14_de_Julho.zip
14 de Julho;103,2900000000001;103,22000000000011;5,5410037781461;70,871891773493;UHE 14 de Julho - CAV SNHIR.xlsx;b8f0487a-df73-4f8d-8b22-bb49cf9f3683;https://metadados.snirh.gov.br/files/b8f0487a-df73-4f8d-8b22-bb49cf9f3683/14_de_Julho.zip
14 de Julho;103,30000000000011;103,23000000000012;5,5424228775413;70,92730407796;UHE 14 de Julho - CAV SNHIR.xlsx;b8f0487a-df73-4f8d-8b22-bb49cf9f3683;https://metadados.snirh.gov.br/files/b8f0487a-df73-4f8d-8b22-bb49cf9f3683/14_de_Julho.zip
14 de Julho;103,31000000000012;103,24000000000012;5,5438361012085;70,982730339313;UHE 14 de Julho - CAV SNHIR.xlsx;b8f0487a-df73-4f8d-8b22-bb49cf9f3683;https://metadados.snirh.gov.br/files/b8f0487a-df73-4f8d-8b22-bb49cf9f3683/14_de_Julho.zip
14 de Julho;103,32000000000012;103,25000000000013;5,5452443039023;71,03817035593801;UHE 14 de Julho - CAV SNHIR.xlsx;b8f0487a-df73-4f8d-8b22-bb49cf9f3683;https://metadados.snirh.gov.br/files/b8f0487a-df73-4f8d-8b22-bb49cf9f3683/14_de_Julho.zip
14 de Julho;103,33000000000013;103,26000000000013;5,5466412358712;71,09363062027299;UHE 14 de Julho - CAV SNHIR.xlsx;b8f0487a-df73-4f8d-8b22-bb49cf9f3683;https://metadados.snirh.gov.br/files/b8f0487a-df73-4f8d-8b22-bb49cf9f3683/14_de_Julho.zip
14 de Julho;103,34000000000013;103,27000000000014;5,5480315118631;71,149098232043;UHE 14 de Julho - CAV SNHIR.xlsx;b8f0487a-df73-4f8d-8b22-bb49cf9f3683;https://metadados.snirh.gov.br/files/b8f0487a-df73-4f8d-8b22-bb49cf9f3683/14_de_Julho.zip
14 de Julho;103,35000000000014;103,28000000000014;5,549415930518999;71,20458143745101;UHE 14 de Julho - CAV SNHIR.xlsx;b8f0487a-df73-4f8d-8b22-bb49cf9f3683;https://metadados.snirh.gov.br/files/b8f0487a-df73-4f8d-8b22-bb49cf9f3683/14_de_Julho.zip
14 de Julho;103,36000000000014;103,29000000000015;5,550794663621399;71,260079527708;UHE 14 de Julho - CAV SNHIR.xlsx;b8f0487a-df73-4f8d-8b22-bb49cf9f3683;https://metadados.snirh.gov.br/files/b8f0487a-df73-4f8d-8b22-bb49cf9f3683/14_de_Julho.zip
14 de Julho;103,37000000000015;103,30000000000015;5,5521677545645005;71,315587806844;UHE 14 de Julho - CAV SNHIR.xlsx;b8f0487a-df73-4f8d-8b22-bb49cf9f3683;https://metadados.snirh.gov.br/files/b8f0487a-df73-4f8d-8b22-bb49cf9f3683/14_de_Julho.zip
14 de Julho;103,38000000000015;103,31000000000016;5,5535354953525005;71,371108911015;UHE 14 de Julho - CAV SNHIR.xlsx;b8f0487a-df73-4f8d-8b22-bb49cf9f3683;https://metadados.snirh.gov.br/files/b8f0487a-df73-4f8d-8b22-bb49cf9f3683/14_de_Julho.zip
14 de Julho;103,39000000000016;103,32000000000016;5,5548981462953;71,426651519884;UHE 14 de Julho - CAV SNHIR.xlsx;b8f0487a-df73-4f8d-8b22-bb49cf9f3683;https://metadados.snirh.gov.br/files/b8f0487a-df73-4f8d-8b22-bb49cf9f3683/14_de_Julho.zip
14 de Julho;103,40000000000016;103,33000000000017;5,5562557215781;71,482203775734;UHE 14 de Julho - CAV SNHIR.xlsx;b8f0487a-df73-4f8d-8b22-bb49cf9f3683;https://metadados.snirh.gov.br/files/b8f0487a-df73-4f8d-8b22-bb49cf9f3683/14_de_Julho.zip
14 de Julho;103,41000000000017;103,34000000000017;5,5576084152688;71,53777180840801;UHE 14 de Julho - CAV SNHIR.xlsx;b8f0487a-df73-4f8d-8b22-bb49cf9f3683;https://metadados.snirh.gov.br/files/b8f0487a-df73-4f8d-8b22-bb49cf9f3683/14_de_Julho.zip
14 de Julho;103,42000000000017;103,35000000000018;5,5589562280728;71,593351424275;UHE 14 de Julho - CAV SNHIR.xlsx;b8f0487a-df73-4f8d-8b22-bb49cf9f3683;https://metadados.snirh.gov.br/files/b8f0487a-df73-4f8d-8b22-bb49cf9f3683/14_de_Julho.zip
14 de Julho;103,43000000000018;103,36000000000018;5,5602991360036;71,64894700311599;UHE 14 de Julho - CAV SNHIR.xlsx;b8f0487a-df73-4f8d-8b22-bb49cf9f3683;https://metadados.snirh.gov.br/files/b8f0487a-df73-4f8d-8b22-bb49cf9f3683/14_de_Julho.zip
14 de Julho;103,44000000000018;103,37000000000019;5,5616373331424;71,704554012078;UHE 14 de Julho - CAV SNHIR.xlsx;b8f0487a-df73-4f8d-8b22-bb49cf9f3683;https://metadados.snirh.gov.br/files/b8f0487a-df73-4f8d-8b22-bb49cf9f3683/14_de_Julho.zip
14 de Julho;103,45000000000019;103,3800000000002;5,562970944041799;71,76017050878;UHE 14 de Julho - CAV SNHIR.xlsx;b8f0487a-df73-4f8d-8b22-bb49cf9f3683;https://metadados.snirh.gov.br/files/b8f0487a-df73-4f8d-8b22-bb49cf9f3683/14_de_Julho.zip
14 de Julho;103,46000000000019;103,3900000000002;5,5642999761185;71,815803627308;UHE 14 de Julho - CAV SNHIR.xlsx;b8f0487a-df73-4f8d-8b22-bb49cf9f3683;https://metadados.snirh.gov.br/files/b8f0487a-df73-4f8d-8b22-bb49cf9f3683/14_de_Julho.zip
14 de Julho;103,4700000000002;103,4000000000002;5,5656245946541;71,871453323588;UHE 14 de Julho - CAV SNHIR.xlsx;b8f0487a-df73-4f8d-8b22-bb49cf9f3683;https://metadados.snirh.gov.br/files/b8f0487a-df73-4f8d-8b22-bb49cf9f3683/14_de_Julho.zip
14 de Julho;103,4800000000002;103,41000000000021;5,5669448935703;71,927112161884;UHE 14 de Julho - CAV SNHIR.xlsx;b8f0487a-df73-4f8d-8b22-bb49cf9f3683;https://metadados.snirh.gov.br/files/b8f0487a-df73-4f8d-8b22-bb49cf9f3683/14_de_Julho.zip
14 de Julho;103,49000000000021;103,42000000000021;5,5682610690318;71,982788653312;UHE 14 de Julho - CAV SNHIR.xlsx;b8f0487a-df73-4f8d-8b22-bb49cf9f3683;https://metadados.snirh.gov.br/files/b8f0487a-df73-4f8d-8b22-bb49cf9f3683/14_de_Julho.zip
14 de Julho;103,50000000000021;103,43000000000022;5,5695732537235;72,03848008698;UHE 14 de Julho - CAV SNHIR.xlsx;b8f0487a-df73-4f8d-8b22-bb49cf9f3683;https://metadados.snirh.gov.br/files/b8f0487a-df73-4f8d-8b22-bb49cf9f3683/14_de_Julho.zip
14 de Julho;103,51000000000022;103,44000000000023;5,5708815341829;72,094176218539;UHE 14 de Julho - CAV SNHIR.xlsx;b8f0487a-df73-4f8d-8b22-bb49cf9f3683;https://metadados.snirh.gov.br/files/b8f0487a-df73-4f8d-8b22-bb49cf9f3683/14_de_Julho.zip
14 de Julho;103,52000000000022;103,45000000000023;5,5721858789155;72,14989750155499;UHE 14 de Julho - CAV SNHIR.xlsx;b8f0487a-df73-4f8d-8b22-bb49cf9f3683;https://metadados.snirh.gov.br/files/b8f0487a-df73-4f8d-8b22-bb49cf9f3683/14_de_Julho.zip
14 de Julho;103,53000000000023;103,46000000000024;5,5734863894857;72,205626108227;UHE 14 de Julho - CAV SNHIR.xlsx;b8f0487a-df73-4f8d-8b22-bb49cf9f3683;https://metadados.snirh.gov.br/files/b8f0487a-df73-4f8d-8b22-bb49cf9f3683/14_de_Julho.zip
14 de Julho;103,54000000000023;103,47000000000024;5,5747831691215;72,26136784225001;UHE 14 de Julho - CAV SNHIR.xlsx;b8f0487a-df73-4f8d-8b22-bb49cf9f3683;https://metadados.snirh.gov.br/files/b8f0487a-df73-4f8d-8b22-bb49cf9f3683/14_de_Julho.zip
14 de Julho;103,55000000000024;103,48000000000025;5,5760762901639;72,31711804025801;UHE 14 de Julho - CAV SNHIR.xlsx;b8f0487a-df73-4f8d-8b22-bb49cf9f3683;https://metadados.snirh.gov.br/files/b8f0487a-df73-4f8d-8b22-bb49cf9f3683/14_de_Julho.zip
14 de Julho;103,56000000000024;103,49000000000025;5,57736592045;72,372881687033;UHE 14 de Julho - CAV SNHIR.xlsx;b8f0487a-df73-4f8d-8b22-bb49cf9f3683;https://metadados.snirh.gov.br/files/b8f0487a-df73-4f8d-8b22-bb49cf9f3683/14_de_Julho.zip
14 de Julho;103,57000000000025;103,50000000000026;5,5786520164767;72,42865463250101;UHE 14 de Julho - CAV SNHIR.xlsx;b8f0487a-df73-4f8d-8b22-bb49cf9f3683;https://metadados.snirh.gov.br/files/b8f0487a-df73-4f8d-8b22-bb49cf9f3683/14_de_Julho.zip
14 de Julho;103,58000000000025;103,51000000000026;5,579934685694901;72,484442192147;UHE 14 de Julho - CAV SNHIR.xlsx;b8f0487a-df73-4f8d-8b22-bb49cf9f3683;https://metadados.snirh.gov.br/files/b8f0487a-df73-4f8d-8b22-bb49cf9f3683/14_de_Julho.zip
14 de Julho;103,59000000000026;103,52000000000027;5,5812139186349;72,540241286236;UHE 14 de Julho - CAV SNHIR.xlsx;b8f0487a-df73-4f8d-8b22-bb49cf9f3683;https://metadados.snirh.gov.br/files/b8f0487a-df73-4f8d-8b22-bb49cf9f3683/14_de_Julho.zip
14 de Julho;103,60000000000026;103,53000000000027;5,582489695529899;72,596054990392;UHE 14 de Julho - CAV SNHIR.xlsx;b8f0487a-df73-4f8d-8b22-bb49cf9f3683;https://metadados.snirh.gov.br/files/b8f0487a-df73-4f8d-8b22-bb49cf9f3683/14_de_Julho.zip
14 de Julho;103,61000000000027;103,54000000000028;5,583762046821;72,651886271765;UHE 14 de Julho - CAV SNHIR.xlsx;b8f0487a-df73-4f8d-8b22-bb49cf9f3683;https://metadados.snirh.gov.br/files/b8f0487a-df73-4f8d-8b22-bb49cf9f3683/14_de_Julho.zip
14 de Julho;103,62000000000027;103,55000000000028;5,5850311074336005;72,70772382692;UHE 14 de Julho - CAV SNHIR.xlsx;b8f0487a-df73-4f8d-8b22-bb49cf9f3683;https://metadados.snirh.gov.br/files/b8f0487a-df73-4f8d-8b22-bb49cf9f3683/14_de_Julho.zip
14 de Julho;103,63000000000028;103,56000000000029;5,5862969331886;72,763574739361;UHE 14 de Julho - CAV SNHIR.xlsx;b8f0487a-df73-4f8d-8b22-bb49cf9f3683;https://metadados.snirh.gov.br/files/b8f0487a-df73-4f8d-8b22-bb49cf9f3683/14_de_Julho.zip
14 de Julho;103,64000000000028;103,57000000000029;5,5875595383252;72,819437739282;UHE 14 de Julho - CAV SNHIR.xlsx;b8f0487a-df73-4f8d-8b22-bb49cf9f3683;https://metadados.snirh.gov.br/files/b8f0487a-df73-4f8d-8b22-bb49cf9f3683/14_de_Julho.zip
14 de Julho;103,65000000000029;103,5800000000003;5,588818976182901;72,875314066005;UHE 14 de Julho - CAV SNHIR.xlsx;b8f0487a-df73-4f8d-8b22-bb49cf9f3683;https://metadados.snirh.gov.br/files/b8f0487a-df73-4f8d-8b22-bb49cf9f3683/14_de_Julho.zip
14 de Julho;103,6600000000003;103,5900000000003;5,5900753582849;72,931202822451;UHE 14 de Julho - CAV SNHIR.xlsx;b8f0487a-df73-4f8d-8b22-bb49cf9f3683;https://metadados.snirh.gov.br/files/b8f0487a-df73-4f8d-8b22-bb49cf9f3683/14_de_Julho.zip
14 de Julho;103,6700000000003;103,6000000000003;5,5913287451869;72,98709938174801;UHE 14 de Julho - CAV SNHIR.xlsx;b8f0487a-df73-4f8d-8b22-bb49cf9f3683;https://metadados.snirh.gov.br/files/b8f0487a-df73-4f8d-8b22-bb49cf9f3683/14_de_Julho.zip
14 de Julho;103,6800000000003;103,61000000000031;5,5925791321394;73,04301006822399;UHE 14 de Julho - CAV SNHIR.xlsx;b8f0487a-df73-4f8d-8b22-bb49cf9f3683;https://metadados.snirh.gov.br/files/b8f0487a-df73-4f8d-8b22-bb49cf9f3683/14_de_Julho.zip
14 de Julho;103,69000000000031;103,62000000000032;5,5938265941245;73,098934578217;UHE 14 de Julho - CAV SNHIR.xlsx;b8f0487a-df73-4f8d-8b22-bb49cf9f3683;https://metadados.snirh.gov.br/files/b8f0487a-df73-4f8d-8b22-bb49cf9f3683/14_de_Julho.zip
14 de Julho;103,70000000000032;103,63000000000032;5,5950711511179;73,15487578275899;UHE 14 de Julho - CAV SNHIR.xlsx;b8f0487a-df73-4f8d-8b22-bb49cf9f3683;https://metadados.snirh.gov.br/files/b8f0487a-df73-4f8d-8b22-bb49cf9f3683/14_de_Julho.zip
14 de Julho;103,71000000000032;103,64000000000033;5,5963128233906;73,210826049768;UHE 14 de Julho - CAV SNHIR.xlsx;b8f0487a-df73-4f8d-8b22-bb49cf9f3683;https://metadados.snirh.gov.br/files/b8f0487a-df73-4f8d-8b22-bb49cf9f3683/14_de_Julho.zip
14 de Julho;103,72000000000033;103,65000000000033;5,5975516360667;73,266791455294;UHE 14 de Julho - CAV SNHIR.xlsx;b8f0487a-df73-4f8d-8b22-bb49cf9f3683;https://metadados.snirh.gov.br/files/b8f0487a-df73-4f8d-8b22-bb49cf9f3683/14_de_Julho.zip
14 de Julho;103,73000000000033;103,66000000000034;5,5987876509566;73,32276948107099;UHE 14 de Julho - CAV SNHIR.xlsx;b8f0487a-df73-4f8d-8b22-bb49cf9f3683;https://metadados.snirh.gov.br/files/b8f0487a-df73-4f8d-8b22-bb49cf9f3683/14_de_Julho.zip
14 de Julho;103,74000000000034;103,67000000000034;5,6000209095655;73,378758511987;UHE 14 de Julho - CAV SNHIR.xlsx;b8f0487a-df73-4f8d-8b22-bb49cf9f3683;https://metadados.snirh.gov.br/files/b8f0487a-df73-4f8d-8b22-bb49cf9f3683/14_de_Julho.zip
14 de Julho;103,75000000000034;103,68000000000035;5,6012514117685;73,434760985618;UHE 14 de Julho - CAV SNHIR.xlsx;b8f0487a-df73-4f8d-8b22-bb49cf9f3683;https://metadados.snirh.gov.br/files/b8f0487a-df73-4f8d-8b22-bb49cf9f3683/14_de_Julho.zip
14 de Julho;103,76000000000035;103,69000000000035;5,6024791345438;73,490776087403;UHE 14 de Julho - CAV SNHIR.xlsx;b8f0487a-df73-4f8d-8b22-bb49cf9f3683;https://metadados.snirh.gov.br/files/b8f0487a-df73-4f8d-8b22-bb49cf9f3683/14_de_Julho.zip
14 de Julho;103,77000000000035;103,70000000000036;5,603704097913299;73,54680562034699;UHE 14 de Julho - CAV SNHIR.xlsx;b8f0487a-df73-4f8d-8b22-bb49cf9f3683;https://metadados.snirh.gov.br/files/b8f0487a-df73-4f8d-8b22-bb49cf9f3683/14_de_Julho.zip
14 de Julho;103,78000000000036;103,71000000000036;5,6049264002401;73,60284841225199;UHE 14 de Julho - CAV SNHIR.xlsx;b8f0487a-df73-4f8d-8b22-bb49cf9f3683;https://metadados.snirh.gov.br/files/b8f0487a-df73-4f8d-8b22-bb49cf9f3683/14_de_Julho.zip
14 de Julho;103,79000000000036;103,72000000000037;5,606146093000801;73,658902380598;UHE 14 de Julho - CAV SNHIR.xlsx;b8f0487a-df73-4f8d-8b22-bb49cf9f3683;https://metadados.snirh.gov.br/files/b8f0487a-df73-4f8d-8b22-bb49cf9f3683/14_de_Julho.zip
14 de Julho;103,80000000000037;103,73000000000037;5,6073632822832;73,714968028117;UHE 14 de Julho - CAV SNHIR.xlsx;b8f0487a-df73-4f8d-8b22-bb49cf9f3683;https://metadados.snirh.gov.br/files/b8f0487a-df73-4f8d-8b22-bb49cf9f3683/14_de_Julho.zip
14 de Julho;103,81000000000037;103,74000000000038;5,6085780164296;73,771043646923;UHE 14 de Julho - CAV SNHIR.xlsx;b8f0487a-df73-4f8d-8b22-bb49cf9f3683;https://metadados.snirh.gov.br/files/b8f0487a-df73-4f8d-8b22-bb49cf9f3683/14_de_Julho.zip
14 de Julho;103,82000000000038;103,75000000000038;5,6097902958854;73,82713702609199;UHE 14 de Julho - CAV SNHIR.xlsx;b8f0487a-df73-4f8d-8b22-bb49cf9f3683;https://metadados.snirh.gov.br/files/b8f0487a-df73-4f8d-8b22-bb49cf9f3683/14_de_Julho.zip
14 de Julho;103,83000000000038;103,76000000000039;5,611000131047001;73,883234118847;UHE 14 de Julho - CAV SNHIR.xlsx;b8f0487a-df73-4f8d-8b22-bb49cf9f3683;https://metadados.snirh.gov.br/files/b8f0487a-df73-4f8d-8b22-bb49cf9f3683/14_de_Julho.zip
14 de Julho;103,84000000000039;103,7700000000004;5,6122075402303;73,93935240829;UHE 14 de Julho - CAV SNHIR.xlsx;b8f0487a-df73-4f8d-8b22-bb49cf9f3683;https://metadados.snirh.gov.br/files/b8f0487a-df73-4f8d-8b22-bb49cf9f3683/14_de_Julho.zip
14 de Julho;103,85000000000039;103,7800000000004;5,6134125271621;73,995473270281;UHE 14 de Julho - CAV SNHIR.xlsx;b8f0487a-df73-4f8d-8b22-bb49cf9f3683;https://metadados.snirh.gov.br/files/b8f0487a-df73-4f8d-8b22-bb49cf9f3683/14_de_Julho.zip
14 de Julho;103,8600000000004;103,7900000000004;5,6146151351466;74,051612451647;UHE 14 de Julho - CAV SNHIR.xlsx;b8f0487a-df73-4f8d-8b22-bb49cf9f3683;https://metadados.snirh.gov.br/files/b8f0487a-df73-4f8d-8b22-bb49cf9f3683/14_de_Julho.zip
14 de Julho;103,8700000000004;103,80000000000041;5,6158153974883;74,107764086974;UHE 14 de Julho - CAV SNHIR.xlsx;b8f0487a-df73-4f8d-8b22-bb49cf9f3683;https://metadados.snirh.gov.br/files/b8f0487a-df73-4f8d-8b22-bb49cf9f3683/14_de_Julho.zip
14 de Julho;103,88000000000041;103,81000000000041;5,6170133855772;74,163926349498;UHE 14 de Julho - CAV SNHIR.xlsx;b8f0487a-df73-4f8d-8b22-bb49cf9f3683;https://metadados.snirh.gov.br/files/b8f0487a-df73-4f8d-8b22-bb49cf9f3683/14_de_Julho.zip
14 de Julho;103,89000000000041;103,82000000000042;5,6182091182374005;74,220097183247;UHE 14 de Julho - CAV SNHIR.xlsx;b8f0487a-df73-4f8d-8b22-bb49cf9f3683;https://metadados.snirh.gov.br/files/b8f0487a-df73-4f8d-8b22-bb49cf9f3683/14_de_Julho.zip
14 de Julho;103,90000000000042;103,83000000000042;5,619402641544999;74,276282283366;UHE 14 de Julho - CAV SNHIR.xlsx;b8f0487a-df73-4f8d-8b22-bb49cf9f3683;https://metadados.snirh.gov.br/files/b8f0487a-df73-4f8d-8b22-bb49cf9f3683/14_de_Julho.zip
14 de Julho;103,91000000000042;103,84000000000043;5,620593976495799;74,332471463332;UHE 14 de Julho - CAV SNHIR.xlsx;b8f0487a-df73-4f8d-8b22-bb49cf9f3683;https://metadados.snirh.gov.br/files/b8f0487a-df73-4f8d-8b22-bb49cf9f3683/14_de_Julho.zip
14 de Julho;103,92000000000043;103,85000000000043;5,6217831512627;74,388679688949;UHE 14 de Julho - CAV SNHIR.xlsx;b8f0487a-df73-4f8d-8b22-bb49cf9f3683;https://metadados.snirh.gov.br/files/b8f0487a-df73-4f8d-8b22-bb49cf9f3683/14_de_Julho.zip
14 de Julho;103,93000000000043;103,86000000000044;5,622970175214;74,44490559363399;UHE 14 de Julho - CAV SNHIR.xlsx;b8f0487a-df73-4f8d-8b22-bb49cf9f3683;https://metadados.snirh.gov.br/files/b8f0487a-df73-4f8d-8b22-bb49cf9f3683/14_de_Julho.zip
14 de Julho;103,94000000000044;103,87000000000045;5,6241550473526;74,50113423040199;UHE 14 de Julho - CAV SNHIR.xlsx;b8f0487a-df73-4f8d-8b22-bb49cf9f3683;https://metadados.snirh.gov.br/files/b8f0487a-df73-4f8d-8b22-bb49cf9f3683/14_de_Julho.zip
14 de Julho;103,95000000000044;103,88000000000045;5,625337798834;74,557377889584;UHE 14 de Julho - CAV SNHIR.xlsx;b8f0487a-df73-4f8d-8b22-bb49cf9f3683;https://metadados.snirh.gov.br/files/b8f0487a-df73-4f8d-8b22-bb49cf9f3683/14_de_Julho.zip
14 de Julho;103,96000000000045;103,89000000000046;5,626518396888;74,613637436122;UHE 14 de Julho - CAV SNHIR.xlsx;b8f0487a-df73-4f8d-8b22-bb49cf9f3683;https://metadados.snirh.gov.br/files/b8f0487a-df73-4f8d-8b22-bb49cf9f3683/14_de_Julho.zip
14 de Julho;103,97000000000045;103,90000000000046;5,6276968723533;74,66991223989;UHE 14 de Julho - CAV SNHIR.xlsx;b8f0487a-df73-4f8d-8b22-bb49cf9f3683;https://metadados.snirh.gov.br/files/b8f0487a-df73-4f8d-8b22-bb49cf9f3683/14_de_Julho.zip
14 de Julho;103,98000000000046;103,91000000000047;5,6288732391005;74,726188680674;UHE 14 de Julho - CAV SNHIR.xlsx;b8f0487a-df73-4f8d-8b22-bb49cf9f3683;https://metadados.snirh.gov.br/files/b8f0487a-df73-4f8d-8b22-bb49cf9f3683/14_de_Julho.zip
14 de Julho;103,99000000000046;103,92000000000047;5,6300475073074;74,782481037719;UHE 14 de Julho - CAV SNHIR.xlsx;b8f0487a-df73-4f8d-8b22-bb49cf9f3683;https://metadados.snirh.gov.br/files/b8f0487a-df73-4f8d-8b22-bb49cf9f3683/14_de_Julho.zip
14 de Julho;104,00000000000047;103,93000000000048;5,6312196844805005;74,838784263106;UHE 14 de Julho - CAV SNHIR.xlsx;b8f0487a-df73-4f8d-8b22-bb49cf9f3683;https://metadados.snirh.gov.br/files/b8f0487a-df73-4f8d-8b22-bb49cf9f3683/14_de_Julho.zip
14 de Julho;104,01000000000047;103,94000000000048;5,6323897858522;74,89509489737;UHE 14 de Julho - CAV SNHIR.xlsx;b8f0487a-df73-4f8d-8b22-bb49cf9f3683;https://metadados.snirh.gov.br/files/b8f0487a-df73-4f8d-8b22-bb49cf9f3683/14_de_Julho.zip
14 de Julho;104,02000000000048;103,95000000000049;5,6335578793544;74,951416645778;UHE 14 de Julho - CAV SNHIR.xlsx;b8f0487a-df73-4f8d-8b22-bb49cf9f3683;https://metadados.snirh.gov.br/files/b8f0487a-df73-4f8d-8b22-bb49cf9f3683/14_de_Julho.zip
14 de Julho;104,03000000000048;103,96000000000049;5,6347240278402;75,007754665728;UHE 14 de Julho - CAV SNHIR.xlsx;b8f0487a-df73-4f8d-8b22-bb49cf9f3683;https://metadados.snirh.gov.br/files/b8f0487a-df73-4f8d-8b22-bb49cf9f3683/14_de_Julho.zip
14 de Julho;104,04000000000049;103,9700000000005;5,6358882397282;75,064098833012;UHE 14 de Julho - CAV SNHIR.xlsx;b8f0487a-df73-4f8d-8b22-bb49cf9f3683;https://metadados.snirh.gov.br/files/b8f0487a-df73-4f8d-8b22-bb49cf9f3683/14_de_Julho.zip
14 de Julho;104,0500000000005;103,9800000000005;5,6370505152372;75,12045980710401;UHE 14 de Julho - CAV SNHIR.xlsx;b8f0487a-df73-4f8d-8b22-bb49cf9f3683;https://metadados.snirh.gov.br/files/b8f0487a-df73-4f8d-8b22-bb49cf9f3683/14_de_Julho.zip
14 de Julho;104,0600000000005;103,9900000000005;5,6382108474409005;75,17683146354901;UHE 14 de Julho - CAV SNHIR.xlsx;b8f0487a-df73-4f8d-8b22-bb49cf9f3683;https://metadados.snirh.gov.br/files/b8f0487a-df73-4f8d-8b22-bb49cf9f3683/14_de_Julho.zip
14 de Julho;104,0700000000005;104,00000000000051;5,6393692427178;75,23321108298799;UHE 14 de Julho - CAV SNHIR.xlsx;b8f0487a-df73-4f8d-8b22-bb49cf9f3683;https://metadados.snirh.gov.br/files/b8f0487a-df73-4f8d-8b22-bb49cf9f3683/14_de_Julho.zip
14 de Julho;104,08000000000051;104,01000000000052;5,6405257631815005;75,289610693451;UHE 14 de Julho - CAV SNHIR.xlsx;b8f0487a-df73-4f8d-8b22-bb49cf9f3683;https://metadados.snirh.gov.br/files/b8f0487a-df73-4f8d-8b22-bb49cf9f3683/14_de_Julho.zip
14 de Julho;104,09000000000052;104,02000000000052;5,6416804024255;75,346017980967;UHE 14 de Julho - CAV SNHIR.xlsx;b8f0487a-df73-4f8d-8b22-bb49cf9f3683;https://metadados.snirh.gov.br/files/b8f0487a-df73-4f8d-8b22-bb49cf9f3683/14_de_Julho.zip
14 de Julho;104,10000000000052;104,03000000000053;5,6428331952198;75,402434788096;UHE 14 de Julho - CAV SNHIR.xlsx;b8f0487a-df73-4f8d-8b22-bb49cf9f3683;https://metadados.snirh.gov.br/files/b8f0487a-df73-4f8d-8b22-bb49cf9f3683/14_de_Julho.zip
14 de Julho;104,11000000000053;104,04000000000053;5,6439841875256;75,45886790173499;UHE 14 de Julho - CAV SNHIR.xlsx;b8f0487a-df73-4f8d-8b22-bb49cf9f3683;https://metadados.snirh.gov.br/files/b8f0487a-df73-4f8d-8b22-bb49cf9f3683/14_de_Julho.zip
14 de Julho;104,12000000000053;104,05000000000054;5,6451334086327005;75,515313015648;UHE 14 de Julho - CAV SNHIR.xlsx;b8f0487a-df73-4f8d-8b22-bb49cf9f3683;https://metadados.snirh.gov.br/files/b8f0487a-df73-4f8d-8b22-bb49cf9f3683/14_de_Julho.zip
14 de Julho;104,13000000000054;104,06000000000054;5,6462808455453;75,57176882277399;UHE 14 de Julho - CAV SNHIR.xlsx;b8f0487a-df73-4f8d-8b22-bb49cf9f3683;https://metadados.snirh.gov.br/files/b8f0487a-df73-4f8d-8b22-bb49cf9f3683/14_de_Julho.zip
14 de Julho;104,14000000000054;104,07000000000055;5,6474265033847;75,628235718032;UHE 14 de Julho - CAV SNHIR.xlsx;b8f0487a-df73-4f8d-8b22-bb49cf9f3683;https://metadados.snirh.gov.br/files/b8f0487a-df73-4f8d-8b22-bb49cf9f3683/14_de_Julho.zip
14 de Julho;104,15000000000055;104,08000000000055;5,6485703891668;75,684715446896;UHE 14 de Julho - CAV SNHIR.xlsx;b8f0487a-df73-4f8d-8b22-bb49cf9f3683;https://metadados.snirh.gov.br/files/b8f0487a-df73-4f8d-8b22-bb49cf9f3683/14_de_Julho.zip
14 de Julho;104,16000000000055;104,09000000000056;5,6497125248235;75,741203653578;UHE 14 de Julho - CAV SNHIR.xlsx;b8f0487a-df73-4f8d-8b22-bb49cf9f3683;https://metadados.snirh.gov.br/files/b8f0487a-df73-4f8d-8b22-bb49cf9f3683/14_de_Julho.zip
14 de Julho;104,17000000000056;104,10000000000056;5,6508529205775995;75,797709867929;UHE 14 de Julho - CAV SNHIR.xlsx;b8f0487a-df73-4f8d-8b22-bb49cf9f3683;https://metadados.snirh.gov.br/files/b8f0487a-df73-4f8d-8b22-bb49cf9f3683/14_de_Julho.zip
14 de Julho;104,18000000000056;104,11000000000057;5,6519915866641;75,854225759847;UHE 14 de Julho - CAV SNHIR.xlsx;b8f0487a-df73-4f8d-8b22-bb49cf9f3683;https://metadados.snirh.gov.br/files/b8f0487a-df73-4f8d-8b22-bb49cf9f3683/14_de_Julho.zip
14 de Julho;104,19000000000057;104,12000000000057;5,6531285566911995;75,91075095517;UHE 14 de Julho - CAV SNHIR.xlsx;b8f0487a-df73-4f8d-8b22-bb49cf9f3683;https://metadados.snirh.gov.br/files/b8f0487a-df73-4f8d-8b22-bb49cf9f3683/14_de_Julho.zip
14 de Julho;104,20000000000057;104,13000000000058;5,6542638434917;75,96728533885;UHE 14 de Julho - CAV SNHIR.xlsx;b8f0487a-df73-4f8d-8b22-bb49cf9f3683;https://metadados.snirh.gov.br/files/b8f0487a-df73-4f8d-8b22-bb49cf9f3683/14_de_Julho.zip
14 de Julho;104,21000000000058;104,14000000000058;5,655397492463201;76,02382645718201;UHE 14 de Julho - CAV SNHIR.xlsx;b8f0487a-df73-4f8d-8b22-bb49cf9f3683;https://metadados.snirh.gov.br/files/b8f0487a-df73-4f8d-8b22-bb49cf9f3683/14_de_Julho.zip
14 de Julho;104,22000000000058;104,15000000000059;5,656529528561101;76,08038476366401;UHE 14 de Julho - CAV SNHIR.xlsx;b8f0487a-df73-4f8d-8b22-bb49cf9f3683;https://metadados.snirh.gov.br/files/b8f0487a-df73-4f8d-8b22-bb49cf9f3683/14_de_Julho.zip
14 de Julho;104,23000000000059;104,1600000000006;5,6576599688483995;76,136951418615;UHE 14 de Julho - CAV SNHIR.xlsx;b8f0487a-df73-4f8d-8b22-bb49cf9f3683;https://metadados.snirh.gov.br/files/b8f0487a-df73-4f8d-8b22-bb49cf9f3683/14_de_Julho.zip
14 de Julho;104,24000000000059;104,1700000000006;5,6587888188921;76,19352916193;UHE 14 de Julho - CAV SNHIR.xlsx;b8f0487a-df73-4f8d-8b22-bb49cf9f3683;https://metadados.snirh.gov.br/files/b8f0487a-df73-4f8d-8b22-bb49cf9f3683/14_de_Julho.zip
14 de Julho;104,2500000000006;104,1800000000006;5,6599160778855;76,25011815129601;UHE 14 de Julho - CAV SNHIR.xlsx;b8f0487a-df73-4f8d-8b22-bb49cf9f3683;https://metadados.snirh.gov.br/files/b8f0487a-df73-4f8d-8b22-bb49cf9f3683/14_de_Julho.zip
14 de Julho;104,2600000000006;104,19000000000061;5,6610417206655;76,306721376546;UHE 14 de Julho - CAV SNHIR.xlsx;b8f0487a-df73-4f8d-8b22-bb49cf9f3683;https://metadados.snirh.gov.br/files/b8f0487a-df73-4f8d-8b22-bb49cf9f3683/14_de_Julho.zip
14 de Julho;104,2700000000006;104,20000000000061;5,6621657624452;76,363340705097;UHE 14 de Julho - CAV SNHIR.xlsx;b8f0487a-df73-4f8d-8b22-bb49cf9f3683;https://metadados.snirh.gov.br/files/b8f0487a-df73-4f8d-8b22-bb49cf9f3683/14_de_Julho.zip
14 de Julho;104,28000000000061;104,21000000000062;5,663288198424801;76,419963095441;UHE 14 de Julho - CAV SNHIR.xlsx;b8f0487a-df73-4f8d-8b22-bb49cf9f3683;https://metadados.snirh.gov.br/files/b8f0487a-df73-4f8d-8b22-bb49cf9f3683/14_de_Julho.zip
14 de Julho;104,29000000000062;104,22000000000062;5,6644090903664;76,476600889212;UHE 14 de Julho - CAV SNHIR.xlsx;b8f0487a-df73-4f8d-8b22-bb49cf9f3683;https://metadados.snirh.gov.br/files/b8f0487a-df73-4f8d-8b22-bb49cf9f3683/14_de_Julho.zip
14 de Julho;104,30000000000062;104,23000000000063;5,6655284541904;76,53325182486101;UHE 14 de Julho - CAV SNHIR.xlsx;b8f0487a-df73-4f8d-8b22-bb49cf9f3683;https://metadados.snirh.gov.br/files/b8f0487a-df73-4f8d-8b22-bb49cf9f3683/14_de_Julho.zip
14 de Julho;104,31000000000063;104,24000000000063;5,6666462991496;76,58991511933499;UHE 14 de Julho - CAV SNHIR.xlsx;b8f0487a-df73-4f8d-8b22-bb49cf9f3683;https://metadados.snirh.gov.br/files/b8f0487a-df73-4f8d-8b22-bb49cf9f3683/14_de_Julho.zip
14 de Julho;104,32000000000063;104,25000000000064;5,6677626483364;76,64658783265901;UHE 14 de Julho - CAV SNHIR.xlsx;b8f0487a-df73-4f8d-8b22-bb49cf9f3683;https://metadados.snirh.gov.br/files/b8f0487a-df73-4f8d-8b22-bb49cf9f3683/14_de_Julho.zip
14 de Julho;104,33000000000064;104,26000000000064;5,6688774867621;76,703265580198;UHE 14 de Julho - CAV SNHIR.xlsx;b8f0487a-df73-4f8d-8b22-bb49cf9f3683;https://metadados.snirh.gov.br/files/b8f0487a-df73-4f8d-8b22-bb49cf9f3683/14_de_Julho.zip
14 de Julho;104,34000000000064;104,27000000000065;5,669990840804;76,759960222543;UHE 14 de Julho - CAV SNHIR.xlsx;b8f0487a-df73-4f8d-8b22-bb49cf9f3683;https://metadados.snirh.gov.br/files/b8f0487a-df73-4f8d-8b22-bb49cf9f3683/14_de_Julho.zip
14 de Julho;104,35000000000065;104,28000000000065;5,6711027062957;76,816665142572;UHE 14 de Julho - CAV SNHIR.xlsx;b8f0487a-df73-4f8d-8b22-bb49cf9f3683;https://metadados.snirh.gov.br/files/b8f0487a-df73-4f8d-8b22-bb49cf9f3683/14_de_Julho.zip
14 de Julho;104,36000000000065;104,29000000000066;5,6722131079752;76,873379766562;UHE 14 de Julho - CAV SNHIR.xlsx;b8f0487a-df73-4f8d-8b22-bb49cf9f3683;https://metadados.snirh.gov.br/files/b8f0487a-df73-4f8d-8b22-bb49cf9f3683/14_de_Julho.zip
14 de Julho;104,37000000000066;104,30000000000067;5,6733220607031;76,930104626173;UHE 14 de Julho - CAV SNHIR.xlsx;b8f0487a-df73-4f8d-8b22-bb49cf9f3683;https://metadados.snirh.gov.br/files/b8f0487a-df73-4f8d-8b22-bb49cf9f3683/14_de_Julho.zip
14 de Julho;104,38000000000066;104,31000000000067;5,6744295362895;76,986840889822;UHE 14 de Julho - CAV SNHIR.xlsx;b8f0487a-df73-4f8d-8b22-bb49cf9f3683;https://metadados.snirh.gov.br/files/b8f0487a-df73-4f8d-8b22-bb49cf9f3683/14_de_Julho.zip
14 de Julho;104,39000000000067;104,32000000000068;5,6755355656382;77,04359080332799;UHE 14 de Julho - CAV SNHIR.xlsx;b8f0487a-df73-4f8d-8b22-bb49cf9f3683;https://metadados.snirh.gov.br/files/b8f0487a-df73-4f8d-8b22-bb49cf9f3683/14_de_Julho.zip
14 de Julho;104,40000000000067;104,33000000000068;5,6766401665898005;77,10034831977899;UHE 14 de Julho - CAV SNHIR.xlsx;b8f0487a-df73-4f8d-8b22-bb49cf9f3683;https://metadados.snirh.gov.br/files/b8f0487a-df73-4f8d-8b22-bb49cf9f3683/14_de_Julho.zip
14 de Julho;104,41000000000068;104,34000000000069;5,6777433471798995;77,15711455557499;UHE 14 de Julho - CAV SNHIR.xlsx;b8f0487a-df73-4f8d-8b22-bb49cf9f3683;https://metadados.snirh.gov.br/files/b8f0487a-df73-4f8d-8b22-bb49cf9f3683/14_de_Julho.zip
14 de Julho;104,42000000000068;104,35000000000069;5,6788451298426;77,21389315263299;UHE 14 de Julho - CAV SNHIR.xlsx;b8f0487a-df73-4f8d-8b22-bb49cf9f3683;https://metadados.snirh.gov.br/files/b8f0487a-df73-4f8d-8b22-bb49cf9f3683/14_de_Julho.zip
14 de Julho;104,43000000000069;104,3600000000007;5,6799455418521;77,27068899516199;UHE 14 de Julho - CAV SNHIR.xlsx;b8f0487a-df73-4f8d-8b22-bb49cf9f3683;https://metadados.snirh.gov.br/files/b8f0487a-df73-4f8d-8b22-bb49cf9f3683/14_de_Julho.zip
14 de Julho;104,4400000000007;104,3700000000007;5,6810445943955;77,32749340458601;UHE 14 de Julho - CAV SNHIR.xlsx;b8f0487a-df73-4f8d-8b22-bb49cf9f3683;https://metadados.snirh.gov.br/files/b8f0487a-df73-4f8d-8b22-bb49cf9f3683/14_de_Julho.zip
14 de Julho;104,4500000000007;104,3800000000007;5,682142304286501;77,384307609034;UHE 14 de Julho - CAV SNHIR.xlsx;b8f0487a-df73-4f8d-8b22-bb49cf9f3683;https://metadados.snirh.gov.br/files/b8f0487a-df73-4f8d-8b22-bb49cf9f3683/14_de_Julho.zip
14 de Julho;104,4600000000007;104,39000000000071;5,6832386868977;77,441130002123;UHE 14 de Julho - CAV SNHIR.xlsx;b8f0487a-df73-4f8d-8b22-bb49cf9f3683;https://metadados.snirh.gov.br/files/b8f0487a-df73-4f8d-8b22-bb49cf9f3683/14_de_Julho.zip
14 de Julho;104,47000000000071;104,40000000000072;5,6843337547059996;77,49796611547201;UHE 14 de Julho - CAV SNHIR.xlsx;b8f0487a-df73-4f8d-8b22-bb49cf9f3683;https://metadados.snirh.gov.br/files/b8f0487a-df73-4f8d-8b22-bb49cf9f3683/14_de_Julho.zip
14 de Julho;104,48000000000071;104,41000000000072;5,6854275283819;77,554808496186;UHE 14 de Julho - CAV SNHIR.xlsx;b8f0487a-df73-4f8d-8b22-bb49cf9f3683;https://metadados.snirh.gov.br/files/b8f0487a-df73-4f8d-8b22-bb49cf9f3683/14_de_Julho.zip
14 de Julho;104,49000000000072;104,42000000000073;5,6865200350225;77,61166661101801;UHE 14 de Julho - CAV SNHIR.xlsx;b8f0487a-df73-4f8d-8b22-bb49cf9f3683;https://metadados.snirh.gov.br/files/b8f0487a-df73-4f8d-8b22-bb49cf9f3683/14_de_Julho.zip
14 de Julho;104,50000000000072;104,43000000000073;5,687611272361099;77,668537580691;UHE 14 de Julho - CAV SNHIR.xlsx;b8f0487a-df73-4f8d-8b22-bb49cf9f3683;https://metadados.snirh.gov.br/files/b8f0487a-df73-4f8d-8b22-bb49cf9f3683/14_de_Julho.zip
14 de Julho;104,51000000000073;104,44000000000074;5,6887012389028;77,725408584279;UHE 14 de Julho - CAV SNHIR.xlsx;b8f0487a-df73-4f8d-8b22-bb49cf9f3683;https://metadados.snirh.gov.br/files/b8f0487a-df73-4f8d-8b22-bb49cf9f3683/14_de_Julho.zip
14 de Julho;104,52000000000073;104,45000000000074;5,6897899185839;77,782298742353;UHE 14 de Julho - CAV SNHIR.xlsx;b8f0487a-df73-4f8d-8b22-bb49cf9f3683;https://metadados.snirh.gov.br/files/b8f0487a-df73-4f8d-8b22-bb49cf9f3683/14_de_Julho.zip
14 de Julho;104,53000000000074;104,46000000000075;5,6908773350856;77,839197322303;UHE 14 de Julho - CAV SNHIR.xlsx;b8f0487a-df73-4f8d-8b22-bb49cf9f3683;https://metadados.snirh.gov.br/files/b8f0487a-df73-4f8d-8b22-bb49cf9f3683/14_de_Julho.zip
14 de Julho;104,54000000000075;104,47000000000075;5,691963500043;77,896104175772;UHE 14 de Julho - CAV SNHIR.xlsx;b8f0487a-df73-4f8d-8b22-bb49cf9f3683;https://metadados.snirh.gov.br/files/b8f0487a-df73-4f8d-8b22-bb49cf9f3683/14_de_Julho.zip
14 de Julho;104,55000000000075;104,48000000000076;5,693048428736001;77,953028252059;UHE 14 de Julho - CAV SNHIR.xlsx;b8f0487a-df73-4f8d-8b22-bb49cf9f3683;https://metadados.snirh.gov.br/files/b8f0487a-df73-4f8d-8b22-bb49cf9f3683/14_de_Julho.zip
14 de Julho;104,56000000000076;104,49000000000076;5,6941321356519;78,009956690752;UHE 14 de Julho - CAV SNHIR.xlsx;b8f0487a-df73-4f8d-8b22-bb49cf9f3683;https://metadados.snirh.gov.br/files/b8f0487a-df73-4f8d-8b22-bb49cf9f3683/14_de_Julho.zip
14 de Julho;104,57000000000076;104,50000000000077;5,6952146493593;78,066900434031;UHE 14 de Julho - CAV SNHIR.xlsx;b8f0487a-df73-4f8d-8b22-bb49cf9f3683;https://metadados.snirh.gov.br/files/b8f0487a-df73-4f8d-8b22-bb49cf9f3683/14_de_Julho.zip
14 de Julho;104,58000000000077;104,51000000000077;5,6962959649684;78,123848854477;UHE 14 de Julho - CAV SNHIR.xlsx;b8f0487a-df73-4f8d-8b22-bb49cf9f3683;https://metadados.snirh.gov.br/files/b8f0487a-df73-4f8d-8b22-bb49cf9f3683/14_de_Julho.zip
14 de Julho;104,59000000000077;104,52000000000078;5,6973760964598;78,18081285413399;UHE 14 de Julho - CAV SNHIR.xlsx;b8f0487a-df73-4f8d-8b22-bb49cf9f3683;https://metadados.snirh.gov.br/files/b8f0487a-df73-4f8d-8b22-bb49cf9f3683/14_de_Julho.zip
14 de Julho;104,60000000000078;104,53000000000078;5,6984550502591;78,237789756257;UHE 14 de Julho - CAV SNHIR.xlsx;b8f0487a-df73-4f8d-8b22-bb49cf9f3683;https://metadados.snirh.gov.br/files/b8f0487a-df73-4f8d-8b22-bb49cf9f3683/14_de_Julho.zip
14 de Julho;104,61000000000078;104,54000000000079;5,699532852358001;78,294781131532;UHE 14 de Julho - CAV SNHIR.xlsx;b8f0487a-df73-4f8d-8b22-bb49cf9f3683;https://metadados.snirh.gov.br/files/b8f0487a-df73-4f8d-8b22-bb49cf9f3683/14_de_Julho.zip
14 de Julho;104,62000000000079;104,5500000000008;5,7006095150244995;78,35177404249;UHE 14 de Julho - CAV SNHIR.xlsx;b8f0487a-df73-4f8d-8b22-bb49cf9f3683;https://metadados.snirh.gov.br/files/b8f0487a-df73-4f8d-8b22-bb49cf9f3683/14_de_Julho.zip
14 de Julho;104,63000000000079;104,5600000000008;5,7016850355899;78,408782300926;UHE 14 de Julho - CAV SNHIR.xlsx;b8f0487a-df73-4f8d-8b22-bb49cf9f3683;https://metadados.snirh.gov.br/files/b8f0487a-df73-4f8d-8b22-bb49cf9f3683/14_de_Julho.zip
14 de Julho;104,6400000000008;104,5700000000008;5,7027594311568;78,465802462052;UHE 14 de Julho - CAV SNHIR.xlsx;b8f0487a-df73-4f8d-8b22-bb49cf9f3683;https://metadados.snirh.gov.br/files/b8f0487a-df73-4f8d-8b22-bb49cf9f3683/14_de_Julho.zip
14 de Julho;104,6500000000008;104,58000000000081;5,7038327096085;78,522833857303;UHE 14 de Julho - CAV SNHIR.xlsx;b8f0487a-df73-4f8d-8b22-bb49cf9f3683;https://metadados.snirh.gov.br/files/b8f0487a-df73-4f8d-8b22-bb49cf9f3683/14_de_Julho.zip
14 de Julho;104,6600000000008;104,59000000000081;5,7049048811696;78,579883022569;UHE 14 de Julho - CAV SNHIR.xlsx;b8f0487a-df73-4f8d-8b22-bb49cf9f3683;https://metadados.snirh.gov.br/files/b8f0487a-df73-4f8d-8b22-bb49cf9f3683/14_de_Julho.zip
14 de Julho;104,67000000000081;104,60000000000082;5,7059759346337;78,63693600872;UHE 14 de Julho - CAV SNHIR.xlsx;b8f0487a-df73-4f8d-8b22-bb49cf9f3683;https://metadados.snirh.gov.br/files/b8f0487a-df73-4f8d-8b22-bb49cf9f3683/14_de_Julho.zip
14 de Julho;104,68000000000082;104,61000000000082;5,7070458706585;78,694000432628;UHE 14 de Julho - CAV SNHIR.xlsx;b8f0487a-df73-4f8d-8b22-bb49cf9f3683;https://metadados.snirh.gov.br/files/b8f0487a-df73-4f8d-8b22-bb49cf9f3683/14_de_Julho.zip
14 de Julho;104,69000000000082;104,62000000000083;5,7081147094633;78,751075986264;UHE 14 de Julho - CAV SNHIR.xlsx;b8f0487a-df73-4f8d-8b22-bb49cf9f3683;https://metadados.snirh.gov.br/files/b8f0487a-df73-4f8d-8b22-bb49cf9f3683/14_de_Julho.zip
14 de Julho;104,70000000000083;104,63000000000083;5,7091824517;78,808163192311;UHE 14 de Julho - CAV SNHIR.xlsx;b8f0487a-df73-4f8d-8b22-bb49cf9f3683;https://metadados.snirh.gov.br/files/b8f0487a-df73-4f8d-8b22-bb49cf9f3683/14_de_Julho.zip
14 de Julho;104,71000000000083;104,64000000000084;5,710249081070399;78,865258800479;UHE 14 de Julho - CAV SNHIR.xlsx;b8f0487a-df73-4f8d-8b22-bb49cf9f3683;https://metadados.snirh.gov.br/files/b8f0487a-df73-4f8d-8b22-bb49cf9f3683/14_de_Julho.zip
14 de Julho;104,72000000000084;104,65000000000084;5,7113146197974;78,922360825318;UHE 14 de Julho - CAV SNHIR.xlsx;b8f0487a-df73-4f8d-8b22-bb49cf9f3683;https://metadados.snirh.gov.br/files/b8f0487a-df73-4f8d-8b22-bb49cf9f3683/14_de_Julho.zip
14 de Julho;104,73000000000084;104,66000000000085;5,7123790744648;78,979473407004;UHE 14 de Julho - CAV SNHIR.xlsx;b8f0487a-df73-4f8d-8b22-bb49cf9f3683;https://metadados.snirh.gov.br/files/b8f0487a-df73-4f8d-8b22-bb49cf9f3683/14_de_Julho.zip
14 de Julho;104,74000000000085;104,67000000000085;5,7134424598474;79,03660422248399;UHE 14 de Julho - CAV SNHIR.xlsx;b8f0487a-df73-4f8d-8b22-bb49cf9f3683;https://metadados.snirh.gov.br/files/b8f0487a-df73-4f8d-8b22-bb49cf9f3683/14_de_Julho.zip
14 de Julho;104,75000000000085;104,68000000000086;5,7145047873721;79,093738597691;UHE 14 de Julho - CAV SNHIR.xlsx;b8f0487a-df73-4f8d-8b22-bb49cf9f3683;https://metadados.snirh.gov.br/files/b8f0487a-df73-4f8d-8b22-bb49cf9f3683/14_de_Julho.zip
14 de Julho;104,76000000000086;104,69000000000086;5,715566083252299;79,150888429622;UHE 14 de Julho - CAV SNHIR.xlsx;b8f0487a-df73-4f8d-8b22-bb49cf9f3683;https://metadados.snirh.gov.br/files/b8f0487a-df73-4f8d-8b22-bb49cf9f3683/14_de_Julho.zip
14 de Julho;104,77000000000086;104,70000000000087;5,716626336672499;79,20804622333699;UHE 14 de Julho - CAV SNHIR.xlsx;b8f0487a-df73-4f8d-8b22-bb49cf9f3683;https://metadados.snirh.gov.br/files/b8f0487a-df73-4f8d-8b22-bb49cf9f3683/14_de_Julho.zip
14 de Julho;104,78000000000087;104,71000000000087;5,7176855412906;79,265219111689;UHE 14 de Julho - CAV SNHIR.xlsx;b8f0487a-df73-4f8d-8b22-bb49cf9f3683;https://metadados.snirh.gov.br/files/b8f0487a-df73-4f8d-8b22-bb49cf9f3683/14_de_Julho.zip
14 de Julho;104,79000000000087;104,72000000000088;5,7187437057792;79,32240093923099;UHE 14 de Julho - CAV SNHIR.xlsx;b8f0487a-df73-4f8d-8b22-bb49cf9f3683;https://metadados.snirh.gov.br/files/b8f0487a-df73-4f8d-8b22-bb49cf9f3683/14_de_Julho.zip
14 de Julho;104,80000000000088;104,73000000000089;5,7198008760125;79,379587935288;UHE 14 de Julho - CAV SNHIR.xlsx;b8f0487a-df73-4f8d-8b22-bb49cf9f3683;https://metadados.snirh.gov.br/files/b8f0487a-df73-4f8d-8b22-bb49cf9f3683/14_de_Julho.zip
14 de Julho;104,81000000000088;104,74000000000089;5,7208570480324;79,43678170310301;UHE 14 de Julho - CAV SNHIR.xlsx;b8f0487a-df73-4f8d-8b22-bb49cf9f3683;https://metadados.snirh.gov.br/files/b8f0487a-df73-4f8d-8b22-bb49cf9f3683/14_de_Julho.zip
14 de Julho;104,82000000000089;104,7500000000009;5,7219122339156;79,49398697261401;UHE 14 de Julho - CAV SNHIR.xlsx;b8f0487a-df73-4f8d-8b22-bb49cf9f3683;https://metadados.snirh.gov.br/files/b8f0487a-df73-4f8d-8b22-bb49cf9f3683/14_de_Julho.zip
14 de Julho;104,8300000000009;104,7600000000009;5,7229664384199;79,551208556537;UHE 14 de Julho - CAV SNHIR.xlsx;b8f0487a-df73-4f8d-8b22-bb49cf9f3683;https://metadados.snirh.gov.br/files/b8f0487a-df73-4f8d-8b22-bb49cf9f3683/14_de_Julho.zip
14 de Julho;104,8400000000009;104,7700000000009;5,7240196666838;79,60844346963499;UHE 14 de Julho - CAV SNHIR.xlsx;b8f0487a-df73-4f8d-8b22-bb49cf9f3683;https://metadados.snirh.gov.br/files/b8f0487a-df73-4f8d-8b22-bb49cf9f3683/14_de_Julho.zip
14 de Julho;104,8500000000009;104,78000000000091;5,7250719298882995;79,665693816935;UHE 14 de Julho - CAV SNHIR.xlsx;b8f0487a-df73-4f8d-8b22-bb49cf9f3683;https://metadados.snirh.gov.br/files/b8f0487a-df73-4f8d-8b22-bb49cf9f3683/14_de_Julho.zip
14 de Julho;104,86000000000091;104,79000000000092;5,7261232387305006;79,722950907852;UHE 14 de Julho - CAV SNHIR.xlsx;b8f0487a-df73-4f8d-8b22-bb49cf9f3683;https://metadados.snirh.gov.br/files/b8f0487a-df73-4f8d-8b22-bb49cf9f3683/14_de_Julho.zip
14 de Julho;104,87000000000091;104,80000000000092;5,7271735896605005;79,78021497029499;UHE 14 de Julho - CAV SNHIR.xlsx;b8f0487a-df73-4f8d-8b22-bb49cf9f3683;https://metadados.snirh.gov.br/files/b8f0487a-df73-4f8d-8b22-bb49cf9f3683/14_de_Julho.zip
14 de Julho;104,88000000000092;104,81000000000093;5,7282230143517;79,837489234982;UHE 14 de Julho - CAV SNHIR.xlsx;b8f0487a-df73-4f8d-8b22-bb49cf9f3683;https://metadados.snirh.gov.br/files/b8f0487a-df73-4f8d-8b22-bb49cf9f3683/14_de_Julho.zip
14 de Julho;104,89000000000092;104,82000000000093;5,7292715294973;79,89477031854001;UHE 14 de Julho - CAV SNHIR.xlsx;b8f0487a-df73-4f8d-8b22-bb49cf9f3683;https://metadados.snirh.gov.br/files/b8f0487a-df73-4f8d-8b22-bb49cf9f3683/14_de_Julho.zip
14 de Julho;104,90000000000093;104,83000000000094;5,7303191419643;79,95206496210099;UHE 14 de Julho - CAV SNHIR.xlsx;b8f0487a-df73-4f8d-8b22-bb49cf9f3683;https://metadados.snirh.gov.br/files/b8f0487a-df73-4f8d-8b22-bb49cf9f3683/14_de_Julho.zip
14 de Julho;104,91000000000093;104,84000000000094;5,7313658481633;80,00937264403699;UHE 14 de Julho - CAV SNHIR.xlsx;b8f0487a-df73-4f8d-8b22-bb49cf9f3683;https://metadados.snirh.gov.br/files/b8f0487a-df73-4f8d-8b22-bb49cf9f3683/14_de_Julho.zip
14 de Julho;104,92000000000094;104,85000000000095;5,732411652383299;80,066687560779;UHE 14 de Julho - CAV SNHIR.xlsx;b8f0487a-df73-4f8d-8b22-bb49cf9f3683;https://metadados.snirh.gov.br/files/b8f0487a-df73-4f8d-8b22-bb49cf9f3683/14_de_Julho.zip
14 de Julho;104,93000000000094;104,86000000000095;5,7334565564566;80,124009410999;UHE 14 de Julho - CAV SNHIR.xlsx;b8f0487a-df73-4f8d-8b22-bb49cf9f3683;https://metadados.snirh.gov.br/files/b8f0487a-df73-4f8d-8b22-bb49cf9f3683/14_de_Julho.zip
14 de Julho;104,94000000000095;104,87000000000096;5,7345005847949;80,181353803658;UHE 14 de Julho - CAV SNHIR.xlsx;b8f0487a-df73-4f8d-8b22-bb49cf9f3683;https://metadados.snirh.gov.br/files/b8f0487a-df73-4f8d-8b22-bb49cf9f3683/14_de_Julho.zip
14 de Julho;104,95000000000095;104,88000000000096;5,7355437599018995;80,23870115779;UHE 14 de Julho - CAV SNHIR.xlsx;b8f0487a-df73-4f8d-8b22-bb49cf9f3683;https://metadados.snirh.gov.br/files/b8f0487a-df73-4f8d-8b22-bb49cf9f3683/14_de_Julho.zip
14 de Julho;104,96000000000096;104,89000000000097;5,7365860841116;80,29605916616599;UHE 14 de Julho - CAV SNHIR.xlsx;b8f0487a-df73-4f8d-8b22-bb49cf9f3683;https://metadados.snirh.gov.br/files/b8f0487a-df73-4f8d-8b22-bb49cf9f3683/14_de_Julho.zip
14 de Julho;104,97000000000097;104,90000000000097;5,7376275614018;80,353423424173;UHE 14 de Julho - CAV SNHIR.xlsx;b8f0487a-df73-4f8d-8b22-bb49cf9f3683;https://metadados.snirh.gov.br/files/b8f0487a-df73-4f8d-8b22-bb49cf9f3683/14_de_Julho.zip
14 de Julho;104,98000000000097;104,91000000000098;5,7386681956431;80,410802953986;UHE 14 de Julho - CAV SNHIR.xlsx;b8f0487a-df73-4f8d-8b22-bb49cf9f3683;https://metadados.snirh.gov.br/files/b8f0487a-df73-4f8d-8b22-bb49cf9f3683/14_de_Julho.zip
14 de Julho;104,99000000000098;104,92000000000098;5,7397079862264;80,468197185701;UHE 14 de Julho - CAV SNHIR.xlsx;b8f0487a-df73-4f8d-8b22-bb49cf9f3683;https://metadados.snirh.gov.br/files/b8f0487a-df73-4f8d-8b22-bb49cf9f3683/14_de_Julho.zip
14 de Julho;105,00000000000098;104,93000000000099;5,7407469439692;80,525594979405;UHE 14 de Julho - CAV SNHIR.xlsx;b8f0487a-df73-4f8d-8b22-bb49cf9f3683;https://metadados.snirh.gov.br/files/b8f0487a-df73-4f8d-8b22-bb49cf9f3683/14_de_Julho.zip
14 de Julho;105,01000000000099;104,94000000000099;5,7417850754913;80,583009332732;UHE 14 de Julho - CAV SNHIR.xlsx;b8f0487a-df73-4f8d-8b22-bb49cf9f3683;https://metadados.snirh.gov.br/files/b8f0487a-df73-4f8d-8b22-bb49cf9f3683/14_de_Julho.zip
14 de Julho;105,02000000000099;104,950000000001;5,742822405019;80,64043190154999;UHE 14 de Julho - CAV SNHIR.xlsx;b8f0487a-df73-4f8d-8b22-bb49cf9f3683;https://metadados.snirh.gov.br/files/b8f0487a-df73-4f8d-8b22-bb49cf9f3683/14_de_Julho.zip
14 de Julho;105,030000000001;104,960000000001;5,7438589227799;80,69786273690299;UHE 14 de Julho - CAV SNHIR.xlsx;b8f0487a-df73-4f8d-8b22-bb49cf9f3683;https://metadados.snirh.gov.br/files/b8f0487a-df73-4f8d-8b22-bb49cf9f3683/14_de_Julho.zip
14 de Julho;105,040000000001;104,97000000000101;5,7448946046573;80,75530288307901;UHE 14 de Julho - CAV SNHIR.xlsx;b8f0487a-df73-4f8d-8b22-bb49cf9f3683;https://metadados.snirh.gov.br/files/b8f0487a-df73-4f8d-8b22-bb49cf9f3683/14_de_Julho.zip
14 de Julho;105,050000000001;104,98000000000101;5,7459294737638995;80,812754517481;UHE 14 de Julho - CAV SNHIR.xlsx;b8f0487a-df73-4f8d-8b22-bb49cf9f3683;https://metadados.snirh.gov.br/files/b8f0487a-df73-4f8d-8b22-bb49cf9f3683/14_de_Julho.zip
14 de Julho;105,06000000000101;104,99000000000102;5,7469635391611;80,87021549260301;UHE 14 de Julho - CAV SNHIR.xlsx;b8f0487a-df73-4f8d-8b22-bb49cf9f3683;https://metadados.snirh.gov.br/files/b8f0487a-df73-4f8d-8b22-bb49cf9f3683/14_de_Julho.zip
14 de Julho;105,07000000000102;105,00000000000102;5,7479968031449005;80,927685246562;UHE 14 de Julho - CAV SNHIR.xlsx;b8f0487a-df73-4f8d-8b22-bb49cf9f3683;https://metadados.snirh.gov.br/files/b8f0487a-df73-4f8d-8b22-bb49cf9f3683/14_de_Julho.zip
14 de Julho;105,08000000000102;105,01000000000103;5,749029264531;80,98516739893701;UHE 14 de Julho - CAV SNHIR.xlsx;b8f0487a-df73-4f8d-8b22-bb49cf9f3683;https://metadados.snirh.gov.br/files/b8f0487a-df73-4f8d-8b22-bb49cf9f3683/14_de_Julho.zip
14 de Julho;105,09000000000103;105,02000000000103;5,7500609342569;81,042659093167;UHE 14 de Julho - CAV SNHIR.xlsx;b8f0487a-df73-4f8d-8b22-bb49cf9f3683;https://metadados.snirh.gov.br/files/b8f0487a-df73-4f8d-8b22-bb49cf9f3683/14_de_Julho.zip
14 de Julho;105,10000000000103;105,03000000000104;5,7510918379494;81,10016410975399;UHE 14 de Julho - CAV SNHIR.xlsx;b8f0487a-df73-4f8d-8b22-bb49cf9f3683;https://metadados.snirh.gov.br/files/b8f0487a-df73-4f8d-8b22-bb49cf9f3683/14_de_Julho.zip
14 de Julho;105,11000000000104;105,04000000000104;5,7521219760983;81,15767923560401;UHE 14 de Julho - CAV SNHIR.xlsx;b8f0487a-df73-4f8d-8b22-bb49cf9f3683;https://metadados.snirh.gov.br/files/b8f0487a-df73-4f8d-8b22-bb49cf9f3683/14_de_Julho.zip
14 de Julho;105,12000000000104;105,05000000000105;5,7531513478683;81,215204744735;UHE 14 de Julho - CAV SNHIR.xlsx;b8f0487a-df73-4f8d-8b22-bb49cf9f3683;https://metadados.snirh.gov.br/files/b8f0487a-df73-4f8d-8b22-bb49cf9f3683/14_de_Julho.zip
14 de Julho;105,13000000000105;105,06000000000105;5,754179961784;81,27274116120499;UHE 14 de Julho - CAV SNHIR.xlsx;b8f0487a-df73-4f8d-8b22-bb49cf9f3683;https://metadados.snirh.gov.br/files/b8f0487a-df73-4f8d-8b22-bb49cf9f3683/14_de_Julho.zip
14 de Julho;105,14000000000105;105,07000000000106;5,7552078374806;81,330286166734;UHE 14 de Julho - CAV SNHIR.xlsx;b8f0487a-df73-4f8d-8b22-bb49cf9f3683;https://metadados.snirh.gov.br/files/b8f0487a-df73-4f8d-8b22-bb49cf9f3683/14_de_Julho.zip
14 de Julho;105,15000000000106;105,08000000000106;5,756234975026801;81,387843000184;UHE 14 de Julho - CAV SNHIR.xlsx;b8f0487a-df73-4f8d-8b22-bb49cf9f3683;https://metadados.snirh.gov.br/files/b8f0487a-df73-4f8d-8b22-bb49cf9f3683/14_de_Julho.zip
14 de Julho;105,16000000000106;105,09000000000107;5,7572613611086005;81,445408042843;UHE 14 de Julho - CAV SNHIR.xlsx;b8f0487a-df73-4f8d-8b22-bb49cf9f3683;https://metadados.snirh.gov.br/files/b8f0487a-df73-4f8d-8b22-bb49cf9f3683/14_de_Julho.zip
14 de Julho;105,17000000000107;105,10000000000107;5,7582870063613;81,502981997402;UHE 14 de Julho - CAV SNHIR.xlsx;b8f0487a-df73-4f8d-8b22-bb49cf9f3683;https://metadados.snirh.gov.br/files/b8f0487a-df73-4f8d-8b22-bb49cf9f3683/14_de_Julho.zip
14 de Julho;105,18000000000107;105,11000000000108;5,7593119255831;81,560567439543;UHE 14 de Julho - CAV SNHIR.xlsx;b8f0487a-df73-4f8d-8b22-bb49cf9f3683;https://metadados.snirh.gov.br/files/b8f0487a-df73-4f8d-8b22-bb49cf9f3683/14_de_Julho.zip
14 de Julho;105,19000000000108;105,12000000000108;5,7603361246753995;81,618165625029;UHE 14 de Julho - CAV SNHIR.xlsx;b8f0487a-df73-4f8d-8b22-bb49cf9f3683;https://metadados.snirh.gov.br/files/b8f0487a-df73-4f8d-8b22-bb49cf9f3683/14_de_Julho.zip
14 de Julho;105,20000000000108;105,13000000000109;5,7613596200775;81,67576660685;UHE 14 de Julho - CAV SNHIR.xlsx;b8f0487a-df73-4f8d-8b22-bb49cf9f3683;https://metadados.snirh.gov.br/files/b8f0487a-df73-4f8d-8b22-bb49cf9f3683/14_de_Julho.zip
14 de Julho;105,21000000000109;105,1400000000011;5,7623824044335;81,733385604502;UHE 14 de Julho - CAV SNHIR.xlsx;b8f0487a-df73-4f8d-8b22-bb49cf9f3683;https://metadados.snirh.gov.br/files/b8f0487a-df73-4f8d-8b22-bb49cf9f3683/14_de_Julho.zip
14 de Julho;105,2200000000011;105,1500000000011;5,7634044951147;81,791010479888;UHE 14 de Julho - CAV SNHIR.xlsx;b8f0487a-df73-4f8d-8b22-bb49cf9f3683;https://metadados.snirh.gov.br/files/b8f0487a-df73-4f8d-8b22-bb49cf9f3683/14_de_Julho.zip
14 de Julho;105,2300000000011;105,1600000000011;5,7644258939737;81,848650091692;UHE 14 de Julho - CAV SNHIR.xlsx;b8f0487a-df73-4f8d-8b22-bb49cf9f3683;https://metadados.snirh.gov.br/files/b8f0487a-df73-4f8d-8b22-bb49cf9f3683/14_de_Julho.zip
14 de Julho;105,2400000000011;105,17000000000111;5,7654466074194;81,906299790091;UHE 14 de Julho - CAV SNHIR.xlsx;b8f0487a-df73-4f8d-8b22-bb49cf9f3683;https://metadados.snirh.gov.br/files/b8f0487a-df73-4f8d-8b22-bb49cf9f3683/14_de_Julho.zip
14 de Julho;105,25000000000111;105,18000000000112;5,7664666466725;81,963956311034;UHE 14 de Julho - CAV SNHIR.xlsx;b8f0487a-df73-4f8d-8b22-bb49cf9f3683;https://metadados.snirh.gov.br/files/b8f0487a-df73-4f8d-8b22-bb49cf9f3683/14_de_Julho.zip
14 de Julho;105,26000000000111;105,19000000000112;5,7674860012983;82,021626316168;UHE 14 de Julho - CAV SNHIR.xlsx;b8f0487a-df73-4f8d-8b22-bb49cf9f3683;https://metadados.snirh.gov.br/files/b8f0487a-df73-4f8d-8b22-bb49cf9f3683/14_de_Julho.zip
14 de Julho;105,27000000000112;105,20000000000113;5,7685046695317;82,079301884616;UHE 14 de Julho - CAV SNHIR.xlsx;b8f0487a-df73-4f8d-8b22-bb49cf9f3683;https://metadados.snirh.gov.br/files/b8f0487a-df73-4f8d-8b22-bb49cf9f3683/14_de_Julho.zip
14 de Julho;105,28000000000112;105,21000000000113;5,7695226620779;82,13699504200301;UHE 14 de Julho - CAV SNHIR.xlsx;b8f0487a-df73-4f8d-8b22-bb49cf9f3683;https://metadados.snirh.gov.br/files/b8f0487a-df73-4f8d-8b22-bb49cf9f3683/14_de_Julho.zip
14 de Julho;105,29000000000113;105,22000000000114;5,7705399838077;82,194695056832;UHE 14 de Julho - CAV SNHIR.xlsx;b8f0487a-df73-4f8d-8b22-bb49cf9f3683;https://metadados.snirh.gov.br/files/b8f0487a-df73-4f8d-8b22-bb49cf9f3683/14_de_Julho.zip
14 de Julho;105,30000000000113;105,23000000000114;5,77155665192;82,25240526083199;UHE 14 de Julho - CAV SNHIR.xlsx;b8f0487a-df73-4f8d-8b22-bb49cf9f3683;https://metadados.snirh.gov.br/files/b8f0487a-df73-4f8d-8b22-bb49cf9f3683/14_de_Julho.zip
14 de Julho;105,31000000000114;105,24000000000115;5,7725726840423;82,310126630386;UHE 14 de Julho - CAV SNHIR.xlsx;b8f0487a-df73-4f8d-8b22-bb49cf9f3683;https://metadados.snirh.gov.br/files/b8f0487a-df73-4f8d-8b22-bb49cf9f3683/14_de_Julho.zip
14 de Julho;105,32000000000114;105,25000000000115;5,7735880969313005;82,367849990735;UHE 14 de Julho - CAV SNHIR.xlsx;b8f0487a-df73-4f8d-8b22-bb49cf9f3683;https://metadados.snirh.gov.br/files/b8f0487a-df73-4f8d-8b22-bb49cf9f3683/14_de_Julho.zip
14 de Julho;105,33000000000115;105,26000000000116;5,7746028455738;82,425587116801;UHE 14 de Julho - CAV SNHIR.xlsx;b8f0487a-df73-4f8d-8b22-bb49cf9f3683;https://metadados.snirh.gov.br/files/b8f0487a-df73-4f8d-8b22-bb49cf9f3683/14_de_Julho.zip
14 de Julho;105,34000000000115;105,27000000000116;5,7756169197325;82,48334129903901;UHE 14 de Julho - CAV SNHIR.xlsx;b8f0487a-df73-4f8d-8b22-bb49cf9f3683;https://metadados.snirh.gov.br/files/b8f0487a-df73-4f8d-8b22-bb49cf9f3683/14_de_Julho.zip
14 de Julho;105,35000000000116;105,28000000000117;5,776630345370999;82,541099342822;UHE 14 de Julho - CAV SNHIR.xlsx;b8f0487a-df73-4f8d-8b22-bb49cf9f3683;https://metadados.snirh.gov.br/files/b8f0487a-df73-4f8d-8b22-bb49cf9f3683/14_de_Julho.zip
14 de Julho;105,36000000000116;105,29000000000117;5,777643133505101;82,59886701137701;UHE 14 de Julho - CAV SNHIR.xlsx;b8f0487a-df73-4f8d-8b22-bb49cf9f3683;https://metadados.snirh.gov.br/files/b8f0487a-df73-4f8d-8b22-bb49cf9f3683/14_de_Julho.zip
14 de Julho;105,37000000000117;105,30000000000118;5,7786552916295;82,656647216394;UHE 14 de Julho - CAV SNHIR.xlsx;b8f0487a-df73-4f8d-8b22-bb49cf9f3683;https://metadados.snirh.gov.br/files/b8f0487a-df73-4f8d-8b22-bb49cf9f3683/14_de_Julho.zip
14 de Julho;105,38000000000117;105,31000000000118;5,7796668345865;82,71443677903201;UHE 14 de Julho - CAV SNHIR.xlsx;b8f0487a-df73-4f8d-8b22-bb49cf9f3683;https://metadados.snirh.gov.br/files/b8f0487a-df73-4f8d-8b22-bb49cf9f3683/14_de_Julho.zip
14 de Julho;105,39000000000118;105,32000000000119;5,7806777662319995;82,772235645326;UHE 14 de Julho - CAV SNHIR.xlsx;b8f0487a-df73-4f8d-8b22-bb49cf9f3683;https://metadados.snirh.gov.br/files/b8f0487a-df73-4f8d-8b22-bb49cf9f3683/14_de_Julho.zip
14 de Julho;105,40000000000119;105,33000000000119;5,7816880755002;82,830045078108;UHE 14 de Julho - CAV SNHIR.xlsx;b8f0487a-df73-4f8d-8b22-bb49cf9f3683;https://metadados.snirh.gov.br/files/b8f0487a-df73-4f8d-8b22-bb49cf9f3683/14_de_Julho.zip
14 de Julho;105,41000000000119;105,3400000000012;5,7826977821966;82,887866102213;UHE 14 de Julho - CAV SNHIR.xlsx;b8f0487a-df73-4f8d-8b22-bb49cf9f3683;https://metadados.snirh.gov.br/files/b8f0487a-df73-4f8d-8b22-bb49cf9f3683/14_de_Julho.zip
14 de Julho;105,4200000000012;105,3500000000012;5,7837068849858;82,945700257626;UHE 14 de Julho - CAV SNHIR.xlsx;b8f0487a-df73-4f8d-8b22-bb49cf9f3683;https://metadados.snirh.gov.br/files/b8f0487a-df73-4f8d-8b22-bb49cf9f3683/14_de_Julho.zip
14 de Julho;105,4300000000012;105,36000000000121;5,7847154055719;83,003540048755;UHE 14 de Julho - CAV SNHIR.xlsx;b8f0487a-df73-4f8d-8b22-bb49cf9f3683;https://metadados.snirh.gov.br/files/b8f0487a-df73-4f8d-8b22-bb49cf9f3683/14_de_Julho.zip
14 de Julho;105,4400000000012;105,37000000000121;5,7857233619901;83,06139422230301;UHE 14 de Julho - CAV SNHIR.xlsx;b8f0487a-df73-4f8d-8b22-bb49cf9f3683;https://metadados.snirh.gov.br/files/b8f0487a-df73-4f8d-8b22-bb49cf9f3683/14_de_Julho.zip
14 de Julho;105,45000000000121;105,38000000000122;5,7867307168291;83,119258868389;UHE 14 de Julho - CAV SNHIR.xlsx;b8f0487a-df73-4f8d-8b22-bb49cf9f3683;https://metadados.snirh.gov.br/files/b8f0487a-df73-4f8d-8b22-bb49cf9f3683/14_de_Julho.zip
14 de Julho;105,46000000000122;105,39000000000122;5,787737495397;83,17713178921599;UHE 14 de Julho - CAV SNHIR.xlsx;b8f0487a-df73-4f8d-8b22-bb49cf9f3683;https://metadados.snirh.gov.br/files/b8f0487a-df73-4f8d-8b22-bb49cf9f3683/14_de_Julho.zip
14 de Julho;105,47000000000122;105,40000000000123;5,788743684534699;83,235013293466;UHE 14 de Julho - CAV SNHIR.xlsx;b8f0487a-df73-4f8d-8b22-bb49cf9f3683;https://metadados.snirh.gov.br/files/b8f0487a-df73-4f8d-8b22-bb49cf9f3683/14_de_Julho.zip
14 de Julho;105,48000000000123;105,41000000000123;5,789749280206601;83,292902778854;UHE 14 de Julho - CAV SNHIR.xlsx;b8f0487a-df73-4f8d-8b22-bb49cf9f3683;https://metadados.snirh.gov.br/files/b8f0487a-df73-4f8d-8b22-bb49cf9f3683/14_de_Julho.zip
14 de Julho;105,49000000000123;105,42000000000124;5,7907542732173996;83,35080387384599;UHE 14 de Julho - CAV SNHIR.xlsx;b8f0487a-df73-4f8d-8b22-bb49cf9f3683;https://metadados.snirh.gov.br/files/b8f0487a-df73-4f8d-8b22-bb49cf9f3683/14_de_Julho.zip
14 de Julho;105,50000000000124;105,43000000000124;5,7917587115644;83,40871554085;UHE 14 de Julho - CAV SNHIR.xlsx;b8f0487a-df73-4f8d-8b22-bb49cf9f3683;https://metadados.snirh.gov.br/files/b8f0487a-df73-4f8d-8b22-bb49cf9f3683/14_de_Julho.zip
14 de Julho;105,51000000000124;105,44000000000125;5,7927625907821;83,466632093749;UHE 14 de Julho - CAV SNHIR.xlsx;b8f0487a-df73-4f8d-8b22-bb49cf9f3683;https://metadados.snirh.gov.br/files/b8f0487a-df73-4f8d-8b22-bb49cf9f3683/14_de_Julho.zip
14 de Julho;105,52000000000125;105,45000000000125;5,793765893221;83,524563665394;UHE 14 de Julho - CAV SNHIR.xlsx;b8f0487a-df73-4f8d-8b22-bb49cf9f3683;https://metadados.snirh.gov.br/files/b8f0487a-df73-4f8d-8b22-bb49cf9f3683/14_de_Julho.zip
14 de Julho;105,53000000000125;105,46000000000126;5,7947686100078;83,582505705041;UHE 14 de Julho - CAV SNHIR.xlsx;b8f0487a-df73-4f8d-8b22-bb49cf9f3683;https://metadados.snirh.gov.br/files/b8f0487a-df73-4f8d-8b22-bb49cf9f3683/14_de_Julho.zip
14 de Julho;105,54000000000126;105,47000000000126;5,795770742958299;83,64045426910201;UHE 14 de Julho - CAV SNHIR.xlsx;b8f0487a-df73-4f8d-8b22-bb49cf9f3683;https://metadados.snirh.gov.br/files/b8f0487a-df73-4f8d-8b22-bb49cf9f3683/14_de_Julho.zip
14 de Julho;105,55000000000126;105,48000000000127;5,7967723085695;83,698419757275;UHE 14 de Julho - CAV SNHIR.xlsx;b8f0487a-df73-4f8d-8b22-bb49cf9f3683;https://metadados.snirh.gov.br/files/b8f0487a-df73-4f8d-8b22-bb49cf9f3683/14_de_Julho.zip
14 de Julho;105,56000000000127;105,49000000000127;5,7977733332586;83,75638879212099;UHE 14 de Julho - CAV SNHIR.xlsx;b8f0487a-df73-4f8d-8b22-bb49cf9f3683;https://metadados.snirh.gov.br/files/b8f0487a-df73-4f8d-8b22-bb49cf9f3683/14_de_Julho.zip
14 de Julho;105,57000000000127;105,50000000000128;5,7987737890285;83,81437000309799;UHE 14 de Julho - CAV SNHIR.xlsx;b8f0487a-df73-4f8d-8b22-bb49cf9f3683;https://metadados.snirh.gov.br/files/b8f0487a-df73-4f8d-8b22-bb49cf9f3683/14_de_Julho.zip
14 de Julho;105,58000000000128;105,51000000000128;5,7997736736563;83,872359734512;UHE 14 de Julho - CAV SNHIR.xlsx;b8f0487a-df73-4f8d-8b22-bb49cf9f3683;https://metadados.snirh.gov.br/files/b8f0487a-df73-4f8d-8b22-bb49cf9f3683/14_de_Julho.zip
14 de Julho;105,59000000000128;105,52000000000129;5,8007730053343;83,93036316021299;UHE 14 de Julho - CAV SNHIR.xlsx;b8f0487a-df73-4f8d-8b22-bb49cf9f3683;https://metadados.snirh.gov.br/files/b8f0487a-df73-4f8d-8b22-bb49cf9f3683/14_de_Julho.zip
14 de Julho;105,60000000000129;105,5300000000013;5,8017718166018;83,988366413071;UHE 14 de Julho - CAV SNHIR.xlsx;b8f0487a-df73-4f8d-8b22-bb49cf9f3683;https://metadados.snirh.gov.br/files/b8f0487a-df73-4f8d-8b22-bb49cf9f3683/14_de_Julho.zip
14 de Julho;105,61000000000129;105,5400000000013;5,8027701264189;84,04637961501;UHE 14 de Julho - CAV SNHIR.xlsx;b8f0487a-df73-4f8d-8b22-bb49cf9f3683;https://metadados.snirh.gov.br/files/b8f0487a-df73-4f8d-8b22-bb49cf9f3683/14_de_Julho.zip
14 de Julho;105,6200000000013;105,5500000000013;5,8037679036416;84,10440826178301;UHE 14 de Julho - CAV SNHIR.xlsx;b8f0487a-df73-4f8d-8b22-bb49cf9f3683;https://metadados.snirh.gov.br/files/b8f0487a-df73-4f8d-8b22-bb49cf9f3683/14_de_Julho.zip
14 de Julho;105,6300000000013;105,56000000000131;5,8047651621728;84,16245072906;UHE 14 de Julho - CAV SNHIR.xlsx;b8f0487a-df73-4f8d-8b22-bb49cf9f3683;https://metadados.snirh.gov.br/files/b8f0487a-df73-4f8d-8b22-bb49cf9f3683/14_de_Julho.zip
14 de Julho;105,64000000000131;105,57000000000131;5,8057619052902005;84,22050514677801;UHE 14 de Julho - CAV SNHIR.xlsx;b8f0487a-df73-4f8d-8b22-bb49cf9f3683;https://metadados.snirh.gov.br/files/b8f0487a-df73-4f8d-8b22-bb49cf9f3683/14_de_Julho.zip
14 de Julho;105,65000000000131;105,58000000000132;5,806758108630601;84,278565967232;UHE 14 de Julho - CAV SNHIR.xlsx;b8f0487a-df73-4f8d-8b22-bb49cf9f3683;https://metadados.snirh.gov.br/files/b8f0487a-df73-4f8d-8b22-bb49cf9f3683/14_de_Julho.zip
14 de Julho;105,66000000000132;105,59000000000133;5,8077538137291995;84,33663673260101;UHE 14 de Julho - CAV SNHIR.xlsx;b8f0487a-df73-4f8d-8b22-bb49cf9f3683;https://metadados.snirh.gov.br/files/b8f0487a-df73-4f8d-8b22-bb49cf9f3683/14_de_Julho.zip
14 de Julho;105,67000000000132;105,60000000000133;5,8087490276518;84,394715219183;UHE 14 de Julho - CAV SNHIR.xlsx;b8f0487a-df73-4f8d-8b22-bb49cf9f3683;https://metadados.snirh.gov.br/files/b8f0487a-df73-4f8d-8b22-bb49cf9f3683/14_de_Julho.zip
14 de Julho;105,68000000000133;105,61000000000134;5,809743703280399;84,452808823142;UHE 14 de Julho - CAV SNHIR.xlsx;b8f0487a-df73-4f8d-8b22-bb49cf9f3683;https://metadados.snirh.gov.br/files/b8f0487a-df73-4f8d-8b22-bb49cf9f3683/14_de_Julho.zip
14 de Julho;105,69000000000133;105,62000000000134;5,8107378666989;84,510910963607;UHE 14 de Julho - CAV SNHIR.xlsx;b8f0487a-df73-4f8d-8b22-bb49cf9f3683;https://metadados.snirh.gov.br/files/b8f0487a-df73-4f8d-8b22-bb49cf9f3683/14_de_Julho.zip
14 de Julho;105,70000000000134;105,63000000000135;5,8117315257369;84,569016282665;UHE 14 de Julho - CAV SNHIR.xlsx;b8f0487a-df73-4f8d-8b22-bb49cf9f3683;https://metadados.snirh.gov.br/files/b8f0487a-df73-4f8d-8b22-bb49cf9f3683/14_de_Julho.zip
14 de Julho;105,71000000000134;105,64000000000135;5,8127247183107;84,62713686375301;UHE 14 de Julho - CAV SNHIR.xlsx;b8f0487a-df73-4f8d-8b22-bb49cf9f3683;https://metadados.snirh.gov.br/files/b8f0487a-df73-4f8d-8b22-bb49cf9f3683/14_de_Julho.zip
14 de Julho;105,72000000000135;105,65000000000136;5,8137174384953;84,685269868059;UHE 14 de Julho - CAV SNHIR.xlsx;b8f0487a-df73-4f8d-8b22-bb49cf9f3683;https://metadados.snirh.gov.br/files/b8f0487a-df73-4f8d-8b22-bb49cf9f3683/14_de_Julho.zip
14 de Julho;105,73000000000135;105,66000000000136;5,8147096823957005;84,74341224563199;UHE 14 de Julho - CAV SNHIR.xlsx;b8f0487a-df73-4f8d-8b22-bb49cf9f3683;https://metadados.snirh.gov.br/files/b8f0487a-df73-4f8d-8b22-bb49cf9f3683/14_de_Julho.zip
14 de Julho;105,74000000000136;105,67000000000137;5,815701462691299;84,80155503309099;UHE 14 de Julho - CAV SNHIR.xlsx;b8f0487a-df73-4f8d-8b22-bb49cf9f3683;https://metadados.snirh.gov.br/files/b8f0487a-df73-4f8d-8b22-bb49cf9f3683/14_de_Julho.zip
14 de Julho;105,75000000000136;105,68000000000137;5,8166928152253;84,85971630199;UHE 14 de Julho - CAV SNHIR.xlsx;b8f0487a-df73-4f8d-8b22-bb49cf9f3683;https://metadados.snirh.gov.br/files/b8f0487a-df73-4f8d-8b22-bb49cf9f3683/14_de_Julho.zip
14 de Julho;105,76000000000137;105,69000000000138;5,8176837315816;84,917888276135;UHE 14 de Julho - CAV SNHIR.xlsx;b8f0487a-df73-4f8d-8b22-bb49cf9f3683;https://metadados.snirh.gov.br/files/b8f0487a-df73-4f8d-8b22-bb49cf9f3683/14_de_Julho.zip
14 de Julho;105,77000000000137;105,70000000000138;5,8186741623593;84,97607041534;UHE 14 de Julho - CAV SNHIR.xlsx;b8f0487a-df73-4f8d-8b22-bb49cf9f3683;https://metadados.snirh.gov.br/files/b8f0487a-df73-4f8d-8b22-bb49cf9f3683/14_de_Julho.zip
14 de Julho;105,78000000000138;105,71000000000139;5,8196641172282;85,03426188520899;UHE 14 de Julho - CAV SNHIR.xlsx;b8f0487a-df73-4f8d-8b22-bb49cf9f3683;https://metadados.snirh.gov.br/files/b8f0487a-df73-4f8d-8b22-bb49cf9f3683/14_de_Julho.zip
14 de Julho;105,79000000000138;105,72000000000139;5,8206536522688;85,092462772056;UHE 14 de Julho - CAV SNHIR.xlsx;b8f0487a-df73-4f8d-8b22-bb49cf9f3683;https://metadados.snirh.gov.br/files/b8f0487a-df73-4f8d-8b22-bb49cf9f3683/14_de_Julho.zip
14 de Julho;105,80000000000139;105,7300000000014;5,821642758652;85,150676741724;UHE 14 de Julho - CAV SNHIR.xlsx;b8f0487a-df73-4f8d-8b22-bb49cf9f3683;https://metadados.snirh.gov.br/files/b8f0487a-df73-4f8d-8b22-bb49cf9f3683/14_de_Julho.zip
14 de Julho;105,8100000000014;105,7400000000014;5,8226314443881;85,208900665441;UHE 14 de Julho - CAV SNHIR.xlsx;b8f0487a-df73-4f8d-8b22-bb49cf9f3683;https://metadados.snirh.gov.br/files/b8f0487a-df73-4f8d-8b22-bb49cf9f3683/14_de_Julho.zip
14 de Julho;105,8200000000014;105,7500000000014;5,8236197101469;85,267131435935;UHE 14 de Julho - CAV SNHIR.xlsx;b8f0487a-df73-4f8d-8b22-bb49cf9f3683;https://metadados.snirh.gov.br/files/b8f0487a-df73-4f8d-8b22-bb49cf9f3683/14_de_Julho.zip
14 de Julho;105,8300000000014;105,76000000000141;5,82460758416;85,325372689996;UHE 14 de Julho - CAV SNHIR.xlsx;b8f0487a-df73-4f8d-8b22-bb49cf9f3683;https://metadados.snirh.gov.br/files/b8f0487a-df73-4f8d-8b22-bb49cf9f3683/14_de_Julho.zip
14 de Julho;105,84000000000141;105,77000000000142;5,825595060113;85,383618684338;UHE 14 de Julho - CAV SNHIR.xlsx;b8f0487a-df73-4f8d-8b22-bb49cf9f3683;https://metadados.snirh.gov.br/files/b8f0487a-df73-4f8d-8b22-bb49cf9f3683/14_de_Julho.zip
14 de Julho;105,85000000000142;105,78000000000142;5,8265821995994;85,44187438159;UHE 14 de Julho - CAV SNHIR.xlsx;b8f0487a-df73-4f8d-8b22-bb49cf9f3683;https://metadados.snirh.gov.br/files/b8f0487a-df73-4f8d-8b22-bb49cf9f3683/14_de_Julho.zip
14 de Julho;105,86000000000142;105,79000000000143;5,827568994565101;85,500140993497;UHE 14 de Julho - CAV SNHIR.xlsx;b8f0487a-df73-4f8d-8b22-bb49cf9f3683;https://metadados.snirh.gov.br/files/b8f0487a-df73-4f8d-8b22-bb49cf9f3683/14_de_Julho.zip
14 de Julho;105,87000000000143;105,80000000000143;5,8285554599195;85,558425310301;UHE 14 de Julho - CAV SNHIR.xlsx;b8f0487a-df73-4f8d-8b22-bb49cf9f3683;https://metadados.snirh.gov.br/files/b8f0487a-df73-4f8d-8b22-bb49cf9f3683/14_de_Julho.zip
14 de Julho;105,88000000000143;105,81000000000144;5,82954156472;85,61671049322;UHE 14 de Julho - CAV SNHIR.xlsx;b8f0487a-df73-4f8d-8b22-bb49cf9f3683;https://metadados.snirh.gov.br/files/b8f0487a-df73-4f8d-8b22-bb49cf9f3683/14_de_Julho.zip
14 de Julho;105,89000000000144;105,82000000000144;5,8305274011832005;85,67500888692699;UHE 14 de Julho - CAV SNHIR.xlsx;b8f0487a-df73-4f8d-8b22-bb49cf9f3683;https://metadados.snirh.gov.br/files/b8f0487a-df73-4f8d-8b22-bb49cf9f3683/14_de_Julho.zip
14 de Julho;105,90000000000144;105,83000000000145;5,8315134598899;85,733314858224;UHE 14 de Julho - CAV SNHIR.xlsx;b8f0487a-df73-4f8d-8b22-bb49cf9f3683;https://metadados.snirh.gov.br/files/b8f0487a-df73-4f8d-8b22-bb49cf9f3683/14_de_Julho.zip
14 de Julho;105,91000000000145;105,84000000000145;5,8325004961258;85,791629910381;UHE 14 de Julho - CAV SNHIR.xlsx;b8f0487a-df73-4f8d-8b22-bb49cf9f3683;https://metadados.snirh.gov.br/files/b8f0487a-df73-4f8d-8b22-bb49cf9f3683/14_de_Julho.zip
14 de Julho;105,92000000000145;105,85000000000146;5,833487236635;85,8499586519;UHE 14 de Julho - CAV SNHIR.xlsx;b8f0487a-df73-4f8d-8b22-bb49cf9f3683;https://metadados.snirh.gov.br/files/b8f0487a-df73-4f8d-8b22-bb49cf9f3683/14_de_Julho.zip
14 de Julho;105,93000000000146;105,86000000000146;5,8344734010279;85,908289727566;UHE 14 de Julho - CAV SNHIR.xlsx;b8f0487a-df73-4f8d-8b22-bb49cf9f3683;https://metadados.snirh.gov.br/files/b8f0487a-df73-4f8d-8b22-bb49cf9f3683/14_de_Julho.zip
14 de Julho;105,94000000000146;105,87000000000147;5,8354593139944;85,966640923613;UHE 14 de Julho - CAV SNHIR.xlsx;b8f0487a-df73-4f8d-8b22-bb49cf9f3683;https://metadados.snirh.gov.br/files/b8f0487a-df73-4f8d-8b22-bb49cf9f3683/14_de_Julho.zip
14 de Julho;105,95000000000147;105,88000000000147;5,8364455487775;86,025005622862;UHE 14 de Julho - CAV SNHIR.xlsx;b8f0487a-df73-4f8d-8b22-bb49cf9f3683;https://metadados.snirh.gov.br/files/b8f0487a-df73-4f8d-8b22-bb49cf9f3683/14_de_Julho.zip
14 de Julho;105,96000000000147;105,89000000000148;5,837431515240199;86,08337506056701;UHE 14 de Julho - CAV SNHIR.xlsx;b8f0487a-df73-4f8d-8b22-bb49cf9f3683;https://metadados.snirh.gov.br/files/b8f0487a-df73-4f8d-8b22-bb49cf9f3683/14_de_Julho.zip
14 de Julho;105,97000000000148;105,90000000000148;5,8384172078187;86,141759424323;UHE 14 de Julho - CAV SNHIR.xlsx;b8f0487a-df73-4f8d-8b22-bb49cf9f3683;https://metadados.snirh.gov.br/files/b8f0487a-df73-4f8d-8b22-bb49cf9f3683/14_de_Julho.zip
14 de Julho;105,98000000000148;105,91000000000149;5,8394035166456995;86,20014909221;UHE 14 de Julho - CAV SNHIR.xlsx;b8f0487a-df73-4f8d-8b22-bb49cf9f3683;https://metadados.snirh.gov.br/files/b8f0487a-df73-4f8d-8b22-bb49cf9f3683/14_de_Julho.zip
14 de Julho;105,99000000000149;105,9200000000015;5,840389895951399;86,258549035319;UHE 14 de Julho - CAV SNHIR.xlsx;b8f0487a-df73-4f8d-8b22-bb49cf9f3683;https://metadados.snirh.gov.br/files/b8f0487a-df73-4f8d-8b22-bb49cf9f3683/14_de_Julho.zip
14 de Julho;106,00000000000149;105,9300000000015;5,8413758233829;86,316961318859;UHE 14 de Julho - CAV SNHIR.xlsx;b8f0487a-df73-4f8d-8b22-bb49cf9f3683;https://metadados.snirh.gov.br/files/b8f0487a-df73-4f8d-8b22-bb49cf9f3683/14_de_Julho.zip
14 de Julho;106,0100000000015;105,9400000000015;5,842360756368399;86,37537959252;UHE 14 de Julho - CAV SNHIR.xlsx;b8f0487a-df73-4f8d-8b22-bb49cf9f3683;https://metadados.snirh.gov.br/files/b8f0487a-df73-4f8d-8b22-bb49cf9f3683/14_de_Julho.zip
14 de Julho;106,0200000000015;105,95000000000151;5,8433451124928;86,433811376794;UHE 14 de Julho - CAV SNHIR.xlsx;b8f0487a-df73-4f8d-8b22-bb49cf9f3683;https://metadados.snirh.gov.br/files/b8f0487a-df73-4f8d-8b22-bb49cf9f3683/14_de_Julho.zip
14 de Julho;106,03000000000151;105,96000000000151;5,844329081298699;86,49224978939401;UHE 14 de Julho - CAV SNHIR.xlsx;b8f0487a-df73-4f8d-8b22-bb49cf9f3683;https://metadados.snirh.gov.br/files/b8f0487a-df73-4f8d-8b22-bb49cf9f3683/14_de_Julho.zip
14 de Julho;106,04000000000151;105,97000000000152;5,8453126935732005;86,550696829964;UHE 14 de Julho - CAV SNHIR.xlsx;b8f0487a-df73-4f8d-8b22-bb49cf9f3683;https://metadados.snirh.gov.br/files/b8f0487a-df73-4f8d-8b22-bb49cf9f3683/14_de_Julho.zip
14 de Julho;106,05000000000152;105,98000000000152;5,8462960426252994;86,609155510278;UHE 14 de Julho - CAV SNHIR.xlsx;b8f0487a-df73-4f8d-8b22-bb49cf9f3683;https://metadados.snirh.gov.br/files/b8f0487a-df73-4f8d-8b22-bb49cf9f3683/14_de_Julho.zip
14 de Julho;106,06000000000152;105,99000000000153;5,8472790879452;86,667627248983;UHE 14 de Julho - CAV SNHIR.xlsx;b8f0487a-df73-4f8d-8b22-bb49cf9f3683;https://metadados.snirh.gov.br/files/b8f0487a-df73-4f8d-8b22-bb49cf9f3683/14_de_Julho.zip
14 de Julho;106,07000000000153;106,00000000000153;5,8482619011618;86,72610773320099;UHE 14 de Julho - CAV SNHIR.xlsx;b8f0487a-df73-4f8d-8b22-bb49cf9f3683;https://metadados.snirh.gov.br/files/b8f0487a-df73-4f8d-8b22-bb49cf9f3683/14_de_Julho.zip
14 de Julho;106,08000000000153;106,01000000000154;5,8492444897697;86,78459417082401;UHE 14 de Julho - CAV SNHIR.xlsx;b8f0487a-df73-4f8d-8b22-bb49cf9f3683;https://metadados.snirh.gov.br/files/b8f0487a-df73-4f8d-8b22-bb49cf9f3683/14_de_Julho.zip
14 de Julho;106,09000000000154;106,02000000000155;5,8502268033084;86,843085195209;UHE 14 de Julho - CAV SNHIR.xlsx;b8f0487a-df73-4f8d-8b22-bb49cf9f3683;https://metadados.snirh.gov.br/files/b8f0487a-df73-4f8d-8b22-bb49cf9f3683/14_de_Julho.zip
14 de Julho;106,10000000000154;106,03000000000155;5,8512089489301;86,90158816126899;UHE 14 de Julho - CAV SNHIR.xlsx;b8f0487a-df73-4f8d-8b22-bb49cf9f3683;https://metadados.snirh.gov.br/files/b8f0487a-df73-4f8d-8b22-bb49cf9f3683/14_de_Julho.zip
14 de Julho;106,11000000000155;106,04000000000156;5,8521908639558005;86,960100040032;UHE 14 de Julho - CAV SNHIR.xlsx;b8f0487a-df73-4f8d-8b22-bb49cf9f3683;https://metadados.snirh.gov.br/files/b8f0487a-df73-4f8d-8b22-bb49cf9f3683/14_de_Julho.zip
14 de Julho;106,12000000000155;106,05000000000156;5,853172674917699;87,018626336743;UHE 14 de Julho - CAV SNHIR.xlsx;b8f0487a-df73-4f8d-8b22-bb49cf9f3683;https://metadados.snirh.gov.br/files/b8f0487a-df73-4f8d-8b22-bb49cf9f3683/14_de_Julho.zip
14 de Julho;106,13000000000156;106,06000000000157;5,854154399236;87,077161515736;UHE 14 de Julho - CAV SNHIR.xlsx;b8f0487a-df73-4f8d-8b22-bb49cf9f3683;https://metadados.snirh.gov.br/files/b8f0487a-df73-4f8d-8b22-bb49cf9f3683/14_de_Julho.zip
14 de Julho;106,14000000000156;106,07000000000157;5,8551361635201;87,135704543926;UHE 14 de Julho - CAV SNHIR.xlsx;b8f0487a-df73-4f8d-8b22-bb49cf9f3683;https://metadados.snirh.gov.br/files/b8f0487a-df73-4f8d-8b22-bb49cf9f3683/14_de_Julho.zip
14 de Julho;106,15000000000157;106,08000000000158;5,856117836281101;87,194261108862;UHE 14 de Julho - CAV SNHIR.xlsx;b8f0487a-df73-4f8d-8b22-bb49cf9f3683;https://metadados.snirh.gov.br/files/b8f0487a-df73-4f8d-8b22-bb49cf9f3683/14_de_Julho.zip
14 de Julho;106,16000000000157;106,09000000000158;5,8570995197284;87,252827254647;UHE 14 de Julho - CAV SNHIR.xlsx;b8f0487a-df73-4f8d-8b22-bb49cf9f3683;https://metadados.snirh.gov.br/files/b8f0487a-df73-4f8d-8b22-bb49cf9f3683/14_de_Julho.zip
14 de Julho;106,17000000000158;106,10000000000159;5,858081054756;87,311397572228;UHE 14 de Julho - CAV SNHIR.xlsx;b8f0487a-df73-4f8d-8b22-bb49cf9f3683;https://metadados.snirh.gov.br/files/b8f0487a-df73-4f8d-8b22-bb49cf9f3683/14_de_Julho.zip
14 de Julho;106,18000000000158;106,11000000000159;5,8590624919561;87,369984802856;UHE 14 de Julho - CAV SNHIR.xlsx;b8f0487a-df73-4f8d-8b22-bb49cf9f3683;https://metadados.snirh.gov.br/files/b8f0487a-df73-4f8d-8b22-bb49cf9f3683/14_de_Julho.zip
14 de Julho;106,19000000000159;106,1200000000016;5,8600438076681005;87,42857860693599;UHE 14 de Julho - CAV SNHIR.xlsx;b8f0487a-df73-4f8d-8b22-bb49cf9f3683;https://metadados.snirh.gov.br/files/b8f0487a-df73-4f8d-8b22-bb49cf9f3683/14_de_Julho.zip
14 de Julho;106,2000000000016;106,1300000000016;5,8610249324186;87,48717617370801;UHE 14 de Julho - CAV SNHIR.xlsx;b8f0487a-df73-4f8d-8b22-bb49cf9f3683;https://metadados.snirh.gov.br/files/b8f0487a-df73-4f8d-8b22-bb49cf9f3683/14_de_Julho.zip
14 de Julho;106,2100000000016;106,1400000000016;5,8620059835045;87,54578867950401;UHE 14 de Julho - CAV SNHIR.xlsx;b8f0487a-df73-4f8d-8b22-bb49cf9f3683;https://metadados.snirh.gov.br/files/b8f0487a-df73-4f8d-8b22-bb49cf9f3683/14_de_Julho.zip
14 de Julho;106,2200000000016;106,15000000000161;5,8629869996092;87,604416195042;UHE 14 de Julho - CAV SNHIR.xlsx;b8f0487a-df73-4f8d-8b22-bb49cf9f3683;https://metadados.snirh.gov.br/files/b8f0487a-df73-4f8d-8b22-bb49cf9f3683/14_de_Julho.zip
14 de Julho;106,23000000000161;106,16000000000162;5,863967962433399;87,663048556005;UHE 14 de Julho - CAV SNHIR.xlsx;b8f0487a-df73-4f8d-8b22-bb49cf9f3683;https://metadados.snirh.gov.br/files/b8f0487a-df73-4f8d-8b22-bb49cf9f3683/14_de_Julho.zip
14 de Julho;106,24000000000161;106,17000000000162;5,864948780999399;87,721691030533;UHE 14 de Julho - CAV SNHIR.xlsx;b8f0487a-df73-4f8d-8b22-bb49cf9f3683;https://metadados.snirh.gov.br/files/b8f0487a-df73-4f8d-8b22-bb49cf9f3683/14_de_Julho.zip
14 de Julho;106,25000000000162;106,18000000000163;5,865929534293;87,780348872646;UHE 14 de Julho - CAV SNHIR.xlsx;b8f0487a-df73-4f8d-8b22-bb49cf9f3683;https://metadados.snirh.gov.br/files/b8f0487a-df73-4f8d-8b22-bb49cf9f3683/14_de_Julho.zip
14 de Julho;106,26000000000163;106,19000000000163;5,866910192462201;87,839014758501;UHE 14 de Julho - CAV SNHIR.xlsx;b8f0487a-df73-4f8d-8b22-bb49cf9f3683;https://metadados.snirh.gov.br/files/b8f0487a-df73-4f8d-8b22-bb49cf9f3683/14_de_Julho.zip
14 de Julho;106,27000000000163;106,20000000000164;5,8678907163507;87,897686447963;UHE 14 de Julho - CAV SNHIR.xlsx;b8f0487a-df73-4f8d-8b22-bb49cf9f3683;https://metadados.snirh.gov.br/files/b8f0487a-df73-4f8d-8b22-bb49cf9f3683/14_de_Julho.zip
14 de Julho;106,28000000000164;106,21000000000164;5,8688711440009;87,95636789874101;UHE 14 de Julho - CAV SNHIR.xlsx;b8f0487a-df73-4f8d-8b22-bb49cf9f3683;https://metadados.snirh.gov.br/files/b8f0487a-df73-4f8d-8b22-bb49cf9f3683/14_de_Julho.zip
14 de Julho;106,29000000000164;106,22000000000165;5,8698514124093;88,015057724142;UHE 14 de Julho - CAV SNHIR.xlsx;b8f0487a-df73-4f8d-8b22-bb49cf9f3683;https://metadados.snirh.gov.br/files/b8f0487a-df73-4f8d-8b22-bb49cf9f3683/14_de_Julho.zip
14 de Julho;106,30000000000165;106,23000000000165;5,870831404207999;88,073753434326;UHE 14 de Julho - CAV SNHIR.xlsx;b8f0487a-df73-4f8d-8b22-bb49cf9f3683;https://metadados.snirh.gov.br/files/b8f0487a-df73-4f8d-8b22-bb49cf9f3683/14_de_Julho.zip
14 de Julho;106,31000000000165;106,24000000000166;5,8718110559591;88,132467400526;UHE 14 de Julho - CAV SNHIR.xlsx;b8f0487a-df73-4f8d-8b22-bb49cf9f3683;https://metadados.snirh.gov.br/files/b8f0487a-df73-4f8d-8b22-bb49cf9f3683/14_de_Julho.zip
14 de Julho;106,32000000000166;106,25000000000166;5,872790416374101;88,191186834347;UHE 14 de Julho - CAV SNHIR.xlsx;b8f0487a-df73-4f8d-8b22-bb49cf9f3683;https://metadados.snirh.gov.br/files/b8f0487a-df73-4f8d-8b22-bb49cf9f3683/14_de_Julho.zip
14 de Julho;106,33000000000166;106,26000000000167;5,8737695118534;88,249920660802;UHE 14 de Julho - CAV SNHIR.xlsx;b8f0487a-df73-4f8d-8b22-bb49cf9f3683;https://metadados.snirh.gov.br/files/b8f0487a-df73-4f8d-8b22-bb49cf9f3683/14_de_Julho.zip
14 de Julho;106,34000000000167;106,27000000000167;5,8747483218449;88,308660353947;UHE 14 de Julho - CAV SNHIR.xlsx;b8f0487a-df73-4f8d-8b22-bb49cf9f3683;https://metadados.snirh.gov.br/files/b8f0487a-df73-4f8d-8b22-bb49cf9f3683/14_de_Julho.zip
14 de Julho;106,35000000000167;106,28000000000168;5,8757268532701;88,367404613055;UHE 14 de Julho - CAV SNHIR.xlsx;b8f0487a-df73-4f8d-8b22-bb49cf9f3683;https://metadados.snirh.gov.br/files/b8f0487a-df73-4f8d-8b22-bb49cf9f3683/14_de_Julho.zip
14 de Julho;106,36000000000168;106,29000000000168;5,8767051418757;88,426168149347;UHE 14 de Julho - CAV SNHIR.xlsx;b8f0487a-df73-4f8d-8b22-bb49cf9f3683;https://metadados.snirh.gov.br/files/b8f0487a-df73-4f8d-8b22-bb49cf9f3683/14_de_Julho.zip
14 de Julho;106,37000000000168;106,30000000000169;5,8776832089069995;88,484943582608;UHE 14 de Julho - CAV SNHIR.xlsx;b8f0487a-df73-4f8d-8b22-bb49cf9f3683;https://metadados.snirh.gov.br/files/b8f0487a-df73-4f8d-8b22-bb49cf9f3683/14_de_Julho.zip
14 de Julho;106,38000000000169;106,3100000000017;5,878661035342801;88,543732313847;UHE 14 de Julho - CAV SNHIR.xlsx;b8f0487a-df73-4f8d-8b22-bb49cf9f3683;https://metadados.snirh.gov.br/files/b8f0487a-df73-4f8d-8b22-bb49cf9f3683/14_de_Julho.zip
14 de Julho;106,39000000000169;106,3200000000017;5,8796385652859;88,60252537204701;UHE 14 de Julho - CAV SNHIR.xlsx;b8f0487a-df73-4f8d-8b22-bb49cf9f3683;https://metadados.snirh.gov.br/files/b8f0487a-df73-4f8d-8b22-bb49cf9f3683/14_de_Julho.zip
14 de Julho;106,4000000000017;106,3300000000017;5,8806157050567;88,66132802959201;UHE 14 de Julho - CAV SNHIR.xlsx;b8f0487a-df73-4f8d-8b22-bb49cf9f3683;https://metadados.snirh.gov.br/files/b8f0487a-df73-4f8d-8b22-bb49cf9f3683/14_de_Julho.zip
14 de Julho;106,4100000000017;106,34000000000171;5,8815927246748005;88,720140535266;UHE 14 de Julho - CAV SNHIR.xlsx;b8f0487a-df73-4f8d-8b22-bb49cf9f3683;https://metadados.snirh.gov.br/files/b8f0487a-df73-4f8d-8b22-bb49cf9f3683/14_de_Julho.zip
14 de Julho;106,4200000000017;106,35000000000171;5,8825696929468;88,778959965753;UHE 14 de Julho - CAV SNHIR.xlsx;b8f0487a-df73-4f8d-8b22-bb49cf9f3683;https://metadados.snirh.gov.br/files/b8f0487a-df73-4f8d-8b22-bb49cf9f3683/14_de_Julho.zip
14 de Julho;106,43000000000171;106,36000000000172;5,883546719181999;88,83779402326999;UHE 14 de Julho - CAV SNHIR.xlsx;b8f0487a-df73-4f8d-8b22-bb49cf9f3683;https://metadados.snirh.gov.br/files/b8f0487a-df73-4f8d-8b22-bb49cf9f3683/14_de_Julho.zip
14 de Julho;106,44000000000172;106,37000000000172;5,8845235695754;88,896637548142;UHE 14 de Julho - CAV SNHIR.xlsx;b8f0487a-df73-4f8d-8b22-bb49cf9f3683;https://metadados.snirh.gov.br/files/b8f0487a-df73-4f8d-8b22-bb49cf9f3683/14_de_Julho.zip
14 de Julho;106,45000000000172;106,38000000000173;5,8855033282839;88,955490491183;UHE 14 de Julho - CAV SNHIR.xlsx;b8f0487a-df73-4f8d-8b22-bb49cf9f3683;https://metadados.snirh.gov.br/files/b8f0487a-df73-4f8d-8b22-bb49cf9f3683/14_de_Julho.zip
14 de Julho;106,46000000000173;106,39000000000173;5,8864878632405;89,014342263643;UHE 14 de Julho - CAV SNHIR.xlsx;b8f0487a-df73-4f8d-8b22-bb49cf9f3683;https://metadados.snirh.gov.br/files/b8f0487a-df73-4f8d-8b22-bb49cf9f3683/14_de_Julho.zip
14 de Julho;106,47000000000173;106,40000000000174;5,8874726302450995;89,07320541301601;UHE 14 de Julho - CAV SNHIR.xlsx;b8f0487a-df73-4f8d-8b22-bb49cf9f3683;https://metadados.snirh.gov.br/files/b8f0487a-df73-4f8d-8b22-bb49cf9f3683/14_de_Julho.zip
14 de Julho;106,48000000000174;106,41000000000174;5,8884572330841;89,13208519492801;UHE 14 de Julho - CAV SNHIR.xlsx;b8f0487a-df73-4f8d-8b22-bb49cf9f3683;https://metadados.snirh.gov.br/files/b8f0487a-df73-4f8d-8b22-bb49cf9f3683/14_de_Julho.zip
14 de Julho;106,49000000000174;106,42000000000175;5,889442108152999;89,190971830811;UHE 14 de Julho - CAV SNHIR.xlsx;b8f0487a-df73-4f8d-8b22-bb49cf9f3683;https://metadados.snirh.gov.br/files/b8f0487a-df73-4f8d-8b22-bb49cf9f3683/14_de_Julho.zip
14 de Julho;106,50000000000175;106,43000000000175;5,8904274343339;89,249869169118;UHE 14 de Julho - CAV SNHIR.xlsx;b8f0487a-df73-4f8d-8b22-bb49cf9f3683;https://metadados.snirh.gov.br/files/b8f0487a-df73-4f8d-8b22-bb49cf9f3683/14_de_Julho.zip
14 de Julho;106,51000000000175;106,44000000000176;5,8914131065806;89,30877875312699;UHE 14 de Julho - CAV SNHIR.xlsx;b8f0487a-df73-4f8d-8b22-bb49cf9f3683;https://metadados.snirh.gov.br/files/b8f0487a-df73-4f8d-8b22-bb49cf9f3683/14_de_Julho.zip
14 de Julho;106,52000000000176;106,45000000000176;5,892399040927001;89,367697050982;UHE 14 de Julho - CAV SNHIR.xlsx;b8f0487a-df73-4f8d-8b22-bb49cf9f3683;https://metadados.snirh.gov.br/files/b8f0487a-df73-4f8d-8b22-bb49cf9f3683/14_de_Julho.zip
14 de Julho;106,53000000000176;106,46000000000177;5,8933852404573;89,426619574839;UHE 14 de Julho - CAV SNHIR.xlsx;b8f0487a-df73-4f8d-8b22-bb49cf9f3683;https://metadados.snirh.gov.br/files/b8f0487a-df73-4f8d-8b22-bb49cf9f3683/14_de_Julho.zip
14 de Julho;106,54000000000177;106,47000000000178;5,8943720708141;89,485555149646;UHE 14 de Julho - CAV SNHIR.xlsx;b8f0487a-df73-4f8d-8b22-bb49cf9f3683;https://metadados.snirh.gov.br/files/b8f0487a-df73-4f8d-8b22-bb49cf9f3683/14_de_Julho.zip
14 de Julho;106,55000000000177;106,48000000000178;5,8953597343102;89,544506737724;UHE 14 de Julho - CAV SNHIR.xlsx;b8f0487a-df73-4f8d-8b22-bb49cf9f3683;https://metadados.snirh.gov.br/files/b8f0487a-df73-4f8d-8b22-bb49cf9f3683/14_de_Julho.zip
14 de Julho;106,56000000000178;106,49000000000179;5,8963487383958;89,60346026260801;UHE 14 de Julho - CAV SNHIR.xlsx;b8f0487a-df73-4f8d-8b22-bb49cf9f3683;https://metadados.snirh.gov.br/files/b8f0487a-df73-4f8d-8b22-bb49cf9f3683/14_de_Julho.zip
14 de Julho;106,57000000000178;106,50000000000179;5,8973426361426;89,66242650776;UHE 14 de Julho - CAV SNHIR.xlsx;b8f0487a-df73-4f8d-8b22-bb49cf9f3683;https://metadados.snirh.gov.br/files/b8f0487a-df73-4f8d-8b22-bb49cf9f3683/14_de_Julho.zip
14 de Julho;106,58000000000179;106,5100000000018;5,8983328207107;89,721398774625;UHE 14 de Julho - CAV SNHIR.xlsx;b8f0487a-df73-4f8d-8b22-bb49cf9f3683;https://metadados.snirh.gov.br/files/b8f0487a-df73-4f8d-8b22-bb49cf9f3683/14_de_Julho.zip
14 de Julho;106,5900000000018;106,5200000000018;5,8993198414986;89,7803832946;UHE 14 de Julho - CAV SNHIR.xlsx;b8f0487a-df73-4f8d-8b22-bb49cf9f3683;https://metadados.snirh.gov.br/files/b8f0487a-df73-4f8d-8b22-bb49cf9f3683/14_de_Julho.zip
14 de Julho;106,6000000000018;106,5300000000018;5,9003050194692;89,839384906536;UHE 14 de Julho - CAV SNHIR.xlsx;b8f0487a-df73-4f8d-8b22-bb49cf9f3683;https://metadados.snirh.gov.br/files/b8f0487a-df73-4f8d-8b22-bb49cf9f3683/14_de_Julho.zip
14 de Julho;106,6100000000018;106,54000000000181;5,9012891666596;89,89839127117399;UHE 14 de Julho - CAV SNHIR.xlsx;b8f0487a-df73-4f8d-8b22-bb49cf9f3683;https://metadados.snirh.gov.br/files/b8f0487a-df73-4f8d-8b22-bb49cf9f3683/14_de_Julho.zip
14 de Julho;106,62000000000181;106,55000000000182;5,9022780864211;89,957403996308;UHE 14 de Julho - CAV SNHIR.xlsx;b8f0487a-df73-4f8d-8b22-bb49cf9f3683;https://metadados.snirh.gov.br/files/b8f0487a-df73-4f8d-8b22-bb49cf9f3683/14_de_Julho.zip
14 de Julho;106,63000000000181;106,56000000000182;5,9032684918809;90,0164258587;UHE 14 de Julho - CAV SNHIR.xlsx;b8f0487a-df73-4f8d-8b22-bb49cf9f3683;https://metadados.snirh.gov.br/files/b8f0487a-df73-4f8d-8b22-bb49cf9f3683/14_de_Julho.zip
14 de Julho;106,64000000000182;106,57000000000183;5,9042587023881;90,07546110606;UHE 14 de Julho - CAV SNHIR.xlsx;b8f0487a-df73-4f8d-8b22-bb49cf9f3683;https://metadados.snirh.gov.br/files/b8f0487a-df73-4f8d-8b22-bb49cf9f3683/14_de_Julho.zip
14 de Julho;106,65000000000182;106,58000000000183;5,9052498817021;90,134506894444;UHE 14 de Julho - CAV SNHIR.xlsx;b8f0487a-df73-4f8d-8b22-bb49cf9f3683;https://metadados.snirh.gov.br/files/b8f0487a-df73-4f8d-8b22-bb49cf9f3683/14_de_Julho.zip
14 de Julho;106,66000000000183;106,59000000000184;5,9062479484161;90,19356511226701;UHE 14 de Julho - CAV SNHIR.xlsx;b8f0487a-df73-4f8d-8b22-bb49cf9f3683;https://metadados.snirh.gov.br/files/b8f0487a-df73-4f8d-8b22-bb49cf9f3683/14_de_Julho.zip
14 de Julho;106,67000000000183;106,60000000000184;5,9072553588455;90,252631976441;UHE 14 de Julho - CAV SNHIR.xlsx;b8f0487a-df73-4f8d-8b22-bb49cf9f3683;https://metadados.snirh.gov.br/files/b8f0487a-df73-4f8d-8b22-bb49cf9f3683/14_de_Julho.zip
14 de Julho;106,68000000000184;106,61000000000185;5,9082581137165;90,311709198497;UHE 14 de Julho - CAV SNHIR.xlsx;b8f0487a-df73-4f8d-8b22-bb49cf9f3683;https://metadados.snirh.gov.br/files/b8f0487a-df73-4f8d-8b22-bb49cf9f3683/14_de_Julho.zip
14 de Julho;106,69000000000185;106,62000000000185;5,9092566367172;90,37079603091;UHE 14 de Julho - CAV SNHIR.xlsx;b8f0487a-df73-4f8d-8b22-bb49cf9f3683;https://metadados.snirh.gov.br/files/b8f0487a-df73-4f8d-8b22-bb49cf9f3683/14_de_Julho.zip
14 de Julho;106,70000000000185;106,63000000000186;5,9102534900062995;90,429883752382;UHE 14 de Julho - CAV SNHIR.xlsx;b8f0487a-df73-4f8d-8b22-bb49cf9f3683;https://metadados.snirh.gov.br/files/b8f0487a-df73-4f8d-8b22-bb49cf9f3683/14_de_Julho.zip
14 de Julho;106,71000000000186;106,64000000000186;5,9112482498544;90,488984618689;UHE 14 de Julho - CAV SNHIR.xlsx;b8f0487a-df73-4f8d-8b22-bb49cf9f3683;https://metadados.snirh.gov.br/files/b8f0487a-df73-4f8d-8b22-bb49cf9f3683/14_de_Julho.zip
14 de Julho;106,72000000000186;106,65000000000187;5,9122419629723;90,54810020691;UHE 14 de Julho - CAV SNHIR.xlsx;b8f0487a-df73-4f8d-8b22-bb49cf9f3683;https://metadados.snirh.gov.br/files/b8f0487a-df73-4f8d-8b22-bb49cf9f3683/14_de_Julho.zip
14 de Julho;106,73000000000187;106,66000000000187;5,9132375817412;90,60723016809499;UHE 14 de Julho - CAV SNHIR.xlsx;b8f0487a-df73-4f8d-8b22-bb49cf9f3683;https://metadados.snirh.gov.br/files/b8f0487a-df73-4f8d-8b22-bb49cf9f3683/14_de_Julho.zip
14 de Julho;106,74000000000187;106,67000000000188;5,914234958232;90,666372386776;UHE 14 de Julho - CAV SNHIR.xlsx;b8f0487a-df73-4f8d-8b22-bb49cf9f3683;https://metadados.snirh.gov.br/files/b8f0487a-df73-4f8d-8b22-bb49cf9f3683/14_de_Julho.zip
14 de Julho;106,75000000000188;106,68000000000188;5,9152314216836;90,725524446065;UHE 14 de Julho - CAV SNHIR.xlsx;b8f0487a-df73-4f8d-8b22-bb49cf9f3683;https://metadados.snirh.gov.br/files/b8f0487a-df73-4f8d-8b22-bb49cf9f3683/14_de_Julho.zip
14 de Julho;106,76000000000188;106,69000000000189;5,9162275303528995;90,784689060169;UHE 14 de Julho - CAV SNHIR.xlsx;b8f0487a-df73-4f8d-8b22-bb49cf9f3683;https://metadados.snirh.gov.br/files/b8f0487a-df73-4f8d-8b22-bb49cf9f3683/14_de_Julho.zip
14 de Julho;106,77000000000189;106,70000000000189;5,917222931042;90,84385774805399;UHE 14 de Julho - CAV SNHIR.xlsx;b8f0487a-df73-4f8d-8b22-bb49cf9f3683;https://metadados.snirh.gov.br/files/b8f0487a-df73-4f8d-8b22-bb49cf9f3683/14_de_Julho.zip
14 de Julho;106,78000000000189;106,7100000000019;5,9182180609131;90,903034078245;UHE 14 de Julho - CAV SNHIR.xlsx;b8f0487a-df73-4f8d-8b22-bb49cf9f3683;https://metadados.snirh.gov.br/files/b8f0487a-df73-4f8d-8b22-bb49cf9f3683/14_de_Julho.zip
14 de Julho;106,7900000000019;106,7200000000019;5,919212951111501;90,96221883209901;UHE 14 de Julho - CAV SNHIR.xlsx;b8f0487a-df73-4f8d-8b22-bb49cf9f3683;https://metadados.snirh.gov.br/files/b8f0487a-df73-4f8d-8b22-bb49cf9f3683/14_de_Julho.zip
14 de Julho;106,8000000000019;106,73000000000191;5,920207867679;91,021414192048;UHE 14 de Julho - CAV SNHIR.xlsx;b8f0487a-df73-4f8d-8b22-bb49cf9f3683;https://metadados.snirh.gov.br/files/b8f0487a-df73-4f8d-8b22-bb49cf9f3683/14_de_Julho.zip
14 de Julho;106,8100000000019;106,74000000000191;5,9212035556696;91,080626354504;UHE 14 de Julho - CAV SNHIR.xlsx;b8f0487a-df73-4f8d-8b22-bb49cf9f3683;https://metadados.snirh.gov.br/files/b8f0487a-df73-4f8d-8b22-bb49cf9f3683/14_de_Julho.zip
14 de Julho;106,82000000000191;106,75000000000192;5,9222012739702;91,139841602532;UHE 14 de Julho - CAV SNHIR.xlsx;b8f0487a-df73-4f8d-8b22-bb49cf9f3683;https://metadados.snirh.gov.br/files/b8f0487a-df73-4f8d-8b22-bb49cf9f3683/14_de_Julho.zip
14 de Julho;106,83000000000192;106,76000000000192;5,9231957573586005;91,199068602231;UHE 14 de Julho - CAV SNHIR.xlsx;b8f0487a-df73-4f8d-8b22-bb49cf9f3683;https://metadados.snirh.gov.br/files/b8f0487a-df73-4f8d-8b22-bb49cf9f3683/14_de_Julho.zip
14 de Julho;106,84000000000192;106,77000000000193;5,9241888867779;91,25830004172701;UHE 14 de Julho - CAV SNHIR.xlsx;b8f0487a-df73-4f8d-8b22-bb49cf9f3683;https://metadados.snirh.gov.br/files/b8f0487a-df73-4f8d-8b22-bb49cf9f3683/14_de_Julho.zip
14 de Julho;106,85000000000193;106,78000000000193;5,925179962542201;91,31754895963199;UHE 14 de Julho - CAV SNHIR.xlsx;b8f0487a-df73-4f8d-8b22-bb49cf9f3683;https://metadados.snirh.gov.br/files/b8f0487a-df73-4f8d-8b22-bb49cf9f3683/14_de_Julho.zip
14 de Julho;106,86000000000193;106,79000000000194;5,9261700374851;91,376805967674;UHE 14 de Julho - CAV SNHIR.xlsx;b8f0487a-df73-4f8d-8b22-bb49cf9f3683;https://metadados.snirh.gov.br/files/b8f0487a-df73-4f8d-8b22-bb49cf9f3683/14_de_Julho.zip
14 de Julho;106,87000000000194;106,80000000000194;5,9271595638993;91,436071013592;UHE 14 de Julho - CAV SNHIR.xlsx;b8f0487a-df73-4f8d-8b22-bb49cf9f3683;https://metadados.snirh.gov.br/files/b8f0487a-df73-4f8d-8b22-bb49cf9f3683/14_de_Julho.zip
14 de Julho;106,88000000000194;106,81000000000195;5,9281483907957995;91,49534329843999;UHE 14 de Julho - CAV SNHIR.xlsx;b8f0487a-df73-4f8d-8b22-bb49cf9f3683;https://metadados.snirh.gov.br/files/b8f0487a-df73-4f8d-8b22-bb49cf9f3683/14_de_Julho.zip
14 de Julho;106,89000000000195;106,82000000000195;5,9291366227359;91,55462791904;UHE 14 de Julho - CAV SNHIR.xlsx;b8f0487a-df73-4f8d-8b22-bb49cf9f3683;https://metadados.snirh.gov.br/files/b8f0487a-df73-4f8d-8b22-bb49cf9f3683/14_de_Julho.zip
14 de Julho;106,90000000000195;106,83000000000196;5,9301242531920995;91,613928831013;UHE 14 de Julho - CAV SNHIR.xlsx;b8f0487a-df73-4f8d-8b22-bb49cf9f3683;https://metadados.snirh.gov.br/files/b8f0487a-df73-4f8d-8b22-bb49cf9f3683/14_de_Julho.zip
14 de Julho;106,91000000000196;106,84000000000196;5,931111489058201;91,673231600045;UHE 14 de Julho - CAV SNHIR.xlsx;b8f0487a-df73-4f8d-8b22-bb49cf9f3683;https://metadados.snirh.gov.br/files/b8f0487a-df73-4f8d-8b22-bb49cf9f3683/14_de_Julho.zip
14 de Julho;106,92000000000196;106,85000000000197;5,9320983466744;91,73255521546801;UHE 14 de Julho - CAV SNHIR.xlsx;b8f0487a-df73-4f8d-8b22-bb49cf9f3683;https://metadados.snirh.gov.br/files/b8f0487a-df73-4f8d-8b22-bb49cf9f3683/14_de_Julho.zip
14 de Julho;106,93000000000197;106,86000000000197;5,9330847598629;91,791877783222;UHE 14 de Julho - CAV SNHIR.xlsx;b8f0487a-df73-4f8d-8b22-bb49cf9f3683;https://metadados.snirh.gov.br/files/b8f0487a-df73-4f8d-8b22-bb49cf9f3683/14_de_Julho.zip
14 de Julho;106,94000000000197;106,87000000000198;5,9340707000942;91,85121071332601;UHE 14 de Julho - CAV SNHIR.xlsx;b8f0487a-df73-4f8d-8b22-bb49cf9f3683;https://metadados.snirh.gov.br/files/b8f0487a-df73-4f8d-8b22-bb49cf9f3683/14_de_Julho.zip
14 de Julho;106,95000000000198;106,88000000000198;5,9350561987669;91,910556023034;UHE 14 de Julho - CAV SNHIR.xlsx;b8f0487a-df73-4f8d-8b22-bb49cf9f3683;https://metadados.snirh.gov.br/files/b8f0487a-df73-4f8d-8b22-bb49cf9f3683/14_de_Julho.zip
14 de Julho;106,96000000000198;106,89000000000199;5,9360412150888;91,969912673171;UHE 14 de Julho - CAV SNHIR.xlsx;b8f0487a-df73-4f8d-8b22-bb49cf9f3683;https://metadados.snirh.gov.br/files/b8f0487a-df73-4f8d-8b22-bb49cf9f3683/14_de_Julho.zip
14 de Julho;106,97000000000199;106,900000000002;5,9370257098959005;92,029280794801;UHE 14 de Julho - CAV SNHIR.xlsx;b8f0487a-df73-4f8d-8b22-bb49cf9f3683;https://metadados.snirh.gov.br/files/b8f0487a-df73-4f8d-8b22-bb49cf9f3683/14_de_Julho.zip
14 de Julho;106,980000000002;106,910000000002;5,938009863645499;92,08865317481;UHE 14 de Julho - CAV SNHIR.xlsx;b8f0487a-df73-4f8d-8b22-bb49cf9f3683;https://metadados.snirh.gov.br/files/b8f0487a-df73-4f8d-8b22-bb49cf9f3683/14_de_Julho.zip
14 de Julho;106,990000000002;106,920000000002;5,9389937708916;92,148043205622;UHE 14 de Julho - CAV SNHIR.xlsx;b8f0487a-df73-4f8d-8b22-bb49cf9f3683;https://metadados.snirh.gov.br/files/b8f0487a-df73-4f8d-8b22-bb49cf9f3683/14_de_Julho.zip
14 de Julho;107,000000000002;106,93000000000201;5,9399776044156;92,207442317708;UHE 14 de Julho - CAV SNHIR.xlsx;b8f0487a-df73-4f8d-8b22-bb49cf9f3683;https://metadados.snirh.gov.br/files/b8f0487a-df73-4f8d-8b22-bb49cf9f3683/14_de_Julho.zip
14 de Julho;107,01000000000201;106,94000000000202;5,9409614708695;92,26684745773301;UHE 14 de Julho - CAV SNHIR.xlsx;b8f0487a-df73-4f8d-8b22-bb49cf9f3683;https://metadados.snirh.gov.br/files/b8f0487a-df73-4f8d-8b22-bb49cf9f3683/14_de_Julho.zip
14 de Julho;107,02000000000201;106,95000000000202;5,9419450559903;92,326257465606;UHE 14 de Julho - CAV SNHIR.xlsx;b8f0487a-df73-4f8d-8b22-bb49cf9f3683;https://metadados.snirh.gov.br/files/b8f0487a-df73-4f8d-8b22-bb49cf9f3683/14_de_Julho.zip
14 de Julho;107,03000000000202;106,96000000000203;5,9429283323354;92,38568454905;UHE 14 de Julho - CAV SNHIR.xlsx;b8f0487a-df73-4f8d-8b22-bb49cf9f3683;https://metadados.snirh.gov.br/files/b8f0487a-df73-4f8d-8b22-bb49cf9f3683/14_de_Julho.zip
14 de Julho;107,04000000000202;106,97000000000203;5,943911256607599;92,445111559333;UHE 14 de Julho - CAV SNHIR.xlsx;b8f0487a-df73-4f8d-8b22-bb49cf9f3683;https://metadados.snirh.gov.br/files/b8f0487a-df73-4f8d-8b22-bb49cf9f3683/14_de_Julho.zip
14 de Julho;107,05000000000203;106,98000000000204;5,9448939456984995;92,504551809972;UHE 14 de Julho - CAV SNHIR.xlsx;b8f0487a-df73-4f8d-8b22-bb49cf9f3683;https://metadados.snirh.gov.br/files/b8f0487a-df73-4f8d-8b22-bb49cf9f3683/14_de_Julho.zip
14 de Julho;107,06000000000203;106,99000000000204;5,9458763759496;92,564004547817;UHE 14 de Julho - CAV SNHIR.xlsx;b8f0487a-df73-4f8d-8b22-bb49cf9f3683;https://metadados.snirh.gov.br/files/b8f0487a-df73-4f8d-8b22-bb49cf9f3683/14_de_Julho.zip
14 de Julho;107,07000000000204;107,00000000000205;5,9468587903861;92,62346990020201;UHE 14 de Julho - CAV SNHIR.xlsx;b8f0487a-df73-4f8d-8b22-bb49cf9f3683;https://metadados.snirh.gov.br/files/b8f0487a-df73-4f8d-8b22-bb49cf9f3683/14_de_Julho.zip
14 de Julho;107,08000000000204;107,01000000000205;5,9478414284966;92,682941025755;UHE 14 de Julho - CAV SNHIR.xlsx;b8f0487a-df73-4f8d-8b22-bb49cf9f3683;https://metadados.snirh.gov.br/files/b8f0487a-df73-4f8d-8b22-bb49cf9f3683/14_de_Julho.zip
14 de Julho;107,09000000000205;107,02000000000206;5,9488242997388;92,742423416678;UHE 14 de Julho - CAV SNHIR.xlsx;b8f0487a-df73-4f8d-8b22-bb49cf9f3683;https://metadados.snirh.gov.br/files/b8f0487a-df73-4f8d-8b22-bb49cf9f3683/14_de_Julho.zip
14 de Julho;107,10000000000205;107,03000000000206;5,9498070848501;92,80192101777101;UHE 14 de Julho - CAV SNHIR.xlsx;b8f0487a-df73-4f8d-8b22-bb49cf9f3683;https://metadados.snirh.gov.br/files/b8f0487a-df73-4f8d-8b22-bb49cf9f3683/14_de_Julho.zip
14 de Julho;107,11000000000206;107,04000000000207;5,9507897471278;92,861421855692;UHE 14 de Julho - CAV SNHIR.xlsx;b8f0487a-df73-4f8d-8b22-bb49cf9f3683;https://metadados.snirh.gov.br/files/b8f0487a-df73-4f8d-8b22-bb49cf9f3683/14_de_Julho.zip
14 de Julho;107,12000000000207;107,05000000000207;5,9517728855669;92,920938908234;UHE 14 de Julho - CAV SNHIR.xlsx;b8f0487a-df73-4f8d-8b22-bb49cf9f3683;https://metadados.snirh.gov.br/files/b8f0487a-df73-4f8d-8b22-bb49cf9f3683/14_de_Julho.zip
14 de Julho;107,13000000000207;107,06000000000208;5,952756790681599;92,980462755267;UHE 14 de Julho - CAV SNHIR.xlsx;b8f0487a-df73-4f8d-8b22-bb49cf9f3683;https://metadados.snirh.gov.br/files/b8f0487a-df73-4f8d-8b22-bb49cf9f3683/14_de_Julho.zip
14 de Julho;107,14000000000208;107,07000000000208;5,953741111625599;93,039994907845;UHE 14 de Julho - CAV SNHIR.xlsx;b8f0487a-df73-4f8d-8b22-bb49cf9f3683;https://metadados.snirh.gov.br/files/b8f0487a-df73-4f8d-8b22-bb49cf9f3683/14_de_Julho.zip
14 de Julho;107,15000000000208;107,08000000000209;5,9547248791145995;93,099535889772;UHE 14 de Julho - CAV SNHIR.xlsx;b8f0487a-df73-4f8d-8b22-bb49cf9f3683;https://metadados.snirh.gov.br/files/b8f0487a-df73-4f8d-8b22-bb49cf9f3683/14_de_Julho.zip
14 de Julho;107,16000000000209;107,09000000000209;5,9557084608993;93,159091768516;UHE 14 de Julho - CAV SNHIR.xlsx;b8f0487a-df73-4f8d-8b22-bb49cf9f3683;https://metadados.snirh.gov.br/files/b8f0487a-df73-4f8d-8b22-bb49cf9f3683/14_de_Julho.zip
14 de Julho;107,17000000000209;107,1000000000021;5,9566919427641;93,218649210908;UHE 14 de Julho - CAV SNHIR.xlsx;b8f0487a-df73-4f8d-8b22-bb49cf9f3683;https://metadados.snirh.gov.br/files/b8f0487a-df73-4f8d-8b22-bb49cf9f3683/14_de_Julho.zip
14 de Julho;107,1800000000021;107,1100000000021;5,9576747923244;93,278220698639;UHE 14 de Julho - CAV SNHIR.xlsx;b8f0487a-df73-4f8d-8b22-bb49cf9f3683;https://metadados.snirh.gov.br/files/b8f0487a-df73-4f8d-8b22-bb49cf9f3683/14_de_Julho.zip
14 de Julho;107,1900000000021;107,12000000000211;5,9586568563596005;93,33780451401199;UHE 14 de Julho - CAV SNHIR.xlsx;b8f0487a-df73-4f8d-8b22-bb49cf9f3683;https://metadados.snirh.gov.br/files/b8f0487a-df73-4f8d-8b22-bb49cf9f3683/14_de_Julho.zip
14 de Julho;107,2000000000021;107,13000000000211;5,959638534715601;93,397387427936;UHE 14 de Julho - CAV SNHIR.xlsx;b8f0487a-df73-4f8d-8b22-bb49cf9f3683;https://metadados.snirh.gov.br/files/b8f0487a-df73-4f8d-8b22-bb49cf9f3683/14_de_Julho.zip
14 de Julho;107,21000000000211;107,14000000000212;5,9606199239767;93,456987076858;UHE 14 de Julho - CAV SNHIR.xlsx;b8f0487a-df73-4f8d-8b22-bb49cf9f3683;https://metadados.snirh.gov.br/files/b8f0487a-df73-4f8d-8b22-bb49cf9f3683/14_de_Julho.zip
14 de Julho;107,22000000000212;107,15000000000212;5,961601100919401;93,51660127782901;UHE 14 de Julho - CAV SNHIR.xlsx;b8f0487a-df73-4f8d-8b22-bb49cf9f3683;https://metadados.snirh.gov.br/files/b8f0487a-df73-4f8d-8b22-bb49cf9f3683/14_de_Julho.zip
14 de Julho;107,23000000000212;107,16000000000213;5,9625818704239;93,576220166655;UHE 14 de Julho - CAV SNHIR.xlsx;b8f0487a-df73-4f8d-8b22-bb49cf9f3683;https://metadados.snirh.gov.br/files/b8f0487a-df73-4f8d-8b22-bb49cf9f3683/14_de_Julho.zip
14 de Julho;107,24000000000213;107,17000000000213;5,9635623424991;93,635850527456;UHE 14 de Julho - CAV SNHIR.xlsx;b8f0487a-df73-4f8d-8b22-bb49cf9f3683;https://metadados.snirh.gov.br/files/b8f0487a-df73-4f8d-8b22-bb49cf9f3683/14_de_Julho.zip
14 de Julho;107,25000000000213;107,18000000000214;5,9645426222845;93,695491134101;UHE 14 de Julho - CAV SNHIR.xlsx;b8f0487a-df73-4f8d-8b22-bb49cf9f3683;https://metadados.snirh.gov.br/files/b8f0487a-df73-4f8d-8b22-bb49cf9f3683/14_de_Julho.zip
14 de Julho;107,26000000000214;107,19000000000214;5,9655228670936005;93,755143610182;UHE 14 de Julho - CAV SNHIR.xlsx;b8f0487a-df73-4f8d-8b22-bb49cf9f3683;https://metadados.snirh.gov.br/files/b8f0487a-df73-4f8d-8b22-bb49cf9f3683/14_de_Julho.zip
14 de Julho;107,27000000000214;107,20000000000215;5,9665029499202;93,814803206013;UHE 14 de Julho - CAV SNHIR.xlsx;b8f0487a-df73-4f8d-8b22-bb49cf9f3683;https://metadados.snirh.gov.br/files/b8f0487a-df73-4f8d-8b22-bb49cf9f3683/14_de_Julho.zip
14 de Julho;107,28000000000215;107,21000000000215;5,9674828281793;93,874468694088;UHE 14 de Julho - CAV SNHIR.xlsx;b8f0487a-df73-4f8d-8b22-bb49cf9f3683;https://metadados.snirh.gov.br/files/b8f0487a-df73-4f8d-8b22-bb49cf9f3683/14_de_Julho.zip
14 de Julho;107,29000000000215;107,22000000000216;5,9684625486919005;93,934142929961;UHE 14 de Julho - CAV SNHIR.xlsx;b8f0487a-df73-4f8d-8b22-bb49cf9f3683;https://metadados.snirh.gov.br/files/b8f0487a-df73-4f8d-8b22-bb49cf9f3683/14_de_Julho.zip
14 de Julho;107,30000000000216;107,23000000000216;5,9694421449313;93,99383816877399;UHE 14 de Julho - CAV SNHIR.xlsx;b8f0487a-df73-4f8d-8b22-bb49cf9f3683;https://metadados.snirh.gov.br/files/b8f0487a-df73-4f8d-8b22-bb49cf9f3683/14_de_Julho.zip
14 de Julho;107,31000000000216;107,24000000000217;5,9704216588592;94,05354071249499;UHE 14 de Julho - CAV SNHIR.xlsx;b8f0487a-df73-4f8d-8b22-bb49cf9f3683;https://metadados.snirh.gov.br/files/b8f0487a-df73-4f8d-8b22-bb49cf9f3683/14_de_Julho.zip
14 de Julho;107,32000000000217;107,25000000000217;5,9714012281428;94,113247429862;UHE 14 de Julho - CAV SNHIR.xlsx;b8f0487a-df73-4f8d-8b22-bb49cf9f3683;https://metadados.snirh.gov.br/files/b8f0487a-df73-4f8d-8b22-bb49cf9f3683/14_de_Julho.zip
14 de Julho;107,33000000000217;107,26000000000218;5,972380963205301;94,17296404778001;UHE 14 de Julho - CAV SNHIR.xlsx;b8f0487a-df73-4f8d-8b22-bb49cf9f3683;https://metadados.snirh.gov.br/files/b8f0487a-df73-4f8d-8b22-bb49cf9f3683/14_de_Julho.zip
14 de Julho;107,34000000000218;107,27000000000218;5,973360734317;94,23269137857001;UHE 14 de Julho - CAV SNHIR.xlsx;b8f0487a-df73-4f8d-8b22-bb49cf9f3683;https://metadados.snirh.gov.br/files/b8f0487a-df73-4f8d-8b22-bb49cf9f3683/14_de_Julho.zip
14 de Julho;107,35000000000218;107,28000000000219;5,974340474892601;94,29242774938301;UHE 14 de Julho - CAV SNHIR.xlsx;b8f0487a-df73-4f8d-8b22-bb49cf9f3683;https://metadados.snirh.gov.br/files/b8f0487a-df73-4f8d-8b22-bb49cf9f3683/14_de_Julho.zip
14 de Julho;107,36000000000219;107,2900000000022;5,9753203804815005;94,352174141301;UHE 14 de Julho - CAV SNHIR.xlsx;b8f0487a-df73-4f8d-8b22-bb49cf9f3683;https://metadados.snirh.gov.br/files/b8f0487a-df73-4f8d-8b22-bb49cf9f3683/14_de_Julho.zip
14 de Julho;107,3700000000022;107,3000000000022;5,9763003828256;94,411928023312;UHE 14 de Julho - CAV SNHIR.xlsx;b8f0487a-df73-4f8d-8b22-bb49cf9f3683;https://metadados.snirh.gov.br/files/b8f0487a-df73-4f8d-8b22-bb49cf9f3683/14_de_Julho.zip
14 de Julho;107,3800000000022;107,3100000000022;5,9772806627139;94,471697581653;UHE 14 de Julho - CAV SNHIR.xlsx;b8f0487a-df73-4f8d-8b22-bb49cf9f3683;https://metadados.snirh.gov.br/files/b8f0487a-df73-4f8d-8b22-bb49cf9f3683/14_de_Julho.zip
14 de Julho;107,3900000000022;107,32000000000221;5,9782612446662;94,531473787119;UHE 14 de Julho - CAV SNHIR.xlsx;b8f0487a-df73-4f8d-8b22-bb49cf9f3683;https://metadados.snirh.gov.br/files/b8f0487a-df73-4f8d-8b22-bb49cf9f3683/14_de_Julho.zip
14 de Julho;107,40000000000221;107,33000000000222;5,9792419301853;94,591264533848;UHE 14 de Julho - CAV SNHIR.xlsx;b8f0487a-df73-4f8d-8b22-bb49cf9f3683;https://metadados.snirh.gov.br/files/b8f0487a-df73-4f8d-8b22-bb49cf9f3683/14_de_Julho.zip
14 de Julho;107,41000000000221;107,34000000000222;5,9802226859525005;94,65105598327399;UHE 14 de Julho - CAV SNHIR.xlsx;b8f0487a-df73-4f8d-8b22-bb49cf9f3683;https://metadados.snirh.gov.br/files/b8f0487a-df73-4f8d-8b22-bb49cf9f3683/14_de_Julho.zip
14 de Julho;107,42000000000222;107,35000000000223;5,9812036416078;94,71085808179501;UHE 14 de Julho - CAV SNHIR.xlsx;b8f0487a-df73-4f8d-8b22-bb49cf9f3683;https://metadados.snirh.gov.br/files/b8f0487a-df73-4f8d-8b22-bb49cf9f3683/14_de_Julho.zip
14 de Julho;107,43000000000222;107,36000000000223;5,9821850637617;94,770670910815;UHE 14 de Julho - CAV SNHIR.xlsx;b8f0487a-df73-4f8d-8b22-bb49cf9f3683;https://metadados.snirh.gov.br/files/b8f0487a-df73-4f8d-8b22-bb49cf9f3683/14_de_Julho.zip
14 de Julho;107,44000000000223;107,37000000000224;5,9831668179409;94,830499766624;UHE 14 de Julho - CAV SNHIR.xlsx;b8f0487a-df73-4f8d-8b22-bb49cf9f3683;https://metadados.snirh.gov.br/files/b8f0487a-df73-4f8d-8b22-bb49cf9f3683/14_de_Julho.zip
14 de Julho;107,45000000000223;107,38000000000224;5,9841487703425;94,89034271978501;UHE 14 de Julho - CAV SNHIR.xlsx;b8f0487a-df73-4f8d-8b22-bb49cf9f3683;https://metadados.snirh.gov.br/files/b8f0487a-df73-4f8d-8b22-bb49cf9f3683/14_de_Julho.zip
14 de Julho;107,46000000000224;107,39000000000225;5,9851310021152;94,950188118295;UHE 14 de Julho - CAV SNHIR.xlsx;b8f0487a-df73-4f8d-8b22-bb49cf9f3683;https://metadados.snirh.gov.br/files/b8f0487a-df73-4f8d-8b22-bb49cf9f3683/14_de_Julho.zip
14 de Julho;107,47000000000224;107,40000000000225;5,9861139157564;95,010039793557;UHE 14 de Julho - CAV SNHIR.xlsx;b8f0487a-df73-4f8d-8b22-bb49cf9f3683;https://metadados.snirh.gov.br/files/b8f0487a-df73-4f8d-8b22-bb49cf9f3683/14_de_Julho.zip
14 de Julho;107,48000000000225;107,41000000000226;5,9870974704735;95,069900439994;UHE 14 de Julho - CAV SNHIR.xlsx;b8f0487a-df73-4f8d-8b22-bb49cf9f3683;https://metadados.snirh.gov.br/files/b8f0487a-df73-4f8d-8b22-bb49cf9f3683/14_de_Julho.zip
14 de Julho;107,49000000000225;107,42000000000226;5,9880815471601005;95,129775177658;UHE 14 de Julho - CAV SNHIR.xlsx;b8f0487a-df73-4f8d-8b22-bb49cf9f3683;https://metadados.snirh.gov.br/files/b8f0487a-df73-4f8d-8b22-bb49cf9f3683/14_de_Julho.zip
14 de Julho;107,50000000000226;107,43000000000227;5,9890665189033;95,189661409051;UHE 14 de Julho - CAV SNHIR.xlsx;b8f0487a-df73-4f8d-8b22-bb49cf9f3683;https://metadados.snirh.gov.br/files/b8f0487a-df73-4f8d-8b22-bb49cf9f3683/14_de_Julho.zip
14 de Julho;107,51000000000226;107,44000000000227;5,9900525761256;95,249558268856;UHE 14 de Julho - CAV SNHIR.xlsx;b8f0487a-df73-4f8d-8b22-bb49cf9f3683;https://metadados.snirh.gov.br/files/b8f0487a-df73-4f8d-8b22-bb49cf9f3683/14_de_Julho.zip
14 de Julho;107,52000000000227;107,45000000000228;5,9910395007944;95,30946598338599;UHE 14 de Julho - CAV SNHIR.xlsx;b8f0487a-df73-4f8d-8b22-bb49cf9f3683;https://metadados.snirh.gov.br/files/b8f0487a-df73-4f8d-8b22-bb49cf9f3683/14_de_Julho.zip
14 de Julho;107,53000000000227;107,46000000000228;5,9920279995470995;95,369377289496;UHE 14 de Julho - CAV SNHIR.xlsx;b8f0487a-df73-4f8d-8b22-bb49cf9f3683;https://metadados.snirh.gov.br/files/b8f0487a-df73-4f8d-8b22-bb49cf9f3683/14_de_Julho.zip
14 de Julho;107,54000000000228;107,47000000000229;5,9930177577713;95,429301569288;UHE 14 de Julho - CAV SNHIR.xlsx;b8f0487a-df73-4f8d-8b22-bb49cf9f3683;https://metadados.snirh.gov.br/files/b8f0487a-df73-4f8d-8b22-bb49cf9f3683/14_de_Julho.zip
14 de Julho;107,55000000000229;107,48000000000229;5,9940107162151;95,489234832435;UHE 14 de Julho - CAV SNHIR.xlsx;b8f0487a-df73-4f8d-8b22-bb49cf9f3683;https://metadados.snirh.gov.br/files/b8f0487a-df73-4f8d-8b22-bb49cf9f3683/14_de_Julho.zip
14 de Julho;107,56000000000229;107,4900000000023;5,9950028782024;95,549184219081;UHE 14 de Julho - CAV SNHIR.xlsx;b8f0487a-df73-4f8d-8b22-bb49cf9f3683;https://metadados.snirh.gov.br/files/b8f0487a-df73-4f8d-8b22-bb49cf9f3683/14_de_Julho.zip
14 de Julho;107,5700000000023;107,5000000000023;5,9959949443203;95,60913899889;UHE 14 de Julho - CAV SNHIR.xlsx;b8f0487a-df73-4f8d-8b22-bb49cf9f3683;https://metadados.snirh.gov.br/files/b8f0487a-df73-4f8d-8b22-bb49cf9f3683/14_de_Julho.zip
14 de Julho;107,5800000000023;107,51000000000231;5,996987931310899;95,669106281653;UHE 14 de Julho - CAV SNHIR.xlsx;b8f0487a-df73-4f8d-8b22-bb49cf9f3683;https://metadados.snirh.gov.br/files/b8f0487a-df73-4f8d-8b22-bb49cf9f3683/14_de_Julho.zip
14 de Julho;107,5900000000023;107,52000000000231;5,9979835643293;95,72908584583;UHE 14 de Julho - CAV SNHIR.xlsx;b8f0487a-df73-4f8d-8b22-bb49cf9f3683;https://metadados.snirh.gov.br/files/b8f0487a-df73-4f8d-8b22-bb49cf9f3683/14_de_Julho.zip
14 de Julho;107,60000000000231;107,53000000000232;5,9989790681312;95,789075485441;UHE 14 de Julho - CAV SNHIR.xlsx;b8f0487a-df73-4f8d-8b22-bb49cf9f3683;https://metadados.snirh.gov.br/files/b8f0487a-df73-4f8d-8b22-bb49cf9f3683/14_de_Julho.zip
14 de Julho;107,61000000000232;107,54000000000232;5,9999539280412;95,849077520119;UHE 14 de Julho - CAV SNHIR.xlsx;b8f0487a-df73-4f8d-8b22-bb49cf9f3683;https://metadados.snirh.gov.br/files/b8f0487a-df73-4f8d-8b22-bb49cf9f3683/14_de_Julho.zip
14 de Julho;107,62000000000232;107,55000000000233;6,0009248292830994;95,90907886109699;UHE 14 de Julho - CAV SNHIR.xlsx;b8f0487a-df73-4f8d-8b22-bb49cf9f3683;https://metadados.snirh.gov.br/files/b8f0487a-df73-4f8d-8b22-bb49cf9f3683/14_de_Julho.zip
14 de Julho;107,63000000000233;107,56000000000233;6,001893568408501;95,969091247517;UHE 14 de Julho - CAV SNHIR.xlsx;b8f0487a-df73-4f8d-8b22-bb49cf9f3683;https://metadados.snirh.gov.br/files/b8f0487a-df73-4f8d-8b22-bb49cf9f3683/14_de_Julho.zip
14 de Julho;107,64000000000233;107,57000000000234;6,002860535753499;96,029119009006;UHE 14 de Julho - CAV SNHIR.xlsx;b8f0487a-df73-4f8d-8b22-bb49cf9f3683;https://metadados.snirh.gov.br/files/b8f0487a-df73-4f8d-8b22-bb49cf9f3683/14_de_Julho.zip
14 de Julho;107,65000000000234;107,58000000000234;6,0038263944187;96,089151402031;UHE 14 de Julho - CAV SNHIR.xlsx;b8f0487a-df73-4f8d-8b22-bb49cf9f3683;https://metadados.snirh.gov.br/files/b8f0487a-df73-4f8d-8b22-bb49cf9f3683/14_de_Julho.zip
14 de Julho;107,66000000000234;107,59000000000235;6,0047912855678;96,149195838432;UHE 14 de Julho - CAV SNHIR.xlsx;b8f0487a-df73-4f8d-8b22-bb49cf9f3683;https://metadados.snirh.gov.br/files/b8f0487a-df73-4f8d-8b22-bb49cf9f3683/14_de_Julho.zip
14 de Julho;107,67000000000235;107,60000000000235;6,0057554418444;96,209247233278;UHE 14 de Julho - CAV SNHIR.xlsx;b8f0487a-df73-4f8d-8b22-bb49cf9f3683;https://metadados.snirh.gov.br/files/b8f0487a-df73-4f8d-8b22-bb49cf9f3683/14_de_Julho.zip
14 de Julho;107,68000000000235;107,61000000000236;6,0067190169497;96,269308382565;UHE 14 de Julho - CAV SNHIR.xlsx;b8f0487a-df73-4f8d-8b22-bb49cf9f3683;https://metadados.snirh.gov.br/files/b8f0487a-df73-4f8d-8b22-bb49cf9f3683/14_de_Julho.zip
14 de Julho;107,69000000000236;107,62000000000236;6,0076819891848;96,329380632228;UHE 14 de Julho - CAV SNHIR.xlsx;b8f0487a-df73-4f8d-8b22-bb49cf9f3683;https://metadados.snirh.gov.br/files/b8f0487a-df73-4f8d-8b22-bb49cf9f3683/14_de_Julho.zip
14 de Julho;107,70000000000236;107,63000000000237;6,0086438912121;96,389465996356;UHE 14 de Julho - CAV SNHIR.xlsx;b8f0487a-df73-4f8d-8b22-bb49cf9f3683;https://metadados.snirh.gov.br/files/b8f0487a-df73-4f8d-8b22-bb49cf9f3683/14_de_Julho.zip
14 de Julho;107,71000000000237;107,64000000000237;6,0096045943464;96,449556956287;UHE 14 de Julho - CAV SNHIR.xlsx;b8f0487a-df73-4f8d-8b22-bb49cf9f3683;https://metadados.snirh.gov.br/files/b8f0487a-df73-4f8d-8b22-bb49cf9f3683/14_de_Julho.zip
14 de Julho;107,72000000000237;107,65000000000238;6,010564727877;96,509655382248;UHE 14 de Julho - CAV SNHIR.xlsx;b8f0487a-df73-4f8d-8b22-bb49cf9f3683;https://metadados.snirh.gov.br/files/b8f0487a-df73-4f8d-8b22-bb49cf9f3683/14_de_Julho.zip
14 de Julho;107,73000000000238;107,66000000000238;6,0115242087728;96,56976342690099;UHE 14 de Julho - CAV SNHIR.xlsx;b8f0487a-df73-4f8d-8b22-bb49cf9f3683;https://metadados.snirh.gov.br/files/b8f0487a-df73-4f8d-8b22-bb49cf9f3683/14_de_Julho.zip
14 de Julho;107,74000000000238;107,67000000000239;6,012483079316199;96,629890512552;UHE 14 de Julho - CAV SNHIR.xlsx;b8f0487a-df73-4f8d-8b22-bb49cf9f3683;https://metadados.snirh.gov.br/files/b8f0487a-df73-4f8d-8b22-bb49cf9f3683/14_de_Julho.zip
14 de Julho;107,75000000000239;107,6800000000024;6,0134415886918;96,690018209945;UHE 14 de Julho - CAV SNHIR.xlsx;b8f0487a-df73-4f8d-8b22-bb49cf9f3683;https://metadados.snirh.gov.br/files/b8f0487a-df73-4f8d-8b22-bb49cf9f3683/14_de_Julho.zip
14 de Julho;107,76000000000239;107,6900000000024;6,0143997442326;96,750159504352;UHE 14 de Julho - CAV SNHIR.xlsx;b8f0487a-df73-4f8d-8b22-bb49cf9f3683;https://metadados.snirh.gov.br/files/b8f0487a-df73-4f8d-8b22-bb49cf9f3683/14_de_Julho.zip
14 de Julho;107,7700000000024;107,7000000000024;6,0153574895358;96,810311286908;UHE 14 de Julho - CAV SNHIR.xlsx;b8f0487a-df73-4f8d-8b22-bb49cf9f3683;https://metadados.snirh.gov.br/files/b8f0487a-df73-4f8d-8b22-bb49cf9f3683/14_de_Julho.zip
14 de Julho;107,7800000000024;107,71000000000241;6,016314954090699;96,870467580258;UHE 14 de Julho - CAV SNHIR.xlsx;b8f0487a-df73-4f8d-8b22-bb49cf9f3683;https://metadados.snirh.gov.br/files/b8f0487a-df73-4f8d-8b22-bb49cf9f3683/14_de_Julho.zip
14 de Julho;107,79000000000241;107,72000000000241;6,0172720517883;96,93063562437301;UHE 14 de Julho - CAV SNHIR.xlsx;b8f0487a-df73-4f8d-8b22-bb49cf9f3683;https://metadados.snirh.gov.br/files/b8f0487a-df73-4f8d-8b22-bb49cf9f3683/14_de_Julho.zip
14 de Julho;107,80000000000241;107,73000000000242;6,0182286993239;96,99081423088201;UHE 14 de Julho - CAV SNHIR.xlsx;b8f0487a-df73-4f8d-8b22-bb49cf9f3683;https://metadados.snirh.gov.br/files/b8f0487a-df73-4f8d-8b22-bb49cf9f3683/14_de_Julho.zip
14 de Julho;107,81000000000242;107,74000000000242;6,019184632510401;97,051000126513;UHE 14 de Julho - CAV SNHIR.xlsx;b8f0487a-df73-4f8d-8b22-bb49cf9f3683;https://metadados.snirh.gov.br/files/b8f0487a-df73-4f8d-8b22-bb49cf9f3683/14_de_Julho.zip
14 de Julho;107,82000000000242;107,75000000000243;6,0201403535779;97,11119259131699;UHE 14 de Julho - CAV SNHIR.xlsx;b8f0487a-df73-4f8d-8b22-bb49cf9f3683;https://metadados.snirh.gov.br/files/b8f0487a-df73-4f8d-8b22-bb49cf9f3683/14_de_Julho.zip
14 de Julho;107,83000000000243;107,76000000000244;6,0210960364589;97,171394121317;UHE 14 de Julho - CAV SNHIR.xlsx;b8f0487a-df73-4f8d-8b22-bb49cf9f3683;https://metadados.snirh.gov.br/files/b8f0487a-df73-4f8d-8b22-bb49cf9f3683/14_de_Julho.zip
14 de Julho;107,84000000000243;107,77000000000244;6,0220516364661;97,231612461813;UHE 14 de Julho - CAV SNHIR.xlsx;b8f0487a-df73-4f8d-8b22-bb49cf9f3683;https://metadados.snirh.gov.br/files/b8f0487a-df73-4f8d-8b22-bb49cf9f3683/14_de_Julho.zip
14 de Julho;107,85000000000244;107,78000000000245;6,0230071254532005;97,291839527012;UHE 14 de Julho - CAV SNHIR.xlsx;b8f0487a-df73-4f8d-8b22-bb49cf9f3683;https://metadados.snirh.gov.br/files/b8f0487a-df73-4f8d-8b22-bb49cf9f3683/14_de_Julho.zip
14 de Julho;107,86000000000244;107,79000000000245;6,0239624377595;97,35207650313701;UHE 14 de Julho - CAV SNHIR.xlsx;b8f0487a-df73-4f8d-8b22-bb49cf9f3683;https://metadados.snirh.gov.br/files/b8f0487a-df73-4f8d-8b22-bb49cf9f3683/14_de_Julho.zip
14 de Julho;107,87000000000245;107,80000000000246;6,024917556412699;97,412320237693;UHE 14 de Julho - CAV SNHIR.xlsx;b8f0487a-df73-4f8d-8b22-bb49cf9f3683;https://metadados.snirh.gov.br/files/b8f0487a-df73-4f8d-8b22-bb49cf9f3683/14_de_Julho.zip
14 de Julho;107,88000000000245;107,81000000000246;6,0258726485824;97,472570894394;UHE 14 de Julho - CAV SNHIR.xlsx;b8f0487a-df73-4f8d-8b22-bb49cf9f3683;https://metadados.snirh.gov.br/files/b8f0487a-df73-4f8d-8b22-bb49cf9f3683/14_de_Julho.zip
14 de Julho;107,89000000000246;107,82000000000247;6,0268277388488;97,53283681505201;UHE 14 de Julho - CAV SNHIR.xlsx;b8f0487a-df73-4f8d-8b22-bb49cf9f3683;https://metadados.snirh.gov.br/files/b8f0487a-df73-4f8d-8b22-bb49cf9f3683/14_de_Julho.zip
14 de Julho;107,90000000000246;107,83000000000247;6,027782952227399;97,593110683537;UHE 14 de Julho - CAV SNHIR.xlsx;b8f0487a-df73-4f8d-8b22-bb49cf9f3683;https://metadados.snirh.gov.br/files/b8f0487a-df73-4f8d-8b22-bb49cf9f3683/14_de_Julho.zip
14 de Julho;107,91000000000247;107,84000000000248;6,0287383657161;97,65339215103599;UHE 14 de Julho - CAV SNHIR.xlsx;b8f0487a-df73-4f8d-8b22-bb49cf9f3683;https://metadados.snirh.gov.br/files/b8f0487a-df73-4f8d-8b22-bb49cf9f3683/14_de_Julho.zip
14 de Julho;107,92000000000247;107,85000000000248;6,0296939146729;97,713681014081;UHE 14 de Julho - CAV SNHIR.xlsx;b8f0487a-df73-4f8d-8b22-bb49cf9f3683;https://metadados.snirh.gov.br/files/b8f0487a-df73-4f8d-8b22-bb49cf9f3683/14_de_Julho.zip
14 de Julho;107,93000000000248;107,86000000000249;6,0306500387648;97,773982198367;UHE 14 de Julho - CAV SNHIR.xlsx;b8f0487a-df73-4f8d-8b22-bb49cf9f3683;https://metadados.snirh.gov.br/files/b8f0487a-df73-4f8d-8b22-bb49cf9f3683/14_de_Julho.zip
14 de Julho;107,94000000000248;107,87000000000249;6,031607305252;97,83429784150199;UHE 14 de Julho - CAV SNHIR.xlsx;b8f0487a-df73-4f8d-8b22-bb49cf9f3683;https://metadados.snirh.gov.br/files/b8f0487a-df73-4f8d-8b22-bb49cf9f3683/14_de_Julho.zip
14 de Julho;107,95000000000249;107,8800000000025;6,0325651602585;97,89461763985001;UHE 14 de Julho - CAV SNHIR.xlsx;b8f0487a-df73-4f8d-8b22-bb49cf9f3683;https://metadados.snirh.gov.br/files/b8f0487a-df73-4f8d-8b22-bb49cf9f3683/14_de_Julho.zip
14 de Julho;107,9600000000025;107,8900000000025;6,033522875828299;97,954946149304;UHE 14 de Julho - CAV SNHIR.xlsx;b8f0487a-df73-4f8d-8b22-bb49cf9f3683;https://metadados.snirh.gov.br/files/b8f0487a-df73-4f8d-8b22-bb49cf9f3683/14_de_Julho.zip
14 de Julho;107,9700000000025;107,9000000000025;6,034480665465701;98,015285431048;UHE 14 de Julho - CAV SNHIR.xlsx;b8f0487a-df73-4f8d-8b22-bb49cf9f3683;https://metadados.snirh.gov.br/files/b8f0487a-df73-4f8d-8b22-bb49cf9f3683/14_de_Julho.zip
14 de Julho;107,9800000000025;107,91000000000251;6,0354388407413;98,075635584437;UHE 14 de Julho - CAV SNHIR.xlsx;b8f0487a-df73-4f8d-8b22-bb49cf9f3683;https://metadados.snirh.gov.br/files/b8f0487a-df73-4f8d-8b22-bb49cf9f3683/14_de_Julho.zip
14 de Julho;107,99000000000251;107,92000000000252;6,0363976141764;98,135993143355;UHE 14 de Julho - CAV SNHIR.xlsx;b8f0487a-df73-4f8d-8b22-bb49cf9f3683;https://metadados.snirh.gov.br/files/b8f0487a-df73-4f8d-8b22-bb49cf9f3683/14_de_Julho.zip
14 de Julho;108,00000000000252;107,93000000000252;6,0373573294662;98,196361911408;UHE 14 de Julho - CAV SNHIR.xlsx;b8f0487a-df73-4f8d-8b22-bb49cf9f3683;https://metadados.snirh.gov.br/files/b8f0487a-df73-4f8d-8b22-bb49cf9f3683/14_de_Julho.zip
14 de Julho;108,01000000000252;107,94000000000253;6,0383182594411995;98,2567471899;UHE 14 de Julho - CAV SNHIR.xlsx;b8f0487a-df73-4f8d-8b22-bb49cf9f3683;https://metadados.snirh.gov.br/files/b8f0487a-df73-4f8d-8b22-bb49cf9f3683/14_de_Julho.zip
14 de Julho;108,02000000000253;107,95000000000253;6,039280799654301;98,317138709708;UHE 14 de Julho - CAV SNHIR.xlsx;b8f0487a-df73-4f8d-8b22-bb49cf9f3683;https://metadados.snirh.gov.br/files/b8f0487a-df73-4f8d-8b22-bb49cf9f3683/14_de_Julho.zip
14 de Julho;108,03000000000253;107,96000000000254;6,040245750883099;98,377534957656;UHE 14 de Julho - CAV SNHIR.xlsx;b8f0487a-df73-4f8d-8b22-bb49cf9f3683;https://metadados.snirh.gov.br/files/b8f0487a-df73-4f8d-8b22-bb49cf9f3683/14_de_Julho.zip
14 de Julho;108,04000000000254;107,97000000000254;6,0412182227344005;98,437937434207;UHE 14 de Julho - CAV SNHIR.xlsx;b8f0487a-df73-4f8d-8b22-bb49cf9f3683;https://metadados.snirh.gov.br/files/b8f0487a-df73-4f8d-8b22-bb49cf9f3683/14_de_Julho.zip
14 de Julho;108,05000000000254;107,98000000000255;6,0421885540263;98,49835571441001;UHE 14 de Julho - CAV SNHIR.xlsx;b8f0487a-df73-4f8d-8b22-bb49cf9f3683;https://metadados.snirh.gov.br/files/b8f0487a-df73-4f8d-8b22-bb49cf9f3683/14_de_Julho.zip
14 de Julho;108,06000000000255;107,99000000000255;6,0431446755243;98,5587775855;UHE 14 de Julho - CAV SNHIR.xlsx;b8f0487a-df73-4f8d-8b22-bb49cf9f3683;https://metadados.snirh.gov.br/files/b8f0487a-df73-4f8d-8b22-bb49cf9f3683/14_de_Julho.zip
14 de Julho;108,07000000000255;108,00000000000256;6,044096375910899;98,619213703434;UHE 14 de Julho - CAV SNHIR.xlsx;b8f0487a-df73-4f8d-8b22-bb49cf9f3683;https://metadados.snirh.gov.br/files/b8f0487a-df73-4f8d-8b22-bb49cf9f3683/14_de_Julho.zip
14 de Julho;108,08000000000256;108,01000000000256;6,0450474128062;98,679658916508;UHE 14 de Julho - CAV SNHIR.xlsx;b8f0487a-df73-4f8d-8b22-bb49cf9f3683;https://metadados.snirh.gov.br/files/b8f0487a-df73-4f8d-8b22-bb49cf9f3683/14_de_Julho.zip
14 de Julho;108,09000000000256;108,02000000000257;6,0460026111138;98,74011422262099;UHE 14 de Julho - CAV SNHIR.xlsx;b8f0487a-df73-4f8d-8b22-bb49cf9f3683;https://metadados.snirh.gov.br/files/b8f0487a-df73-4f8d-8b22-bb49cf9f3683/14_de_Julho.zip
14 de Julho;108,10000000000257;108,03000000000257;6,0469582231519;98,800578745101;UHE 14 de Julho - CAV SNHIR.xlsx;b8f0487a-df73-4f8d-8b22-bb49cf9f3683;https://metadados.snirh.gov.br/files/b8f0487a-df73-4f8d-8b22-bb49cf9f3683/14_de_Julho.zip
14 de Julho;108,11000000000257;108,04000000000258;6,0479127296096005;98,861053679288;UHE 14 de Julho - CAV SNHIR.xlsx;b8f0487a-df73-4f8d-8b22-bb49cf9f3683;https://metadados.snirh.gov.br/files/b8f0487a-df73-4f8d-8b22-bb49cf9f3683/14_de_Julho.zip
14 de Julho;108,12000000000258;108,05000000000258;6,0488671271859;98,92154010223;UHE 14 de Julho - CAV SNHIR.xlsx;b8f0487a-df73-4f8d-8b22-bb49cf9f3683;https://metadados.snirh.gov.br/files/b8f0487a-df73-4f8d-8b22-bb49cf9f3683/14_de_Julho.zip
14 de Julho;108,13000000000258;108,06000000000259;6,0498215924837;98,98203384157;UHE 14 de Julho - CAV SNHIR.xlsx;b8f0487a-df73-4f8d-8b22-bb49cf9f3683;https://metadados.snirh.gov.br/files/b8f0487a-df73-4f8d-8b22-bb49cf9f3683/14_de_Julho.zip
14 de Julho;108,14000000000259;108,0700000000026;6,0507763658355;99,042540494082;UHE 14 de Julho - CAV SNHIR.xlsx;b8f0487a-df73-4f8d-8b22-bb49cf9f3683;https://metadados.snirh.gov.br/files/b8f0487a-df73-4f8d-8b22-bb49cf9f3683/14_de_Julho.zip
14 de Julho;108,15000000000259;108,0800000000026;6,0517312134823;99,103049870762;UHE 14 de Julho - CAV SNHIR.xlsx;b8f0487a-df73-4f8d-8b22-bb49cf9f3683;https://metadados.snirh.gov.br/files/b8f0487a-df73-4f8d-8b22-bb49cf9f3683/14_de_Julho.zip
14 de Julho;108,1600000000026;108,0900000000026;6,052686421947301;99,16357056716201;UHE 14 de Julho - CAV SNHIR.xlsx;b8f0487a-df73-4f8d-8b22-bb49cf9f3683;https://metadados.snirh.gov.br/files/b8f0487a-df73-4f8d-8b22-bb49cf9f3683/14_de_Julho.zip
14 de Julho;108,1700000000026;108,10000000000261;6,0536420415134;99,22409994381701;UHE 14 de Julho - CAV SNHIR.xlsx;b8f0487a-df73-4f8d-8b22-bb49cf9f3683;https://metadados.snirh.gov.br/files/b8f0487a-df73-4f8d-8b22-bb49cf9f3683/14_de_Julho.zip
14 de Julho;108,18000000000261;108,11000000000261;6,0545982915107;99,28464088786;UHE 14 de Julho - CAV SNHIR.xlsx;b8f0487a-df73-4f8d-8b22-bb49cf9f3683;https://metadados.snirh.gov.br/files/b8f0487a-df73-4f8d-8b22-bb49cf9f3683/14_de_Julho.zip
14 de Julho;108,19000000000261;108,12000000000262;6,0555555811785;99,345191513833;UHE 14 de Julho - CAV SNHIR.xlsx;b8f0487a-df73-4f8d-8b22-bb49cf9f3683;https://metadados.snirh.gov.br/files/b8f0487a-df73-4f8d-8b22-bb49cf9f3683/14_de_Julho.zip
14 de Julho;108,20000000000262;108,13000000000262;6,0565159890451;99,405755101528;UHE 14 de Julho - CAV SNHIR.xlsx;b8f0487a-df73-4f8d-8b22-bb49cf9f3683;https://metadados.snirh.gov.br/files/b8f0487a-df73-4f8d-8b22-bb49cf9f3683/14_de_Julho.zip
14 de Julho;108,21000000000262;108,14000000000263;6,0574729782048;99,46632003401;UHE 14 de Julho - CAV SNHIR.xlsx;b8f0487a-df73-4f8d-8b22-bb49cf9f3683;https://metadados.snirh.gov.br/files/b8f0487a-df73-4f8d-8b22-bb49cf9f3683/14_de_Julho.zip
14 de Julho;108,22000000000263;108,15000000000263;6,0584285578424;99,526896002772;UHE 14 de Julho - CAV SNHIR.xlsx;b8f0487a-df73-4f8d-8b22-bb49cf9f3683;https://metadados.snirh.gov.br/files/b8f0487a-df73-4f8d-8b22-bb49cf9f3683/14_de_Julho.zip
14 de Julho;108,23000000000263;108,16000000000264;6,0593830648114;99,58748398716999;UHE 14 de Julho - CAV SNHIR.xlsx;b8f0487a-df73-4f8d-8b22-bb49cf9f3683;https://metadados.snirh.gov.br/files/b8f0487a-df73-4f8d-8b22-bb49cf9f3683/14_de_Julho.zip
14 de Julho;108,24000000000264;108,17000000000264;6,0603371816258;99,64808972501301;UHE 14 de Julho - CAV SNHIR.xlsx;b8f0487a-df73-4f8d-8b22-bb49cf9f3683;https://metadados.snirh.gov.br/files/b8f0487a-df73-4f8d-8b22-bb49cf9f3683/14_de_Julho.zip
14 de Julho;108,25000000000264;108,18000000000265;6,061291543685001;99,708702505863;UHE 14 de Julho - CAV SNHIR.xlsx;b8f0487a-df73-4f8d-8b22-bb49cf9f3683;https://metadados.snirh.gov.br/files/b8f0487a-df73-4f8d-8b22-bb49cf9f3683/14_de_Julho.zip
14 de Julho;108,26000000000265;108,19000000000266;6,0622466800683;99,769317457014;UHE 14 de Julho - CAV SNHIR.xlsx;b8f0487a-df73-4f8d-8b22-bb49cf9f3683;https://metadados.snirh.gov.br/files/b8f0487a-df73-4f8d-8b22-bb49cf9f3683/14_de_Julho.zip
14 de Julho;108,27000000000265;108,20000000000266;6,0632012326403;99,829949218612;UHE 14 de Julho - CAV SNHIR.xlsx;b8f0487a-df73-4f8d-8b22-bb49cf9f3683;https://metadados.snirh.gov.br/files/b8f0487a-df73-4f8d-8b22-bb49cf9f3683/14_de_Julho.zip
14 de Julho;108,28000000000266;108,21000000000267;6,064155695065399;99,890585058502;UHE 14 de Julho - CAV SNHIR.xlsx;b8f0487a-df73-4f8d-8b22-bb49cf9f3683;https://metadados.snirh.gov.br/files/b8f0487a-df73-4f8d-8b22-bb49cf9f3683/14_de_Julho.zip
14 de Julho;108,29000000000266;108,22000000000267;6,0651113646743;99,951235340526;UHE 14 de Julho - CAV SNHIR.xlsx;b8f0487a-df73-4f8d-8b22-bb49cf9f3683;https://metadados.snirh.gov.br/files/b8f0487a-df73-4f8d-8b22-bb49cf9f3683/14_de_Julho.zip
14 de Julho;108,30000000000267;108,23000000000268;6,0660655629725;100,01189517581;UHE 14 de Julho - CAV SNHIR.xlsx;b8f0487a-df73-4f8d-8b22-bb49cf9f3683;https://metadados.snirh.gov.br/files/b8f0487a-df73-4f8d-8b22-bb49cf9f3683/14_de_Julho.zip
14 de Julho;108,31000000000267;108,24000000000268;6,067018824929;100,07255631089001;UHE 14 de Julho - CAV SNHIR.xlsx;b8f0487a-df73-4f8d-8b22-bb49cf9f3683;https://metadados.snirh.gov.br/files/b8f0487a-df73-4f8d-8b22-bb49cf9f3683/14_de_Julho.zip
14 de Julho;108,32000000000268;108,25000000000269;6,0679713470024;100,13322748546;UHE 14 de Julho - CAV SNHIR.xlsx;b8f0487a-df73-4f8d-8b22-bb49cf9f3683;https://metadados.snirh.gov.br/files/b8f0487a-df73-4f8d-8b22-bb49cf9f3683/14_de_Julho.zip
14 de Julho;108,33000000000268;108,26000000000269;6,0689235544062;100,19391254306001;UHE 14 de Julho - CAV SNHIR.xlsx;b8f0487a-df73-4f8d-8b22-bb49cf9f3683;https://metadados.snirh.gov.br/files/b8f0487a-df73-4f8d-8b22-bb49cf9f3683/14_de_Julho.zip
14 de Julho;108,34000000000269;108,2700000000027;6,0698748171512;100,25460646562999;UHE 14 de Julho - CAV SNHIR.xlsx;b8f0487a-df73-4f8d-8b22-bb49cf9f3683;https://metadados.snirh.gov.br/files/b8f0487a-df73-4f8d-8b22-bb49cf9f3683/14_de_Julho.zip
14 de Julho;108,3500000000027;108,2800000000027;6,070826916386101;100,31530653120001;UHE 14 de Julho - CAV SNHIR.xlsx;b8f0487a-df73-4f8d-8b22-bb49cf9f3683;https://metadados.snirh.gov.br/files/b8f0487a-df73-4f8d-8b22-bb49cf9f3683/14_de_Julho.zip
14 de Julho;108,3600000000027;108,2900000000027;6,0717823583629;100,37602091658;UHE 14 de Julho - CAV SNHIR.xlsx;b8f0487a-df73-4f8d-8b22-bb49cf9f3683;https://metadados.snirh.gov.br/files/b8f0487a-df73-4f8d-8b22-bb49cf9f3683/14_de_Julho.zip
14 de Julho;108,3700000000027;108,30000000000271;6,0727374088979;100,43674119747999;UHE 14 de Julho - CAV SNHIR.xlsx;b8f0487a-df73-4f8d-8b22-bb49cf9f3683;https://metadados.snirh.gov.br/files/b8f0487a-df73-4f8d-8b22-bb49cf9f3683/14_de_Julho.zip
14 de Julho;108,38000000000271;108,31000000000272;6,0736923541393;100,49747376069;UHE 14 de Julho - CAV SNHIR.xlsx;b8f0487a-df73-4f8d-8b22-bb49cf9f3683;https://metadados.snirh.gov.br/files/b8f0487a-df73-4f8d-8b22-bb49cf9f3683/14_de_Julho.zip
14 de Julho;108,39000000000271;108,32000000000272;6,0746469619135;100,55822062009;UHE 14 de Julho - CAV SNHIR.xlsx;b8f0487a-df73-4f8d-8b22-bb49cf9f3683;https://metadados.snirh.gov.br/files/b8f0487a-df73-4f8d-8b22-bb49cf9f3683/14_de_Julho.zip
14 de Julho;108,40000000000272;108,33000000000273;6,075601300342099;100,61897185094;UHE 14 de Julho - CAV SNHIR.xlsx;b8f0487a-df73-4f8d-8b22-bb49cf9f3683;https://metadados.snirh.gov.br/files/b8f0487a-df73-4f8d-8b22-bb49cf9f3683/14_de_Julho.zip
14 de Julho;108,41000000000273;108,34000000000273;6,0765557399639;100,67973162282;UHE 14 de Julho - CAV SNHIR.xlsx;b8f0487a-df73-4f8d-8b22-bb49cf9f3683;https://metadados.snirh.gov.br/files/b8f0487a-df73-4f8d-8b22-bb49cf9f3683/14_de_Julho.zip
14 de Julho;108,42000000000273;108,35000000000274;6,0775100450555;100,74050433167;UHE 14 de Julho - CAV SNHIR.xlsx;b8f0487a-df73-4f8d-8b22-bb49cf9f3683;https://metadados.snirh.gov.br/files/b8f0487a-df73-4f8d-8b22-bb49cf9f3683/14_de_Julho.zip
14 de Julho;108,43000000000274;108,36000000000274;6,0784639494183;100,8012849374;UHE 14 de Julho - CAV SNHIR.xlsx;b8f0487a-df73-4f8d-8b22-bb49cf9f3683;https://metadados.snirh.gov.br/files/b8f0487a-df73-4f8d-8b22-bb49cf9f3683/14_de_Julho.zip
14 de Julho;108,44000000000274;108,37000000000275;6,0794175758889;100,86207500949;UHE 14 de Julho - CAV SNHIR.xlsx;b8f0487a-df73-4f8d-8b22-bb49cf9f3683;https://metadados.snirh.gov.br/files/b8f0487a-df73-4f8d-8b22-bb49cf9f3683/14_de_Julho.zip
14 de Julho;108,45000000000275;108,38000000000275;6,0803711878783;100,92287040465;UHE 14 de Julho - CAV SNHIR.xlsx;b8f0487a-df73-4f8d-8b22-bb49cf9f3683;https://metadados.snirh.gov.br/files/b8f0487a-df73-4f8d-8b22-bb49cf9f3683/14_de_Julho.zip
14 de Julho;108,46000000000275;108,39000000000276;6,0813247340436;100,98368082431;UHE 14 de Julho - CAV SNHIR.xlsx;b8f0487a-df73-4f8d-8b22-bb49cf9f3683;https://metadados.snirh.gov.br/files/b8f0487a-df73-4f8d-8b22-bb49cf9f3683/14_de_Julho.zip
14 de Julho;108,47000000000276;108,40000000000276;6,0822782698686995;101,04450215972;UHE 14 de Julho - CAV SNHIR.xlsx;b8f0487a-df73-4f8d-8b22-bb49cf9f3683;https://metadados.snirh.gov.br/files/b8f0487a-df73-4f8d-8b22-bb49cf9f3683/14_de_Julho.zip
14 de Julho;108,48000000000276;108,41000000000277;6,0832316145136005;101,10532937647;UHE 14 de Julho - CAV SNHIR.xlsx;b8f0487a-df73-4f8d-8b22-bb49cf9f3683;https://metadados.snirh.gov.br/files/b8f0487a-df73-4f8d-8b22-bb49cf9f3683/14_de_Julho.zip
14 de Julho;108,49000000000277;108,42000000000277;6,0841847826760995;101,16616601367;UHE 14 de Julho - CAV SNHIR.xlsx;b8f0487a-df73-4f8d-8b22-bb49cf9f3683;https://metadados.snirh.gov.br/files/b8f0487a-df73-4f8d-8b22-bb49cf9f3683/14_de_Julho.zip
14 de Julho;108,50000000000277;108,43000000000278;6,0851378871593;101,2270173206;UHE 14 de Julho - CAV SNHIR.xlsx;b8f0487a-df73-4f8d-8b22-bb49cf9f3683;https://metadados.snirh.gov.br/files/b8f0487a-df73-4f8d-8b22-bb49cf9f3683/14_de_Julho.zip
14 de Julho;108,51000000000278;108,44000000000278;6,0860909230103;101,28787198544;UHE 14 de Julho - CAV SNHIR.xlsx;b8f0487a-df73-4f8d-8b22-bb49cf9f3683;https://metadados.snirh.gov.br/files/b8f0487a-df73-4f8d-8b22-bb49cf9f3683/14_de_Julho.zip
14 de Julho;108,52000000000278;108,45000000000279;6,087043896391901;101,34873907119;UHE 14 de Julho - CAV SNHIR.xlsx;b8f0487a-df73-4f8d-8b22-bb49cf9f3683;https://metadados.snirh.gov.br/files/b8f0487a-df73-4f8d-8b22-bb49cf9f3683/14_de_Julho.zip
14 de Julho;108,53000000000279;108,4600000000028;6,0879968662109;101,40961627688999;UHE 14 de Julho - CAV SNHIR.xlsx;b8f0487a-df73-4f8d-8b22-bb49cf9f3683;https://metadados.snirh.gov.br/files/b8f0487a-df73-4f8d-8b22-bb49cf9f3683/14_de_Julho.zip
14 de Julho;108,54000000000279;108,4700000000028;6,088949732277;101,47050026042999;UHE 14 de Julho - CAV SNHIR.xlsx;b8f0487a-df73-4f8d-8b22-bb49cf9f3683;https://metadados.snirh.gov.br/files/b8f0487a-df73-4f8d-8b22-bb49cf9f3683/14_de_Julho.zip
14 de Julho;108,5500000000028;108,4800000000028;6,0899024993732;101,53139746362001;UHE 14 de Julho - CAV SNHIR.xlsx;b8f0487a-df73-4f8d-8b22-bb49cf9f3683;https://metadados.snirh.gov.br/files/b8f0487a-df73-4f8d-8b22-bb49cf9f3683/14_de_Julho.zip
14 de Julho;108,5600000000028;108,49000000000281;6,0908551706432;101,5923125879;UHE 14 de Julho - CAV SNHIR.xlsx;b8f0487a-df73-4f8d-8b22-bb49cf9f3683;https://metadados.snirh.gov.br/files/b8f0487a-df73-4f8d-8b22-bb49cf9f3683/14_de_Julho.zip
14 de Julho;108,5700000000028;108,50000000000281;6,0918076593918;101,65322469779;UHE 14 de Julho - CAV SNHIR.xlsx;b8f0487a-df73-4f8d-8b22-bb49cf9f3683;https://metadados.snirh.gov.br/files/b8f0487a-df73-4f8d-8b22-bb49cf9f3683/14_de_Julho.zip
14 de Julho;108,58000000000281;108,51000000000282;6,092760093665399;101,71415485072;UHE 14 de Julho - CAV SNHIR.xlsx;b8f0487a-df73-4f8d-8b22-bb49cf9f3683;https://metadados.snirh.gov.br/files/b8f0487a-df73-4f8d-8b22-bb49cf9f3683/14_de_Julho.zip
14 de Julho;108,59000000000282;108,52000000000282;6,0937125140759;101,77508485499;UHE 14 de Julho - CAV SNHIR.xlsx;b8f0487a-df73-4f8d-8b22-bb49cf9f3683;https://metadados.snirh.gov.br/files/b8f0487a-df73-4f8d-8b22-bb49cf9f3683/14_de_Julho.zip
14 de Julho;108,60000000000282;108,53000000000283;6,0946648477694;101,83602530684;UHE 14 de Julho - CAV SNHIR.xlsx;b8f0487a-df73-4f8d-8b22-bb49cf9f3683;https://metadados.snirh.gov.br/files/b8f0487a-df73-4f8d-8b22-bb49cf9f3683/14_de_Julho.zip
14 de Julho;108,61000000000283;108,54000000000283;6,0956170403801;101,89697826317;UHE 14 de Julho - CAV SNHIR.xlsx;b8f0487a-df73-4f8d-8b22-bb49cf9f3683;https://metadados.snirh.gov.br/files/b8f0487a-df73-4f8d-8b22-bb49cf9f3683/14_de_Julho.zip
14 de Julho;108,62000000000283;108,55000000000284;6,0965691384495;101,95793859397;UHE 14 de Julho - CAV SNHIR.xlsx;b8f0487a-df73-4f8d-8b22-bb49cf9f3683;https://metadados.snirh.gov.br/files/b8f0487a-df73-4f8d-8b22-bb49cf9f3683/14_de_Julho.zip
14 de Julho;108,63000000000284;108,56000000000284;6,097521147043899;102,01891292696001;UHE 14 de Julho - CAV SNHIR.xlsx;b8f0487a-df73-4f8d-8b22-bb49cf9f3683;https://metadados.snirh.gov.br/files/b8f0487a-df73-4f8d-8b22-bb49cf9f3683/14_de_Julho.zip
14 de Julho;108,64000000000284;108,57000000000285;6,0984730771511;102,07989518261;UHE 14 de Julho - CAV SNHIR.xlsx;b8f0487a-df73-4f8d-8b22-bb49cf9f3683;https://metadados.snirh.gov.br/files/b8f0487a-df73-4f8d-8b22-bb49cf9f3683/14_de_Julho.zip
14 de Julho;108,65000000000285;108,58000000000285;6,0994249593414;102,14088909335;UHE 14 de Julho - CAV SNHIR.xlsx;b8f0487a-df73-4f8d-8b22-bb49cf9f3683;https://metadados.snirh.gov.br/files/b8f0487a-df73-4f8d-8b22-bb49cf9f3683/14_de_Julho.zip
14 de Julho;108,66000000000285;108,59000000000286;6,100376754189001;102,20189031644;UHE 14 de Julho - CAV SNHIR.xlsx;b8f0487a-df73-4f8d-8b22-bb49cf9f3683;https://metadados.snirh.gov.br/files/b8f0487a-df73-4f8d-8b22-bb49cf9f3683/14_de_Julho.zip
14 de Julho;108,67000000000286;108,60000000000286;6,1013284425805;102,26289937508001;UHE 14 de Julho - CAV SNHIR.xlsx;b8f0487a-df73-4f8d-8b22-bb49cf9f3683;https://metadados.snirh.gov.br/files/b8f0487a-df73-4f8d-8b22-bb49cf9f3683/14_de_Julho.zip
14 de Julho;108,68000000000286;108,61000000000287;6,1022799856773;102,32392119407;UHE 14 de Julho - CAV SNHIR.xlsx;b8f0487a-df73-4f8d-8b22-bb49cf9f3683;https://metadados.snirh.gov.br/files/b8f0487a-df73-4f8d-8b22-bb49cf9f3683/14_de_Julho.zip
14 de Julho;108,69000000000287;108,62000000000288;6,1032313993753995;102,38494814511999;UHE 14 de Julho - CAV SNHIR.xlsx;b8f0487a-df73-4f8d-8b22-bb49cf9f3683;https://metadados.snirh.gov.br/files/b8f0487a-df73-4f8d-8b22-bb49cf9f3683/14_de_Julho.zip
14 de Julho;108,70000000000287;108,63000000000288;6,104182662215;102,44598384509;UHE 14 de Julho - CAV SNHIR.xlsx;b8f0487a-df73-4f8d-8b22-bb49cf9f3683;https://metadados.snirh.gov.br/files/b8f0487a-df73-4f8d-8b22-bb49cf9f3683/14_de_Julho.zip
14 de Julho;108,71000000000288;108,64000000000289;6,1051337614211;102,50702656584001;UHE 14 de Julho - CAV SNHIR.xlsx;b8f0487a-df73-4f8d-8b22-bb49cf9f3683;https://metadados.snirh.gov.br/files/b8f0487a-df73-4f8d-8b22-bb49cf9f3683/14_de_Julho.zip
14 de Julho;108,72000000000288;108,65000000000289;6,1060847197127;102,56808054771;UHE 14 de Julho - CAV SNHIR.xlsx;b8f0487a-df73-4f8d-8b22-bb49cf9f3683;https://metadados.snirh.gov.br/files/b8f0487a-df73-4f8d-8b22-bb49cf9f3683/14_de_Julho.zip
14 de Julho;108,73000000000289;108,6600000000029;6,1070355417612;102,62914623881001;UHE 14 de Julho - CAV SNHIR.xlsx;b8f0487a-df73-4f8d-8b22-bb49cf9f3683;https://metadados.snirh.gov.br/files/b8f0487a-df73-4f8d-8b22-bb49cf9f3683/14_de_Julho.zip
14 de Julho;108,7400000000029;108,6700000000029;6,107986199849201;102,69021621405999;UHE 14 de Julho - CAV SNHIR.xlsx;b8f0487a-df73-4f8d-8b22-bb49cf9f3683;https://metadados.snirh.gov.br/files/b8f0487a-df73-4f8d-8b22-bb49cf9f3683/14_de_Julho.zip
14 de Julho;108,7500000000029;108,6800000000029;6,1089366893586;102,75129695301;UHE 14 de Julho - CAV SNHIR.xlsx;b8f0487a-df73-4f8d-8b22-bb49cf9f3683;https://metadados.snirh.gov.br/files/b8f0487a-df73-4f8d-8b22-bb49cf9f3683/14_de_Julho.zip
14 de Julho;108,7600000000029;108,69000000000291;6,1098869983311;102,81239464123;UHE 14 de Julho - CAV SNHIR.xlsx;b8f0487a-df73-4f8d-8b22-bb49cf9f3683;https://metadados.snirh.gov.br/files/b8f0487a-df73-4f8d-8b22-bb49cf9f3683/14_de_Julho.zip
14 de Julho;108,77000000000291;108,70000000000292;6,1108370948906;102,87349936493;UHE 14 de Julho - CAV SNHIR.xlsx;b8f0487a-df73-4f8d-8b22-bb49cf9f3683;https://metadados.snirh.gov.br/files/b8f0487a-df73-4f8d-8b22-bb49cf9f3683/14_de_Julho.zip
14 de Julho;108,78000000000291;108,71000000000292;6,111786958177;102,9346183402;UHE 14 de Julho - CAV SNHIR.xlsx;b8f0487a-df73-4f8d-8b22-bb49cf9f3683;https://metadados.snirh.gov.br/files/b8f0487a-df73-4f8d-8b22-bb49cf9f3683/14_de_Julho.zip
14 de Julho;108,79000000000292;108,72000000000293;6,1127365934822;102,99574327438;UHE 14 de Julho - CAV SNHIR.xlsx;b8f0487a-df73-4f8d-8b22-bb49cf9f3683;https://metadados.snirh.gov.br/files/b8f0487a-df73-4f8d-8b22-bb49cf9f3683/14_de_Julho.zip
14 de Julho;108,80000000000292;108,73000000000293;6,1136859659583;103,05687489075001;UHE 14 de Julho - CAV SNHIR.xlsx;b8f0487a-df73-4f8d-8b22-bb49cf9f3683;https://metadados.snirh.gov.br/files/b8f0487a-df73-4f8d-8b22-bb49cf9f3683/14_de_Julho.zip
14 de Julho;108,81000000000293;108,74000000000294;6,1146350779464;103,11801679567;UHE 14 de Julho - CAV SNHIR.xlsx;b8f0487a-df73-4f8d-8b22-bb49cf9f3683;https://metadados.snirh.gov.br/files/b8f0487a-df73-4f8d-8b22-bb49cf9f3683/14_de_Julho.zip
14 de Julho;108,82000000000293;108,75000000000294;6,1155838809128005;103,17917075384;UHE 14 de Julho - CAV SNHIR.xlsx;b8f0487a-df73-4f8d-8b22-bb49cf9f3683;https://metadados.snirh.gov.br/files/b8f0487a-df73-4f8d-8b22-bb49cf9f3683/14_de_Julho.zip
14 de Julho;108,83000000000294;108,76000000000295;6,116532328978501;103,24032946675999;UHE 14 de Julho - CAV SNHIR.xlsx;b8f0487a-df73-4f8d-8b22-bb49cf9f3683;https://metadados.snirh.gov.br/files/b8f0487a-df73-4f8d-8b22-bb49cf9f3683/14_de_Julho.zip
14 de Julho;108,84000000000295;108,77000000000295;6,1174803584993;103,30150119444001;UHE 14 de Julho - CAV SNHIR.xlsx;b8f0487a-df73-4f8d-8b22-bb49cf9f3683;https://metadados.snirh.gov.br/files/b8f0487a-df73-4f8d-8b22-bb49cf9f3683/14_de_Julho.zip
14 de Julho;108,85000000000295;108,78000000000296;6,1184279624863;103,36268242259;UHE 14 de Julho - CAV SNHIR.xlsx;b8f0487a-df73-4f8d-8b22-bb49cf9f3683;https://metadados.snirh.gov.br/files/b8f0487a-df73-4f8d-8b22-bb49cf9f3683/14_de_Julho.zip
14 de Julho;108,86000000000296;108,79000000000296;6,1193751842858;103,42387205608999;UHE 14 de Julho - CAV SNHIR.xlsx;b8f0487a-df73-4f8d-8b22-bb49cf9f3683;https://metadados.snirh.gov.br/files/b8f0487a-df73-4f8d-8b22-bb49cf9f3683/14_de_Julho.zip
14 de Julho;108,87000000000296;108,80000000000297;6,1203220006102;103,48506881688;UHE 14 de Julho - CAV SNHIR.xlsx;b8f0487a-df73-4f8d-8b22-bb49cf9f3683;https://metadados.snirh.gov.br/files/b8f0487a-df73-4f8d-8b22-bb49cf9f3683/14_de_Julho.zip
14 de Julho;108,88000000000297;108,81000000000297;6,1212683693665;103,54627631452;UHE 14 de Julho - CAV SNHIR.xlsx;b8f0487a-df73-4f8d-8b22-bb49cf9f3683;https://metadados.snirh.gov.br/files/b8f0487a-df73-4f8d-8b22-bb49cf9f3683/14_de_Julho.zip
14 de Julho;108,89000000000297;108,82000000000298;6,1222142343648;103,60749680699;UHE 14 de Julho - CAV SNHIR.xlsx;b8f0487a-df73-4f8d-8b22-bb49cf9f3683;https://metadados.snirh.gov.br/files/b8f0487a-df73-4f8d-8b22-bb49cf9f3683/14_de_Julho.zip
14 de Julho;108,90000000000298;108,83000000000298;6,1231596298827;103,66872324901999;UHE 14 de Julho - CAV SNHIR.xlsx;b8f0487a-df73-4f8d-8b22-bb49cf9f3683;https://metadados.snirh.gov.br/files/b8f0487a-df73-4f8d-8b22-bb49cf9f3683/14_de_Julho.zip
14 de Julho;108,91000000000298;108,84000000000299;6,1241045123113995;103,72995550363;UHE 14 de Julho - CAV SNHIR.xlsx;b8f0487a-df73-4f8d-8b22-bb49cf9f3683;https://metadados.snirh.gov.br/files/b8f0487a-df73-4f8d-8b22-bb49cf9f3683/14_de_Julho.zip
14 de Julho;108,92000000000299;108,85000000000299;6,1250488482358;103,7912050221;UHE 14 de Julho - CAV SNHIR.xlsx;b8f0487a-df73-4f8d-8b22-bb49cf9f3683;https://metadados.snirh.gov.br/files/b8f0487a-df73-4f8d-8b22-bb49cf9f3683/14_de_Julho.zip
14 de Julho;108,93000000000299;108,860000000003;6,125992571685501;103,85246606512;UHE 14 de Julho - CAV SNHIR.xlsx;b8f0487a-df73-4f8d-8b22-bb49cf9f3683;https://metadados.snirh.gov.br/files/b8f0487a-df73-4f8d-8b22-bb49cf9f3683/14_de_Julho.zip
14 de Julho;108,940000000003;108,870000000003;6,1269356170529;103,91373383885;UHE 14 de Julho - CAV SNHIR.xlsx;b8f0487a-df73-4f8d-8b22-bb49cf9f3683;https://metadados.snirh.gov.br/files/b8f0487a-df73-4f8d-8b22-bb49cf9f3683/14_de_Julho.zip
14 de Julho;108,950000000003;108,88000000000301;6,1278779382782;103,97500748753;UHE 14 de Julho - CAV SNHIR.xlsx;b8f0487a-df73-4f8d-8b22-bb49cf9f3683;https://metadados.snirh.gov.br/files/b8f0487a-df73-4f8d-8b22-bb49cf9f3683/14_de_Julho.zip
14 de Julho;108,960000000003;108,89000000000301;6,1288195677668;104,03629042265999;UHE 14 de Julho - CAV SNHIR.xlsx;b8f0487a-df73-4f8d-8b22-bb49cf9f3683;https://metadados.snirh.gov.br/files/b8f0487a-df73-4f8d-8b22-bb49cf9f3683/14_de_Julho.zip
14 de Julho;108,97000000000301;108,90000000000302;6,1297605318397;104,0975841487;UHE 14 de Julho - CAV SNHIR.xlsx;b8f0487a-df73-4f8d-8b22-bb49cf9f3683;https://metadados.snirh.gov.br/files/b8f0487a-df73-4f8d-8b22-bb49cf9f3683/14_de_Julho.zip
14 de Julho;108,98000000000302;108,91000000000302;6,1307007975625005;104,15888431456;UHE 14 de Julho - CAV SNHIR.xlsx;b8f0487a-df73-4f8d-8b22-bb49cf9f3683;https://metadados.snirh.gov.br/files/b8f0487a-df73-4f8d-8b22-bb49cf9f3683/14_de_Julho.zip
14 de Julho;108,99000000000302;108,92000000000303;6,1316402973129005;104,22019826729999;UHE 14 de Julho - CAV SNHIR.xlsx;b8f0487a-df73-4f8d-8b22-bb49cf9f3683;https://metadados.snirh.gov.br/files/b8f0487a-df73-4f8d-8b22-bb49cf9f3683/14_de_Julho.zip
14 de Julho;109,00000000000303;108,93000000000303;6,1325789448557;104,28152203139;UHE 14 de Julho - CAV SNHIR.xlsx;b8f0487a-df73-4f8d-8b22-bb49cf9f3683;https://metadados.snirh.gov.br/files/b8f0487a-df73-4f8d-8b22-bb49cf9f3683/14_de_Julho.zip
14 de Julho;109,01000000000303;108,94000000000304;6,1335166633657;104,34286115459;UHE 14 de Julho - CAV SNHIR.xlsx;b8f0487a-df73-4f8d-8b22-bb49cf9f3683;https://metadados.snirh.gov.br/files/b8f0487a-df73-4f8d-8b22-bb49cf9f3683/14_de_Julho.zip
14 de Julho;109,02000000000304;108,95000000000304;6,1344534768861;104,40420361619;UHE 14 de Julho - CAV SNHIR.xlsx;b8f0487a-df73-4f8d-8b22-bb49cf9f3683;https://metadados.snirh.gov.br/files/b8f0487a-df73-4f8d-8b22-bb49cf9f3683/14_de_Julho.zip
14 de Julho;109,03000000000304;108,96000000000305;6,1353893389053;104,46555656714;UHE 14 de Julho - CAV SNHIR.xlsx;b8f0487a-df73-4f8d-8b22-bb49cf9f3683;https://metadados.snirh.gov.br/files/b8f0487a-df73-4f8d-8b22-bb49cf9f3683/14_de_Julho.zip
14 de Julho;109,04000000000305;108,97000000000305;6,1363241855954;104,52691580207001;UHE 14 de Julho - CAV SNHIR.xlsx;b8f0487a-df73-4f8d-8b22-bb49cf9f3683;https://metadados.snirh.gov.br/files/b8f0487a-df73-4f8d-8b22-bb49cf9f3683/14_de_Julho.zip
14 de Julho;109,05000000000305;108,98000000000306;6,1372579360267;104,58828952971;UHE 14 de Julho - CAV SNHIR.xlsx;b8f0487a-df73-4f8d-8b22-bb49cf9f3683;https://metadados.snirh.gov.br/files/b8f0487a-df73-4f8d-8b22-bb49cf9f3683/14_de_Julho.zip
14 de Julho;109,06000000000306;108,99000000000306;6,1381905964546;104,64967245675001;UHE 14 de Julho - CAV SNHIR.xlsx;b8f0487a-df73-4f8d-8b22-bb49cf9f3683;https://metadados.snirh.gov.br/files/b8f0487a-df73-4f8d-8b22-bb49cf9f3683/14_de_Julho.zip
14 de Julho;109,07000000000306;109,00000000000307;6,1391221927045;104,71106645963;UHE 14 de Julho - CAV SNHIR.xlsx;b8f0487a-df73-4f8d-8b22-bb49cf9f3683;https://metadados.snirh.gov.br/files/b8f0487a-df73-4f8d-8b22-bb49cf9f3683/14_de_Julho.zip
14 de Julho;109,08000000000307;109,01000000000307;6,1400525563059;104,77246726859;UHE 14 de Julho - CAV SNHIR.xlsx;b8f0487a-df73-4f8d-8b22-bb49cf9f3683;https://metadados.snirh.gov.br/files/b8f0487a-df73-4f8d-8b22-bb49cf9f3683/14_de_Julho.zip
14 de Julho;109,09000000000307;109,02000000000308;6,1409814897104;104,83387930493001;UHE 14 de Julho - CAV SNHIR.xlsx;b8f0487a-df73-4f8d-8b22-bb49cf9f3683;https://metadados.snirh.gov.br/files/b8f0487a-df73-4f8d-8b22-bb49cf9f3683/14_de_Julho.zip
14 de Julho;109,10000000000308;109,03000000000308;6,141909076381101;104,89529578794;UHE 14 de Julho - CAV SNHIR.xlsx;b8f0487a-df73-4f8d-8b22-bb49cf9f3683;https://metadados.snirh.gov.br/files/b8f0487a-df73-4f8d-8b22-bb49cf9f3683/14_de_Julho.zip
14 de Julho;109,11000000000308;109,04000000000309;6,1428353538671;104,9567209243;UHE 14 de Julho - CAV SNHIR.xlsx;b8f0487a-df73-4f8d-8b22-bb49cf9f3683;https://metadados.snirh.gov.br/files/b8f0487a-df73-4f8d-8b22-bb49cf9f3683/14_de_Julho.zip
14 de Julho;109,12000000000309;109,0500000000031;6,1437603589509;105,0181622291;UHE 14 de Julho - CAV SNHIR.xlsx;b8f0487a-df73-4f8d-8b22-bb49cf9f3683;https://metadados.snirh.gov.br/files/b8f0487a-df73-4f8d-8b22-bb49cf9f3683/14_de_Julho.zip
14 de Julho;109,1300000000031;109,0600000000031;6,1446837753334;105,07960758362;UHE 14 de Julho - CAV SNHIR.xlsx;b8f0487a-df73-4f8d-8b22-bb49cf9f3683;https://metadados.snirh.gov.br/files/b8f0487a-df73-4f8d-8b22-bb49cf9f3683/14_de_Julho.zip
14 de Julho;109,1400000000031;109,0700000000031;6,1456052956819;105,14106530357;UHE 14 de Julho - CAV SNHIR.xlsx;b8f0487a-df73-4f8d-8b22-bb49cf9f3683;https://metadados.snirh.gov.br/files/b8f0487a-df73-4f8d-8b22-bb49cf9f3683/14_de_Julho.zip
14 de Julho;109,1500000000031;109,08000000000311;6,1465249516017995;105,20253605433001;UHE 14 de Julho - CAV SNHIR.xlsx;b8f0487a-df73-4f8d-8b22-bb49cf9f3683;https://metadados.snirh.gov.br/files/b8f0487a-df73-4f8d-8b22-bb49cf9f3683/14_de_Julho.zip
14 de Julho;109,16000000000311;109,09000000000312;6,1474427206114;105,26401404469;UHE 14 de Julho - CAV SNHIR.xlsx;b8f0487a-df73-4f8d-8b22-bb49cf9f3683;https://metadados.snirh.gov.br/files/b8f0487a-df73-4f8d-8b22-bb49cf9f3683/14_de_Julho.zip
14 de Julho;109,17000000000311;109,10000000000312;6,1483586382765;105,32549870803;UHE 14 de Julho - CAV SNHIR.xlsx;b8f0487a-df73-4f8d-8b22-bb49cf9f3683;https://metadados.snirh.gov.br/files/b8f0487a-df73-4f8d-8b22-bb49cf9f3683/14_de_Julho.zip
14 de Julho;109,18000000000312;109,11000000000313;6,1492729543609;105,38699000655;UHE 14 de Julho - CAV SNHIR.xlsx;b8f0487a-df73-4f8d-8b22-bb49cf9f3683;https://metadados.snirh.gov.br/files/b8f0487a-df73-4f8d-8b22-bb49cf9f3683/14_de_Julho.zip
14 de Julho;109,19000000000312;109,12000000000313;6,1501859192394;105,4484994353;UHE 14 de Julho - CAV SNHIR.xlsx;b8f0487a-df73-4f8d-8b22-bb49cf9f3683;https://metadados.snirh.gov.br/files/b8f0487a-df73-4f8d-8b22-bb49cf9f3683/14_de_Julho.zip
14 de Julho;109,20000000000313;109,13000000000314;6,151097822180899;105,51001675184999;UHE 14 de Julho - CAV SNHIR.xlsx;b8f0487a-df73-4f8d-8b22-bb49cf9f3683;https://metadados.snirh.gov.br/files/b8f0487a-df73-4f8d-8b22-bb49cf9f3683/14_de_Julho.zip
14 de Julho;109,21000000000313;109,14000000000314;6,1520046997324;105,5715379425;UHE 14 de Julho - CAV SNHIR.xlsx;b8f0487a-df73-4f8d-8b22-bb49cf9f3683;https://metadados.snirh.gov.br/files/b8f0487a-df73-4f8d-8b22-bb49cf9f3683/14_de_Julho.zip
14 de Julho;109,22000000000314;109,15000000000315;6,1529072302789;105,63307064406;UHE 14 de Julho - CAV SNHIR.xlsx;b8f0487a-df73-4f8d-8b22-bb49cf9f3683;https://metadados.snirh.gov.br/files/b8f0487a-df73-4f8d-8b22-bb49cf9f3683/14_de_Julho.zip
14 de Julho;109,23000000000314;109,16000000000315;6,153806623427;105,69460979816;UHE 14 de Julho - CAV SNHIR.xlsx;b8f0487a-df73-4f8d-8b22-bb49cf9f3683;https://metadados.snirh.gov.br/files/b8f0487a-df73-4f8d-8b22-bb49cf9f3683/14_de_Julho.zip
14 de Julho;109,24000000000315;109,17000000000316;6,1547030688183995;105,75616337338;UHE 14 de Julho - CAV SNHIR.xlsx;b8f0487a-df73-4f8d-8b22-bb49cf9f3683;https://metadados.snirh.gov.br/files/b8f0487a-df73-4f8d-8b22-bb49cf9f3683/14_de_Julho.zip
14 de Julho;109,25000000000315;109,18000000000316;6,1555961458232;105,81771953142001;UHE 14 de Julho - CAV SNHIR.xlsx;b8f0487a-df73-4f8d-8b22-bb49cf9f3683;https://metadados.snirh.gov.br/files/b8f0487a-df73-4f8d-8b22-bb49cf9f3683/14_de_Julho.zip
14 de Julho;109,26000000000316;109,19000000000317;6,156485702706401;105,87928585584;UHE 14 de Julho - CAV SNHIR.xlsx;b8f0487a-df73-4f8d-8b22-bb49cf9f3683;https://metadados.snirh.gov.br/files/b8f0487a-df73-4f8d-8b22-bb49cf9f3683/14_de_Julho.zip
14 de Julho;109,27000000000317;109,20000000000317;6,1573716392314;105,94086523668;UHE 14 de Julho - CAV SNHIR.xlsx;b8f0487a-df73-4f8d-8b22-bb49cf9f3683;https://metadados.snirh.gov.br/files/b8f0487a-df73-4f8d-8b22-bb49cf9f3683/14_de_Julho.zip
14 de Julho;109,28000000000317;109,21000000000318;6,1582537478395;106,00245052304;UHE 14 de Julho - CAV SNHIR.xlsx;b8f0487a-df73-4f8d-8b22-bb49cf9f3683;https://metadados.snirh.gov.br/files/b8f0487a-df73-4f8d-8b22-bb49cf9f3683/14_de_Julho.zip
14 de Julho;109,29000000000318;109,22000000000318;6,1591319859002;106,06404274162;UHE 14 de Julho - CAV SNHIR.xlsx;b8f0487a-df73-4f8d-8b22-bb49cf9f3683;https://metadados.snirh.gov.br/files/b8f0487a-df73-4f8d-8b22-bb49cf9f3683/14_de_Julho.zip
14 de Julho;109,30000000000318;109,23000000000319;6,160006276944;106,12565221851;UHE 14 de Julho - CAV SNHIR.xlsx;b8f0487a-df73-4f8d-8b22-bb49cf9f3683;https://metadados.snirh.gov.br/files/b8f0487a-df73-4f8d-8b22-bb49cf9f3683/14_de_Julho.zip
14 de Julho;109,31000000000319;109,24000000000319;6,1608763881256;106,18726776126;UHE 14 de Julho - CAV SNHIR.xlsx;b8f0487a-df73-4f8d-8b22-bb49cf9f3683;https://metadados.snirh.gov.br/files/b8f0487a-df73-4f8d-8b22-bb49cf9f3683/14_de_Julho.zip
14 de Julho;109,32000000000319;109,2500000000032;6,1617420706492005;106,24888884952;UHE 14 de Julho - CAV SNHIR.xlsx;b8f0487a-df73-4f8d-8b22-bb49cf9f3683;https://metadados.snirh.gov.br/files/b8f0487a-df73-4f8d-8b22-bb49cf9f3683/14_de_Julho.zip
14 de Julho;109,3300000000032;109,2600000000032;6,1626029963101;106,31052196107;UHE 14 de Julho - CAV SNHIR.xlsx;b8f0487a-df73-4f8d-8b22-bb49cf9f3683;https://metadados.snirh.gov.br/files/b8f0487a-df73-4f8d-8b22-bb49cf9f3683/14_de_Julho.zip
14 de Julho;109,3400000000032;109,27000000000321;6,1634590851734;106,37215822672;UHE 14 de Julho - CAV SNHIR.xlsx;b8f0487a-df73-4f8d-8b22-bb49cf9f3683;https://metadados.snirh.gov.br/files/b8f0487a-df73-4f8d-8b22-bb49cf9f3683/14_de_Julho.zip
14 de Julho;109,3500000000032;109,28000000000321;6,1643101558194004;106,4338117683;UHE 14 de Julho - CAV SNHIR.xlsx;b8f0487a-df73-4f8d-8b22-bb49cf9f3683;https://metadados.snirh.gov.br/files/b8f0487a-df73-4f8d-8b22-bb49cf9f3683/14_de_Julho.zip
14 de Julho;109,36000000000321;109,29000000000322;6,1651559755026;106,49547311557;UHE 14 de Julho - CAV SNHIR.xlsx;b8f0487a-df73-4f8d-8b22-bb49cf9f3683;https://metadados.snirh.gov.br/files/b8f0487a-df73-4f8d-8b22-bb49cf9f3683/14_de_Julho.zip
14 de Julho;109,37000000000322;109,30000000000322;6,1659964200936;106,55713606593999;UHE 14 de Julho - CAV SNHIR.xlsx;b8f0487a-df73-4f8d-8b22-bb49cf9f3683;https://metadados.snirh.gov.br/files/b8f0487a-df73-4f8d-8b22-bb49cf9f3683/14_de_Julho.zip
14 de Julho;109,38000000000322;109,31000000000323;6,1668313289308;106,61881406472;UHE 14 de Julho - CAV SNHIR.xlsx;b8f0487a-df73-4f8d-8b22-bb49cf9f3683;https://metadados.snirh.gov.br/files/b8f0487a-df73-4f8d-8b22-bb49cf9f3683/14_de_Julho.zip
14 de Julho;109,39000000000323;109,32000000000323;6,167660382573501;106,68049963865;UHE 14 de Julho - CAV SNHIR.xlsx;b8f0487a-df73-4f8d-8b22-bb49cf9f3683;https://metadados.snirh.gov.br/files/b8f0487a-df73-4f8d-8b22-bb49cf9f3683/14_de_Julho.zip
14 de Julho;109,40000000000323;109,33000000000324;6,1684832366245;106,74219806317;UHE 14 de Julho - CAV SNHIR.xlsx;b8f0487a-df73-4f8d-8b22-bb49cf9f3683;https://metadados.snirh.gov.br/files/b8f0487a-df73-4f8d-8b22-bb49cf9f3683/14_de_Julho.zip
14 de Julho;109,41000000000324;109,34000000000324;6,1692998419436;106,80389989098;UHE 14 de Julho - CAV SNHIR.xlsx;b8f0487a-df73-4f8d-8b22-bb49cf9f3683;https://metadados.snirh.gov.br/files/b8f0487a-df73-4f8d-8b22-bb49cf9f3683/14_de_Julho.zip
14 de Julho;109,42000000000324;109,35000000000325;6,1701099937783;106,86561104559;UHE 14 de Julho - CAV SNHIR.xlsx;b8f0487a-df73-4f8d-8b22-bb49cf9f3683;https://metadados.snirh.gov.br/files/b8f0487a-df73-4f8d-8b22-bb49cf9f3683/14_de_Julho.zip
14 de Julho;109,43000000000325;109,36000000000325;6,1709135413031;106,92733285161;UHE 14 de Julho - CAV SNHIR.xlsx;b8f0487a-df73-4f8d-8b22-bb49cf9f3683;https://metadados.snirh.gov.br/files/b8f0487a-df73-4f8d-8b22-bb49cf9f3683/14_de_Julho.zip
14 de Julho;109,44000000000325;109,37000000000326;6,1717101655933995;106,98906107118;UHE 14 de Julho - CAV SNHIR.xlsx;b8f0487a-df73-4f8d-8b22-bb49cf9f3683;https://metadados.snirh.gov.br/files/b8f0487a-df73-4f8d-8b22-bb49cf9f3683/14_de_Julho.zip
14 de Julho;109,45000000000326;109,38000000000326;6,1724996588735;107,05080293993001;UHE 14 de Julho - CAV SNHIR.xlsx;b8f0487a-df73-4f8d-8b22-bb49cf9f3683;https://metadados.snirh.gov.br/files/b8f0487a-df73-4f8d-8b22-bb49cf9f3683/14_de_Julho.zip
14 de Julho;109,46000000000326;109,39000000000327;6,1732816780279;107,11255048425;UHE 14 de Julho - CAV SNHIR.xlsx;b8f0487a-df73-4f8d-8b22-bb49cf9f3683;https://metadados.snirh.gov.br/files/b8f0487a-df73-4f8d-8b22-bb49cf9f3683/14_de_Julho.zip
14 de Julho;109,47000000000327;109,40000000000327;6,174056000139;107,17430609233;UHE 14 de Julho - CAV SNHIR.xlsx;b8f0487a-df73-4f8d-8b22-bb49cf9f3683;https://metadados.snirh.gov.br/files/b8f0487a-df73-4f8d-8b22-bb49cf9f3683/14_de_Julho.zip
14 de Julho;109,48000000000327;109,41000000000328;6,1748222076634;107,2360742802;UHE 14 de Julho - CAV SNHIR.xlsx;b8f0487a-df73-4f8d-8b22-bb49cf9f3683;https://metadados.snirh.gov.br/files/b8f0487a-df73-4f8d-8b22-bb49cf9f3683/14_de_Julho.zip
14 de Julho;109,49000000000328;109,42000000000328;6,1755800963500995;107,29784603985;UHE 14 de Julho - CAV SNHIR.xlsx;b8f0487a-df73-4f8d-8b22-bb49cf9f3683;https://metadados.snirh.gov.br/files/b8f0487a-df73-4f8d-8b22-bb49cf9f3683/14_de_Julho.zip
14 de Julho;109,50000000000328;109,43000000000329;6,1763293840966;107,35963330302;UHE 14 de Julho - CAV SNHIR.xlsx;b8f0487a-df73-4f8d-8b22-bb49cf9f3683;https://metadados.snirh.gov.br/files/b8f0487a-df73-4f8d-8b22-bb49cf9f3683/14_de_Julho.zip
14 de Julho;109,51000000000329;109,4400000000033;6,177069722891;107,42142216463999;UHE 14 de Julho - CAV SNHIR.xlsx;b8f0487a-df73-4f8d-8b22-bb49cf9f3683;https://metadados.snirh.gov.br/files/b8f0487a-df73-4f8d-8b22-bb49cf9f3683/14_de_Julho.zip
14 de Julho;109,5200000000033;109,4500000000033;6,177800680429001;107,48322449244999;UHE 14 de Julho - CAV SNHIR.xlsx;b8f0487a-df73-4f8d-8b22-bb49cf9f3683;https://metadados.snirh.gov.br/files/b8f0487a-df73-4f8d-8b22-bb49cf9f3683/14_de_Julho.zip
14 de Julho;109,5300000000033;109,4600000000033;6,1785219986452;107,5450309589;UHE 14 de Julho - CAV SNHIR.xlsx;b8f0487a-df73-4f8d-8b22-bb49cf9f3683;https://metadados.snirh.gov.br/files/b8f0487a-df73-4f8d-8b22-bb49cf9f3683/14_de_Julho.zip
14 de Julho;109,5400000000033;109,47000000000331;6,1792333230934;107,60685241752;UHE 14 de Julho - CAV SNHIR.xlsx;b8f0487a-df73-4f8d-8b22-bb49cf9f3683;https://metadados.snirh.gov.br/files/b8f0487a-df73-4f8d-8b22-bb49cf9f3683/14_de_Julho.zip
14 de Julho;109,55000000000331;109,48000000000332;6,179934313665799;107,66868254837;UHE 14 de Julho - CAV SNHIR.xlsx;b8f0487a-df73-4f8d-8b22-bb49cf9f3683;https://metadados.snirh.gov.br/files/b8f0487a-df73-4f8d-8b22-bb49cf9f3683/14_de_Julho.zip
14 de Julho;109,56000000000331;109,49000000000332;6,1806244606493;107,73051469624;UHE 14 de Julho - CAV SNHIR.xlsx;b8f0487a-df73-4f8d-8b22-bb49cf9f3683;https://metadados.snirh.gov.br/files/b8f0487a-df73-4f8d-8b22-bb49cf9f3683/14_de_Julho.zip
14 de Julho;109,57000000000332;109,50000000000333;6,1813034030849;107,79235487797;UHE 14 de Julho - CAV SNHIR.xlsx;b8f0487a-df73-4f8d-8b22-bb49cf9f3683;https://metadados.snirh.gov.br/files/b8f0487a-df73-4f8d-8b22-bb49cf9f3683/14_de_Julho.zip
14 de Julho;109,58000000000332;109,51000000000333;6,1819710521494;107,85420614111;UHE 14 de Julho - CAV SNHIR.xlsx;b8f0487a-df73-4f8d-8b22-bb49cf9f3683;https://metadados.snirh.gov.br/files/b8f0487a-df73-4f8d-8b22-bb49cf9f3683/14_de_Julho.zip
14 de Julho;109,59000000000333;109,52000000000334;6,1826268879445;107,91606180132;UHE 14 de Julho - CAV SNHIR.xlsx;b8f0487a-df73-4f8d-8b22-bb49cf9f3683;https://metadados.snirh.gov.br/files/b8f0487a-df73-4f8d-8b22-bb49cf9f3683/14_de_Julho.zip
14 de Julho;109,60000000000333;109,53000000000334;6,183270616053701;107,9779296744;UHE 14 de Julho - CAV SNHIR.xlsx;b8f0487a-df73-4f8d-8b22-bb49cf9f3683;https://metadados.snirh.gov.br/files/b8f0487a-df73-4f8d-8b22-bb49cf9f3683/14_de_Julho.zip
14 de Julho;109,61000000000334;109,54000000000335;6,1839018989865;108,03980485529;UHE 14 de Julho - CAV SNHIR.xlsx;b8f0487a-df73-4f8d-8b22-bb49cf9f3683;https://metadados.snirh.gov.br/files/b8f0487a-df73-4f8d-8b22-bb49cf9f3683/14_de_Julho.zip
14 de Julho;109,62000000000334;109,55000000000335;6,184520367580199;108,10168539752;UHE 14 de Julho - CAV SNHIR.xlsx;b8f0487a-df73-4f8d-8b22-bb49cf9f3683;https://metadados.snirh.gov.br/files/b8f0487a-df73-4f8d-8b22-bb49cf9f3683/14_de_Julho.zip
14 de Julho;109,63000000000335;109,56000000000336;6,1851255889358;108,16357466934;UHE 14 de Julho - CAV SNHIR.xlsx;b8f0487a-df73-4f8d-8b22-bb49cf9f3683;https://metadados.snirh.gov.br/files/b8f0487a-df73-4f8d-8b22-bb49cf9f3683/14_de_Julho.zip
14 de Julho;109,64000000000335;109,57000000000336;6,1857172282042;108,22547501288;UHE 14 de Julho - CAV SNHIR.xlsx;b8f0487a-df73-4f8d-8b22-bb49cf9f3683;https://metadados.snirh.gov.br/files/b8f0487a-df73-4f8d-8b22-bb49cf9f3683/14_de_Julho.zip
14 de Julho;109,65000000000336;109,58000000000337;6,1862951474050005;108,28737338021999;UHE 14 de Julho - CAV SNHIR.xlsx;b8f0487a-df73-4f8d-8b22-bb49cf9f3683;https://metadados.snirh.gov.br/files/b8f0487a-df73-4f8d-8b22-bb49cf9f3683/14_de_Julho.zip
14 de Julho;109,66000000000336;109,59000000000337;6,186858970061199;108,34928372543999;UHE 14 de Julho - CAV SNHIR.xlsx;b8f0487a-df73-4f8d-8b22-bb49cf9f3683;https://metadados.snirh.gov.br/files/b8f0487a-df73-4f8d-8b22-bb49cf9f3683/14_de_Julho.zip
14 de Julho;109,67000000000337;109,60000000000338;6,1874086346357;108,41120490866;UHE 14 de Julho - CAV SNHIR.xlsx;b8f0487a-df73-4f8d-8b22-bb49cf9f3683;https://metadados.snirh.gov.br/files/b8f0487a-df73-4f8d-8b22-bb49cf9f3683/14_de_Julho.zip
14 de Julho;109,68000000000337;109,61000000000338;6,1879454810627;108,47313276109;UHE 14 de Julho - CAV SNHIR.xlsx;b8f0487a-df73-4f8d-8b22-bb49cf9f3683;https://metadados.snirh.gov.br/files/b8f0487a-df73-4f8d-8b22-bb49cf9f3683/14_de_Julho.zip
14 de Julho;109,69000000000338;109,62000000000339;6,1884649276607995;108,53505867629;UHE 14 de Julho - CAV SNHIR.xlsx;b8f0487a-df73-4f8d-8b22-bb49cf9f3683;https://metadados.snirh.gov.br/files/b8f0487a-df73-4f8d-8b22-bb49cf9f3683/14_de_Julho.zip
14 de Julho;109,70000000000339;109,63000000000339;6,1889666288358995;108,59699252139;UHE 14 de Julho - CAV SNHIR.xlsx;b8f0487a-df73-4f8d-8b22-bb49cf9f3683;https://metadados.snirh.gov.br/files/b8f0487a-df73-4f8d-8b22-bb49cf9f3683/14_de_Julho.zip
14 de Julho;109,71000000000339;109,6400000000034;6,1894511372848005;108,65893080201;UHE 14 de Julho - CAV SNHIR.xlsx;b8f0487a-df73-4f8d-8b22-bb49cf9f3683;https://metadados.snirh.gov.br/files/b8f0487a-df73-4f8d-8b22-bb49cf9f3683/14_de_Julho.zip
14 de Julho;109,7200000000034;109,6500000000034;6,1899183099832005;108,72087595258;UHE 14 de Julho - CAV SNHIR.xlsx;b8f0487a-df73-4f8d-8b22-bb49cf9f3683;https://metadados.snirh.gov.br/files/b8f0487a-df73-4f8d-8b22-bb49cf9f3683/14_de_Julho.zip
14 de Julho;109,7300000000034;109,66000000000341;6,1903682136007;108,78283144773;UHE 14 de Julho - CAV SNHIR.xlsx;b8f0487a-df73-4f8d-8b22-bb49cf9f3683;https://metadados.snirh.gov.br/files/b8f0487a-df73-4f8d-8b22-bb49cf9f3683/14_de_Julho.zip
14 de Julho;109,7400000000034;109,67000000000341;6,1908008643289;108,84479103464;UHE 14 de Julho - CAV SNHIR.xlsx;b8f0487a-df73-4f8d-8b22-bb49cf9f3683;https://metadados.snirh.gov.br/files/b8f0487a-df73-4f8d-8b22-bb49cf9f3683/14_de_Julho.zip
14 de Julho;109,75000000000341;109,68000000000342;6,191215778412801;108,90675253169;UHE 14 de Julho - CAV SNHIR.xlsx;b8f0487a-df73-4f8d-8b22-bb49cf9f3683;https://metadados.snirh.gov.br/files/b8f0487a-df73-4f8d-8b22-bb49cf9f3683/14_de_Julho.zip
14 de Julho;109,76000000000342;109,69000000000342;6,1916128802401005;108,96872131958;UHE 14 de Julho - CAV SNHIR.xlsx;b8f0487a-df73-4f8d-8b22-bb49cf9f3683;https://metadados.snirh.gov.br/files/b8f0487a-df73-4f8d-8b22-bb49cf9f3683/14_de_Julho.zip
14 de Julho;109,77000000000342;109,70000000000343;6,1919921796574;109,03069992876;UHE 14 de Julho - CAV SNHIR.xlsx;b8f0487a-df73-4f8d-8b22-bb49cf9f3683;https://metadados.snirh.gov.br/files/b8f0487a-df73-4f8d-8b22-bb49cf9f3683/14_de_Julho.zip
14 de Julho;109,78000000000343;109,71000000000343;6,1923532964068;109,09267536029;UHE 14 de Julho - CAV SNHIR.xlsx;b8f0487a-df73-4f8d-8b22-bb49cf9f3683;https://metadados.snirh.gov.br/files/b8f0487a-df73-4f8d-8b22-bb49cf9f3683/14_de_Julho.zip
14 de Julho;109,79000000000343;109,72000000000344;6,1926962276352;109,15465705775;UHE 14 de Julho - CAV SNHIR.xlsx;b8f0487a-df73-4f8d-8b22-bb49cf9f3683;https://metadados.snirh.gov.br/files/b8f0487a-df73-4f8d-8b22-bb49cf9f3683/14_de_Julho.zip
14 de Julho;109,80000000000344;109,73000000000344;6,1930208797769;109,21664710654;UHE 14 de Julho - CAV SNHIR.xlsx;b8f0487a-df73-4f8d-8b22-bb49cf9f3683;https://metadados.snirh.gov.br/files/b8f0487a-df73-4f8d-8b22-bb49cf9f3683/14_de_Julho.zip
14 de Julho;109,81000000000344;109,74000000000345;6,193326926488701;109,27863777051;UHE 14 de Julho - CAV SNHIR.xlsx;b8f0487a-df73-4f8d-8b22-bb49cf9f3683;https://metadados.snirh.gov.br/files/b8f0487a-df73-4f8d-8b22-bb49cf9f3683/14_de_Julho.zip
14 de Julho;109,82000000000345;109,75000000000345;6,1936139383521;109,34063519408;UHE 14 de Julho - CAV SNHIR.xlsx;b8f0487a-df73-4f8d-8b22-bb49cf9f3683;https://metadados.snirh.gov.br/files/b8f0487a-df73-4f8d-8b22-bb49cf9f3683/14_de_Julho.zip
14 de Julho;109,83000000000345;109,76000000000346;6,1938820178961;109,40263349032999;UHE 14 de Julho - CAV SNHIR.xlsx;b8f0487a-df73-4f8d-8b22-bb49cf9f3683;https://metadados.snirh.gov.br/files/b8f0487a-df73-4f8d-8b22-bb49cf9f3683/14_de_Julho.zip
14 de Julho;109,84000000000346;109,77000000000346;6,1941314406427;109,46462925561;UHE 14 de Julho - CAV SNHIR.xlsx;b8f0487a-df73-4f8d-8b22-bb49cf9f3683;https://metadados.snirh.gov.br/files/b8f0487a-df73-4f8d-8b22-bb49cf9f3683/14_de_Julho.zip
14 de Julho;109,85000000000346;109,78000000000347;6,1943622577806;109,52663546179;UHE 14 de Julho - CAV SNHIR.xlsx;b8f0487a-df73-4f8d-8b22-bb49cf9f3683;https://metadados.snirh.gov.br/files/b8f0487a-df73-4f8d-8b22-bb49cf9f3683/14_de_Julho.zip
14 de Julho;109,86000000000347;109,79000000000347;6,1945744968838;109,58864315019;UHE 14 de Julho - CAV SNHIR.xlsx;b8f0487a-df73-4f8d-8b22-bb49cf9f3683;https://metadados.snirh.gov.br/files/b8f0487a-df73-4f8d-8b22-bb49cf9f3683/14_de_Julho.zip
14 de Julho;109,87000000000347;109,80000000000348;6,194768483379;109,65064991115;UHE 14 de Julho - CAV SNHIR.xlsx;b8f0487a-df73-4f8d-8b22-bb49cf9f3683;https://metadados.snirh.gov.br/files/b8f0487a-df73-4f8d-8b22-bb49cf9f3683/14_de_Julho.zip
14 de Julho;109,88000000000348;109,81000000000348;6,1949442464463;109,71265938334;UHE 14 de Julho - CAV SNHIR.xlsx;b8f0487a-df73-4f8d-8b22-bb49cf9f3683;https://metadados.snirh.gov.br/files/b8f0487a-df73-4f8d-8b22-bb49cf9f3683/14_de_Julho.zip
14 de Julho;109,89000000000348;109,82000000000349;6,1951019989225;109,77467612109;UHE 14 de Julho - CAV SNHIR.xlsx;b8f0487a-df73-4f8d-8b22-bb49cf9f3683;https://metadados.snirh.gov.br/files/b8f0487a-df73-4f8d-8b22-bb49cf9f3683/14_de_Julho.zip
14 de Julho;109,90000000000349;109,8300000000035;6,1952417326155;109,83669257911;UHE 14 de Julho - CAV SNHIR.xlsx;b8f0487a-df73-4f8d-8b22-bb49cf9f3683;https://metadados.snirh.gov.br/files/b8f0487a-df73-4f8d-8b22-bb49cf9f3683/14_de_Julho.zip
14 de Julho;109,91000000000349;109,8400000000035;6,1953638355547005;109,89870679519001;UHE 14 de Julho - CAV SNHIR.xlsx;b8f0487a-df73-4f8d-8b22-bb49cf9f3683;https://metadados.snirh.gov.br/files/b8f0487a-df73-4f8d-8b22-bb49cf9f3683/14_de_Julho.zip
14 de Julho;109,9200000000035;109,8500000000035;6,1954691603512995;109,96072732511;UHE 14 de Julho - CAV SNHIR.xlsx;b8f0487a-df73-4f8d-8b22-bb49cf9f3683;https://metadados.snirh.gov.br/files/b8f0487a-df73-4f8d-8b22-bb49cf9f3683/14_de_Julho.zip
14 de Julho;109,9300000000035;109,86000000000351;6,1955581003812;110,02274736436;UHE 14 de Julho - CAV SNHIR.xlsx;b8f0487a-df73-4f8d-8b22-bb49cf9f3683;https://metadados.snirh.gov.br/files/b8f0487a-df73-4f8d-8b22-bb49cf9f3683/14_de_Julho.zip
14 de Julho;109,94000000000351;109,87000000000351;6,1956316311474;110,08476537565001;UHE 14 de Julho - CAV SNHIR.xlsx;b8f0487a-df73-4f8d-8b22-bb49cf9f3683;https://metadados.snirh.gov.br/files/b8f0487a-df73-4f8d-8b22-bb49cf9f3683/14_de_Julho.zip
14 de Julho;109,95000000000351;109,88000000000352;6,1956910619086;110,14678433962;UHE 14 de Julho - CAV SNHIR.xlsx;b8f0487a-df73-4f8d-8b22-bb49cf9f3683;https://metadados.snirh.gov.br/files/b8f0487a-df73-4f8d-8b22-bb49cf9f3683/14_de_Julho.zip
14 de Julho;109,96000000000352;109,89000000000352;6,195737801597899;110,2087963628;UHE 14 de Julho - CAV SNHIR.xlsx;b8f0487a-df73-4f8d-8b22-bb49cf9f3683;https://metadados.snirh.gov.br/files/b8f0487a-df73-4f8d-8b22-bb49cf9f3683/14_de_Julho.zip
14 de Julho;109,97000000000352;109,90000000000353;6,1957731862348995;110,27080264997;UHE 14 de Julho - CAV SNHIR.xlsx;b8f0487a-df73-4f8d-8b22-bb49cf9f3683;https://metadados.snirh.gov.br/files/b8f0487a-df73-4f8d-8b22-bb49cf9f3683/14_de_Julho.zip
14 de Julho;109,98000000000353;109,91000000000354;6,1957988087138;110,33280594347;UHE 14 de Julho - CAV SNHIR.xlsx;b8f0487a-df73-4f8d-8b22-bb49cf9f3683;https://metadados.snirh.gov.br/files/b8f0487a-df73-4f8d-8b22-bb49cf9f3683/14_de_Julho.zip
14 de Julho;109,99000000000353;109,92000000000354;6,1958154263453;110,39480763134999;UHE 14 de Julho - CAV SNHIR.xlsx;b8f0487a-df73-4f8d-8b22-bb49cf9f3683;https://metadados.snirh.gov.br/files/b8f0487a-df73-4f8d-8b22-bb49cf9f3683/14_de_Julho.zip
14 de Julho;110,00000000000354;109,93000000000355;6,1958256709045;110,45680171167;UHE 14 de Julho - CAV SNHIR.xlsx;b8f0487a-df73-4f8d-8b22-bb49cf9f3683;https://metadados.snirh.gov.br/files/b8f0487a-df73-4f8d-8b22-bb49cf9f3683/14_de_Julho.zip
