usina;cota_sl_m;cota_sgb_m;area_km2;volume_hm3;arquivo_fonte;registro_snirh;url_download
Monte Claro;116,88;116,75;0,0;0,0;UHE Monte Claro - CAV SNIRH.xlsx;b8f0487a-df73-4f8d-8b22-bb49cf9f3683;https://metadados.snirh.gov.br/files/b8f0487a-df73-4f8d-8b22-bb49cf9f3683/Monte_Claro.zip
Monte Claro;116,97999999999999;116,85;1,1828777061728e-05;4,0133857450813997e-07;UHE Monte Claro - CAV SNIRH.xlsx;b8f0487a-df73-4f8d-8b22-bb49cf9f3683;https://metadados.snirh.gov.br/files/b8f0487a-df73-4f8d-8b22-bb49cf9f3683/Monte_Claro.zip
Monte Claro;117,07999999999998;116,94999999999999;2,5988696643407e-05;2,2861525192143998e-06;UHE Monte Claro - CAV SNIRH.xlsx;b8f0487a-df73-4f8d-8b22-bb49cf9f3683;https://metadados.snirh.gov.br/files/b8f0487a-df73-4f8d-8b22-bb49cf9f3683/Monte_Claro.zip
Monte Claro;117,17999999999998;117,04999999999998;4,2704809126091e-05;5,6724266356723005e-06;UHE Monte Claro - CAV SNIRH.xlsx;b8f0487a-df73-4f8d-8b22-bb49cf9f3683;https://metadados.snirh.gov.br/files/b8f0487a-df73-4f8d-8b22-bb49cf9f3683/Monte_Claro.zip
Monte Claro;117,27999999999997;117,14999999999998;5,9022273465087995e-05;1,0656297244408e-05;UHE Monte Claro - CAV SNIRH.xlsx;b8f0487a-df73-4f8d-8b22-bb49cf9f3683;https://metadados.snirh.gov.br/files/b8f0487a-df73-4f8d-8b22-bb49cf9f3683/Monte_Claro.zip
Monte Claro;117,37999999999997;117,24999999999997;7,872929113327e-05;1,7518247139214e-05;UHE Monte Claro - CAV SNIRH.xlsx;b8f0487a-df73-4f8d-8b22-bb49cf9f3683;https://metadados.snirh.gov.br/files/b8f0487a-df73-4f8d-8b22-bb49cf9f3683/Monte_Claro.zip
Monte Claro;117,47999999999996;117,34999999999997;9,539173346809299e-05;2,6147286959678e-05;UHE Monte Claro - CAV SNIRH.xlsx;b8f0487a-df73-4f8d-8b22-bb49cf9f3683;https://metadados.snirh.gov.br/files/b8f0487a-df73-4f8d-8b22-bb49cf9f3683/Monte_Claro.zip
Monte Claro;117,57999999999996;117,44999999999996;0,00012171896873215;3,6891324923931995e-05;UHE Monte Claro - CAV SNIRH.xlsx;b8f0487a-df73-4f8d-8b22-bb49cf9f3683;https://metadados.snirh.gov.br/files/b8f0487a-df73-4f8d-8b22-bb49cf9f3683/Monte_Claro.zip
Monte Claro;117,67999999999995;117,54999999999995;0,00014513780137021998;5,0217794426902006e-05;UHE Monte Claro - CAV SNIRH.xlsx;b8f0487a-df73-4f8d-8b22-bb49cf9f3683;https://metadados.snirh.gov.br/files/b8f0487a-df73-4f8d-8b22-bb49cf9f3683/Monte_Claro.zip
Monte Claro;117,77999999999994;117,64999999999995;0,00016800491634183002;6,582704713055e-05;UHE Monte Claro - CAV SNIRH.xlsx;b8f0487a-df73-4f8d-8b22-bb49cf9f3683;https://metadados.snirh.gov.br/files/b8f0487a-df73-4f8d-8b22-bb49cf9f3683/Monte_Claro.zip
Monte Claro;117,87999999999994;117,74999999999994;0,00019091727846319;8,3731764641099e-05;UHE Monte Claro - CAV SNIRH.xlsx;b8f0487a-df73-4f8d-8b22-bb49cf9f3683;https://metadados.snirh.gov.br/files/b8f0487a-df73-4f8d-8b22-bb49cf9f3683/Monte_Claro.zip
Monte Claro;117,97999999999993;117,84999999999994;0,00021611624798762;0,00010404635174705;UHE Monte Claro - CAV SNIRH.xlsx;b8f0487a-df73-4f8d-8b22-bb49cf9f3683;https://metadados.snirh.gov.br/files/b8f0487a-df73-4f8d-8b22-bb49cf9f3683/Monte_Claro.zip
Monte Claro;118,07999999999993;117,94999999999993;0,00024352216197981;0,00012682706394185;UHE Monte Claro - CAV SNIRH.xlsx;b8f0487a-df73-4f8d-8b22-bb49cf9f3683;https://metadados.snirh.gov.br/files/b8f0487a-df73-4f8d-8b22-bb49cf9f3683/Monte_Claro.zip
Monte Claro;118,17999999999992;118,04999999999993;0,00027747644941684003;0,00015277990593002;UHE Monte Claro - CAV SNIRH.xlsx;b8f0487a-df73-4f8d-8b22-bb49cf9f3683;https://metadados.snirh.gov.br/files/b8f0487a-df73-4f8d-8b22-bb49cf9f3683/Monte_Claro.zip
Monte Claro;118,27999999999992;118,14999999999992;0,00031033745522375;0,00018206387392260997;UHE Monte Claro - CAV SNIRH.xlsx;b8f0487a-df73-4f8d-8b22-bb49cf9f3683;https://metadados.snirh.gov.br/files/b8f0487a-df73-4f8d-8b22-bb49cf9f3683/Monte_Claro.zip
Monte Claro;118,37999999999991;118,24999999999991;0,00034156791031556005;0,00021452817330091;UHE Monte Claro - CAV SNIRH.xlsx;b8f0487a-df73-4f8d-8b22-bb49cf9f3683;https://metadados.snirh.gov.br/files/b8f0487a-df73-4f8d-8b22-bb49cf9f3683/Monte_Claro.zip
Monte Claro;118,4799999999999;118,34999999999991;0,00037725990618942;0,00025027441029172;UHE Monte Claro - CAV SNIRH.xlsx;b8f0487a-df73-4f8d-8b22-bb49cf9f3683;https://metadados.snirh.gov.br/files/b8f0487a-df73-4f8d-8b22-bb49cf9f3683/Monte_Claro.zip
Monte Claro;118,5799999999999;118,4499999999999;0,00041451737278155003;0,00028981713024975;UHE Monte Claro - CAV SNIRH.xlsx;b8f0487a-df73-4f8d-8b22-bb49cf9f3683;https://metadados.snirh.gov.br/files/b8f0487a-df73-4f8d-8b22-bb49cf9f3683/Monte_Claro.zip
Monte Claro;118,6799999999999;118,5499999999999;0,00044612727352123;0,00033277104653014;UHE Monte Claro - CAV SNIRH.xlsx;b8f0487a-df73-4f8d-8b22-bb49cf9f3683;https://metadados.snirh.gov.br/files/b8f0487a-df73-4f8d-8b22-bb49cf9f3683/Monte_Claro.zip
Monte Claro;118,77999999999989;118,64999999999989;0,00047579011938571;0,0003787377714709;UHE Monte Claro - CAV SNIRH.xlsx;b8f0487a-df73-4f8d-8b22-bb49cf9f3683;https://metadados.snirh.gov.br/files/b8f0487a-df73-4f8d-8b22-bb49cf9f3683/Monte_Claro.zip
Monte Claro;118,87999999999988;118,74999999999989;0,0005047219583696;0,00042769370202401;UHE Monte Claro - CAV SNIRH.xlsx;b8f0487a-df73-4f8d-8b22-bb49cf9f3683;https://metadados.snirh.gov.br/files/b8f0487a-df73-4f8d-8b22-bb49cf9f3683/Monte_Claro.zip
Monte Claro;118,97999999999988;118,84999999999988;0,00053296117161704;0,00047954005543301005;UHE Monte Claro - CAV SNIRH.xlsx;b8f0487a-df73-4f8d-8b22-bb49cf9f3683;https://metadados.snirh.gov.br/files/b8f0487a-df73-4f8d-8b22-bb49cf9f3683/Monte_Claro.zip
Monte Claro;119,07999999999987;118,94999999999987;0,00056021300522144;0,00053411499830349;UHE Monte Claro - CAV SNIRH.xlsx;b8f0487a-df73-4f8d-8b22-bb49cf9f3683;https://metadados.snirh.gov.br/files/b8f0487a-df73-4f8d-8b22-bb49cf9f3683/Monte_Claro.zip
Monte Claro;119,17999999999986;119,04999999999987;0,00058703607934559;0,00059145689274738;UHE Monte Claro - CAV SNIRH.xlsx;b8f0487a-df73-4f8d-8b22-bb49cf9f3683;https://metadados.snirh.gov.br/files/b8f0487a-df73-4f8d-8b22-bb49cf9f3683/Monte_Claro.zip
Monte Claro;119,27999999999986;119,14999999999986;0,00061343847487654;0,00065138741249268;UHE Monte Claro - CAV SNIRH.xlsx;b8f0487a-df73-4f8d-8b22-bb49cf9f3683;https://metadados.snirh.gov.br/files/b8f0487a-df73-4f8d-8b22-bb49cf9f3683/Monte_Claro.zip
Monte Claro;119,37999999999985;119,24999999999986;0,0006430973318722;0,0007141460494159101;UHE Monte Claro - CAV SNIRH.xlsx;b8f0487a-df73-4f8d-8b22-bb49cf9f3683;https://metadados.snirh.gov.br/files/b8f0487a-df73-4f8d-8b22-bb49cf9f3683/Monte_Claro.zip
Monte Claro;119,47999999999985;119,34999999999985;0,00067340159215377;0,00077984548805667;UHE Monte Claro - CAV SNIRH.xlsx;b8f0487a-df73-4f8d-8b22-bb49cf9f3683;https://metadados.snirh.gov.br/files/b8f0487a-df73-4f8d-8b22-bb49cf9f3683/Monte_Claro.zip
Monte Claro;119,57999999999984;119,44999999999985;0,00071236315809057;0,00084879636949294;UHE Monte Claro - CAV SNIRH.xlsx;b8f0487a-df73-4f8d-8b22-bb49cf9f3683;https://metadados.snirh.gov.br/files/b8f0487a-df73-4f8d-8b22-bb49cf9f3683/Monte_Claro.zip
Monte Claro;119,67999999999984;119,54999999999984;0,00077231686193357;0,00092305395413155;UHE Monte Claro - CAV SNIRH.xlsx;b8f0487a-df73-4f8d-8b22-bb49cf9f3683;https://metadados.snirh.gov.br/files/b8f0487a-df73-4f8d-8b22-bb49cf9f3683/Monte_Claro.zip
Monte Claro;119,77999999999983;119,64999999999984;0,00082702363521772;0,0010028814897967;UHE Monte Claro - CAV SNIRH.xlsx;b8f0487a-df73-4f8d-8b22-bb49cf9f3683;https://metadados.snirh.gov.br/files/b8f0487a-df73-4f8d-8b22-bb49cf9f3683/Monte_Claro.zip
Monte Claro;119,87999999999982;119,74999999999983;0,00087865801852139;0,0010880804056033;UHE Monte Claro - CAV SNIRH.xlsx;b8f0487a-df73-4f8d-8b22-bb49cf9f3683;https://metadados.snirh.gov.br/files/b8f0487a-df73-4f8d-8b22-bb49cf9f3683/Monte_Claro.zip
Monte Claro;119,97999999999982;119,84999999999982;0,0009323143017271499;0,0011785128810918;UHE Monte Claro - CAV SNIRH.xlsx;b8f0487a-df73-4f8d-8b22-bb49cf9f3683;https://metadados.snirh.gov.br/files/b8f0487a-df73-4f8d-8b22-bb49cf9f3683/Monte_Claro.zip
Monte Claro;120,07999999999981;119,94999999999982;0,0010144924111718;0,0012751204100853;UHE Monte Claro - CAV SNIRH.xlsx;b8f0487a-df73-4f8d-8b22-bb49cf9f3683;https://metadados.snirh.gov.br/files/b8f0487a-df73-4f8d-8b22-bb49cf9f3683/Monte_Claro.zip
Monte Claro;120,17999999999981;120,04999999999981;0,0010925427153924;0,0013805848660392;UHE Monte Claro - CAV SNIRH.xlsx;b8f0487a-df73-4f8d-8b22-bb49cf9f3683;https://metadados.snirh.gov.br/files/b8f0487a-df73-4f8d-8b22-bb49cf9f3683/Monte_Claro.zip
Monte Claro;120,2799999999998;120,1499999999998;0,0011644586445414;0,0014933437239226;UHE Monte Claro - CAV SNIRH.xlsx;b8f0487a-df73-4f8d-8b22-bb49cf9f3683;https://metadados.snirh.gov.br/files/b8f0487a-df73-4f8d-8b22-bb49cf9f3683/Monte_Claro.zip
Monte Claro;120,3799999999998;120,2499999999998;0,0012484783078867;0,0016135855083545;UHE Monte Claro - CAV SNIRH.xlsx;b8f0487a-df73-4f8d-8b22-bb49cf9f3683;https://metadados.snirh.gov.br/files/b8f0487a-df73-4f8d-8b22-bb49cf9f3683/Monte_Claro.zip
Monte Claro;120,47999999999979;120,3499999999998;0,0013420938831281;0,0017429692476283;UHE Monte Claro - CAV SNIRH.xlsx;b8f0487a-df73-4f8d-8b22-bb49cf9f3683;https://metadados.snirh.gov.br/files/b8f0487a-df73-4f8d-8b22-bb49cf9f3683/Monte_Claro.zip
Monte Claro;120,57999999999979;120,44999999999979;0,0014542093938558001;0,0018822813444141;UHE Monte Claro - CAV SNIRH.xlsx;b8f0487a-df73-4f8d-8b22-bb49cf9f3683;https://metadados.snirh.gov.br/files/b8f0487a-df73-4f8d-8b22-bb49cf9f3683/Monte_Claro.zip
Monte Claro;120,67999999999978;120,54999999999978;0,0015798733763256;0,0020337446665225;UHE Monte Claro - CAV SNIRH.xlsx;b8f0487a-df73-4f8d-8b22-bb49cf9f3683;https://metadados.snirh.gov.br/files/b8f0487a-df73-4f8d-8b22-bb49cf9f3683/Monte_Claro.zip
Monte Claro;120,77999999999977;120,64999999999978;0,0017128111152768999;0,0021980439332975003;UHE Monte Claro - CAV SNIRH.xlsx;b8f0487a-df73-4f8d-8b22-bb49cf9f3683;https://metadados.snirh.gov.br/files/b8f0487a-df73-4f8d-8b22-bb49cf9f3683/Monte_Claro.zip
Monte Claro;120,87999999999977;120,74999999999977;0,0018476229974087;0,0023758567306056996;UHE Monte Claro - CAV SNIRH.xlsx;b8f0487a-df73-4f8d-8b22-bb49cf9f3683;https://metadados.snirh.gov.br/files/b8f0487a-df73-4f8d-8b22-bb49cf9f3683/Monte_Claro.zip
Monte Claro;120,97999999999976;120,84999999999977;0,0019976315906146;0,0025677650290517;UHE Monte Claro - CAV SNIRH.xlsx;b8f0487a-df73-4f8d-8b22-bb49cf9f3683;https://metadados.snirh.gov.br/files/b8f0487a-df73-4f8d-8b22-bb49cf9f3683/Monte_Claro.zip
Monte Claro;121,07999999999976;120,94999999999976;0,0021513492049316002;0,0027750185160573;UHE Monte Claro - CAV SNIRH.xlsx;b8f0487a-df73-4f8d-8b22-bb49cf9f3683;https://metadados.snirh.gov.br/files/b8f0487a-df73-4f8d-8b22-bb49cf9f3683/Monte_Claro.zip
Monte Claro;121,17999999999975;121,04999999999976;0,0022946119446981003;0,0029970981745063;UHE Monte Claro - CAV SNIRH.xlsx;b8f0487a-df73-4f8d-8b22-bb49cf9f3683;https://metadados.snirh.gov.br/files/b8f0487a-df73-4f8d-8b22-bb49cf9f3683/Monte_Claro.zip
Monte Claro;121,27999999999975;121,14999999999975;0,0024370454219602997;0,0032334911570861;UHE Monte Claro - CAV SNIRH.xlsx;b8f0487a-df73-4f8d-8b22-bb49cf9f3683;https://metadados.snirh.gov.br/files/b8f0487a-df73-4f8d-8b22-bb49cf9f3683/Monte_Claro.zip
Monte Claro;121,37999999999974;121,24999999999974;0,0025819176920226002;0,0034841781194108;UHE Monte Claro - CAV SNIRH.xlsx;b8f0487a-df73-4f8d-8b22-bb49cf9f3683;https://metadados.snirh.gov.br/files/b8f0487a-df73-4f8d-8b22-bb49cf9f3683/Monte_Claro.zip
Monte Claro;121,47999999999973;121,34999999999974;0,0027798434293424003;0,0037510746714623;UHE Monte Claro - CAV SNIRH.xlsx;b8f0487a-df73-4f8d-8b22-bb49cf9f3683;https://metadados.snirh.gov.br/files/b8f0487a-df73-4f8d-8b22-bb49cf9f3683/Monte_Claro.zip
Monte Claro;121,57999999999973;121,44999999999973;0,0030292613027102003;0,0040406964301949;UHE Monte Claro - CAV SNIRH.xlsx;b8f0487a-df73-4f8d-8b22-bb49cf9f3683;https://metadados.snirh.gov.br/files/b8f0487a-df73-4f8d-8b22-bb49cf9f3683/Monte_Claro.zip
Monte Claro;121,67999999999972;121,54999999999973;0,0033389398764778;0,0043589108783772;UHE Monte Claro - CAV SNIRH.xlsx;b8f0487a-df73-4f8d-8b22-bb49cf9f3683;https://metadados.snirh.gov.br/files/b8f0487a-df73-4f8d-8b22-bb49cf9f3683/Monte_Claro.zip
Monte Claro;121,77999999999972;121,64999999999972;0,0036199366656311;0,0047063827486157;UHE Monte Claro - CAV SNIRH.xlsx;b8f0487a-df73-4f8d-8b22-bb49cf9f3683;https://metadados.snirh.gov.br/files/b8f0487a-df73-4f8d-8b22-bb49cf9f3683/Monte_Claro.zip
Monte Claro;121,87999999999971;121,74999999999972;0,003915469526201401;0,0050830685803217;UHE Monte Claro - CAV SNIRH.xlsx;b8f0487a-df73-4f8d-8b22-bb49cf9f3683;https://metadados.snirh.gov.br/files/b8f0487a-df73-4f8d-8b22-bb49cf9f3683/Monte_Claro.zip
Monte Claro;121,9799999999997;121,84999999999971;0,0041880951554581995;0,0054878776326394;UHE Monte Claro - CAV SNIRH.xlsx;b8f0487a-df73-4f8d-8b22-bb49cf9f3683;https://metadados.snirh.gov.br/files/b8f0487a-df73-4f8d-8b22-bb49cf9f3683/Monte_Claro.zip
Monte Claro;122,0799999999997;121,9499999999997;0,0044601580182196;0,0059199767191883005;UHE Monte Claro - CAV SNIRH.xlsx;b8f0487a-df73-4f8d-8b22-bb49cf9f3683;https://metadados.snirh.gov.br/files/b8f0487a-df73-4f8d-8b22-bb49cf9f3683/Monte_Claro.zip
Monte Claro;122,1799999999997;122,0499999999997;0,004737012099223101;0,0063794190866354;UHE Monte Claro - CAV SNIRH.xlsx;b8f0487a-df73-4f8d-8b22-bb49cf9f3683;https://metadados.snirh.gov.br/files/b8f0487a-df73-4f8d-8b22-bb49cf9f3683/Monte_Claro.zip
Monte Claro;122,27999999999969;122,1499999999997;0,0050294761458527;0,006867321865779301;UHE Monte Claro - CAV SNIRH.xlsx;b8f0487a-df73-4f8d-8b22-bb49cf9f3683;https://metadados.snirh.gov.br/files/b8f0487a-df73-4f8d-8b22-bb49cf9f3683/Monte_Claro.zip
Monte Claro;122,37999999999968;122,24999999999969;0,0053338727878165;0,007384898762625901;UHE Monte Claro - CAV SNIRH.xlsx;b8f0487a-df73-4f8d-8b22-bb49cf9f3683;https://metadados.snirh.gov.br/files/b8f0487a-df73-4f8d-8b22-bb49cf9f3683/Monte_Claro.zip
Monte Claro;122,47999999999968;122,34999999999968;0,0056881209333333;0,0079336992909459;UHE Monte Claro - CAV SNIRH.xlsx;b8f0487a-df73-4f8d-8b22-bb49cf9f3683;https://metadados.snirh.gov.br/files/b8f0487a-df73-4f8d-8b22-bb49cf9f3683/Monte_Claro.zip
Monte Claro;122,57999999999967;122,44999999999968;0,0061373719542273004;0,0085244333466055;UHE Monte Claro - CAV SNIRH.xlsx;b8f0487a-df73-4f8d-8b22-bb49cf9f3683;https://metadados.snirh.gov.br/files/b8f0487a-df73-4f8d-8b22-bb49cf9f3683/Monte_Claro.zip
Monte Claro;122,67999999999967;122,54999999999967;0,0065703088552614;0,0091601970781532;UHE Monte Claro - CAV SNIRH.xlsx;b8f0487a-df73-4f8d-8b22-bb49cf9f3683;https://metadados.snirh.gov.br/files/b8f0487a-df73-4f8d-8b22-bb49cf9f3683/Monte_Claro.zip
Monte Claro;122,77999999999966;122,64999999999966;0,006997691258642499;0,009838036070362799;UHE Monte Claro - CAV SNIRH.xlsx;b8f0487a-df73-4f8d-8b22-bb49cf9f3683;https://metadados.snirh.gov.br/files/b8f0487a-df73-4f8d-8b22-bb49cf9f3683/Monte_Claro.zip
Monte Claro;122,87999999999965;122,74999999999966;0,0074131925958884;0,010558366958022999;UHE Monte Claro - CAV SNIRH.xlsx;b8f0487a-df73-4f8d-8b22-bb49cf9f3683;https://metadados.snirh.gov.br/files/b8f0487a-df73-4f8d-8b22-bb49cf9f3683/Monte_Claro.zip
Monte Claro;122,97999999999965;122,84999999999965;0,0078276355854816;0,011319910568199;UHE Monte Claro - CAV SNIRH.xlsx;b8f0487a-df73-4f8d-8b22-bb49cf9f3683;https://metadados.snirh.gov.br/files/b8f0487a-df73-4f8d-8b22-bb49cf9f3683/Monte_Claro.zip
Monte Claro;123,07999999999964;122,94999999999965;0,0082765211195797;0,012124586114496;UHE Monte Claro - CAV SNIRH.xlsx;b8f0487a-df73-4f8d-8b22-bb49cf9f3683;https://metadados.snirh.gov.br/files/b8f0487a-df73-4f8d-8b22-bb49cf9f3683/Monte_Claro.zip
Monte Claro;123,17999999999964;123,04999999999964;0,0087498882832175;0,012975590109239;UHE Monte Claro - CAV SNIRH.xlsx;b8f0487a-df73-4f8d-8b22-bb49cf9f3683;https://metadados.snirh.gov.br/files/b8f0487a-df73-4f8d-8b22-bb49cf9f3683/Monte_Claro.zip
Monte Claro;123,27999999999963;123,14999999999964;0,0092234708300887;0,013873924650726;UHE Monte Claro - CAV SNIRH.xlsx;b8f0487a-df73-4f8d-8b22-bb49cf9f3683;https://metadados.snirh.gov.br/files/b8f0487a-df73-4f8d-8b22-bb49cf9f3683/Monte_Claro.zip
Monte Claro;123,37999999999963;123,24999999999963;0,009713015708504899;0,014820005365532999;UHE Monte Claro - CAV SNIRH.xlsx;b8f0487a-df73-4f8d-8b22-bb49cf9f3683;https://metadados.snirh.gov.br/files/b8f0487a-df73-4f8d-8b22-bb49cf9f3683/Monte_Claro.zip
Monte Claro;123,47999999999962;123,34999999999962;0,010225767915694;0,015816407390706;UHE Monte Claro - CAV SNIRH.xlsx;b8f0487a-df73-4f8d-8b22-bb49cf9f3683;https://metadados.snirh.gov.br/files/b8f0487a-df73-4f8d-8b22-bb49cf9f3683/Monte_Claro.zip
Monte Claro;123,57999999999961;123,44999999999962;0,010784385533964;0,016865712872679;UHE Monte Claro - CAV SNIRH.xlsx;b8f0487a-df73-4f8d-8b22-bb49cf9f3683;https://metadados.snirh.gov.br/files/b8f0487a-df73-4f8d-8b22-bb49cf9f3683/Monte_Claro.zip
Monte Claro;123,67999999999961;123,54999999999961;0,011402605968292;0,017974086546184;UHE Monte Claro - CAV SNIRH.xlsx;b8f0487a-df73-4f8d-8b22-bb49cf9f3683;https://metadados.snirh.gov.br/files/b8f0487a-df73-4f8d-8b22-bb49cf9f3683/Monte_Claro.zip
Monte Claro;123,7799999999996;123,64999999999961;0,012042988405002;0,019146268597986;UHE Monte Claro - CAV SNIRH.xlsx;b8f0487a-df73-4f8d-8b22-bb49cf9f3683;https://metadados.snirh.gov.br/files/b8f0487a-df73-4f8d-8b22-bb49cf9f3683/Monte_Claro.zip
Monte Claro;123,8799999999996;123,7499999999996;0,012684581385759;0,020382413366405;UHE Monte Claro - CAV SNIRH.xlsx;b8f0487a-df73-4f8d-8b22-bb49cf9f3683;https://metadados.snirh.gov.br/files/b8f0487a-df73-4f8d-8b22-bb49cf9f3683/Monte_Claro.zip
Monte Claro;123,97999999999959;123,8499999999996;0,013316755442489;0,021681988989383002;UHE Monte Claro - CAV SNIRH.xlsx;b8f0487a-df73-4f8d-8b22-bb49cf9f3683;https://metadados.snirh.gov.br/files/b8f0487a-df73-4f8d-8b22-bb49cf9f3683/Monte_Claro.zip
Monte Claro;124,07999999999959;123,94999999999959;0,013947369445388;0,023044257766581;UHE Monte Claro - CAV SNIRH.xlsx;b8f0487a-df73-4f8d-8b22-bb49cf9f3683;https://metadados.snirh.gov.br/files/b8f0487a-df73-4f8d-8b22-bb49cf9f3683/Monte_Claro.zip
Monte Claro;124,17999999999958;124,04999999999959;0,014747532634121;0,024477526768284;UHE Monte Claro - CAV SNIRH.xlsx;b8f0487a-df73-4f8d-8b22-bb49cf9f3683;https://metadados.snirh.gov.br/files/b8f0487a-df73-4f8d-8b22-bb49cf9f3683/Monte_Claro.zip
Monte Claro;124,27999999999957;124,14999999999958;0,015663783528943;0,025996673256953;UHE Monte Claro - CAV SNIRH.xlsx;b8f0487a-df73-4f8d-8b22-bb49cf9f3683;https://metadados.snirh.gov.br/files/b8f0487a-df73-4f8d-8b22-bb49cf9f3683/Monte_Claro.zip
Monte Claro;124,37999999999957;124,24999999999957;0,016647209093878;0,027610490662811002;UHE Monte Claro - CAV SNIRH.xlsx;b8f0487a-df73-4f8d-8b22-bb49cf9f3683;https://metadados.snirh.gov.br/files/b8f0487a-df73-4f8d-8b22-bb49cf9f3683/Monte_Claro.zip
Monte Claro;124,47999999999956;124,34999999999957;0,017661660981881;0,029325807228278;UHE Monte Claro - CAV SNIRH.xlsx;b8f0487a-df73-4f8d-8b22-bb49cf9f3683;https://metadados.snirh.gov.br/files/b8f0487a-df73-4f8d-8b22-bb49cf9f3683/Monte_Claro.zip
Monte Claro;124,57999999999956;124,44999999999956;0,018652272142738;0,031141066031114998;UHE Monte Claro - CAV SNIRH.xlsx;b8f0487a-df73-4f8d-8b22-bb49cf9f3683;https://metadados.snirh.gov.br/files/b8f0487a-df73-4f8d-8b22-bb49cf9f3683/Monte_Claro.zip
Monte Claro;124,67999999999955;124,54999999999956;0,019629877525787;0,033054557864877;UHE Monte Claro - CAV SNIRH.xlsx;b8f0487a-df73-4f8d-8b22-bb49cf9f3683;https://metadados.snirh.gov.br/files/b8f0487a-df73-4f8d-8b22-bb49cf9f3683/Monte_Claro.zip
Monte Claro;124,77999999999955;124,64999999999955;0,020605727460167;0,035066054361410005;UHE Monte Claro - CAV SNIRH.xlsx;b8f0487a-df73-4f8d-8b22-bb49cf9f3683;https://metadados.snirh.gov.br/files/b8f0487a-df73-4f8d-8b22-bb49cf9f3683/Monte_Claro.zip
Monte Claro;124,87999999999954;124,74999999999955;0,0215431722254;0,037172499233648;UHE Monte Claro - CAV SNIRH.xlsx;b8f0487a-df73-4f8d-8b22-bb49cf9f3683;https://metadados.snirh.gov.br/files/b8f0487a-df73-4f8d-8b22-bb49cf9f3683/Monte_Claro.zip
Monte Claro;124,97999999999954;124,84999999999954;0,022501371605937997;0,039374046807225;UHE Monte Claro - CAV SNIRH.xlsx;b8f0487a-df73-4f8d-8b22-bb49cf9f3683;https://metadados.snirh.gov.br/files/b8f0487a-df73-4f8d-8b22-bb49cf9f3683/Monte_Claro.zip
Monte Claro;125,07999999999953;124,94999999999953;0,023526088626171;0,041674162543058;UHE Monte Claro - CAV SNIRH.xlsx;b8f0487a-df73-4f8d-8b22-bb49cf9f3683;https://metadados.snirh.gov.br/files/b8f0487a-df73-4f8d-8b22-bb49cf9f3683/Monte_Claro.zip
Monte Claro;125,17999999999952;125,04999999999953;0,024613161969811;0,044079916311747;UHE Monte Claro - CAV SNIRH.xlsx;b8f0487a-df73-4f8d-8b22-bb49cf9f3683;https://metadados.snirh.gov.br/files/b8f0487a-df73-4f8d-8b22-bb49cf9f3683/Monte_Claro.zip
Monte Claro;125,27999999999952;125,14999999999952;0,025727308699681997;0,046595984286895;UHE Monte Claro - CAV SNIRH.xlsx;b8f0487a-df73-4f8d-8b22-bb49cf9f3683;https://metadados.snirh.gov.br/files/b8f0487a-df73-4f8d-8b22-bb49cf9f3683/Monte_Claro.zip
Monte Claro;125,37999999999951;125,24999999999952;0,026888780222401;0,049225187335553;UHE Monte Claro - CAV SNIRH.xlsx;b8f0487a-df73-4f8d-8b22-bb49cf9f3683;https://metadados.snirh.gov.br/files/b8f0487a-df73-4f8d-8b22-bb49cf9f3683/Monte_Claro.zip
Monte Claro;125,4799999999995;125,34999999999951;0,028141864496771;0,051976205300213;UHE Monte Claro - CAV SNIRH.xlsx;b8f0487a-df73-4f8d-8b22-bb49cf9f3683;https://metadados.snirh.gov.br/files/b8f0487a-df73-4f8d-8b22-bb49cf9f3683/Monte_Claro.zip
Monte Claro;125,5799999999995;125,4499999999995;0,029414224812998;0,054853771237004;UHE Monte Claro - CAV SNIRH.xlsx;b8f0487a-df73-4f8d-8b22-bb49cf9f3683;https://metadados.snirh.gov.br/files/b8f0487a-df73-4f8d-8b22-bb49cf9f3683/Monte_Claro.zip
Monte Claro;125,6799999999995;125,5499999999995;0,030679759788843998;0,057858138326178;UHE Monte Claro - CAV SNIRH.xlsx;b8f0487a-df73-4f8d-8b22-bb49cf9f3683;https://metadados.snirh.gov.br/files/b8f0487a-df73-4f8d-8b22-bb49cf9f3683/Monte_Claro.zip
Monte Claro;125,77999999999949;125,6499999999995;0,031942073948586;0,0609882478466;UHE Monte Claro - CAV SNIRH.xlsx;b8f0487a-df73-4f8d-8b22-bb49cf9f3683;https://metadados.snirh.gov.br/files/b8f0487a-df73-4f8d-8b22-bb49cf9f3683/Monte_Claro.zip
Monte Claro;125,87999999999948;125,74999999999949;0,033236249214384;0,064246244405656;UHE Monte Claro - CAV SNIRH.xlsx;b8f0487a-df73-4f8d-8b22-bb49cf9f3683;https://metadados.snirh.gov.br/files/b8f0487a-df73-4f8d-8b22-bb49cf9f3683/Monte_Claro.zip
Monte Claro;125,97999999999948;125,84999999999948;0,034663091090148;0,067638372823645;UHE Monte Claro - CAV SNIRH.xlsx;b8f0487a-df73-4f8d-8b22-bb49cf9f3683;https://metadados.snirh.gov.br/files/b8f0487a-df73-4f8d-8b22-bb49cf9f3683/Monte_Claro.zip
Monte Claro;126,07999999999947;125,94999999999948;0,036166930578952;0,071178227524963;UHE Monte Claro - CAV SNIRH.xlsx;b8f0487a-df73-4f8d-8b22-bb49cf9f3683;https://metadados.snirh.gov.br/files/b8f0487a-df73-4f8d-8b22-bb49cf9f3683/Monte_Claro.zip
Monte Claro;126,17999999999947;126,04999999999947;0,037752156501268;0,074873574881931;UHE Monte Claro - CAV SNIRH.xlsx;b8f0487a-df73-4f8d-8b22-bb49cf9f3683;https://metadados.snirh.gov.br/files/b8f0487a-df73-4f8d-8b22-bb49cf9f3683/Monte_Claro.zip
Monte Claro;126,27999999999946;126,14999999999947;0,039356763428833;0,078727903765458;UHE Monte Claro - CAV SNIRH.xlsx;b8f0487a-df73-4f8d-8b22-bb49cf9f3683;https://metadados.snirh.gov.br/files/b8f0487a-df73-4f8d-8b22-bb49cf9f3683/Monte_Claro.zip
Monte Claro;126,37999999999946;126,24999999999946;0,04116001368167;0,08275262973117499;UHE Monte Claro - CAV SNIRH.xlsx;b8f0487a-df73-4f8d-8b22-bb49cf9f3683;https://metadados.snirh.gov.br/files/b8f0487a-df73-4f8d-8b22-bb49cf9f3683/Monte_Claro.zip
Monte Claro;126,47999999999945;126,34999999999945;0,043016583793637;0,086960293707343;UHE Monte Claro - CAV SNIRH.xlsx;b8f0487a-df73-4f8d-8b22-bb49cf9f3683;https://metadados.snirh.gov.br/files/b8f0487a-df73-4f8d-8b22-bb49cf9f3683/Monte_Claro.zip
Monte Claro;126,57999999999944;126,44999999999945;0,044948435510723;0,091356435042208;UHE Monte Claro - CAV SNIRH.xlsx;b8f0487a-df73-4f8d-8b22-bb49cf9f3683;https://metadados.snirh.gov.br/files/b8f0487a-df73-4f8d-8b22-bb49cf9f3683/Monte_Claro.zip
Monte Claro;126,67999999999944;126,54999999999944;0,047152789752275;0,095959407534247;UHE Monte Claro - CAV SNIRH.xlsx;b8f0487a-df73-4f8d-8b22-bb49cf9f3683;https://metadados.snirh.gov.br/files/b8f0487a-df73-4f8d-8b22-bb49cf9f3683/Monte_Claro.zip
Monte Claro;126,77999999999943;126,64999999999944;0,049580061508053;0,10079358014535;UHE Monte Claro - CAV SNIRH.xlsx;b8f0487a-df73-4f8d-8b22-bb49cf9f3683;https://metadados.snirh.gov.br/files/b8f0487a-df73-4f8d-8b22-bb49cf9f3683/Monte_Claro.zip
Monte Claro;126,87999999999943;126,74999999999943;0,052213094185478;0,10587907532488;UHE Monte Claro - CAV SNIRH.xlsx;b8f0487a-df73-4f8d-8b22-bb49cf9f3683;https://metadados.snirh.gov.br/files/b8f0487a-df73-4f8d-8b22-bb49cf9f3683/Monte_Claro.zip
Monte Claro;126,97999999999942;126,84999999999943;0,05518777636691;0,11124973426261;UHE Monte Claro - CAV SNIRH.xlsx;b8f0487a-df73-4f8d-8b22-bb49cf9f3683;https://metadados.snirh.gov.br/files/b8f0487a-df73-4f8d-8b22-bb49cf9f3683/Monte_Claro.zip
Monte Claro;127,07999999999942;126,94999999999942;0,058108774329719996;0,11691289474823;UHE Monte Claro - CAV SNIRH.xlsx;b8f0487a-df73-4f8d-8b22-bb49cf9f3683;https://metadados.snirh.gov.br/files/b8f0487a-df73-4f8d-8b22-bb49cf9f3683/Monte_Claro.zip
Monte Claro;127,17999999999941;127,04999999999941;0,061284921919883;0,12287750167992;UHE Monte Claro - CAV SNIRH.xlsx;b8f0487a-df73-4f8d-8b22-bb49cf9f3683;https://metadados.snirh.gov.br/files/b8f0487a-df73-4f8d-8b22-bb49cf9f3683/Monte_Claro.zip
Monte Claro;127,2799999999994;127,14999999999941;0,06493405515140001;0,12918442219169998;UHE Monte Claro - CAV SNIRH.xlsx;b8f0487a-df73-4f8d-8b22-bb49cf9f3683;https://metadados.snirh.gov.br/files/b8f0487a-df73-4f8d-8b22-bb49cf9f3683/Monte_Claro.zip
Monte Claro;127,3799999999994;127,2499999999994;0,06879528847919;0,13587023824571;UHE Monte Claro - CAV SNIRH.xlsx;b8f0487a-df73-4f8d-8b22-bb49cf9f3683;https://metadados.snirh.gov.br/files/b8f0487a-df73-4f8d-8b22-bb49cf9f3683/Monte_Claro.zip
Monte Claro;127,4799999999994;127,3499999999994;0,07250780806802;0,14293412400875;UHE Monte Claro - CAV SNIRH.xlsx;b8f0487a-df73-4f8d-8b22-bb49cf9f3683;https://metadados.snirh.gov.br/files/b8f0487a-df73-4f8d-8b22-bb49cf9f3683/Monte_Claro.zip
Monte Claro;127,57999999999939;127,44999999999939;0,076403500027742;0,15038138073850998;UHE Monte Claro - CAV SNIRH.xlsx;b8f0487a-df73-4f8d-8b22-bb49cf9f3683;https://metadados.snirh.gov.br/files/b8f0487a-df73-4f8d-8b22-bb49cf9f3683/Monte_Claro.zip
Monte Claro;127,67999999999938;127,54999999999939;0,079927272959398;0,15819873530515002;UHE Monte Claro - CAV SNIRH.xlsx;b8f0487a-df73-4f8d-8b22-bb49cf9f3683;https://metadados.snirh.gov.br/files/b8f0487a-df73-4f8d-8b22-bb49cf9f3683/Monte_Claro.zip
Monte Claro;127,77999999999938;127,64999999999938;0,083611104590859;0,16637209288854998;UHE Monte Claro - CAV SNIRH.xlsx;b8f0487a-df73-4f8d-8b22-bb49cf9f3683;https://metadados.snirh.gov.br/files/b8f0487a-df73-4f8d-8b22-bb49cf9f3683/Monte_Claro.zip
Monte Claro;127,87999999999937;127,74999999999937;0,087541964795231;0,17492563151534002;UHE Monte Claro - CAV SNIRH.xlsx;b8f0487a-df73-4f8d-8b22-bb49cf9f3683;https://metadados.snirh.gov.br/files/b8f0487a-df73-4f8d-8b22-bb49cf9f3683/Monte_Claro.zip
Monte Claro;127,97999999999936;127,84999999999937;0,091485889813974;0,18387849754222;UHE Monte Claro - CAV SNIRH.xlsx;b8f0487a-df73-4f8d-8b22-bb49cf9f3683;https://metadados.snirh.gov.br/files/b8f0487a-df73-4f8d-8b22-bb49cf9f3683/Monte_Claro.zip
Monte Claro;128,07999999999936;127,94999999999936;0,095305268360679;0,19321746701528;UHE Monte Claro - CAV SNIRH.xlsx;b8f0487a-df73-4f8d-8b22-bb49cf9f3683;https://metadados.snirh.gov.br/files/b8f0487a-df73-4f8d-8b22-bb49cf9f3683/Monte_Claro.zip
Monte Claro;128,17999999999935;128,04999999999936;0,09905656897285;0,20293501576795;UHE Monte Claro - CAV SNIRH.xlsx;b8f0487a-df73-4f8d-8b22-bb49cf9f3683;https://metadados.snirh.gov.br/files/b8f0487a-df73-4f8d-8b22-bb49cf9f3683/Monte_Claro.zip
Monte Claro;128,27999999999935;128,14999999999935;0,10277807512118;0,21302589746047002;UHE Monte Claro - CAV SNIRH.xlsx;b8f0487a-df73-4f8d-8b22-bb49cf9f3683;https://metadados.snirh.gov.br/files/b8f0487a-df73-4f8d-8b22-bb49cf9f3683/Monte_Claro.zip
Monte Claro;128,37999999999934;128,24999999999935;0,10659240775493;0,22349315251836;UHE Monte Claro - CAV SNIRH.xlsx;b8f0487a-df73-4f8d-8b22-bb49cf9f3683;https://metadados.snirh.gov.br/files/b8f0487a-df73-4f8d-8b22-bb49cf9f3683/Monte_Claro.zip
Monte Claro;128,47999999999934;128,34999999999934;0,11048089263088;0,23434332035458;UHE Monte Claro - CAV SNIRH.xlsx;b8f0487a-df73-4f8d-8b22-bb49cf9f3683;https://metadados.snirh.gov.br/files/b8f0487a-df73-4f8d-8b22-bb49cf9f3683/Monte_Claro.zip
Monte Claro;128,57999999999933;128,44999999999933;0,11453450007722;0,24559477724620002;UHE Monte Claro - CAV SNIRH.xlsx;b8f0487a-df73-4f8d-8b22-bb49cf9f3683;https://metadados.snirh.gov.br/files/b8f0487a-df73-4f8d-8b22-bb49cf9f3683/Monte_Claro.zip
Monte Claro;128,67999999999932;128,54999999999933;0,11867864364196001;0,25725315677328;UHE Monte Claro - CAV SNIRH.xlsx;b8f0487a-df73-4f8d-8b22-bb49cf9f3683;https://metadados.snirh.gov.br/files/b8f0487a-df73-4f8d-8b22-bb49cf9f3683/Monte_Claro.zip
Monte Claro;128,77999999999932;128,64999999999932;0,12288592574455999;0,26933115636414;UHE Monte Claro - CAV SNIRH.xlsx;b8f0487a-df73-4f8d-8b22-bb49cf9f3683;https://metadados.snirh.gov.br/files/b8f0487a-df73-4f8d-8b22-bb49cf9f3683/Monte_Claro.zip
Monte Claro;128,8799999999993;128,74999999999932;0,12694553775393;0,28182248837708;UHE Monte Claro - CAV SNIRH.xlsx;b8f0487a-df73-4f8d-8b22-bb49cf9f3683;https://metadados.snirh.gov.br/files/b8f0487a-df73-4f8d-8b22-bb49cf9f3683/Monte_Claro.zip
Monte Claro;128,9799999999993;128,8499999999993;0,13104773980882;0,2947194774135;UHE Monte Claro - CAV SNIRH.xlsx;b8f0487a-df73-4f8d-8b22-bb49cf9f3683;https://metadados.snirh.gov.br/files/b8f0487a-df73-4f8d-8b22-bb49cf9f3683/Monte_Claro.zip
Monte Claro;129,0799999999993;128,9499999999993;0,13502870367827;0,30802663168475003;UHE Monte Claro - CAV SNIRH.xlsx;b8f0487a-df73-4f8d-8b22-bb49cf9f3683;https://metadados.snirh.gov.br/files/b8f0487a-df73-4f8d-8b22-bb49cf9f3683/Monte_Claro.zip
Monte Claro;129,1799999999993;129,0499999999993;0,13890756488181;0,32172220521975;UHE Monte Claro - CAV SNIRH.xlsx;b8f0487a-df73-4f8d-8b22-bb49cf9f3683;https://metadados.snirh.gov.br/files/b8f0487a-df73-4f8d-8b22-bb49cf9f3683/Monte_Claro.zip
Monte Claro;129,2799999999993;129,1499999999993;0,14292515869462002;0,33581227597024;UHE Monte Claro - CAV SNIRH.xlsx;b8f0487a-df73-4f8d-8b22-bb49cf9f3683;https://metadados.snirh.gov.br/files/b8f0487a-df73-4f8d-8b22-bb49cf9f3683/Monte_Claro.zip
Monte Claro;129,37999999999928;129,2499999999993;0,14698833880432;0,35030716241339;UHE Monte Claro - CAV SNIRH.xlsx;b8f0487a-df73-4f8d-8b22-bb49cf9f3683;https://metadados.snirh.gov.br/files/b8f0487a-df73-4f8d-8b22-bb49cf9f3683/Monte_Claro.zip
Monte Claro;129,47999999999928;129,34999999999928;0,15125395596473;0,36521476950662;UHE Monte Claro - CAV SNIRH.xlsx;b8f0487a-df73-4f8d-8b22-bb49cf9f3683;https://metadados.snirh.gov.br/files/b8f0487a-df73-4f8d-8b22-bb49cf9f3683/Monte_Claro.zip
Monte Claro;129,57999999999927;129,44999999999928;0,15573822701501;0,3805635735129;UHE Monte Claro - CAV SNIRH.xlsx;b8f0487a-df73-4f8d-8b22-bb49cf9f3683;https://metadados.snirh.gov.br/files/b8f0487a-df73-4f8d-8b22-bb49cf9f3683/Monte_Claro.zip
Monte Claro;129,67999999999927;129,54999999999927;0,16027277926958;0,39636281692924;UHE Monte Claro - CAV SNIRH.xlsx;b8f0487a-df73-4f8d-8b22-bb49cf9f3683;https://metadados.snirh.gov.br/files/b8f0487a-df73-4f8d-8b22-bb49cf9f3683/Monte_Claro.zip
Monte Claro;129,77999999999926;129,64999999999927;0,16509732076265;0,41262510118166;UHE Monte Claro - CAV SNIRH.xlsx;b8f0487a-df73-4f8d-8b22-bb49cf9f3683;https://metadados.snirh.gov.br/files/b8f0487a-df73-4f8d-8b22-bb49cf9f3683/Monte_Claro.zip
Monte Claro;129,87999999999926;129,74999999999926;0,17080167639939;0,42941429007976;UHE Monte Claro - CAV SNIRH.xlsx;b8f0487a-df73-4f8d-8b22-bb49cf9f3683;https://metadados.snirh.gov.br/files/b8f0487a-df73-4f8d-8b22-bb49cf9f3683/Monte_Claro.zip
Monte Claro;129,97999999999925;129,84999999999926;0,17654768657729;0,44678606198213;UHE Monte Claro - CAV SNIRH.xlsx;b8f0487a-df73-4f8d-8b22-bb49cf9f3683;https://metadados.snirh.gov.br/files/b8f0487a-df73-4f8d-8b22-bb49cf9f3683/Monte_Claro.zip
Monte Claro;130,07999999999925;129,94999999999925;0,18201553809461002;0,46471238111279;UHE Monte Claro - CAV SNIRH.xlsx;b8f0487a-df73-4f8d-8b22-bb49cf9f3683;https://metadados.snirh.gov.br/files/b8f0487a-df73-4f8d-8b22-bb49cf9f3683/Monte_Claro.zip
Monte Claro;130,17999999999924;130,04999999999924;0,18751881419767;0,48318692441447;UHE Monte Claro - CAV SNIRH.xlsx;b8f0487a-df73-4f8d-8b22-bb49cf9f3683;https://metadados.snirh.gov.br/files/b8f0487a-df73-4f8d-8b22-bb49cf9f3683/Monte_Claro.zip
Monte Claro;130,27999999999923;130,14999999999924;0,19326695081151;0,50221877054382;UHE Monte Claro - CAV SNIRH.xlsx;b8f0487a-df73-4f8d-8b22-bb49cf9f3683;https://metadados.snirh.gov.br/files/b8f0487a-df73-4f8d-8b22-bb49cf9f3683/Monte_Claro.zip
Monte Claro;130,37999999999923;130,24999999999923;0,19987196642347999;0,52187039450627;UHE Monte Claro - CAV SNIRH.xlsx;b8f0487a-df73-4f8d-8b22-bb49cf9f3683;https://metadados.snirh.gov.br/files/b8f0487a-df73-4f8d-8b22-bb49cf9f3683/Monte_Claro.zip
Monte Claro;130,47999999999922;130,34999999999923;0,20660567333990998;0,5421949761229;UHE Monte Claro - CAV SNIRH.xlsx;b8f0487a-df73-4f8d-8b22-bb49cf9f3683;https://metadados.snirh.gov.br/files/b8f0487a-df73-4f8d-8b22-bb49cf9f3683/Monte_Claro.zip
Monte Claro;130,57999999999922;130,44999999999922;0,213315401221;0,5631918636309;UHE Monte Claro - CAV SNIRH.xlsx;b8f0487a-df73-4f8d-8b22-bb49cf9f3683;https://metadados.snirh.gov.br/files/b8f0487a-df73-4f8d-8b22-bb49cf9f3683/Monte_Claro.zip
Monte Claro;130,6799999999992;130,54999999999922;0,21987817895711;0,58484902729116;UHE Monte Claro - CAV SNIRH.xlsx;b8f0487a-df73-4f8d-8b22-bb49cf9f3683;https://metadados.snirh.gov.br/files/b8f0487a-df73-4f8d-8b22-bb49cf9f3683/Monte_Claro.zip
Monte Claro;130,7799999999992;130,6499999999992;0,22678644301362;0,60717831535633;UHE Monte Claro - CAV SNIRH.xlsx;b8f0487a-df73-4f8d-8b22-bb49cf9f3683;https://metadados.snirh.gov.br/files/b8f0487a-df73-4f8d-8b22-bb49cf9f3683/Monte_Claro.zip
Monte Claro;130,8799999999992;130,7499999999992;0,23403778087476998;0,63021701571789;UHE Monte Claro - CAV SNIRH.xlsx;b8f0487a-df73-4f8d-8b22-bb49cf9f3683;https://metadados.snirh.gov.br/files/b8f0487a-df73-4f8d-8b22-bb49cf9f3683/Monte_Claro.zip
Monte Claro;130,9799999999992;130,8499999999992;0,2417667931866;0,65400136425194;UHE Monte Claro - CAV SNIRH.xlsx;b8f0487a-df73-4f8d-8b22-bb49cf9f3683;https://metadados.snirh.gov.br/files/b8f0487a-df73-4f8d-8b22-bb49cf9f3683/Monte_Claro.zip
Monte Claro;131,0799999999992;130,9499999999992;0,24981095392522998;0,6785793610530501;UHE Monte Claro - CAV SNIRH.xlsx;b8f0487a-df73-4f8d-8b22-bb49cf9f3683;https://metadados.snirh.gov.br/files/b8f0487a-df73-4f8d-8b22-bb49cf9f3683/Monte_Claro.zip
Monte Claro;131,17999999999918;131,0499999999992;0,25787639807232;0,70396473012533;UHE Monte Claro - CAV SNIRH.xlsx;b8f0487a-df73-4f8d-8b22-bb49cf9f3683;https://metadados.snirh.gov.br/files/b8f0487a-df73-4f8d-8b22-bb49cf9f3683/Monte_Claro.zip
Monte Claro;131,27999999999918;131,14999999999918;0,26585794697969;0,73015154773677;UHE Monte Claro - CAV SNIRH.xlsx;b8f0487a-df73-4f8d-8b22-bb49cf9f3683;https://metadados.snirh.gov.br/files/b8f0487a-df73-4f8d-8b22-bb49cf9f3683/Monte_Claro.zip
Monte Claro;131,37999999999917;131,24999999999918;0,27378287347817004;0,7571337068277301;UHE Monte Claro - CAV SNIRH.xlsx;b8f0487a-df73-4f8d-8b22-bb49cf9f3683;https://metadados.snirh.gov.br/files/b8f0487a-df73-4f8d-8b22-bb49cf9f3683/Monte_Claro.zip
Monte Claro;131,47999999999917;131,34999999999917;0,28192265317636;0,78491355833602;UHE Monte Claro - CAV SNIRH.xlsx;b8f0487a-df73-4f8d-8b22-bb49cf9f3683;https://metadados.snirh.gov.br/files/b8f0487a-df73-4f8d-8b22-bb49cf9f3683/Monte_Claro.zip
Monte Claro;131,57999999999916;131,44999999999916;0,29030915232361;0,81352032393369;UHE Monte Claro - CAV SNIRH.xlsx;b8f0487a-df73-4f8d-8b22-bb49cf9f3683;https://metadados.snirh.gov.br/files/b8f0487a-df73-4f8d-8b22-bb49cf9f3683/Monte_Claro.zip
Monte Claro;131,67999999999915;131,54999999999916;0,29892067236713;0,8429784642524;UHE Monte Claro - CAV SNIRH.xlsx;b8f0487a-df73-4f8d-8b22-bb49cf9f3683;https://metadados.snirh.gov.br/files/b8f0487a-df73-4f8d-8b22-bb49cf9f3683/Monte_Claro.zip
Monte Claro;131,77999999999915;131,64999999999915;0,30782696957193;0,87331287085743;UHE Monte Claro - CAV SNIRH.xlsx;b8f0487a-df73-4f8d-8b22-bb49cf9f3683;https://metadados.snirh.gov.br/files/b8f0487a-df73-4f8d-8b22-bb49cf9f3683/Monte_Claro.zip
Monte Claro;131,87999999999914;131,74999999999915;0,31719120658161004;0,90456098471936;UHE Monte Claro - CAV SNIRH.xlsx;b8f0487a-df73-4f8d-8b22-bb49cf9f3683;https://metadados.snirh.gov.br/files/b8f0487a-df73-4f8d-8b22-bb49cf9f3683/Monte_Claro.zip
Monte Claro;131,97999999999914;131,84999999999914;0,32668109105769;0,93675293186472;UHE Monte Claro - CAV SNIRH.xlsx;b8f0487a-df73-4f8d-8b22-bb49cf9f3683;https://metadados.snirh.gov.br/files/b8f0487a-df73-4f8d-8b22-bb49cf9f3683/Monte_Claro.zip
Monte Claro;132,07999999999913;131,94999999999914;0,33614587381618;0,96989358668716;UHE Monte Claro - CAV SNIRH.xlsx;b8f0487a-df73-4f8d-8b22-bb49cf9f3683;https://metadados.snirh.gov.br/files/b8f0487a-df73-4f8d-8b22-bb49cf9f3683/Monte_Claro.zip
Monte Claro;132,17999999999913;132,04999999999913;0,34582914868112;1,0039881736688;UHE Monte Claro - CAV SNIRH.xlsx;b8f0487a-df73-4f8d-8b22-bb49cf9f3683;https://metadados.snirh.gov.br/files/b8f0487a-df73-4f8d-8b22-bb49cf9f3683/Monte_Claro.zip
Monte Claro;132,27999999999912;132,14999999999912;0,35564246953087997;1,0390613890616;UHE Monte Claro - CAV SNIRH.xlsx;b8f0487a-df73-4f8d-8b22-bb49cf9f3683;https://metadados.snirh.gov.br/files/b8f0487a-df73-4f8d-8b22-bb49cf9f3683/Monte_Claro.zip
Monte Claro;132,37999999999911;132,24999999999912;0,36545703587386;1,0751159763547;UHE Monte Claro - CAV SNIRH.xlsx;b8f0487a-df73-4f8d-8b22-bb49cf9f3683;https://metadados.snirh.gov.br/files/b8f0487a-df73-4f8d-8b22-bb49cf9f3683/Monte_Claro.zip
Monte Claro;132,4799999999991;132,3499999999991;0,37540722240635;1,1121633243481;UHE Monte Claro - CAV SNIRH.xlsx;b8f0487a-df73-4f8d-8b22-bb49cf9f3683;https://metadados.snirh.gov.br/files/b8f0487a-df73-4f8d-8b22-bb49cf9f3683/Monte_Claro.zip
Monte Claro;132,5799999999991;132,4499999999991;0,38521870545274;1,150194397848;UHE Monte Claro - CAV SNIRH.xlsx;b8f0487a-df73-4f8d-8b22-bb49cf9f3683;https://metadados.snirh.gov.br/files/b8f0487a-df73-4f8d-8b22-bb49cf9f3683/Monte_Claro.zip
Monte Claro;132,6799999999991;132,5499999999991;0,39494502371007;1,189199268793;UHE Monte Claro - CAV SNIRH.xlsx;b8f0487a-df73-4f8d-8b22-bb49cf9f3683;https://metadados.snirh.gov.br/files/b8f0487a-df73-4f8d-8b22-bb49cf9f3683/Monte_Claro.zip
Monte Claro;132,7799999999991;132,6499999999991;0,40472149443325;1,2291811341841;UHE Monte Claro - CAV SNIRH.xlsx;b8f0487a-df73-4f8d-8b22-bb49cf9f3683;https://metadados.snirh.gov.br/files/b8f0487a-df73-4f8d-8b22-bb49cf9f3683/Monte_Claro.zip
Monte Claro;132,8799999999991;132,7499999999991;0,41448326987129;1,2701413908361001;UHE Monte Claro - CAV SNIRH.xlsx;b8f0487a-df73-4f8d-8b22-bb49cf9f3683;https://metadados.snirh.gov.br/files/b8f0487a-df73-4f8d-8b22-bb49cf9f3683/Monte_Claro.zip
Monte Claro;132,97999999999908;132,84999999999908;0,42405115879497995;1,3120677632775;UHE Monte Claro - CAV SNIRH.xlsx;b8f0487a-df73-4f8d-8b22-bb49cf9f3683;https://metadados.snirh.gov.br/files/b8f0487a-df73-4f8d-8b22-bb49cf9f3683/Monte_Claro.zip
Monte Claro;133,07999999999907;132,94999999999908;0,43349689956325;1,354948766156;UHE Monte Claro - CAV SNIRH.xlsx;b8f0487a-df73-4f8d-8b22-bb49cf9f3683;https://metadados.snirh.gov.br/files/b8f0487a-df73-4f8d-8b22-bb49cf9f3683/Monte_Claro.zip
Monte Claro;133,17999999999907;133,04999999999907;0,44240992496484;1,3987458491924;UHE Monte Claro - CAV SNIRH.xlsx;b8f0487a-df73-4f8d-8b22-bb49cf9f3683;https://metadados.snirh.gov.br/files/b8f0487a-df73-4f8d-8b22-bb49cf9f3683/Monte_Claro.zip
Monte Claro;133,27999999999906;133,14999999999907;0,45119372147318;1,4434285233755;UHE Monte Claro - CAV SNIRH.xlsx;b8f0487a-df73-4f8d-8b22-bb49cf9f3683;https://metadados.snirh.gov.br/files/b8f0487a-df73-4f8d-8b22-bb49cf9f3683/Monte_Claro.zip
Monte Claro;133,37999999999906;133,24999999999906;0,45975830269687;1,4889771567437;UHE Monte Claro - CAV SNIRH.xlsx;b8f0487a-df73-4f8d-8b22-bb49cf9f3683;https://metadados.snirh.gov.br/files/b8f0487a-df73-4f8d-8b22-bb49cf9f3683/Monte_Claro.zip
Monte Claro;133,47999999999905;133,34999999999906;0,46838233435262;1,5353852457194999;UHE Monte Claro - CAV SNIRH.xlsx;b8f0487a-df73-4f8d-8b22-bb49cf9f3683;https://metadados.snirh.gov.br/files/b8f0487a-df73-4f8d-8b22-bb49cf9f3683/Monte_Claro.zip
Monte Claro;133,57999999999905;133,44999999999905;0,47660668142442;1,5826355723755001;UHE Monte Claro - CAV SNIRH.xlsx;b8f0487a-df73-4f8d-8b22-bb49cf9f3683;https://metadados.snirh.gov.br/files/b8f0487a-df73-4f8d-8b22-bb49cf9f3683/Monte_Claro.zip
Monte Claro;133,67999999999904;133,54999999999905;0,48485851592804996;1,6307057010516999;UHE Monte Claro - CAV SNIRH.xlsx;b8f0487a-df73-4f8d-8b22-bb49cf9f3683;https://metadados.snirh.gov.br/files/b8f0487a-df73-4f8d-8b22-bb49cf9f3683/Monte_Claro.zip
Monte Claro;133,77999999999903;133,64999999999904;0,49315494039576;1,6796079434309001;UHE Monte Claro - CAV SNIRH.xlsx;b8f0487a-df73-4f8d-8b22-bb49cf9f3683;https://metadados.snirh.gov.br/files/b8f0487a-df73-4f8d-8b22-bb49cf9f3683/Monte_Claro.zip
Monte Claro;133,87999999999903;133,74999999999903;0,50107157612589;1,7293236022769;UHE Monte Claro - CAV SNIRH.xlsx;b8f0487a-df73-4f8d-8b22-bb49cf9f3683;https://metadados.snirh.gov.br/files/b8f0487a-df73-4f8d-8b22-bb49cf9f3683/Monte_Claro.zip
Monte Claro;133,97999999999902;133,84999999999903;0,50872118546285;1,7798109212181;UHE Monte Claro - CAV SNIRH.xlsx;b8f0487a-df73-4f8d-8b22-bb49cf9f3683;https://metadados.snirh.gov.br/files/b8f0487a-df73-4f8d-8b22-bb49cf9f3683/Monte_Claro.zip
Monte Claro;134,07999999999902;133,94999999999902;0,51630366512314;1,8310601850441999;UHE Monte Claro - CAV SNIRH.xlsx;b8f0487a-df73-4f8d-8b22-bb49cf9f3683;https://metadados.snirh.gov.br/files/b8f0487a-df73-4f8d-8b22-bb49cf9f3683/Monte_Claro.zip
Monte Claro;134,179999999999;134,04999999999902;0,52381191621832;1,8830693592818;UHE Monte Claro - CAV SNIRH.xlsx;b8f0487a-df73-4f8d-8b22-bb49cf9f3683;https://metadados.snirh.gov.br/files/b8f0487a-df73-4f8d-8b22-bb49cf9f3683/Monte_Claro.zip
Monte Claro;134,279999999999;134,149999999999;0,53091974113975;1,9358082332342;UHE Monte Claro - CAV SNIRH.xlsx;b8f0487a-df73-4f8d-8b22-bb49cf9f3683;https://metadados.snirh.gov.br/files/b8f0487a-df73-4f8d-8b22-bb49cf9f3683/Monte_Claro.zip
Monte Claro;134,379999999999;134,249999999999;0,53774613396604;1,9892412470007002;UHE Monte Claro - CAV SNIRH.xlsx;b8f0487a-df73-4f8d-8b22-bb49cf9f3683;https://metadados.snirh.gov.br/files/b8f0487a-df73-4f8d-8b22-bb49cf9f3683/Monte_Claro.zip
Monte Claro;134,479999999999;134,349999999999;0,54435940798427;2,0433469059496;UHE Monte Claro - CAV SNIRH.xlsx;b8f0487a-df73-4f8d-8b22-bb49cf9f3683;https://metadados.snirh.gov.br/files/b8f0487a-df73-4f8d-8b22-bb49cf9f3683/Monte_Claro.zip
Monte Claro;134,579999999999;134,449999999999;0,55104071499311;2,0981142849706003;UHE Monte Claro - CAV SNIRH.xlsx;b8f0487a-df73-4f8d-8b22-bb49cf9f3683;https://metadados.snirh.gov.br/files/b8f0487a-df73-4f8d-8b22-bb49cf9f3683/Monte_Claro.zip
Monte Claro;134,67999999999898;134,549999999999;0,55778417845197;2,1535547232716;UHE Monte Claro - CAV SNIRH.xlsx;b8f0487a-df73-4f8d-8b22-bb49cf9f3683;https://metadados.snirh.gov.br/files/b8f0487a-df73-4f8d-8b22-bb49cf9f3683/Monte_Claro.zip
Monte Claro;134,77999999999898;134,64999999999898;0,5645566743076;2,2096694074550003;UHE Monte Claro - CAV SNIRH.xlsx;b8f0487a-df73-4f8d-8b22-bb49cf9f3683;https://metadados.snirh.gov.br/files/b8f0487a-df73-4f8d-8b22-bb49cf9f3683/Monte_Claro.zip
Monte Claro;134,87999999999897;134,74999999999898;0,5713427878671;2,2664615947814997;UHE Monte Claro - CAV SNIRH.xlsx;b8f0487a-df73-4f8d-8b22-bb49cf9f3683;https://metadados.snirh.gov.br/files/b8f0487a-df73-4f8d-8b22-bb49cf9f3683/Monte_Claro.zip
Monte Claro;134,97999999999897;134,84999999999897;0,5781414657476;2,3239327339567;UHE Monte Claro - CAV SNIRH.xlsx;b8f0487a-df73-4f8d-8b22-bb49cf9f3683;https://metadados.snirh.gov.br/files/b8f0487a-df73-4f8d-8b22-bb49cf9f3683/Monte_Claro.zip
Monte Claro;135,07999999999896;134,94999999999897;0,5852570543427801;2,3821010557674;UHE Monte Claro - CAV SNIRH.xlsx;b8f0487a-df73-4f8d-8b22-bb49cf9f3683;https://metadados.snirh.gov.br/files/b8f0487a-df73-4f8d-8b22-bb49cf9f3683/Monte_Claro.zip
Monte Claro;135,17999999999896;135,04999999999896;0,5924697380884799;2,4409868798655996;UHE Monte Claro - CAV SNIRH.xlsx;b8f0487a-df73-4f8d-8b22-bb49cf9f3683;https://metadados.snirh.gov.br/files/b8f0487a-df73-4f8d-8b22-bb49cf9f3683/Monte_Claro.zip
Monte Claro;135,27999999999895;135,14999999999895;0,5997809986828899;2,5005958941624997;UHE Monte Claro - CAV SNIRH.xlsx;b8f0487a-df73-4f8d-8b22-bb49cf9f3683;https://metadados.snirh.gov.br/files/b8f0487a-df73-4f8d-8b22-bb49cf9f3683/Monte_Claro.zip
Monte Claro;135,37999999999894;135,24999999999895;0,60715549243124;2,5609391264486;UHE Monte Claro - CAV SNIRH.xlsx;b8f0487a-df73-4f8d-8b22-bb49cf9f3683;https://metadados.snirh.gov.br/files/b8f0487a-df73-4f8d-8b22-bb49cf9f3683/Monte_Claro.zip
Monte Claro;135,47999999999894;135,34999999999894;0,61473071295894;2,6220318568119003;UHE Monte Claro - CAV SNIRH.xlsx;b8f0487a-df73-4f8d-8b22-bb49cf9f3683;https://metadados.snirh.gov.br/files/b8f0487a-df73-4f8d-8b22-bb49cf9f3683/Monte_Claro.zip
Monte Claro;135,57999999999893;135,44999999999894;0,62235143845819;2,6838831660762;UHE Monte Claro - CAV SNIRH.xlsx;b8f0487a-df73-4f8d-8b22-bb49cf9f3683;https://metadados.snirh.gov.br/files/b8f0487a-df73-4f8d-8b22-bb49cf9f3683/Monte_Claro.zip
Monte Claro;135,67999999999893;135,54999999999893;0,6300076597148;2,7464990457622;UHE Monte Claro - CAV SNIRH.xlsx;b8f0487a-df73-4f8d-8b22-bb49cf9f3683;https://metadados.snirh.gov.br/files/b8f0487a-df73-4f8d-8b22-bb49cf9f3683/Monte_Claro.zip
Monte Claro;135,77999999999892;135,64999999999893;0,63803132585237;2,8098993569327;UHE Monte Claro - CAV SNIRH.xlsx;b8f0487a-df73-4f8d-8b22-bb49cf9f3683;https://metadados.snirh.gov.br/files/b8f0487a-df73-4f8d-8b22-bb49cf9f3683/Monte_Claro.zip
Monte Claro;135,87999999999892;135,74999999999892;0,64612581202621;2,8741020549781;UHE Monte Claro - CAV SNIRH.xlsx;b8f0487a-df73-4f8d-8b22-bb49cf9f3683;https://metadados.snirh.gov.br/files/b8f0487a-df73-4f8d-8b22-bb49cf9f3683/Monte_Claro.zip
Monte Claro;135,9799999999989;135,84999999999891;0,65415269775316;2,9391195209956003;UHE Monte Claro - CAV SNIRH.xlsx;b8f0487a-df73-4f8d-8b22-bb49cf9f3683;https://metadados.snirh.gov.br/files/b8f0487a-df73-4f8d-8b22-bb49cf9f3683/Monte_Claro.zip
Monte Claro;136,0799999999989;135,9499999999989;0,6622685411003201;3,0049333468534;UHE Monte Claro - CAV SNIRH.xlsx;b8f0487a-df73-4f8d-8b22-bb49cf9f3683;https://metadados.snirh.gov.br/files/b8f0487a-df73-4f8d-8b22-bb49cf9f3683/Monte_Claro.zip
Monte Claro;136,1799999999989;136,0499999999989;0,6711649068133699;3,0716016454229003;UHE Monte Claro - CAV SNIRH.xlsx;b8f0487a-df73-4f8d-8b22-bb49cf9f3683;https://metadados.snirh.gov.br/files/b8f0487a-df73-4f8d-8b22-bb49cf9f3683/Monte_Claro.zip
Monte Claro;136,2799999999989;136,1499999999989;0,67994828093378;3,1391549691483998;UHE Monte Claro - CAV SNIRH.xlsx;b8f0487a-df73-4f8d-8b22-bb49cf9f3683;https://metadados.snirh.gov.br/files/b8f0487a-df73-4f8d-8b22-bb49cf9f3683/Monte_Claro.zip
Monte Claro;136,3799999999989;136,2499999999989;0,6887663600619599;3,207592769924;UHE Monte Claro - CAV SNIRH.xlsx;b8f0487a-df73-4f8d-8b22-bb49cf9f3683;https://metadados.snirh.gov.br/files/b8f0487a-df73-4f8d-8b22-bb49cf9f3683/Monte_Claro.zip
Monte Claro;136,47999999999888;136,3499999999989;0,69720926233537;3,2768912786578;UHE Monte Claro - CAV SNIRH.xlsx;b8f0487a-df73-4f8d-8b22-bb49cf9f3683;https://metadados.snirh.gov.br/files/b8f0487a-df73-4f8d-8b22-bb49cf9f3683/Monte_Claro.zip
Monte Claro;136,57999999999888;136,44999999999888;0,70558975394441;3,3470272196724;UHE Monte Claro - CAV SNIRH.xlsx;b8f0487a-df73-4f8d-8b22-bb49cf9f3683;https://metadados.snirh.gov.br/files/b8f0487a-df73-4f8d-8b22-bb49cf9f3683/Monte_Claro.zip
Monte Claro;136,67999999999887;136,54999999999887;0,71451380330335;3,4180298886699996;UHE Monte Claro - CAV SNIRH.xlsx;b8f0487a-df73-4f8d-8b22-bb49cf9f3683;https://metadados.snirh.gov.br/files/b8f0487a-df73-4f8d-8b22-bb49cf9f3683/Monte_Claro.zip
Monte Claro;136,77999999999886;136,64999999999887;0,72307988756272;3,4899104968506;UHE Monte Claro - CAV SNIRH.xlsx;b8f0487a-df73-4f8d-8b22-bb49cf9f3683;https://metadados.snirh.gov.br/files/b8f0487a-df73-4f8d-8b22-bb49cf9f3683/Monte_Claro.zip
Monte Claro;136,87999999999886;136,74999999999886;0,73188921936199;3,5626511509957997;UHE Monte Claro - CAV SNIRH.xlsx;b8f0487a-df73-4f8d-8b22-bb49cf9f3683;https://metadados.snirh.gov.br/files/b8f0487a-df73-4f8d-8b22-bb49cf9f3683/Monte_Claro.zip
Monte Claro;136,97999999999885;136,84999999999886;0,7410894352307099;3,6363019088699;UHE Monte Claro - CAV SNIRH.xlsx;b8f0487a-df73-4f8d-8b22-bb49cf9f3683;https://metadados.snirh.gov.br/files/b8f0487a-df73-4f8d-8b22-bb49cf9f3683/Monte_Claro.zip
Monte Claro;137,07999999999885;136,94999999999885;0,74990802735039;3,7108507613365;UHE Monte Claro - CAV SNIRH.xlsx;b8f0487a-df73-4f8d-8b22-bb49cf9f3683;https://metadados.snirh.gov.br/files/b8f0487a-df73-4f8d-8b22-bb49cf9f3683/Monte_Claro.zip
Monte Claro;137,17999999999884;137,04999999999885;0,7585555840472199;3,7862717602536;UHE Monte Claro - CAV SNIRH.xlsx;b8f0487a-df73-4f8d-8b22-bb49cf9f3683;https://metadados.snirh.gov.br/files/b8f0487a-df73-4f8d-8b22-bb49cf9f3683/Monte_Claro.zip
Monte Claro;137,27999999999884;137,14999999999884;0,76722556610139;3,8625579783728003;UHE Monte Claro - CAV SNIRH.xlsx;b8f0487a-df73-4f8d-8b22-bb49cf9f3683;https://metadados.snirh.gov.br/files/b8f0487a-df73-4f8d-8b22-bb49cf9f3683/Monte_Claro.zip
Monte Claro;137,37999999999883;137,24999999999883;0,77622826631336;3,9397223334634;UHE Monte Claro - CAV SNIRH.xlsx;b8f0487a-df73-4f8d-8b22-bb49cf9f3683;https://metadados.snirh.gov.br/files/b8f0487a-df73-4f8d-8b22-bb49cf9f3683/Monte_Claro.zip
Monte Claro;137,47999999999882;137,34999999999883;0,7852630874263;4,0177984129031;UHE Monte Claro - CAV SNIRH.xlsx;b8f0487a-df73-4f8d-8b22-bb49cf9f3683;https://metadados.snirh.gov.br/files/b8f0487a-df73-4f8d-8b22-bb49cf9f3683/Monte_Claro.zip
Monte Claro;137,57999999999882;137,44999999999882;0,79425710905657;4,0967746352978;UHE Monte Claro - CAV SNIRH.xlsx;b8f0487a-df73-4f8d-8b22-bb49cf9f3683;https://metadados.snirh.gov.br/files/b8f0487a-df73-4f8d-8b22-bb49cf9f3683/Monte_Claro.zip
Monte Claro;137,6799999999988;137,54999999999882;0,803023281603;4,1766359002747;UHE Monte Claro - CAV SNIRH.xlsx;b8f0487a-df73-4f8d-8b22-bb49cf9f3683;https://metadados.snirh.gov.br/files/b8f0487a-df73-4f8d-8b22-bb49cf9f3683/Monte_Claro.zip
Monte Claro;137,7799999999988;137,6499999999988;0,8116333477712799;4,2573715876006;UHE Monte Claro - CAV SNIRH.xlsx;b8f0487a-df73-4f8d-8b22-bb49cf9f3683;https://metadados.snirh.gov.br/files/b8f0487a-df73-4f8d-8b22-bb49cf9f3683/Monte_Claro.zip
Monte Claro;137,8799999999988;137,7499999999988;0,81995608861847;4,3389480400718;UHE Monte Claro - CAV SNIRH.xlsx;b8f0487a-df73-4f8d-8b22-bb49cf9f3683;https://metadados.snirh.gov.br/files/b8f0487a-df73-4f8d-8b22-bb49cf9f3683/Monte_Claro.zip
Monte Claro;137,9799999999988;137,8499999999988;0,82839654236923;4,4213604764034;UHE Monte Claro - CAV SNIRH.xlsx;b8f0487a-df73-4f8d-8b22-bb49cf9f3683;https://metadados.snirh.gov.br/files/b8f0487a-df73-4f8d-8b22-bb49cf9f3683/Monte_Claro.zip
Monte Claro;138,0799999999988;137,9499999999988;0,83700182459257;4,504630061167901;UHE Monte Claro - CAV SNIRH.xlsx;b8f0487a-df73-4f8d-8b22-bb49cf9f3683;https://metadados.snirh.gov.br/files/b8f0487a-df73-4f8d-8b22-bb49cf9f3683/Monte_Claro.zip
Monte Claro;138,17999999999878;138,0499999999988;0,84543813332176;4,5887514166928;UHE Monte Claro - CAV SNIRH.xlsx;b8f0487a-df73-4f8d-8b22-bb49cf9f3683;https://metadados.snirh.gov.br/files/b8f0487a-df73-4f8d-8b22-bb49cf9f3683/Monte_Claro.zip
Monte Claro;138,27999999999878;138,14999999999878;0,85388500507252;4,6737135155347;UHE Monte Claro - CAV SNIRH.xlsx;b8f0487a-df73-4f8d-8b22-bb49cf9f3683;https://metadados.snirh.gov.br/files/b8f0487a-df73-4f8d-8b22-bb49cf9f3683/Monte_Claro.zip
Monte Claro;138,37999999999877;138,24999999999878;0,86263749786318;4,7595380620756;UHE Monte Claro - CAV SNIRH.xlsx;b8f0487a-df73-4f8d-8b22-bb49cf9f3683;https://metadados.snirh.gov.br/files/b8f0487a-df73-4f8d-8b22-bb49cf9f3683/Monte_Claro.zip
Monte Claro;138,47999999999877;138,34999999999877;0,8712796435789201;4,8462327370846;UHE Monte Claro - CAV SNIRH.xlsx;b8f0487a-df73-4f8d-8b22-bb49cf9f3683;https://metadados.snirh.gov.br/files/b8f0487a-df73-4f8d-8b22-bb49cf9f3683/Monte_Claro.zip
Monte Claro;138,57999999999876;138,44999999999877;0,8799663014670001;4,9337912646311;UHE Monte Claro - CAV SNIRH.xlsx;b8f0487a-df73-4f8d-8b22-bb49cf9f3683;https://metadados.snirh.gov.br/files/b8f0487a-df73-4f8d-8b22-bb49cf9f3683/Monte_Claro.zip
Monte Claro;138,67999999999876;138,54999999999876;0,88852236724699;5,022215728733;UHE Monte Claro - CAV SNIRH.xlsx;b8f0487a-df73-4f8d-8b22-bb49cf9f3683;https://metadados.snirh.gov.br/files/b8f0487a-df73-4f8d-8b22-bb49cf9f3683/Monte_Claro.zip
Monte Claro;138,77999999999875;138,64999999999876;0,89699950254295;5,1114899341567;UHE Monte Claro - CAV SNIRH.xlsx;b8f0487a-df73-4f8d-8b22-bb49cf9f3683;https://metadados.snirh.gov.br/files/b8f0487a-df73-4f8d-8b22-bb49cf9f3683/Monte_Claro.zip
Monte Claro;138,87999999999874;138,74999999999875;0,905350121455;5,2016063159233;UHE Monte Claro - CAV SNIRH.xlsx;b8f0487a-df73-4f8d-8b22-bb49cf9f3683;https://metadados.snirh.gov.br/files/b8f0487a-df73-4f8d-8b22-bb49cf9f3683/Monte_Claro.zip
Monte Claro;138,97999999999874;138,84999999999874;0,9136438719526501;5,2925544899539;UHE Monte Claro - CAV SNIRH.xlsx;b8f0487a-df73-4f8d-8b22-bb49cf9f3683;https://metadados.snirh.gov.br/files/b8f0487a-df73-4f8d-8b22-bb49cf9f3683/Monte_Claro.zip
Monte Claro;139,07999999999873;138,94999999999874;0,92176051142312;5,3843233073738;UHE Monte Claro - CAV SNIRH.xlsx;b8f0487a-df73-4f8d-8b22-bb49cf9f3683;https://metadados.snirh.gov.br/files/b8f0487a-df73-4f8d-8b22-bb49cf9f3683/Monte_Claro.zip
Monte Claro;139,17999999999873;139,04999999999873;0,92981308233939;5,4769015210984;UHE Monte Claro - CAV SNIRH.xlsx;b8f0487a-df73-4f8d-8b22-bb49cf9f3683;https://metadados.snirh.gov.br/files/b8f0487a-df73-4f8d-8b22-bb49cf9f3683/Monte_Claro.zip
Monte Claro;139,27999999999872;139,14999999999873;0,93795030815781;5,5702886050085;UHE Monte Claro - CAV SNIRH.xlsx;b8f0487a-df73-4f8d-8b22-bb49cf9f3683;https://metadados.snirh.gov.br/files/b8f0487a-df73-4f8d-8b22-bb49cf9f3683/Monte_Claro.zip
Monte Claro;139,37999999999872;139,24999999999872;0,94632628186863;5,6644980831038;UHE Monte Claro - CAV SNIRH.xlsx;b8f0487a-df73-4f8d-8b22-bb49cf9f3683;https://metadados.snirh.gov.br/files/b8f0487a-df73-4f8d-8b22-bb49cf9f3683/Monte_Claro.zip
Monte Claro;139,4799999999987;139,34999999999872;0,9549945629321299;5,7595610884582;UHE Monte Claro - CAV SNIRH.xlsx;b8f0487a-df73-4f8d-8b22-bb49cf9f3683;https://metadados.snirh.gov.br/files/b8f0487a-df73-4f8d-8b22-bb49cf9f3683/Monte_Claro.zip
Monte Claro;139,5799999999987;139,4499999999987;0,96368217150351;5,8554927920659;UHE Monte Claro - CAV SNIRH.xlsx;b8f0487a-df73-4f8d-8b22-bb49cf9f3683;https://metadados.snirh.gov.br/files/b8f0487a-df73-4f8d-8b22-bb49cf9f3683/Monte_Claro.zip
Monte Claro;139,6799999999987;139,5499999999987;0,97231343674298;5,952292771322;UHE Monte Claro - CAV SNIRH.xlsx;b8f0487a-df73-4f8d-8b22-bb49cf9f3683;https://metadados.snirh.gov.br/files/b8f0487a-df73-4f8d-8b22-bb49cf9f3683/Monte_Claro.zip
Monte Claro;139,7799999999987;139,6499999999987;0,98105163906369;6,049958518897101;UHE Monte Claro - CAV SNIRH.xlsx;b8f0487a-df73-4f8d-8b22-bb49cf9f3683;https://metadados.snirh.gov.br/files/b8f0487a-df73-4f8d-8b22-bb49cf9f3683/Monte_Claro.zip
Monte Claro;139,8799999999987;139,7499999999987;0,98992463769726;6,1485062208928;UHE Monte Claro - CAV SNIRH.xlsx;b8f0487a-df73-4f8d-8b22-bb49cf9f3683;https://metadados.snirh.gov.br/files/b8f0487a-df73-4f8d-8b22-bb49cf9f3683/Monte_Claro.zip
Monte Claro;139,97999999999868;139,8499999999987;0,99898386726238;6,2479477696123995;UHE Monte Claro - CAV SNIRH.xlsx;b8f0487a-df73-4f8d-8b22-bb49cf9f3683;https://metadados.snirh.gov.br/files/b8f0487a-df73-4f8d-8b22-bb49cf9f3683/Monte_Claro.zip
Monte Claro;140,07999999999868;139,94999999999868;1,0079942638778;6,3482997787375;UHE Monte Claro - CAV SNIRH.xlsx;b8f0487a-df73-4f8d-8b22-bb49cf9f3683;https://metadados.snirh.gov.br/files/b8f0487a-df73-4f8d-8b22-bb49cf9f3683/Monte_Claro.zip
Monte Claro;140,17999999999867;140,04999999999868;1,0169435627354;6,449548180710599;UHE Monte Claro - CAV SNIRH.xlsx;b8f0487a-df73-4f8d-8b22-bb49cf9f3683;https://metadados.snirh.gov.br/files/b8f0487a-df73-4f8d-8b22-bb49cf9f3683/Monte_Claro.zip
Monte Claro;140,27999999999867;140,14999999999867;1,0257894504886;6,5516839903569;UHE Monte Claro - CAV SNIRH.xlsx;b8f0487a-df73-4f8d-8b22-bb49cf9f3683;https://metadados.snirh.gov.br/files/b8f0487a-df73-4f8d-8b22-bb49cf9f3683/Monte_Claro.zip
Monte Claro;140,37999999999866;140,24999999999866;1,0344663092971;6,6546961008544;UHE Monte Claro - CAV SNIRH.xlsx;b8f0487a-df73-4f8d-8b22-bb49cf9f3683;https://metadados.snirh.gov.br/files/b8f0487a-df73-4f8d-8b22-bb49cf9f3683/Monte_Claro.zip
Monte Claro;140,47999999999865;140,34999999999866;1,0432708677352;6,758579125128899;UHE Monte Claro - CAV SNIRH.xlsx;b8f0487a-df73-4f8d-8b22-bb49cf9f3683;https://metadados.snirh.gov.br/files/b8f0487a-df73-4f8d-8b22-bb49cf9f3683/Monte_Claro.zip
Monte Claro;140,57999999999865;140,44999999999865;1,052105540133;6,8633472410023;UHE Monte Claro - CAV SNIRH.xlsx;b8f0487a-df73-4f8d-8b22-bb49cf9f3683;https://metadados.snirh.gov.br/files/b8f0487a-df73-4f8d-8b22-bb49cf9f3683/Monte_Claro.zip
Monte Claro;140,67999999999864;140,54999999999865;1,0608872835629;6,9689950969766;UHE Monte Claro - CAV SNIRH.xlsx;b8f0487a-df73-4f8d-8b22-bb49cf9f3683;https://metadados.snirh.gov.br/files/b8f0487a-df73-4f8d-8b22-bb49cf9f3683/Monte_Claro.zip
Monte Claro;140,77999999999864;140,64999999999864;1,0696078568898;7,07551944219;UHE Monte Claro - CAV SNIRH.xlsx;b8f0487a-df73-4f8d-8b22-bb49cf9f3683;https://metadados.snirh.gov.br/files/b8f0487a-df73-4f8d-8b22-bb49cf9f3683/Monte_Claro.zip
Monte Claro;140,87999999999863;140,74999999999864;1,0780123099467;7,182901099742099;UHE Monte Claro - CAV SNIRH.xlsx;b8f0487a-df73-4f8d-8b22-bb49cf9f3683;https://metadados.snirh.gov.br/files/b8f0487a-df73-4f8d-8b22-bb49cf9f3683/Monte_Claro.zip
Monte Claro;140,97999999999863;140,84999999999863;1,0863298772027;7,2911189781317;UHE Monte Claro - CAV SNIRH.xlsx;b8f0487a-df73-4f8d-8b22-bb49cf9f3683;https://metadados.snirh.gov.br/files/b8f0487a-df73-4f8d-8b22-bb49cf9f3683/Monte_Claro.zip
Monte Claro;141,07999999999862;140,94999999999862;1,0947037545805;7,400167085149801;UHE Monte Claro - CAV SNIRH.xlsx;b8f0487a-df73-4f8d-8b22-bb49cf9f3683;https://metadados.snirh.gov.br/files/b8f0487a-df73-4f8d-8b22-bb49cf9f3683/Monte_Claro.zip
Monte Claro;141,1799999999986;141,04999999999862;1,1032684863848;7,5100616806116;UHE Monte Claro - CAV SNIRH.xlsx;b8f0487a-df73-4f8d-8b22-bb49cf9f3683;https://metadados.snirh.gov.br/files/b8f0487a-df73-4f8d-8b22-bb49cf9f3683/Monte_Claro.zip
Monte Claro;141,2799999999986;141,1499999999986;1,1117969588852001;7,620815443478699;UHE Monte Claro - CAV SNIRH.xlsx;b8f0487a-df73-4f8d-8b22-bb49cf9f3683;https://metadados.snirh.gov.br/files/b8f0487a-df73-4f8d-8b22-bb49cf9f3683/Monte_Claro.zip
Monte Claro;141,3799999999986;141,2499999999986;1,1203526022345;7,732419086872801;UHE Monte Claro - CAV SNIRH.xlsx;b8f0487a-df73-4f8d-8b22-bb49cf9f3683;https://metadados.snirh.gov.br/files/b8f0487a-df73-4f8d-8b22-bb49cf9f3683/Monte_Claro.zip
Monte Claro;141,4799999999986;141,3499999999986;1,1291805812685;7,8448916077211;UHE Monte Claro - CAV SNIRH.xlsx;b8f0487a-df73-4f8d-8b22-bb49cf9f3683;https://metadados.snirh.gov.br/files/b8f0487a-df73-4f8d-8b22-bb49cf9f3683/Monte_Claro.zip
Monte Claro;141,5799999999986;141,4499999999986;1,137970605645;7,958250786043499;UHE Monte Claro - CAV SNIRH.xlsx;b8f0487a-df73-4f8d-8b22-bb49cf9f3683;https://metadados.snirh.gov.br/files/b8f0487a-df73-4f8d-8b22-bb49cf9f3683/Monte_Claro.zip
Monte Claro;141,67999999999859;141,5499999999986;1,1466089180643;8,0724766151996;UHE Monte Claro - CAV SNIRH.xlsx;b8f0487a-df73-4f8d-8b22-bb49cf9f3683;https://metadados.snirh.gov.br/files/b8f0487a-df73-4f8d-8b22-bb49cf9f3683/Monte_Claro.zip
Monte Claro;141,77999999999858;141,64999999999858;1,1553111034101;8,1875678685319;UHE Monte Claro - CAV SNIRH.xlsx;b8f0487a-df73-4f8d-8b22-bb49cf9f3683;https://metadados.snirh.gov.br/files/b8f0487a-df73-4f8d-8b22-bb49cf9f3683/Monte_Claro.zip
Monte Claro;141,87999999999857;141,74999999999858;1,163981842433;8,3035334481532;UHE Monte Claro - CAV SNIRH.xlsx;b8f0487a-df73-4f8d-8b22-bb49cf9f3683;https://metadados.snirh.gov.br/files/b8f0487a-df73-4f8d-8b22-bb49cf9f3683/Monte_Claro.zip
Monte Claro;141,97999999999857;141,84999999999857;1,1726518083909;8,4203618391487;UHE Monte Claro - CAV SNIRH.xlsx;b8f0487a-df73-4f8d-8b22-bb49cf9f3683;https://metadados.snirh.gov.br/files/b8f0487a-df73-4f8d-8b22-bb49cf9f3683/Monte_Claro.zip
Monte Claro;142,07999999999856;141,94999999999857;1,1814733143218;8,5380679639569;UHE Monte Claro - CAV SNIRH.xlsx;b8f0487a-df73-4f8d-8b22-bb49cf9f3683;https://metadados.snirh.gov.br/files/b8f0487a-df73-4f8d-8b22-bb49cf9f3683/Monte_Claro.zip
Monte Claro;142,17999999999856;142,04999999999856;1,190359393639;8,656657427703399;UHE Monte Claro - CAV SNIRH.xlsx;b8f0487a-df73-4f8d-8b22-bb49cf9f3683;https://metadados.snirh.gov.br/files/b8f0487a-df73-4f8d-8b22-bb49cf9f3683/Monte_Claro.zip
Monte Claro;142,27999999999855;142,14999999999856;1,1991495938132999;8,7761326593048;UHE Monte Claro - CAV SNIRH.xlsx;b8f0487a-df73-4f8d-8b22-bb49cf9f3683;https://metadados.snirh.gov.br/files/b8f0487a-df73-4f8d-8b22-bb49cf9f3683/Monte_Claro.zip
Monte Claro;142,37999999999855;142,24999999999855;1,2080291618718;8,8964901439942;UHE Monte Claro - CAV SNIRH.xlsx;b8f0487a-df73-4f8d-8b22-bb49cf9f3683;https://metadados.snirh.gov.br/files/b8f0487a-df73-4f8d-8b22-bb49cf9f3683/Monte_Claro.zip
Monte Claro;142,47999999999854;142,34999999999854;1,2169128366442;9,0177384120676;UHE Monte Claro - CAV SNIRH.xlsx;b8f0487a-df73-4f8d-8b22-bb49cf9f3683;https://metadados.snirh.gov.br/files/b8f0487a-df73-4f8d-8b22-bb49cf9f3683/Monte_Claro.zip
Monte Claro;142,57999999999853;142,44999999999854;1,2257771090503;9,139870162691;UHE Monte Claro - CAV SNIRH.xlsx;b8f0487a-df73-4f8d-8b22-bb49cf9f3683;https://metadados.snirh.gov.br/files/b8f0487a-df73-4f8d-8b22-bb49cf9f3683/Monte_Claro.zip
Monte Claro;142,67999999999853;142,54999999999853;1,2345599452745;9,262888619193001;UHE Monte Claro - CAV SNIRH.xlsx;b8f0487a-df73-4f8d-8b22-bb49cf9f3683;https://metadados.snirh.gov.br/files/b8f0487a-df73-4f8d-8b22-bb49cf9f3683/Monte_Claro.zip
Monte Claro;142,77999999999852;142,64999999999853;1,2431939248897;9,3867739856141;UHE Monte Claro - CAV SNIRH.xlsx;b8f0487a-df73-4f8d-8b22-bb49cf9f3683;https://metadados.snirh.gov.br/files/b8f0487a-df73-4f8d-8b22-bb49cf9f3683/Monte_Claro.zip
Monte Claro;142,87999999999852;142,74999999999852;1,2517509848203001;9,511521479318;UHE Monte Claro - CAV SNIRH.xlsx;b8f0487a-df73-4f8d-8b22-bb49cf9f3683;https://metadados.snirh.gov.br/files/b8f0487a-df73-4f8d-8b22-bb49cf9f3683/Monte_Claro.zip
Monte Claro;142,9799999999985;142,84999999999852;1,2604795904047;9,6371309336352;UHE Monte Claro - CAV SNIRH.xlsx;b8f0487a-df73-4f8d-8b22-bb49cf9f3683;https://metadados.snirh.gov.br/files/b8f0487a-df73-4f8d-8b22-bb49cf9f3683/Monte_Claro.zip
Monte Claro;143,0799999999985;142,9499999999985;1,2691567373355999;9,7636113793946;UHE Monte Claro - CAV SNIRH.xlsx;b8f0487a-df73-4f8d-8b22-bb49cf9f3683;https://metadados.snirh.gov.br/files/b8f0487a-df73-4f8d-8b22-bb49cf9f3683/Monte_Claro.zip
Monte Claro;143,1799999999985;143,0499999999985;1,2779148408216001;9,890962709859702;UHE Monte Claro - CAV SNIRH.xlsx;b8f0487a-df73-4f8d-8b22-bb49cf9f3683;https://metadados.snirh.gov.br/files/b8f0487a-df73-4f8d-8b22-bb49cf9f3683/Monte_Claro.zip
Monte Claro;143,2799999999985;143,1499999999985;1,2866969687004002;10,019192932872999;UHE Monte Claro - CAV SNIRH.xlsx;b8f0487a-df73-4f8d-8b22-bb49cf9f3683;https://metadados.snirh.gov.br/files/b8f0487a-df73-4f8d-8b22-bb49cf9f3683/Monte_Claro.zip
Monte Claro;143,3799999999985;143,2499999999985;1,2956223254479;10,148305790921999;UHE Monte Claro - CAV SNIRH.xlsx;b8f0487a-df73-4f8d-8b22-bb49cf9f3683;https://metadados.snirh.gov.br/files/b8f0487a-df73-4f8d-8b22-bb49cf9f3683/Monte_Claro.zip
Monte Claro;143,47999999999848;143,3499999999985;1,304407140538;10,278308124393;UHE Monte Claro - CAV SNIRH.xlsx;b8f0487a-df73-4f8d-8b22-bb49cf9f3683;https://metadados.snirh.gov.br/files/b8f0487a-df73-4f8d-8b22-bb49cf9f3683/Monte_Claro.zip
Monte Claro;143,57999999999848;143,44999999999848;1,3130624644148001;10,409179331029;UHE Monte Claro - CAV SNIRH.xlsx;b8f0487a-df73-4f8d-8b22-bb49cf9f3683;https://metadados.snirh.gov.br/files/b8f0487a-df73-4f8d-8b22-bb49cf9f3683/Monte_Claro.zip
Monte Claro;143,67999999999847;143,54999999999848;1,3216507507857;10,54091472579;UHE Monte Claro - CAV SNIRH.xlsx;b8f0487a-df73-4f8d-8b22-bb49cf9f3683;https://metadados.snirh.gov.br/files/b8f0487a-df73-4f8d-8b22-bb49cf9f3683/Monte_Claro.zip
Monte Claro;143,77999999999847;143,64999999999847;1,3301890292928;10,67350466739;UHE Monte Claro - CAV SNIRH.xlsx;b8f0487a-df73-4f8d-8b22-bb49cf9f3683;https://metadados.snirh.gov.br/files/b8f0487a-df73-4f8d-8b22-bb49cf9f3683/Monte_Claro.zip
Monte Claro;143,87999999999846;143,74999999999847;1,3388687752799;10,806960507889;UHE Monte Claro - CAV SNIRH.xlsx;b8f0487a-df73-4f8d-8b22-bb49cf9f3683;https://metadados.snirh.gov.br/files/b8f0487a-df73-4f8d-8b22-bb49cf9f3683/Monte_Claro.zip
Monte Claro;143,97999999999845;143,84999999999846;1,3469812468915;10,94125522807;UHE Monte Claro - CAV SNIRH.xlsx;b8f0487a-df73-4f8d-8b22-bb49cf9f3683;https://metadados.snirh.gov.br/files/b8f0487a-df73-4f8d-8b22-bb49cf9f3683/Monte_Claro.zip
Monte Claro;144,07999999999845;143,94999999999845;1,3547388330699;11,0763415939;UHE Monte Claro - CAV SNIRH.xlsx;b8f0487a-df73-4f8d-8b22-bb49cf9f3683;https://metadados.snirh.gov.br/files/b8f0487a-df73-4f8d-8b22-bb49cf9f3683/Monte_Claro.zip
Monte Claro;144,17999999999844;144,04999999999845;1,3624720746101;11,212201550129;UHE Monte Claro - CAV SNIRH.xlsx;b8f0487a-df73-4f8d-8b22-bb49cf9f3683;https://metadados.snirh.gov.br/files/b8f0487a-df73-4f8d-8b22-bb49cf9f3683/Monte_Claro.zip
Monte Claro;144,27999999999844;144,14999999999844;1,3702022719943;11,348832953358;UHE Monte Claro - CAV SNIRH.xlsx;b8f0487a-df73-4f8d-8b22-bb49cf9f3683;https://metadados.snirh.gov.br/files/b8f0487a-df73-4f8d-8b22-bb49cf9f3683/Monte_Claro.zip
Monte Claro;144,37999999999843;144,24999999999844;1,3779152347212;11,486238417127;UHE Monte Claro - CAV SNIRH.xlsx;b8f0487a-df73-4f8d-8b22-bb49cf9f3683;https://metadados.snirh.gov.br/files/b8f0487a-df73-4f8d-8b22-bb49cf9f3683/Monte_Claro.zip
Monte Claro;144,47999999999843;144,34999999999843;1,3854962677587999;11,624409747903;UHE Monte Claro - CAV SNIRH.xlsx;b8f0487a-df73-4f8d-8b22-bb49cf9f3683;https://metadados.snirh.gov.br/files/b8f0487a-df73-4f8d-8b22-bb49cf9f3683/Monte_Claro.zip
Monte Claro;144,57999999999842;144,44999999999843;1,3930307317314;11,763333148598;UHE Monte Claro - CAV SNIRH.xlsx;b8f0487a-df73-4f8d-8b22-bb49cf9f3683;https://metadados.snirh.gov.br/files/b8f0487a-df73-4f8d-8b22-bb49cf9f3683/Monte_Claro.zip
Monte Claro;144,67999999999842;144,54999999999842;1,4006957686117;11,903018872239999;UHE Monte Claro - CAV SNIRH.xlsx;b8f0487a-df73-4f8d-8b22-bb49cf9f3683;https://metadados.snirh.gov.br/files/b8f0487a-df73-4f8d-8b22-bb49cf9f3683/Monte_Claro.zip
Monte Claro;144,7799999999984;144,6499999999984;1,4083709539589;12,043471524140001;UHE Monte Claro - CAV SNIRH.xlsx;b8f0487a-df73-4f8d-8b22-bb49cf9f3683;https://metadados.snirh.gov.br/files/b8f0487a-df73-4f8d-8b22-bb49cf9f3683/Monte_Claro.zip
Monte Claro;144,8799999999984;144,7499999999984;1,4161370787743;12,184692874881;UHE Monte Claro - CAV SNIRH.xlsx;b8f0487a-df73-4f8d-8b22-bb49cf9f3683;https://metadados.snirh.gov.br/files/b8f0487a-df73-4f8d-8b22-bb49cf9f3683/Monte_Claro.zip
Monte Claro;144,9799999999984;144,8499999999984;1,4239789180089;12,326695043502;UHE Monte Claro - CAV SNIRH.xlsx;b8f0487a-df73-4f8d-8b22-bb49cf9f3683;https://metadados.snirh.gov.br/files/b8f0487a-df73-4f8d-8b22-bb49cf9f3683/Monte_Claro.zip
Monte Claro;145,0799999999984;144,9499999999984;1,4319748542982;12,469489349135;UHE Monte Claro - CAV SNIRH.xlsx;b8f0487a-df73-4f8d-8b22-bb49cf9f3683;https://metadados.snirh.gov.br/files/b8f0487a-df73-4f8d-8b22-bb49cf9f3683/Monte_Claro.zip
Monte Claro;145,1799999999984;145,0499999999984;1,4399948679271;12,613085922633;UHE Monte Claro - CAV SNIRH.xlsx;b8f0487a-df73-4f8d-8b22-bb49cf9f3683;https://metadados.snirh.gov.br/files/b8f0487a-df73-4f8d-8b22-bb49cf9f3683/Monte_Claro.zip
Monte Claro;145,27999999999838;145,14999999999839;1,4478952555885;12,757480105909;UHE Monte Claro - CAV SNIRH.xlsx;b8f0487a-df73-4f8d-8b22-bb49cf9f3683;https://metadados.snirh.gov.br/files/b8f0487a-df73-4f8d-8b22-bb49cf9f3683/Monte_Claro.zip
Monte Claro;145,37999999999838;145,24999999999838;1,4559422222867;12,902671291784;UHE Monte Claro - CAV SNIRH.xlsx;b8f0487a-df73-4f8d-8b22-bb49cf9f3683;https://metadados.snirh.gov.br/files/b8f0487a-df73-4f8d-8b22-bb49cf9f3683/Monte_Claro.zip
Monte Claro;145,47999999999837;145,34999999999837;1,4636084009862;13,048650722606;UHE Monte Claro - CAV SNIRH.xlsx;b8f0487a-df73-4f8d-8b22-bb49cf9f3683;https://metadados.snirh.gov.br/files/b8f0487a-df73-4f8d-8b22-bb49cf9f3683/Monte_Claro.zip
Monte Claro;145,57999999999836;145,44999999999837;1,4711916800006;13,195386430952;UHE Monte Claro - CAV SNIRH.xlsx;b8f0487a-df73-4f8d-8b22-bb49cf9f3683;https://metadados.snirh.gov.br/files/b8f0487a-df73-4f8d-8b22-bb49cf9f3683/Monte_Claro.zip
Monte Claro;145,67999999999836;145,54999999999836;1,4786538387602;13,342877571389002;UHE Monte Claro - CAV SNIRH.xlsx;b8f0487a-df73-4f8d-8b22-bb49cf9f3683;https://metadados.snirh.gov.br/files/b8f0487a-df73-4f8d-8b22-bb49cf9f3683/Monte_Claro.zip
Monte Claro;145,77999999999835;145,64999999999836;1,4859054024306;13,491103644614;UHE Monte Claro - CAV SNIRH.xlsx;b8f0487a-df73-4f8d-8b22-bb49cf9f3683;https://metadados.snirh.gov.br/files/b8f0487a-df73-4f8d-8b22-bb49cf9f3683/Monte_Claro.zip
Monte Claro;145,87999999999835;145,74999999999835;1,4931023764263;13,640053984985;UHE Monte Claro - CAV SNIRH.xlsx;b8f0487a-df73-4f8d-8b22-bb49cf9f3683;https://metadados.snirh.gov.br/files/b8f0487a-df73-4f8d-8b22-bb49cf9f3683/Monte_Claro.zip
Monte Claro;145,97999999999834;145,84999999999835;1,5002790265516999;13,789720167346001;UHE Monte Claro - CAV SNIRH.xlsx;b8f0487a-df73-4f8d-8b22-bb49cf9f3683;https://metadados.snirh.gov.br/files/b8f0487a-df73-4f8d-8b22-bb49cf9f3683/Monte_Claro.zip
Monte Claro;146,07999999999834;145,94999999999834;1,5074356688645998;13,940103755836;UHE Monte Claro - CAV SNIRH.xlsx;b8f0487a-df73-4f8d-8b22-bb49cf9f3683;https://metadados.snirh.gov.br/files/b8f0487a-df73-4f8d-8b22-bb49cf9f3683/Monte_Claro.zip
Monte Claro;146,17999999999833;146,04999999999833;1,5143603110315;14,091187620352;UHE Monte Claro - CAV SNIRH.xlsx;b8f0487a-df73-4f8d-8b22-bb49cf9f3683;https://metadados.snirh.gov.br/files/b8f0487a-df73-4f8d-8b22-bb49cf9f3683/Monte_Claro.zip
Monte Claro;146,27999999999832;146,14999999999833;1,5211030146764;14,242960232865;UHE Monte Claro - CAV SNIRH.xlsx;b8f0487a-df73-4f8d-8b22-bb49cf9f3683;https://metadados.snirh.gov.br/files/b8f0487a-df73-4f8d-8b22-bb49cf9f3683/Monte_Claro.zip
Monte Claro;146,37999999999832;146,24999999999832;1,5276418504468;14,395396807969;UHE Monte Claro - CAV SNIRH.xlsx;b8f0487a-df73-4f8d-8b22-bb49cf9f3683;https://metadados.snirh.gov.br/files/b8f0487a-df73-4f8d-8b22-bb49cf9f3683/Monte_Claro.zip
Monte Claro;146,4799999999983;146,34999999999832;1,5339530891224;14,548473522092;UHE Monte Claro - CAV SNIRH.xlsx;b8f0487a-df73-4f8d-8b22-bb49cf9f3683;https://metadados.snirh.gov.br/files/b8f0487a-df73-4f8d-8b22-bb49cf9f3683/Monte_Claro.zip
Monte Claro;146,5799999999983;146,4499999999983;1,5401806422022;14,702178215088;UHE Monte Claro - CAV SNIRH.xlsx;b8f0487a-df73-4f8d-8b22-bb49cf9f3683;https://metadados.snirh.gov.br/files/b8f0487a-df73-4f8d-8b22-bb49cf9f3683/Monte_Claro.zip
Monte Claro;146,6799999999983;146,5499999999983;1,5461504890959;14,856493383954;UHE Monte Claro - CAV SNIRH.xlsx;b8f0487a-df73-4f8d-8b22-bb49cf9f3683;https://metadados.snirh.gov.br/files/b8f0487a-df73-4f8d-8b22-bb49cf9f3683/Monte_Claro.zip
Monte Claro;146,7799999999983;146,6499999999983;1,5517599069024999;15,011387271213001;UHE Monte Claro - CAV SNIRH.xlsx;b8f0487a-df73-4f8d-8b22-bb49cf9f3683;https://metadados.snirh.gov.br/files/b8f0487a-df73-4f8d-8b22-bb49cf9f3683/Monte_Claro.zip
Monte Claro;146,8799999999983;146,7499999999983;1,5570380906747;15,166824693399;UHE Monte Claro - CAV SNIRH.xlsx;b8f0487a-df73-4f8d-8b22-bb49cf9f3683;https://metadados.snirh.gov.br/files/b8f0487a-df73-4f8d-8b22-bb49cf9f3683/Monte_Claro.zip
Monte Claro;146,97999999999828;146,8499999999983;1,5621222470652;15,322779764282;UHE Monte Claro - CAV SNIRH.xlsx;b8f0487a-df73-4f8d-8b22-bb49cf9f3683;https://metadados.snirh.gov.br/files/b8f0487a-df73-4f8d-8b22-bb49cf9f3683/Monte_Claro.zip
Monte Claro;147,0;146,87;1,563118472064;15,354030962254999;UHE Monte Claro - CAV SNIRH.xlsx;b8f0487a-df73-4f8d-8b22-bb49cf9f3683;https://metadados.snirh.gov.br/files/b8f0487a-df73-4f8d-8b22-bb49cf9f3683/Monte_Claro.zip
Monte Claro;147,01;146,88;1,5636143129106;15,369664426823;UHE Monte Claro - CAV SNIRH.xlsx;b8f0487a-df73-4f8d-8b22-bb49cf9f3683;https://metadados.snirh.gov.br/files/b8f0487a-df73-4f8d-8b22-bb49cf9f3683/Monte_Claro.zip
Monte Claro;147,01999999999998;146,89;1,5641088006657;15,385302542502;UHE Monte Claro - CAV SNIRH.xlsx;b8f0487a-df73-4f8d-8b22-bb49cf9f3683;https://metadados.snirh.gov.br/files/b8f0487a-df73-4f8d-8b22-bb49cf9f3683/Monte_Claro.zip
Monte Claro;147,03;146,9;1,5646020307913;15,40094485662;UHE Monte Claro - CAV SNIRH.xlsx;b8f0487a-df73-4f8d-8b22-bb49cf9f3683;https://metadados.snirh.gov.br/files/b8f0487a-df73-4f8d-8b22-bb49cf9f3683/Monte_Claro.zip
Monte Claro;147,04;146,91;1,5650939808969;15,416593451008;UHE Monte Claro - CAV SNIRH.xlsx;b8f0487a-df73-4f8d-8b22-bb49cf9f3683;https://metadados.snirh.gov.br/files/b8f0487a-df73-4f8d-8b22-bb49cf9f3683/Monte_Claro.zip
Monte Claro;147,04999999999998;146,92;1,5655845052705;15,432246764828;UHE Monte Claro - CAV SNIRH.xlsx;b8f0487a-df73-4f8d-8b22-bb49cf9f3683;https://metadados.snirh.gov.br/files/b8f0487a-df73-4f8d-8b22-bb49cf9f3683/Monte_Claro.zip
Monte Claro;147,06;146,93;1,5660736509269;15,447905408555;UHE Monte Claro - CAV SNIRH.xlsx;b8f0487a-df73-4f8d-8b22-bb49cf9f3683;https://metadados.snirh.gov.br/files/b8f0487a-df73-4f8d-8b22-bb49cf9f3683/Monte_Claro.zip
Monte Claro;147,07;146,94;1,5665616360575;15,463568185723;UHE Monte Claro - CAV SNIRH.xlsx;b8f0487a-df73-4f8d-8b22-bb49cf9f3683;https://metadados.snirh.gov.br/files/b8f0487a-df73-4f8d-8b22-bb49cf9f3683/Monte_Claro.zip
Monte Claro;147,07999999999828;146,94999999999828;1,5670486105593;15,479236192263;UHE Monte Claro - CAV SNIRH.xlsx;b8f0487a-df73-4f8d-8b22-bb49cf9f3683;https://metadados.snirh.gov.br/files/b8f0487a-df73-4f8d-8b22-bb49cf9f3683/Monte_Claro.zip
Monte Claro;147,089999999997;146,959999999997;1,5675344101238;15,494909152392;UHE Monte Claro - CAV SNIRH.xlsx;b8f0487a-df73-4f8d-8b22-bb49cf9f3683;https://metadados.snirh.gov.br/files/b8f0487a-df73-4f8d-8b22-bb49cf9f3683/Monte_Claro.zip
Monte Claro;147,099999999995;146,969999999995;1,5680191912167;15,51058724595;UHE Monte Claro - CAV SNIRH.xlsx;b8f0487a-df73-4f8d-8b22-bb49cf9f3683;https://metadados.snirh.gov.br/files/b8f0487a-df73-4f8d-8b22-bb49cf9f3683/Monte_Claro.zip
Monte Claro;147,109999999993;146,979999999993;1,5685029824729;15,526269948981;UHE Monte Claro - CAV SNIRH.xlsx;b8f0487a-df73-4f8d-8b22-bb49cf9f3683;https://metadados.snirh.gov.br/files/b8f0487a-df73-4f8d-8b22-bb49cf9f3683/Monte_Claro.zip
Monte Claro;147,119999999991;146,989999999991;1,5689855973209;15,541957162294;UHE Monte Claro - CAV SNIRH.xlsx;b8f0487a-df73-4f8d-8b22-bb49cf9f3683;https://metadados.snirh.gov.br/files/b8f0487a-df73-4f8d-8b22-bb49cf9f3683/Monte_Claro.zip
Monte Claro;147,13;147,0;1,5694669942844999;15,557649464024;UHE Monte Claro - CAV SNIRH.xlsx;b8f0487a-df73-4f8d-8b22-bb49cf9f3683;https://metadados.snirh.gov.br/files/b8f0487a-df73-4f8d-8b22-bb49cf9f3683/Monte_Claro.zip
Monte Claro;147,14;147,01;1,5699469221353;15,573345203861;UHE Monte Claro - CAV SNIRH.xlsx;b8f0487a-df73-4f8d-8b22-bb49cf9f3683;https://metadados.snirh.gov.br/files/b8f0487a-df73-4f8d-8b22-bb49cf9f3683/Monte_Claro.zip
Monte Claro;147,14999999999998;147,01999999999998;1,5704253515317;15,589046591784001;UHE Monte Claro - CAV SNIRH.xlsx;b8f0487a-df73-4f8d-8b22-bb49cf9f3683;https://metadados.snirh.gov.br/files/b8f0487a-df73-4f8d-8b22-bb49cf9f3683/Monte_Claro.zip
Monte Claro;147,15999999999997;147,02999999999997;1,5709027589203;15,604753161075;UHE Monte Claro - CAV SNIRH.xlsx;b8f0487a-df73-4f8d-8b22-bb49cf9f3683;https://metadados.snirh.gov.br/files/b8f0487a-df73-4f8d-8b22-bb49cf9f3683/Monte_Claro.zip
Monte Claro;147,16999999999996;147,03999999999996;1,5713791306022;15,620463905388;UHE Monte Claro - CAV SNIRH.xlsx;b8f0487a-df73-4f8d-8b22-bb49cf9f3683;https://metadados.snirh.gov.br/files/b8f0487a-df73-4f8d-8b22-bb49cf9f3683/Monte_Claro.zip
Monte Claro;147,17999999999995;147,04999999999995;1,5718542921534;15,636179129571;UHE Monte Claro - CAV SNIRH.xlsx;b8f0487a-df73-4f8d-8b22-bb49cf9f3683;https://metadados.snirh.gov.br/files/b8f0487a-df73-4f8d-8b22-bb49cf9f3683/Monte_Claro.zip
Monte Claro;147,18999999999994;147,05999999999995;1,5723284472564;15,65189902346;UHE Monte Claro - CAV SNIRH.xlsx;b8f0487a-df73-4f8d-8b22-bb49cf9f3683;https://metadados.snirh.gov.br/files/b8f0487a-df73-4f8d-8b22-bb49cf9f3683/Monte_Claro.zip
Monte Claro;147,19999999999993;147,06999999999994;1,572801637323;15,667624284752;UHE Monte Claro - CAV SNIRH.xlsx;b8f0487a-df73-4f8d-8b22-bb49cf9f3683;https://metadados.snirh.gov.br/files/b8f0487a-df73-4f8d-8b22-bb49cf9f3683/Monte_Claro.zip
Monte Claro;147,20999999999992;147,07999999999993;1,5732738951010001;15,683354402283;UHE Monte Claro - CAV SNIRH.xlsx;b8f0487a-df73-4f8d-8b22-bb49cf9f3683;https://metadados.snirh.gov.br/files/b8f0487a-df73-4f8d-8b22-bb49cf9f3683/Monte_Claro.zip
Monte Claro;147,2199999999999;147,08999999999992;1,5737450792724;15,69908915317;UHE Monte Claro - CAV SNIRH.xlsx;b8f0487a-df73-4f8d-8b22-bb49cf9f3683;https://metadados.snirh.gov.br/files/b8f0487a-df73-4f8d-8b22-bb49cf9f3683/Monte_Claro.zip
Monte Claro;147,2299999999999;147,0999999999999;1,5742152820415;15,714828635098;UHE Monte Claro - CAV SNIRH.xlsx;b8f0487a-df73-4f8d-8b22-bb49cf9f3683;https://metadados.snirh.gov.br/files/b8f0487a-df73-4f8d-8b22-bb49cf9f3683/Monte_Claro.zip
Monte Claro;147,2399999999999;147,1099999999999;1,5746845584917002;15,730572468407999;UHE Monte Claro - CAV SNIRH.xlsx;b8f0487a-df73-4f8d-8b22-bb49cf9f3683;https://metadados.snirh.gov.br/files/b8f0487a-df73-4f8d-8b22-bb49cf9f3683/Monte_Claro.zip
Monte Claro;147,2499999999999;147,1199999999999;1,5751529473515;15,746320393957;UHE Monte Claro - CAV SNIRH.xlsx;b8f0487a-df73-4f8d-8b22-bb49cf9f3683;https://metadados.snirh.gov.br/files/b8f0487a-df73-4f8d-8b22-bb49cf9f3683/Monte_Claro.zip
Monte Claro;147,25999999999988;147,12999999999988;1,575620440592;15,762074404882;UHE Monte Claro - CAV SNIRH.xlsx;b8f0487a-df73-4f8d-8b22-bb49cf9f3683;https://metadados.snirh.gov.br/files/b8f0487a-df73-4f8d-8b22-bb49cf9f3683/Monte_Claro.zip
Monte Claro;147,26999999999987;147,13999999999987;1,5760870808899;15,777832099446;UHE Monte Claro - CAV SNIRH.xlsx;b8f0487a-df73-4f8d-8b22-bb49cf9f3683;https://metadados.snirh.gov.br/files/b8f0487a-df73-4f8d-8b22-bb49cf9f3683/Monte_Claro.zip
Monte Claro;147,27999999999986;147,14999999999986;1,5765529081849;15,793594778788;UHE Monte Claro - CAV SNIRH.xlsx;b8f0487a-df73-4f8d-8b22-bb49cf9f3683;https://metadados.snirh.gov.br/files/b8f0487a-df73-4f8d-8b22-bb49cf9f3683/Monte_Claro.zip
Monte Claro;147,28999999999985;147,15999999999985;1,5770180126177;15,809362942608999;UHE Monte Claro - CAV SNIRH.xlsx;b8f0487a-df73-4f8d-8b22-bb49cf9f3683;https://metadados.snirh.gov.br/files/b8f0487a-df73-4f8d-8b22-bb49cf9f3683/Monte_Claro.zip
Monte Claro;147,29999999999984;147,16999999999985;1,5774823242073999;15,825134330759001;UHE Monte Claro - CAV SNIRH.xlsx;b8f0487a-df73-4f8d-8b22-bb49cf9f3683;https://metadados.snirh.gov.br/files/b8f0487a-df73-4f8d-8b22-bb49cf9f3683/Monte_Claro.zip
Monte Claro;147,30999999999983;147,17999999999984;1,5779456984797;15,840910974357;UHE Monte Claro - CAV SNIRH.xlsx;b8f0487a-df73-4f8d-8b22-bb49cf9f3683;https://metadados.snirh.gov.br/files/b8f0487a-df73-4f8d-8b22-bb49cf9f3683/Monte_Claro.zip
Monte Claro;147,31999999999982;147,18999999999983;1,5784083474319;15,856691926044;UHE Monte Claro - CAV SNIRH.xlsx;b8f0487a-df73-4f8d-8b22-bb49cf9f3683;https://metadados.snirh.gov.br/files/b8f0487a-df73-4f8d-8b22-bb49cf9f3683/Monte_Claro.zip
Monte Claro;147,3299999999998;147,19999999999982;1,5788701815744;15,872478008239;UHE Monte Claro - CAV SNIRH.xlsx;b8f0487a-df73-4f8d-8b22-bb49cf9f3683;https://metadados.snirh.gov.br/files/b8f0487a-df73-4f8d-8b22-bb49cf9f3683/Monte_Claro.zip
Monte Claro;147,3399999999998;147,2099999999998;1,5793311779104;15,888269431847;UHE Monte Claro - CAV SNIRH.xlsx;b8f0487a-df73-4f8d-8b22-bb49cf9f3683;https://metadados.snirh.gov.br/files/b8f0487a-df73-4f8d-8b22-bb49cf9f3683/Monte_Claro.zip
Monte Claro;147,3499999999998;147,2199999999998;1,579791342173;15,904064836097;UHE Monte Claro - CAV SNIRH.xlsx;b8f0487a-df73-4f8d-8b22-bb49cf9f3683;https://metadados.snirh.gov.br/files/b8f0487a-df73-4f8d-8b22-bb49cf9f3683/Monte_Claro.zip
Monte Claro;147,3599999999998;147,2299999999998;1,5802507388068;15,919865298225;UHE Monte Claro - CAV SNIRH.xlsx;b8f0487a-df73-4f8d-8b22-bb49cf9f3683;https://metadados.snirh.gov.br/files/b8f0487a-df73-4f8d-8b22-bb49cf9f3683/Monte_Claro.zip
Monte Claro;147,36999999999978;147,23999999999978;1,580709400774;15,935669830889;UHE Monte Claro - CAV SNIRH.xlsx;b8f0487a-df73-4f8d-8b22-bb49cf9f3683;https://metadados.snirh.gov.br/files/b8f0487a-df73-4f8d-8b22-bb49cf9f3683/Monte_Claro.zip
Monte Claro;147,37999999999977;147,24999999999977;1,5811675714803;15,951478708307;UHE Monte Claro - CAV SNIRH.xlsx;b8f0487a-df73-4f8d-8b22-bb49cf9f3683;https://metadados.snirh.gov.br/files/b8f0487a-df73-4f8d-8b22-bb49cf9f3683/Monte_Claro.zip
Monte Claro;147,38999999999976;147,25999999999976;1,5816252377599;15,967293256881;UHE Monte Claro - CAV SNIRH.xlsx;b8f0487a-df73-4f8d-8b22-bb49cf9f3683;https://metadados.snirh.gov.br/files/b8f0487a-df73-4f8d-8b22-bb49cf9f3683/Monte_Claro.zip
Monte Claro;147,39999999999975;147,26999999999975;1,5820818601442;15,983111283923;UHE Monte Claro - CAV SNIRH.xlsx;b8f0487a-df73-4f8d-8b22-bb49cf9f3683;https://metadados.snirh.gov.br/files/b8f0487a-df73-4f8d-8b22-bb49cf9f3683/Monte_Claro.zip
Monte Claro;147,40999999999974;147,27999999999975;1,5825378000616999;15,998934264986;UHE Monte Claro - CAV SNIRH.xlsx;b8f0487a-df73-4f8d-8b22-bb49cf9f3683;https://metadados.snirh.gov.br/files/b8f0487a-df73-4f8d-8b22-bb49cf9f3683/Monte_Claro.zip
Monte Claro;147,41999999999973;147,28999999999974;1,5829931090314;16,014761149111997;UHE Monte Claro - CAV SNIRH.xlsx;b8f0487a-df73-4f8d-8b22-bb49cf9f3683;https://metadados.snirh.gov.br/files/b8f0487a-df73-4f8d-8b22-bb49cf9f3683/Monte_Claro.zip
Monte Claro;147,42999999999972;147,29999999999973;1,5834478363892999;16,030593663544998;UHE Monte Claro - CAV SNIRH.xlsx;b8f0487a-df73-4f8d-8b22-bb49cf9f3683;https://metadados.snirh.gov.br/files/b8f0487a-df73-4f8d-8b22-bb49cf9f3683/Monte_Claro.zip
Monte Claro;147,4399999999997;147,30999999999972;1,5839015363264;16,046430237356;UHE Monte Claro - CAV SNIRH.xlsx;b8f0487a-df73-4f8d-8b22-bb49cf9f3683;https://metadados.snirh.gov.br/files/b8f0487a-df73-4f8d-8b22-bb49cf9f3683/Monte_Claro.zip
Monte Claro;147,4499999999997;147,3199999999997;1,5843540691835;16,062270883745;UHE Monte Claro - CAV SNIRH.xlsx;b8f0487a-df73-4f8d-8b22-bb49cf9f3683;https://metadados.snirh.gov.br/files/b8f0487a-df73-4f8d-8b22-bb49cf9f3683/Monte_Claro.zip
Monte Claro;147,4599999999997;147,3299999999997;1,5848055791903002;16,078116292461;UHE Monte Claro - CAV SNIRH.xlsx;b8f0487a-df73-4f8d-8b22-bb49cf9f3683;https://metadados.snirh.gov.br/files/b8f0487a-df73-4f8d-8b22-bb49cf9f3683/Monte_Claro.zip
Monte Claro;147,4699999999997;147,3399999999997;1,5852560444467998;16,093965667369;UHE Monte Claro - CAV SNIRH.xlsx;b8f0487a-df73-4f8d-8b22-bb49cf9f3683;https://metadados.snirh.gov.br/files/b8f0487a-df73-4f8d-8b22-bb49cf9f3683/Monte_Claro.zip
Monte Claro;147,47999999999968;147,34999999999968;1,5857054127254;16,109819869549;UHE Monte Claro - CAV SNIRH.xlsx;b8f0487a-df73-4f8d-8b22-bb49cf9f3683;https://metadados.snirh.gov.br/files/b8f0487a-df73-4f8d-8b22-bb49cf9f3683/Monte_Claro.zip
Monte Claro;147,48999999999967;147,35999999999967;1,5861539146966002;16,125678226565;UHE Monte Claro - CAV SNIRH.xlsx;b8f0487a-df73-4f8d-8b22-bb49cf9f3683;https://metadados.snirh.gov.br/files/b8f0487a-df73-4f8d-8b22-bb49cf9f3683/Monte_Claro.zip
Monte Claro;147,49999999999966;147,36999999999966;1,5866015409701002;16,141541700511;UHE Monte Claro - CAV SNIRH.xlsx;b8f0487a-df73-4f8d-8b22-bb49cf9f3683;https://metadados.snirh.gov.br/files/b8f0487a-df73-4f8d-8b22-bb49cf9f3683/Monte_Claro.zip
Monte Claro;147,50999999999965;147,37999999999965;1,5870482533896;16,157409905485;UHE Monte Claro - CAV SNIRH.xlsx;b8f0487a-df73-4f8d-8b22-bb49cf9f3683;https://metadados.snirh.gov.br/files/b8f0487a-df73-4f8d-8b22-bb49cf9f3683/Monte_Claro.zip
Monte Claro;147,51999999999964;147,38999999999965;1,5874940804751;16,173281919321;UHE Monte Claro - CAV SNIRH.xlsx;b8f0487a-df73-4f8d-8b22-bb49cf9f3683;https://metadados.snirh.gov.br/files/b8f0487a-df73-4f8d-8b22-bb49cf9f3683/Monte_Claro.zip
Monte Claro;147,52999999999963;147,39999999999964;1,5879390419415;16,18915825264;UHE Monte Claro - CAV SNIRH.xlsx;b8f0487a-df73-4f8d-8b22-bb49cf9f3683;https://metadados.snirh.gov.br/files/b8f0487a-df73-4f8d-8b22-bb49cf9f3683/Monte_Claro.zip
Monte Claro;147,53999999999962;147,40999999999963;1,5883831854713;16,205040335676;UHE Monte Claro - CAV SNIRH.xlsx;b8f0487a-df73-4f8d-8b22-bb49cf9f3683;https://metadados.snirh.gov.br/files/b8f0487a-df73-4f8d-8b22-bb49cf9f3683/Monte_Claro.zip
Monte Claro;147,5499999999996;147,41999999999962;1,5888265466637;16,220926146163;UHE Monte Claro - CAV SNIRH.xlsx;b8f0487a-df73-4f8d-8b22-bb49cf9f3683;https://metadados.snirh.gov.br/files/b8f0487a-df73-4f8d-8b22-bb49cf9f3683/Monte_Claro.zip
Monte Claro;147,5599999999996;147,4299999999996;1,5892692017347998;16,236817043515;UHE Monte Claro - CAV SNIRH.xlsx;b8f0487a-df73-4f8d-8b22-bb49cf9f3683;https://metadados.snirh.gov.br/files/b8f0487a-df73-4f8d-8b22-bb49cf9f3683/Monte_Claro.zip
Monte Claro;147,5699999999996;147,4399999999996;1,5897111372048;16,252711229762;UHE Monte Claro - CAV SNIRH.xlsx;b8f0487a-df73-4f8d-8b22-bb49cf9f3683;https://metadados.snirh.gov.br/files/b8f0487a-df73-4f8d-8b22-bb49cf9f3683/Monte_Claro.zip
Monte Claro;147,5799999999996;147,4499999999996;1,5901523483267;16,268610988071;UHE Monte Claro - CAV SNIRH.xlsx;b8f0487a-df73-4f8d-8b22-bb49cf9f3683;https://metadados.snirh.gov.br/files/b8f0487a-df73-4f8d-8b22-bb49cf9f3683/Monte_Claro.zip
Monte Claro;147,58999999999958;147,45999999999958;1,5905928576977;16,284514871442;UHE Monte Claro - CAV SNIRH.xlsx;b8f0487a-df73-4f8d-8b22-bb49cf9f3683;https://metadados.snirh.gov.br/files/b8f0487a-df73-4f8d-8b22-bb49cf9f3683/Monte_Claro.zip
Monte Claro;147,59999999999957;147,46999999999957;1,5910326948548;16,300422734496;UHE Monte Claro - CAV SNIRH.xlsx;b8f0487a-df73-4f8d-8b22-bb49cf9f3683;https://metadados.snirh.gov.br/files/b8f0487a-df73-4f8d-8b22-bb49cf9f3683/Monte_Claro.zip
Monte Claro;147,60999999999956;147,47999999999956;1,5914718449412;16,316335119677;UHE Monte Claro - CAV SNIRH.xlsx;b8f0487a-df73-4f8d-8b22-bb49cf9f3683;https://metadados.snirh.gov.br/files/b8f0487a-df73-4f8d-8b22-bb49cf9f3683/Monte_Claro.zip
Monte Claro;147,61999999999955;147,48999999999955;1,5919102939484;16,332251740594;UHE Monte Claro - CAV SNIRH.xlsx;b8f0487a-df73-4f8d-8b22-bb49cf9f3683;https://metadados.snirh.gov.br/files/b8f0487a-df73-4f8d-8b22-bb49cf9f3683/Monte_Claro.zip
Monte Claro;147,62999999999954;147,49999999999955;1,5923480386484;16,348173189944;UHE Monte Claro - CAV SNIRH.xlsx;b8f0487a-df73-4f8d-8b22-bb49cf9f3683;https://metadados.snirh.gov.br/files/b8f0487a-df73-4f8d-8b22-bb49cf9f3683/Monte_Claro.zip
Monte Claro;147,63999999999953;147,50999999999954;1,5927851076093;16,364099485227;UHE Monte Claro - CAV SNIRH.xlsx;b8f0487a-df73-4f8d-8b22-bb49cf9f3683;https://metadados.snirh.gov.br/files/b8f0487a-df73-4f8d-8b22-bb49cf9f3683/Monte_Claro.zip
Monte Claro;147,64999999999952;147,51999999999953;1,5932215023608;16,380029028533002;UHE Monte Claro - CAV SNIRH.xlsx;b8f0487a-df73-4f8d-8b22-bb49cf9f3683;https://metadados.snirh.gov.br/files/b8f0487a-df73-4f8d-8b22-bb49cf9f3683/Monte_Claro.zip
Monte Claro;147,6599999999995;147,52999999999952;1,5936572556962;16,395963313366998;UHE Monte Claro - CAV SNIRH.xlsx;b8f0487a-df73-4f8d-8b22-bb49cf9f3683;https://metadados.snirh.gov.br/files/b8f0487a-df73-4f8d-8b22-bb49cf9f3683/Monte_Claro.zip
Monte Claro;147,6699999999995;147,5399999999995;1,5940923875313;16,411900937017;UHE Monte Claro - CAV SNIRH.xlsx;b8f0487a-df73-4f8d-8b22-bb49cf9f3683;https://metadados.snirh.gov.br/files/b8f0487a-df73-4f8d-8b22-bb49cf9f3683/Monte_Claro.zip
Monte Claro;147,6799999999995;147,5499999999995;1,5945268977824;16,427842514803;UHE Monte Claro - CAV SNIRH.xlsx;b8f0487a-df73-4f8d-8b22-bb49cf9f3683;https://metadados.snirh.gov.br/files/b8f0487a-df73-4f8d-8b22-bb49cf9f3683/Monte_Claro.zip
Monte Claro;147,6899999999995;147,5599999999995;1,5949607908842;16,443789747693;UHE Monte Claro - CAV SNIRH.xlsx;b8f0487a-df73-4f8d-8b22-bb49cf9f3683;https://metadados.snirh.gov.br/files/b8f0487a-df73-4f8d-8b22-bb49cf9f3683/Monte_Claro.zip
Monte Claro;147,69999999999948;147,56999999999948;1,5953940803932;16,459740865194;UHE Monte Claro - CAV SNIRH.xlsx;b8f0487a-df73-4f8d-8b22-bb49cf9f3683;https://metadados.snirh.gov.br/files/b8f0487a-df73-4f8d-8b22-bb49cf9f3683/Monte_Claro.zip
Monte Claro;147,70999999999947;147,57999999999947;1,5958267635806;16,475696189337;UHE Monte Claro - CAV SNIRH.xlsx;b8f0487a-df73-4f8d-8b22-bb49cf9f3683;https://metadados.snirh.gov.br/files/b8f0487a-df73-4f8d-8b22-bb49cf9f3683/Monte_Claro.zip
Monte Claro;147,71999999999946;147,58999999999946;1,5962588497012;16,491656603504;UHE Monte Claro - CAV SNIRH.xlsx;b8f0487a-df73-4f8d-8b22-bb49cf9f3683;https://metadados.snirh.gov.br/files/b8f0487a-df73-4f8d-8b22-bb49cf9f3683/Monte_Claro.zip
Monte Claro;147,72999999999945;147,59999999999945;1,5966903456952;16,507620980548;UHE Monte Claro - CAV SNIRH.xlsx;b8f0487a-df73-4f8d-8b22-bb49cf9f3683;https://metadados.snirh.gov.br/files/b8f0487a-df73-4f8d-8b22-bb49cf9f3683/Monte_Claro.zip
Monte Claro;147,73999999999944;147,60999999999945;1,5971212844114;16,523590290824;UHE Monte Claro - CAV SNIRH.xlsx;b8f0487a-df73-4f8d-8b22-bb49cf9f3683;https://metadados.snirh.gov.br/files/b8f0487a-df73-4f8d-8b22-bb49cf9f3683/Monte_Claro.zip
Monte Claro;147,74999999999943;147,61999999999944;1,5975516887941;16,539563571520002;UHE Monte Claro - CAV SNIRH.xlsx;b8f0487a-df73-4f8d-8b22-bb49cf9f3683;https://metadados.snirh.gov.br/files/b8f0487a-df73-4f8d-8b22-bb49cf9f3683/Monte_Claro.zip
Monte Claro;147,75999999999942;147,62999999999943;1,5979815621152;16,555540949370002;UHE Monte Claro - CAV SNIRH.xlsx;b8f0487a-df73-4f8d-8b22-bb49cf9f3683;https://metadados.snirh.gov.br/files/b8f0487a-df73-4f8d-8b22-bb49cf9f3683/Monte_Claro.zip
Monte Claro;147,7699999999994;147,63999999999942;1,5984108669463999;16,571522892279;UHE Monte Claro - CAV SNIRH.xlsx;b8f0487a-df73-4f8d-8b22-bb49cf9f3683;https://metadados.snirh.gov.br/files/b8f0487a-df73-4f8d-8b22-bb49cf9f3683/Monte_Claro.zip
Monte Claro;147,7799999999994;147,6499999999994;1,5988395713837;16,587509677086;UHE Monte Claro - CAV SNIRH.xlsx;b8f0487a-df73-4f8d-8b22-bb49cf9f3683;https://metadados.snirh.gov.br/files/b8f0487a-df73-4f8d-8b22-bb49cf9f3683/Monte_Claro.zip
Monte Claro;147,7899999999994;147,6599999999994;1,5992676651604;16,603499480369;UHE Monte Claro - CAV SNIRH.xlsx;b8f0487a-df73-4f8d-8b22-bb49cf9f3683;https://metadados.snirh.gov.br/files/b8f0487a-df73-4f8d-8b22-bb49cf9f3683/Monte_Claro.zip
Monte Claro;147,7999999999994;147,6699999999994;1,5996952022649;16,619493563368;UHE Monte Claro - CAV SNIRH.xlsx;b8f0487a-df73-4f8d-8b22-bb49cf9f3683;https://metadados.snirh.gov.br/files/b8f0487a-df73-4f8d-8b22-bb49cf9f3683/Monte_Claro.zip
Monte Claro;147,80999999999938;147,67999999999938;1,6001222086683;16,635492225537;UHE Monte Claro - CAV SNIRH.xlsx;b8f0487a-df73-4f8d-8b22-bb49cf9f3683;https://metadados.snirh.gov.br/files/b8f0487a-df73-4f8d-8b22-bb49cf9f3683/Monte_Claro.zip
Monte Claro;147,81999999999937;147,68999999999937;1,6005487062219;16,651494729076;UHE Monte Claro - CAV SNIRH.xlsx;b8f0487a-df73-4f8d-8b22-bb49cf9f3683;https://metadados.snirh.gov.br/files/b8f0487a-df73-4f8d-8b22-bb49cf9f3683/Monte_Claro.zip
Monte Claro;147,82999999999936;147,69999999999936;1,6009746840076;16,667502557608998;UHE Monte Claro - CAV SNIRH.xlsx;b8f0487a-df73-4f8d-8b22-bb49cf9f3683;https://metadados.snirh.gov.br/files/b8f0487a-df73-4f8d-8b22-bb49cf9f3683/Monte_Claro.zip
Monte Claro;147,83999999999935;147,70999999999935;1,6014001263776998;16,68351418946;UHE Monte Claro - CAV SNIRH.xlsx;b8f0487a-df73-4f8d-8b22-bb49cf9f3683;https://metadados.snirh.gov.br/files/b8f0487a-df73-4f8d-8b22-bb49cf9f3683/Monte_Claro.zip
Monte Claro;147,84999999999934;147,71999999999935;1,6018250207442002;16,699530541512;UHE Monte Claro - CAV SNIRH.xlsx;b8f0487a-df73-4f8d-8b22-bb49cf9f3683;https://metadados.snirh.gov.br/files/b8f0487a-df73-4f8d-8b22-bb49cf9f3683/Monte_Claro.zip
Monte Claro;147,85999999999933;147,72999999999934;1,6022493928599;16,715550496649;UHE Monte Claro - CAV SNIRH.xlsx;b8f0487a-df73-4f8d-8b22-bb49cf9f3683;https://metadados.snirh.gov.br/files/b8f0487a-df73-4f8d-8b22-bb49cf9f3683/Monte_Claro.zip
Monte Claro;147,86999999999932;147,73999999999933;1,6026732606486;16,731574478885;UHE Monte Claro - CAV SNIRH.xlsx;b8f0487a-df73-4f8d-8b22-bb49cf9f3683;https://metadados.snirh.gov.br/files/b8f0487a-df73-4f8d-8b22-bb49cf9f3683/Monte_Claro.zip
Monte Claro;147,8799999999993;147,74999999999932;1,6030966156246;16,747603022268;UHE Monte Claro - CAV SNIRH.xlsx;b8f0487a-df73-4f8d-8b22-bb49cf9f3683;https://metadados.snirh.gov.br/files/b8f0487a-df73-4f8d-8b22-bb49cf9f3683/Monte_Claro.zip
Monte Claro;147,8899999999993;147,7599999999993;1,6035194719012;16,763635505479;UHE Monte Claro - CAV SNIRH.xlsx;b8f0487a-df73-4f8d-8b22-bb49cf9f3683;https://metadados.snirh.gov.br/files/b8f0487a-df73-4f8d-8b22-bb49cf9f3683/Monte_Claro.zip
Monte Claro;147,8999999999993;147,7699999999993;1,6039418432996;16,779672165795;UHE Monte Claro - CAV SNIRH.xlsx;b8f0487a-df73-4f8d-8b22-bb49cf9f3683;https://metadados.snirh.gov.br/files/b8f0487a-df73-4f8d-8b22-bb49cf9f3683/Monte_Claro.zip
Monte Claro;147,9099999999993;147,7799999999993;1,6043637185118;16,795713218951;UHE Monte Claro - CAV SNIRH.xlsx;b8f0487a-df73-4f8d-8b22-bb49cf9f3683;https://metadados.snirh.gov.br/files/b8f0487a-df73-4f8d-8b22-bb49cf9f3683/Monte_Claro.zip
Monte Claro;147,91999999999928;147,78999999999928;1,6047851092914;16,811758870574998;UHE Monte Claro - CAV SNIRH.xlsx;b8f0487a-df73-4f8d-8b22-bb49cf9f3683;https://metadados.snirh.gov.br/files/b8f0487a-df73-4f8d-8b22-bb49cf9f3683/Monte_Claro.zip
Monte Claro;147,92999999999927;147,79999999999927;1,6052060233972;16,827807485877997;UHE Monte Claro - CAV SNIRH.xlsx;b8f0487a-df73-4f8d-8b22-bb49cf9f3683;https://metadados.snirh.gov.br/files/b8f0487a-df73-4f8d-8b22-bb49cf9f3683/Monte_Claro.zip
Monte Claro;147,93999999999926;147,80999999999926;1,6056264441057;16,843860985858;UHE Monte Claro - CAV SNIRH.xlsx;b8f0487a-df73-4f8d-8b22-bb49cf9f3683;https://metadados.snirh.gov.br/files/b8f0487a-df73-4f8d-8b22-bb49cf9f3683/Monte_Claro.zip
Monte Claro;147,94999999999925;147,81999999999925;1,6060463799705;16,859918817461;UHE Monte Claro - CAV SNIRH.xlsx;b8f0487a-df73-4f8d-8b22-bb49cf9f3683;https://metadados.snirh.gov.br/files/b8f0487a-df73-4f8d-8b22-bb49cf9f3683/Monte_Claro.zip
Monte Claro;147,95999999999924;147,82999999999925;1,6064658390305;16,875981410411;UHE Monte Claro - CAV SNIRH.xlsx;b8f0487a-df73-4f8d-8b22-bb49cf9f3683;https://metadados.snirh.gov.br/files/b8f0487a-df73-4f8d-8b22-bb49cf9f3683/Monte_Claro.zip
Monte Claro;147,96999999999923;147,83999999999924;1,6068848231518;16,892047760645;UHE Monte Claro - CAV SNIRH.xlsx;b8f0487a-df73-4f8d-8b22-bb49cf9f3683;https://metadados.snirh.gov.br/files/b8f0487a-df73-4f8d-8b22-bb49cf9f3683/Monte_Claro.zip
Monte Claro;147,97999999999922;147,84999999999923;1,6073033359371;16,908118580258;UHE Monte Claro - CAV SNIRH.xlsx;b8f0487a-df73-4f8d-8b22-bb49cf9f3683;https://metadados.snirh.gov.br/files/b8f0487a-df73-4f8d-8b22-bb49cf9f3683/Monte_Claro.zip
Monte Claro;147,9899999999992;147,85999999999922;1,6077213788884999;16,924193593214003;UHE Monte Claro - CAV SNIRH.xlsx;b8f0487a-df73-4f8d-8b22-bb49cf9f3683;https://metadados.snirh.gov.br/files/b8f0487a-df73-4f8d-8b22-bb49cf9f3683/Monte_Claro.zip
Monte Claro;147,9999999999992;147,8699999999992;1,6081389586742;16,940272743948;UHE Monte Claro - CAV SNIRH.xlsx;b8f0487a-df73-4f8d-8b22-bb49cf9f3683;https://metadados.snirh.gov.br/files/b8f0487a-df73-4f8d-8b22-bb49cf9f3683/Monte_Claro.zip
Monte Claro;148,0099999999992;147,8799999999992;1,608556095628;16,956356441845998;UHE Monte Claro - CAV SNIRH.xlsx;b8f0487a-df73-4f8d-8b22-bb49cf9f3683;https://metadados.snirh.gov.br/files/b8f0487a-df73-4f8d-8b22-bb49cf9f3683/Monte_Claro.zip
Monte Claro;148,0199999999992;147,8899999999992;1,6089727825752;16,972443694253002;UHE Monte Claro - CAV SNIRH.xlsx;b8f0487a-df73-4f8d-8b22-bb49cf9f3683;https://metadados.snirh.gov.br/files/b8f0487a-df73-4f8d-8b22-bb49cf9f3683/Monte_Claro.zip
Monte Claro;148,02999999999918;147,89999999999918;1,6093890123224;16,988534792157;UHE Monte Claro - CAV SNIRH.xlsx;b8f0487a-df73-4f8d-8b22-bb49cf9f3683;https://metadados.snirh.gov.br/files/b8f0487a-df73-4f8d-8b22-bb49cf9f3683/Monte_Claro.zip
Monte Claro;148,03999999999917;147,90999999999917;1,6098047883971;17,004629903271002;UHE Monte Claro - CAV SNIRH.xlsx;b8f0487a-df73-4f8d-8b22-bb49cf9f3683;https://metadados.snirh.gov.br/files/b8f0487a-df73-4f8d-8b22-bb49cf9f3683/Monte_Claro.zip
Monte Claro;148,04999999999916;147,91999999999916;1,6102200973979;17,020729881201;UHE Monte Claro - CAV SNIRH.xlsx;b8f0487a-df73-4f8d-8b22-bb49cf9f3683;https://metadados.snirh.gov.br/files/b8f0487a-df73-4f8d-8b22-bb49cf9f3683/Monte_Claro.zip
Monte Claro;148,05999999999915;147,92999999999915;1,6106349691856001;17,036834412500003;UHE Monte Claro - CAV SNIRH.xlsx;b8f0487a-df73-4f8d-8b22-bb49cf9f3683;https://metadados.snirh.gov.br/files/b8f0487a-df73-4f8d-8b22-bb49cf9f3683/Monte_Claro.zip
Monte Claro;148,06999999999914;147,93999999999915;1,6110494263647999;17,052942355512002;UHE Monte Claro - CAV SNIRH.xlsx;b8f0487a-df73-4f8d-8b22-bb49cf9f3683;https://metadados.snirh.gov.br/files/b8f0487a-df73-4f8d-8b22-bb49cf9f3683/Monte_Claro.zip
Monte Claro;148,07999999999913;147,94999999999914;1,6114634149884;17,069055056745;UHE Monte Claro - CAV SNIRH.xlsx;b8f0487a-df73-4f8d-8b22-bb49cf9f3683;https://metadados.snirh.gov.br/files/b8f0487a-df73-4f8d-8b22-bb49cf9f3683/Monte_Claro.zip
Monte Claro;148,08999999999912;147,95999999999913;1,6118769410582001;17,085171327364;UHE Monte Claro - CAV SNIRH.xlsx;b8f0487a-df73-4f8d-8b22-bb49cf9f3683;https://metadados.snirh.gov.br/files/b8f0487a-df73-4f8d-8b22-bb49cf9f3683/Monte_Claro.zip
Monte Claro;148,0999999999991;147,96999999999912;1,6122900179427;17,101292347984;UHE Monte Claro - CAV SNIRH.xlsx;b8f0487a-df73-4f8d-8b22-bb49cf9f3683;https://metadados.snirh.gov.br/files/b8f0487a-df73-4f8d-8b22-bb49cf9f3683/Monte_Claro.zip
Monte Claro;148,1099999999991;147,9799999999991;1,6127026546828;17,117417012544;UHE Monte Claro - CAV SNIRH.xlsx;b8f0487a-df73-4f8d-8b22-bb49cf9f3683;https://metadados.snirh.gov.br/files/b8f0487a-df73-4f8d-8b22-bb49cf9f3683/Monte_Claro.zip
Monte Claro;148,1199999999991;147,9899999999991;1,6131148563447002;17,133545833895003;UHE Monte Claro - CAV SNIRH.xlsx;b8f0487a-df73-4f8d-8b22-bb49cf9f3683;https://metadados.snirh.gov.br/files/b8f0487a-df73-4f8d-8b22-bb49cf9f3683/Monte_Claro.zip
Monte Claro;148,1299999999991;147,9999999999991;1,6135266410326001;17,149678980046;UHE Monte Claro - CAV SNIRH.xlsx;b8f0487a-df73-4f8d-8b22-bb49cf9f3683;https://metadados.snirh.gov.br/files/b8f0487a-df73-4f8d-8b22-bb49cf9f3683/Monte_Claro.zip
Monte Claro;148,13999999999908;148,00999999999908;1,6139380241238;17,165815987849;UHE Monte Claro - CAV SNIRH.xlsx;b8f0487a-df73-4f8d-8b22-bb49cf9f3683;https://metadados.snirh.gov.br/files/b8f0487a-df73-4f8d-8b22-bb49cf9f3683/Monte_Claro.zip
Monte Claro;148,14999999999907;148,01999999999907;1,6143490061094;17,181957453797;UHE Monte Claro - CAV SNIRH.xlsx;b8f0487a-df73-4f8d-8b22-bb49cf9f3683;https://metadados.snirh.gov.br/files/b8f0487a-df73-4f8d-8b22-bb49cf9f3683/Monte_Claro.zip
Monte Claro;148,15999999999906;148,02999999999906;1,6147595893212001;17,198102444626;UHE Monte Claro - CAV SNIRH.xlsx;b8f0487a-df73-4f8d-8b22-bb49cf9f3683;https://metadados.snirh.gov.br/files/b8f0487a-df73-4f8d-8b22-bb49cf9f3683/Monte_Claro.zip
Monte Claro;148,16999999999905;148,03999999999905;1,6151697796872;17,214251380441;UHE Monte Claro - CAV SNIRH.xlsx;b8f0487a-df73-4f8d-8b22-bb49cf9f3683;https://metadados.snirh.gov.br/files/b8f0487a-df73-4f8d-8b22-bb49cf9f3683/Monte_Claro.zip
Monte Claro;148,17999999999904;148,04999999999905;1,6155795722378001;17,230404458285;UHE Monte Claro - CAV SNIRH.xlsx;b8f0487a-df73-4f8d-8b22-bb49cf9f3683;https://metadados.snirh.gov.br/files/b8f0487a-df73-4f8d-8b22-bb49cf9f3683/Monte_Claro.zip
Monte Claro;148,18999999999903;148,05999999999904;1,6159889925851998;17,246561673250998;UHE Monte Claro - CAV SNIRH.xlsx;b8f0487a-df73-4f8d-8b22-bb49cf9f3683;https://metadados.snirh.gov.br/files/b8f0487a-df73-4f8d-8b22-bb49cf9f3683/Monte_Claro.zip
Monte Claro;148,19999999999902;148,06999999999903;1,6163980481222;17,262722758432;UHE Monte Claro - CAV SNIRH.xlsx;b8f0487a-df73-4f8d-8b22-bb49cf9f3683;https://metadados.snirh.gov.br/files/b8f0487a-df73-4f8d-8b22-bb49cf9f3683/Monte_Claro.zip
Monte Claro;148,209999999999;148,07999999999902;1,6168067456159;17,278888520265003;UHE Monte Claro - CAV SNIRH.xlsx;b8f0487a-df73-4f8d-8b22-bb49cf9f3683;https://metadados.snirh.gov.br/files/b8f0487a-df73-4f8d-8b22-bb49cf9f3683/Monte_Claro.zip
Monte Claro;148,219999999999;148,089999999999;1,61721509515;17,295058226059002;UHE Monte Claro - CAV SNIRH.xlsx;b8f0487a-df73-4f8d-8b22-bb49cf9f3683;https://metadados.snirh.gov.br/files/b8f0487a-df73-4f8d-8b22-bb49cf9f3683/Monte_Claro.zip
Monte Claro;148,229999999999;148,099999999999;1,6176230887835998;17,311231201024;UHE Monte Claro - CAV SNIRH.xlsx;b8f0487a-df73-4f8d-8b22-bb49cf9f3683;https://metadados.snirh.gov.br/files/b8f0487a-df73-4f8d-8b22-bb49cf9f3683/Monte_Claro.zip
Monte Claro;148,239999999999;148,109999999999;1,6180307251734;17,327408804498;UHE Monte Claro - CAV SNIRH.xlsx;b8f0487a-df73-4f8d-8b22-bb49cf9f3683;https://metadados.snirh.gov.br/files/b8f0487a-df73-4f8d-8b22-bb49cf9f3683/Monte_Claro.zip
Monte Claro;148,24999999999898;148,11999999999898;1,6184380027349;17,343591062646002;UHE Monte Claro - CAV SNIRH.xlsx;b8f0487a-df73-4f8d-8b22-bb49cf9f3683;https://metadados.snirh.gov.br/files/b8f0487a-df73-4f8d-8b22-bb49cf9f3683/Monte_Claro.zip
Monte Claro;148,25999999999897;148,12999999999897;1,6188449080464;17,359777362501;UHE Monte Claro - CAV SNIRH.xlsx;b8f0487a-df73-4f8d-8b22-bb49cf9f3683;https://metadados.snirh.gov.br/files/b8f0487a-df73-4f8d-8b22-bb49cf9f3683/Monte_Claro.zip
Monte Claro;148,26999999999896;148,13999999999896;1,6192514440663;17,375968321517004;UHE Monte Claro - CAV SNIRH.xlsx;b8f0487a-df73-4f8d-8b22-bb49cf9f3683;https://metadados.snirh.gov.br/files/b8f0487a-df73-4f8d-8b22-bb49cf9f3683/Monte_Claro.zip
Monte Claro;148,27999999999895;148,14999999999895;1,6196576071901998;17,392162766297;UHE Monte Claro - CAV SNIRH.xlsx;b8f0487a-df73-4f8d-8b22-bb49cf9f3683;https://metadados.snirh.gov.br/files/b8f0487a-df73-4f8d-8b22-bb49cf9f3683/Monte_Claro.zip
Monte Claro;148,28999999999894;148,15999999999894;1,6200634028147;17,408362229266;UHE Monte Claro - CAV SNIRH.xlsx;b8f0487a-df73-4f8d-8b22-bb49cf9f3683;https://metadados.snirh.gov.br/files/b8f0487a-df73-4f8d-8b22-bb49cf9f3683/Monte_Claro.zip
Monte Claro;148,29999999999893;148,16999999999894;1,6204688478576001;17,424565048238;UHE Monte Claro - CAV SNIRH.xlsx;b8f0487a-df73-4f8d-8b22-bb49cf9f3683;https://metadados.snirh.gov.br/files/b8f0487a-df73-4f8d-8b22-bb49cf9f3683/Monte_Claro.zip
Monte Claro;148,30999999999892;148,17999999999893;1,6208739326378;17,440771557186;UHE Monte Claro - CAV SNIRH.xlsx;b8f0487a-df73-4f8d-8b22-bb49cf9f3683;https://metadados.snirh.gov.br/files/b8f0487a-df73-4f8d-8b22-bb49cf9f3683/Monte_Claro.zip
Monte Claro;148,3199999999989;148,18999999999892;1,6212786226425;17,456982284181;UHE Monte Claro - CAV SNIRH.xlsx;b8f0487a-df73-4f8d-8b22-bb49cf9f3683;https://metadados.snirh.gov.br/files/b8f0487a-df73-4f8d-8b22-bb49cf9f3683/Monte_Claro.zip
Monte Claro;148,3299999999989;148,1999999999989;1,6216829186191;17,473197177937;UHE Monte Claro - CAV SNIRH.xlsx;b8f0487a-df73-4f8d-8b22-bb49cf9f3683;https://metadados.snirh.gov.br/files/b8f0487a-df73-4f8d-8b22-bb49cf9f3683/Monte_Claro.zip
Monte Claro;148,3399999999989;148,2099999999989;1,6220868209914;17,48941588914;UHE Monte Claro - CAV SNIRH.xlsx;b8f0487a-df73-4f8d-8b22-bb49cf9f3683;https://metadados.snirh.gov.br/files/b8f0487a-df73-4f8d-8b22-bb49cf9f3683/Monte_Claro.zip
Monte Claro;148,3499999999989;148,2199999999989;1,6224903517268;17,505638177853;UHE Monte Claro - CAV SNIRH.xlsx;b8f0487a-df73-4f8d-8b22-bb49cf9f3683;https://metadados.snirh.gov.br/files/b8f0487a-df73-4f8d-8b22-bb49cf9f3683/Monte_Claro.zip
Monte Claro;148,35999999999888;148,22999999999888;1,6228935149916999;17,521864867799;UHE Monte Claro - CAV SNIRH.xlsx;b8f0487a-df73-4f8d-8b22-bb49cf9f3683;https://metadados.snirh.gov.br/files/b8f0487a-df73-4f8d-8b22-bb49cf9f3683/Monte_Claro.zip
Monte Claro;148,36999999999887;148,23999999999887;1,6232963053736;17,538095338782;UHE Monte Claro - CAV SNIRH.xlsx;b8f0487a-df73-4f8d-8b22-bb49cf9f3683;https://metadados.snirh.gov.br/files/b8f0487a-df73-4f8d-8b22-bb49cf9f3683/Monte_Claro.zip
Monte Claro;148,37999999999886;148,24999999999886;1,6236987266857;17,554330213823;UHE Monte Claro - CAV SNIRH.xlsx;b8f0487a-df73-4f8d-8b22-bb49cf9f3683;https://metadados.snirh.gov.br/files/b8f0487a-df73-4f8d-8b22-bb49cf9f3683/Monte_Claro.zip
Monte Claro;148,38999999999885;148,25999999999885;1,6241007833699;17,570568571652;UHE Monte Claro - CAV SNIRH.xlsx;b8f0487a-df73-4f8d-8b22-bb49cf9f3683;https://metadados.snirh.gov.br/files/b8f0487a-df73-4f8d-8b22-bb49cf9f3683/Monte_Claro.zip
Monte Claro;148,39999999999884;148,26999999999884;1,6245024755597;17,586811020985998;UHE Monte Claro - CAV SNIRH.xlsx;b8f0487a-df73-4f8d-8b22-bb49cf9f3683;https://metadados.snirh.gov.br/files/b8f0487a-df73-4f8d-8b22-bb49cf9f3683/Monte_Claro.zip
Monte Claro;148,40999999999883;148,27999999999884;1,6249038253352;17,60305788494;UHE Monte Claro - CAV SNIRH.xlsx;b8f0487a-df73-4f8d-8b22-bb49cf9f3683;https://metadados.snirh.gov.br/files/b8f0487a-df73-4f8d-8b22-bb49cf9f3683/Monte_Claro.zip
Monte Claro;148,41999999999882;148,28999999999883;1,6253048260452;17,619308850701998;UHE Monte Claro - CAV SNIRH.xlsx;b8f0487a-df73-4f8d-8b22-bb49cf9f3683;https://metadados.snirh.gov.br/files/b8f0487a-df73-4f8d-8b22-bb49cf9f3683/Monte_Claro.zip
Monte Claro;148,4299999999988;148,29999999999882;1,6257054849741999;17,635563545807;UHE Monte Claro - CAV SNIRH.xlsx;b8f0487a-df73-4f8d-8b22-bb49cf9f3683;https://metadados.snirh.gov.br/files/b8f0487a-df73-4f8d-8b22-bb49cf9f3683/Monte_Claro.zip
Monte Claro;148,4399999999988;148,3099999999988;1,6261058089706;17,651821353819003;UHE Monte Claro - CAV SNIRH.xlsx;b8f0487a-df73-4f8d-8b22-bb49cf9f3683;https://metadados.snirh.gov.br/files/b8f0487a-df73-4f8d-8b22-bb49cf9f3683/Monte_Claro.zip
Monte Claro;148,4499999999988;148,3199999999988;1,6265057990353;17,668084261029;UHE Monte Claro - CAV SNIRH.xlsx;b8f0487a-df73-4f8d-8b22-bb49cf9f3683;https://metadados.snirh.gov.br/files/b8f0487a-df73-4f8d-8b22-bb49cf9f3683/Monte_Claro.zip
Monte Claro;148,4599999999988;148,3299999999988;1,6269054714154;17,684350836118;UHE Monte Claro - CAV SNIRH.xlsx;b8f0487a-df73-4f8d-8b22-bb49cf9f3683;https://metadados.snirh.gov.br/files/b8f0487a-df73-4f8d-8b22-bb49cf9f3683/Monte_Claro.zip
Monte Claro;148,46999999999878;148,33999999999878;1,6273048026515;17,700621452104;UHE Monte Claro - CAV SNIRH.xlsx;b8f0487a-df73-4f8d-8b22-bb49cf9f3683;https://metadados.snirh.gov.br/files/b8f0487a-df73-4f8d-8b22-bb49cf9f3683/Monte_Claro.zip
Monte Claro;148,47999999999877;148,34999999999877;1,6277037948304;17,716896352267;UHE Monte Claro - CAV SNIRH.xlsx;b8f0487a-df73-4f8d-8b22-bb49cf9f3683;https://metadados.snirh.gov.br/files/b8f0487a-df73-4f8d-8b22-bb49cf9f3683/Monte_Claro.zip
Monte Claro;148,48999999999876;148,35999999999876;1,6281024703569;17,733175412108;UHE Monte Claro - CAV SNIRH.xlsx;b8f0487a-df73-4f8d-8b22-bb49cf9f3683;https://metadados.snirh.gov.br/files/b8f0487a-df73-4f8d-8b22-bb49cf9f3683/Monte_Claro.zip
Monte Claro;148,49999999999875;148,36999999999875;1,6285008501712999;17,74945768156;UHE Monte Claro - CAV SNIRH.xlsx;b8f0487a-df73-4f8d-8b22-bb49cf9f3683;https://metadados.snirh.gov.br/files/b8f0487a-df73-4f8d-8b22-bb49cf9f3683/Monte_Claro.zip
Monte Claro;148,50999999999874;148,37999999999874;1,6288989160057;17,765744118578002;UHE Monte Claro - CAV SNIRH.xlsx;b8f0487a-df73-4f8d-8b22-bb49cf9f3683;https://metadados.snirh.gov.br/files/b8f0487a-df73-4f8d-8b22-bb49cf9f3683/Monte_Claro.zip
Monte Claro;148,51999999999873;148,38999999999874;1,6292966551033;17,782034783664;UHE Monte Claro - CAV SNIRH.xlsx;b8f0487a-df73-4f8d-8b22-bb49cf9f3683;https://metadados.snirh.gov.br/files/b8f0487a-df73-4f8d-8b22-bb49cf9f3683/Monte_Claro.zip
Monte Claro;148,52999999999872;148,39999999999873;1,6296940524476;17,798329402618;UHE Monte Claro - CAV SNIRH.xlsx;b8f0487a-df73-4f8d-8b22-bb49cf9f3683;https://metadados.snirh.gov.br/files/b8f0487a-df73-4f8d-8b22-bb49cf9f3683/Monte_Claro.zip
Monte Claro;148,5399999999987;148,40999999999872;1,6300911259953998;17,814627793767002;UHE Monte Claro - CAV SNIRH.xlsx;b8f0487a-df73-4f8d-8b22-bb49cf9f3683;https://metadados.snirh.gov.br/files/b8f0487a-df73-4f8d-8b22-bb49cf9f3683/Monte_Claro.zip
Monte Claro;148,5499999999987;148,4199999999987;1,630487873929;17,830930267902;UHE Monte Claro - CAV SNIRH.xlsx;b8f0487a-df73-4f8d-8b22-bb49cf9f3683;https://metadados.snirh.gov.br/files/b8f0487a-df73-4f8d-8b22-bb49cf9f3683/Monte_Claro.zip
Monte Claro;148,5599999999987;148,4299999999987;1,6308843001335;17,847236711568;UHE Monte Claro - CAV SNIRH.xlsx;b8f0487a-df73-4f8d-8b22-bb49cf9f3683;https://metadados.snirh.gov.br/files/b8f0487a-df73-4f8d-8b22-bb49cf9f3683/Monte_Claro.zip
Monte Claro;148,56999999999869;148,4399999999987;1,6312804058363;17,863547257993;UHE Monte Claro - CAV SNIRH.xlsx;b8f0487a-df73-4f8d-8b22-bb49cf9f3683;https://metadados.snirh.gov.br/files/b8f0487a-df73-4f8d-8b22-bb49cf9f3683/Monte_Claro.zip
Monte Claro;148,57999999999868;148,44999999999868;1,6316761813323;17,87986215409;UHE Monte Claro - CAV SNIRH.xlsx;b8f0487a-df73-4f8d-8b22-bb49cf9f3683;https://metadados.snirh.gov.br/files/b8f0487a-df73-4f8d-8b22-bb49cf9f3683/Monte_Claro.zip
Monte Claro;148,58999999999867;148,45999999999867;1,6320716382028;17,896180911736998;UHE Monte Claro - CAV SNIRH.xlsx;b8f0487a-df73-4f8d-8b22-bb49cf9f3683;https://metadados.snirh.gov.br/files/b8f0487a-df73-4f8d-8b22-bb49cf9f3683/Monte_Claro.zip
Monte Claro;148,59999999999866;148,46999999999866;1,6324667818593002;17,912502661565;UHE Monte Claro - CAV SNIRH.xlsx;b8f0487a-df73-4f8d-8b22-bb49cf9f3683;https://metadados.snirh.gov.br/files/b8f0487a-df73-4f8d-8b22-bb49cf9f3683/Monte_Claro.zip
Monte Claro;148,60999999999865;148,47999999999865;1,6328616147211001;17,928829425166;UHE Monte Claro - CAV SNIRH.xlsx;b8f0487a-df73-4f8d-8b22-bb49cf9f3683;https://metadados.snirh.gov.br/files/b8f0487a-df73-4f8d-8b22-bb49cf9f3683/Monte_Claro.zip
Monte Claro;148,61999999999864;148,48999999999864;1,6332561416312;17,945159924238;UHE Monte Claro - CAV SNIRH.xlsx;b8f0487a-df73-4f8d-8b22-bb49cf9f3683;https://metadados.snirh.gov.br/files/b8f0487a-df73-4f8d-8b22-bb49cf9f3683/Monte_Claro.zip
Monte Claro;148,62999999999863;148,49999999999864;1,6336503691144;17,961493225088997;UHE Monte Claro - CAV SNIRH.xlsx;b8f0487a-df73-4f8d-8b22-bb49cf9f3683;https://metadados.snirh.gov.br/files/b8f0487a-df73-4f8d-8b22-bb49cf9f3683/Monte_Claro.zip
Monte Claro;148,63999999999862;148,50999999999863;1,6340442903292;17,977831549589002;UHE Monte Claro - CAV SNIRH.xlsx;b8f0487a-df73-4f8d-8b22-bb49cf9f3683;https://metadados.snirh.gov.br/files/b8f0487a-df73-4f8d-8b22-bb49cf9f3683/Monte_Claro.zip
Monte Claro;148,6499999999986;148,51999999999862;1,6344379113474;17,994173948732;UHE Monte Claro - CAV SNIRH.xlsx;b8f0487a-df73-4f8d-8b22-bb49cf9f3683;https://metadados.snirh.gov.br/files/b8f0487a-df73-4f8d-8b22-bb49cf9f3683/Monte_Claro.zip
Monte Claro;148,6599999999986;148,5299999999986;1,6348312493718;18,010518877898;UHE Monte Claro - CAV SNIRH.xlsx;b8f0487a-df73-4f8d-8b22-bb49cf9f3683;https://metadados.snirh.gov.br/files/b8f0487a-df73-4f8d-8b22-bb49cf9f3683/Monte_Claro.zip
Monte Claro;148,6699999999986;148,5399999999986;1,6352243053218;18,026869537211002;UHE Monte Claro - CAV SNIRH.xlsx;b8f0487a-df73-4f8d-8b22-bb49cf9f3683;https://metadados.snirh.gov.br/files/b8f0487a-df73-4f8d-8b22-bb49cf9f3683/Monte_Claro.zip
Monte Claro;148,67999999999859;148,5499999999986;1,6356170414325;18,043224123621002;UHE Monte Claro - CAV SNIRH.xlsx;b8f0487a-df73-4f8d-8b22-bb49cf9f3683;https://metadados.snirh.gov.br/files/b8f0487a-df73-4f8d-8b22-bb49cf9f3683/Monte_Claro.zip
Monte Claro;148,68999999999858;148,55999999999858;1,6360094573361001;18,059582440137;UHE Monte Claro - CAV SNIRH.xlsx;b8f0487a-df73-4f8d-8b22-bb49cf9f3683;https://metadados.snirh.gov.br/files/b8f0487a-df73-4f8d-8b22-bb49cf9f3683/Monte_Claro.zip
Monte Claro;148,69999999999857;148,56999999999857;1,6364015634008;18,075944206886998;UHE Monte Claro - CAV SNIRH.xlsx;b8f0487a-df73-4f8d-8b22-bb49cf9f3683;https://metadados.snirh.gov.br/files/b8f0487a-df73-4f8d-8b22-bb49cf9f3683/Monte_Claro.zip
Monte Claro;148,70999999999856;148,57999999999856;1,6367933527039;18,092310767621;UHE Monte Claro - CAV SNIRH.xlsx;b8f0487a-df73-4f8d-8b22-bb49cf9f3683;https://metadados.snirh.gov.br/files/b8f0487a-df73-4f8d-8b22-bb49cf9f3683/Monte_Claro.zip
Monte Claro;148,71999999999855;148,58999999999855;1,637184816178;18,108680166461;UHE Monte Claro - CAV SNIRH.xlsx;b8f0487a-df73-4f8d-8b22-bb49cf9f3683;https://metadados.snirh.gov.br/files/b8f0487a-df73-4f8d-8b22-bb49cf9f3683/Monte_Claro.zip
Monte Claro;148,72999999999854;148,59999999999854;1,6375759651365;18,125053106533;UHE Monte Claro - CAV SNIRH.xlsx;b8f0487a-df73-4f8d-8b22-bb49cf9f3683;https://metadados.snirh.gov.br/files/b8f0487a-df73-4f8d-8b22-bb49cf9f3683/Monte_Claro.zip
Monte Claro;148,73999999999853;148,60999999999854;1,6379668001307;18,141430908498002;UHE Monte Claro - CAV SNIRH.xlsx;b8f0487a-df73-4f8d-8b22-bb49cf9f3683;https://metadados.snirh.gov.br/files/b8f0487a-df73-4f8d-8b22-bb49cf9f3683/Monte_Claro.zip
Monte Claro;148,74999999999852;148,61999999999853;1,6383573337572999;18,15781217063;UHE Monte Claro - CAV SNIRH.xlsx;b8f0487a-df73-4f8d-8b22-bb49cf9f3683;https://metadados.snirh.gov.br/files/b8f0487a-df73-4f8d-8b22-bb49cf9f3683/Monte_Claro.zip
Monte Claro;148,7599999999985;148,62999999999852;1,638747548345;18,174197702753997;UHE Monte Claro - CAV SNIRH.xlsx;b8f0487a-df73-4f8d-8b22-bb49cf9f3683;https://metadados.snirh.gov.br/files/b8f0487a-df73-4f8d-8b22-bb49cf9f3683/Monte_Claro.zip
Monte Claro;148,7699999999985;148,6399999999985;1,639137447795;18,190586816256;UHE Monte Claro - CAV SNIRH.xlsx;b8f0487a-df73-4f8d-8b22-bb49cf9f3683;https://metadados.snirh.gov.br/files/b8f0487a-df73-4f8d-8b22-bb49cf9f3683/Monte_Claro.zip
Monte Claro;148,7799999999985;148,6499999999985;1,6395270306249998;18,206978181860997;UHE Monte Claro - CAV SNIRH.xlsx;b8f0487a-df73-4f8d-8b22-bb49cf9f3683;https://metadados.snirh.gov.br/files/b8f0487a-df73-4f8d-8b22-bb49cf9f3683/Monte_Claro.zip
Monte Claro;148,78999999999849;148,6599999999985;1,6399163054929;18,223375314096;UHE Monte Claro - CAV SNIRH.xlsx;b8f0487a-df73-4f8d-8b22-bb49cf9f3683;https://metadados.snirh.gov.br/files/b8f0487a-df73-4f8d-8b22-bb49cf9f3683/Monte_Claro.zip
Monte Claro;148,79999999999848;148,66999999999848;1,6403052898527;18,239778156459998;UHE Monte Claro - CAV SNIRH.xlsx;b8f0487a-df73-4f8d-8b22-bb49cf9f3683;https://metadados.snirh.gov.br/files/b8f0487a-df73-4f8d-8b22-bb49cf9f3683/Monte_Claro.zip
Monte Claro;148,80999999999847;148,67999999999847;1,6406939829571001;18,256183575425;UHE Monte Claro - CAV SNIRH.xlsx;b8f0487a-df73-4f8d-8b22-bb49cf9f3683;https://metadados.snirh.gov.br/files/b8f0487a-df73-4f8d-8b22-bb49cf9f3683/Monte_Claro.zip
Monte Claro;148,81999999999846;148,68999999999846;1,6410823730392;18,272592401886;UHE Monte Claro - CAV SNIRH.xlsx;b8f0487a-df73-4f8d-8b22-bb49cf9f3683;https://metadados.snirh.gov.br/files/b8f0487a-df73-4f8d-8b22-bb49cf9f3683/Monte_Claro.zip
Monte Claro;148,82999999999845;148,69999999999845;1,6414704551830999;18,289005024589;UHE Monte Claro - CAV SNIRH.xlsx;b8f0487a-df73-4f8d-8b22-bb49cf9f3683;https://metadados.snirh.gov.br/files/b8f0487a-df73-4f8d-8b22-bb49cf9f3683/Monte_Claro.zip
Monte Claro;148,83999999999844;148,70999999999844;1,6418582442677998;18,305421739834;UHE Monte Claro - CAV SNIRH.xlsx;b8f0487a-df73-4f8d-8b22-bb49cf9f3683;https://metadados.snirh.gov.br/files/b8f0487a-df73-4f8d-8b22-bb49cf9f3683/Monte_Claro.zip
Monte Claro;148,84999999999843;148,71999999999844;1,6422457467052;18,321841424773;UHE Monte Claro - CAV SNIRH.xlsx;b8f0487a-df73-4f8d-8b22-bb49cf9f3683;https://metadados.snirh.gov.br/files/b8f0487a-df73-4f8d-8b22-bb49cf9f3683/Monte_Claro.zip
Monte Claro;148,85999999999842;148,72999999999843;1,6426329584785;18,338265897994;UHE Monte Claro - CAV SNIRH.xlsx;b8f0487a-df73-4f8d-8b22-bb49cf9f3683;https://metadados.snirh.gov.br/files/b8f0487a-df73-4f8d-8b22-bb49cf9f3683/Monte_Claro.zip
Monte Claro;148,8699999999984;148,73999999999842;1,6430198694488;18,354693329558998;UHE Monte Claro - CAV SNIRH.xlsx;b8f0487a-df73-4f8d-8b22-bb49cf9f3683;https://metadados.snirh.gov.br/files/b8f0487a-df73-4f8d-8b22-bb49cf9f3683/Monte_Claro.zip
Monte Claro;148,8799999999984;148,7499999999984;1,6434064931142;18,371125516593;UHE Monte Claro - CAV SNIRH.xlsx;b8f0487a-df73-4f8d-8b22-bb49cf9f3683;https://metadados.snirh.gov.br/files/b8f0487a-df73-4f8d-8b22-bb49cf9f3683/Monte_Claro.zip
Monte Claro;148,8899999999984;148,7599999999984;1,6437928288387;18,387561694667998;UHE Monte Claro - CAV SNIRH.xlsx;b8f0487a-df73-4f8d-8b22-bb49cf9f3683;https://metadados.snirh.gov.br/files/b8f0487a-df73-4f8d-8b22-bb49cf9f3683/Monte_Claro.zip
Monte Claro;148,89999999999839;148,7699999999984;1,6441788655657;18,404001013723;UHE Monte Claro - CAV SNIRH.xlsx;b8f0487a-df73-4f8d-8b22-bb49cf9f3683;https://metadados.snirh.gov.br/files/b8f0487a-df73-4f8d-8b22-bb49cf9f3683/Monte_Claro.zip
Monte Claro;148,90999999999838;148,77999999999838;1,6445645905631001;18,420444134739;UHE Monte Claro - CAV SNIRH.xlsx;b8f0487a-df73-4f8d-8b22-bb49cf9f3683;https://metadados.snirh.gov.br/files/b8f0487a-df73-4f8d-8b22-bb49cf9f3683/Monte_Claro.zip
Monte Claro;148,91999999999837;148,78999999999837;1,6449500125416001;18,436891753552;UHE Monte Claro - CAV SNIRH.xlsx;b8f0487a-df73-4f8d-8b22-bb49cf9f3683;https://metadados.snirh.gov.br/files/b8f0487a-df73-4f8d-8b22-bb49cf9f3683/Monte_Claro.zip
Monte Claro;148,92999999999836;148,79999999999836;1,6453351446961;18,453343265307;UHE Monte Claro - CAV SNIRH.xlsx;b8f0487a-df73-4f8d-8b22-bb49cf9f3683;https://metadados.snirh.gov.br/files/b8f0487a-df73-4f8d-8b22-bb49cf9f3683/Monte_Claro.zip
Monte Claro;148,93999999999835;148,80999999999835;1,6457199773783;18,469797604688;UHE Monte Claro - CAV SNIRH.xlsx;b8f0487a-df73-4f8d-8b22-bb49cf9f3683;https://metadados.snirh.gov.br/files/b8f0487a-df73-4f8d-8b22-bb49cf9f3683/Monte_Claro.zip
Monte Claro;148,94999999999834;148,81999999999834;1,6461044981424;18,486256159630997;UHE Monte Claro - CAV SNIRH.xlsx;b8f0487a-df73-4f8d-8b22-bb49cf9f3683;https://metadados.snirh.gov.br/files/b8f0487a-df73-4f8d-8b22-bb49cf9f3683/Monte_Claro.zip
Monte Claro;148,95999999999833;148,82999999999834;1,6464887339316001;18,502719341677;UHE Monte Claro - CAV SNIRH.xlsx;b8f0487a-df73-4f8d-8b22-bb49cf9f3683;https://metadados.snirh.gov.br/files/b8f0487a-df73-4f8d-8b22-bb49cf9f3683/Monte_Claro.zip
Monte Claro;148,96999999999832;148,83999999999833;1,6468726954418;18,51918569998;UHE Monte Claro - CAV SNIRH.xlsx;b8f0487a-df73-4f8d-8b22-bb49cf9f3683;https://metadados.snirh.gov.br/files/b8f0487a-df73-4f8d-8b22-bb49cf9f3683/Monte_Claro.zip
Monte Claro;148,9799999999983;148,84999999999832;1,6472563844578;18,535656969759;UHE Monte Claro - CAV SNIRH.xlsx;b8f0487a-df73-4f8d-8b22-bb49cf9f3683;https://metadados.snirh.gov.br/files/b8f0487a-df73-4f8d-8b22-bb49cf9f3683/Monte_Claro.zip
Monte Claro;148,9899999999983;148,8599999999983;1,6476397857867;18,552131041444998;UHE Monte Claro - CAV SNIRH.xlsx;b8f0487a-df73-4f8d-8b22-bb49cf9f3683;https://metadados.snirh.gov.br/files/b8f0487a-df73-4f8d-8b22-bb49cf9f3683/Monte_Claro.zip
Monte Claro;148,9999999999983;148,8699999999983;1,6480229098710002;18,568609329806;UHE Monte Claro - CAV SNIRH.xlsx;b8f0487a-df73-4f8d-8b22-bb49cf9f3683;https://metadados.snirh.gov.br/files/b8f0487a-df73-4f8d-8b22-bb49cf9f3683/Monte_Claro.zip
Monte Claro;149,00999999999829;148,8799999999983;1,6484057604255;18,585091214401;UHE Monte Claro - CAV SNIRH.xlsx;b8f0487a-df73-4f8d-8b22-bb49cf9f3683;https://metadados.snirh.gov.br/files/b8f0487a-df73-4f8d-8b22-bb49cf9f3683/Monte_Claro.zip
Monte Claro;149,01999999999828;148,88999999999828;1,6487883285095999;18,601576094714;UHE Monte Claro - CAV SNIRH.xlsx;b8f0487a-df73-4f8d-8b22-bb49cf9f3683;https://metadados.snirh.gov.br/files/b8f0487a-df73-4f8d-8b22-bb49cf9f3683/Monte_Claro.zip
Monte Claro;149,02999999999827;148,89999999999827;1,6491706059492;18,618066168525;UHE Monte Claro - CAV SNIRH.xlsx;b8f0487a-df73-4f8d-8b22-bb49cf9f3683;https://metadados.snirh.gov.br/files/b8f0487a-df73-4f8d-8b22-bb49cf9f3683/Monte_Claro.zip
Monte Claro;149,03999999999826;148,90999999999826;1,6495525883605;18,634559714839998;UHE Monte Claro - CAV SNIRH.xlsx;b8f0487a-df73-4f8d-8b22-bb49cf9f3683;https://metadados.snirh.gov.br/files/b8f0487a-df73-4f8d-8b22-bb49cf9f3683/Monte_Claro.zip
Monte Claro;149,04999999999825;148,91999999999825;1,6499342827291;18,651055486531998;UHE Monte Claro - CAV SNIRH.xlsx;b8f0487a-df73-4f8d-8b22-bb49cf9f3683;https://metadados.snirh.gov.br/files/b8f0487a-df73-4f8d-8b22-bb49cf9f3683/Monte_Claro.zip
Monte Claro;149,05999999999824;148,92999999999824;1,6503156960207999;18,667556740885;UHE Monte Claro - CAV SNIRH.xlsx;b8f0487a-df73-4f8d-8b22-bb49cf9f3683;https://metadados.snirh.gov.br/files/b8f0487a-df73-4f8d-8b22-bb49cf9f3683/Monte_Claro.zip
Monte Claro;149,06999999999823;148,93999999999824;1,6506968219376;18,684061996177;UHE Monte Claro - CAV SNIRH.xlsx;b8f0487a-df73-4f8d-8b22-bb49cf9f3683;https://metadados.snirh.gov.br/files/b8f0487a-df73-4f8d-8b22-bb49cf9f3683/Monte_Claro.zip
Monte Claro;149,07999999999822;148,94999999999823;1,6510776705000998;18,700570945199;UHE Monte Claro - CAV SNIRH.xlsx;b8f0487a-df73-4f8d-8b22-bb49cf9f3683;https://metadados.snirh.gov.br/files/b8f0487a-df73-4f8d-8b22-bb49cf9f3683/Monte_Claro.zip
Monte Claro;149,0899999999982;148,95999999999822;1,6514582544143;18,717084022947;UHE Monte Claro - CAV SNIRH.xlsx;b8f0487a-df73-4f8d-8b22-bb49cf9f3683;https://metadados.snirh.gov.br/files/b8f0487a-df73-4f8d-8b22-bb49cf9f3683/Monte_Claro.zip
Monte Claro;149,0999999999982;148,9699999999982;1,6518385820787;18,733600566307;UHE Monte Claro - CAV SNIRH.xlsx;b8f0487a-df73-4f8d-8b22-bb49cf9f3683;https://metadados.snirh.gov.br/files/b8f0487a-df73-4f8d-8b22-bb49cf9f3683/Monte_Claro.zip
Monte Claro;149,1099999999982;148,9799999999982;1,6522186545672;18,750120809656;UHE Monte Claro - CAV SNIRH.xlsx;b8f0487a-df73-4f8d-8b22-bb49cf9f3683;https://metadados.snirh.gov.br/files/b8f0487a-df73-4f8d-8b22-bb49cf9f3683/Monte_Claro.zip
Monte Claro;149,11999999999819;148,9899999999982;1,6525984747881;18,766644569540002;UHE Monte Claro - CAV SNIRH.xlsx;b8f0487a-df73-4f8d-8b22-bb49cf9f3683;https://metadados.snirh.gov.br/files/b8f0487a-df73-4f8d-8b22-bb49cf9f3683/Monte_Claro.zip
Monte Claro;149,12999999999818;148,99999999999818;1,6529780452999;18,783172689556;UHE Monte Claro - CAV SNIRH.xlsx;b8f0487a-df73-4f8d-8b22-bb49cf9f3683;https://metadados.snirh.gov.br/files/b8f0487a-df73-4f8d-8b22-bb49cf9f3683/Monte_Claro.zip
Monte Claro;149,13999999999817;149,00999999999817;1,6533573721622001;18,799704639441;UHE Monte Claro - CAV SNIRH.xlsx;b8f0487a-df73-4f8d-8b22-bb49cf9f3683;https://metadados.snirh.gov.br/files/b8f0487a-df73-4f8d-8b22-bb49cf9f3683/Monte_Claro.zip
Monte Claro;149,14999999999816;149,01999999999816;1,6537364601001;18,816239718225;UHE Monte Claro - CAV SNIRH.xlsx;b8f0487a-df73-4f8d-8b22-bb49cf9f3683;https://metadados.snirh.gov.br/files/b8f0487a-df73-4f8d-8b22-bb49cf9f3683/Monte_Claro.zip
Monte Claro;149,15999999999815;149,02999999999815;1,6541153191448001;18,832778080474;UHE Monte Claro - CAV SNIRH.xlsx;b8f0487a-df73-4f8d-8b22-bb49cf9f3683;https://metadados.snirh.gov.br/files/b8f0487a-df73-4f8d-8b22-bb49cf9f3683/Monte_Claro.zip
Monte Claro;149,16999999999814;149,03999999999814;1,6544939404962;18,849320755002;UHE Monte Claro - CAV SNIRH.xlsx;b8f0487a-df73-4f8d-8b22-bb49cf9f3683;https://metadados.snirh.gov.br/files/b8f0487a-df73-4f8d-8b22-bb49cf9f3683/Monte_Claro.zip
Monte Claro;149,17999999999813;149,04999999999814;1,6548723220272;18,865867404613;UHE Monte Claro - CAV SNIRH.xlsx;b8f0487a-df73-4f8d-8b22-bb49cf9f3683;https://metadados.snirh.gov.br/files/b8f0487a-df73-4f8d-8b22-bb49cf9f3683/Monte_Claro.zip
Monte Claro;149,18999999999812;149,05999999999813;1,6552504575516;18,882418100993;UHE Monte Claro - CAV SNIRH.xlsx;b8f0487a-df73-4f8d-8b22-bb49cf9f3683;https://metadados.snirh.gov.br/files/b8f0487a-df73-4f8d-8b22-bb49cf9f3683/Monte_Claro.zip
Monte Claro;149,1999999999981;149,06999999999812;1,6556283507126;18,898972615594;UHE Monte Claro - CAV SNIRH.xlsx;b8f0487a-df73-4f8d-8b22-bb49cf9f3683;https://metadados.snirh.gov.br/files/b8f0487a-df73-4f8d-8b22-bb49cf9f3683/Monte_Claro.zip
Monte Claro;149,2099999999981;149,0799999999981;1,6560059998735999;18,915530060389003;UHE Monte Claro - CAV SNIRH.xlsx;b8f0487a-df73-4f8d-8b22-bb49cf9f3683;https://metadados.snirh.gov.br/files/b8f0487a-df73-4f8d-8b22-bb49cf9f3683/Monte_Claro.zip
Monte Claro;149,2199999999981;149,0899999999981;1,6563834014771999;18,932091753004;UHE Monte Claro - CAV SNIRH.xlsx;b8f0487a-df73-4f8d-8b22-bb49cf9f3683;https://metadados.snirh.gov.br/files/b8f0487a-df73-4f8d-8b22-bb49cf9f3683/Monte_Claro.zip
Monte Claro;149,22999999999809;149,0999999999981;1,6567605519419;18,948657904691;UHE Monte Claro - CAV SNIRH.xlsx;b8f0487a-df73-4f8d-8b22-bb49cf9f3683;https://metadados.snirh.gov.br/files/b8f0487a-df73-4f8d-8b22-bb49cf9f3683/Monte_Claro.zip
Monte Claro;149,23999999999808;149,10999999999808;1,6571374537616;18,965226750712;UHE Monte Claro - CAV SNIRH.xlsx;b8f0487a-df73-4f8d-8b22-bb49cf9f3683;https://metadados.snirh.gov.br/files/b8f0487a-df73-4f8d-8b22-bb49cf9f3683/Monte_Claro.zip
Monte Claro;149,24999999999807;149,11999999999807;1,6575141074087;18,981799266190997;UHE Monte Claro - CAV SNIRH.xlsx;b8f0487a-df73-4f8d-8b22-bb49cf9f3683;https://metadados.snirh.gov.br/files/b8f0487a-df73-4f8d-8b22-bb49cf9f3683/Monte_Claro.zip
Monte Claro;149,25999999999806;149,12999999999806;1,6578905188551;18,998375548159;UHE Monte Claro - CAV SNIRH.xlsx;b8f0487a-df73-4f8d-8b22-bb49cf9f3683;https://metadados.snirh.gov.br/files/b8f0487a-df73-4f8d-8b22-bb49cf9f3683/Monte_Claro.zip
Monte Claro;149,26999999999805;149,13999999999805;1,6582666819804002;19,014956259475998;UHE Monte Claro - CAV SNIRH.xlsx;b8f0487a-df73-4f8d-8b22-bb49cf9f3683;https://metadados.snirh.gov.br/files/b8f0487a-df73-4f8d-8b22-bb49cf9f3683/Monte_Claro.zip
Monte Claro;149,27999999999804;149,14999999999804;1,6586425930189;19,031539765909002;UHE Monte Claro - CAV SNIRH.xlsx;b8f0487a-df73-4f8d-8b22-bb49cf9f3683;https://metadados.snirh.gov.br/files/b8f0487a-df73-4f8d-8b22-bb49cf9f3683/Monte_Claro.zip
Monte Claro;149,28999999999803;149,15999999999804;1,6590182544255;19,048127189264;UHE Monte Claro - CAV SNIRH.xlsx;b8f0487a-df73-4f8d-8b22-bb49cf9f3683;https://metadados.snirh.gov.br/files/b8f0487a-df73-4f8d-8b22-bb49cf9f3683/Monte_Claro.zip
Monte Claro;149,29999999999802;149,16999999999803;1,6593936718542999;19,064719120198;UHE Monte Claro - CAV SNIRH.xlsx;b8f0487a-df73-4f8d-8b22-bb49cf9f3683;https://metadados.snirh.gov.br/files/b8f0487a-df73-4f8d-8b22-bb49cf9f3683/Monte_Claro.zip
Monte Claro;149,309999999998;149,17999999999802;1,6597688477753;19,081314596782;UHE Monte Claro - CAV SNIRH.xlsx;b8f0487a-df73-4f8d-8b22-bb49cf9f3683;https://metadados.snirh.gov.br/files/b8f0487a-df73-4f8d-8b22-bb49cf9f3683/Monte_Claro.zip
Monte Claro;149,319999999998;149,189999999998;1,6601437890403001;19,097914130139;UHE Monte Claro - CAV SNIRH.xlsx;b8f0487a-df73-4f8d-8b22-bb49cf9f3683;https://metadados.snirh.gov.br/files/b8f0487a-df73-4f8d-8b22-bb49cf9f3683/Monte_Claro.zip
Monte Claro;149,329999999998;149,199999999998;1,6605185044077;19,114516700657;UHE Monte Claro - CAV SNIRH.xlsx;b8f0487a-df73-4f8d-8b22-bb49cf9f3683;https://metadados.snirh.gov.br/files/b8f0487a-df73-4f8d-8b22-bb49cf9f3683/Monte_Claro.zip
Monte Claro;149,33999999999799;149,209999999998;1,6608929906356;19,131123138082;UHE Monte Claro - CAV SNIRH.xlsx;b8f0487a-df73-4f8d-8b22-bb49cf9f3683;https://metadados.snirh.gov.br/files/b8f0487a-df73-4f8d-8b22-bb49cf9f3683/Monte_Claro.zip
Monte Claro;149,34999999999798;149,21999999999798;1,6612672516174;19,147733664605;UHE Monte Claro - CAV SNIRH.xlsx;b8f0487a-df73-4f8d-8b22-bb49cf9f3683;https://metadados.snirh.gov.br/files/b8f0487a-df73-4f8d-8b22-bb49cf9f3683/Monte_Claro.zip
Monte Claro;149,35999999999797;149,22999999999797;1,6616412857506;19,164349141478;UHE Monte Claro - CAV SNIRH.xlsx;b8f0487a-df73-4f8d-8b22-bb49cf9f3683;https://metadados.snirh.gov.br/files/b8f0487a-df73-4f8d-8b22-bb49cf9f3683/Monte_Claro.zip
Monte Claro;149,36999999999796;149,23999999999796;1,6620150988040001;19,180966565512;UHE Monte Claro - CAV SNIRH.xlsx;b8f0487a-df73-4f8d-8b22-bb49cf9f3683;https://metadados.snirh.gov.br/files/b8f0487a-df73-4f8d-8b22-bb49cf9f3683/Monte_Claro.zip
Monte Claro;149,37999999999795;149,24999999999795;1,6623886912571;19,197588466379003;UHE Monte Claro - CAV SNIRH.xlsx;b8f0487a-df73-4f8d-8b22-bb49cf9f3683;https://metadados.snirh.gov.br/files/b8f0487a-df73-4f8d-8b22-bb49cf9f3683/Monte_Claro.zip
Monte Claro;149,38999999999794;149,25999999999794;1,6627620617749;19,214214070348;UHE Monte Claro - CAV SNIRH.xlsx;b8f0487a-df73-4f8d-8b22-bb49cf9f3683;https://metadados.snirh.gov.br/files/b8f0487a-df73-4f8d-8b22-bb49cf9f3683/Monte_Claro.zip
Monte Claro;149,39999999999793;149,26999999999794;1,6631352074594;19,230843806561;UHE Monte Claro - CAV SNIRH.xlsx;b8f0487a-df73-4f8d-8b22-bb49cf9f3683;https://metadados.snirh.gov.br/files/b8f0487a-df73-4f8d-8b22-bb49cf9f3683/Monte_Claro.zip
Monte Claro;149,40999999999792;149,27999999999793;1,6635081297452998;19,247476919136;UHE Monte Claro - CAV SNIRH.xlsx;b8f0487a-df73-4f8d-8b22-bb49cf9f3683;https://metadados.snirh.gov.br/files/b8f0487a-df73-4f8d-8b22-bb49cf9f3683/Monte_Claro.zip
Monte Claro;149,4199999999979;149,28999999999792;1,6638808303933;19,264113271421;UHE Monte Claro - CAV SNIRH.xlsx;b8f0487a-df73-4f8d-8b22-bb49cf9f3683;https://metadados.snirh.gov.br/files/b8f0487a-df73-4f8d-8b22-bb49cf9f3683/Monte_Claro.zip
Monte Claro;149,4299999999979;149,2999999999979;1,6642533086792999;19,280753647488;UHE Monte Claro - CAV SNIRH.xlsx;b8f0487a-df73-4f8d-8b22-bb49cf9f3683;https://metadados.snirh.gov.br/files/b8f0487a-df73-4f8d-8b22-bb49cf9f3683/Monte_Claro.zip
Monte Claro;149,4399999999979;149,3099999999979;1,6646255659521;19,297398796941;UHE Monte Claro - CAV SNIRH.xlsx;b8f0487a-df73-4f8d-8b22-bb49cf9f3683;https://metadados.snirh.gov.br/files/b8f0487a-df73-4f8d-8b22-bb49cf9f3683/Monte_Claro.zip
Monte Claro;149,44999999999789;149,3199999999979;1,6649976048518;19,314047236405;UHE Monte Claro - CAV SNIRH.xlsx;b8f0487a-df73-4f8d-8b22-bb49cf9f3683;https://metadados.snirh.gov.br/files/b8f0487a-df73-4f8d-8b22-bb49cf9f3683/Monte_Claro.zip
Monte Claro;149,45999999999788;149,32999999999788;1,6653694269181;19,33069810579;UHE Monte Claro - CAV SNIRH.xlsx;b8f0487a-df73-4f8d-8b22-bb49cf9f3683;https://metadados.snirh.gov.br/files/b8f0487a-df73-4f8d-8b22-bb49cf9f3683/Monte_Claro.zip
Monte Claro;149,46999999999787;149,33999999999787;1,6657410319322001;19,347353643328;UHE Monte Claro - CAV SNIRH.xlsx;b8f0487a-df73-4f8d-8b22-bb49cf9f3683;https://metadados.snirh.gov.br/files/b8f0487a-df73-4f8d-8b22-bb49cf9f3683/Monte_Claro.zip
Monte Claro;149,47999999999786;149,34999999999786;1,6661124190668;19,364013269563998;UHE Monte Claro - CAV SNIRH.xlsx;b8f0487a-df73-4f8d-8b22-bb49cf9f3683;https://metadados.snirh.gov.br/files/b8f0487a-df73-4f8d-8b22-bb49cf9f3683/Monte_Claro.zip
Monte Claro;149,48999999999785;149,35999999999785;1,6664835967561;19,38067602575;UHE Monte Claro - CAV SNIRH.xlsx;b8f0487a-df73-4f8d-8b22-bb49cf9f3683;https://metadados.snirh.gov.br/files/b8f0487a-df73-4f8d-8b22-bb49cf9f3683/Monte_Claro.zip
Monte Claro;149,49999999999784;149,36999999999784;1,6668545729527;19,397342288361003;UHE Monte Claro - CAV SNIRH.xlsx;b8f0487a-df73-4f8d-8b22-bb49cf9f3683;https://metadados.snirh.gov.br/files/b8f0487a-df73-4f8d-8b22-bb49cf9f3683/Monte_Claro.zip
Monte Claro;149,50999999999783;149,37999999999784;1,6672253496489;19,414011529285;UHE Monte Claro - CAV SNIRH.xlsx;b8f0487a-df73-4f8d-8b22-bb49cf9f3683;https://metadados.snirh.gov.br/files/b8f0487a-df73-4f8d-8b22-bb49cf9f3683/Monte_Claro.zip
Monte Claro;149,51999999999782;149,38999999999783;1,6675959248162;19,430684806705003;UHE Monte Claro - CAV SNIRH.xlsx;b8f0487a-df73-4f8d-8b22-bb49cf9f3683;https://metadados.snirh.gov.br/files/b8f0487a-df73-4f8d-8b22-bb49cf9f3683/Monte_Claro.zip
Monte Claro;149,5299999999978;149,39999999999782;1,6679662958625001;19,447362395845;UHE Monte Claro - CAV SNIRH.xlsx;b8f0487a-df73-4f8d-8b22-bb49cf9f3683;https://metadados.snirh.gov.br/files/b8f0487a-df73-4f8d-8b22-bb49cf9f3683/Monte_Claro.zip
Monte Claro;149,5399999999978;149,4099999999978;1,6683364550679;19,464044487695002;UHE Monte Claro - CAV SNIRH.xlsx;b8f0487a-df73-4f8d-8b22-bb49cf9f3683;https://metadados.snirh.gov.br/files/b8f0487a-df73-4f8d-8b22-bb49cf9f3683/Monte_Claro.zip
Monte Claro;149,5499999999978;149,4199999999978;1,6687064004257;19,480729819379;UHE Monte Claro - CAV SNIRH.xlsx;b8f0487a-df73-4f8d-8b22-bb49cf9f3683;https://metadados.snirh.gov.br/files/b8f0487a-df73-4f8d-8b22-bb49cf9f3683/Monte_Claro.zip
Monte Claro;149,55999999999779;149,4299999999978;1,6690761330632;19,497419593286;UHE Monte Claro - CAV SNIRH.xlsx;b8f0487a-df73-4f8d-8b22-bb49cf9f3683;https://metadados.snirh.gov.br/files/b8f0487a-df73-4f8d-8b22-bb49cf9f3683/Monte_Claro.zip
Monte Claro;149,56999999999778;149,43999999999778;1,6694456601401;19,514111227609;UHE Monte Claro - CAV SNIRH.xlsx;b8f0487a-df73-4f8d-8b22-bb49cf9f3683;https://metadados.snirh.gov.br/files/b8f0487a-df73-4f8d-8b22-bb49cf9f3683/Monte_Claro.zip
Monte Claro;149,57999999999777;149,44999999999777;1,6698149832504001;19,530807336572;UHE Monte Claro - CAV SNIRH.xlsx;b8f0487a-df73-4f8d-8b22-bb49cf9f3683;https://metadados.snirh.gov.br/files/b8f0487a-df73-4f8d-8b22-bb49cf9f3683/Monte_Claro.zip
Monte Claro;149,58999999999776;149,45999999999776;1,6701841005779;19,547506722004;UHE Monte Claro - CAV SNIRH.xlsx;b8f0487a-df73-4f8d-8b22-bb49cf9f3683;https://metadados.snirh.gov.br/files/b8f0487a-df73-4f8d-8b22-bb49cf9f3683/Monte_Claro.zip
Monte Claro;149,59999999999775;149,46999999999775;1,6705530089414;19,564209384661;UHE Monte Claro - CAV SNIRH.xlsx;b8f0487a-df73-4f8d-8b22-bb49cf9f3683;https://metadados.snirh.gov.br/files/b8f0487a-df73-4f8d-8b22-bb49cf9f3683/Monte_Claro.zip
Monte Claro;149,60999999999774;149,47999999999774;1,6709217083835002;19,58091625737;UHE Monte Claro - CAV SNIRH.xlsx;b8f0487a-df73-4f8d-8b22-bb49cf9f3683;https://metadados.snirh.gov.br/files/b8f0487a-df73-4f8d-8b22-bb49cf9f3683/Monte_Claro.zip
Monte Claro;149,61999999999773;149,48999999999774;1,6712901976896;19,597626177669998;UHE Monte Claro - CAV SNIRH.xlsx;b8f0487a-df73-4f8d-8b22-bb49cf9f3683;https://metadados.snirh.gov.br/files/b8f0487a-df73-4f8d-8b22-bb49cf9f3683/Monte_Claro.zip
Monte Claro;149,62999999999772;149,49999999999773;1,6716584782868;19,614340487763;UHE Monte Claro - CAV SNIRH.xlsx;b8f0487a-df73-4f8d-8b22-bb49cf9f3683;https://metadados.snirh.gov.br/files/b8f0487a-df73-4f8d-8b22-bb49cf9f3683/Monte_Claro.zip
Monte Claro;149,6399999999977;149,50999999999772;1,6720265561714;19,631058495662;UHE Monte Claro - CAV SNIRH.xlsx;b8f0487a-df73-4f8d-8b22-bb49cf9f3683;https://metadados.snirh.gov.br/files/b8f0487a-df73-4f8d-8b22-bb49cf9f3683/Monte_Claro.zip
Monte Claro;149,6499999999977;149,5199999999977;1,6723944364805001;19,647781610885;UHE Monte Claro - CAV SNIRH.xlsx;b8f0487a-df73-4f8d-8b22-bb49cf9f3683;https://metadados.snirh.gov.br/files/b8f0487a-df73-4f8d-8b22-bb49cf9f3683/Monte_Claro.zip
Monte Claro;149,6599999999977;149,5299999999977;1,6727621167456;19,664507426095;UHE Monte Claro - CAV SNIRH.xlsx;b8f0487a-df73-4f8d-8b22-bb49cf9f3683;https://metadados.snirh.gov.br/files/b8f0487a-df73-4f8d-8b22-bb49cf9f3683/Monte_Claro.zip
Monte Claro;149,66999999999769;149,5399999999977;1,6731296001219;19,681237349707;UHE Monte Claro - CAV SNIRH.xlsx;b8f0487a-df73-4f8d-8b22-bb49cf9f3683;https://metadados.snirh.gov.br/files/b8f0487a-df73-4f8d-8b22-bb49cf9f3683/Monte_Claro.zip
Monte Claro;149,67999999999768;149,54999999999768;1,6734968888941;19,69797069451;UHE Monte Claro - CAV SNIRH.xlsx;b8f0487a-df73-4f8d-8b22-bb49cf9f3683;https://metadados.snirh.gov.br/files/b8f0487a-df73-4f8d-8b22-bb49cf9f3683/Monte_Claro.zip
Monte Claro;149,68999999999767;149,55999999999767;1,6738639860457;19,714707291976;UHE Monte Claro - CAV SNIRH.xlsx;b8f0487a-df73-4f8d-8b22-bb49cf9f3683;https://metadados.snirh.gov.br/files/b8f0487a-df73-4f8d-8b22-bb49cf9f3683/Monte_Claro.zip
Monte Claro;149,69999999999766;149,56999999999766;1,6742308865614999;19,731447219772;UHE Monte Claro - CAV SNIRH.xlsx;b8f0487a-df73-4f8d-8b22-bb49cf9f3683;https://metadados.snirh.gov.br/files/b8f0487a-df73-4f8d-8b22-bb49cf9f3683/Monte_Claro.zip
Monte Claro;149,70999999999765;149,57999999999765;1,6745975911481001;19,74819159446;UHE Monte Claro - CAV SNIRH.xlsx;b8f0487a-df73-4f8d-8b22-bb49cf9f3683;https://metadados.snirh.gov.br/files/b8f0487a-df73-4f8d-8b22-bb49cf9f3683/Monte_Claro.zip
Monte Claro;149,71999999999764;149,58999999999764;1,6749641001313;19,764938084616002;UHE Monte Claro - CAV SNIRH.xlsx;b8f0487a-df73-4f8d-8b22-bb49cf9f3683;https://metadados.snirh.gov.br/files/b8f0487a-df73-4f8d-8b22-bb49cf9f3683/Monte_Claro.zip
Monte Claro;149,72999999999763;149,59999999999764;1,6753304133758;19,781688813529;UHE Monte Claro - CAV SNIRH.xlsx;b8f0487a-df73-4f8d-8b22-bb49cf9f3683;https://metadados.snirh.gov.br/files/b8f0487a-df73-4f8d-8b22-bb49cf9f3683/Monte_Claro.zip
Monte Claro;149,73999999999762;149,60999999999763;1,6756965331553;19,798443804965;UHE Monte Claro - CAV SNIRH.xlsx;b8f0487a-df73-4f8d-8b22-bb49cf9f3683;https://metadados.snirh.gov.br/files/b8f0487a-df73-4f8d-8b22-bb49cf9f3683/Monte_Claro.zip
Monte Claro;149,7499999999976;149,61999999999762;1,6760624583932;19,815202636530998;UHE Monte Claro - CAV SNIRH.xlsx;b8f0487a-df73-4f8d-8b22-bb49cf9f3683;https://metadados.snirh.gov.br/files/b8f0487a-df73-4f8d-8b22-bb49cf9f3683/Monte_Claro.zip
Monte Claro;149,7599999999976;149,6299999999976;1,6764281894365;19,831965643966;UHE Monte Claro - CAV SNIRH.xlsx;b8f0487a-df73-4f8d-8b22-bb49cf9f3683;https://metadados.snirh.gov.br/files/b8f0487a-df73-4f8d-8b22-bb49cf9f3683/Monte_Claro.zip
Monte Claro;149,7699999999976;149,6399999999976;1,6767937296819;19,848731477527;UHE Monte Claro - CAV SNIRH.xlsx;b8f0487a-df73-4f8d-8b22-bb49cf9f3683;https://metadados.snirh.gov.br/files/b8f0487a-df73-4f8d-8b22-bb49cf9f3683/Monte_Claro.zip
Monte Claro;149,77999999999759;149,6499999999976;1,6771590776654;19,865501732616;UHE Monte Claro - CAV SNIRH.xlsx;b8f0487a-df73-4f8d-8b22-bb49cf9f3683;https://metadados.snirh.gov.br/files/b8f0487a-df73-4f8d-8b22-bb49cf9f3683/Monte_Claro.zip
Monte Claro;149,78999999999758;149,65999999999758;1,6775242346429;19,882275154504;UHE Monte Claro - CAV SNIRH.xlsx;b8f0487a-df73-4f8d-8b22-bb49cf9f3683;https://metadados.snirh.gov.br/files/b8f0487a-df73-4f8d-8b22-bb49cf9f3683/Monte_Claro.zip
Monte Claro;149,79999999999757;149,66999999999757;1,6778892005707;19,899051108526;UHE Monte Claro - CAV SNIRH.xlsx;b8f0487a-df73-4f8d-8b22-bb49cf9f3683;https://metadados.snirh.gov.br/files/b8f0487a-df73-4f8d-8b22-bb49cf9f3683/Monte_Claro.zip
Monte Claro;149,80999999999756;149,67999999999756;1,6782539723973;19,915831047007;UHE Monte Claro - CAV SNIRH.xlsx;b8f0487a-df73-4f8d-8b22-bb49cf9f3683;https://metadados.snirh.gov.br/files/b8f0487a-df73-4f8d-8b22-bb49cf9f3683/Monte_Claro.zip
Monte Claro;149,81999999999755;149,68999999999755;1,6786185506709;19,932614819655;UHE Monte Claro - CAV SNIRH.xlsx;b8f0487a-df73-4f8d-8b22-bb49cf9f3683;https://metadados.snirh.gov.br/files/b8f0487a-df73-4f8d-8b22-bb49cf9f3683/Monte_Claro.zip
Monte Claro;149,82999999999754;149,69999999999754;1,678982930077;19,949402114758;UHE Monte Claro - CAV SNIRH.xlsx;b8f0487a-df73-4f8d-8b22-bb49cf9f3683;https://metadados.snirh.gov.br/files/b8f0487a-df73-4f8d-8b22-bb49cf9f3683/Monte_Claro.zip
Monte Claro;149,83999999999753;149,70999999999754;1,6793471113723;19,966193649328;UHE Monte Claro - CAV SNIRH.xlsx;b8f0487a-df73-4f8d-8b22-bb49cf9f3683;https://metadados.snirh.gov.br/files/b8f0487a-df73-4f8d-8b22-bb49cf9f3683/Monte_Claro.zip
Monte Claro;149,84999999999752;149,71999999999753;1,679711099959;19,982988981317;UHE Monte Claro - CAV SNIRH.xlsx;b8f0487a-df73-4f8d-8b22-bb49cf9f3683;https://metadados.snirh.gov.br/files/b8f0487a-df73-4f8d-8b22-bb49cf9f3683/Monte_Claro.zip
Monte Claro;149,8599999999975;149,72999999999752;1,6800748930897;19,999789044082;UHE Monte Claro - CAV SNIRH.xlsx;b8f0487a-df73-4f8d-8b22-bb49cf9f3683;https://metadados.snirh.gov.br/files/b8f0487a-df73-4f8d-8b22-bb49cf9f3683/Monte_Claro.zip
Monte Claro;149,8699999999975;149,7399999999975;1,6804384902216;20,016592522325002;UHE Monte Claro - CAV SNIRH.xlsx;b8f0487a-df73-4f8d-8b22-bb49cf9f3683;https://metadados.snirh.gov.br/files/b8f0487a-df73-4f8d-8b22-bb49cf9f3683/Monte_Claro.zip
Monte Claro;149,8799999999975;149,7499999999975;1,6808018901452;20,033398058009;UHE Monte Claro - CAV SNIRH.xlsx;b8f0487a-df73-4f8d-8b22-bb49cf9f3683;https://metadados.snirh.gov.br/files/b8f0487a-df73-4f8d-8b22-bb49cf9f3683/Monte_Claro.zip
Monte Claro;149,88999999999749;149,7599999999975;1,6811650952688;20,050207707826;UHE Monte Claro - CAV SNIRH.xlsx;b8f0487a-df73-4f8d-8b22-bb49cf9f3683;https://metadados.snirh.gov.br/files/b8f0487a-df73-4f8d-8b22-bb49cf9f3683/Monte_Claro.zip
Monte Claro;149,89999999999748;149,76999999999748;1,681528108976;20,067020666864998;UHE Monte Claro - CAV SNIRH.xlsx;b8f0487a-df73-4f8d-8b22-bb49cf9f3683;https://metadados.snirh.gov.br/files/b8f0487a-df73-4f8d-8b22-bb49cf9f3683/Monte_Claro.zip
Monte Claro;149,90999999999747;149,77999999999747;1,6818909321533;20,083837334052998;UHE Monte Claro - CAV SNIRH.xlsx;b8f0487a-df73-4f8d-8b22-bb49cf9f3683;https://metadados.snirh.gov.br/files/b8f0487a-df73-4f8d-8b22-bb49cf9f3683/Monte_Claro.zip
Monte Claro;149,91999999999746;149,78999999999746;1,6822535620918;20,100658533103;UHE Monte Claro - CAV SNIRH.xlsx;b8f0487a-df73-4f8d-8b22-bb49cf9f3683;https://metadados.snirh.gov.br/files/b8f0487a-df73-4f8d-8b22-bb49cf9f3683/Monte_Claro.zip
Monte Claro;149,92999999999745;149,79999999999745;1,6826159951275;20,117482397381;UHE Monte Claro - CAV SNIRH.xlsx;b8f0487a-df73-4f8d-8b22-bb49cf9f3683;https://metadados.snirh.gov.br/files/b8f0487a-df73-4f8d-8b22-bb49cf9f3683/Monte_Claro.zip
Monte Claro;149,93999999999744;149,80999999999744;1,6829782411747;20,13431038595;UHE Monte Claro - CAV SNIRH.xlsx;b8f0487a-df73-4f8d-8b22-bb49cf9f3683;https://metadados.snirh.gov.br/files/b8f0487a-df73-4f8d-8b22-bb49cf9f3683/Monte_Claro.zip
Monte Claro;149,94999999999743;149,81999999999744;1,6833403033356;20,151141663469;UHE Monte Claro - CAV SNIRH.xlsx;b8f0487a-df73-4f8d-8b22-bb49cf9f3683;https://metadados.snirh.gov.br/files/b8f0487a-df73-4f8d-8b22-bb49cf9f3683/Monte_Claro.zip
Monte Claro;149,95999999999742;149,82999999999743;1,6837021820366;20,167977119251002;UHE Monte Claro - CAV SNIRH.xlsx;b8f0487a-df73-4f8d-8b22-bb49cf9f3683;https://metadados.snirh.gov.br/files/b8f0487a-df73-4f8d-8b22-bb49cf9f3683/Monte_Claro.zip
Monte Claro;149,9699999999974;149,83999999999742;1,6840638779992998;20,184815389165;UHE Monte Claro - CAV SNIRH.xlsx;b8f0487a-df73-4f8d-8b22-bb49cf9f3683;https://metadados.snirh.gov.br/files/b8f0487a-df73-4f8d-8b22-bb49cf9f3683/Monte_Claro.zip
Monte Claro;149,9799999999974;149,8499999999974;1,6844253930236002;20,201657831372998;UHE Monte Claro - CAV SNIRH.xlsx;b8f0487a-df73-4f8d-8b22-bb49cf9f3683;https://metadados.snirh.gov.br/files/b8f0487a-df73-4f8d-8b22-bb49cf9f3683/Monte_Claro.zip
Monte Claro;149,9899999999974;149,8599999999974;1,6847867273156;20,218503459702998;UHE Monte Claro - CAV SNIRH.xlsx;b8f0487a-df73-4f8d-8b22-bb49cf9f3683;https://metadados.snirh.gov.br/files/b8f0487a-df73-4f8d-8b22-bb49cf9f3683/Monte_Claro.zip
Monte Claro;149,99999999999739;149,8699999999974;1,6851478869057;20,235352639115;UHE Monte Claro - CAV SNIRH.xlsx;b8f0487a-df73-4f8d-8b22-bb49cf9f3683;https://metadados.snirh.gov.br/files/b8f0487a-df73-4f8d-8b22-bb49cf9f3683/Monte_Claro.zip
Monte Claro;150,00999999999738;149,87999999999738;1,6855088681656;20,252205342543;UHE Monte Claro - CAV SNIRH.xlsx;b8f0487a-df73-4f8d-8b22-bb49cf9f3683;https://metadados.snirh.gov.br/files/b8f0487a-df73-4f8d-8b22-bb49cf9f3683/Monte_Claro.zip
Monte Claro;150,01999999999737;149,88999999999737;1,6858696595104;20,269062689357;UHE Monte Claro - CAV SNIRH.xlsx;b8f0487a-df73-4f8d-8b22-bb49cf9f3683;https://metadados.snirh.gov.br/files/b8f0487a-df73-4f8d-8b22-bb49cf9f3683/Monte_Claro.zip
Monte Claro;150,02999999999736;149,89999999999736;1,6862302611078999;20,285923525518;UHE Monte Claro - CAV SNIRH.xlsx;b8f0487a-df73-4f8d-8b22-bb49cf9f3683;https://metadados.snirh.gov.br/files/b8f0487a-df73-4f8d-8b22-bb49cf9f3683/Monte_Claro.zip
Monte Claro;150,03999999999735;149,90999999999735;1,6865906735407;20,302787459716;UHE Monte Claro - CAV SNIRH.xlsx;b8f0487a-df73-4f8d-8b22-bb49cf9f3683;https://metadados.snirh.gov.br/files/b8f0487a-df73-4f8d-8b22-bb49cf9f3683/Monte_Claro.zip
Monte Claro;150,04999999999734;149,91999999999734;1,6869509011250001;20,319655026903;UHE Monte Claro - CAV SNIRH.xlsx;b8f0487a-df73-4f8d-8b22-bb49cf9f3683;https://metadados.snirh.gov.br/files/b8f0487a-df73-4f8d-8b22-bb49cf9f3683/Monte_Claro.zip
Monte Claro;150,05999999999733;149,92999999999734;1,6873109380273;20,33652558381;UHE Monte Claro - CAV SNIRH.xlsx;b8f0487a-df73-4f8d-8b22-bb49cf9f3683;https://metadados.snirh.gov.br/files/b8f0487a-df73-4f8d-8b22-bb49cf9f3683/Monte_Claro.zip
Monte Claro;150,06999999999732;149,93999999999733;1,6876707860967999;20,353400518529;UHE Monte Claro - CAV SNIRH.xlsx;b8f0487a-df73-4f8d-8b22-bb49cf9f3683;https://metadados.snirh.gov.br/files/b8f0487a-df73-4f8d-8b22-bb49cf9f3683/Monte_Claro.zip
Monte Claro;150,0799999999973;149,94999999999732;1,6880304460642999;20,370279159232002;UHE Monte Claro - CAV SNIRH.xlsx;b8f0487a-df73-4f8d-8b22-bb49cf9f3683;https://metadados.snirh.gov.br/files/b8f0487a-df73-4f8d-8b22-bb49cf9f3683/Monte_Claro.zip
Monte Claro;150,0899999999973;149,9599999999973;1,6883899226643;20,387160951576;UHE Monte Claro - CAV SNIRH.xlsx;b8f0487a-df73-4f8d-8b22-bb49cf9f3683;https://metadados.snirh.gov.br/files/b8f0487a-df73-4f8d-8b22-bb49cf9f3683/Monte_Claro.zip
Monte Claro;150,0999999999973;149,9699999999973;1,6887492173226;20,404045911525998;UHE Monte Claro - CAV SNIRH.xlsx;b8f0487a-df73-4f8d-8b22-bb49cf9f3683;https://metadados.snirh.gov.br/files/b8f0487a-df73-4f8d-8b22-bb49cf9f3683/Monte_Claro.zip
Monte Claro;150,10999999999729;149,9799999999973;1,6891083330596002;20,420935779312;UHE Monte Claro - CAV SNIRH.xlsx;b8f0487a-df73-4f8d-8b22-bb49cf9f3683;https://metadados.snirh.gov.br/files/b8f0487a-df73-4f8d-8b22-bb49cf9f3683/Monte_Claro.zip
Monte Claro;150,11999999999728;149,98999999999728;1,6894672651269;20,437829281951;UHE Monte Claro - CAV SNIRH.xlsx;b8f0487a-df73-4f8d-8b22-bb49cf9f3683;https://metadados.snirh.gov.br/files/b8f0487a-df73-4f8d-8b22-bb49cf9f3683/Monte_Claro.zip
Monte Claro;150,12999999999727;149,99999999999727;1,6898260166608;20,454725386599;UHE Monte Claro - CAV SNIRH.xlsx;b8f0487a-df73-4f8d-8b22-bb49cf9f3683;https://metadados.snirh.gov.br/files/b8f0487a-df73-4f8d-8b22-bb49cf9f3683/Monte_Claro.zip
Monte Claro;150,13999999999726;150,00999999999726;1,6901845899558;20,471624750316;UHE Monte Claro - CAV SNIRH.xlsx;b8f0487a-df73-4f8d-8b22-bb49cf9f3683;https://metadados.snirh.gov.br/files/b8f0487a-df73-4f8d-8b22-bb49cf9f3683/Monte_Claro.zip
Monte Claro;150,14999999999725;150,01999999999725;1,6905429854860001;20,488529171757;UHE Monte Claro - CAV SNIRH.xlsx;b8f0487a-df73-4f8d-8b22-bb49cf9f3683;https://metadados.snirh.gov.br/files/b8f0487a-df73-4f8d-8b22-bb49cf9f3683/Monte_Claro.zip
Monte Claro;150,15999999999724;150,02999999999724;1,6909012114529;20,505435832066;UHE Monte Claro - CAV SNIRH.xlsx;b8f0487a-df73-4f8d-8b22-bb49cf9f3683;https://metadados.snirh.gov.br/files/b8f0487a-df73-4f8d-8b22-bb49cf9f3683/Monte_Claro.zip
Monte Claro;150,16999999999723;150,03999999999724;1,6912592672136;20,522345465285;UHE Monte Claro - CAV SNIRH.xlsx;b8f0487a-df73-4f8d-8b22-bb49cf9f3683;https://metadados.snirh.gov.br/files/b8f0487a-df73-4f8d-8b22-bb49cf9f3683/Monte_Claro.zip
Monte Claro;150,17999999999722;150,04999999999723;1,6916171529854;20,539260097655;UHE Monte Claro - CAV SNIRH.xlsx;b8f0487a-df73-4f8d-8b22-bb49cf9f3683;https://metadados.snirh.gov.br/files/b8f0487a-df73-4f8d-8b22-bb49cf9f3683/Monte_Claro.zip
Monte Claro;150,1899999999972;150,05999999999722;1,6919748684854;20,556176603518;UHE Monte Claro - CAV SNIRH.xlsx;b8f0487a-df73-4f8d-8b22-bb49cf9f3683;https://metadados.snirh.gov.br/files/b8f0487a-df73-4f8d-8b22-bb49cf9f3683/Monte_Claro.zip
Monte Claro;150,1999999999972;150,0699999999972;1,6923324109432;20,57309718227;UHE Monte Claro - CAV SNIRH.xlsx;b8f0487a-df73-4f8d-8b22-bb49cf9f3683;https://metadados.snirh.gov.br/files/b8f0487a-df73-4f8d-8b22-bb49cf9f3683/Monte_Claro.zip
Monte Claro;150,2099999999972;150,0799999999972;1,6926897796372;20,590022098563;UHE Monte Claro - CAV SNIRH.xlsx;b8f0487a-df73-4f8d-8b22-bb49cf9f3683;https://metadados.snirh.gov.br/files/b8f0487a-df73-4f8d-8b22-bb49cf9f3683/Monte_Claro.zip
Monte Claro;150,21999999999719;150,0899999999972;1,6930469824382;20,606951513151;UHE Monte Claro - CAV SNIRH.xlsx;b8f0487a-df73-4f8d-8b22-bb49cf9f3683;https://metadados.snirh.gov.br/files/b8f0487a-df73-4f8d-8b22-bb49cf9f3683/Monte_Claro.zip
Monte Claro;150,22999999999718;150,09999999999718;1,6934040255645;20,623883944562;UHE Monte Claro - CAV SNIRH.xlsx;b8f0487a-df73-4f8d-8b22-bb49cf9f3683;https://metadados.snirh.gov.br/files/b8f0487a-df73-4f8d-8b22-bb49cf9f3683/Monte_Claro.zip
Monte Claro;150,23999999999717;150,10999999999717;1,693760908142;20,640820082508;UHE Monte Claro - CAV SNIRH.xlsx;b8f0487a-df73-4f8d-8b22-bb49cf9f3683;https://metadados.snirh.gov.br/files/b8f0487a-df73-4f8d-8b22-bb49cf9f3683/Monte_Claro.zip
Monte Claro;150,24999999999716;150,11999999999716;1,6941176255889;20,657759088619002;UHE Monte Claro - CAV SNIRH.xlsx;b8f0487a-df73-4f8d-8b22-bb49cf9f3683;https://metadados.snirh.gov.br/files/b8f0487a-df73-4f8d-8b22-bb49cf9f3683/Monte_Claro.zip
Monte Claro;150,25999999999715;150,12999999999715;1,6944741782700001;20,674702348936;UHE Monte Claro - CAV SNIRH.xlsx;b8f0487a-df73-4f8d-8b22-bb49cf9f3683;https://metadados.snirh.gov.br/files/b8f0487a-df73-4f8d-8b22-bb49cf9f3683/Monte_Claro.zip
Monte Claro;150,26999999999714;150,13999999999714;1,6948305629735;20,691648945534;UHE Monte Claro - CAV SNIRH.xlsx;b8f0487a-df73-4f8d-8b22-bb49cf9f3683;https://metadados.snirh.gov.br/files/b8f0487a-df73-4f8d-8b22-bb49cf9f3683/Monte_Claro.zip
Monte Claro;150,27999999999713;150,14999999999714;1,6951867832986;20,708598326254;UHE Monte Claro - CAV SNIRH.xlsx;b8f0487a-df73-4f8d-8b22-bb49cf9f3683;https://metadados.snirh.gov.br/files/b8f0487a-df73-4f8d-8b22-bb49cf9f3683/Monte_Claro.zip
Monte Claro;150,28999999999712;150,15999999999713;1,695542841491;20,725552226608002;UHE Monte Claro - CAV SNIRH.xlsx;b8f0487a-df73-4f8d-8b22-bb49cf9f3683;https://metadados.snirh.gov.br/files/b8f0487a-df73-4f8d-8b22-bb49cf9f3683/Monte_Claro.zip
Monte Claro;150,2999999999971;150,16999999999712;1,695898742172;20,742509050413002;UHE Monte Claro - CAV SNIRH.xlsx;b8f0487a-df73-4f8d-8b22-bb49cf9f3683;https://metadados.snirh.gov.br/files/b8f0487a-df73-4f8d-8b22-bb49cf9f3683/Monte_Claro.zip
Monte Claro;150,3099999999971;150,1799999999971;1,6962544844982;20,759469519815003;UHE Monte Claro - CAV SNIRH.xlsx;b8f0487a-df73-4f8d-8b22-bb49cf9f3683;https://metadados.snirh.gov.br/files/b8f0487a-df73-4f8d-8b22-bb49cf9f3683/Monte_Claro.zip
Monte Claro;150,3199999999971;150,1899999999971;1,6966100674270999;20,776432627055;UHE Monte Claro - CAV SNIRH.xlsx;b8f0487a-df73-4f8d-8b22-bb49cf9f3683;https://metadados.snirh.gov.br/files/b8f0487a-df73-4f8d-8b22-bb49cf9f3683/Monte_Claro.zip
Monte Claro;150,32999999999709;150,1999999999971;1,696965488475;20,793400830111;UHE Monte Claro - CAV SNIRH.xlsx;b8f0487a-df73-4f8d-8b22-bb49cf9f3683;https://metadados.snirh.gov.br/files/b8f0487a-df73-4f8d-8b22-bb49cf9f3683/Monte_Claro.zip
Monte Claro;150,33999999999708;150,20999999999708;1,6973207461456;20,81037252859;UHE Monte Claro - CAV SNIRH.xlsx;b8f0487a-df73-4f8d-8b22-bb49cf9f3683;https://metadados.snirh.gov.br/files/b8f0487a-df73-4f8d-8b22-bb49cf9f3683/Monte_Claro.zip
Monte Claro;150,34999999999707;150,21999999999707;1,697675833317;20,827347345844;UHE Monte Claro - CAV SNIRH.xlsx;b8f0487a-df73-4f8d-8b22-bb49cf9f3683;https://metadados.snirh.gov.br/files/b8f0487a-df73-4f8d-8b22-bb49cf9f3683/Monte_Claro.zip
Monte Claro;150,35999999999706;150,22999999999706;1,6980307531961;20,844325734859;UHE Monte Claro - CAV SNIRH.xlsx;b8f0487a-df73-4f8d-8b22-bb49cf9f3683;https://metadados.snirh.gov.br/files/b8f0487a-df73-4f8d-8b22-bb49cf9f3683/Monte_Claro.zip
Monte Claro;150,36999999999705;150,23999999999705;1,6983855105153;20,861306855133;UHE Monte Claro - CAV SNIRH.xlsx;b8f0487a-df73-4f8d-8b22-bb49cf9f3683;https://metadados.snirh.gov.br/files/b8f0487a-df73-4f8d-8b22-bb49cf9f3683/Monte_Claro.zip
Monte Claro;150,37999999999704;150,24999999999704;1,6987401043014;20,878291667822;UHE Monte Claro - CAV SNIRH.xlsx;b8f0487a-df73-4f8d-8b22-bb49cf9f3683;https://metadados.snirh.gov.br/files/b8f0487a-df73-4f8d-8b22-bb49cf9f3683/Monte_Claro.zip
Monte Claro;150,38999999999703;150,25999999999704;1,6990945368273;20,895281551244;UHE Monte Claro - CAV SNIRH.xlsx;b8f0487a-df73-4f8d-8b22-bb49cf9f3683;https://metadados.snirh.gov.br/files/b8f0487a-df73-4f8d-8b22-bb49cf9f3683/Monte_Claro.zip
Monte Claro;150,39999999999702;150,26999999999703;1,6994488124561;20,912273908390002;UHE Monte Claro - CAV SNIRH.xlsx;b8f0487a-df73-4f8d-8b22-bb49cf9f3683;https://metadados.snirh.gov.br/files/b8f0487a-df73-4f8d-8b22-bb49cf9f3683/Monte_Claro.zip
Monte Claro;150,409999999997;150,27999999999702;1,6998029345468002;20,929270313699;UHE Monte Claro - CAV SNIRH.xlsx;b8f0487a-df73-4f8d-8b22-bb49cf9f3683;https://metadados.snirh.gov.br/files/b8f0487a-df73-4f8d-8b22-bb49cf9f3683/Monte_Claro.zip
Monte Claro;150,419999999997;150,289999999997;1,7001569053349;20,946270189175;UHE Monte Claro - CAV SNIRH.xlsx;b8f0487a-df73-4f8d-8b22-bb49cf9f3683;https://metadados.snirh.gov.br/files/b8f0487a-df73-4f8d-8b22-bb49cf9f3683/Monte_Claro.zip
Monte Claro;150,429999999997;150,299999999997;1,7005107248646;20,963273672851;UHE Monte Claro - CAV SNIRH.xlsx;b8f0487a-df73-4f8d-8b22-bb49cf9f3683;https://metadados.snirh.gov.br/files/b8f0487a-df73-4f8d-8b22-bb49cf9f3683/Monte_Claro.zip
Monte Claro;150,43999999999699;150,309999999997;1,7008643927346;20,980281333217;UHE Monte Claro - CAV SNIRH.xlsx;b8f0487a-df73-4f8d-8b22-bb49cf9f3683;https://metadados.snirh.gov.br/files/b8f0487a-df73-4f8d-8b22-bb49cf9f3683/Monte_Claro.zip
Monte Claro;150,44999999999698;150,31999999999698;1,7012179060941999;20,99729110853;UHE Monte Claro - CAV SNIRH.xlsx;b8f0487a-df73-4f8d-8b22-bb49cf9f3683;https://metadados.snirh.gov.br/files/b8f0487a-df73-4f8d-8b22-bb49cf9f3683/Monte_Claro.zip
Monte Claro;150,45999999999697;150,32999999999697;1,7015712618505998;21,01430533936;UHE Monte Claro - CAV SNIRH.xlsx;b8f0487a-df73-4f8d-8b22-bb49cf9f3683;https://metadados.snirh.gov.br/files/b8f0487a-df73-4f8d-8b22-bb49cf9f3683/Monte_Claro.zip
Monte Claro;150,46999999999696;150,33999999999696;1,7019244568814;21,031323945003;UHE Monte Claro - CAV SNIRH.xlsx;b8f0487a-df73-4f8d-8b22-bb49cf9f3683;https://metadados.snirh.gov.br/files/b8f0487a-df73-4f8d-8b22-bb49cf9f3683/Monte_Claro.zip
Monte Claro;150,47999999999695;150,34999999999695;1,7022774947621;21,048345270343;UHE Monte Claro - CAV SNIRH.xlsx;b8f0487a-df73-4f8d-8b22-bb49cf9f3683;https://metadados.snirh.gov.br/files/b8f0487a-df73-4f8d-8b22-bb49cf9f3683/Monte_Claro.zip
Monte Claro;150,48999999999694;150,35999999999694;1,7026303742506002;21,065369700929;UHE Monte Claro - CAV SNIRH.xlsx;b8f0487a-df73-4f8d-8b22-bb49cf9f3683;https://metadados.snirh.gov.br/files/b8f0487a-df73-4f8d-8b22-bb49cf9f3683/Monte_Claro.zip
Monte Claro;150,49999999999693;150,36999999999694;1,7029830940622999;21,082397488481;UHE Monte Claro - CAV SNIRH.xlsx;b8f0487a-df73-4f8d-8b22-bb49cf9f3683;https://metadados.snirh.gov.br/files/b8f0487a-df73-4f8d-8b22-bb49cf9f3683/Monte_Claro.zip
Monte Claro;150,50999999999692;150,37999999999693;1,7033356545353;21,099428417161;UHE Monte Claro - CAV SNIRH.xlsx;b8f0487a-df73-4f8d-8b22-bb49cf9f3683;https://metadados.snirh.gov.br/files/b8f0487a-df73-4f8d-8b22-bb49cf9f3683/Monte_Claro.zip
Monte Claro;150,5199999999969;150,38999999999692;1,7036880590847;21,116463783642;UHE Monte Claro - CAV SNIRH.xlsx;b8f0487a-df73-4f8d-8b22-bb49cf9f3683;https://metadados.snirh.gov.br/files/b8f0487a-df73-4f8d-8b22-bb49cf9f3683/Monte_Claro.zip
Monte Claro;150,5299999999969;150,3999999999969;1,7040403075166;21,133501898800002;UHE Monte Claro - CAV SNIRH.xlsx;b8f0487a-df73-4f8d-8b22-bb49cf9f3683;https://metadados.snirh.gov.br/files/b8f0487a-df73-4f8d-8b22-bb49cf9f3683/Monte_Claro.zip
Monte Claro;150,5399999999969;150,4099999999969;1,7043924017171002;21,150544155187;UHE Monte Claro - CAV SNIRH.xlsx;b8f0487a-df73-4f8d-8b22-bb49cf9f3683;https://metadados.snirh.gov.br/files/b8f0487a-df73-4f8d-8b22-bb49cf9f3683/Monte_Claro.zip
Monte Claro;150,54999999999688;150,4199999999969;1,7047443414184;21,167588460106998;UHE Monte Claro - CAV SNIRH.xlsx;b8f0487a-df73-4f8d-8b22-bb49cf9f3683;https://metadados.snirh.gov.br/files/b8f0487a-df73-4f8d-8b22-bb49cf9f3683/Monte_Claro.zip
Monte Claro;150,55999999999688;150,42999999999688;1,7050961281412;21,184637654438;UHE Monte Claro - CAV SNIRH.xlsx;b8f0487a-df73-4f8d-8b22-bb49cf9f3683;https://metadados.snirh.gov.br/files/b8f0487a-df73-4f8d-8b22-bb49cf9f3683/Monte_Claro.zip
Monte Claro;150,56999999999687;150,43999999999687;1,7054477655878;21,201690037012;UHE Monte Claro - CAV SNIRH.xlsx;b8f0487a-df73-4f8d-8b22-bb49cf9f3683;https://metadados.snirh.gov.br/files/b8f0487a-df73-4f8d-8b22-bb49cf9f3683/Monte_Claro.zip
Monte Claro;150,57999999999686;150,44999999999686;1,7057992582171;21,218746587125;UHE Monte Claro - CAV SNIRH.xlsx;b8f0487a-df73-4f8d-8b22-bb49cf9f3683;https://metadados.snirh.gov.br/files/b8f0487a-df73-4f8d-8b22-bb49cf9f3683/Monte_Claro.zip
Monte Claro;150,58999999999685;150,45999999999685;1,7061506057744;21,235804811281;UHE Monte Claro - CAV SNIRH.xlsx;b8f0487a-df73-4f8d-8b22-bb49cf9f3683;https://metadados.snirh.gov.br/files/b8f0487a-df73-4f8d-8b22-bb49cf9f3683/Monte_Claro.zip
Monte Claro;150,59999999999684;150,46999999999684;1,7065018070622;21,252868572431;UHE Monte Claro - CAV SNIRH.xlsx;b8f0487a-df73-4f8d-8b22-bb49cf9f3683;https://metadados.snirh.gov.br/files/b8f0487a-df73-4f8d-8b22-bb49cf9f3683/Monte_Claro.zip
Monte Claro;150,60999999999683;150,47999999999683;1,7068528685066;21,269935145093;UHE Monte Claro - CAV SNIRH.xlsx;b8f0487a-df73-4f8d-8b22-bb49cf9f3683;https://metadados.snirh.gov.br/files/b8f0487a-df73-4f8d-8b22-bb49cf9f3683/Monte_Claro.zip
Monte Claro;150,61999999999682;150,48999999999683;1,7072037931152;21,287005216596;UHE Monte Claro - CAV SNIRH.xlsx;b8f0487a-df73-4f8d-8b22-bb49cf9f3683;https://metadados.snirh.gov.br/files/b8f0487a-df73-4f8d-8b22-bb49cf9f3683/Monte_Claro.zip
Monte Claro;150,6299999999968;150,49999999999682;1,7075545784772;21,304080548515;UHE Monte Claro - CAV SNIRH.xlsx;b8f0487a-df73-4f8d-8b22-bb49cf9f3683;https://metadados.snirh.gov.br/files/b8f0487a-df73-4f8d-8b22-bb49cf9f3683/Monte_Claro.zip
Monte Claro;150,6399999999968;150,5099999999968;1,7079052231433;21,321157720229998;UHE Monte Claro - CAV SNIRH.xlsx;b8f0487a-df73-4f8d-8b22-bb49cf9f3683;https://metadados.snirh.gov.br/files/b8f0487a-df73-4f8d-8b22-bb49cf9f3683/Monte_Claro.zip
Monte Claro;150,6499999999968;150,5199999999968;1,7082557283695001;21,338237990609002;UHE Monte Claro - CAV SNIRH.xlsx;b8f0487a-df73-4f8d-8b22-bb49cf9f3683;https://metadados.snirh.gov.br/files/b8f0487a-df73-4f8d-8b22-bb49cf9f3683/Monte_Claro.zip
Monte Claro;150,65999999999678;150,5299999999968;1,7086060924525;21,355322604287;UHE Monte Claro - CAV SNIRH.xlsx;b8f0487a-df73-4f8d-8b22-bb49cf9f3683;https://metadados.snirh.gov.br/files/b8f0487a-df73-4f8d-8b22-bb49cf9f3683/Monte_Claro.zip
Monte Claro;150,66999999999678;150,53999999999678;1,7089563145578002;21,372410370708;UHE Monte Claro - CAV SNIRH.xlsx;b8f0487a-df73-4f8d-8b22-bb49cf9f3683;https://metadados.snirh.gov.br/files/b8f0487a-df73-4f8d-8b22-bb49cf9f3683/Monte_Claro.zip
Monte Claro;150,67999999999677;150,54999999999677;1,7093063990031;21,389501553248;UHE Monte Claro - CAV SNIRH.xlsx;b8f0487a-df73-4f8d-8b22-bb49cf9f3683;https://metadados.snirh.gov.br/files/b8f0487a-df73-4f8d-8b22-bb49cf9f3683/Monte_Claro.zip
Monte Claro;150,68999999999676;150,55999999999676;1,709656349201;21,406596266102;UHE Monte Claro - CAV SNIRH.xlsx;b8f0487a-df73-4f8d-8b22-bb49cf9f3683;https://metadados.snirh.gov.br/files/b8f0487a-df73-4f8d-8b22-bb49cf9f3683/Monte_Claro.zip
Monte Claro;150,69999999999675;150,56999999999675;1,7100061637758999;21,42369410273;UHE Monte Claro - CAV SNIRH.xlsx;b8f0487a-df73-4f8d-8b22-bb49cf9f3683;https://metadados.snirh.gov.br/files/b8f0487a-df73-4f8d-8b22-bb49cf9f3683/Monte_Claro.zip
Monte Claro;150,70999999999674;150,57999999999674;1,710355844982;21,440795336101;UHE Monte Claro - CAV SNIRH.xlsx;b8f0487a-df73-4f8d-8b22-bb49cf9f3683;https://metadados.snirh.gov.br/files/b8f0487a-df73-4f8d-8b22-bb49cf9f3683/Monte_Claro.zip
Monte Claro;150,71999999999673;150,58999999999673;1,7107053892144;21,45790018186;UHE Monte Claro - CAV SNIRH.xlsx;b8f0487a-df73-4f8d-8b22-bb49cf9f3683;https://metadados.snirh.gov.br/files/b8f0487a-df73-4f8d-8b22-bb49cf9f3683/Monte_Claro.zip
Monte Claro;150,72999999999672;150,59999999999673;1,7110547975297;21,475008915426002;UHE Monte Claro - CAV SNIRH.xlsx;b8f0487a-df73-4f8d-8b22-bb49cf9f3683;https://metadados.snirh.gov.br/files/b8f0487a-df73-4f8d-8b22-bb49cf9f3683/Monte_Claro.zip
Monte Claro;150,7399999999967;150,60999999999672;1,7114040716662;21,492120891913;UHE Monte Claro - CAV SNIRH.xlsx;b8f0487a-df73-4f8d-8b22-bb49cf9f3683;https://metadados.snirh.gov.br/files/b8f0487a-df73-4f8d-8b22-bb49cf9f3683/Monte_Claro.zip
Monte Claro;150,7499999999967;150,6199999999967;1,7117532094244998;21,5092365366;UHE Monte Claro - CAV SNIRH.xlsx;b8f0487a-df73-4f8d-8b22-bb49cf9f3683;https://metadados.snirh.gov.br/files/b8f0487a-df73-4f8d-8b22-bb49cf9f3683/Monte_Claro.zip
Monte Claro;150,7599999999967;150,6299999999967;1,7121022063851998;21,526355930758;UHE Monte Claro - CAV SNIRH.xlsx;b8f0487a-df73-4f8d-8b22-bb49cf9f3683;https://metadados.snirh.gov.br/files/b8f0487a-df73-4f8d-8b22-bb49cf9f3683/Monte_Claro.zip
Monte Claro;150,76999999999668;150,6399999999967;1,7124510593047;21,543477185472998;UHE Monte Claro - CAV SNIRH.xlsx;b8f0487a-df73-4f8d-8b22-bb49cf9f3683;https://metadados.snirh.gov.br/files/b8f0487a-df73-4f8d-8b22-bb49cf9f3683/Monte_Claro.zip
Monte Claro;150,77999999999668;150,64999999999668;1,712799770108;21,560602427598;UHE Monte Claro - CAV SNIRH.xlsx;b8f0487a-df73-4f8d-8b22-bb49cf9f3683;https://metadados.snirh.gov.br/files/b8f0487a-df73-4f8d-8b22-bb49cf9f3683/Monte_Claro.zip
Monte Claro;150,78999999999667;150,65999999999667;1,7131483426510998;21,57773176391;UHE Monte Claro - CAV SNIRH.xlsx;b8f0487a-df73-4f8d-8b22-bb49cf9f3683;https://metadados.snirh.gov.br/files/b8f0487a-df73-4f8d-8b22-bb49cf9f3683/Monte_Claro.zip
Monte Claro;150,79999999999666;150,66999999999666;1,7134967745653;21,594865297701002;UHE Monte Claro - CAV SNIRH.xlsx;b8f0487a-df73-4f8d-8b22-bb49cf9f3683;https://metadados.snirh.gov.br/files/b8f0487a-df73-4f8d-8b22-bb49cf9f3683/Monte_Claro.zip
Monte Claro;150,80999999999665;150,67999999999665;1,7138450686007;21,612002203571;UHE Monte Claro - CAV SNIRH.xlsx;b8f0487a-df73-4f8d-8b22-bb49cf9f3683;https://metadados.snirh.gov.br/files/b8f0487a-df73-4f8d-8b22-bb49cf9f3683/Monte_Claro.zip
Monte Claro;150,81999999999664;150,68999999999664;1,7141932300275;21,62914177783;UHE Monte Claro - CAV SNIRH.xlsx;b8f0487a-df73-4f8d-8b22-bb49cf9f3683;https://metadados.snirh.gov.br/files/b8f0487a-df73-4f8d-8b22-bb49cf9f3683/Monte_Claro.zip
Monte Claro;150,82999999999663;150,69999999999663;1,7145412503757;21,64628545778;UHE Monte Claro - CAV SNIRH.xlsx;b8f0487a-df73-4f8d-8b22-bb49cf9f3683;https://metadados.snirh.gov.br/files/b8f0487a-df73-4f8d-8b22-bb49cf9f3683/Monte_Claro.zip
Monte Claro;150,83999999999662;150,70999999999663;1,714889129285;21,663433428511002;UHE Monte Claro - CAV SNIRH.xlsx;b8f0487a-df73-4f8d-8b22-bb49cf9f3683;https://metadados.snirh.gov.br/files/b8f0487a-df73-4f8d-8b22-bb49cf9f3683/Monte_Claro.zip
Monte Claro;150,8499999999966;150,71999999999662;1,7152368672748999;21,680583447596;UHE Monte Claro - CAV SNIRH.xlsx;b8f0487a-df73-4f8d-8b22-bb49cf9f3683;https://metadados.snirh.gov.br/files/b8f0487a-df73-4f8d-8b22-bb49cf9f3683/Monte_Claro.zip
Monte Claro;150,8599999999966;150,7299999999966;1,7155844659291;21,697736854041;UHE Monte Claro - CAV SNIRH.xlsx;b8f0487a-df73-4f8d-8b22-bb49cf9f3683;https://metadados.snirh.gov.br/files/b8f0487a-df73-4f8d-8b22-bb49cf9f3683/Monte_Claro.zip
Monte Claro;150,8699999999966;150,7399999999966;1,7159319303093001;21,714893981672997;UHE Monte Claro - CAV SNIRH.xlsx;b8f0487a-df73-4f8d-8b22-bb49cf9f3683;https://metadados.snirh.gov.br/files/b8f0487a-df73-4f8d-8b22-bb49cf9f3683/Monte_Claro.zip
Monte Claro;150,87999999999658;150,7499999999966;1,71627925697;21,732054893995;UHE Monte Claro - CAV SNIRH.xlsx;b8f0487a-df73-4f8d-8b22-bb49cf9f3683;https://metadados.snirh.gov.br/files/b8f0487a-df73-4f8d-8b22-bb49cf9f3683/Monte_Claro.zip
Monte Claro;150,88999999999658;150,75999999999658;1,7166264519135;21,749220408863;UHE Monte Claro - CAV SNIRH.xlsx;b8f0487a-df73-4f8d-8b22-bb49cf9f3683;https://metadados.snirh.gov.br/files/b8f0487a-df73-4f8d-8b22-bb49cf9f3683/Monte_Claro.zip
Monte Claro;150,89999999999657;150,76999999999657;1,7169735218838;21,766388208109;UHE Monte Claro - CAV SNIRH.xlsx;b8f0487a-df73-4f8d-8b22-bb49cf9f3683;https://metadados.snirh.gov.br/files/b8f0487a-df73-4f8d-8b22-bb49cf9f3683/Monte_Claro.zip
Monte Claro;150,90999999999656;150,77999999999656;1,7173204675845002;21,783559469992;UHE Monte Claro - CAV SNIRH.xlsx;b8f0487a-df73-4f8d-8b22-bb49cf9f3683;https://metadados.snirh.gov.br/files/b8f0487a-df73-4f8d-8b22-bb49cf9f3683/Monte_Claro.zip
Monte Claro;150,91999999999655;150,78999999999655;1,7176672863604001;21,800734019912;UHE Monte Claro - CAV SNIRH.xlsx;b8f0487a-df73-4f8d-8b22-bb49cf9f3683;https://metadados.snirh.gov.br/files/b8f0487a-df73-4f8d-8b22-bb49cf9f3683/Monte_Claro.zip
Monte Claro;150,92999999999654;150,79999999999654;1,7180139716615;21,817911982976998;UHE Monte Claro - CAV SNIRH.xlsx;b8f0487a-df73-4f8d-8b22-bb49cf9f3683;https://metadados.snirh.gov.br/files/b8f0487a-df73-4f8d-8b22-bb49cf9f3683/Monte_Claro.zip
Monte Claro;150,93999999999653;150,80999999999653;1,718360532524;21,835093380879997;UHE Monte Claro - CAV SNIRH.xlsx;b8f0487a-df73-4f8d-8b22-bb49cf9f3683;https://metadados.snirh.gov.br/files/b8f0487a-df73-4f8d-8b22-bb49cf9f3683/Monte_Claro.zip
Monte Claro;150,94999999999652;150,81999999999653;1,7187069792513;21,852278468853;UHE Monte Claro - CAV SNIRH.xlsx;b8f0487a-df73-4f8d-8b22-bb49cf9f3683;https://metadados.snirh.gov.br/files/b8f0487a-df73-4f8d-8b22-bb49cf9f3683/Monte_Claro.zip
Monte Claro;150,9599999999965;150,82999999999652;1,7190533085125;21,869466797243;UHE Monte Claro - CAV SNIRH.xlsx;b8f0487a-df73-4f8d-8b22-bb49cf9f3683;https://metadados.snirh.gov.br/files/b8f0487a-df73-4f8d-8b22-bb49cf9f3683/Monte_Claro.zip
Monte Claro;150,9699999999965;150,8399999999965;1,7193995183743;21,886659098989;UHE Monte Claro - CAV SNIRH.xlsx;b8f0487a-df73-4f8d-8b22-bb49cf9f3683;https://metadados.snirh.gov.br/files/b8f0487a-df73-4f8d-8b22-bb49cf9f3683/Monte_Claro.zip
Monte Claro;150,9799999999965;150,8499999999965;1,719745608544;21,903854735043;UHE Monte Claro - CAV SNIRH.xlsx;b8f0487a-df73-4f8d-8b22-bb49cf9f3683;https://metadados.snirh.gov.br/files/b8f0487a-df73-4f8d-8b22-bb49cf9f3683/Monte_Claro.zip
Monte Claro;150,98999999999648;150,8599999999965;1,7200915769764;21,921053772717;UHE Monte Claro - CAV SNIRH.xlsx;b8f0487a-df73-4f8d-8b22-bb49cf9f3683;https://metadados.snirh.gov.br/files/b8f0487a-df73-4f8d-8b22-bb49cf9f3683/Monte_Claro.zip
Monte Claro;150,99999999999648;150,86999999999648;1,7204374209947;21,938256349983;UHE Monte Claro - CAV SNIRH.xlsx;b8f0487a-df73-4f8d-8b22-bb49cf9f3683;https://metadados.snirh.gov.br/files/b8f0487a-df73-4f8d-8b22-bb49cf9f3683/Monte_Claro.zip
Monte Claro;151,00999999999647;150,87999999999647;1,7207831372326;21,955463407162;UHE Monte Claro - CAV SNIRH.xlsx;b8f0487a-df73-4f8d-8b22-bb49cf9f3683;https://metadados.snirh.gov.br/files/b8f0487a-df73-4f8d-8b22-bb49cf9f3683/Monte_Claro.zip
Monte Claro;151,01999999999646;150,88999999999646;1,7211287259137;21,972674081806;UHE Monte Claro - CAV SNIRH.xlsx;b8f0487a-df73-4f8d-8b22-bb49cf9f3683;https://metadados.snirh.gov.br/files/b8f0487a-df73-4f8d-8b22-bb49cf9f3683/Monte_Claro.zip
Monte Claro;151,02999999999645;150,89999999999645;1,7214741910431999;21,989888298686;UHE Monte Claro - CAV SNIRH.xlsx;b8f0487a-df73-4f8d-8b22-bb49cf9f3683;https://metadados.snirh.gov.br/files/b8f0487a-df73-4f8d-8b22-bb49cf9f3683/Monte_Claro.zip
Monte Claro;151,03999999999644;150,90999999999644;1,7218195350693002;22,007104978793;UHE Monte Claro - CAV SNIRH.xlsx;b8f0487a-df73-4f8d-8b22-bb49cf9f3683;https://metadados.snirh.gov.br/files/b8f0487a-df73-4f8d-8b22-bb49cf9f3683/Monte_Claro.zip
Monte Claro;151,04999999999643;150,91999999999643;1,722164754832;22,024324935889;UHE Monte Claro - CAV SNIRH.xlsx;b8f0487a-df73-4f8d-8b22-bb49cf9f3683;https://metadados.snirh.gov.br/files/b8f0487a-df73-4f8d-8b22-bb49cf9f3683/Monte_Claro.zip
Monte Claro;151,05999999999642;150,92999999999643;1,7225098475843;22,041548289756;UHE Monte Claro - CAV SNIRH.xlsx;b8f0487a-df73-4f8d-8b22-bb49cf9f3683;https://metadados.snirh.gov.br/files/b8f0487a-df73-4f8d-8b22-bb49cf9f3683/Monte_Claro.zip
Monte Claro;151,0699999999964;150,93999999999642;1,7228548139994;22,058774820714;UHE Monte Claro - CAV SNIRH.xlsx;b8f0487a-df73-4f8d-8b22-bb49cf9f3683;https://metadados.snirh.gov.br/files/b8f0487a-df73-4f8d-8b22-bb49cf9f3683/Monte_Claro.zip
Monte Claro;151,0799999999964;150,9499999999964;1,7231996540673;22,076005884481003;UHE Monte Claro - CAV SNIRH.xlsx;b8f0487a-df73-4f8d-8b22-bb49cf9f3683;https://metadados.snirh.gov.br/files/b8f0487a-df73-4f8d-8b22-bb49cf9f3683/Monte_Claro.zip
Monte Claro;151,0899999999964;150,9599999999964;1,7235443691995;22,093240056039;UHE Monte Claro - CAV SNIRH.xlsx;b8f0487a-df73-4f8d-8b22-bb49cf9f3683;https://metadados.snirh.gov.br/files/b8f0487a-df73-4f8d-8b22-bb49cf9f3683/Monte_Claro.zip
Monte Claro;151,09999999999638;150,9699999999964;1,7238889597864;22,110476361156003;UHE Monte Claro - CAV SNIRH.xlsx;b8f0487a-df73-4f8d-8b22-bb49cf9f3683;https://metadados.snirh.gov.br/files/b8f0487a-df73-4f8d-8b22-bb49cf9f3683/Monte_Claro.zip
Monte Claro;151,10999999999638;150,97999999999638;1,724233425359;22,127716314534002;UHE Monte Claro - CAV SNIRH.xlsx;b8f0487a-df73-4f8d-8b22-bb49cf9f3683;https://metadados.snirh.gov.br/files/b8f0487a-df73-4f8d-8b22-bb49cf9f3683/Monte_Claro.zip
Monte Claro;151,11999999999637;150,98999999999637;1,7245777660626;22,144959882339002;UHE Monte Claro - CAV SNIRH.xlsx;b8f0487a-df73-4f8d-8b22-bb49cf9f3683;https://metadados.snirh.gov.br/files/b8f0487a-df73-4f8d-8b22-bb49cf9f3683/Monte_Claro.zip
Monte Claro;151,12999999999636;150,99999999999636;1,7249219831239;22,162206763282;UHE Monte Claro - CAV SNIRH.xlsx;b8f0487a-df73-4f8d-8b22-bb49cf9f3683;https://metadados.snirh.gov.br/files/b8f0487a-df73-4f8d-8b22-bb49cf9f3683/Monte_Claro.zip
Monte Claro;151,13999999999635;151,00999999999635;1,7252660755031;22,179456887129998;UHE Monte Claro - CAV SNIRH.xlsx;b8f0487a-df73-4f8d-8b22-bb49cf9f3683;https://metadados.snirh.gov.br/files/b8f0487a-df73-4f8d-8b22-bb49cf9f3683/Monte_Claro.zip
Monte Claro;151,14999999999634;151,01999999999634;1,7256100463335;22,196710655476;UHE Monte Claro - CAV SNIRH.xlsx;b8f0487a-df73-4f8d-8b22-bb49cf9f3683;https://metadados.snirh.gov.br/files/b8f0487a-df73-4f8d-8b22-bb49cf9f3683/Monte_Claro.zip
Monte Claro;151,15999999999633;151,02999999999633;1,7259539003842999;22,213967879641;UHE Monte Claro - CAV SNIRH.xlsx;b8f0487a-df73-4f8d-8b22-bb49cf9f3683;https://metadados.snirh.gov.br/files/b8f0487a-df73-4f8d-8b22-bb49cf9f3683/Monte_Claro.zip
Monte Claro;151,16999999999632;151,03999999999633;1,7262976376483001;22,231229637364;UHE Monte Claro - CAV SNIRH.xlsx;b8f0487a-df73-4f8d-8b22-bb49cf9f3683;https://metadados.snirh.gov.br/files/b8f0487a-df73-4f8d-8b22-bb49cf9f3683/Monte_Claro.zip
Monte Claro;151,1799999999963;151,04999999999632;1,7266412650223;22,248493297368;UHE Monte Claro - CAV SNIRH.xlsx;b8f0487a-df73-4f8d-8b22-bb49cf9f3683;https://metadados.snirh.gov.br/files/b8f0487a-df73-4f8d-8b22-bb49cf9f3683/Monte_Claro.zip
Monte Claro;151,1899999999963;151,0599999999963;1,7269847820839;22,265761840373;UHE Monte Claro - CAV SNIRH.xlsx;b8f0487a-df73-4f8d-8b22-bb49cf9f3683;https://metadados.snirh.gov.br/files/b8f0487a-df73-4f8d-8b22-bb49cf9f3683/Monte_Claro.zip
Monte Claro;151,1999999999963;151,0699999999963;1,7273281815122998;22,283032787204;UHE Monte Claro - CAV SNIRH.xlsx;b8f0487a-df73-4f8d-8b22-bb49cf9f3683;https://metadados.snirh.gov.br/files/b8f0487a-df73-4f8d-8b22-bb49cf9f3683/Monte_Claro.zip
Monte Claro;151,20999999999628;151,0799999999963;1,7276714607311001;22,300308517620998;UHE Monte Claro - CAV SNIRH.xlsx;b8f0487a-df73-4f8d-8b22-bb49cf9f3683;https://metadados.snirh.gov.br/files/b8f0487a-df73-4f8d-8b22-bb49cf9f3683/Monte_Claro.zip
Monte Claro;151,21999999999628;151,08999999999628;1,7280146148327;22,317586548151002;UHE Monte Claro - CAV SNIRH.xlsx;b8f0487a-df73-4f8d-8b22-bb49cf9f3683;https://metadados.snirh.gov.br/files/b8f0487a-df73-4f8d-8b22-bb49cf9f3683/Monte_Claro.zip
Monte Claro;151,22999999999627;151,09999999999627;1,7283576526550002;22,334867500959003;UHE Monte Claro - CAV SNIRH.xlsx;b8f0487a-df73-4f8d-8b22-bb49cf9f3683;https://metadados.snirh.gov.br/files/b8f0487a-df73-4f8d-8b22-bb49cf9f3683/Monte_Claro.zip
Monte Claro;151,23999999999626;151,10999999999626;1,7287005779084;22,352152884974;UHE Monte Claro - CAV SNIRH.xlsx;b8f0487a-df73-4f8d-8b22-bb49cf9f3683;https://metadados.snirh.gov.br/files/b8f0487a-df73-4f8d-8b22-bb49cf9f3683/Monte_Claro.zip
Monte Claro;151,24999999999625;151,11999999999625;1,7290433905998;22,369442063609;UHE Monte Claro - CAV SNIRH.xlsx;b8f0487a-df73-4f8d-8b22-bb49cf9f3683;https://metadados.snirh.gov.br/files/b8f0487a-df73-4f8d-8b22-bb49cf9f3683/Monte_Claro.zip
Monte Claro;151,25999999999624;151,12999999999624;1,7293860902714;22,386734579066;UHE Monte Claro - CAV SNIRH.xlsx;b8f0487a-df73-4f8d-8b22-bb49cf9f3683;https://metadados.snirh.gov.br/files/b8f0487a-df73-4f8d-8b22-bb49cf9f3683/Monte_Claro.zip
Monte Claro;151,26999999999623;151,13999999999623;1,7297286794046;22,404029285588997;UHE Monte Claro - CAV SNIRH.xlsx;b8f0487a-df73-4f8d-8b22-bb49cf9f3683;https://metadados.snirh.gov.br/files/b8f0487a-df73-4f8d-8b22-bb49cf9f3683/Monte_Claro.zip
Monte Claro;151,27999999999622;151,14999999999623;1,730071158106;22,421327337845998;UHE Monte Claro - CAV SNIRH.xlsx;b8f0487a-df73-4f8d-8b22-bb49cf9f3683;https://metadados.snirh.gov.br/files/b8f0487a-df73-4f8d-8b22-bb49cf9f3683/Monte_Claro.zip
Monte Claro;151,2899999999962;151,15999999999622;1,7304135263636;22,438629834043997;UHE Monte Claro - CAV SNIRH.xlsx;b8f0487a-df73-4f8d-8b22-bb49cf9f3683;https://metadados.snirh.gov.br/files/b8f0487a-df73-4f8d-8b22-bb49cf9f3683/Monte_Claro.zip
Monte Claro;151,2999999999962;151,1699999999962;1,7307557853125002;22,455935490367;UHE Monte Claro - CAV SNIRH.xlsx;b8f0487a-df73-4f8d-8b22-bb49cf9f3683;https://metadados.snirh.gov.br/files/b8f0487a-df73-4f8d-8b22-bb49cf9f3683/Monte_Claro.zip
Monte Claro;151,3099999999962;151,1799999999962;1,7310979345517;22,473244951787;UHE Monte Claro - CAV SNIRH.xlsx;b8f0487a-df73-4f8d-8b22-bb49cf9f3683;https://metadados.snirh.gov.br/files/b8f0487a-df73-4f8d-8b22-bb49cf9f3683/Monte_Claro.zip
Monte Claro;151,31999999999618;151,1899999999962;1,7314399730394001;22,490556742800003;UHE Monte Claro - CAV SNIRH.xlsx;b8f0487a-df73-4f8d-8b22-bb49cf9f3683;https://metadados.snirh.gov.br/files/b8f0487a-df73-4f8d-8b22-bb49cf9f3683/Monte_Claro.zip
Monte Claro;151,32999999999618;151,19999999999618;1,7317819017431;22,507872140687997;UHE Monte Claro - CAV SNIRH.xlsx;b8f0487a-df73-4f8d-8b22-bb49cf9f3683;https://metadados.snirh.gov.br/files/b8f0487a-df73-4f8d-8b22-bb49cf9f3683/Monte_Claro.zip
Monte Claro;151,33999999999617;151,20999999999617;1,7321237197377;22,525191700161;UHE Monte Claro - CAV SNIRH.xlsx;b8f0487a-df73-4f8d-8b22-bb49cf9f3683;https://metadados.snirh.gov.br/files/b8f0487a-df73-4f8d-8b22-bb49cf9f3683/Monte_Claro.zip
Monte Claro;151,34999999999616;151,21999999999616;1,7324654270752;22,542514806103;UHE Monte Claro - CAV SNIRH.xlsx;b8f0487a-df73-4f8d-8b22-bb49cf9f3683;https://metadados.snirh.gov.br/files/b8f0487a-df73-4f8d-8b22-bb49cf9f3683/Monte_Claro.zip
Monte Claro;151,35999999999615;151,22999999999615;1,732807024851;22,559840826671;UHE Monte Claro - CAV SNIRH.xlsx;b8f0487a-df73-4f8d-8b22-bb49cf9f3683;https://metadados.snirh.gov.br/files/b8f0487a-df73-4f8d-8b22-bb49cf9f3683/Monte_Claro.zip
Monte Claro;151,36999999999614;151,23999999999614;1,7331485162446;22,577171068242;UHE Monte Claro - CAV SNIRH.xlsx;b8f0487a-df73-4f8d-8b22-bb49cf9f3683;https://metadados.snirh.gov.br/files/b8f0487a-df73-4f8d-8b22-bb49cf9f3683/Monte_Claro.zip
Monte Claro;151,37999999999613;151,24999999999613;1,7334898997013999;22,594505471149002;UHE Monte Claro - CAV SNIRH.xlsx;b8f0487a-df73-4f8d-8b22-bb49cf9f3683;https://metadados.snirh.gov.br/files/b8f0487a-df73-4f8d-8b22-bb49cf9f3683/Monte_Claro.zip
Monte Claro;151,38999999999612;151,25999999999613;1,733831172917;22,611841313963;UHE Monte Claro - CAV SNIRH.xlsx;b8f0487a-df73-4f8d-8b22-bb49cf9f3683;https://metadados.snirh.gov.br/files/b8f0487a-df73-4f8d-8b22-bb49cf9f3683/Monte_Claro.zip
Monte Claro;151,3999999999961;151,26999999999612;1,7341723380976999;22,629180944727;UHE Monte Claro - CAV SNIRH.xlsx;b8f0487a-df73-4f8d-8b22-bb49cf9f3683;https://metadados.snirh.gov.br/files/b8f0487a-df73-4f8d-8b22-bb49cf9f3683/Monte_Claro.zip
Monte Claro;151,4099999999961;151,2799999999961;1,7345133957563001;22,646523958745;UHE Monte Claro - CAV SNIRH.xlsx;b8f0487a-df73-4f8d-8b22-bb49cf9f3683;https://metadados.snirh.gov.br/files/b8f0487a-df73-4f8d-8b22-bb49cf9f3683/Monte_Claro.zip
Monte Claro;151,4199999999961;151,2899999999961;1,7348543486998;22,663870341912002;UHE Monte Claro - CAV SNIRH.xlsx;b8f0487a-df73-4f8d-8b22-bb49cf9f3683;https://metadados.snirh.gov.br/files/b8f0487a-df73-4f8d-8b22-bb49cf9f3683/Monte_Claro.zip
Monte Claro;151,42999999999608;151,2999999999961;1,7351952000202;22,681220061011;UHE Monte Claro - CAV SNIRH.xlsx;b8f0487a-df73-4f8d-8b22-bb49cf9f3683;https://metadados.snirh.gov.br/files/b8f0487a-df73-4f8d-8b22-bb49cf9f3683/Monte_Claro.zip
Monte Claro;151,43999999999608;151,30999999999608;1,7355359455416;22,698573465239;UHE Monte Claro - CAV SNIRH.xlsx;b8f0487a-df73-4f8d-8b22-bb49cf9f3683;https://metadados.snirh.gov.br/files/b8f0487a-df73-4f8d-8b22-bb49cf9f3683/Monte_Claro.zip
Monte Claro;151,44999999999607;151,31999999999607;1,7358765900131001;22,715930778392;UHE Monte Claro - CAV SNIRH.xlsx;b8f0487a-df73-4f8d-8b22-bb49cf9f3683;https://metadados.snirh.gov.br/files/b8f0487a-df73-4f8d-8b22-bb49cf9f3683/Monte_Claro.zip
Monte Claro;151,45999999999606;151,32999999999606;1,736217136466;22,733291219468;UHE Monte Claro - CAV SNIRH.xlsx;b8f0487a-df73-4f8d-8b22-bb49cf9f3683;https://metadados.snirh.gov.br/files/b8f0487a-df73-4f8d-8b22-bb49cf9f3683/Monte_Claro.zip
Monte Claro;151,46999999999605;151,33999999999605;1,7365575899111;22,750655210742;UHE Monte Claro - CAV SNIRH.xlsx;b8f0487a-df73-4f8d-8b22-bb49cf9f3683;https://metadados.snirh.gov.br/files/b8f0487a-df73-4f8d-8b22-bb49cf9f3683/Monte_Claro.zip
Monte Claro;151,47999999999604;151,34999999999604;1,7368979480365;22,768022984961;UHE Monte Claro - CAV SNIRH.xlsx;b8f0487a-df73-4f8d-8b22-bb49cf9f3683;https://metadados.snirh.gov.br/files/b8f0487a-df73-4f8d-8b22-bb49cf9f3683/Monte_Claro.zip
Monte Claro;151,48999999999603;151,35999999999603;1,7372382128011;22,785393518061998;UHE Monte Claro - CAV SNIRH.xlsx;b8f0487a-df73-4f8d-8b22-bb49cf9f3683;https://metadados.snirh.gov.br/files/b8f0487a-df73-4f8d-8b22-bb49cf9f3683/Monte_Claro.zip
Monte Claro;151,49999999999602;151,36999999999603;1,7375783839466;22,802768651363;UHE Monte Claro - CAV SNIRH.xlsx;b8f0487a-df73-4f8d-8b22-bb49cf9f3683;https://metadados.snirh.gov.br/files/b8f0487a-df73-4f8d-8b22-bb49cf9f3683/Monte_Claro.zip
Monte Claro;151,509999999996;151,37999999999602;1,7379184606413;22,820145918001;UHE Monte Claro - CAV SNIRH.xlsx;b8f0487a-df73-4f8d-8b22-bb49cf9f3683;https://metadados.snirh.gov.br/files/b8f0487a-df73-4f8d-8b22-bb49cf9f3683/Monte_Claro.zip
Monte Claro;151,519999999996;151,389999999996;1,7382584461329;22,837526315459;UHE Monte Claro - CAV SNIRH.xlsx;b8f0487a-df73-4f8d-8b22-bb49cf9f3683;https://metadados.snirh.gov.br/files/b8f0487a-df73-4f8d-8b22-bb49cf9f3683/Monte_Claro.zip
Monte Claro;151,529999999996;151,399999999996;1,7385983427237;22,854909840759003;UHE Monte Claro - CAV SNIRH.xlsx;b8f0487a-df73-4f8d-8b22-bb49cf9f3683;https://metadados.snirh.gov.br/files/b8f0487a-df73-4f8d-8b22-bb49cf9f3683/Monte_Claro.zip
Monte Claro;151,53999999999598;151,409999999996;1,7389381483447;22,8722969056;UHE Monte Claro - CAV SNIRH.xlsx;b8f0487a-df73-4f8d-8b22-bb49cf9f3683;https://metadados.snirh.gov.br/files/b8f0487a-df73-4f8d-8b22-bb49cf9f3683/Monte_Claro.zip
Monte Claro;151,54999999999598;151,41999999999598;1,7392778638309;22,889688544995;UHE Monte Claro - CAV SNIRH.xlsx;b8f0487a-df73-4f8d-8b22-bb49cf9f3683;https://metadados.snirh.gov.br/files/b8f0487a-df73-4f8d-8b22-bb49cf9f3683/Monte_Claro.zip
Monte Claro;151,55999999999597;151,42999999999597;1,7396174889605;22,907082837956;UHE Monte Claro - CAV SNIRH.xlsx;b8f0487a-df73-4f8d-8b22-bb49cf9f3683;https://metadados.snirh.gov.br/files/b8f0487a-df73-4f8d-8b22-bb49cf9f3683/Monte_Claro.zip
Monte Claro;151,56999999999596;151,43999999999596;1,739957021384;22,924481067296;UHE Monte Claro - CAV SNIRH.xlsx;b8f0487a-df73-4f8d-8b22-bb49cf9f3683;https://metadados.snirh.gov.br/files/b8f0487a-df73-4f8d-8b22-bb49cf9f3683/Monte_Claro.zip
Monte Claro;151,57999999999595;151,44999999999595;1,7402964609631;22,941882030583002;UHE Monte Claro - CAV SNIRH.xlsx;b8f0487a-df73-4f8d-8b22-bb49cf9f3683;https://metadados.snirh.gov.br/files/b8f0487a-df73-4f8d-8b22-bb49cf9f3683/Monte_Claro.zip
Monte Claro;151,58999999999594;151,45999999999594;1,7406358058415;22,959286909762;UHE Monte Claro - CAV SNIRH.xlsx;b8f0487a-df73-4f8d-8b22-bb49cf9f3683;https://metadados.snirh.gov.br/files/b8f0487a-df73-4f8d-8b22-bb49cf9f3683/Monte_Claro.zip
Monte Claro;151,59999999999593;151,46999999999593;1,740975051828;22,976694280855998;UHE Monte Claro - CAV SNIRH.xlsx;b8f0487a-df73-4f8d-8b22-bb49cf9f3683;https://metadados.snirh.gov.br/files/b8f0487a-df73-4f8d-8b22-bb49cf9f3683/Monte_Claro.zip
Monte Claro;151,60999999999592;151,47999999999593;1,7413141987293;22,994105320267;UHE Monte Claro - CAV SNIRH.xlsx;b8f0487a-df73-4f8d-8b22-bb49cf9f3683;https://metadados.snirh.gov.br/files/b8f0487a-df73-4f8d-8b22-bb49cf9f3683/Monte_Claro.zip
Monte Claro;151,6199999999959;151,48999999999592;1,7416532459164;23,011519711926;UHE Monte Claro - CAV SNIRH.xlsx;b8f0487a-df73-4f8d-8b22-bb49cf9f3683;https://metadados.snirh.gov.br/files/b8f0487a-df73-4f8d-8b22-bb49cf9f3683/Monte_Claro.zip
Monte Claro;151,6299999999959;151,4999999999959;1,7419921913689;23,028937642480003;UHE Monte Claro - CAV SNIRH.xlsx;b8f0487a-df73-4f8d-8b22-bb49cf9f3683;https://metadados.snirh.gov.br/files/b8f0487a-df73-4f8d-8b22-bb49cf9f3683/Monte_Claro.zip
Monte Claro;151,6399999999959;151,5099999999959;1,7423310365812001;23,046359236321;UHE Monte Claro - CAV SNIRH.xlsx;b8f0487a-df73-4f8d-8b22-bb49cf9f3683;https://metadados.snirh.gov.br/files/b8f0487a-df73-4f8d-8b22-bb49cf9f3683/Monte_Claro.zip
Monte Claro;151,64999999999588;151,5199999999959;1,7426697875005;23,063784167932997;UHE Monte Claro - CAV SNIRH.xlsx;b8f0487a-df73-4f8d-8b22-bb49cf9f3683;https://metadados.snirh.gov.br/files/b8f0487a-df73-4f8d-8b22-bb49cf9f3683/Monte_Claro.zip
Monte Claro;151,65999999999588;151,52999999999588;1,7430084424209;23,081212593885002;UHE Monte Claro - CAV SNIRH.xlsx;b8f0487a-df73-4f8d-8b22-bb49cf9f3683;https://metadados.snirh.gov.br/files/b8f0487a-df73-4f8d-8b22-bb49cf9f3683/Monte_Claro.zip
Monte Claro;151,66999999999587;151,53999999999587;1,7433470043235;23,098643589595998;UHE Monte Claro - CAV SNIRH.xlsx;b8f0487a-df73-4f8d-8b22-bb49cf9f3683;https://metadados.snirh.gov.br/files/b8f0487a-df73-4f8d-8b22-bb49cf9f3683/Monte_Claro.zip
Monte Claro;151,67999999999586;151,54999999999586;1,7436854732378;23,116078032511;UHE Monte Claro - CAV SNIRH.xlsx;b8f0487a-df73-4f8d-8b22-bb49cf9f3683;https://metadados.snirh.gov.br/files/b8f0487a-df73-4f8d-8b22-bb49cf9f3683/Monte_Claro.zip
Monte Claro;151,68999999999585;151,55999999999585;1,7440238528014;23,133516387995;UHE Monte Claro - CAV SNIRH.xlsx;b8f0487a-df73-4f8d-8b22-bb49cf9f3683;https://metadados.snirh.gov.br/files/b8f0487a-df73-4f8d-8b22-bb49cf9f3683/Monte_Claro.zip
Monte Claro;151,69999999999584;151,56999999999584;1,7443621403151002;23,150958425530998;UHE Monte Claro - CAV SNIRH.xlsx;b8f0487a-df73-4f8d-8b22-bb49cf9f3683;https://metadados.snirh.gov.br/files/b8f0487a-df73-4f8d-8b22-bb49cf9f3683/Monte_Claro.zip
Monte Claro;151,70999999999583;151,57999999999583;1,7447003332604;23,168402885575997;UHE Monte Claro - CAV SNIRH.xlsx;b8f0487a-df73-4f8d-8b22-bb49cf9f3683;https://metadados.snirh.gov.br/files/b8f0487a-df73-4f8d-8b22-bb49cf9f3683/Monte_Claro.zip
Monte Claro;151,71999999999582;151,58999999999583;1,7450384300442998;23,185851814800003;UHE Monte Claro - CAV SNIRH.xlsx;b8f0487a-df73-4f8d-8b22-bb49cf9f3683;https://metadados.snirh.gov.br/files/b8f0487a-df73-4f8d-8b22-bb49cf9f3683/Monte_Claro.zip
Monte Claro;151,7299999999958;151,59999999999582;1,74537643422;23,203303844025;UHE Monte Claro - CAV SNIRH.xlsx;b8f0487a-df73-4f8d-8b22-bb49cf9f3683;https://metadados.snirh.gov.br/files/b8f0487a-df73-4f8d-8b22-bb49cf9f3683/Monte_Claro.zip
Monte Claro;151,7399999999958;151,6099999999958;1,7457143470588001;23,220759949060998;UHE Monte Claro - CAV SNIRH.xlsx;b8f0487a-df73-4f8d-8b22-bb49cf9f3683;https://metadados.snirh.gov.br/files/b8f0487a-df73-4f8d-8b22-bb49cf9f3683/Monte_Claro.zip
Monte Claro;151,7499999999958;151,6199999999958;1,7460521702742;23,238219541522;UHE Monte Claro - CAV SNIRH.xlsx;b8f0487a-df73-4f8d-8b22-bb49cf9f3683;https://metadados.snirh.gov.br/files/b8f0487a-df73-4f8d-8b22-bb49cf9f3683/Monte_Claro.zip
Monte Claro;151,75999999999578;151,6299999999958;1,7463899030474002;23,255682842045;UHE Monte Claro - CAV SNIRH.xlsx;b8f0487a-df73-4f8d-8b22-bb49cf9f3683;https://metadados.snirh.gov.br/files/b8f0487a-df73-4f8d-8b22-bb49cf9f3683/Monte_Claro.zip
Monte Claro;151,76999999999578;151,63999999999578;1,7467275412757999;23,273148094897;UHE Monte Claro - CAV SNIRH.xlsx;b8f0487a-df73-4f8d-8b22-bb49cf9f3683;https://metadados.snirh.gov.br/files/b8f0487a-df73-4f8d-8b22-bb49cf9f3683/Monte_Claro.zip
Monte Claro;151,77999999999577;151,64999999999577;1,7470650853854002;23,290617259879;UHE Monte Claro - CAV SNIRH.xlsx;b8f0487a-df73-4f8d-8b22-bb49cf9f3683;https://metadados.snirh.gov.br/files/b8f0487a-df73-4f8d-8b22-bb49cf9f3683/Monte_Claro.zip
Monte Claro;151,78999999999576;151,65999999999576;1,7474025374185;23,308089305815;UHE Monte Claro - CAV SNIRH.xlsx;b8f0487a-df73-4f8d-8b22-bb49cf9f3683;https://metadados.snirh.gov.br/files/b8f0487a-df73-4f8d-8b22-bb49cf9f3683/Monte_Claro.zip
Monte Claro;151,79999999999575;151,66999999999575;1,7477399019935;23,325564361791;UHE Monte Claro - CAV SNIRH.xlsx;b8f0487a-df73-4f8d-8b22-bb49cf9f3683;https://metadados.snirh.gov.br/files/b8f0487a-df73-4f8d-8b22-bb49cf9f3683/Monte_Claro.zip
Monte Claro;151,80999999999574;151,67999999999574;1,7480771775595;23,343042694397;UHE Monte Claro - CAV SNIRH.xlsx;b8f0487a-df73-4f8d-8b22-bb49cf9f3683;https://metadados.snirh.gov.br/files/b8f0487a-df73-4f8d-8b22-bb49cf9f3683/Monte_Claro.zip
Monte Claro;151,81999999999573;151,68999999999573;1,7484143617844;23,360526676070002;UHE Monte Claro - CAV SNIRH.xlsx;b8f0487a-df73-4f8d-8b22-bb49cf9f3683;https://metadados.snirh.gov.br/files/b8f0487a-df73-4f8d-8b22-bb49cf9f3683/Monte_Claro.zip
Monte Claro;151,82999999999572;151,69999999999573;1,7487514574325;23,378013030942;UHE Monte Claro - CAV SNIRH.xlsx;b8f0487a-df73-4f8d-8b22-bb49cf9f3683;https://metadados.snirh.gov.br/files/b8f0487a-df73-4f8d-8b22-bb49cf9f3683/Monte_Claro.zip
Monte Claro;151,8399999999957;151,70999999999572;1,7490884660839001;23,395501960708998;UHE Monte Claro - CAV SNIRH.xlsx;b8f0487a-df73-4f8d-8b22-bb49cf9f3683;https://metadados.snirh.gov.br/files/b8f0487a-df73-4f8d-8b22-bb49cf9f3683/Monte_Claro.zip
Monte Claro;151,8499999999957;151,7199999999957;1,74942539165;23,412995080631;UHE Monte Claro - CAV SNIRH.xlsx;b8f0487a-df73-4f8d-8b22-bb49cf9f3683;https://metadados.snirh.gov.br/files/b8f0487a-df73-4f8d-8b22-bb49cf9f3683/Monte_Claro.zip
Monte Claro;151,8599999999957;151,7299999999957;1,7497622403506001;23,430490621679002;UHE Monte Claro - CAV SNIRH.xlsx;b8f0487a-df73-4f8d-8b22-bb49cf9f3683;https://metadados.snirh.gov.br/files/b8f0487a-df73-4f8d-8b22-bb49cf9f3683/Monte_Claro.zip
Monte Claro;151,86999999999568;151,7399999999957;1,7500990095098998;23,447989010862997;UHE Monte Claro - CAV SNIRH.xlsx;b8f0487a-df73-4f8d-8b22-bb49cf9f3683;https://metadados.snirh.gov.br/files/b8f0487a-df73-4f8d-8b22-bb49cf9f3683/Monte_Claro.zip
Monte Claro;151,87999999999568;151,74999999999568;1,7504356962491;23,465491304648;UHE Monte Claro - CAV SNIRH.xlsx;b8f0487a-df73-4f8d-8b22-bb49cf9f3683;https://metadados.snirh.gov.br/files/b8f0487a-df73-4f8d-8b22-bb49cf9f3683/Monte_Claro.zip
Monte Claro;151,88999999999567;151,75999999999567;1,7507722982051;23,482996807641;UHE Monte Claro - CAV SNIRH.xlsx;b8f0487a-df73-4f8d-8b22-bb49cf9f3683;https://metadados.snirh.gov.br/files/b8f0487a-df73-4f8d-8b22-bb49cf9f3683/Monte_Claro.zip
Monte Claro;151,89999999999566;151,76999999999566;1,7511088162991;23,50050526956;UHE Monte Claro - CAV SNIRH.xlsx;b8f0487a-df73-4f8d-8b22-bb49cf9f3683;https://metadados.snirh.gov.br/files/b8f0487a-df73-4f8d-8b22-bb49cf9f3683/Monte_Claro.zip
Monte Claro;151,90999999999565;151,77999999999565;1,7514452513659;23,518017283760997;UHE Monte Claro - CAV SNIRH.xlsx;b8f0487a-df73-4f8d-8b22-bb49cf9f3683;https://metadados.snirh.gov.br/files/b8f0487a-df73-4f8d-8b22-bb49cf9f3683/Monte_Claro.zip
Monte Claro;151,91999999999564;151,78999999999564;1,751781602249;23,535533601292;UHE Monte Claro - CAV SNIRH.xlsx;b8f0487a-df73-4f8d-8b22-bb49cf9f3683;https://metadados.snirh.gov.br/files/b8f0487a-df73-4f8d-8b22-bb49cf9f3683/Monte_Claro.zip
Monte Claro;151,92999999999563;151,79999999999563;1,7521178664091;23,553053263316002;UHE Monte Claro - CAV SNIRH.xlsx;b8f0487a-df73-4f8d-8b22-bb49cf9f3683;https://metadados.snirh.gov.br/files/b8f0487a-df73-4f8d-8b22-bb49cf9f3683/Monte_Claro.zip
Monte Claro;151,93999999999562;151,80999999999563;1,752454044269;23,570575542109;UHE Monte Claro - CAV SNIRH.xlsx;b8f0487a-df73-4f8d-8b22-bb49cf9f3683;https://metadados.snirh.gov.br/files/b8f0487a-df73-4f8d-8b22-bb49cf9f3683/Monte_Claro.zip
Monte Claro;151,9499999999956;151,81999999999562;1,7527901357201001;23,58810082531;UHE Monte Claro - CAV SNIRH.xlsx;b8f0487a-df73-4f8d-8b22-bb49cf9f3683;https://metadados.snirh.gov.br/files/b8f0487a-df73-4f8d-8b22-bb49cf9f3683/Monte_Claro.zip
Monte Claro;151,9599999999956;151,8299999999956;1,7531261415386;23,605630556278;UHE Monte Claro - CAV SNIRH.xlsx;b8f0487a-df73-4f8d-8b22-bb49cf9f3683;https://metadados.snirh.gov.br/files/b8f0487a-df73-4f8d-8b22-bb49cf9f3683/Monte_Claro.zip
Monte Claro;151,9699999999956;151,8399999999956;1,7534620646553;23,623163501710998;UHE Monte Claro - CAV SNIRH.xlsx;b8f0487a-df73-4f8d-8b22-bb49cf9f3683;https://metadados.snirh.gov.br/files/b8f0487a-df73-4f8d-8b22-bb49cf9f3683/Monte_Claro.zip
Monte Claro;151,97999999999558;151,8499999999956;1,7537979039692;23,640699675082;UHE Monte Claro - CAV SNIRH.xlsx;b8f0487a-df73-4f8d-8b22-bb49cf9f3683;https://metadados.snirh.gov.br/files/b8f0487a-df73-4f8d-8b22-bb49cf9f3683/Monte_Claro.zip
Monte Claro;151,98999999999558;151,85999999999558;1,7541336569819002;23,658239012893;UHE Monte Claro - CAV SNIRH.xlsx;b8f0487a-df73-4f8d-8b22-bb49cf9f3683;https://metadados.snirh.gov.br/files/b8f0487a-df73-4f8d-8b22-bb49cf9f3683/Monte_Claro.zip
Monte Claro;151,99999999999557;151,86999999999557;1,754469320362;23,675782556632;UHE Monte Claro - CAV SNIRH.xlsx;b8f0487a-df73-4f8d-8b22-bb49cf9f3683;https://metadados.snirh.gov.br/files/b8f0487a-df73-4f8d-8b22-bb49cf9f3683/Monte_Claro.zip
Monte Claro;152,00999999999556;151,87999999999556;1,7548049002582;23,693327926962;UHE Monte Claro - CAV SNIRH.xlsx;b8f0487a-df73-4f8d-8b22-bb49cf9f3683;https://metadados.snirh.gov.br/files/b8f0487a-df73-4f8d-8b22-bb49cf9f3683/Monte_Claro.zip
Monte Claro;152,01999999999555;151,88999999999555;1,7551403985347;23,710877236133;UHE Monte Claro - CAV SNIRH.xlsx;b8f0487a-df73-4f8d-8b22-bb49cf9f3683;https://metadados.snirh.gov.br/files/b8f0487a-df73-4f8d-8b22-bb49cf9f3683/Monte_Claro.zip
Monte Claro;152,02999999999554;151,89999999999554;1,7554758166142;23,728429688687;UHE Monte Claro - CAV SNIRH.xlsx;b8f0487a-df73-4f8d-8b22-bb49cf9f3683;https://metadados.snirh.gov.br/files/b8f0487a-df73-4f8d-8b22-bb49cf9f3683/Monte_Claro.zip
Monte Claro;152,03999999999553;151,90999999999553;1,7558111508748;23,745986532783;UHE Monte Claro - CAV SNIRH.xlsx;b8f0487a-df73-4f8d-8b22-bb49cf9f3683;https://metadados.snirh.gov.br/files/b8f0487a-df73-4f8d-8b22-bb49cf9f3683/Monte_Claro.zip
Monte Claro;152,04999999999552;151,91999999999553;1,7561464030502;23,763546531253;UHE Monte Claro - CAV SNIRH.xlsx;b8f0487a-df73-4f8d-8b22-bb49cf9f3683;https://metadados.snirh.gov.br/files/b8f0487a-df73-4f8d-8b22-bb49cf9f3683/Monte_Claro.zip
Monte Claro;152,0599999999955;151,92999999999552;1,7564815767413;23,781109279941997;UHE Monte Claro - CAV SNIRH.xlsx;b8f0487a-df73-4f8d-8b22-bb49cf9f3683;https://metadados.snirh.gov.br/files/b8f0487a-df73-4f8d-8b22-bb49cf9f3683/Monte_Claro.zip
Monte Claro;152,0699999999955;151,9399999999955;1,7568166754872;23,798676321309998;UHE Monte Claro - CAV SNIRH.xlsx;b8f0487a-df73-4f8d-8b22-bb49cf9f3683;https://metadados.snirh.gov.br/files/b8f0487a-df73-4f8d-8b22-bb49cf9f3683/Monte_Claro.zip
Monte Claro;152,0799999999955;151,9499999999955;1,7571516989909999;23,816245951484;UHE Monte Claro - CAV SNIRH.xlsx;b8f0487a-df73-4f8d-8b22-bb49cf9f3683;https://metadados.snirh.gov.br/files/b8f0487a-df73-4f8d-8b22-bb49cf9f3683/Monte_Claro.zip
Monte Claro;152,08999999999548;151,9599999999955;1,757486642106;23,833819017193;UHE Monte Claro - CAV SNIRH.xlsx;b8f0487a-df73-4f8d-8b22-bb49cf9f3683;https://metadados.snirh.gov.br/files/b8f0487a-df73-4f8d-8b22-bb49cf9f3683/Monte_Claro.zip
Monte Claro;152,09999999999548;151,96999999999548;1,7578215033342999;23,85139626145;UHE Monte Claro - CAV SNIRH.xlsx;b8f0487a-df73-4f8d-8b22-bb49cf9f3683;https://metadados.snirh.gov.br/files/b8f0487a-df73-4f8d-8b22-bb49cf9f3683/Monte_Claro.zip
Monte Claro;152,10999999999547;151,97999999999547;1,7581562875185;23,868976061749997;UHE Monte Claro - CAV SNIRH.xlsx;b8f0487a-df73-4f8d-8b22-bb49cf9f3683;https://metadados.snirh.gov.br/files/b8f0487a-df73-4f8d-8b22-bb49cf9f3683/Monte_Claro.zip
Monte Claro;152,11999999999546;151,98999999999546;1,7584909908926;23,886559377285;UHE Monte Claro - CAV SNIRH.xlsx;b8f0487a-df73-4f8d-8b22-bb49cf9f3683;https://metadados.snirh.gov.br/files/b8f0487a-df73-4f8d-8b22-bb49cf9f3683/Monte_Claro.zip
Monte Claro;152,12999999999545;151,99999999999545;1,7588256123925998;23,904145989459998;UHE Monte Claro - CAV SNIRH.xlsx;b8f0487a-df73-4f8d-8b22-bb49cf9f3683;https://metadados.snirh.gov.br/files/b8f0487a-df73-4f8d-8b22-bb49cf9f3683/Monte_Claro.zip
Monte Claro;152,13999999999544;152,00999999999544;1,7591601521258;23,921735853875;UHE Monte Claro - CAV SNIRH.xlsx;b8f0487a-df73-4f8d-8b22-bb49cf9f3683;https://metadados.snirh.gov.br/files/b8f0487a-df73-4f8d-8b22-bb49cf9f3683/Monte_Claro.zip
Monte Claro;152,14999999999543;152,01999999999543;1,7594946136543002;23,939329101941002;UHE Monte Claro - CAV SNIRH.xlsx;b8f0487a-df73-4f8d-8b22-bb49cf9f3683;https://metadados.snirh.gov.br/files/b8f0487a-df73-4f8d-8b22-bb49cf9f3683/Monte_Claro.zip
Monte Claro;152,15999999999542;152,02999999999543;1,7598290027874999;23,956925791159;UHE Monte Claro - CAV SNIRH.xlsx;b8f0487a-df73-4f8d-8b22-bb49cf9f3683;https://metadados.snirh.gov.br/files/b8f0487a-df73-4f8d-8b22-bb49cf9f3683/Monte_Claro.zip
Monte Claro;152,1699999999954;152,03999999999542;1,7601633228561;23,974525936662;UHE Monte Claro - CAV SNIRH.xlsx;b8f0487a-df73-4f8d-8b22-bb49cf9f3683;https://metadados.snirh.gov.br/files/b8f0487a-df73-4f8d-8b22-bb49cf9f3683/Monte_Claro.zip
Monte Claro;152,1799999999954;152,0499999999954;1,7604975709128001;23,992129772548;UHE Monte Claro - CAV SNIRH.xlsx;b8f0487a-df73-4f8d-8b22-bb49cf9f3683;https://metadados.snirh.gov.br/files/b8f0487a-df73-4f8d-8b22-bb49cf9f3683/Monte_Claro.zip
Monte Claro;152,1899999999954;152,0599999999954;1,7608517785604998;24,009736681424;UHE Monte Claro - CAV SNIRH.xlsx;b8f0487a-df73-4f8d-8b22-bb49cf9f3683;https://metadados.snirh.gov.br/files/b8f0487a-df73-4f8d-8b22-bb49cf9f3683/Monte_Claro.zip
Monte Claro;152,19999999999538;152,0699999999954;1,7612243424946;24,02734779958;UHE Monte Claro - CAV SNIRH.xlsx;b8f0487a-df73-4f8d-8b22-bb49cf9f3683;https://metadados.snirh.gov.br/files/b8f0487a-df73-4f8d-8b22-bb49cf9f3683/Monte_Claro.zip
Monte Claro;152,20999999999538;152,07999999999538;1,7615954037269;24,044961181361998;UHE Monte Claro - CAV SNIRH.xlsx;b8f0487a-df73-4f8d-8b22-bb49cf9f3683;https://metadados.snirh.gov.br/files/b8f0487a-df73-4f8d-8b22-bb49cf9f3683/Monte_Claro.zip
Monte Claro;152,21999999999537;152,08999999999537;1,7619684050409;24,062579279911997;UHE Monte Claro - CAV SNIRH.xlsx;b8f0487a-df73-4f8d-8b22-bb49cf9f3683;https://metadados.snirh.gov.br/files/b8f0487a-df73-4f8d-8b22-bb49cf9f3683/Monte_Claro.zip
Monte Claro;152,22999999999536;152,09999999999536;1,7623412663186;24,080200829626;UHE Monte Claro - CAV SNIRH.xlsx;b8f0487a-df73-4f8d-8b22-bb49cf9f3683;https://metadados.snirh.gov.br/files/b8f0487a-df73-4f8d-8b22-bb49cf9f3683/Monte_Claro.zip
Monte Claro;152,23999999999535;152,10999999999535;1,7627144582447;24,097826007818;UHE Monte Claro - CAV SNIRH.xlsx;b8f0487a-df73-4f8d-8b22-bb49cf9f3683;https://metadados.snirh.gov.br/files/b8f0487a-df73-4f8d-8b22-bb49cf9f3683/Monte_Claro.zip
Monte Claro;152,24999999999534;152,11999999999534;1,7630901154640999;24,115455759566;UHE Monte Claro - CAV SNIRH.xlsx;b8f0487a-df73-4f8d-8b22-bb49cf9f3683;https://metadados.snirh.gov.br/files/b8f0487a-df73-4f8d-8b22-bb49cf9f3683/Monte_Claro.zip
Monte Claro;152,25999999999533;152,12999999999533;1,7634659795409;24,133088371101;UHE Monte Claro - CAV SNIRH.xlsx;b8f0487a-df73-4f8d-8b22-bb49cf9f3683;https://metadados.snirh.gov.br/files/b8f0487a-df73-4f8d-8b22-bb49cf9f3683/Monte_Claro.zip
Monte Claro;152,26999999999532;152,13999999999533;1,7638408013455;24,150724858670998;UHE Monte Claro - CAV SNIRH.xlsx;b8f0487a-df73-4f8d-8b22-bb49cf9f3683;https://metadados.snirh.gov.br/files/b8f0487a-df73-4f8d-8b22-bb49cf9f3683/Monte_Claro.zip
Monte Claro;152,2799999999953;152,14999999999532;1,7642157282773998;24,168364539669;UHE Monte Claro - CAV SNIRH.xlsx;b8f0487a-df73-4f8d-8b22-bb49cf9f3683;https://metadados.snirh.gov.br/files/b8f0487a-df73-4f8d-8b22-bb49cf9f3683/Monte_Claro.zip
Monte Claro;152,2899999999953;152,1599999999953;1,7645915804644;24,186009157965;UHE Monte Claro - CAV SNIRH.xlsx;b8f0487a-df73-4f8d-8b22-bb49cf9f3683;https://metadados.snirh.gov.br/files/b8f0487a-df73-4f8d-8b22-bb49cf9f3683/Monte_Claro.zip
Monte Claro;152,2999999999953;152,1699999999953;1,7649677543754;24,203656735342;UHE Monte Claro - CAV SNIRH.xlsx;b8f0487a-df73-4f8d-8b22-bb49cf9f3683;https://metadados.snirh.gov.br/files/b8f0487a-df73-4f8d-8b22-bb49cf9f3683/Monte_Claro.zip
Monte Claro;152,30999999999528;152,1799999999953;1,7653433705836;24,221307895275;UHE Monte Claro - CAV SNIRH.xlsx;b8f0487a-df73-4f8d-8b22-bb49cf9f3683;https://metadados.snirh.gov.br/files/b8f0487a-df73-4f8d-8b22-bb49cf9f3683/Monte_Claro.zip
Monte Claro;152,31999999999528;152,18999999999528;1,7657187207889;24,238964579506;UHE Monte Claro - CAV SNIRH.xlsx;b8f0487a-df73-4f8d-8b22-bb49cf9f3683;https://metadados.snirh.gov.br/files/b8f0487a-df73-4f8d-8b22-bb49cf9f3683/Monte_Claro.zip
Monte Claro;152,32999999999527;152,19999999999527;1,7660942553016001;24,256623613614;UHE Monte Claro - CAV SNIRH.xlsx;b8f0487a-df73-4f8d-8b22-bb49cf9f3683;https://metadados.snirh.gov.br/files/b8f0487a-df73-4f8d-8b22-bb49cf9f3683/Monte_Claro.zip
Monte Claro;152,33999999999526;152,20999999999526;1,7664700570054999;24,2742855088;UHE Monte Claro - CAV SNIRH.xlsx;b8f0487a-df73-4f8d-8b22-bb49cf9f3683;https://metadados.snirh.gov.br/files/b8f0487a-df73-4f8d-8b22-bb49cf9f3683/Monte_Claro.zip
Monte Claro;152,34999999999525;152,21999999999525;1,7668455093498;24,291952121955998;UHE Monte Claro - CAV SNIRH.xlsx;b8f0487a-df73-4f8d-8b22-bb49cf9f3683;https://metadados.snirh.gov.br/files/b8f0487a-df73-4f8d-8b22-bb49cf9f3683/Monte_Claro.zip
Monte Claro;152,35999999999524;152,22999999999524;1,7672207037301;24,309621730272;UHE Monte Claro - CAV SNIRH.xlsx;b8f0487a-df73-4f8d-8b22-bb49cf9f3683;https://metadados.snirh.gov.br/files/b8f0487a-df73-4f8d-8b22-bb49cf9f3683/Monte_Claro.zip
Monte Claro;152,36999999999523;152,23999999999523;1,7675959068703;24,327295744660002;UHE Monte Claro - CAV SNIRH.xlsx;b8f0487a-df73-4f8d-8b22-bb49cf9f3683;https://metadados.snirh.gov.br/files/b8f0487a-df73-4f8d-8b22-bb49cf9f3683/Monte_Claro.zip
Monte Claro;152,37999999999522;152,24999999999523;1,7679708612471;24,344973173482998;UHE Monte Claro - CAV SNIRH.xlsx;b8f0487a-df73-4f8d-8b22-bb49cf9f3683;https://metadados.snirh.gov.br/files/b8f0487a-df73-4f8d-8b22-bb49cf9f3683/Monte_Claro.zip
Monte Claro;152,3899999999952;152,25999999999522;1,768345998744;24,362654309927002;UHE Monte Claro - CAV SNIRH.xlsx;b8f0487a-df73-4f8d-8b22-bb49cf9f3683;https://metadados.snirh.gov.br/files/b8f0487a-df73-4f8d-8b22-bb49cf9f3683/Monte_Claro.zip
Monte Claro;152,3999999999952;152,2699999999952;1,7687211418399;24,380338906612;UHE Monte Claro - CAV SNIRH.xlsx;b8f0487a-df73-4f8d-8b22-bb49cf9f3683;https://metadados.snirh.gov.br/files/b8f0487a-df73-4f8d-8b22-bb49cf9f3683/Monte_Claro.zip
Monte Claro;152,4099999999952;152,2799999999952;1,7690959209437;24,398026985442;UHE Monte Claro - CAV SNIRH.xlsx;b8f0487a-df73-4f8d-8b22-bb49cf9f3683;https://metadados.snirh.gov.br/files/b8f0487a-df73-4f8d-8b22-bb49cf9f3683/Monte_Claro.zip
Monte Claro;152,41999999999518;152,2899999999952;1,7694704835975;24,415720154212003;UHE Monte Claro - CAV SNIRH.xlsx;b8f0487a-df73-4f8d-8b22-bb49cf9f3683;https://metadados.snirh.gov.br/files/b8f0487a-df73-4f8d-8b22-bb49cf9f3683/Monte_Claro.zip
Monte Claro;152,42999999999518;152,29999999999518;1,7698446799531;24,43341723802;UHE Monte Claro - CAV SNIRH.xlsx;b8f0487a-df73-4f8d-8b22-bb49cf9f3683;https://metadados.snirh.gov.br/files/b8f0487a-df73-4f8d-8b22-bb49cf9f3683/Monte_Claro.zip
Monte Claro;152,43999999999517;152,30999999999517;1,7702185435943;24,451117796753;UHE Monte Claro - CAV SNIRH.xlsx;b8f0487a-df73-4f8d-8b22-bb49cf9f3683;https://metadados.snirh.gov.br/files/b8f0487a-df73-4f8d-8b22-bb49cf9f3683/Monte_Claro.zip
Monte Claro;152,44999999999516;152,31999999999516;1,7705923947079998;24,468821334267002;UHE Monte Claro - CAV SNIRH.xlsx;b8f0487a-df73-4f8d-8b22-bb49cf9f3683;https://metadados.snirh.gov.br/files/b8f0487a-df73-4f8d-8b22-bb49cf9f3683/Monte_Claro.zip
Monte Claro;152,45999999999515;152,32999999999515;1,7709664023483;24,486529370877;UHE Monte Claro - CAV SNIRH.xlsx;b8f0487a-df73-4f8d-8b22-bb49cf9f3683;https://metadados.snirh.gov.br/files/b8f0487a-df73-4f8d-8b22-bb49cf9f3683/Monte_Claro.zip
Monte Claro;152,46999999999514;152,33999999999514;1,7713402980486002;24,504240812726;UHE Monte Claro - CAV SNIRH.xlsx;b8f0487a-df73-4f8d-8b22-bb49cf9f3683;https://metadados.snirh.gov.br/files/b8f0487a-df73-4f8d-8b22-bb49cf9f3683/Monte_Claro.zip
Monte Claro;152,47999999999513;152,34999999999513;1,7717136961164;24,521955721751002;UHE Monte Claro - CAV SNIRH.xlsx;b8f0487a-df73-4f8d-8b22-bb49cf9f3683;https://metadados.snirh.gov.br/files/b8f0487a-df73-4f8d-8b22-bb49cf9f3683/Monte_Claro.zip
Monte Claro;152,48999999999512;152,35999999999513;1,7720869823324998;24,539673561285998;UHE Monte Claro - CAV SNIRH.xlsx;b8f0487a-df73-4f8d-8b22-bb49cf9f3683;https://metadados.snirh.gov.br/files/b8f0487a-df73-4f8d-8b22-bb49cf9f3683/Monte_Claro.zip
Monte Claro;152,4999999999951;152,36999999999512;1,7724601896401002;24,557396099742;UHE Monte Claro - CAV SNIRH.xlsx;b8f0487a-df73-4f8d-8b22-bb49cf9f3683;https://metadados.snirh.gov.br/files/b8f0487a-df73-4f8d-8b22-bb49cf9f3683/Monte_Claro.zip
Monte Claro;152,5099999999951;152,3799999999951;1,7728334079899999;24,575122760324;UHE Monte Claro - CAV SNIRH.xlsx;b8f0487a-df73-4f8d-8b22-bb49cf9f3683;https://metadados.snirh.gov.br/files/b8f0487a-df73-4f8d-8b22-bb49cf9f3683/Monte_Claro.zip
Monte Claro;152,5199999999951;152,3899999999951;1,7732065744519;24,592852314387002;UHE Monte Claro - CAV SNIRH.xlsx;b8f0487a-df73-4f8d-8b22-bb49cf9f3683;https://metadados.snirh.gov.br/files/b8f0487a-df73-4f8d-8b22-bb49cf9f3683/Monte_Claro.zip
Monte Claro;152,52999999999508;152,3999999999951;1,7735793129266;24,610586094757;UHE Monte Claro - CAV SNIRH.xlsx;b8f0487a-df73-4f8d-8b22-bb49cf9f3683;https://metadados.snirh.gov.br/files/b8f0487a-df73-4f8d-8b22-bb49cf9f3683/Monte_Claro.zip
Monte Claro;152,53999999999508;152,40999999999508;1,7739516657834;24,628323524132;UHE Monte Claro - CAV SNIRH.xlsx;b8f0487a-df73-4f8d-8b22-bb49cf9f3683;https://metadados.snirh.gov.br/files/b8f0487a-df73-4f8d-8b22-bb49cf9f3683/Monte_Claro.zip
Monte Claro;152,54999999999507;152,41999999999507;1,7743238147331;24,646066616421;UHE Monte Claro - CAV SNIRH.xlsx;b8f0487a-df73-4f8d-8b22-bb49cf9f3683;https://metadados.snirh.gov.br/files/b8f0487a-df73-4f8d-8b22-bb49cf9f3683/Monte_Claro.zip
Monte Claro;152,55999999999506;152,42999999999506;1,7746959088377998;24,663811710433;UHE Monte Claro - CAV SNIRH.xlsx;b8f0487a-df73-4f8d-8b22-bb49cf9f3683;https://metadados.snirh.gov.br/files/b8f0487a-df73-4f8d-8b22-bb49cf9f3683/Monte_Claro.zip
Monte Claro;152,56999999999505;152,43999999999505;1,7750678852079;24,681560708875;UHE Monte Claro - CAV SNIRH.xlsx;b8f0487a-df73-4f8d-8b22-bb49cf9f3683;https://metadados.snirh.gov.br/files/b8f0487a-df73-4f8d-8b22-bb49cf9f3683/Monte_Claro.zip
Monte Claro;152,57999999999504;152,44999999999504;1,7754398218151;24,699312790934002;UHE Monte Claro - CAV SNIRH.xlsx;b8f0487a-df73-4f8d-8b22-bb49cf9f3683;https://metadados.snirh.gov.br/files/b8f0487a-df73-4f8d-8b22-bb49cf9f3683/Monte_Claro.zip
Monte Claro;152,58999999999503;152,45999999999503;1,7758115028426;24,717068791979;UHE Monte Claro - CAV SNIRH.xlsx;b8f0487a-df73-4f8d-8b22-bb49cf9f3683;https://metadados.snirh.gov.br/files/b8f0487a-df73-4f8d-8b22-bb49cf9f3683/Monte_Claro.zip
Monte Claro;152,59999999999502;152,46999999999503;1,7761829961561;24,734828699834;UHE Monte Claro - CAV SNIRH.xlsx;b8f0487a-df73-4f8d-8b22-bb49cf9f3683;https://metadados.snirh.gov.br/files/b8f0487a-df73-4f8d-8b22-bb49cf9f3683/Monte_Claro.zip
Monte Claro;152,609999999995;152,47999999999502;1,7765543094131;24,752592170503;UHE Monte Claro - CAV SNIRH.xlsx;b8f0487a-df73-4f8d-8b22-bb49cf9f3683;https://metadados.snirh.gov.br/files/b8f0487a-df73-4f8d-8b22-bb49cf9f3683/Monte_Claro.zip
Monte Claro;152,619999999995;152,489999999995;1,7769253745376;24,770359377643;UHE Monte Claro - CAV SNIRH.xlsx;b8f0487a-df73-4f8d-8b22-bb49cf9f3683;https://metadados.snirh.gov.br/files/b8f0487a-df73-4f8d-8b22-bb49cf9f3683/Monte_Claro.zip
Monte Claro;152,629999999995;152,499999999995;1,7772961865068;24,788131001892;UHE Monte Claro - CAV SNIRH.xlsx;b8f0487a-df73-4f8d-8b22-bb49cf9f3683;https://metadados.snirh.gov.br/files/b8f0487a-df73-4f8d-8b22-bb49cf9f3683/Monte_Claro.zip
Monte Claro;152,63999999999498;152,509999999995;1,7776668275374;24,805905042114002;UHE Monte Claro - CAV SNIRH.xlsx;b8f0487a-df73-4f8d-8b22-bb49cf9f3683;https://metadados.snirh.gov.br/files/b8f0487a-df73-4f8d-8b22-bb49cf9f3683/Monte_Claro.zip
Monte Claro;152,64999999999498;152,51999999999498;1,778037320682;24,823683879781;UHE Monte Claro - CAV SNIRH.xlsx;b8f0487a-df73-4f8d-8b22-bb49cf9f3683;https://metadados.snirh.gov.br/files/b8f0487a-df73-4f8d-8b22-bb49cf9f3683/Monte_Claro.zip
Monte Claro;152,65999999999497;152,52999999999497;1,7784077207534;24,841466158874002;UHE Monte Claro - CAV SNIRH.xlsx;b8f0487a-df73-4f8d-8b22-bb49cf9f3683;https://metadados.snirh.gov.br/files/b8f0487a-df73-4f8d-8b22-bb49cf9f3683/Monte_Claro.zip
Monte Claro;152,66999999999496;152,53999999999496;1,7787779767493;24,859251912999;UHE Monte Claro - CAV SNIRH.xlsx;b8f0487a-df73-4f8d-8b22-bb49cf9f3683;https://metadados.snirh.gov.br/files/b8f0487a-df73-4f8d-8b22-bb49cf9f3683/Monte_Claro.zip
Monte Claro;152,67999999999495;152,54999999999495;1,7791480919999;24,877040759346002;UHE Monte Claro - CAV SNIRH.xlsx;b8f0487a-df73-4f8d-8b22-bb49cf9f3683;https://metadados.snirh.gov.br/files/b8f0487a-df73-4f8d-8b22-bb49cf9f3683/Monte_Claro.zip
Monte Claro;152,68999999999494;152,55999999999494;1,7795180668500001;24,894835552129997;UHE Monte Claro - CAV SNIRH.xlsx;b8f0487a-df73-4f8d-8b22-bb49cf9f3683;https://metadados.snirh.gov.br/files/b8f0487a-df73-4f8d-8b22-bb49cf9f3683/Monte_Claro.zip
Monte Claro;152,69999999999493;152,56999999999493;1,7798879769848999;24,912632082317;UHE Monte Claro - CAV SNIRH.xlsx;b8f0487a-df73-4f8d-8b22-bb49cf9f3683;https://metadados.snirh.gov.br/files/b8f0487a-df73-4f8d-8b22-bb49cf9f3683/Monte_Claro.zip
Monte Claro;152,70999999999492;152,57999999999493;1,7802576833763;24,930433245524;UHE Monte Claro - CAV SNIRH.xlsx;b8f0487a-df73-4f8d-8b22-bb49cf9f3683;https://metadados.snirh.gov.br/files/b8f0487a-df73-4f8d-8b22-bb49cf9f3683/Monte_Claro.zip
Monte Claro;152,7199999999949;152,58999999999492;1,7806272276075998;24,948238030315;UHE Monte Claro - CAV SNIRH.xlsx;b8f0487a-df73-4f8d-8b22-bb49cf9f3683;https://metadados.snirh.gov.br/files/b8f0487a-df73-4f8d-8b22-bb49cf9f3683/Monte_Claro.zip
Monte Claro;152,7299999999949;152,5999999999949;1,7809966191326;24,966045547219;UHE Monte Claro - CAV SNIRH.xlsx;b8f0487a-df73-4f8d-8b22-bb49cf9f3683;https://metadados.snirh.gov.br/files/b8f0487a-df73-4f8d-8b22-bb49cf9f3683/Monte_Claro.zip
Monte Claro;152,7399999999949;152,6099999999949;1,7813658503689;24,983856479796998;UHE Monte Claro - CAV SNIRH.xlsx;b8f0487a-df73-4f8d-8b22-bb49cf9f3683;https://metadados.snirh.gov.br/files/b8f0487a-df73-4f8d-8b22-bb49cf9f3683/Monte_Claro.zip
Monte Claro;152,74999999999488;152,6199999999949;1,7817349507255;25,001671968646;UHE Monte Claro - CAV SNIRH.xlsx;b8f0487a-df73-4f8d-8b22-bb49cf9f3683;https://metadados.snirh.gov.br/files/b8f0487a-df73-4f8d-8b22-bb49cf9f3683/Monte_Claro.zip
Monte Claro;152,75999999999487;152,62999999999488;1,7821039300116;25,019491132747;UHE Monte Claro - CAV SNIRH.xlsx;b8f0487a-df73-4f8d-8b22-bb49cf9f3683;https://metadados.snirh.gov.br/files/b8f0487a-df73-4f8d-8b22-bb49cf9f3683/Monte_Claro.zip
Monte Claro;152,76999999999487;152,63999999999487;1,7824727843166999;25,037313390845;UHE Monte Claro - CAV SNIRH.xlsx;b8f0487a-df73-4f8d-8b22-bb49cf9f3683;https://metadados.snirh.gov.br/files/b8f0487a-df73-4f8d-8b22-bb49cf9f3683/Monte_Claro.zip
Monte Claro;152,77999999999486;152,64999999999486;1,7828414667149;25,055139068352;UHE Monte Claro - CAV SNIRH.xlsx;b8f0487a-df73-4f8d-8b22-bb49cf9f3683;https://metadados.snirh.gov.br/files/b8f0487a-df73-4f8d-8b22-bb49cf9f3683/Monte_Claro.zip
Monte Claro;152,78999999999485;152,65999999999485;1,7832099652583;25,072968720633998;UHE Monte Claro - CAV SNIRH.xlsx;b8f0487a-df73-4f8d-8b22-bb49cf9f3683;https://metadados.snirh.gov.br/files/b8f0487a-df73-4f8d-8b22-bb49cf9f3683/Monte_Claro.zip
Monte Claro;152,79999999999484;152,66999999999484;1,783578443387;25,090803410148;UHE Monte Claro - CAV SNIRH.xlsx;b8f0487a-df73-4f8d-8b22-bb49cf9f3683;https://metadados.snirh.gov.br/files/b8f0487a-df73-4f8d-8b22-bb49cf9f3683/Monte_Claro.zip
Monte Claro;152,80999999999483;152,67999999999483;1,7839468884425;25,108640660457997;UHE Monte Claro - CAV SNIRH.xlsx;b8f0487a-df73-4f8d-8b22-bb49cf9f3683;https://metadados.snirh.gov.br/files/b8f0487a-df73-4f8d-8b22-bb49cf9f3683/Monte_Claro.zip
Monte Claro;152,81999999999482;152,68999999999482;1,7843153035211;25,126481909343998;UHE Monte Claro - CAV SNIRH.xlsx;b8f0487a-df73-4f8d-8b22-bb49cf9f3683;https://metadados.snirh.gov.br/files/b8f0487a-df73-4f8d-8b22-bb49cf9f3683/Monte_Claro.zip
Monte Claro;152,8299999999948;152,69999999999482;1,7846836760813;25,144325941861997;UHE Monte Claro - CAV SNIRH.xlsx;b8f0487a-df73-4f8d-8b22-bb49cf9f3683;https://metadados.snirh.gov.br/files/b8f0487a-df73-4f8d-8b22-bb49cf9f3683/Monte_Claro.zip
Monte Claro;152,8399999999948;152,7099999999948;1,7850519659435;25,162174237454998;UHE Monte Claro - CAV SNIRH.xlsx;b8f0487a-df73-4f8d-8b22-bb49cf9f3683;https://metadados.snirh.gov.br/files/b8f0487a-df73-4f8d-8b22-bb49cf9f3683/Monte_Claro.zip
Monte Claro;152,8499999999948;152,7199999999948;1,7854201454284;25,180027142226;UHE Monte Claro - CAV SNIRH.xlsx;b8f0487a-df73-4f8d-8b22-bb49cf9f3683;https://metadados.snirh.gov.br/files/b8f0487a-df73-4f8d-8b22-bb49cf9f3683/Monte_Claro.zip
Monte Claro;152,85999999999478;152,7299999999948;1,7857882746776;25,197883922837;UHE Monte Claro - CAV SNIRH.xlsx;b8f0487a-df73-4f8d-8b22-bb49cf9f3683;https://metadados.snirh.gov.br/files/b8f0487a-df73-4f8d-8b22-bb49cf9f3683/Monte_Claro.zip
Monte Claro;152,86999999999477;152,73999999999478;1,7861562760503;25,215744192145;UHE Monte Claro - CAV SNIRH.xlsx;b8f0487a-df73-4f8d-8b22-bb49cf9f3683;https://metadados.snirh.gov.br/files/b8f0487a-df73-4f8d-8b22-bb49cf9f3683/Monte_Claro.zip
Monte Claro;152,87999999999477;152,74999999999477;1,7865242097638;25,233607107653;UHE Monte Claro - CAV SNIRH.xlsx;b8f0487a-df73-4f8d-8b22-bb49cf9f3683;https://metadados.snirh.gov.br/files/b8f0487a-df73-4f8d-8b22-bb49cf9f3683/Monte_Claro.zip
Monte Claro;152,88999999999476;152,75999999999476;1,7868920983518002;25,251474540676;UHE Monte Claro - CAV SNIRH.xlsx;b8f0487a-df73-4f8d-8b22-bb49cf9f3683;https://metadados.snirh.gov.br/files/b8f0487a-df73-4f8d-8b22-bb49cf9f3683/Monte_Claro.zip
Monte Claro;152,89999999999475;152,76999999999475;1,7872599138346;25,269345282963002;UHE Monte Claro - CAV SNIRH.xlsx;b8f0487a-df73-4f8d-8b22-bb49cf9f3683;https://metadados.snirh.gov.br/files/b8f0487a-df73-4f8d-8b22-bb49cf9f3683/Monte_Claro.zip
Monte Claro;152,90999999999474;152,77999999999474;1,7876276373733;25,28721916051;UHE Monte Claro - CAV SNIRH.xlsx;b8f0487a-df73-4f8d-8b22-bb49cf9f3683;https://metadados.snirh.gov.br/files/b8f0487a-df73-4f8d-8b22-bb49cf9f3683/Monte_Claro.zip
Monte Claro;152,91999999999473;152,78999999999473;1,7879952672098;25,305096740156;UHE Monte Claro - CAV SNIRH.xlsx;b8f0487a-df73-4f8d-8b22-bb49cf9f3683;https://metadados.snirh.gov.br/files/b8f0487a-df73-4f8d-8b22-bb49cf9f3683/Monte_Claro.zip
Monte Claro;152,92999999999472;152,79999999999472;1,7883628791205;25,322977829505;UHE Monte Claro - CAV SNIRH.xlsx;b8f0487a-df73-4f8d-8b22-bb49cf9f3683;https://metadados.snirh.gov.br/files/b8f0487a-df73-4f8d-8b22-bb49cf9f3683/Monte_Claro.zip
Monte Claro;152,9399999999947;152,80999999999472;1,7887304501188;25,340862980672004;UHE Monte Claro - CAV SNIRH.xlsx;b8f0487a-df73-4f8d-8b22-bb49cf9f3683;https://metadados.snirh.gov.br/files/b8f0487a-df73-4f8d-8b22-bb49cf9f3683/Monte_Claro.zip
Monte Claro;152,9499999999947;152,8199999999947;1,789098053777;25,358752775773997;UHE Monte Claro - CAV SNIRH.xlsx;b8f0487a-df73-4f8d-8b22-bb49cf9f3683;https://metadados.snirh.gov.br/files/b8f0487a-df73-4f8d-8b22-bb49cf9f3683/Monte_Claro.zip
Monte Claro;152,9599999999947;152,8299999999947;1,7894656615238;25,376646846212;UHE Monte Claro - CAV SNIRH.xlsx;b8f0487a-df73-4f8d-8b22-bb49cf9f3683;https://metadados.snirh.gov.br/files/b8f0487a-df73-4f8d-8b22-bb49cf9f3683/Monte_Claro.zip
Monte Claro;152,96999999999468;152,8399999999947;1,7898332698709;25,394543758639998;UHE Monte Claro - CAV SNIRH.xlsx;b8f0487a-df73-4f8d-8b22-bb49cf9f3683;https://metadados.snirh.gov.br/files/b8f0487a-df73-4f8d-8b22-bb49cf9f3683/Monte_Claro.zip
Monte Claro;152,97999999999467;152,84999999999468;1,7902008099724;25,412443711410003;UHE Monte Claro - CAV SNIRH.xlsx;b8f0487a-df73-4f8d-8b22-bb49cf9f3683;https://metadados.snirh.gov.br/files/b8f0487a-df73-4f8d-8b22-bb49cf9f3683/Monte_Claro.zip
Monte Claro;152,98999999999467;152,85999999999467;1,790568338551;25,430347158351;UHE Monte Claro - CAV SNIRH.xlsx;b8f0487a-df73-4f8d-8b22-bb49cf9f3683;https://metadados.snirh.gov.br/files/b8f0487a-df73-4f8d-8b22-bb49cf9f3683/Monte_Claro.zip
Monte Claro;152,99999999999466;152,86999999999466;1,7909358221026;25,448255551803;UHE Monte Claro - CAV SNIRH.xlsx;b8f0487a-df73-4f8d-8b22-bb49cf9f3683;https://metadados.snirh.gov.br/files/b8f0487a-df73-4f8d-8b22-bb49cf9f3683/Monte_Claro.zip
Monte Claro;153,00999999999465;152,87999999999465;1,7913032334245;25,466167904091;UHE Monte Claro - CAV SNIRH.xlsx;b8f0487a-df73-4f8d-8b22-bb49cf9f3683;https://metadados.snirh.gov.br/files/b8f0487a-df73-4f8d-8b22-bb49cf9f3683/Monte_Claro.zip
Monte Claro;153,01999999999464;152,88999999999464;1,7916705732679;25,484083331066;UHE Monte Claro - CAV SNIRH.xlsx;b8f0487a-df73-4f8d-8b22-bb49cf9f3683;https://metadados.snirh.gov.br/files/b8f0487a-df73-4f8d-8b22-bb49cf9f3683/Monte_Claro.zip
Monte Claro;153,02999999999463;152,89999999999463;1,7920378464921;25,502001408507002;UHE Monte Claro - CAV SNIRH.xlsx;b8f0487a-df73-4f8d-8b22-bb49cf9f3683;https://metadados.snirh.gov.br/files/b8f0487a-df73-4f8d-8b22-bb49cf9f3683/Monte_Claro.zip
Monte Claro;153,03999999999462;152,90999999999462;1,7924050679230001;25,51992282256;UHE Monte Claro - CAV SNIRH.xlsx;b8f0487a-df73-4f8d-8b22-bb49cf9f3683;https://metadados.snirh.gov.br/files/b8f0487a-df73-4f8d-8b22-bb49cf9f3683/Monte_Claro.zip
Monte Claro;153,0499999999946;152,91999999999462;1,7927722569343;25,537849447880998;UHE Monte Claro - CAV SNIRH.xlsx;b8f0487a-df73-4f8d-8b22-bb49cf9f3683;https://metadados.snirh.gov.br/files/b8f0487a-df73-4f8d-8b22-bb49cf9f3683/Monte_Claro.zip
Monte Claro;153,0599999999946;152,9299999999946;1,7931394385301;25,555779259125003;UHE Monte Claro - CAV SNIRH.xlsx;b8f0487a-df73-4f8d-8b22-bb49cf9f3683;https://metadados.snirh.gov.br/files/b8f0487a-df73-4f8d-8b22-bb49cf9f3683/Monte_Claro.zip
Monte Claro;153,0699999999946;152,9399999999946;1,7935066602413998;25,57371075603;UHE Monte Claro - CAV SNIRH.xlsx;b8f0487a-df73-4f8d-8b22-bb49cf9f3683;https://metadados.snirh.gov.br/files/b8f0487a-df73-4f8d-8b22-bb49cf9f3683/Monte_Claro.zip
Monte Claro;153,07999999999458;152,9499999999946;1,7938740205548;25,591647538156;UHE Monte Claro - CAV SNIRH.xlsx;b8f0487a-df73-4f8d-8b22-bb49cf9f3683;https://metadados.snirh.gov.br/files/b8f0487a-df73-4f8d-8b22-bb49cf9f3683/Monte_Claro.zip
Monte Claro;153,08999999999457;152,95999999999458;1,7942413697357;25,609588418766;UHE Monte Claro - CAV SNIRH.xlsx;b8f0487a-df73-4f8d-8b22-bb49cf9f3683;https://metadados.snirh.gov.br/files/b8f0487a-df73-4f8d-8b22-bb49cf9f3683/Monte_Claro.zip
Monte Claro;153,09999999999457;152,96999999999457;1,7946086971908;25,627531455146;UHE Monte Claro - CAV SNIRH.xlsx;b8f0487a-df73-4f8d-8b22-bb49cf9f3683;https://metadados.snirh.gov.br/files/b8f0487a-df73-4f8d-8b22-bb49cf9f3683/Monte_Claro.zip
Monte Claro;153,10999999999456;152,97999999999456;1,7949759352432;25,645479993277;UHE Monte Claro - CAV SNIRH.xlsx;b8f0487a-df73-4f8d-8b22-bb49cf9f3683;https://metadados.snirh.gov.br/files/b8f0487a-df73-4f8d-8b22-bb49cf9f3683/Monte_Claro.zip
Monte Claro;153,11999999999455;152,98999999999455;1,795343201971;25,663431773036;UHE Monte Claro - CAV SNIRH.xlsx;b8f0487a-df73-4f8d-8b22-bb49cf9f3683;https://metadados.snirh.gov.br/files/b8f0487a-df73-4f8d-8b22-bb49cf9f3683/Monte_Claro.zip
Monte Claro;153,12999999999454;152,99999999999454;1,7957104972190001;25,681387025118998;UHE Monte Claro - CAV SNIRH.xlsx;b8f0487a-df73-4f8d-8b22-bb49cf9f3683;https://metadados.snirh.gov.br/files/b8f0487a-df73-4f8d-8b22-bb49cf9f3683/Monte_Claro.zip
Monte Claro;153,13999999999453;153,00999999999453;1,7960778421696;25,69934672578;UHE Monte Claro - CAV SNIRH.xlsx;b8f0487a-df73-4f8d-8b22-bb49cf9f3683;https://metadados.snirh.gov.br/files/b8f0487a-df73-4f8d-8b22-bb49cf9f3683/Monte_Claro.zip
Monte Claro;153,14999999999452;153,01999999999452;1,7964451030784;25,717309352347;UHE Monte Claro - CAV SNIRH.xlsx;b8f0487a-df73-4f8d-8b22-bb49cf9f3683;https://metadados.snirh.gov.br/files/b8f0487a-df73-4f8d-8b22-bb49cf9f3683/Monte_Claro.zip
Monte Claro;153,1599999999945;153,02999999999452;1,7968124101038998;25,735276087277;UHE Monte Claro - CAV SNIRH.xlsx;b8f0487a-df73-4f8d-8b22-bb49cf9f3683;https://metadados.snirh.gov.br/files/b8f0487a-df73-4f8d-8b22-bb49cf9f3683/Monte_Claro.zip
Monte Claro;153,1699999999945;153,0399999999945;1,7971796891615;25,753245687878003;UHE Monte Claro - CAV SNIRH.xlsx;b8f0487a-df73-4f8d-8b22-bb49cf9f3683;https://metadados.snirh.gov.br/files/b8f0487a-df73-4f8d-8b22-bb49cf9f3683/Monte_Claro.zip
Monte Claro;153,1799999999945;153,0499999999945;1,7975469619533;25,771219471131;UHE Monte Claro - CAV SNIRH.xlsx;b8f0487a-df73-4f8d-8b22-bb49cf9f3683;https://metadados.snirh.gov.br/files/b8f0487a-df73-4f8d-8b22-bb49cf9f3683/Monte_Claro.zip
Monte Claro;153,18999999999448;153,0599999999945;1,7979141944595;25,789196844994002;UHE Monte Claro - CAV SNIRH.xlsx;b8f0487a-df73-4f8d-8b22-bb49cf9f3683;https://metadados.snirh.gov.br/files/b8f0487a-df73-4f8d-8b22-bb49cf9f3683/Monte_Claro.zip
Monte Claro;153,19999999999447;153,06999999999448;1,7982814587086;25,807176813477;UHE Monte Claro - CAV SNIRH.xlsx;b8f0487a-df73-4f8d-8b22-bb49cf9f3683;https://metadados.snirh.gov.br/files/b8f0487a-df73-4f8d-8b22-bb49cf9f3683/Monte_Claro.zip
Monte Claro;153,20999999999447;153,07999999999447;1,7986487305743;25,825161523821;UHE Monte Claro - CAV SNIRH.xlsx;b8f0487a-df73-4f8d-8b22-bb49cf9f3683;https://metadados.snirh.gov.br/files/b8f0487a-df73-4f8d-8b22-bb49cf9f3683/Monte_Claro.zip
Monte Claro;153,21999999999446;153,08999999999446;1,7990159284912999;25,84314919018;UHE Monte Claro - CAV SNIRH.xlsx;b8f0487a-df73-4f8d-8b22-bb49cf9f3683;https://metadados.snirh.gov.br/files/b8f0487a-df73-4f8d-8b22-bb49cf9f3683/Monte_Claro.zip
Monte Claro;153,22999999999445;153,09999999999445;1,7993830802180002;25,861140388336;UHE Monte Claro - CAV SNIRH.xlsx;b8f0487a-df73-4f8d-8b22-bb49cf9f3683;https://metadados.snirh.gov.br/files/b8f0487a-df73-4f8d-8b22-bb49cf9f3683/Monte_Claro.zip
Monte Claro;153,23999999999444;153,10999999999444;1,7997501723301002;25,879136155759;UHE Monte Claro - CAV SNIRH.xlsx;b8f0487a-df73-4f8d-8b22-bb49cf9f3683;https://metadados.snirh.gov.br/files/b8f0487a-df73-4f8d-8b22-bb49cf9f3683/Monte_Claro.zip
Monte Claro;153,24999999999443;153,11999999999443;1,8001172451472;25,897134967581998;UHE Monte Claro - CAV SNIRH.xlsx;b8f0487a-df73-4f8d-8b22-bb49cf9f3683;https://metadados.snirh.gov.br/files/b8f0487a-df73-4f8d-8b22-bb49cf9f3683/Monte_Claro.zip
Monte Claro;153,25999999999442;153,12999999999442;1,8004843652268;25,915137953591998;UHE Monte Claro - CAV SNIRH.xlsx;b8f0487a-df73-4f8d-8b22-bb49cf9f3683;https://metadados.snirh.gov.br/files/b8f0487a-df73-4f8d-8b22-bb49cf9f3683/Monte_Claro.zip
Monte Claro;153,2699999999944;153,13999999999442;1,8008514733438001;25,933144766539;UHE Monte Claro - CAV SNIRH.xlsx;b8f0487a-df73-4f8d-8b22-bb49cf9f3683;https://metadados.snirh.gov.br/files/b8f0487a-df73-4f8d-8b22-bb49cf9f3683/Monte_Claro.zip
Monte Claro;153,2799999999944;153,1499999999944;1,8012185137916;25,951154980408003;UHE Monte Claro - CAV SNIRH.xlsx;b8f0487a-df73-4f8d-8b22-bb49cf9f3683;https://metadados.snirh.gov.br/files/b8f0487a-df73-4f8d-8b22-bb49cf9f3683/Monte_Claro.zip
Monte Claro;153,2899999999944;153,1599999999944;1,8015856008841;25,969169356124;UHE Monte Claro - CAV SNIRH.xlsx;b8f0487a-df73-4f8d-8b22-bb49cf9f3683;https://metadados.snirh.gov.br/files/b8f0487a-df73-4f8d-8b22-bb49cf9f3683/Monte_Claro.zip
Monte Claro;153,29999999999438;153,1699999999944;1,8019526929976;25,987186473001;UHE Monte Claro - CAV SNIRH.xlsx;b8f0487a-df73-4f8d-8b22-bb49cf9f3683;https://metadados.snirh.gov.br/files/b8f0487a-df73-4f8d-8b22-bb49cf9f3683/Monte_Claro.zip
Monte Claro;153,30999999999437;153,17999999999438;1,8023197824359;26,005207308352002;UHE Monte Claro - CAV SNIRH.xlsx;b8f0487a-df73-4f8d-8b22-bb49cf9f3683;https://metadados.snirh.gov.br/files/b8f0487a-df73-4f8d-8b22-bb49cf9f3683/Monte_Claro.zip
Monte Claro;153,31999999999437;153,18999999999437;1,8026868305209;26,023231252522;UHE Monte Claro - CAV SNIRH.xlsx;b8f0487a-df73-4f8d-8b22-bb49cf9f3683;https://metadados.snirh.gov.br/files/b8f0487a-df73-4f8d-8b22-bb49cf9f3683/Monte_Claro.zip
Monte Claro;153,32999999999436;153,19999999999436;1,8030539647625998;26,041260464676;UHE Monte Claro - CAV SNIRH.xlsx;b8f0487a-df73-4f8d-8b22-bb49cf9f3683;https://metadados.snirh.gov.br/files/b8f0487a-df73-4f8d-8b22-bb49cf9f3683/Monte_Claro.zip
Monte Claro;153,33999999999435;153,20999999999435;1,8034210567886;26,059292482118;UHE Monte Claro - CAV SNIRH.xlsx;b8f0487a-df73-4f8d-8b22-bb49cf9f3683;https://metadados.snirh.gov.br/files/b8f0487a-df73-4f8d-8b22-bb49cf9f3683/Monte_Claro.zip
Monte Claro;153,34999999999434;153,21999999999434;1,8037881112585;26,07732819387;UHE Monte Claro - CAV SNIRH.xlsx;b8f0487a-df73-4f8d-8b22-bb49cf9f3683;https://metadados.snirh.gov.br/files/b8f0487a-df73-4f8d-8b22-bb49cf9f3683/Monte_Claro.zip
Monte Claro;153,35999999999433;153,22999999999433;1,804155119706;26,095367649329;UHE Monte Claro - CAV SNIRH.xlsx;b8f0487a-df73-4f8d-8b22-bb49cf9f3683;https://metadados.snirh.gov.br/files/b8f0487a-df73-4f8d-8b22-bb49cf9f3683/Monte_Claro.zip
Monte Claro;153,36999999999432;153,23999999999432;1,8045220992379;26,113411407245;UHE Monte Claro - CAV SNIRH.xlsx;b8f0487a-df73-4f8d-8b22-bb49cf9f3683;https://metadados.snirh.gov.br/files/b8f0487a-df73-4f8d-8b22-bb49cf9f3683/Monte_Claro.zip
Monte Claro;153,3799999999943;153,24999999999432;1,8048890727901998;26,131458473201;UHE Monte Claro - CAV SNIRH.xlsx;b8f0487a-df73-4f8d-8b22-bb49cf9f3683;https://metadados.snirh.gov.br/files/b8f0487a-df73-4f8d-8b22-bb49cf9f3683/Monte_Claro.zip
Monte Claro;153,3899999999943;153,2599999999943;1,805255989417;26,149509066867;UHE Monte Claro - CAV SNIRH.xlsx;b8f0487a-df73-4f8d-8b22-bb49cf9f3683;https://metadados.snirh.gov.br/files/b8f0487a-df73-4f8d-8b22-bb49cf9f3683/Monte_Claro.zip
Monte Claro;153,3999999999943;153,2699999999943;1,8056228525405;26,167563611517;UHE Monte Claro - CAV SNIRH.xlsx;b8f0487a-df73-4f8d-8b22-bb49cf9f3683;https://metadados.snirh.gov.br/files/b8f0487a-df73-4f8d-8b22-bb49cf9f3683/Monte_Claro.zip
Monte Claro;153,40999999999428;153,2799999999943;1,805989705901;26,185621850933998;UHE Monte Claro - CAV SNIRH.xlsx;b8f0487a-df73-4f8d-8b22-bb49cf9f3683;https://metadados.snirh.gov.br/files/b8f0487a-df73-4f8d-8b22-bb49cf9f3683/Monte_Claro.zip
Monte Claro;153,41999999999427;153,28999999999428;1,8063565992755999;26,203684078984;UHE Monte Claro - CAV SNIRH.xlsx;b8f0487a-df73-4f8d-8b22-bb49cf9f3683;https://metadados.snirh.gov.br/files/b8f0487a-df73-4f8d-8b22-bb49cf9f3683/Monte_Claro.zip
Monte Claro;153,42999999999427;153,29999999999427;1,806723499508;26,221749778438;UHE Monte Claro - CAV SNIRH.xlsx;b8f0487a-df73-4f8d-8b22-bb49cf9f3683;https://metadados.snirh.gov.br/files/b8f0487a-df73-4f8d-8b22-bb49cf9f3683/Monte_Claro.zip
Monte Claro;153,43999999999426;153,30999999999426;1,8070903980387;26,23981935654;UHE Monte Claro - CAV SNIRH.xlsx;b8f0487a-df73-4f8d-8b22-bb49cf9f3683;https://metadados.snirh.gov.br/files/b8f0487a-df73-4f8d-8b22-bb49cf9f3683/Monte_Claro.zip
Monte Claro;153,44999999999425;153,31999999999425;1,8074573037694002;26,257892134962997;UHE Monte Claro - CAV SNIRH.xlsx;b8f0487a-df73-4f8d-8b22-bb49cf9f3683;https://metadados.snirh.gov.br/files/b8f0487a-df73-4f8d-8b22-bb49cf9f3683/Monte_Claro.zip
Monte Claro;153,45999999999424;153,32999999999424;1,8078242108211;26,275968995882998;UHE Monte Claro - CAV SNIRH.xlsx;b8f0487a-df73-4f8d-8b22-bb49cf9f3683;https://metadados.snirh.gov.br/files/b8f0487a-df73-4f8d-8b22-bb49cf9f3683/Monte_Claro.zip
Monte Claro;153,46999999999423;153,33999999999423;1,8081910887316;26,294050204330002;UHE Monte Claro - CAV SNIRH.xlsx;b8f0487a-df73-4f8d-8b22-bb49cf9f3683;https://metadados.snirh.gov.br/files/b8f0487a-df73-4f8d-8b22-bb49cf9f3683/Monte_Claro.zip
Monte Claro;153,47999999999422;153,34999999999422;1,8085579429288;26,312133792243;UHE Monte Claro - CAV SNIRH.xlsx;b8f0487a-df73-4f8d-8b22-bb49cf9f3683;https://metadados.snirh.gov.br/files/b8f0487a-df73-4f8d-8b22-bb49cf9f3683/Monte_Claro.zip
Monte Claro;153,4899999999942;153,35999999999422;1,8089247259906;26,330221151181;UHE Monte Claro - CAV SNIRH.xlsx;b8f0487a-df73-4f8d-8b22-bb49cf9f3683;https://metadados.snirh.gov.br/files/b8f0487a-df73-4f8d-8b22-bb49cf9f3683/Monte_Claro.zip
Monte Claro;153,4999999999942;153,3699999999942;1,8092915247982;26,348312151337;UHE Monte Claro - CAV SNIRH.xlsx;b8f0487a-df73-4f8d-8b22-bb49cf9f3683;https://metadados.snirh.gov.br/files/b8f0487a-df73-4f8d-8b22-bb49cf9f3683/Monte_Claro.zip
Monte Claro;153,5099999999942;153,3799999999942;1,8096583582774999;26,366406905848;UHE Monte Claro - CAV SNIRH.xlsx;b8f0487a-df73-4f8d-8b22-bb49cf9f3683;https://metadados.snirh.gov.br/files/b8f0487a-df73-4f8d-8b22-bb49cf9f3683/Monte_Claro.zip
Monte Claro;153,51999999999418;153,3899999999942;1,8100252161863;26,384504499132998;UHE Monte Claro - CAV SNIRH.xlsx;b8f0487a-df73-4f8d-8b22-bb49cf9f3683;https://metadados.snirh.gov.br/files/b8f0487a-df73-4f8d-8b22-bb49cf9f3683/Monte_Claro.zip
Monte Claro;153,52999999999417;153,39999999999418;1,8103920887309999;26,402606663465;UHE Monte Claro - CAV SNIRH.xlsx;b8f0487a-df73-4f8d-8b22-bb49cf9f3683;https://metadados.snirh.gov.br/files/b8f0487a-df73-4f8d-8b22-bb49cf9f3683/Monte_Claro.zip
Monte Claro;153,53999999999417;153,40999999999417;1,8107589517113;26,420712032814;UHE Monte Claro - CAV SNIRH.xlsx;b8f0487a-df73-4f8d-8b22-bb49cf9f3683;https://metadados.snirh.gov.br/files/b8f0487a-df73-4f8d-8b22-bb49cf9f3683/Monte_Claro.zip
Monte Claro;153,54999999999416;153,41999999999416;1,8111257615932;26,438822471787;UHE Monte Claro - CAV SNIRH.xlsx;b8f0487a-df73-4f8d-8b22-bb49cf9f3683;https://metadados.snirh.gov.br/files/b8f0487a-df73-4f8d-8b22-bb49cf9f3683/Monte_Claro.zip
Monte Claro;153,55999999999415;153,42999999999415;1,8114925410972;26,456935352277;UHE Monte Claro - CAV SNIRH.xlsx;b8f0487a-df73-4f8d-8b22-bb49cf9f3683;https://metadados.snirh.gov.br/files/b8f0487a-df73-4f8d-8b22-bb49cf9f3683/Monte_Claro.zip
Monte Claro;153,56999999999414;153,43999999999414;1,8118592469829;26,47505235754;UHE Monte Claro - CAV SNIRH.xlsx;b8f0487a-df73-4f8d-8b22-bb49cf9f3683;https://metadados.snirh.gov.br/files/b8f0487a-df73-4f8d-8b22-bb49cf9f3683/Monte_Claro.zip
Monte Claro;153,57999999999413;153,44999999999413;1,8122258699889;26,493172667553;UHE Monte Claro - CAV SNIRH.xlsx;b8f0487a-df73-4f8d-8b22-bb49cf9f3683;https://metadados.snirh.gov.br/files/b8f0487a-df73-4f8d-8b22-bb49cf9f3683/Monte_Claro.zip
Monte Claro;153,58999999999412;153,45999999999412;1,8125924910385;26,511295901310998;UHE Monte Claro - CAV SNIRH.xlsx;b8f0487a-df73-4f8d-8b22-bb49cf9f3683;https://metadados.snirh.gov.br/files/b8f0487a-df73-4f8d-8b22-bb49cf9f3683/Monte_Claro.zip
Monte Claro;153,5999999999941;153,46999999999412;1,812959158237;26,529423108885002;UHE Monte Claro - CAV SNIRH.xlsx;b8f0487a-df73-4f8d-8b22-bb49cf9f3683;https://metadados.snirh.gov.br/files/b8f0487a-df73-4f8d-8b22-bb49cf9f3683/Monte_Claro.zip
Monte Claro;153,6099999999941;153,4799999999941;1,8133258771634;26,547554439798002;UHE Monte Claro - CAV SNIRH.xlsx;b8f0487a-df73-4f8d-8b22-bb49cf9f3683;https://metadados.snirh.gov.br/files/b8f0487a-df73-4f8d-8b22-bb49cf9f3683/Monte_Claro.zip
Monte Claro;153,6199999999941;153,4899999999941;1,8136926315186;26,565689826642;UHE Monte Claro - CAV SNIRH.xlsx;b8f0487a-df73-4f8d-8b22-bb49cf9f3683;https://metadados.snirh.gov.br/files/b8f0487a-df73-4f8d-8b22-bb49cf9f3683/Monte_Claro.zip
Monte Claro;153,62999999999408;153,4999999999941;1,8140594064388;26,583829317067;UHE Monte Claro - CAV SNIRH.xlsx;b8f0487a-df73-4f8d-8b22-bb49cf9f3683;https://metadados.snirh.gov.br/files/b8f0487a-df73-4f8d-8b22-bb49cf9f3683/Monte_Claro.zip
Monte Claro;153,63999999999407;153,50999999999408;1,8144261766523;26,601971793775;UHE Monte Claro - CAV SNIRH.xlsx;b8f0487a-df73-4f8d-8b22-bb49cf9f3683;https://metadados.snirh.gov.br/files/b8f0487a-df73-4f8d-8b22-bb49cf9f3683/Monte_Claro.zip
Monte Claro;153,64999999999407;153,51999999999407;1,8147929226976;26,620117798444;UHE Monte Claro - CAV SNIRH.xlsx;b8f0487a-df73-4f8d-8b22-bb49cf9f3683;https://metadados.snirh.gov.br/files/b8f0487a-df73-4f8d-8b22-bb49cf9f3683/Monte_Claro.zip
Monte Claro;153,65999999999406;153,52999999999406;1,8151596926654;26,63826774689;UHE Monte Claro - CAV SNIRH.xlsx;b8f0487a-df73-4f8d-8b22-bb49cf9f3683;https://metadados.snirh.gov.br/files/b8f0487a-df73-4f8d-8b22-bb49cf9f3683/Monte_Claro.zip
Monte Claro;153,66999999999405;153,53999999999405;1,8155264994349;26,656421420079997;UHE Monte Claro - CAV SNIRH.xlsx;b8f0487a-df73-4f8d-8b22-bb49cf9f3683;https://metadados.snirh.gov.br/files/b8f0487a-df73-4f8d-8b22-bb49cf9f3683/Monte_Claro.zip
Monte Claro;153,67999999999404;153,54999999999404;1,8158933906449999;26,674578065103;UHE Monte Claro - CAV SNIRH.xlsx;b8f0487a-df73-4f8d-8b22-bb49cf9f3683;https://metadados.snirh.gov.br/files/b8f0487a-df73-4f8d-8b22-bb49cf9f3683/Monte_Claro.zip
Monte Claro;153,68999999999403;153,55999999999403;1,8162604084093998;26,69273804842;UHE Monte Claro - CAV SNIRH.xlsx;b8f0487a-df73-4f8d-8b22-bb49cf9f3683;https://metadados.snirh.gov.br/files/b8f0487a-df73-4f8d-8b22-bb49cf9f3683/Monte_Claro.zip
Monte Claro;153,69999999999402;153,56999999999402;1,8166274520791998;26,710903166517998;UHE Monte Claro - CAV SNIRH.xlsx;b8f0487a-df73-4f8d-8b22-bb49cf9f3683;https://metadados.snirh.gov.br/files/b8f0487a-df73-4f8d-8b22-bb49cf9f3683/Monte_Claro.zip
Monte Claro;153,709999999994;153,57999999999402;1,8169944617021998;26,729070896531002;UHE Monte Claro - CAV SNIRH.xlsx;b8f0487a-df73-4f8d-8b22-bb49cf9f3683;https://metadados.snirh.gov.br/files/b8f0487a-df73-4f8d-8b22-bb49cf9f3683/Monte_Claro.zip
Monte Claro;153,719999999994;153,589999999994;1,817361369926;26,747242791372003;UHE Monte Claro - CAV SNIRH.xlsx;b8f0487a-df73-4f8d-8b22-bb49cf9f3683;https://metadados.snirh.gov.br/files/b8f0487a-df73-4f8d-8b22-bb49cf9f3683/Monte_Claro.zip
Monte Claro;153,729999999994;153,599999999994;1,8177283006912;26,765418893236;UHE Monte Claro - CAV SNIRH.xlsx;b8f0487a-df73-4f8d-8b22-bb49cf9f3683;https://metadados.snirh.gov.br/files/b8f0487a-df73-4f8d-8b22-bb49cf9f3683/Monte_Claro.zip
Monte Claro;153,73999999999398;153,609999999994;1,8180952142082;26,783598781753;UHE Monte Claro - CAV SNIRH.xlsx;b8f0487a-df73-4f8d-8b22-bb49cf9f3683;https://metadados.snirh.gov.br/files/b8f0487a-df73-4f8d-8b22-bb49cf9f3683/Monte_Claro.zip
Monte Claro;153,74999999999397;153,61999999999398;1,8184621330033999;26,801782435674998;UHE Monte Claro - CAV SNIRH.xlsx;b8f0487a-df73-4f8d-8b22-bb49cf9f3683;https://metadados.snirh.gov.br/files/b8f0487a-df73-4f8d-8b22-bb49cf9f3683/Monte_Claro.zip
Monte Claro;153,75999999999397;153,62999999999397;1,8188290989226001;26,81996916816;UHE Monte Claro - CAV SNIRH.xlsx;b8f0487a-df73-4f8d-8b22-bb49cf9f3683;https://metadados.snirh.gov.br/files/b8f0487a-df73-4f8d-8b22-bb49cf9f3683/Monte_Claro.zip
Monte Claro;153,76999999999396;153,63999999999396;1,8191961103437;26,838159376876998;UHE Monte Claro - CAV SNIRH.xlsx;b8f0487a-df73-4f8d-8b22-bb49cf9f3683;https://metadados.snirh.gov.br/files/b8f0487a-df73-4f8d-8b22-bb49cf9f3683/Monte_Claro.zip
Monte Claro;153,77999999999395;153,64999999999395;1,8195631821155;26,856353211927;UHE Monte Claro - CAV SNIRH.xlsx;b8f0487a-df73-4f8d-8b22-bb49cf9f3683;https://metadados.snirh.gov.br/files/b8f0487a-df73-4f8d-8b22-bb49cf9f3683/Monte_Claro.zip
Monte Claro;153,78999999999394;153,65999999999394;1,8199302662899999;26,874549935538003;UHE Monte Claro - CAV SNIRH.xlsx;b8f0487a-df73-4f8d-8b22-bb49cf9f3683;https://metadados.snirh.gov.br/files/b8f0487a-df73-4f8d-8b22-bb49cf9f3683/Monte_Claro.zip
Monte Claro;153,79999999999393;153,66999999999393;1,8202974253607;26,892750171768;UHE Monte Claro - CAV SNIRH.xlsx;b8f0487a-df73-4f8d-8b22-bb49cf9f3683;https://metadados.snirh.gov.br/files/b8f0487a-df73-4f8d-8b22-bb49cf9f3683/Monte_Claro.zip
Monte Claro;153,80999999999392;153,67999999999392;1,8206645948129;26,910954397682;UHE Monte Claro - CAV SNIRH.xlsx;b8f0487a-df73-4f8d-8b22-bb49cf9f3683;https://metadados.snirh.gov.br/files/b8f0487a-df73-4f8d-8b22-bb49cf9f3683/Monte_Claro.zip
Monte Claro;153,8199999999939;153,68999999999392;1,8210317561786;26,92916412101;UHE Monte Claro - CAV SNIRH.xlsx;b8f0487a-df73-4f8d-8b22-bb49cf9f3683;https://metadados.snirh.gov.br/files/b8f0487a-df73-4f8d-8b22-bb49cf9f3683/Monte_Claro.zip
Monte Claro;153,8299999999939;153,6999999999939;1,8213989314961;26,947375675988997;UHE Monte Claro - CAV SNIRH.xlsx;b8f0487a-df73-4f8d-8b22-bb49cf9f3683;https://metadados.snirh.gov.br/files/b8f0487a-df73-4f8d-8b22-bb49cf9f3683/Monte_Claro.zip
Monte Claro;153,8399999999939;153,7099999999939;1,8217661687181999;26,965591251936;UHE Monte Claro - CAV SNIRH.xlsx;b8f0487a-df73-4f8d-8b22-bb49cf9f3683;https://metadados.snirh.gov.br/files/b8f0487a-df73-4f8d-8b22-bb49cf9f3683/Monte_Claro.zip
Monte Claro;153,84999999999388;153,7199999999939;1,8221333901452998;26,983810233823;UHE Monte Claro - CAV SNIRH.xlsx;b8f0487a-df73-4f8d-8b22-bb49cf9f3683;https://metadados.snirh.gov.br/files/b8f0487a-df73-4f8d-8b22-bb49cf9f3683/Monte_Claro.zip
Monte Claro;153,85999999999387;153,72999999999388;1,8225005690748999;27,002032667098;UHE Monte Claro - CAV SNIRH.xlsx;b8f0487a-df73-4f8d-8b22-bb49cf9f3683;https://metadados.snirh.gov.br/files/b8f0487a-df73-4f8d-8b22-bb49cf9f3683/Monte_Claro.zip
Monte Claro;153,86999999999387;153,73999999999387;1,8228677443005;27,02025959989;UHE Monte Claro - CAV SNIRH.xlsx;b8f0487a-df73-4f8d-8b22-bb49cf9f3683;https://metadados.snirh.gov.br/files/b8f0487a-df73-4f8d-8b22-bb49cf9f3683/Monte_Claro.zip
Monte Claro;153,87999999999386;153,74999999999386;1,8232349358433;27,038490089532;UHE Monte Claro - CAV SNIRH.xlsx;b8f0487a-df73-4f8d-8b22-bb49cf9f3683;https://metadados.snirh.gov.br/files/b8f0487a-df73-4f8d-8b22-bb49cf9f3683/Monte_Claro.zip
Monte Claro;153,88999999999385;153,75999999999385;1,8236022025776;27,056724622182;UHE Monte Claro - CAV SNIRH.xlsx;b8f0487a-df73-4f8d-8b22-bb49cf9f3683;https://metadados.snirh.gov.br/files/b8f0487a-df73-4f8d-8b22-bb49cf9f3683/Monte_Claro.zip
Monte Claro;153,89999999999384;153,76999999999384;1,8239695541677998;27,074962140767997;UHE Monte Claro - CAV SNIRH.xlsx;b8f0487a-df73-4f8d-8b22-bb49cf9f3683;https://metadados.snirh.gov.br/files/b8f0487a-df73-4f8d-8b22-bb49cf9f3683/Monte_Claro.zip
Monte Claro;153,90999999999383;153,77999999999383;1,8243370294516001;27,093204176729;UHE Monte Claro - CAV SNIRH.xlsx;b8f0487a-df73-4f8d-8b22-bb49cf9f3683;https://metadados.snirh.gov.br/files/b8f0487a-df73-4f8d-8b22-bb49cf9f3683/Monte_Claro.zip
Monte Claro;153,91999999999382;153,78999999999382;1,8247046576535;27,111448785165997;UHE Monte Claro - CAV SNIRH.xlsx;b8f0487a-df73-4f8d-8b22-bb49cf9f3683;https://metadados.snirh.gov.br/files/b8f0487a-df73-4f8d-8b22-bb49cf9f3683/Monte_Claro.zip
Monte Claro;153,9299999999938;153,79999999999382;1,8250723468759;27,129697651584;UHE Monte Claro - CAV SNIRH.xlsx;b8f0487a-df73-4f8d-8b22-bb49cf9f3683;https://metadados.snirh.gov.br/files/b8f0487a-df73-4f8d-8b22-bb49cf9f3683/Monte_Claro.zip
Monte Claro;153,9399999999938;153,8099999999938;1,8254401247957;27,147950245674;UHE Monte Claro - CAV SNIRH.xlsx;b8f0487a-df73-4f8d-8b22-bb49cf9f3683;https://metadados.snirh.gov.br/files/b8f0487a-df73-4f8d-8b22-bb49cf9f3683/Monte_Claro.zip
Monte Claro;153,9499999999938;153,8199999999938;1,8258079863235999;27,166207187594;UHE Monte Claro - CAV SNIRH.xlsx;b8f0487a-df73-4f8d-8b22-bb49cf9f3683;https://metadados.snirh.gov.br/files/b8f0487a-df73-4f8d-8b22-bb49cf9f3683/Monte_Claro.zip
Monte Claro;153,95999999999378;153,8299999999938;1,8261758993627;27,184467344251;UHE Monte Claro - CAV SNIRH.xlsx;b8f0487a-df73-4f8d-8b22-bb49cf9f3683;https://metadados.snirh.gov.br/files/b8f0487a-df73-4f8d-8b22-bb49cf9f3683/Monte_Claro.zip
Monte Claro;153,96999999999377;153,83999999999378;1,8265438708734;27,202730715101;UHE Monte Claro - CAV SNIRH.xlsx;b8f0487a-df73-4f8d-8b22-bb49cf9f3683;https://metadados.snirh.gov.br/files/b8f0487a-df73-4f8d-8b22-bb49cf9f3683/Monte_Claro.zip
Monte Claro;153,97999999999377;153,84999999999377;1,8269119513087;27,220996964607;UHE Monte Claro - CAV SNIRH.xlsx;b8f0487a-df73-4f8d-8b22-bb49cf9f3683;https://metadados.snirh.gov.br/files/b8f0487a-df73-4f8d-8b22-bb49cf9f3683/Monte_Claro.zip
Monte Claro;153,98999999999376;153,85999999999376;1,8272800891714;27,239269107818;UHE Monte Claro - CAV SNIRH.xlsx;b8f0487a-df73-4f8d-8b22-bb49cf9f3683;https://metadados.snirh.gov.br/files/b8f0487a-df73-4f8d-8b22-bb49cf9f3683/Monte_Claro.zip
Monte Claro;153,99999999999375;153,86999999999375;1,8276482345990002;27,257542636413;UHE Monte Claro - CAV SNIRH.xlsx;b8f0487a-df73-4f8d-8b22-bb49cf9f3683;https://metadados.snirh.gov.br/files/b8f0487a-df73-4f8d-8b22-bb49cf9f3683/Monte_Claro.zip
Monte Claro;154,00999999999374;153,87999999999374;1,8280164701447;27,275821083217;UHE Monte Claro - CAV SNIRH.xlsx;b8f0487a-df73-4f8d-8b22-bb49cf9f3683;https://metadados.snirh.gov.br/files/b8f0487a-df73-4f8d-8b22-bb49cf9f3683/Monte_Claro.zip
Monte Claro;154,01999999999373;153,88999999999373;1,8283848120734998;27,294103394359997;UHE Monte Claro - CAV SNIRH.xlsx;b8f0487a-df73-4f8d-8b22-bb49cf9f3683;https://metadados.snirh.gov.br/files/b8f0487a-df73-4f8d-8b22-bb49cf9f3683/Monte_Claro.zip
Monte Claro;154,02999999999372;153,89999999999372;1,8287532554793;27,312388904725;UHE Monte Claro - CAV SNIRH.xlsx;b8f0487a-df73-4f8d-8b22-bb49cf9f3683;https://metadados.snirh.gov.br/files/b8f0487a-df73-4f8d-8b22-bb49cf9f3683/Monte_Claro.zip
Monte Claro;154,0399999999937;153,90999999999372;1,8291217710760002;27,330678739251;UHE Monte Claro - CAV SNIRH.xlsx;b8f0487a-df73-4f8d-8b22-bb49cf9f3683;https://metadados.snirh.gov.br/files/b8f0487a-df73-4f8d-8b22-bb49cf9f3683/Monte_Claro.zip
Monte Claro;154,0499999999937;153,9199999999937;1,8294903661225999;27,348972329174;UHE Monte Claro - CAV SNIRH.xlsx;b8f0487a-df73-4f8d-8b22-bb49cf9f3683;https://metadados.snirh.gov.br/files/b8f0487a-df73-4f8d-8b22-bb49cf9f3683/Monte_Claro.zip
Monte Claro;154,0599999999937;153,9299999999937;1,829859116053;27,367269105917;UHE Monte Claro - CAV SNIRH.xlsx;b8f0487a-df73-4f8d-8b22-bb49cf9f3683;https://metadados.snirh.gov.br/files/b8f0487a-df73-4f8d-8b22-bb49cf9f3683/Monte_Claro.zip
Monte Claro;154,06999999999368;153,9399999999937;1,8302279924087002;27,385569425148;UHE Monte Claro - CAV SNIRH.xlsx;b8f0487a-df73-4f8d-8b22-bb49cf9f3683;https://metadados.snirh.gov.br/files/b8f0487a-df73-4f8d-8b22-bb49cf9f3683/Monte_Claro.zip
Monte Claro;154,07999999999367;153,94999999999368;1,8305969925122;27,403873770517;UHE Monte Claro - CAV SNIRH.xlsx;b8f0487a-df73-4f8d-8b22-bb49cf9f3683;https://metadados.snirh.gov.br/files/b8f0487a-df73-4f8d-8b22-bb49cf9f3683/Monte_Claro.zip
Monte Claro;154,08999999999367;153,95999999999367;1,8309661938936;27,422181151868998;UHE Monte Claro - CAV SNIRH.xlsx;b8f0487a-df73-4f8d-8b22-bb49cf9f3683;https://metadados.snirh.gov.br/files/b8f0487a-df73-4f8d-8b22-bb49cf9f3683/Monte_Claro.zip
Monte Claro;154,09999999999366;153,96999999999366;1,8313356151178;27,440492440868002;UHE Monte Claro - CAV SNIRH.xlsx;b8f0487a-df73-4f8d-8b22-bb49cf9f3683;https://metadados.snirh.gov.br/files/b8f0487a-df73-4f8d-8b22-bb49cf9f3683/Monte_Claro.zip
Monte Claro;154,10999999999365;153,97999999999365;1,8317051393033001;27,458807316065;UHE Monte Claro - CAV SNIRH.xlsx;b8f0487a-df73-4f8d-8b22-bb49cf9f3683;https://metadados.snirh.gov.br/files/b8f0487a-df73-4f8d-8b22-bb49cf9f3683/Monte_Claro.zip
Monte Claro;154,11999999999364;153,98999999999364;1,8320747347854;27,477126592542998;UHE Monte Claro - CAV SNIRH.xlsx;b8f0487a-df73-4f8d-8b22-bb49cf9f3683;https://metadados.snirh.gov.br/files/b8f0487a-df73-4f8d-8b22-bb49cf9f3683/Monte_Claro.zip
Monte Claro;154,12999999999363;153,99999999999363;1,8324443371776;27,495450291194;UHE Monte Claro - CAV SNIRH.xlsx;b8f0487a-df73-4f8d-8b22-bb49cf9f3683;https://metadados.snirh.gov.br/files/b8f0487a-df73-4f8d-8b22-bb49cf9f3683/Monte_Claro.zip
Monte Claro;154,13999999999362;154,00999999999362;1,832814185858;27,513776606807;UHE Monte Claro - CAV SNIRH.xlsx;b8f0487a-df73-4f8d-8b22-bb49cf9f3683;https://metadados.snirh.gov.br/files/b8f0487a-df73-4f8d-8b22-bb49cf9f3683/Monte_Claro.zip
Monte Claro;154,1499999999936;154,01999999999362;1,8331842427360001;27,532106480196;UHE Monte Claro - CAV SNIRH.xlsx;b8f0487a-df73-4f8d-8b22-bb49cf9f3683;https://metadados.snirh.gov.br/files/b8f0487a-df73-4f8d-8b22-bb49cf9f3683/Monte_Claro.zip
Monte Claro;154,1599999999936;154,0299999999936;1,8335544697197002;27,550440348827998;UHE Monte Claro - CAV SNIRH.xlsx;b8f0487a-df73-4f8d-8b22-bb49cf9f3683;https://metadados.snirh.gov.br/files/b8f0487a-df73-4f8d-8b22-bb49cf9f3683/Monte_Claro.zip
Monte Claro;154,1699999999936;154,0399999999936;1,8339248526425;27,568777772136;UHE Monte Claro - CAV SNIRH.xlsx;b8f0487a-df73-4f8d-8b22-bb49cf9f3683;https://metadados.snirh.gov.br/files/b8f0487a-df73-4f8d-8b22-bb49cf9f3683/Monte_Claro.zip
Monte Claro;154,17999999999358;154,0499999999936;1,834295446171;27,587118434778002;UHE Monte Claro - CAV SNIRH.xlsx;b8f0487a-df73-4f8d-8b22-bb49cf9f3683;https://metadados.snirh.gov.br/files/b8f0487a-df73-4f8d-8b22-bb49cf9f3683/Monte_Claro.zip
Monte Claro;154,18999999999357;154,05999999999358;1,8346662409031;27,605463183132997;UHE Monte Claro - CAV SNIRH.xlsx;b8f0487a-df73-4f8d-8b22-bb49cf9f3683;https://metadados.snirh.gov.br/files/b8f0487a-df73-4f8d-8b22-bb49cf9f3683/Monte_Claro.zip
Monte Claro;154,19999999999357;154,06999999999357;1,8350371855262002;27,623811754902;UHE Monte Claro - CAV SNIRH.xlsx;b8f0487a-df73-4f8d-8b22-bb49cf9f3683;https://metadados.snirh.gov.br/files/b8f0487a-df73-4f8d-8b22-bb49cf9f3683/Monte_Claro.zip
Monte Claro;154,20999999999356;154,07999999999356;1,8354082512842;27,642163626881;UHE Monte Claro - CAV SNIRH.xlsx;b8f0487a-df73-4f8d-8b22-bb49cf9f3683;https://metadados.snirh.gov.br/files/b8f0487a-df73-4f8d-8b22-bb49cf9f3683/Monte_Claro.zip
Monte Claro;154,21999999999355;154,08999999999355;1,8357797510212999;27,660520599017;UHE Monte Claro - CAV SNIRH.xlsx;b8f0487a-df73-4f8d-8b22-bb49cf9f3683;https://metadados.snirh.gov.br/files/b8f0487a-df73-4f8d-8b22-bb49cf9f3683/Monte_Claro.zip
Monte Claro;154,22999999999354;154,09999999999354;1,8361516196192;27,678880004333998;UHE Monte Claro - CAV SNIRH.xlsx;b8f0487a-df73-4f8d-8b22-bb49cf9f3683;https://metadados.snirh.gov.br/files/b8f0487a-df73-4f8d-8b22-bb49cf9f3683/Monte_Claro.zip
Monte Claro;154,23999999999353;154,10999999999353;1,8365237730621;27,697243362098;UHE Monte Claro - CAV SNIRH.xlsx;b8f0487a-df73-4f8d-8b22-bb49cf9f3683;https://metadados.snirh.gov.br/files/b8f0487a-df73-4f8d-8b22-bb49cf9f3683/Monte_Claro.zip
Monte Claro;154,24999999999352;154,11999999999352;1,8368961072903;27,715611030252;UHE Monte Claro - CAV SNIRH.xlsx;b8f0487a-df73-4f8d-8b22-bb49cf9f3683;https://metadados.snirh.gov.br/files/b8f0487a-df73-4f8d-8b22-bb49cf9f3683/Monte_Claro.zip
Monte Claro;154,2599999999935;154,12999999999352;1,8372686572431;27,733981538393;UHE Monte Claro - CAV SNIRH.xlsx;b8f0487a-df73-4f8d-8b22-bb49cf9f3683;https://metadados.snirh.gov.br/files/b8f0487a-df73-4f8d-8b22-bb49cf9f3683/Monte_Claro.zip
Monte Claro;154,2699999999935;154,1399999999935;1,8376414128159;27,75235583767;UHE Monte Claro - CAV SNIRH.xlsx;b8f0487a-df73-4f8d-8b22-bb49cf9f3683;https://metadados.snirh.gov.br/files/b8f0487a-df73-4f8d-8b22-bb49cf9f3683/Monte_Claro.zip
Monte Claro;154,2799999999935;154,1499999999935;1,8380144700131;27,770734251508003;UHE Monte Claro - CAV SNIRH.xlsx;b8f0487a-df73-4f8d-8b22-bb49cf9f3683;https://metadados.snirh.gov.br/files/b8f0487a-df73-4f8d-8b22-bb49cf9f3683/Monte_Claro.zip
Monte Claro;154,28999999999348;154,1599999999935;1,8383882874509;27,789116301511;UHE Monte Claro - CAV SNIRH.xlsx;b8f0487a-df73-4f8d-8b22-bb49cf9f3683;https://metadados.snirh.gov.br/files/b8f0487a-df73-4f8d-8b22-bb49cf9f3683/Monte_Claro.zip
Monte Claro;154,29999999999347;154,16999999999348;1,8387627462108;27,807501274438998;UHE Monte Claro - CAV SNIRH.xlsx;b8f0487a-df73-4f8d-8b22-bb49cf9f3683;https://metadados.snirh.gov.br/files/b8f0487a-df73-4f8d-8b22-bb49cf9f3683/Monte_Claro.zip
Monte Claro;154,30999999999347;154,17999999999347;1,8391376733131;27,825890041148;UHE Monte Claro - CAV SNIRH.xlsx;b8f0487a-df73-4f8d-8b22-bb49cf9f3683;https://metadados.snirh.gov.br/files/b8f0487a-df73-4f8d-8b22-bb49cf9f3683/Monte_Claro.zip
Monte Claro;154,31999999999346;154,18999999999346;1,8395130800249;27,844282310261;UHE Monte Claro - CAV SNIRH.xlsx;b8f0487a-df73-4f8d-8b22-bb49cf9f3683;https://metadados.snirh.gov.br/files/b8f0487a-df73-4f8d-8b22-bb49cf9f3683/Monte_Claro.zip
Monte Claro;154,32999999999345;154,19999999999345;1,8398888818006;27,862679214830997;UHE Monte Claro - CAV SNIRH.xlsx;b8f0487a-df73-4f8d-8b22-bb49cf9f3683;https://metadados.snirh.gov.br/files/b8f0487a-df73-4f8d-8b22-bb49cf9f3683/Monte_Claro.zip
Monte Claro;154,33999999999344;154,20999999999344;1,8402650921935;27,881079796102;UHE Monte Claro - CAV SNIRH.xlsx;b8f0487a-df73-4f8d-8b22-bb49cf9f3683;https://metadados.snirh.gov.br/files/b8f0487a-df73-4f8d-8b22-bb49cf9f3683/Monte_Claro.zip
Monte Claro;154,34999999999343;154,21999999999343;1,8406423870055;27,899484038287;UHE Monte Claro - CAV SNIRH.xlsx;b8f0487a-df73-4f8d-8b22-bb49cf9f3683;https://metadados.snirh.gov.br/files/b8f0487a-df73-4f8d-8b22-bb49cf9f3683/Monte_Claro.zip
Monte Claro;154,35999999999342;154,22999999999342;1,8410210681199999;27,917892435193;UHE Monte Claro - CAV SNIRH.xlsx;b8f0487a-df73-4f8d-8b22-bb49cf9f3683;https://metadados.snirh.gov.br/files/b8f0487a-df73-4f8d-8b22-bb49cf9f3683/Monte_Claro.zip
Monte Claro;154,3699999999934;154,23999999999342;1,8414005863904999;27,936305198537;UHE Monte Claro - CAV SNIRH.xlsx;b8f0487a-df73-4f8d-8b22-bb49cf9f3683;https://metadados.snirh.gov.br/files/b8f0487a-df73-4f8d-8b22-bb49cf9f3683/Monte_Claro.zip
Monte Claro;154,3799999999934;154,2499999999934;1,8417807373548;27,954721592096;UHE Monte Claro - CAV SNIRH.xlsx;b8f0487a-df73-4f8d-8b22-bb49cf9f3683;https://metadados.snirh.gov.br/files/b8f0487a-df73-4f8d-8b22-bb49cf9f3683/Monte_Claro.zip
Monte Claro;154,3899999999934;154,2599999999934;1,8421625268888;27,973142241319;UHE Monte Claro - CAV SNIRH.xlsx;b8f0487a-df73-4f8d-8b22-bb49cf9f3683;https://metadados.snirh.gov.br/files/b8f0487a-df73-4f8d-8b22-bb49cf9f3683/Monte_Claro.zip
Monte Claro;154,39999999999338;154,2699999999934;1,8425471918599001;27,991564708347;UHE Monte Claro - CAV SNIRH.xlsx;b8f0487a-df73-4f8d-8b22-bb49cf9f3683;https://metadados.snirh.gov.br/files/b8f0487a-df73-4f8d-8b22-bb49cf9f3683/Monte_Claro.zip
Monte Claro;154,40999999999337;154,27999999999338;1,842935090396;28,009992516375;UHE Monte Claro - CAV SNIRH.xlsx;b8f0487a-df73-4f8d-8b22-bb49cf9f3683;https://metadados.snirh.gov.br/files/b8f0487a-df73-4f8d-8b22-bb49cf9f3683/Monte_Claro.zip
Monte Claro;154,41999999999337;154,28999999999337;1,8433325091502;28,028423952615;UHE Monte Claro - CAV SNIRH.xlsx;b8f0487a-df73-4f8d-8b22-bb49cf9f3683;https://metadados.snirh.gov.br/files/b8f0487a-df73-4f8d-8b22-bb49cf9f3683/Monte_Claro.zip
Monte Claro;154,42999999999336;154,29999999999336;1,8437280084566;28,046861105185;UHE Monte Claro - CAV SNIRH.xlsx;b8f0487a-df73-4f8d-8b22-bb49cf9f3683;https://metadados.snirh.gov.br/files/b8f0487a-df73-4f8d-8b22-bb49cf9f3683/Monte_Claro.zip
Monte Claro;154,43999999999335;154,30999999999335;1,8441150088336;28,065300388372002;UHE Monte Claro - CAV SNIRH.xlsx;b8f0487a-df73-4f8d-8b22-bb49cf9f3683;https://metadados.snirh.gov.br/files/b8f0487a-df73-4f8d-8b22-bb49cf9f3683/Monte_Claro.zip
Monte Claro;154,44999999999334;154,31999999999334;1,844499342812;28,0837430412;UHE Monte Claro - CAV SNIRH.xlsx;b8f0487a-df73-4f8d-8b22-bb49cf9f3683;https://metadados.snirh.gov.br/files/b8f0487a-df73-4f8d-8b22-bb49cf9f3683/Monte_Claro.zip
Monte Claro;154,45999999999333;154,32999999999333;1,8448811334623;28,102189789142002;UHE Monte Claro - CAV SNIRH.xlsx;b8f0487a-df73-4f8d-8b22-bb49cf9f3683;https://metadados.snirh.gov.br/files/b8f0487a-df73-4f8d-8b22-bb49cf9f3683/Monte_Claro.zip
Monte Claro;154,46999999999332;154,33999999999332;1,8452612870857001;28,120640734943;UHE Monte Claro - CAV SNIRH.xlsx;b8f0487a-df73-4f8d-8b22-bb49cf9f3683;https://metadados.snirh.gov.br/files/b8f0487a-df73-4f8d-8b22-bb49cf9f3683/Monte_Claro.zip
Monte Claro;154,4799999999933;154,34999999999332;1,8456405206379;28,13909577744;UHE Monte Claro - CAV SNIRH.xlsx;b8f0487a-df73-4f8d-8b22-bb49cf9f3683;https://metadados.snirh.gov.br/files/b8f0487a-df73-4f8d-8b22-bb49cf9f3683/Monte_Claro.zip
Monte Claro;154,4899999999933;154,3599999999933;1,8460184969608;28,157555018208;UHE Monte Claro - CAV SNIRH.xlsx;b8f0487a-df73-4f8d-8b22-bb49cf9f3683;https://metadados.snirh.gov.br/files/b8f0487a-df73-4f8d-8b22-bb49cf9f3683/Monte_Claro.zip
Monte Claro;154,4999999999933;154,3699999999933;1,8463955404287;28,176017122722;UHE Monte Claro - CAV SNIRH.xlsx;b8f0487a-df73-4f8d-8b22-bb49cf9f3683;https://metadados.snirh.gov.br/files/b8f0487a-df73-4f8d-8b22-bb49cf9f3683/Monte_Claro.zip
Monte Claro;154,50999999999328;154,3799999999933;1,8467719246427998;28,194483019816;UHE Monte Claro - CAV SNIRH.xlsx;b8f0487a-df73-4f8d-8b22-bb49cf9f3683;https://metadados.snirh.gov.br/files/b8f0487a-df73-4f8d-8b22-bb49cf9f3683/Monte_Claro.zip
Monte Claro;154,51999999999327;154,38999999999328;1,8471474116903002;28,212952973165002;UHE Monte Claro - CAV SNIRH.xlsx;b8f0487a-df73-4f8d-8b22-bb49cf9f3683;https://metadados.snirh.gov.br/files/b8f0487a-df73-4f8d-8b22-bb49cf9f3683/Monte_Claro.zip
Monte Claro;154,52999999999327;154,39999999999327;1,8475222179351;28,231426445866;UHE Monte Claro - CAV SNIRH.xlsx;b8f0487a-df73-4f8d-8b22-bb49cf9f3683;https://metadados.snirh.gov.br/files/b8f0487a-df73-4f8d-8b22-bb49cf9f3683/Monte_Claro.zip
Monte Claro;154,53999999999326;154,40999999999326;1,8478963143253;28,249903254496;UHE Monte Claro - CAV SNIRH.xlsx;b8f0487a-df73-4f8d-8b22-bb49cf9f3683;https://metadados.snirh.gov.br/files/b8f0487a-df73-4f8d-8b22-bb49cf9f3683/Monte_Claro.zip
Monte Claro;154,54999999999325;154,41999999999325;1,8482697292983001;28,26838491742;UHE Monte Claro - CAV SNIRH.xlsx;b8f0487a-df73-4f8d-8b22-bb49cf9f3683;https://metadados.snirh.gov.br/files/b8f0487a-df73-4f8d-8b22-bb49cf9f3683/Monte_Claro.zip
Monte Claro;154,55999999999324;154,42999999999324;1,8486426949254;28,28686899402;UHE Monte Claro - CAV SNIRH.xlsx;b8f0487a-df73-4f8d-8b22-bb49cf9f3683;https://metadados.snirh.gov.br/files/b8f0487a-df73-4f8d-8b22-bb49cf9f3683/Monte_Claro.zip
Monte Claro;154,56999999999323;154,43999999999323;1,8490153384016;28,305358210852003;UHE Monte Claro - CAV SNIRH.xlsx;b8f0487a-df73-4f8d-8b22-bb49cf9f3683;https://metadados.snirh.gov.br/files/b8f0487a-df73-4f8d-8b22-bb49cf9f3683/Monte_Claro.zip
Monte Claro;154,57999999999322;154,44999999999322;1,8493876546273;28,323850720489;UHE Monte Claro - CAV SNIRH.xlsx;b8f0487a-df73-4f8d-8b22-bb49cf9f3683;https://metadados.snirh.gov.br/files/b8f0487a-df73-4f8d-8b22-bb49cf9f3683/Monte_Claro.zip
Monte Claro;154,5899999999932;154,45999999999322;1,8497595921332;28,342345972847;UHE Monte Claro - CAV SNIRH.xlsx;b8f0487a-df73-4f8d-8b22-bb49cf9f3683;https://metadados.snirh.gov.br/files/b8f0487a-df73-4f8d-8b22-bb49cf9f3683/Monte_Claro.zip
Monte Claro;154,5999999999932;154,4699999999932;1,850131054975;28,360845443389;UHE Monte Claro - CAV SNIRH.xlsx;b8f0487a-df73-4f8d-8b22-bb49cf9f3683;https://metadados.snirh.gov.br/files/b8f0487a-df73-4f8d-8b22-bb49cf9f3683/Monte_Claro.zip
Monte Claro;154,6099999999932;154,4799999999932;1,8505021411724;28,379348767758;UHE Monte Claro - CAV SNIRH.xlsx;b8f0487a-df73-4f8d-8b22-bb49cf9f3683;https://metadados.snirh.gov.br/files/b8f0487a-df73-4f8d-8b22-bb49cf9f3683/Monte_Claro.zip
Monte Claro;154,61999999999318;154,4899999999932;1,8508728590681;28,397855108523;UHE Monte Claro - CAV SNIRH.xlsx;b8f0487a-df73-4f8d-8b22-bb49cf9f3683;https://metadados.snirh.gov.br/files/b8f0487a-df73-4f8d-8b22-bb49cf9f3683/Monte_Claro.zip
Monte Claro;154,62999999999317;154,49999999999318;1,8512432530149001;28,416364988545002;UHE Monte Claro - CAV SNIRH.xlsx;b8f0487a-df73-4f8d-8b22-bb49cf9f3683;https://metadados.snirh.gov.br/files/b8f0487a-df73-4f8d-8b22-bb49cf9f3683/Monte_Claro.zip
Monte Claro;154,63999999999317;154,50999999999317;1,8516133499931;28,434879025152;UHE Monte Claro - CAV SNIRH.xlsx;b8f0487a-df73-4f8d-8b22-bb49cf9f3683;https://metadados.snirh.gov.br/files/b8f0487a-df73-4f8d-8b22-bb49cf9f3683/Monte_Claro.zip
Monte Claro;154,64999999999316;154,51999999999316;1,8519830865145;28,453396760447;UHE Monte Claro - CAV SNIRH.xlsx;b8f0487a-df73-4f8d-8b22-bb49cf9f3683;https://metadados.snirh.gov.br/files/b8f0487a-df73-4f8d-8b22-bb49cf9f3683/Monte_Claro.zip
Monte Claro;154,65999999999315;154,52999999999315;1,8523524359127;28,471918998681;UHE Monte Claro - CAV SNIRH.xlsx;b8f0487a-df73-4f8d-8b22-bb49cf9f3683;https://metadados.snirh.gov.br/files/b8f0487a-df73-4f8d-8b22-bb49cf9f3683/Monte_Claro.zip
Monte Claro;154,66999999999314;154,53999999999314;1,8527214858982;28,49044436155;UHE Monte Claro - CAV SNIRH.xlsx;b8f0487a-df73-4f8d-8b22-bb49cf9f3683;https://metadados.snirh.gov.br/files/b8f0487a-df73-4f8d-8b22-bb49cf9f3683/Monte_Claro.zip
Monte Claro;154,67999999999313;154,54999999999313;1,8530903100353;28,508973543758;UHE Monte Claro - CAV SNIRH.xlsx;b8f0487a-df73-4f8d-8b22-bb49cf9f3683;https://metadados.snirh.gov.br/files/b8f0487a-df73-4f8d-8b22-bb49cf9f3683/Monte_Claro.zip
Monte Claro;154,68999999999312;154,55999999999312;1,8534589644604;28,52750624064;UHE Monte Claro - CAV SNIRH.xlsx;b8f0487a-df73-4f8d-8b22-bb49cf9f3683;https://metadados.snirh.gov.br/files/b8f0487a-df73-4f8d-8b22-bb49cf9f3683/Monte_Claro.zip
Monte Claro;154,6999999999931;154,56999999999312;1,8538274252498002;28,54604292959;UHE Monte Claro - CAV SNIRH.xlsx;b8f0487a-df73-4f8d-8b22-bb49cf9f3683;https://metadados.snirh.gov.br/files/b8f0487a-df73-4f8d-8b22-bb49cf9f3683/Monte_Claro.zip
Monte Claro;154,7099999999931;154,5799999999931;1,8541956729162998;28,564582738267;UHE Monte Claro - CAV SNIRH.xlsx;b8f0487a-df73-4f8d-8b22-bb49cf9f3683;https://metadados.snirh.gov.br/files/b8f0487a-df73-4f8d-8b22-bb49cf9f3683/Monte_Claro.zip
Monte Claro;154,7199999999931;154,5899999999931;1,8545636947280002;28,583127524948;UHE Monte Claro - CAV SNIRH.xlsx;b8f0487a-df73-4f8d-8b22-bb49cf9f3683;https://metadados.snirh.gov.br/files/b8f0487a-df73-4f8d-8b22-bb49cf9f3683/Monte_Claro.zip
Monte Claro;154,72999999999308;154,5999999999931;1,8549314124193002;28,601675034338;UHE Monte Claro - CAV SNIRH.xlsx;b8f0487a-df73-4f8d-8b22-bb49cf9f3683;https://metadados.snirh.gov.br/files/b8f0487a-df73-4f8d-8b22-bb49cf9f3683/Monte_Claro.zip
Monte Claro;154,73999999999307;154,60999999999308;1,8552989238524;28,62022685255;UHE Monte Claro - CAV SNIRH.xlsx;b8f0487a-df73-4f8d-8b22-bb49cf9f3683;https://metadados.snirh.gov.br/files/b8f0487a-df73-4f8d-8b22-bb49cf9f3683/Monte_Claro.zip
Monte Claro;154,74999999999307;154,61999999999307;1,8556662499027001;28,638781712528;UHE Monte Claro - CAV SNIRH.xlsx;b8f0487a-df73-4f8d-8b22-bb49cf9f3683;https://metadados.snirh.gov.br/files/b8f0487a-df73-4f8d-8b22-bb49cf9f3683/Monte_Claro.zip
Monte Claro;154,75999999999306;154,62999999999306;1,8560334024923;28,657339508093;UHE Monte Claro - CAV SNIRH.xlsx;b8f0487a-df73-4f8d-8b22-bb49cf9f3683;https://metadados.snirh.gov.br/files/b8f0487a-df73-4f8d-8b22-bb49cf9f3683/Monte_Claro.zip
Monte Claro;154,76999999999305;154,63999999999305;1,8564003737608001;28,675901819581;UHE Monte Claro - CAV SNIRH.xlsx;b8f0487a-df73-4f8d-8b22-bb49cf9f3683;https://metadados.snirh.gov.br/files/b8f0487a-df73-4f8d-8b22-bb49cf9f3683/Monte_Claro.zip
Monte Claro;154,77999999999304;154,64999999999304;1,8567672072021;28,694466947814;UHE Monte Claro - CAV SNIRH.xlsx;b8f0487a-df73-4f8d-8b22-bb49cf9f3683;https://metadados.snirh.gov.br/files/b8f0487a-df73-4f8d-8b22-bb49cf9f3683/Monte_Claro.zip
Monte Claro;154,78999999999303;154,65999999999303;1,8571338675299;28,713036028668;UHE Monte Claro - CAV SNIRH.xlsx;b8f0487a-df73-4f8d-8b22-bb49cf9f3683;https://metadados.snirh.gov.br/files/b8f0487a-df73-4f8d-8b22-bb49cf9f3683/Monte_Claro.zip
Monte Claro;154,79999999999302;154,66999999999302;1,8575003145776;28,731608552319003;UHE Monte Claro - CAV SNIRH.xlsx;b8f0487a-df73-4f8d-8b22-bb49cf9f3683;https://metadados.snirh.gov.br/files/b8f0487a-df73-4f8d-8b22-bb49cf9f3683/Monte_Claro.zip
Monte Claro;154,809999999993;154,67999999999302;1,8578665513426;28,750185912347;UHE Monte Claro - CAV SNIRH.xlsx;b8f0487a-df73-4f8d-8b22-bb49cf9f3683;https://metadados.snirh.gov.br/files/b8f0487a-df73-4f8d-8b22-bb49cf9f3683/Monte_Claro.zip
Monte Claro;154,819999999993;154,689999999993;1,8582325985007;28,768766494417;UHE Monte Claro - CAV SNIRH.xlsx;b8f0487a-df73-4f8d-8b22-bb49cf9f3683;https://metadados.snirh.gov.br/files/b8f0487a-df73-4f8d-8b22-bb49cf9f3683/Monte_Claro.zip
Monte Claro;154,829999999993;154,699999999993;1,8585985014881998;28,787350135727;UHE Monte Claro - CAV SNIRH.xlsx;b8f0487a-df73-4f8d-8b22-bb49cf9f3683;https://metadados.snirh.gov.br/files/b8f0487a-df73-4f8d-8b22-bb49cf9f3683/Monte_Claro.zip
Monte Claro;154,83999999999298;154,709999999993;1,8589642463477;28,805938377608;UHE Monte Claro - CAV SNIRH.xlsx;b8f0487a-df73-4f8d-8b22-bb49cf9f3683;https://metadados.snirh.gov.br/files/b8f0487a-df73-4f8d-8b22-bb49cf9f3683/Monte_Claro.zip
Monte Claro;154,84999999999297;154,71999999999298;1,859329831643;28,824530264602;UHE Monte Claro - CAV SNIRH.xlsx;b8f0487a-df73-4f8d-8b22-bb49cf9f3683;https://metadados.snirh.gov.br/files/b8f0487a-df73-4f8d-8b22-bb49cf9f3683/Monte_Claro.zip
Monte Claro;154,85999999999297;154,72999999999297;1,8596952126638;28,843125401558;UHE Monte Claro - CAV SNIRH.xlsx;b8f0487a-df73-4f8d-8b22-bb49cf9f3683;https://metadados.snirh.gov.br/files/b8f0487a-df73-4f8d-8b22-bb49cf9f3683/Monte_Claro.zip
Monte Claro;154,86999999999296;154,73999999999296;1,8600604261197;28,861724131345;UHE Monte Claro - CAV SNIRH.xlsx;b8f0487a-df73-4f8d-8b22-bb49cf9f3683;https://metadados.snirh.gov.br/files/b8f0487a-df73-4f8d-8b22-bb49cf9f3683/Monte_Claro.zip
Monte Claro;154,87999999999295;154,74999999999295;1,8604255300946;28,880326585905;UHE Monte Claro - CAV SNIRH.xlsx;b8f0487a-df73-4f8d-8b22-bb49cf9f3683;https://metadados.snirh.gov.br/files/b8f0487a-df73-4f8d-8b22-bb49cf9f3683/Monte_Claro.zip
Monte Claro;154,88999999999294;154,75999999999294;1,8607905274228;28,898932019262002;UHE Monte Claro - CAV SNIRH.xlsx;b8f0487a-df73-4f8d-8b22-bb49cf9f3683;https://metadados.snirh.gov.br/files/b8f0487a-df73-4f8d-8b22-bb49cf9f3683/Monte_Claro.zip
Monte Claro;154,89999999999293;154,76999999999293;1,8611553965816;28,917543040372;UHE Monte Claro - CAV SNIRH.xlsx;b8f0487a-df73-4f8d-8b22-bb49cf9f3683;https://metadados.snirh.gov.br/files/b8f0487a-df73-4f8d-8b22-bb49cf9f3683/Monte_Claro.zip
Monte Claro;154,90999999999292;154,77999999999292;1,8615201207642;28,936155732168;UHE Monte Claro - CAV SNIRH.xlsx;b8f0487a-df73-4f8d-8b22-bb49cf9f3683;https://metadados.snirh.gov.br/files/b8f0487a-df73-4f8d-8b22-bb49cf9f3683/Monte_Claro.zip
Monte Claro;154,9199999999929;154,78999999999292;1,8618846917857;28,954772504519;UHE Monte Claro - CAV SNIRH.xlsx;b8f0487a-df73-4f8d-8b22-bb49cf9f3683;https://metadados.snirh.gov.br/files/b8f0487a-df73-4f8d-8b22-bb49cf9f3683/Monte_Claro.zip
Monte Claro;154,9299999999929;154,7999999999929;1,8622491331669;28,973393329319002;UHE Monte Claro - CAV SNIRH.xlsx;b8f0487a-df73-4f8d-8b22-bb49cf9f3683;https://metadados.snirh.gov.br/files/b8f0487a-df73-4f8d-8b22-bb49cf9f3683/Monte_Claro.zip
Monte Claro;154,9399999999929;154,8099999999929;1,8626134627541;28,992018530458;UHE Monte Claro - CAV SNIRH.xlsx;b8f0487a-df73-4f8d-8b22-bb49cf9f3683;https://metadados.snirh.gov.br/files/b8f0487a-df73-4f8d-8b22-bb49cf9f3683/Monte_Claro.zip
Monte Claro;154,94999999999288;154,8199999999929;1,8629776917042;29,010647161847;UHE Monte Claro - CAV SNIRH.xlsx;b8f0487a-df73-4f8d-8b22-bb49cf9f3683;https://metadados.snirh.gov.br/files/b8f0487a-df73-4f8d-8b22-bb49cf9f3683/Monte_Claro.zip
Monte Claro;154,95999999999287;154,82999999999288;1,8633418290236001;29,029278397758;UHE Monte Claro - CAV SNIRH.xlsx;b8f0487a-df73-4f8d-8b22-bb49cf9f3683;https://metadados.snirh.gov.br/files/b8f0487a-df73-4f8d-8b22-bb49cf9f3683/Monte_Claro.zip
Monte Claro;154,96999999999287;154,83999999999287;1,8637058835069;29,047913413379;UHE Monte Claro - CAV SNIRH.xlsx;b8f0487a-df73-4f8d-8b22-bb49cf9f3683;https://metadados.snirh.gov.br/files/b8f0487a-df73-4f8d-8b22-bb49cf9f3683/Monte_Claro.zip
Monte Claro;154,97999999999286;154,84999999999286;1,8640698540292;29,066552228385003;UHE Monte Claro - CAV SNIRH.xlsx;b8f0487a-df73-4f8d-8b22-bb49cf9f3683;https://metadados.snirh.gov.br/files/b8f0487a-df73-4f8d-8b22-bb49cf9f3683/Monte_Claro.zip
Monte Claro;154,98999999999285;154,85999999999285;1,8644337367823;29,085194978998;UHE Monte Claro - CAV SNIRH.xlsx;b8f0487a-df73-4f8d-8b22-bb49cf9f3683;https://metadados.snirh.gov.br/files/b8f0487a-df73-4f8d-8b22-bb49cf9f3683/Monte_Claro.zip
Monte Claro;154,99999999999284;154,86999999999284;1,8647975003754;29,103840322467;UHE Monte Claro - CAV SNIRH.xlsx;b8f0487a-df73-4f8d-8b22-bb49cf9f3683;https://metadados.snirh.gov.br/files/b8f0487a-df73-4f8d-8b22-bb49cf9f3683/Monte_Claro.zip
Monte Claro;155,00999999999283;154,87999999999283;1,8651611452996;29,122489865144;UHE Monte Claro - CAV SNIRH.xlsx;b8f0487a-df73-4f8d-8b22-bb49cf9f3683;https://metadados.snirh.gov.br/files/b8f0487a-df73-4f8d-8b22-bb49cf9f3683/Monte_Claro.zip
Monte Claro;155,01999999999282;154,88999999999282;1,8655246172867002;29,141144521565998;UHE Monte Claro - CAV SNIRH.xlsx;b8f0487a-df73-4f8d-8b22-bb49cf9f3683;https://metadados.snirh.gov.br/files/b8f0487a-df73-4f8d-8b22-bb49cf9f3683/Monte_Claro.zip
Monte Claro;155,0299999999928;154,89999999999281;1,8658879438558;29,159802190075;UHE Monte Claro - CAV SNIRH.xlsx;b8f0487a-df73-4f8d-8b22-bb49cf9f3683;https://metadados.snirh.gov.br/files/b8f0487a-df73-4f8d-8b22-bb49cf9f3683/Monte_Claro.zip
Monte Claro;155,0399999999928;154,9099999999928;1,8662511793406;29,178462809621;UHE Monte Claro - CAV SNIRH.xlsx;b8f0487a-df73-4f8d-8b22-bb49cf9f3683;https://metadados.snirh.gov.br/files/b8f0487a-df73-4f8d-8b22-bb49cf9f3683/Monte_Claro.zip
Monte Claro;155,0499999999928;154,9199999999928;1,8666347787478001;29,197127929901;UHE Monte Claro - CAV SNIRH.xlsx;b8f0487a-df73-4f8d-8b22-bb49cf9f3683;https://metadados.snirh.gov.br/files/b8f0487a-df73-4f8d-8b22-bb49cf9f3683/Monte_Claro.zip
Monte Claro;155,05999999999278;154,9299999999928;1,8670234111180999;29,215797481348;UHE Monte Claro - CAV SNIRH.xlsx;b8f0487a-df73-4f8d-8b22-bb49cf9f3683;https://metadados.snirh.gov.br/files/b8f0487a-df73-4f8d-8b22-bb49cf9f3683/Monte_Claro.zip
Monte Claro;155,06999999999277;154,93999999999278;1,8674135296332;29,234469274634;UHE Monte Claro - CAV SNIRH.xlsx;b8f0487a-df73-4f8d-8b22-bb49cf9f3683;https://metadados.snirh.gov.br/files/b8f0487a-df73-4f8d-8b22-bb49cf9f3683/Monte_Claro.zip
Monte Claro;155,07999999999276;154,94999999999277;1,867805939535;29,253146927172;UHE Monte Claro - CAV SNIRH.xlsx;b8f0487a-df73-4f8d-8b22-bb49cf9f3683;https://metadados.snirh.gov.br/files/b8f0487a-df73-4f8d-8b22-bb49cf9f3683/Monte_Claro.zip
Monte Claro;155,08999999999276;154,95999999999276;1,8681985698579;29,271827943031003;UHE Monte Claro - CAV SNIRH.xlsx;b8f0487a-df73-4f8d-8b22-bb49cf9f3683;https://metadados.snirh.gov.br/files/b8f0487a-df73-4f8d-8b22-bb49cf9f3683/Monte_Claro.zip
Monte Claro;155,09999999999275;154,96999999999275;1,8685929010067999;29,290511901829998;UHE Monte Claro - CAV SNIRH.xlsx;b8f0487a-df73-4f8d-8b22-bb49cf9f3683;https://metadados.snirh.gov.br/files/b8f0487a-df73-4f8d-8b22-bb49cf9f3683/Monte_Claro.zip
Monte Claro;155,10999999999274;154,97999999999274;1,8689871663770998;29,30919890366;UHE Monte Claro - CAV SNIRH.xlsx;b8f0487a-df73-4f8d-8b22-bb49cf9f3683;https://metadados.snirh.gov.br/files/b8f0487a-df73-4f8d-8b22-bb49cf9f3683/Monte_Claro.zip
Monte Claro;155,11999999999273;154,98999999999273;1,8693801399664;29,327891654305997;UHE Monte Claro - CAV SNIRH.xlsx;b8f0487a-df73-4f8d-8b22-bb49cf9f3683;https://metadados.snirh.gov.br/files/b8f0487a-df73-4f8d-8b22-bb49cf9f3683/Monte_Claro.zip
Monte Claro;155,12999999999272;154,99999999999272;1,8697729600514;29,346588043243;UHE Monte Claro - CAV SNIRH.xlsx;b8f0487a-df73-4f8d-8b22-bb49cf9f3683;https://metadados.snirh.gov.br/files/b8f0487a-df73-4f8d-8b22-bb49cf9f3683/Monte_Claro.zip
Monte Claro;155,1399999999927;155,00999999999271;1,8701659966878;29,365287760605;UHE Monte Claro - CAV SNIRH.xlsx;b8f0487a-df73-4f8d-8b22-bb49cf9f3683;https://metadados.snirh.gov.br/files/b8f0487a-df73-4f8d-8b22-bb49cf9f3683/Monte_Claro.zip
Monte Claro;155,1499999999927;155,0199999999927;1,8705584020438002;29,383991292141;UHE Monte Claro - CAV SNIRH.xlsx;b8f0487a-df73-4f8d-8b22-bb49cf9f3683;https://metadados.snirh.gov.br/files/b8f0487a-df73-4f8d-8b22-bb49cf9f3683/Monte_Claro.zip
Monte Claro;155,1599999999927;155,0299999999927;1,8709503856771;29,402698788391003;UHE Monte Claro - CAV SNIRH.xlsx;b8f0487a-df73-4f8d-8b22-bb49cf9f3683;https://metadados.snirh.gov.br/files/b8f0487a-df73-4f8d-8b22-bb49cf9f3683/Monte_Claro.zip
Monte Claro;155,16999999999268;155,0399999999927;1,8713416480245002;29,421410135453;UHE Monte Claro - CAV SNIRH.xlsx;b8f0487a-df73-4f8d-8b22-bb49cf9f3683;https://metadados.snirh.gov.br/files/b8f0487a-df73-4f8d-8b22-bb49cf9f3683/Monte_Claro.zip
Monte Claro;155,17999999999267;155,04999999999268;1,8717324611944;29,440125391313;UHE Monte Claro - CAV SNIRH.xlsx;b8f0487a-df73-4f8d-8b22-bb49cf9f3683;https://metadados.snirh.gov.br/files/b8f0487a-df73-4f8d-8b22-bb49cf9f3683/Monte_Claro.zip
Monte Claro;155,18999999999266;155,05999999999267;1,8721232630443;29,458844579612002;UHE Monte Claro - CAV SNIRH.xlsx;b8f0487a-df73-4f8d-8b22-bb49cf9f3683;https://metadados.snirh.gov.br/files/b8f0487a-df73-4f8d-8b22-bb49cf9f3683/Monte_Claro.zip
Monte Claro;155,19999999999266;155,06999999999266;1,8725142299867;29,477567384068003;UHE Monte Claro - CAV SNIRH.xlsx;b8f0487a-df73-4f8d-8b22-bb49cf9f3683;https://metadados.snirh.gov.br/files/b8f0487a-df73-4f8d-8b22-bb49cf9f3683/Monte_Claro.zip
Monte Claro;155,20999999999265;155,07999999999265;1,8729050579470998;29,496294196059;UHE Monte Claro - CAV SNIRH.xlsx;b8f0487a-df73-4f8d-8b22-bb49cf9f3683;https://metadados.snirh.gov.br/files/b8f0487a-df73-4f8d-8b22-bb49cf9f3683/Monte_Claro.zip
Monte Claro;155,21999999999264;155,08999999999264;1,8732954892856;29,515025189774;UHE Monte Claro - CAV SNIRH.xlsx;b8f0487a-df73-4f8d-8b22-bb49cf9f3683;https://metadados.snirh.gov.br/files/b8f0487a-df73-4f8d-8b22-bb49cf9f3683/Monte_Claro.zip
Monte Claro;155,22999999999263;155,09999999999263;1,8736856344389001;29,533760587587;UHE Monte Claro - CAV SNIRH.xlsx;b8f0487a-df73-4f8d-8b22-bb49cf9f3683;https://metadados.snirh.gov.br/files/b8f0487a-df73-4f8d-8b22-bb49cf9f3683/Monte_Claro.zip
Monte Claro;155,23999999999262;155,10999999999262;1,8740755925054;29,552499575311998;UHE Monte Claro - CAV SNIRH.xlsx;b8f0487a-df73-4f8d-8b22-bb49cf9f3683;https://metadados.snirh.gov.br/files/b8f0487a-df73-4f8d-8b22-bb49cf9f3683/Monte_Claro.zip
Monte Claro;155,2499999999926;155,11999999999261;1,8744655286438;29,571241386496;UHE Monte Claro - CAV SNIRH.xlsx;b8f0487a-df73-4f8d-8b22-bb49cf9f3683;https://metadados.snirh.gov.br/files/b8f0487a-df73-4f8d-8b22-bb49cf9f3683/Monte_Claro.zip
Monte Claro;155,2599999999926;155,1299999999926;1,8748554865729001;29,589987137326;UHE Monte Claro - CAV SNIRH.xlsx;b8f0487a-df73-4f8d-8b22-bb49cf9f3683;https://metadados.snirh.gov.br/files/b8f0487a-df73-4f8d-8b22-bb49cf9f3683/Monte_Claro.zip
Monte Claro;155,2699999999926;155,1399999999926;1,8752455331935;29,608736679293;UHE Monte Claro - CAV SNIRH.xlsx;b8f0487a-df73-4f8d-8b22-bb49cf9f3683;https://metadados.snirh.gov.br/files/b8f0487a-df73-4f8d-8b22-bb49cf9f3683/Monte_Claro.zip
Monte Claro;155,27999999999258;155,1499999999926;1,8756356756905002;29,627491486175998;UHE Monte Claro - CAV SNIRH.xlsx;b8f0487a-df73-4f8d-8b22-bb49cf9f3683;https://metadados.snirh.gov.br/files/b8f0487a-df73-4f8d-8b22-bb49cf9f3683/Monte_Claro.zip
Monte Claro;155,28999999999257;155,15999999999258;1,8760259180485999;29,646250507979;UHE Monte Claro - CAV SNIRH.xlsx;b8f0487a-df73-4f8d-8b22-bb49cf9f3683;https://metadados.snirh.gov.br/files/b8f0487a-df73-4f8d-8b22-bb49cf9f3683/Monte_Claro.zip
Monte Claro;155,29999999999256;155,16999999999257;1,876416155028;29,665012925309;UHE Monte Claro - CAV SNIRH.xlsx;b8f0487a-df73-4f8d-8b22-bb49cf9f3683;https://metadados.snirh.gov.br/files/b8f0487a-df73-4f8d-8b22-bb49cf9f3683/Monte_Claro.zip
Monte Claro;155,30999999999256;155,17999999999256;1,8768063795525;29,683779891068;UHE Monte Claro - CAV SNIRH.xlsx;b8f0487a-df73-4f8d-8b22-bb49cf9f3683;https://metadados.snirh.gov.br/files/b8f0487a-df73-4f8d-8b22-bb49cf9f3683/Monte_Claro.zip
Monte Claro;155,31999999999255;155,18999999999255;1,8771965715581;29,702550122093;UHE Monte Claro - CAV SNIRH.xlsx;b8f0487a-df73-4f8d-8b22-bb49cf9f3683;https://metadados.snirh.gov.br/files/b8f0487a-df73-4f8d-8b22-bb49cf9f3683/Monte_Claro.zip
Monte Claro;155,32999999999254;155,19999999999254;1,8775866489186002;29,721324465383002;UHE Monte Claro - CAV SNIRH.xlsx;b8f0487a-df73-4f8d-8b22-bb49cf9f3683;https://metadados.snirh.gov.br/files/b8f0487a-df73-4f8d-8b22-bb49cf9f3683/Monte_Claro.zip
Monte Claro;155,33999999999253;155,20999999999253;1,8779767828186;29,740101677113998;UHE Monte Claro - CAV SNIRH.xlsx;b8f0487a-df73-4f8d-8b22-bb49cf9f3683;https://metadados.snirh.gov.br/files/b8f0487a-df73-4f8d-8b22-bb49cf9f3683/Monte_Claro.zip
Monte Claro;155,34999999999252;155,21999999999252;1,8783669735681001;29,758883763609;UHE Monte Claro - CAV SNIRH.xlsx;b8f0487a-df73-4f8d-8b22-bb49cf9f3683;https://metadados.snirh.gov.br/files/b8f0487a-df73-4f8d-8b22-bb49cf9f3683/Monte_Claro.zip
Monte Claro;155,3599999999925;155,22999999999251;1,8787572319598;29,777669335756997;UHE Monte Claro - CAV SNIRH.xlsx;b8f0487a-df73-4f8d-8b22-bb49cf9f3683;https://metadados.snirh.gov.br/files/b8f0487a-df73-4f8d-8b22-bb49cf9f3683/Monte_Claro.zip
Monte Claro;155,3699999999925;155,2399999999925;1,8791475601423;29,796459019078;UHE Monte Claro - CAV SNIRH.xlsx;b8f0487a-df73-4f8d-8b22-bb49cf9f3683;https://metadados.snirh.gov.br/files/b8f0487a-df73-4f8d-8b22-bb49cf9f3683/Monte_Claro.zip
Monte Claro;155,3799999999925;155,2499999999925;1,8795380809161;29,815253075256003;UHE Monte Claro - CAV SNIRH.xlsx;b8f0487a-df73-4f8d-8b22-bb49cf9f3683;https://metadados.snirh.gov.br/files/b8f0487a-df73-4f8d-8b22-bb49cf9f3683/Monte_Claro.zip
Monte Claro;155,38999999999248;155,2599999999925;1,8799287746069;29,834050570942;UHE Monte Claro - CAV SNIRH.xlsx;b8f0487a-df73-4f8d-8b22-bb49cf9f3683;https://metadados.snirh.gov.br/files/b8f0487a-df73-4f8d-8b22-bb49cf9f3683/Monte_Claro.zip
Monte Claro;155,39999999999247;155,26999999999248;1,8803196258752;29,852851810536002;UHE Monte Claro - CAV SNIRH.xlsx;b8f0487a-df73-4f8d-8b22-bb49cf9f3683;https://metadados.snirh.gov.br/files/b8f0487a-df73-4f8d-8b22-bb49cf9f3683/Monte_Claro.zip
Monte Claro;155,40999999999246;155,27999999999247;1,8807105905530002;29,871657205046002;UHE Monte Claro - CAV SNIRH.xlsx;b8f0487a-df73-4f8d-8b22-bb49cf9f3683;https://metadados.snirh.gov.br/files/b8f0487a-df73-4f8d-8b22-bb49cf9f3683/Monte_Claro.zip
Monte Claro;155,41999999999246;155,28999999999246;1,8811016005818002;29,890467084664;UHE Monte Claro - CAV SNIRH.xlsx;b8f0487a-df73-4f8d-8b22-bb49cf9f3683;https://metadados.snirh.gov.br/files/b8f0487a-df73-4f8d-8b22-bb49cf9f3683/Monte_Claro.zip
Monte Claro;155,42999999999245;155,29999999999245;1,8814927115187998;29,909280631187;UHE Monte Claro - CAV SNIRH.xlsx;b8f0487a-df73-4f8d-8b22-bb49cf9f3683;https://metadados.snirh.gov.br/files/b8f0487a-df73-4f8d-8b22-bb49cf9f3683/Monte_Claro.zip
Monte Claro;155,43999999999244;155,30999999999244;1,8818839574492001;29,928097819278;UHE Monte Claro - CAV SNIRH.xlsx;b8f0487a-df73-4f8d-8b22-bb49cf9f3683;https://metadados.snirh.gov.br/files/b8f0487a-df73-4f8d-8b22-bb49cf9f3683/Monte_Claro.zip
Monte Claro;155,44999999999243;155,31999999999243;1,8822754214067998;29,946918794592;UHE Monte Claro - CAV SNIRH.xlsx;b8f0487a-df73-4f8d-8b22-bb49cf9f3683;https://metadados.snirh.gov.br/files/b8f0487a-df73-4f8d-8b22-bb49cf9f3683/Monte_Claro.zip
Monte Claro;155,45999999999242;155,32999999999242;1,8826669582859001;29,965743363168002;UHE Monte Claro - CAV SNIRH.xlsx;b8f0487a-df73-4f8d-8b22-bb49cf9f3683;https://metadados.snirh.gov.br/files/b8f0487a-df73-4f8d-8b22-bb49cf9f3683/Monte_Claro.zip
Monte Claro;155,4699999999924;155,33999999999241;1,8830584326447;29,984572101313;UHE Monte Claro - CAV SNIRH.xlsx;b8f0487a-df73-4f8d-8b22-bb49cf9f3683;https://metadados.snirh.gov.br/files/b8f0487a-df73-4f8d-8b22-bb49cf9f3683/Monte_Claro.zip
Monte Claro;155,4799999999924;155,3499999999924;1,8834499343848001;30,003405434811;UHE Monte Claro - CAV SNIRH.xlsx;b8f0487a-df73-4f8d-8b22-bb49cf9f3683;https://metadados.snirh.gov.br/files/b8f0487a-df73-4f8d-8b22-bb49cf9f3683/Monte_Claro.zip
Monte Claro;155,4899999999924;155,3599999999924;1,8838415560880999;30,022241794638997;UHE Monte Claro - CAV SNIRH.xlsx;b8f0487a-df73-4f8d-8b22-bb49cf9f3683;https://metadados.snirh.gov.br/files/b8f0487a-df73-4f8d-8b22-bb49cf9f3683/Monte_Claro.zip
Monte Claro;155,49999999999238;155,3699999999924;1,8842333571444998;30,041081782255002;UHE Monte Claro - CAV SNIRH.xlsx;b8f0487a-df73-4f8d-8b22-bb49cf9f3683;https://metadados.snirh.gov.br/files/b8f0487a-df73-4f8d-8b22-bb49cf9f3683/Monte_Claro.zip
Monte Claro;155,50999999999237;155,37999999999238;1,8846252288213;30,059926107080003;UHE Monte Claro - CAV SNIRH.xlsx;b8f0487a-df73-4f8d-8b22-bb49cf9f3683;https://metadados.snirh.gov.br/files/b8f0487a-df73-4f8d-8b22-bb49cf9f3683/Monte_Claro.zip
Monte Claro;155,51999999999236;155,38999999999237;1,8850172517534;30,078774403039002;UHE Monte Claro - CAV SNIRH.xlsx;b8f0487a-df73-4f8d-8b22-bb49cf9f3683;https://metadados.snirh.gov.br/files/b8f0487a-df73-4f8d-8b22-bb49cf9f3683/Monte_Claro.zip
Monte Claro;155,52999999999236;155,39999999999236;1,8854096127011999;30,097626341733;UHE Monte Claro - CAV SNIRH.xlsx;b8f0487a-df73-4f8d-8b22-bb49cf9f3683;https://metadados.snirh.gov.br/files/b8f0487a-df73-4f8d-8b22-bb49cf9f3683/Monte_Claro.zip
Monte Claro;155,53999999999235;155,40999999999235;1,8858022188385002;30,116482691369;UHE Monte Claro - CAV SNIRH.xlsx;b8f0487a-df73-4f8d-8b22-bb49cf9f3683;https://metadados.snirh.gov.br/files/b8f0487a-df73-4f8d-8b22-bb49cf9f3683/Monte_Claro.zip
Monte Claro;155,54999999999234;155,41999999999234;1,8861950452852998;30,135343174058;UHE Monte Claro - CAV SNIRH.xlsx;b8f0487a-df73-4f8d-8b22-bb49cf9f3683;https://metadados.snirh.gov.br/files/b8f0487a-df73-4f8d-8b22-bb49cf9f3683/Monte_Claro.zip
Monte Claro;155,55999999999233;155,42999999999233;1,8865880124093999;30,154206738433;UHE Monte Claro - CAV SNIRH.xlsx;b8f0487a-df73-4f8d-8b22-bb49cf9f3683;https://metadados.snirh.gov.br/files/b8f0487a-df73-4f8d-8b22-bb49cf9f3683/Monte_Claro.zip
Monte Claro;155,56999999999232;155,43999999999232;1,8869810520057;30,173074645309;UHE Monte Claro - CAV SNIRH.xlsx;b8f0487a-df73-4f8d-8b22-bb49cf9f3683;https://metadados.snirh.gov.br/files/b8f0487a-df73-4f8d-8b22-bb49cf9f3683/Monte_Claro.zip
Monte Claro;155,5799999999923;155,44999999999231;1,8873742522001;30,191946476189;UHE Monte Claro - CAV SNIRH.xlsx;b8f0487a-df73-4f8d-8b22-bb49cf9f3683;https://metadados.snirh.gov.br/files/b8f0487a-df73-4f8d-8b22-bb49cf9f3683/Monte_Claro.zip
Monte Claro;155,5899999999923;155,4599999999923;1,8877676957262;30,210821449104;UHE Monte Claro - CAV SNIRH.xlsx;b8f0487a-df73-4f8d-8b22-bb49cf9f3683;https://metadados.snirh.gov.br/files/b8f0487a-df73-4f8d-8b22-bb49cf9f3683/Monte_Claro.zip
Monte Claro;155,5999999999923;155,4699999999923;1,8881613157881;30,22970080918;UHE Monte Claro - CAV SNIRH.xlsx;b8f0487a-df73-4f8d-8b22-bb49cf9f3683;https://metadados.snirh.gov.br/files/b8f0487a-df73-4f8d-8b22-bb49cf9f3683/Monte_Claro.zip
Monte Claro;155,60999999999228;155,4799999999923;1,8885551018268;30,248584234765;UHE Monte Claro - CAV SNIRH.xlsx;b8f0487a-df73-4f8d-8b22-bb49cf9f3683;https://metadados.snirh.gov.br/files/b8f0487a-df73-4f8d-8b22-bb49cf9f3683/Monte_Claro.zip
Monte Claro;155,61999999999227;155,48999999999228;1,8889492006591;30,26747095703;UHE Monte Claro - CAV SNIRH.xlsx;b8f0487a-df73-4f8d-8b22-bb49cf9f3683;https://metadados.snirh.gov.br/files/b8f0487a-df73-4f8d-8b22-bb49cf9f3683/Monte_Claro.zip
Monte Claro;155,62999999999226;155,49999999999227;1,8893435227793;30,28636309814;UHE Monte Claro - CAV SNIRH.xlsx;b8f0487a-df73-4f8d-8b22-bb49cf9f3683;https://metadados.snirh.gov.br/files/b8f0487a-df73-4f8d-8b22-bb49cf9f3683/Monte_Claro.zip
Monte Claro;155,63999999999226;155,50999999999226;1,8897380328705;30,305257986256;UHE Monte Claro - CAV SNIRH.xlsx;b8f0487a-df73-4f8d-8b22-bb49cf9f3683;https://metadados.snirh.gov.br/files/b8f0487a-df73-4f8d-8b22-bb49cf9f3683/Monte_Claro.zip
Monte Claro;155,64999999999225;155,51999999999225;1,8901328401008;30,324157421406998;UHE Monte Claro - CAV SNIRH.xlsx;b8f0487a-df73-4f8d-8b22-bb49cf9f3683;https://metadados.snirh.gov.br/files/b8f0487a-df73-4f8d-8b22-bb49cf9f3683/Monte_Claro.zip
Monte Claro;155,65999999999224;155,52999999999224;1,8905278199016;30,343061201249;UHE Monte Claro - CAV SNIRH.xlsx;b8f0487a-df73-4f8d-8b22-bb49cf9f3683;https://metadados.snirh.gov.br/files/b8f0487a-df73-4f8d-8b22-bb49cf9f3683/Monte_Claro.zip
Monte Claro;155,66999999999223;155,53999999999223;1,8909230329211;30,361968466499;UHE Monte Claro - CAV SNIRH.xlsx;b8f0487a-df73-4f8d-8b22-bb49cf9f3683;https://metadados.snirh.gov.br/files/b8f0487a-df73-4f8d-8b22-bb49cf9f3683/Monte_Claro.zip
Monte Claro;155,67999999999222;155,54999999999222;1,8913186503022001;30,380880453366;UHE Monte Claro - CAV SNIRH.xlsx;b8f0487a-df73-4f8d-8b22-bb49cf9f3683;https://metadados.snirh.gov.br/files/b8f0487a-df73-4f8d-8b22-bb49cf9f3683/Monte_Claro.zip
Monte Claro;155,6899999999922;155,55999999999221;1,8917145747298;30,399796571097003;UHE Monte Claro - CAV SNIRH.xlsx;b8f0487a-df73-4f8d-8b22-bb49cf9f3683;https://metadados.snirh.gov.br/files/b8f0487a-df73-4f8d-8b22-bb49cf9f3683/Monte_Claro.zip
Monte Claro;155,6999999999922;155,5699999999922;1,8921108507939;30,418715723214;UHE Monte Claro - CAV SNIRH.xlsx;b8f0487a-df73-4f8d-8b22-bb49cf9f3683;https://metadados.snirh.gov.br/files/b8f0487a-df73-4f8d-8b22-bb49cf9f3683/Monte_Claro.zip
Monte Claro;155,7099999999922;155,5799999999922;1,8925075650005;30,437639347109002;UHE Monte Claro - CAV SNIRH.xlsx;b8f0487a-df73-4f8d-8b22-bb49cf9f3683;https://metadados.snirh.gov.br/files/b8f0487a-df73-4f8d-8b22-bb49cf9f3683/Monte_Claro.zip
Monte Claro;155,71999999999218;155,5899999999922;1,8929047601978;30,456565823762;UHE Monte Claro - CAV SNIRH.xlsx;b8f0487a-df73-4f8d-8b22-bb49cf9f3683;https://metadados.snirh.gov.br/files/b8f0487a-df73-4f8d-8b22-bb49cf9f3683/Monte_Claro.zip
Monte Claro;155,72999999999217;155,59999999999218;1,893302735002;30,475496977097002;UHE Monte Claro - CAV SNIRH.xlsx;b8f0487a-df73-4f8d-8b22-bb49cf9f3683;https://metadados.snirh.gov.br/files/b8f0487a-df73-4f8d-8b22-bb49cf9f3683/Monte_Claro.zip
Monte Claro;155,73999999999216;155,60999999999217;1,8937011901465;30,494432489239998;UHE Monte Claro - CAV SNIRH.xlsx;b8f0487a-df73-4f8d-8b22-bb49cf9f3683;https://metadados.snirh.gov.br/files/b8f0487a-df73-4f8d-8b22-bb49cf9f3683/Monte_Claro.zip
Monte Claro;155,74999999999216;155,61999999999216;1,8941001737312;30,513371883894;UHE Monte Claro - CAV SNIRH.xlsx;b8f0487a-df73-4f8d-8b22-bb49cf9f3683;https://metadados.snirh.gov.br/files/b8f0487a-df73-4f8d-8b22-bb49cf9f3683/Monte_Claro.zip
Monte Claro;155,75999999999215;155,62999999999215;1,8944994706609;30,532315871349;UHE Monte Claro - CAV SNIRH.xlsx;b8f0487a-df73-4f8d-8b22-bb49cf9f3683;https://metadados.snirh.gov.br/files/b8f0487a-df73-4f8d-8b22-bb49cf9f3683/Monte_Claro.zip
Monte Claro;155,76999999999214;155,63999999999214;1,8948991686435;30,551263923016002;UHE Monte Claro - CAV SNIRH.xlsx;b8f0487a-df73-4f8d-8b22-bb49cf9f3683;https://metadados.snirh.gov.br/files/b8f0487a-df73-4f8d-8b22-bb49cf9f3683/Monte_Claro.zip
Monte Claro;155,77999999999213;155,64999999999213;1,8953144097561;30,570215329899;UHE Monte Claro - CAV SNIRH.xlsx;b8f0487a-df73-4f8d-8b22-bb49cf9f3683;https://metadados.snirh.gov.br/files/b8f0487a-df73-4f8d-8b22-bb49cf9f3683/Monte_Claro.zip
Monte Claro;155,78999999999212;155,65999999999212;1,8957434369794;30,589171551692;UHE Monte Claro - CAV SNIRH.xlsx;b8f0487a-df73-4f8d-8b22-bb49cf9f3683;https://metadados.snirh.gov.br/files/b8f0487a-df73-4f8d-8b22-bb49cf9f3683/Monte_Claro.zip
Monte Claro;155,7999999999921;155,66999999999211;1,8961725703531;30,608131574638;UHE Monte Claro - CAV SNIRH.xlsx;b8f0487a-df73-4f8d-8b22-bb49cf9f3683;https://metadados.snirh.gov.br/files/b8f0487a-df73-4f8d-8b22-bb49cf9f3683/Monte_Claro.zip
Monte Claro;155,8099999999921;155,6799999999921;1,8966041136358;30,627094501393003;UHE Monte Claro - CAV SNIRH.xlsx;b8f0487a-df73-4f8d-8b22-bb49cf9f3683;https://metadados.snirh.gov.br/files/b8f0487a-df73-4f8d-8b22-bb49cf9f3683/Monte_Claro.zip
Monte Claro;155,8199999999921;155,6899999999921;1,8970363702700999;30,646062883551;UHE Monte Claro - CAV SNIRH.xlsx;b8f0487a-df73-4f8d-8b22-bb49cf9f3683;https://metadados.snirh.gov.br/files/b8f0487a-df73-4f8d-8b22-bb49cf9f3683/Monte_Claro.zip
Monte Claro;155,82999999999208;155,6999999999921;1,8974714042718999;30,665035326613;UHE Monte Claro - CAV SNIRH.xlsx;b8f0487a-df73-4f8d-8b22-bb49cf9f3683;https://metadados.snirh.gov.br/files/b8f0487a-df73-4f8d-8b22-bb49cf9f3683/Monte_Claro.zip
Monte Claro;155,83999999999207;155,70999999999208;1,8979088932672001;30,684011856363;UHE Monte Claro - CAV SNIRH.xlsx;b8f0487a-df73-4f8d-8b22-bb49cf9f3683;https://metadados.snirh.gov.br/files/b8f0487a-df73-4f8d-8b22-bb49cf9f3683/Monte_Claro.zip
Monte Claro;155,84999999999206;155,71999999999207;1,8983476655937999;30,702994296849003;UHE Monte Claro - CAV SNIRH.xlsx;b8f0487a-df73-4f8d-8b22-bb49cf9f3683;https://metadados.snirh.gov.br/files/b8f0487a-df73-4f8d-8b22-bb49cf9f3683/Monte_Claro.zip
Monte Claro;155,85999999999206;155,72999999999206;1,8987862009521002;30,721980614703;UHE Monte Claro - CAV SNIRH.xlsx;b8f0487a-df73-4f8d-8b22-bb49cf9f3683;https://metadados.snirh.gov.br/files/b8f0487a-df73-4f8d-8b22-bb49cf9f3683/Monte_Claro.zip
Monte Claro;155,86999999999205;155,73999999999205;1,8992258395123;30,740970452353;UHE Monte Claro - CAV SNIRH.xlsx;b8f0487a-df73-4f8d-8b22-bb49cf9f3683;https://metadados.snirh.gov.br/files/b8f0487a-df73-4f8d-8b22-bb49cf9f3683/Monte_Claro.zip
Monte Claro;155,87999999999204;155,74999999999204;1,8996669815702;30,759964561326;UHE Monte Claro - CAV SNIRH.xlsx;b8f0487a-df73-4f8d-8b22-bb49cf9f3683;https://metadados.snirh.gov.br/files/b8f0487a-df73-4f8d-8b22-bb49cf9f3683/Monte_Claro.zip
Monte Claro;155,88999999999203;155,75999999999203;1,9001077028845;30,778964208041;UHE Monte Claro - CAV SNIRH.xlsx;b8f0487a-df73-4f8d-8b22-bb49cf9f3683;https://metadados.snirh.gov.br/files/b8f0487a-df73-4f8d-8b22-bb49cf9f3683/Monte_Claro.zip
Monte Claro;155,89999999999202;155,76999999999202;1,9005482691861;30,797967446114;UHE Monte Claro - CAV SNIRH.xlsx;b8f0487a-df73-4f8d-8b22-bb49cf9f3683;https://metadados.snirh.gov.br/files/b8f0487a-df73-4f8d-8b22-bb49cf9f3683/Monte_Claro.zip
Monte Claro;155,909999999992;155,77999999999201;1,9009890276015;30,816975334269;UHE Monte Claro - CAV SNIRH.xlsx;b8f0487a-df73-4f8d-8b22-bb49cf9f3683;https://metadados.snirh.gov.br/files/b8f0487a-df73-4f8d-8b22-bb49cf9f3683/Monte_Claro.zip
Monte Claro;155,919999999992;155,789999999992;1,9014295737582;30,835987875732002;UHE Monte Claro - CAV SNIRH.xlsx;b8f0487a-df73-4f8d-8b22-bb49cf9f3683;https://metadados.snirh.gov.br/files/b8f0487a-df73-4f8d-8b22-bb49cf9f3683/Monte_Claro.zip
Monte Claro;155,929999999992;155,799999999992;1,9018703015528;30,855004260115003;UHE Monte Claro - CAV SNIRH.xlsx;b8f0487a-df73-4f8d-8b22-bb49cf9f3683;https://metadados.snirh.gov.br/files/b8f0487a-df73-4f8d-8b22-bb49cf9f3683/Monte_Claro.zip
Monte Claro;155,93999999999198;155,809999999992;1,9023116301749;30,874024879384;UHE Monte Claro - CAV SNIRH.xlsx;b8f0487a-df73-4f8d-8b22-bb49cf9f3683;https://metadados.snirh.gov.br/files/b8f0487a-df73-4f8d-8b22-bb49cf9f3683/Monte_Claro.zip
Monte Claro;155,94999999999197;155,81999999999198;1,9027533802052001;30,89305040613;UHE Monte Claro - CAV SNIRH.xlsx;b8f0487a-df73-4f8d-8b22-bb49cf9f3683;https://metadados.snirh.gov.br/files/b8f0487a-df73-4f8d-8b22-bb49cf9f3683/Monte_Claro.zip
Monte Claro;155,95999999999196;155,82999999999197;1,9031950126288;30,912080438437997;UHE Monte Claro - CAV SNIRH.xlsx;b8f0487a-df73-4f8d-8b22-bb49cf9f3683;https://metadados.snirh.gov.br/files/b8f0487a-df73-4f8d-8b22-bb49cf9f3683/Monte_Claro.zip
Monte Claro;155,96999999999196;155,83999999999196;1,9036370058627001;30,931114959842;UHE Monte Claro - CAV SNIRH.xlsx;b8f0487a-df73-4f8d-8b22-bb49cf9f3683;https://metadados.snirh.gov.br/files/b8f0487a-df73-4f8d-8b22-bb49cf9f3683/Monte_Claro.zip
Monte Claro;155,97999999999195;155,84999999999195;1,9040797895474;30,950154625508;UHE Monte Claro - CAV SNIRH.xlsx;b8f0487a-df73-4f8d-8b22-bb49cf9f3683;https://metadados.snirh.gov.br/files/b8f0487a-df73-4f8d-8b22-bb49cf9f3683/Monte_Claro.zip
Monte Claro;155,98999999999194;155,85999999999194;1,9045228165838;30,96919766093;UHE Monte Claro - CAV SNIRH.xlsx;b8f0487a-df73-4f8d-8b22-bb49cf9f3683;https://metadados.snirh.gov.br/files/b8f0487a-df73-4f8d-8b22-bb49cf9f3683/Monte_Claro.zip
Monte Claro;155,99999999999193;155,86999999999193;1,9049659731048;30,988244445151;UHE Monte Claro - CAV SNIRH.xlsx;b8f0487a-df73-4f8d-8b22-bb49cf9f3683;https://metadados.snirh.gov.br/files/b8f0487a-df73-4f8d-8b22-bb49cf9f3683/Monte_Claro.zip
Monte Claro;156,00999999999192;155,87999999999192;1,9054095050167;31,007296260414;UHE Monte Claro - CAV SNIRH.xlsx;b8f0487a-df73-4f8d-8b22-bb49cf9f3683;https://metadados.snirh.gov.br/files/b8f0487a-df73-4f8d-8b22-bb49cf9f3683/Monte_Claro.zip
Monte Claro;156,0199999999919;155,88999999999191;1,9058533261919999;31,026353178092;UHE Monte Claro - CAV SNIRH.xlsx;b8f0487a-df73-4f8d-8b22-bb49cf9f3683;https://metadados.snirh.gov.br/files/b8f0487a-df73-4f8d-8b22-bb49cf9f3683/Monte_Claro.zip
Monte Claro;156,0299999999919;155,8999999999919;1,9062975942454001;31,045413979691;UHE Monte Claro - CAV SNIRH.xlsx;b8f0487a-df73-4f8d-8b22-bb49cf9f3683;https://metadados.snirh.gov.br/files/b8f0487a-df73-4f8d-8b22-bb49cf9f3683/Monte_Claro.zip
Monte Claro;156,0399999999919;155,9099999999919;1,9067421777376;31,064479069755;UHE Monte Claro - CAV SNIRH.xlsx;b8f0487a-df73-4f8d-8b22-bb49cf9f3683;https://metadados.snirh.gov.br/files/b8f0487a-df73-4f8d-8b22-bb49cf9f3683/Monte_Claro.zip
Monte Claro;156,04999999999188;155,9199999999919;1,9071872768425;31,083548006744998;UHE Monte Claro - CAV SNIRH.xlsx;b8f0487a-df73-4f8d-8b22-bb49cf9f3683;https://metadados.snirh.gov.br/files/b8f0487a-df73-4f8d-8b22-bb49cf9f3683/Monte_Claro.zip
Monte Claro;156,05999999999187;155,92999999999188;1,9076336346043;31,102621278593;UHE Monte Claro - CAV SNIRH.xlsx;b8f0487a-df73-4f8d-8b22-bb49cf9f3683;https://metadados.snirh.gov.br/files/b8f0487a-df73-4f8d-8b22-bb49cf9f3683/Monte_Claro.zip
Monte Claro;156,06999999999186;155,93999999999187;1,9080806281651999;31,121700557799;UHE Monte Claro - CAV SNIRH.xlsx;b8f0487a-df73-4f8d-8b22-bb49cf9f3683;https://metadados.snirh.gov.br/files/b8f0487a-df73-4f8d-8b22-bb49cf9f3683/Monte_Claro.zip
Monte Claro;156,07999999999186;155,94999999999186;1,908528428288;31,140783435863;UHE Monte Claro - CAV SNIRH.xlsx;b8f0487a-df73-4f8d-8b22-bb49cf9f3683;https://metadados.snirh.gov.br/files/b8f0487a-df73-4f8d-8b22-bb49cf9f3683/Monte_Claro.zip
Monte Claro;156,08999999999185;155,95999999999185;1,9089767596088;31,159870114502002;UHE Monte Claro - CAV SNIRH.xlsx;b8f0487a-df73-4f8d-8b22-bb49cf9f3683;https://metadados.snirh.gov.br/files/b8f0487a-df73-4f8d-8b22-bb49cf9f3683/Monte_Claro.zip
Monte Claro;156,09999999999184;155,96999999999184;1,9094253906971;31,178961975029;UHE Monte Claro - CAV SNIRH.xlsx;b8f0487a-df73-4f8d-8b22-bb49cf9f3683;https://metadados.snirh.gov.br/files/b8f0487a-df73-4f8d-8b22-bb49cf9f3683/Monte_Claro.zip
Monte Claro;156,10999999999183;155,97999999999183;1,9098744032402;31,198058931074;UHE Monte Claro - CAV SNIRH.xlsx;b8f0487a-df73-4f8d-8b22-bb49cf9f3683;https://metadados.snirh.gov.br/files/b8f0487a-df73-4f8d-8b22-bb49cf9f3683/Monte_Claro.zip
Monte Claro;156,11999999999182;155,98999999999182;1,9103240780912;31,217160240002;UHE Monte Claro - CAV SNIRH.xlsx;b8f0487a-df73-4f8d-8b22-bb49cf9f3683;https://metadados.snirh.gov.br/files/b8f0487a-df73-4f8d-8b22-bb49cf9f3683/Monte_Claro.zip
Monte Claro;156,1299999999918;155,99999999999181;1,9107750005192;31,236266665789998;UHE Monte Claro - CAV SNIRH.xlsx;b8f0487a-df73-4f8d-8b22-bb49cf9f3683;https://metadados.snirh.gov.br/files/b8f0487a-df73-4f8d-8b22-bb49cf9f3683/Monte_Claro.zip
Monte Claro;156,1399999999918;156,0099999999918;1,9112269810802;31,255377069472;UHE Monte Claro - CAV SNIRH.xlsx;b8f0487a-df73-4f8d-8b22-bb49cf9f3683;https://metadados.snirh.gov.br/files/b8f0487a-df73-4f8d-8b22-bb49cf9f3683/Monte_Claro.zip
Monte Claro;156,1499999999918;156,0199999999918;1,9116799167388998;31,274491500046;UHE Monte Claro - CAV SNIRH.xlsx;b8f0487a-df73-4f8d-8b22-bb49cf9f3683;https://metadados.snirh.gov.br/files/b8f0487a-df73-4f8d-8b22-bb49cf9f3683/Monte_Claro.zip
Monte Claro;156,15999999999178;156,0299999999918;1,9121345323516;31,293610681033;UHE Monte Claro - CAV SNIRH.xlsx;b8f0487a-df73-4f8d-8b22-bb49cf9f3683;https://metadados.snirh.gov.br/files/b8f0487a-df73-4f8d-8b22-bb49cf9f3683/Monte_Claro.zip
Monte Claro;156,16999999999177;156,03999999999178;1,9125912060341;31,312734701087003;UHE Monte Claro - CAV SNIRH.xlsx;b8f0487a-df73-4f8d-8b22-bb49cf9f3683;https://metadados.snirh.gov.br/files/b8f0487a-df73-4f8d-8b22-bb49cf9f3683/Monte_Claro.zip
Monte Claro;156,17999999999176;156,04999999999177;1,9130492439634;31,331862740295;UHE Monte Claro - CAV SNIRH.xlsx;b8f0487a-df73-4f8d-8b22-bb49cf9f3683;https://metadados.snirh.gov.br/files/b8f0487a-df73-4f8d-8b22-bb49cf9f3683/Monte_Claro.zip
Monte Claro;156,18999999999176;156,05999999999176;1,9135100802962;31,350995854383;UHE Monte Claro - CAV SNIRH.xlsx;b8f0487a-df73-4f8d-8b22-bb49cf9f3683;https://metadados.snirh.gov.br/files/b8f0487a-df73-4f8d-8b22-bb49cf9f3683/Monte_Claro.zip
Monte Claro;156,19999999999175;156,06999999999175;1,9139741790266;31,370133140868997;UHE Monte Claro - CAV SNIRH.xlsx;b8f0487a-df73-4f8d-8b22-bb49cf9f3683;https://metadados.snirh.gov.br/files/b8f0487a-df73-4f8d-8b22-bb49cf9f3683/Monte_Claro.zip
Monte Claro;156,20999999999174;156,07999999999174;1,9144426615136;31,389275933053003;UHE Monte Claro - CAV SNIRH.xlsx;b8f0487a-df73-4f8d-8b22-bb49cf9f3683;https://metadados.snirh.gov.br/files/b8f0487a-df73-4f8d-8b22-bb49cf9f3683/Monte_Claro.zip
Monte Claro;156,21999999999173;156,08999999999173;1,9149243688663;31,408423070088;UHE Monte Claro - CAV SNIRH.xlsx;b8f0487a-df73-4f8d-8b22-bb49cf9f3683;https://metadados.snirh.gov.br/files/b8f0487a-df73-4f8d-8b22-bb49cf9f3683/Monte_Claro.zip
Monte Claro;156,22999999999172;156,09999999999172;1,915397096074;31,427575747793;UHE Monte Claro - CAV SNIRH.xlsx;b8f0487a-df73-4f8d-8b22-bb49cf9f3683;https://metadados.snirh.gov.br/files/b8f0487a-df73-4f8d-8b22-bb49cf9f3683/Monte_Claro.zip
Monte Claro;156,2399999999917;156,10999999999171;1,9158636087598;31,446732760364;UHE Monte Claro - CAV SNIRH.xlsx;b8f0487a-df73-4f8d-8b22-bb49cf9f3683;https://metadados.snirh.gov.br/files/b8f0487a-df73-4f8d-8b22-bb49cf9f3683/Monte_Claro.zip
Monte Claro;156,2499999999917;156,1199999999917;1,9163287965179;31,465893813287998;UHE Monte Claro - CAV SNIRH.xlsx;b8f0487a-df73-4f8d-8b22-bb49cf9f3683;https://metadados.snirh.gov.br/files/b8f0487a-df73-4f8d-8b22-bb49cf9f3683/Monte_Claro.zip
Monte Claro;156,2599999999917;156,1299999999917;1,9167923101995998;31,485059216135;UHE Monte Claro - CAV SNIRH.xlsx;b8f0487a-df73-4f8d-8b22-bb49cf9f3683;https://metadados.snirh.gov.br/files/b8f0487a-df73-4f8d-8b22-bb49cf9f3683/Monte_Claro.zip
Monte Claro;156,26999999999168;156,1399999999917;1,9172557282768;31,504230230955002;UHE Monte Claro - CAV SNIRH.xlsx;b8f0487a-df73-4f8d-8b22-bb49cf9f3683;https://metadados.snirh.gov.br/files/b8f0487a-df73-4f8d-8b22-bb49cf9f3683/Monte_Claro.zip
Monte Claro;156,27999999999167;156,14999999999168;1,9177198765859;31,523404724804;UHE Monte Claro - CAV SNIRH.xlsx;b8f0487a-df73-4f8d-8b22-bb49cf9f3683;https://metadados.snirh.gov.br/files/b8f0487a-df73-4f8d-8b22-bb49cf9f3683/Monte_Claro.zip
Monte Claro;156,28999999999166;156,15999999999167;1,9181849915915;31,54258429338;UHE Monte Claro - CAV SNIRH.xlsx;b8f0487a-df73-4f8d-8b22-bb49cf9f3683;https://metadados.snirh.gov.br/files/b8f0487a-df73-4f8d-8b22-bb49cf9f3683/Monte_Claro.zip
Monte Claro;156,29999999999166;156,16999999999166;1,9186512008793999;31,561768074741;UHE Monte Claro - CAV SNIRH.xlsx;b8f0487a-df73-4f8d-8b22-bb49cf9f3683;https://metadados.snirh.gov.br/files/b8f0487a-df73-4f8d-8b22-bb49cf9f3683/Monte_Claro.zip
Monte Claro;156,30999999999165;156,17999999999165;1,9191184988080998;31,580956847435;UHE Monte Claro - CAV SNIRH.xlsx;b8f0487a-df73-4f8d-8b22-bb49cf9f3683;https://metadados.snirh.gov.br/files/b8f0487a-df73-4f8d-8b22-bb49cf9f3683/Monte_Claro.zip
Monte Claro;156,31999999999164;156,18999999999164;1,919588029833;31,600151622014998;UHE Monte Claro - CAV SNIRH.xlsx;b8f0487a-df73-4f8d-8b22-bb49cf9f3683;https://metadados.snirh.gov.br/files/b8f0487a-df73-4f8d-8b22-bb49cf9f3683/Monte_Claro.zip
Monte Claro;156,32999999999163;156,19999999999163;1,9200604977117;31,61934913414;UHE Monte Claro - CAV SNIRH.xlsx;b8f0487a-df73-4f8d-8b22-bb49cf9f3683;https://metadados.snirh.gov.br/files/b8f0487a-df73-4f8d-8b22-bb49cf9f3683/Monte_Claro.zip
Monte Claro;156,33999999999162;156,20999999999162;1,9205369422919;31,638552073063;UHE Monte Claro - CAV SNIRH.xlsx;b8f0487a-df73-4f8d-8b22-bb49cf9f3683;https://metadados.snirh.gov.br/files/b8f0487a-df73-4f8d-8b22-bb49cf9f3683/Monte_Claro.zip
Monte Claro;156,3499999999916;156,21999999999161;1,9210206274958;31,657759765032;UHE Monte Claro - CAV SNIRH.xlsx;b8f0487a-df73-4f8d-8b22-bb49cf9f3683;https://metadados.snirh.gov.br/files/b8f0487a-df73-4f8d-8b22-bb49cf9f3683/Monte_Claro.zip
Monte Claro;156,3599999999916;156,2299999999916;1,9215215970858;31,676973017086;UHE Monte Claro - CAV SNIRH.xlsx;b8f0487a-df73-4f8d-8b22-bb49cf9f3683;https://metadados.snirh.gov.br/files/b8f0487a-df73-4f8d-8b22-bb49cf9f3683/Monte_Claro.zip
Monte Claro;156,3699999999916;156,2399999999916;1,9220020525725;31,696189831864;UHE Monte Claro - CAV SNIRH.xlsx;b8f0487a-df73-4f8d-8b22-bb49cf9f3683;https://metadados.snirh.gov.br/files/b8f0487a-df73-4f8d-8b22-bb49cf9f3683/Monte_Claro.zip
Monte Claro;156,37999999999158;156,2499999999916;1,9224729091095998;31,715412685591;UHE Monte Claro - CAV SNIRH.xlsx;b8f0487a-df73-4f8d-8b22-bb49cf9f3683;https://metadados.snirh.gov.br/files/b8f0487a-df73-4f8d-8b22-bb49cf9f3683/Monte_Claro.zip
Monte Claro;156,38999999999157;156,25999999999158;1,9229393803344002;31,734639845446;UHE Monte Claro - CAV SNIRH.xlsx;b8f0487a-df73-4f8d-8b22-bb49cf9f3683;https://metadados.snirh.gov.br/files/b8f0487a-df73-4f8d-8b22-bb49cf9f3683/Monte_Claro.zip
Monte Claro;156,39999999999156;156,26999999999157;1,9234015593948002;31,753872638276;UHE Monte Claro - CAV SNIRH.xlsx;b8f0487a-df73-4f8d-8b22-bb49cf9f3683;https://metadados.snirh.gov.br/files/b8f0487a-df73-4f8d-8b22-bb49cf9f3683/Monte_Claro.zip
Monte Claro;156,40999999999156;156,27999999999156;1,9238597236347001;31,773108974922998;UHE Monte Claro - CAV SNIRH.xlsx;b8f0487a-df73-4f8d-8b22-bb49cf9f3683;https://metadados.snirh.gov.br/files/b8f0487a-df73-4f8d-8b22-bb49cf9f3683/Monte_Claro.zip
Monte Claro;156,41999999999155;156,28999999999155;1,9243150890873;31,79235027904;UHE Monte Claro - CAV SNIRH.xlsx;b8f0487a-df73-4f8d-8b22-bb49cf9f3683;https://metadados.snirh.gov.br/files/b8f0487a-df73-4f8d-8b22-bb49cf9f3683/Monte_Claro.zip
Monte Claro;156,42999999999154;156,29999999999154;1,9247681633184;31,811595346357;UHE Monte Claro - CAV SNIRH.xlsx;b8f0487a-df73-4f8d-8b22-bb49cf9f3683;https://metadados.snirh.gov.br/files/b8f0487a-df73-4f8d-8b22-bb49cf9f3683/Monte_Claro.zip
Monte Claro;156,43999999999153;156,30999999999153;1,9252190346884002;31,830846389603998;UHE Monte Claro - CAV SNIRH.xlsx;b8f0487a-df73-4f8d-8b22-bb49cf9f3683;https://metadados.snirh.gov.br/files/b8f0487a-df73-4f8d-8b22-bb49cf9f3683/Monte_Claro.zip
Monte Claro;156,44999999999152;156,31999999999152;1,9256674834976;31,850101446345;UHE Monte Claro - CAV SNIRH.xlsx;b8f0487a-df73-4f8d-8b22-bb49cf9f3683;https://metadados.snirh.gov.br/files/b8f0487a-df73-4f8d-8b22-bb49cf9f3683/Monte_Claro.zip
Monte Claro;156,4599999999915;156,32999999999151;1,9261138780454;31,869360333000998;UHE Monte Claro - CAV SNIRH.xlsx;b8f0487a-df73-4f8d-8b22-bb49cf9f3683;https://metadados.snirh.gov.br/files/b8f0487a-df73-4f8d-8b22-bb49cf9f3683/Monte_Claro.zip
Monte Claro;156,4699999999915;156,3399999999915;1,9265584378663;31,888624381895;UHE Monte Claro - CAV SNIRH.xlsx;b8f0487a-df73-4f8d-8b22-bb49cf9f3683;https://metadados.snirh.gov.br/files/b8f0487a-df73-4f8d-8b22-bb49cf9f3683/Monte_Claro.zip
Monte Claro;156,4799999999915;156,3499999999915;1,9270013575446998;31,907892970659;UHE Monte Claro - CAV SNIRH.xlsx;b8f0487a-df73-4f8d-8b22-bb49cf9f3683;https://metadados.snirh.gov.br/files/b8f0487a-df73-4f8d-8b22-bb49cf9f3683/Monte_Claro.zip
Monte Claro;156,48999999999148;156,3599999999915;1,9274427666386;31,927165855714;UHE Monte Claro - CAV SNIRH.xlsx;b8f0487a-df73-4f8d-8b22-bb49cf9f3683;https://metadados.snirh.gov.br/files/b8f0487a-df73-4f8d-8b22-bb49cf9f3683/Monte_Claro.zip
Monte Claro;156,49999999999147;156,36999999999148;1,9278825414640999;31,946444357267;UHE Monte Claro - CAV SNIRH.xlsx;b8f0487a-df73-4f8d-8b22-bb49cf9f3683;https://metadados.snirh.gov.br/files/b8f0487a-df73-4f8d-8b22-bb49cf9f3683/Monte_Claro.zip
Monte Claro;156,50999999999146;156,37999999999147;1,9283205039943;31,965725452373;UHE Monte Claro - CAV SNIRH.xlsx;b8f0487a-df73-4f8d-8b22-bb49cf9f3683;https://metadados.snirh.gov.br/files/b8f0487a-df73-4f8d-8b22-bb49cf9f3683/Monte_Claro.zip
Monte Claro;156,51999999999146;156,38999999999146;1,9287568187628;31,985011146843;UHE Monte Claro - CAV SNIRH.xlsx;b8f0487a-df73-4f8d-8b22-bb49cf9f3683;https://metadados.snirh.gov.br/files/b8f0487a-df73-4f8d-8b22-bb49cf9f3683/Monte_Claro.zip
Monte Claro;156,52999999999145;156,39999999999145;1,9291915677866;32,00430111395;UHE Monte Claro - CAV SNIRH.xlsx;b8f0487a-df73-4f8d-8b22-bb49cf9f3683;https://metadados.snirh.gov.br/files/b8f0487a-df73-4f8d-8b22-bb49cf9f3683/Monte_Claro.zip
Monte Claro;156,53999999999144;156,40999999999144;1,9296248977667998;32,023596265512;UHE Monte Claro - CAV SNIRH.xlsx;b8f0487a-df73-4f8d-8b22-bb49cf9f3683;https://metadados.snirh.gov.br/files/b8f0487a-df73-4f8d-8b22-bb49cf9f3683/Monte_Claro.zip
Monte Claro;156,54999999999143;156,41999999999143;1,9300569172219;32,04289584797;UHE Monte Claro - CAV SNIRH.xlsx;b8f0487a-df73-4f8d-8b22-bb49cf9f3683;https://metadados.snirh.gov.br/files/b8f0487a-df73-4f8d-8b22-bb49cf9f3683/Monte_Claro.zip
Monte Claro;156,55999999999142;156,42999999999142;1,9304875525592;32,062198963268;UHE Monte Claro - CAV SNIRH.xlsx;b8f0487a-df73-4f8d-8b22-bb49cf9f3683;https://metadados.snirh.gov.br/files/b8f0487a-df73-4f8d-8b22-bb49cf9f3683/Monte_Claro.zip
Monte Claro;156,5699999999914;156,43999999999141;1,9309166397902;32,081506336217004;UHE Monte Claro - CAV SNIRH.xlsx;b8f0487a-df73-4f8d-8b22-bb49cf9f3683;https://metadados.snirh.gov.br/files/b8f0487a-df73-4f8d-8b22-bb49cf9f3683/Monte_Claro.zip
Monte Claro;156,5799999999914;156,4499999999914;1,9313442010715;32,100818329283;UHE Monte Claro - CAV SNIRH.xlsx;b8f0487a-df73-4f8d-8b22-bb49cf9f3683;https://metadados.snirh.gov.br/files/b8f0487a-df73-4f8d-8b22-bb49cf9f3683/Monte_Claro.zip
Monte Claro;156,5899999999914;156,4599999999914;1,9317702225126998;32,120134943307;UHE Monte Claro - CAV SNIRH.xlsx;b8f0487a-df73-4f8d-8b22-bb49cf9f3683;https://metadados.snirh.gov.br/files/b8f0487a-df73-4f8d-8b22-bb49cf9f3683/Monte_Claro.zip
Monte Claro;156,59999999999138;156,4699999999914;1,9321945058393002;32,139456520437;UHE Monte Claro - CAV SNIRH.xlsx;b8f0487a-df73-4f8d-8b22-bb49cf9f3683;https://metadados.snirh.gov.br/files/b8f0487a-df73-4f8d-8b22-bb49cf9f3683/Monte_Claro.zip
Monte Claro;156,60999999999137;156,47999999999138;1,9326170231296;32,158781502257;UHE Monte Claro - CAV SNIRH.xlsx;b8f0487a-df73-4f8d-8b22-bb49cf9f3683;https://metadados.snirh.gov.br/files/b8f0487a-df73-4f8d-8b22-bb49cf9f3683/Monte_Claro.zip
Monte Claro;156,61999999999136;156,48999999999137;1,933037946555;32,178110611473;UHE Monte Claro - CAV SNIRH.xlsx;b8f0487a-df73-4f8d-8b22-bb49cf9f3683;https://metadados.snirh.gov.br/files/b8f0487a-df73-4f8d-8b22-bb49cf9f3683/Monte_Claro.zip
Monte Claro;156,62999999999136;156,49999999999136;1,9334571966698;32,197444455875;UHE Monte Claro - CAV SNIRH.xlsx;b8f0487a-df73-4f8d-8b22-bb49cf9f3683;https://metadados.snirh.gov.br/files/b8f0487a-df73-4f8d-8b22-bb49cf9f3683/Monte_Claro.zip
Monte Claro;156,63999999999135;156,50999999999135;1,9338748781162;32,216782280977;UHE Monte Claro - CAV SNIRH.xlsx;b8f0487a-df73-4f8d-8b22-bb49cf9f3683;https://metadados.snirh.gov.br/files/b8f0487a-df73-4f8d-8b22-bb49cf9f3683/Monte_Claro.zip
Monte Claro;156,64999999999134;156,51999999999134;1,9342908932484;32,236124266676;UHE Monte Claro - CAV SNIRH.xlsx;b8f0487a-df73-4f8d-8b22-bb49cf9f3683;https://metadados.snirh.gov.br/files/b8f0487a-df73-4f8d-8b22-bb49cf9f3683/Monte_Claro.zip
Monte Claro;156,65999999999133;156,52999999999133;1,9347051899949;32,255470483991;UHE Monte Claro - CAV SNIRH.xlsx;b8f0487a-df73-4f8d-8b22-bb49cf9f3683;https://metadados.snirh.gov.br/files/b8f0487a-df73-4f8d-8b22-bb49cf9f3683/Monte_Claro.zip
Monte Claro;156,66999999999132;156,53999999999132;1,9351177202227;32,274821217475;UHE Monte Claro - CAV SNIRH.xlsx;b8f0487a-df73-4f8d-8b22-bb49cf9f3683;https://metadados.snirh.gov.br/files/b8f0487a-df73-4f8d-8b22-bb49cf9f3683/Monte_Claro.zip
Monte Claro;156,6799999999913;156,54999999999131;1,9355284651487;32,294175190572;UHE Monte Claro - CAV SNIRH.xlsx;b8f0487a-df73-4f8d-8b22-bb49cf9f3683;https://metadados.snirh.gov.br/files/b8f0487a-df73-4f8d-8b22-bb49cf9f3683/Monte_Claro.zip
Monte Claro;156,6899999999913;156,5599999999913;1,9359371949177;32,313533021003;UHE Monte Claro - CAV SNIRH.xlsx;b8f0487a-df73-4f8d-8b22-bb49cf9f3683;https://metadados.snirh.gov.br/files/b8f0487a-df73-4f8d-8b22-bb49cf9f3683/Monte_Claro.zip
Monte Claro;156,6999999999913;156,5699999999913;1,9363438678765;32,33289584401;UHE Monte Claro - CAV SNIRH.xlsx;b8f0487a-df73-4f8d-8b22-bb49cf9f3683;https://metadados.snirh.gov.br/files/b8f0487a-df73-4f8d-8b22-bb49cf9f3683/Monte_Claro.zip
Monte Claro;156,70999999999128;156,5799999999913;1,9367484383898;32,352262124060005;UHE Monte Claro - CAV SNIRH.xlsx;b8f0487a-df73-4f8d-8b22-bb49cf9f3683;https://metadados.snirh.gov.br/files/b8f0487a-df73-4f8d-8b22-bb49cf9f3683/Monte_Claro.zip
Monte Claro;156,71999999999127;156,58999999999128;1,9371508293158;32,371633073264;UHE Monte Claro - CAV SNIRH.xlsx;b8f0487a-df73-4f8d-8b22-bb49cf9f3683;https://metadados.snirh.gov.br/files/b8f0487a-df73-4f8d-8b22-bb49cf9f3683/Monte_Claro.zip
Monte Claro;156,72999999999126;156,59999999999127;1,9375509416346999;32,391008781334;UHE Monte Claro - CAV SNIRH.xlsx;b8f0487a-df73-4f8d-8b22-bb49cf9f3683;https://metadados.snirh.gov.br/files/b8f0487a-df73-4f8d-8b22-bb49cf9f3683/Monte_Claro.zip
Monte Claro;156,73999999999126;156,60999999999126;1,9379487366239;32,410388171836;UHE Monte Claro - CAV SNIRH.xlsx;b8f0487a-df73-4f8d-8b22-bb49cf9f3683;https://metadados.snirh.gov.br/files/b8f0487a-df73-4f8d-8b22-bb49cf9f3683/Monte_Claro.zip
Monte Claro;156,74999999999125;156,61999999999125;1,9383441218916;32,429771890576;UHE Monte Claro - CAV SNIRH.xlsx;b8f0487a-df73-4f8d-8b22-bb49cf9f3683;https://metadados.snirh.gov.br/files/b8f0487a-df73-4f8d-8b22-bb49cf9f3683/Monte_Claro.zip
Monte Claro;156,75999999999124;156,62999999999124;1,9387370695791;32,449158967684;UHE Monte Claro - CAV SNIRH.xlsx;b8f0487a-df73-4f8d-8b22-bb49cf9f3683;https://metadados.snirh.gov.br/files/b8f0487a-df73-4f8d-8b22-bb49cf9f3683/Monte_Claro.zip
Monte Claro;156,76999999999123;156,63999999999123;1,9391275795475;32,46855004305;UHE Monte Claro - CAV SNIRH.xlsx;b8f0487a-df73-4f8d-8b22-bb49cf9f3683;https://metadados.snirh.gov.br/files/b8f0487a-df73-4f8d-8b22-bb49cf9f3683/Monte_Claro.zip
Monte Claro;156,77999999999122;156,64999999999122;1,9395154852415;32,487946336902;UHE Monte Claro - CAV SNIRH.xlsx;b8f0487a-df73-4f8d-8b22-bb49cf9f3683;https://metadados.snirh.gov.br/files/b8f0487a-df73-4f8d-8b22-bb49cf9f3683/Monte_Claro.zip
Monte Claro;156,7899999999912;156,65999999999121;1,9399006429712;32,507346484374004;UHE Monte Claro - CAV SNIRH.xlsx;b8f0487a-df73-4f8d-8b22-bb49cf9f3683;https://metadados.snirh.gov.br/files/b8f0487a-df73-4f8d-8b22-bb49cf9f3683/Monte_Claro.zip
Monte Claro;156,7999999999912;156,6699999999912;1,9402828633024;32,526749870817;UHE Monte Claro - CAV SNIRH.xlsx;b8f0487a-df73-4f8d-8b22-bb49cf9f3683;https://metadados.snirh.gov.br/files/b8f0487a-df73-4f8d-8b22-bb49cf9f3683/Monte_Claro.zip
Monte Claro;156,8099999999912;156,6799999999912;1,9406619494632;32,546156962967004;UHE Monte Claro - CAV SNIRH.xlsx;b8f0487a-df73-4f8d-8b22-bb49cf9f3683;https://metadados.snirh.gov.br/files/b8f0487a-df73-4f8d-8b22-bb49cf9f3683/Monte_Claro.zip
Monte Claro;156,81999999999118;156,6899999999912;1,9410377914652999;32,56556878227;UHE Monte Claro - CAV SNIRH.xlsx;b8f0487a-df73-4f8d-8b22-bb49cf9f3683;https://metadados.snirh.gov.br/files/b8f0487a-df73-4f8d-8b22-bb49cf9f3683/Monte_Claro.zip
Monte Claro;156,82999999999117;156,69999999999118;1,9414101713576;32,584983948630004;UHE Monte Claro - CAV SNIRH.xlsx;b8f0487a-df73-4f8d-8b22-bb49cf9f3683;https://metadados.snirh.gov.br/files/b8f0487a-df73-4f8d-8b22-bb49cf9f3683/Monte_Claro.zip
Monte Claro;156,83999999999116;156,70999999999117;1,9417788671361;32,604403100749;UHE Monte Claro - CAV SNIRH.xlsx;b8f0487a-df73-4f8d-8b22-bb49cf9f3683;https://metadados.snirh.gov.br/files/b8f0487a-df73-4f8d-8b22-bb49cf9f3683/Monte_Claro.zip
Monte Claro;156,84999999999116;156,71999999999116;1,9421437616625;32,623827050687;UHE Monte Claro - CAV SNIRH.xlsx;b8f0487a-df73-4f8d-8b22-bb49cf9f3683;https://metadados.snirh.gov.br/files/b8f0487a-df73-4f8d-8b22-bb49cf9f3683/Monte_Claro.zip
Monte Claro;156,85999999999115;156,72999999999115;1,9425045730277;32,643254458872;UHE Monte Claro - CAV SNIRH.xlsx;b8f0487a-df73-4f8d-8b22-bb49cf9f3683;https://metadados.snirh.gov.br/files/b8f0487a-df73-4f8d-8b22-bb49cf9f3683/Monte_Claro.zip
Monte Claro;156,86999999999114;156,73999999999114;1,9428612060533998;32,662684850736;UHE Monte Claro - CAV SNIRH.xlsx;b8f0487a-df73-4f8d-8b22-bb49cf9f3683;https://metadados.snirh.gov.br/files/b8f0487a-df73-4f8d-8b22-bb49cf9f3683/Monte_Claro.zip
Monte Claro;156,87999999999113;156,74999999999113;1,9432136363074;32,682118596692;UHE Monte Claro - CAV SNIRH.xlsx;b8f0487a-df73-4f8d-8b22-bb49cf9f3683;https://metadados.snirh.gov.br/files/b8f0487a-df73-4f8d-8b22-bb49cf9f3683/Monte_Claro.zip
Monte Claro;156,88999999999112;156,75999999999112;1,9435616601132;32,701557248816;UHE Monte Claro - CAV SNIRH.xlsx;b8f0487a-df73-4f8d-8b22-bb49cf9f3683;https://metadados.snirh.gov.br/files/b8f0487a-df73-4f8d-8b22-bb49cf9f3683/Monte_Claro.zip
Monte Claro;156,8999999999911;156,76999999999111;1,9439051880079998;32,720998730105;UHE Monte Claro - CAV SNIRH.xlsx;b8f0487a-df73-4f8d-8b22-bb49cf9f3683;https://metadados.snirh.gov.br/files/b8f0487a-df73-4f8d-8b22-bb49cf9f3683/Monte_Claro.zip
Monte Claro;156,9099999999911;156,7799999999911;1,9442440353047998;32,740444444081;UHE Monte Claro - CAV SNIRH.xlsx;b8f0487a-df73-4f8d-8b22-bb49cf9f3683;https://metadados.snirh.gov.br/files/b8f0487a-df73-4f8d-8b22-bb49cf9f3683/Monte_Claro.zip
Monte Claro;156,9199999999911;156,7899999999911;1,9445779521778999;32,759893511014;UHE Monte Claro - CAV SNIRH.xlsx;b8f0487a-df73-4f8d-8b22-bb49cf9f3683;https://metadados.snirh.gov.br/files/b8f0487a-df73-4f8d-8b22-bb49cf9f3683/Monte_Claro.zip
Monte Claro;156,92999999999108;156,7999999999911;1,9449068181989;32,779346678329;UHE Monte Claro - CAV SNIRH.xlsx;b8f0487a-df73-4f8d-8b22-bb49cf9f3683;https://metadados.snirh.gov.br/files/b8f0487a-df73-4f8d-8b22-bb49cf9f3683/Monte_Claro.zip
Monte Claro;156,93999999999107;156,80999999999108;1,9452305326606;32,798803282318;UHE Monte Claro - CAV SNIRH.xlsx;b8f0487a-df73-4f8d-8b22-bb49cf9f3683;https://metadados.snirh.gov.br/files/b8f0487a-df73-4f8d-8b22-bb49cf9f3683/Monte_Claro.zip
Monte Claro;156,94999999999106;156,81999999999107;1,9455488413595001;32,818262280578;UHE Monte Claro - CAV SNIRH.xlsx;b8f0487a-df73-4f8d-8b22-bb49cf9f3683;https://metadados.snirh.gov.br/files/b8f0487a-df73-4f8d-8b22-bb49cf9f3683/Monte_Claro.zip
Monte Claro;156,95999999999106;156,82999999999106;1,9458615937602999;32,837725507736;UHE Monte Claro - CAV SNIRH.xlsx;b8f0487a-df73-4f8d-8b22-bb49cf9f3683;https://metadados.snirh.gov.br/files/b8f0487a-df73-4f8d-8b22-bb49cf9f3683/Monte_Claro.zip
Monte Claro;156,96999999999105;156,83999999999105;1,946168816777;32,857191697649;UHE Monte Claro - CAV SNIRH.xlsx;b8f0487a-df73-4f8d-8b22-bb49cf9f3683;https://metadados.snirh.gov.br/files/b8f0487a-df73-4f8d-8b22-bb49cf9f3683/Monte_Claro.zip
Monte Claro;156,97999999999104;156,84999999999104;1,9464702746182;32,876660545316;UHE Monte Claro - CAV SNIRH.xlsx;b8f0487a-df73-4f8d-8b22-bb49cf9f3683;https://metadados.snirh.gov.br/files/b8f0487a-df73-4f8d-8b22-bb49cf9f3683/Monte_Claro.zip
Monte Claro;156,98999999999103;156,85999999999103;1,946765735012;32,896133026174;UHE Monte Claro - CAV SNIRH.xlsx;b8f0487a-df73-4f8d-8b22-bb49cf9f3683;https://metadados.snirh.gov.br/files/b8f0487a-df73-4f8d-8b22-bb49cf9f3683/Monte_Claro.zip
Monte Claro;156,99999999999102;156,86999999999102;1,9470549664508;32,91560892086;UHE Monte Claro - CAV SNIRH.xlsx;b8f0487a-df73-4f8d-8b22-bb49cf9f3683;https://metadados.snirh.gov.br/files/b8f0487a-df73-4f8d-8b22-bb49cf9f3683/Monte_Claro.zip
Monte Claro;157,009999999991;156,879999999991;1,9473376858069;32,935087118260995;UHE Monte Claro - CAV SNIRH.xlsx;b8f0487a-df73-4f8d-8b22-bb49cf9f3683;https://metadados.snirh.gov.br/files/b8f0487a-df73-4f8d-8b22-bb49cf9f3683/Monte_Claro.zip
Monte Claro;157,019999999991;156,889999999991;1,9476135343165;32,954568943257996;UHE Monte Claro - CAV SNIRH.xlsx;b8f0487a-df73-4f8d-8b22-bb49cf9f3683;https://metadados.snirh.gov.br/files/b8f0487a-df73-4f8d-8b22-bb49cf9f3683/Monte_Claro.zip
Monte Claro;157,029999999991;156,899999999991;1,9478822985581;32,974053510549;UHE Monte Claro - CAV SNIRH.xlsx;b8f0487a-df73-4f8d-8b22-bb49cf9f3683;https://metadados.snirh.gov.br/files/b8f0487a-df73-4f8d-8b22-bb49cf9f3683/Monte_Claro.zip
Monte Claro;157,03999999999098;156,909999999991;1,9481437108332;32,993539999982;UHE Monte Claro - CAV SNIRH.xlsx;b8f0487a-df73-4f8d-8b22-bb49cf9f3683;https://metadados.snirh.gov.br/files/b8f0487a-df73-4f8d-8b22-bb49cf9f3683/Monte_Claro.zip
Monte Claro;157,04999999999097;156,91999999999098;1,9483975561045999;33,013030169317;UHE Monte Claro - CAV SNIRH.xlsx;b8f0487a-df73-4f8d-8b22-bb49cf9f3683;https://metadados.snirh.gov.br/files/b8f0487a-df73-4f8d-8b22-bb49cf9f3683/Monte_Claro.zip
Monte Claro;157,05999999999096;156,92999999999097;1,9486434813831;33,032522970862004;UHE Monte Claro - CAV SNIRH.xlsx;b8f0487a-df73-4f8d-8b22-bb49cf9f3683;https://metadados.snirh.gov.br/files/b8f0487a-df73-4f8d-8b22-bb49cf9f3683/Monte_Claro.zip
Monte Claro;157,06999999999096;156,93999999999096;1,9488811741767;33,052017916819;UHE Monte Claro - CAV SNIRH.xlsx;b8f0487a-df73-4f8d-8b22-bb49cf9f3683;https://metadados.snirh.gov.br/files/b8f0487a-df73-4f8d-8b22-bb49cf9f3683/Monte_Claro.zip
Monte Claro;157,07999999999095;156,94999999999095;1,9491104771362;33,071515501385;UHE Monte Claro - CAV SNIRH.xlsx;b8f0487a-df73-4f8d-8b22-bb49cf9f3683;https://metadados.snirh.gov.br/files/b8f0487a-df73-4f8d-8b22-bb49cf9f3683/Monte_Claro.zip
Monte Claro;157,08999999999094;156,95999999999094;1,9493312409861;33,091015164454;UHE Monte Claro - CAV SNIRH.xlsx;b8f0487a-df73-4f8d-8b22-bb49cf9f3683;https://metadados.snirh.gov.br/files/b8f0487a-df73-4f8d-8b22-bb49cf9f3683/Monte_Claro.zip
Monte Claro;157,09999999999093;156,96999999999093;1,9495431612365;33,110516527946;UHE Monte Claro - CAV SNIRH.xlsx;b8f0487a-df73-4f8d-8b22-bb49cf9f3683;https://metadados.snirh.gov.br/files/b8f0487a-df73-4f8d-8b22-bb49cf9f3683/Monte_Claro.zip
Monte Claro;157,10999999999092;156,97999999999092;1,9497464980829;33,130019740423;UHE Monte Claro - CAV SNIRH.xlsx;b8f0487a-df73-4f8d-8b22-bb49cf9f3683;https://metadados.snirh.gov.br/files/b8f0487a-df73-4f8d-8b22-bb49cf9f3683/Monte_Claro.zip
Monte Claro;157,1199999999909;156,9899999999909;1,9499411696456999;33,149525238329;UHE Monte Claro - CAV SNIRH.xlsx;b8f0487a-df73-4f8d-8b22-bb49cf9f3683;https://metadados.snirh.gov.br/files/b8f0487a-df73-4f8d-8b22-bb49cf9f3683/Monte_Claro.zip
Monte Claro;157,1299999999909;156,9999999999909;1,9501273200284999;33,169032537546;UHE Monte Claro - CAV SNIRH.xlsx;b8f0487a-df73-4f8d-8b22-bb49cf9f3683;https://metadados.snirh.gov.br/files/b8f0487a-df73-4f8d-8b22-bb49cf9f3683/Monte_Claro.zip
Monte Claro;157,1399999999909;157,0099999999909;1,9503050703765;33,188541664395004;UHE Monte Claro - CAV SNIRH.xlsx;b8f0487a-df73-4f8d-8b22-bb49cf9f3683;https://metadados.snirh.gov.br/files/b8f0487a-df73-4f8d-8b22-bb49cf9f3683/Monte_Claro.zip
Monte Claro;157,14999999999088;157,0199999999909;1,9504744147859;33,20805192959;UHE Monte Claro - CAV SNIRH.xlsx;b8f0487a-df73-4f8d-8b22-bb49cf9f3683;https://metadados.snirh.gov.br/files/b8f0487a-df73-4f8d-8b22-bb49cf9f3683/Monte_Claro.zip
Monte Claro;157,15999999999087;157,02999999999088;1,9506353081435;33,227564113523;UHE Monte Claro - CAV SNIRH.xlsx;b8f0487a-df73-4f8d-8b22-bb49cf9f3683;https://metadados.snirh.gov.br/files/b8f0487a-df73-4f8d-8b22-bb49cf9f3683/Monte_Claro.zip
Monte Claro;157,16999999999086;157,03999999999087;1,9507877270189;33,247077447491996;UHE Monte Claro - CAV SNIRH.xlsx;b8f0487a-df73-4f8d-8b22-bb49cf9f3683;https://metadados.snirh.gov.br/files/b8f0487a-df73-4f8d-8b22-bb49cf9f3683/Monte_Claro.zip
Monte Claro;157,17999999999086;157,04999999999086;1,9509310100334;33,266591878527;UHE Monte Claro - CAV SNIRH.xlsx;b8f0487a-df73-4f8d-8b22-bb49cf9f3683;https://metadados.snirh.gov.br/files/b8f0487a-df73-4f8d-8b22-bb49cf9f3683/Monte_Claro.zip
Monte Claro;157,18999999999085;157,05999999999085;1,9510645477514;33,286108652306;UHE Monte Claro - CAV SNIRH.xlsx;b8f0487a-df73-4f8d-8b22-bb49cf9f3683;https://metadados.snirh.gov.br/files/b8f0487a-df73-4f8d-8b22-bb49cf9f3683/Monte_Claro.zip
Monte Claro;157,19999999999084;157,06999999999084;1,9511879446624;33,305625874262;UHE Monte Claro - CAV SNIRH.xlsx;b8f0487a-df73-4f8d-8b22-bb49cf9f3683;https://metadados.snirh.gov.br/files/b8f0487a-df73-4f8d-8b22-bb49cf9f3683/Monte_Claro.zip
Monte Claro;157,20999999999083;157,07999999999083;1,9513010385146;33,325143841801;UHE Monte Claro - CAV SNIRH.xlsx;b8f0487a-df73-4f8d-8b22-bb49cf9f3683;https://metadados.snirh.gov.br/files/b8f0487a-df73-4f8d-8b22-bb49cf9f3683/Monte_Claro.zip
Monte Claro;157,21999999999082;157,08999999999082;1,9514026399363;33,344663440777;UHE Monte Claro - CAV SNIRH.xlsx;b8f0487a-df73-4f8d-8b22-bb49cf9f3683;https://metadados.snirh.gov.br/files/b8f0487a-df73-4f8d-8b22-bb49cf9f3683/Monte_Claro.zip
Monte Claro;157,2299999999908;157,0999999999908;1,9514897780188;33,364183423011;UHE Monte Claro - CAV SNIRH.xlsx;b8f0487a-df73-4f8d-8b22-bb49cf9f3683;https://metadados.snirh.gov.br/files/b8f0487a-df73-4f8d-8b22-bb49cf9f3683/Monte_Claro.zip
Monte Claro;157,2399999999908;157,1099999999908;1,9515595220674;33,38370453283;UHE Monte Claro - CAV SNIRH.xlsx;b8f0487a-df73-4f8d-8b22-bb49cf9f3683;https://metadados.snirh.gov.br/files/b8f0487a-df73-4f8d-8b22-bb49cf9f3683/Monte_Claro.zip
Monte Claro;157,2499999999908;157,1199999999908;1,9516116348726;33,403226140719;UHE Monte Claro - CAV SNIRH.xlsx;b8f0487a-df73-4f8d-8b22-bb49cf9f3683;https://metadados.snirh.gov.br/files/b8f0487a-df73-4f8d-8b22-bb49cf9f3683/Monte_Claro.zip
