usina;cota_sl_m;cota_sgb_m;area_km2;volume_hm3;arquivo_fonte;registro_snirh;url_download
14 de Julho;62,37;62,3;0,0;0,0;UHE 14 de Julho - CAV SNHIR.xlsx;b8f0487a-df73-4f8d-8b22-bb49cf9f3683;https://metadados.snirh.gov.br/files/b8f0487a-df73-4f8d-8b22-bb49cf9f3683/14_de_Julho.zip
14 de Julho;62,47;62,4;6,047528291028e-06;1,2015951358273e-07;UHE 14 de Julho - CAV SNHIR.xlsx;b8f0487a-df73-4f8d-8b22-bb49cf9f3683;https://metadados.snirh.gov.br/files/b8f0487a-df73-4f8d-8b22-bb49cf9f3683/14_de_Julho.zip
14 de Julho;62,57;62,5;2,2539450341257e-05;1,4931707776266002e-06;UHE 14 de Julho - CAV SNHIR.xlsx;b8f0487a-df73-4f8d-8b22-bb49cf9f3683;https://metadados.snirh.gov.br/files/b8f0487a-df73-4f8d-8b22-bb49cf9f3683/14_de_Julho.zip
14 de Julho;62,67;62,6;4,1158318165761994e-05;4,5465290560377005e-06;UHE 14 de Julho - CAV SNHIR.xlsx;b8f0487a-df73-4f8d-8b22-bb49cf9f3683;https://metadados.snirh.gov.br/files/b8f0487a-df73-4f8d-8b22-bb49cf9f3683/14_de_Julho.zip
14 de Julho;62,77;62,7;6,0655509835552005e-05;9,6315618342071e-06;UHE 14 de Julho - CAV SNHIR.xlsx;b8f0487a-df73-4f8d-8b22-bb49cf9f3683;https://metadados.snirh.gov.br/files/b8f0487a-df73-4f8d-8b22-bb49cf9f3683/14_de_Julho.zip
14 de Julho;62,870000000000005;62,800000000000004;8,0785628925969e-05;1,6524713188509998e-05;UHE 14 de Julho - CAV SNHIR.xlsx;b8f0487a-df73-4f8d-8b22-bb49cf9f3683;https://metadados.snirh.gov.br/files/b8f0487a-df73-4f8d-8b22-bb49cf9f3683/14_de_Julho.zip
14 de Julho;62,970000000000006;62,900000000000006;0,00010106704302699001;2,5609376196241e-05;UHE 14 de Julho - CAV SNHIR.xlsx;b8f0487a-df73-4f8d-8b22-bb49cf9f3683;https://metadados.snirh.gov.br/files/b8f0487a-df73-4f8d-8b22-bb49cf9f3683/14_de_Julho.zip
14 de Julho;63,07000000000001;63,00000000000001;0,00012190107264234;3,6695370435693e-05;UHE 14 de Julho - CAV SNHIR.xlsx;b8f0487a-df73-4f8d-8b22-bb49cf9f3683;https://metadados.snirh.gov.br/files/b8f0487a-df73-4f8d-8b22-bb49cf9f3683/14_de_Julho.zip
14 de Julho;63,17000000000001;63,10000000000001;0,00014371931825629;4,9824891679567994e-05;UHE 14 de Julho - CAV SNHIR.xlsx;b8f0487a-df73-4f8d-8b22-bb49cf9f3683;https://metadados.snirh.gov.br/files/b8f0487a-df73-4f8d-8b22-bb49cf9f3683/14_de_Julho.zip
14 de Julho;63,27000000000001;63,20000000000001;0,00016682319203839002;6,5316129233645e-05;UHE 14 de Julho - CAV SNHIR.xlsx;b8f0487a-df73-4f8d-8b22-bb49cf9f3683;https://metadados.snirh.gov.br/files/b8f0487a-df73-4f8d-8b22-bb49cf9f3683/14_de_Julho.zip
14 de Julho;63,37000000000001;63,30000000000001;0,00019008596188549;8,2903201338137e-05;UHE 14 de Julho - CAV SNHIR.xlsx;b8f0487a-df73-4f8d-8b22-bb49cf9f3683;https://metadados.snirh.gov.br/files/b8f0487a-df73-4f8d-8b22-bb49cf9f3683/14_de_Julho.zip
14 de Julho;63,47000000000001;63,40000000000001;0,00022324282323668;0,00010319531139042;UHE 14 de Julho - CAV SNHIR.xlsx;b8f0487a-df73-4f8d-8b22-bb49cf9f3683;https://metadados.snirh.gov.br/files/b8f0487a-df73-4f8d-8b22-bb49cf9f3683/14_de_Julho.zip
14 de Julho;63,570000000000014;63,500000000000014;0,00026948328039450004;0,00012781469372187;UHE 14 de Julho - CAV SNHIR.xlsx;b8f0487a-df73-4f8d-8b22-bb49cf9f3683;https://metadados.snirh.gov.br/files/b8f0487a-df73-4f8d-8b22-bb49cf9f3683/14_de_Julho.zip
14 de Julho;63,670000000000016;63,600000000000016;0,00031438499425123003;0,00015661361283145998;UHE 14 de Julho - CAV SNHIR.xlsx;b8f0487a-df73-4f8d-8b22-bb49cf9f3683;https://metadados.snirh.gov.br/files/b8f0487a-df73-4f8d-8b22-bb49cf9f3683/14_de_Julho.zip
14 de Julho;63,77000000000002;63,70000000000002;0,00036344680781877;0,00019038330565549;UHE 14 de Julho - CAV SNHIR.xlsx;b8f0487a-df73-4f8d-8b22-bb49cf9f3683;https://metadados.snirh.gov.br/files/b8f0487a-df73-4f8d-8b22-bb49cf9f3683/14_de_Julho.zip
14 de Julho;63,87000000000002;63,80000000000002;0,00041695875601323003;0,00022939006109901002;UHE 14 de Julho - CAV SNHIR.xlsx;b8f0487a-df73-4f8d-8b22-bb49cf9f3683;https://metadados.snirh.gov.br/files/b8f0487a-df73-4f8d-8b22-bb49cf9f3683/14_de_Julho.zip
14 de Julho;63,97000000000002;63,90000000000002;0,00047504870026651003;0,00027357682622354004;UHE 14 de Julho - CAV SNHIR.xlsx;b8f0487a-df73-4f8d-8b22-bb49cf9f3683;https://metadados.snirh.gov.br/files/b8f0487a-df73-4f8d-8b22-bb49cf9f3683/14_de_Julho.zip
14 de Julho;64,07000000000001;64,00000000000001;0,00059054622332815;0,00032596160741831;UHE 14 de Julho - CAV SNHIR.xlsx;b8f0487a-df73-4f8d-8b22-bb49cf9f3683;https://metadados.snirh.gov.br/files/b8f0487a-df73-4f8d-8b22-bb49cf9f3683/14_de_Julho.zip
14 de Julho;64,17;64,10000000000001;0,00074658256679552;0,00039291121829616995;UHE 14 de Julho - CAV SNHIR.xlsx;b8f0487a-df73-4f8d-8b22-bb49cf9f3683;https://metadados.snirh.gov.br/files/b8f0487a-df73-4f8d-8b22-bb49cf9f3683/14_de_Julho.zip
14 de Julho;64,27;64,2;0,00085398544677365;0,00047312118565952;UHE 14 de Julho - CAV SNHIR.xlsx;b8f0487a-df73-4f8d-8b22-bb49cf9f3683;https://metadados.snirh.gov.br/files/b8f0487a-df73-4f8d-8b22-bb49cf9f3683/14_de_Julho.zip
14 de Julho;64,36999999999999;64,3;0,00094468802297661;0,00056298348429904;UHE 14 de Julho - CAV SNHIR.xlsx;b8f0487a-df73-4f8d-8b22-bb49cf9f3683;https://metadados.snirh.gov.br/files/b8f0487a-df73-4f8d-8b22-bb49cf9f3683/14_de_Julho.zip
14 de Julho;64,46999999999998;64,39999999999999;0,0010269302803679;0,0006612898414512801;UHE 14 de Julho - CAV SNHIR.xlsx;b8f0487a-df73-4f8d-8b22-bb49cf9f3683;https://metadados.snirh.gov.br/files/b8f0487a-df73-4f8d-8b22-bb49cf9f3683/14_de_Julho.zip
14 de Julho;64,56999999999998;64,49999999999999;0,0011039277893805;0,00076789694937123;UHE 14 de Julho - CAV SNHIR.xlsx;b8f0487a-df73-4f8d-8b22-bb49cf9f3683;https://metadados.snirh.gov.br/files/b8f0487a-df73-4f8d-8b22-bb49cf9f3683/14_de_Julho.zip
14 de Julho;64,66999999999997;64,59999999999998;0,0011771918068897;0,000881980603275;UHE 14 de Julho - CAV SNHIR.xlsx;b8f0487a-df73-4f8d-8b22-bb49cf9f3683;https://metadados.snirh.gov.br/files/b8f0487a-df73-4f8d-8b22-bb49cf9f3683/14_de_Julho.zip
14 de Julho;64,76999999999997;64,69999999999997;0,0012480226782581002;0,0010026598992336;UHE 14 de Julho - CAV SNHIR.xlsx;b8f0487a-df73-4f8d-8b22-bb49cf9f3683;https://metadados.snirh.gov.br/files/b8f0487a-df73-4f8d-8b22-bb49cf9f3683/14_de_Julho.zip
14 de Julho;64,86999999999996;64,79999999999997;0,0013171375132086;0,0011311890496812;UHE 14 de Julho - CAV SNHIR.xlsx;b8f0487a-df73-4f8d-8b22-bb49cf9f3683;https://metadados.snirh.gov.br/files/b8f0487a-df73-4f8d-8b22-bb49cf9f3683/14_de_Julho.zip
14 de Julho;64,96999999999996;64,89999999999996;0,0013853680444801;0,0012662831294667002;UHE 14 de Julho - CAV SNHIR.xlsx;b8f0487a-df73-4f8d-8b22-bb49cf9f3683;https://metadados.snirh.gov.br/files/b8f0487a-df73-4f8d-8b22-bb49cf9f3683/14_de_Julho.zip
14 de Julho;65,06999999999995;64,99999999999996;0,0014540068281921;0,0014076952534919;UHE 14 de Julho - CAV SNHIR.xlsx;b8f0487a-df73-4f8d-8b22-bb49cf9f3683;https://metadados.snirh.gov.br/files/b8f0487a-df73-4f8d-8b22-bb49cf9f3683/14_de_Julho.zip
14 de Julho;65,16999999999994;65,09999999999995;0,001525119719543;0,0015566801098427;UHE 14 de Julho - CAV SNHIR.xlsx;b8f0487a-df73-4f8d-8b22-bb49cf9f3683;https://metadados.snirh.gov.br/files/b8f0487a-df73-4f8d-8b22-bb49cf9f3683/14_de_Julho.zip
14 de Julho;65,26999999999994;65,19999999999995;0,0015947135334970998;0,0017125289330007;UHE 14 de Julho - CAV SNHIR.xlsx;b8f0487a-df73-4f8d-8b22-bb49cf9f3683;https://metadados.snirh.gov.br/files/b8f0487a-df73-4f8d-8b22-bb49cf9f3683/14_de_Julho.zip
14 de Julho;65,36999999999993;65,29999999999994;0,0016615528699719;0,0018756724196748;UHE 14 de Julho - CAV SNHIR.xlsx;b8f0487a-df73-4f8d-8b22-bb49cf9f3683;https://metadados.snirh.gov.br/files/b8f0487a-df73-4f8d-8b22-bb49cf9f3683/14_de_Julho.zip
14 de Julho;65,46999999999993;65,39999999999993;0,0017618231879979;0,002045908519753;UHE 14 de Julho - CAV SNHIR.xlsx;b8f0487a-df73-4f8d-8b22-bb49cf9f3683;https://metadados.snirh.gov.br/files/b8f0487a-df73-4f8d-8b22-bb49cf9f3683/14_de_Julho.zip
14 de Julho;65,56999999999992;65,49999999999993;0,0018752320836165;0,002227354084937;UHE 14 de Julho - CAV SNHIR.xlsx;b8f0487a-df73-4f8d-8b22-bb49cf9f3683;https://metadados.snirh.gov.br/files/b8f0487a-df73-4f8d-8b22-bb49cf9f3683/14_de_Julho.zip
14 de Julho;65,66999999999992;65,59999999999992;0,0020010841525352;0,00242068268376;UHE 14 de Julho - CAV SNHIR.xlsx;b8f0487a-df73-4f8d-8b22-bb49cf9f3683;https://metadados.snirh.gov.br/files/b8f0487a-df73-4f8d-8b22-bb49cf9f3683/14_de_Julho.zip
14 de Julho;65,76999999999991;65,69999999999992;0,0022093507613862;0,0026312186027487;UHE 14 de Julho - CAV SNHIR.xlsx;b8f0487a-df73-4f8d-8b22-bb49cf9f3683;https://metadados.snirh.gov.br/files/b8f0487a-df73-4f8d-8b22-bb49cf9f3683/14_de_Julho.zip
14 de Julho;65,8699999999999;65,79999999999991;0,0024403555218984003;0,0028622175402195998;UHE 14 de Julho - CAV SNHIR.xlsx;b8f0487a-df73-4f8d-8b22-bb49cf9f3683;https://metadados.snirh.gov.br/files/b8f0487a-df73-4f8d-8b22-bb49cf9f3683/14_de_Julho.zip
14 de Julho;65,9699999999999;65,8999999999999;0,0027111393941962;0,0031193445375622;UHE 14 de Julho - CAV SNHIR.xlsx;b8f0487a-df73-4f8d-8b22-bb49cf9f3683;https://metadados.snirh.gov.br/files/b8f0487a-df73-4f8d-8b22-bb49cf9f3683/14_de_Julho.zip
14 de Julho;66,0699999999999;65,9999999999999;0,0029959599658712;0,0034043511004789003;UHE 14 de Julho - CAV SNHIR.xlsx;b8f0487a-df73-4f8d-8b22-bb49cf9f3683;https://metadados.snirh.gov.br/files/b8f0487a-df73-4f8d-8b22-bb49cf9f3683/14_de_Julho.zip
14 de Julho;66,16999999999989;66,0999999999999;0,0032853338856511;0,003718601537698;UHE 14 de Julho - CAV SNHIR.xlsx;b8f0487a-df73-4f8d-8b22-bb49cf9f3683;https://metadados.snirh.gov.br/files/b8f0487a-df73-4f8d-8b22-bb49cf9f3683/14_de_Julho.zip
14 de Julho;66,26999999999988;66,19999999999989;0,0036444573653555998;0,0040629923080259;UHE 14 de Julho - CAV SNHIR.xlsx;b8f0487a-df73-4f8d-8b22-bb49cf9f3683;https://metadados.snirh.gov.br/files/b8f0487a-df73-4f8d-8b22-bb49cf9f3683/14_de_Julho.zip
14 de Julho;66,36999999999988;66,29999999999988;0,0040722280117356;0,0044480503813051;UHE 14 de Julho - CAV SNHIR.xlsx;b8f0487a-df73-4f8d-8b22-bb49cf9f3683;https://metadados.snirh.gov.br/files/b8f0487a-df73-4f8d-8b22-bb49cf9f3683/14_de_Julho.zip
14 de Julho;66,46999999999987;66,39999999999988;0,0045538688376163;0,004877867655997;UHE 14 de Julho - CAV SNHIR.xlsx;b8f0487a-df73-4f8d-8b22-bb49cf9f3683;https://metadados.snirh.gov.br/files/b8f0487a-df73-4f8d-8b22-bb49cf9f3683/14_de_Julho.zip
14 de Julho;66,56999999999987;66,49999999999987;0,0051391527567714;0,0053611957499093;UHE 14 de Julho - CAV SNHIR.xlsx;b8f0487a-df73-4f8d-8b22-bb49cf9f3683;https://metadados.snirh.gov.br/files/b8f0487a-df73-4f8d-8b22-bb49cf9f3683/14_de_Julho.zip
14 de Julho;66,66999999999986;66,59999999999987;0,0057290699006567;0,0059034005159604;UHE 14 de Julho - CAV SNHIR.xlsx;b8f0487a-df73-4f8d-8b22-bb49cf9f3683;https://metadados.snirh.gov.br/files/b8f0487a-df73-4f8d-8b22-bb49cf9f3683/14_de_Julho.zip
14 de Julho;66,76999999999985;66,69999999999986;0,006327506515357201;0,0065057317999902;UHE 14 de Julho - CAV SNHIR.xlsx;b8f0487a-df73-4f8d-8b22-bb49cf9f3683;https://metadados.snirh.gov.br/files/b8f0487a-df73-4f8d-8b22-bb49cf9f3683/14_de_Julho.zip
14 de Julho;66,86999999999985;66,79999999999986;0,0069458923478177;0,0071675714020354;UHE 14 de Julho - CAV SNHIR.xlsx;b8f0487a-df73-4f8d-8b22-bb49cf9f3683;https://metadados.snirh.gov.br/files/b8f0487a-df73-4f8d-8b22-bb49cf9f3683/14_de_Julho.zip
14 de Julho;66,96999999999984;66,89999999999985;0,0076216756814205;0,00789462249273;UHE 14 de Julho - CAV SNHIR.xlsx;b8f0487a-df73-4f8d-8b22-bb49cf9f3683;https://metadados.snirh.gov.br/files/b8f0487a-df73-4f8d-8b22-bb49cf9f3683/14_de_Julho.zip
14 de Julho;67,06999999999984;66,99999999999984;0,008337475007491301;0,0086914165114451;UHE 14 de Julho - CAV SNHIR.xlsx;b8f0487a-df73-4f8d-8b22-bb49cf9f3683;https://metadados.snirh.gov.br/files/b8f0487a-df73-4f8d-8b22-bb49cf9f3683/14_de_Julho.zip
14 de Julho;67,16999999999983;67,09999999999984;0,0090842743393842;0,0095619562607444;UHE 14 de Julho - CAV SNHIR.xlsx;b8f0487a-df73-4f8d-8b22-bb49cf9f3683;https://metadados.snirh.gov.br/files/b8f0487a-df73-4f8d-8b22-bb49cf9f3683/14_de_Julho.zip
14 de Julho;67,26999999999983;67,19999999999983;0,0098513952519147;0,010507673294754001;UHE 14 de Julho - CAV SNHIR.xlsx;b8f0487a-df73-4f8d-8b22-bb49cf9f3683;https://metadados.snirh.gov.br/files/b8f0487a-df73-4f8d-8b22-bb49cf9f3683/14_de_Julho.zip
14 de Julho;67,36999999999982;67,29999999999983;0,010636282452505;0,01153078355602;UHE 14 de Julho - CAV SNHIR.xlsx;b8f0487a-df73-4f8d-8b22-bb49cf9f3683;https://metadados.snirh.gov.br/files/b8f0487a-df73-4f8d-8b22-bb49cf9f3683/14_de_Julho.zip
14 de Julho;67,46999999999981;67,39999999999982;0,011330171306336;0,012629346825442;UHE 14 de Julho - CAV SNHIR.xlsx;b8f0487a-df73-4f8d-8b22-bb49cf9f3683;https://metadados.snirh.gov.br/files/b8f0487a-df73-4f8d-8b22-bb49cf9f3683/14_de_Julho.zip
14 de Julho;67,56999999999981;67,49999999999982;0,011970330147036001;0,013793567681156998;UHE 14 de Julho - CAV SNHIR.xlsx;b8f0487a-df73-4f8d-8b22-bb49cf9f3683;https://metadados.snirh.gov.br/files/b8f0487a-df73-4f8d-8b22-bb49cf9f3683/14_de_Julho.zip
14 de Julho;67,6699999999998;67,59999999999981;0,012597621402655001;0,015020570430631;UHE 14 de Julho - CAV SNHIR.xlsx;b8f0487a-df73-4f8d-8b22-bb49cf9f3683;https://metadados.snirh.gov.br/files/b8f0487a-df73-4f8d-8b22-bb49cf9f3683/14_de_Julho.zip
14 de Julho;67,7699999999998;67,6999999999998;0,013225885143133;0,016311193673488;UHE 14 de Julho - CAV SNHIR.xlsx;b8f0487a-df73-4f8d-8b22-bb49cf9f3683;https://metadados.snirh.gov.br/files/b8f0487a-df73-4f8d-8b22-bb49cf9f3683/14_de_Julho.zip
14 de Julho;67,86999999999979;67,7999999999998;0,013848532372928001;0,017663624576657;UHE 14 de Julho - CAV SNHIR.xlsx;b8f0487a-df73-4f8d-8b22-bb49cf9f3683;https://metadados.snirh.gov.br/files/b8f0487a-df73-4f8d-8b22-bb49cf9f3683/14_de_Julho.zip
14 de Julho;67,96999999999979;67,89999999999979;0,014473610157881;0,019079656731713;UHE 14 de Julho - CAV SNHIR.xlsx;b8f0487a-df73-4f8d-8b22-bb49cf9f3683;https://metadados.snirh.gov.br/files/b8f0487a-df73-4f8d-8b22-bb49cf9f3683/14_de_Julho.zip
14 de Julho;68,06999999999978;67,99999999999979;0,015097595288722;0,020556569228644;UHE 14 de Julho - CAV SNHIR.xlsx;b8f0487a-df73-4f8d-8b22-bb49cf9f3683;https://metadados.snirh.gov.br/files/b8f0487a-df73-4f8d-8b22-bb49cf9f3683/14_de_Julho.zip
14 de Julho;68,16999999999977;68,09999999999978;0,015742582875934;0,022097531210296003;UHE 14 de Julho - CAV SNHIR.xlsx;b8f0487a-df73-4f8d-8b22-bb49cf9f3683;https://metadados.snirh.gov.br/files/b8f0487a-df73-4f8d-8b22-bb49cf9f3683/14_de_Julho.zip
14 de Julho;68,26999999999977;68,19999999999978;0,016464746417140998;0,023706807605281998;UHE 14 de Julho - CAV SNHIR.xlsx;b8f0487a-df73-4f8d-8b22-bb49cf9f3683;https://metadados.snirh.gov.br/files/b8f0487a-df73-4f8d-8b22-bb49cf9f3683/14_de_Julho.zip
14 de Julho;68,36999999999976;68,29999999999977;0,01715989884261;0,025386683769906;UHE 14 de Julho - CAV SNHIR.xlsx;b8f0487a-df73-4f8d-8b22-bb49cf9f3683;https://metadados.snirh.gov.br/files/b8f0487a-df73-4f8d-8b22-bb49cf9f3683/14_de_Julho.zip
14 de Julho;68,46999999999976;68,39999999999976;0,017835933025358002;0,02713597781718;UHE 14 de Julho - CAV SNHIR.xlsx;b8f0487a-df73-4f8d-8b22-bb49cf9f3683;https://metadados.snirh.gov.br/files/b8f0487a-df73-4f8d-8b22-bb49cf9f3683/14_de_Julho.zip
14 de Julho;68,56999999999975;68,49999999999976;0,018461695140085003;0,028950398766482997;UHE 14 de Julho - CAV SNHIR.xlsx;b8f0487a-df73-4f8d-8b22-bb49cf9f3683;https://metadados.snirh.gov.br/files/b8f0487a-df73-4f8d-8b22-bb49cf9f3683/14_de_Julho.zip
14 de Julho;68,66999999999975;68,59999999999975;0,019077688913498002;0,030826470892064;UHE 14 de Julho - CAV SNHIR.xlsx;b8f0487a-df73-4f8d-8b22-bb49cf9f3683;https://metadados.snirh.gov.br/files/b8f0487a-df73-4f8d-8b22-bb49cf9f3683/14_de_Julho.zip
14 de Julho;68,76999999999974;68,69999999999975;0,019734553106989;0,032765870560191;UHE 14 de Julho - CAV SNHIR.xlsx;b8f0487a-df73-4f8d-8b22-bb49cf9f3683;https://metadados.snirh.gov.br/files/b8f0487a-df73-4f8d-8b22-bb49cf9f3683/14_de_Julho.zip
14 de Julho;68,86999999999973;68,79999999999974;0,020527979418787;0,034776654693466;UHE 14 de Julho - CAV SNHIR.xlsx;b8f0487a-df73-4f8d-8b22-bb49cf9f3683;https://metadados.snirh.gov.br/files/b8f0487a-df73-4f8d-8b22-bb49cf9f3683/14_de_Julho.zip
14 de Julho;68,96999999999973;68,89999999999974;0,021544185934159;0,036878453517684;UHE 14 de Julho - CAV SNHIR.xlsx;b8f0487a-df73-4f8d-8b22-bb49cf9f3683;https://metadados.snirh.gov.br/files/b8f0487a-df73-4f8d-8b22-bb49cf9f3683/14_de_Julho.zip
14 de Julho;69,06999999999972;68,99999999999973;0,022643599975398;0,039084091974709995;UHE 14 de Julho - CAV SNHIR.xlsx;b8f0487a-df73-4f8d-8b22-bb49cf9f3683;https://metadados.snirh.gov.br/files/b8f0487a-df73-4f8d-8b22-bb49cf9f3683/14_de_Julho.zip
14 de Julho;69,16999999999972;69,09999999999972;0,023995397826313002;0,041414072909084006;UHE 14 de Julho - CAV SNHIR.xlsx;b8f0487a-df73-4f8d-8b22-bb49cf9f3683;https://metadados.snirh.gov.br/files/b8f0487a-df73-4f8d-8b22-bb49cf9f3683/14_de_Julho.zip
14 de Julho;69,26999999999971;69,19999999999972;0,025480453660462;0,043887362884885;UHE 14 de Julho - CAV SNHIR.xlsx;b8f0487a-df73-4f8d-8b22-bb49cf9f3683;https://metadados.snirh.gov.br/files/b8f0487a-df73-4f8d-8b22-bb49cf9f3683/14_de_Julho.zip
14 de Julho;69,3699999999997;69,29999999999971;0,026974549709976;0,046507049246886006;UHE 14 de Julho - CAV SNHIR.xlsx;b8f0487a-df73-4f8d-8b22-bb49cf9f3683;https://metadados.snirh.gov.br/files/b8f0487a-df73-4f8d-8b22-bb49cf9f3683/14_de_Julho.zip
14 de Julho;69,4699999999997;69,39999999999971;0,028733517783496;0,049290267903838;UHE 14 de Julho - CAV SNHIR.xlsx;b8f0487a-df73-4f8d-8b22-bb49cf9f3683;https://metadados.snirh.gov.br/files/b8f0487a-df73-4f8d-8b22-bb49cf9f3683/14_de_Julho.zip
14 de Julho;69,5699999999997;69,4999999999997;0,030504077635973;0,05225063555916;UHE 14 de Julho - CAV SNHIR.xlsx;b8f0487a-df73-4f8d-8b22-bb49cf9f3683;https://metadados.snirh.gov.br/files/b8f0487a-df73-4f8d-8b22-bb49cf9f3683/14_de_Julho.zip
14 de Julho;69,66999999999969;69,5999999999997;0,032437467958768;0,055395146432823;UHE 14 de Julho - CAV SNHIR.xlsx;b8f0487a-df73-4f8d-8b22-bb49cf9f3683;https://metadados.snirh.gov.br/files/b8f0487a-df73-4f8d-8b22-bb49cf9f3683/14_de_Julho.zip
14 de Julho;69,76999999999968;69,69999999999969;0,034205896965475005;0,058726007039219;UHE 14 de Julho - CAV SNHIR.xlsx;b8f0487a-df73-4f8d-8b22-bb49cf9f3683;https://metadados.snirh.gov.br/files/b8f0487a-df73-4f8d-8b22-bb49cf9f3683/14_de_Julho.zip
14 de Julho;69,86999999999968;69,79999999999968;0,035975515936051;0,062233472952862;UHE 14 de Julho - CAV SNHIR.xlsx;b8f0487a-df73-4f8d-8b22-bb49cf9f3683;https://metadados.snirh.gov.br/files/b8f0487a-df73-4f8d-8b22-bb49cf9f3683/14_de_Julho.zip
14 de Julho;69,96999999999967;69,89999999999968;0,037651414627298;0,065913542660121;UHE 14 de Julho - CAV SNHIR.xlsx;b8f0487a-df73-4f8d-8b22-bb49cf9f3683;https://metadados.snirh.gov.br/files/b8f0487a-df73-4f8d-8b22-bb49cf9f3683/14_de_Julho.zip
14 de Julho;70,06999999999967;69,99999999999967;0,039439288928929006;0,069764961230545;UHE 14 de Julho - CAV SNHIR.xlsx;b8f0487a-df73-4f8d-8b22-bb49cf9f3683;https://metadados.snirh.gov.br/files/b8f0487a-df73-4f8d-8b22-bb49cf9f3683/14_de_Julho.zip
14 de Julho;70,16999999999966;70,09999999999967;0,041230199360927;0,073796343604752;UHE 14 de Julho - CAV SNHIR.xlsx;b8f0487a-df73-4f8d-8b22-bb49cf9f3683;https://metadados.snirh.gov.br/files/b8f0487a-df73-4f8d-8b22-bb49cf9f3683/14_de_Julho.zip
14 de Julho;70,26999999999965;70,19999999999966;0,043042033060620995;0,078009636560971;UHE 14 de Julho - CAV SNHIR.xlsx;b8f0487a-df73-4f8d-8b22-bb49cf9f3683;https://metadados.snirh.gov.br/files/b8f0487a-df73-4f8d-8b22-bb49cf9f3683/14_de_Julho.zip
14 de Julho;70,36999999999965;70,29999999999966;0,044814411721634;0,082399292680858;UHE 14 de Julho - CAV SNHIR.xlsx;b8f0487a-df73-4f8d-8b22-bb49cf9f3683;https://metadados.snirh.gov.br/files/b8f0487a-df73-4f8d-8b22-bb49cf9f3683/14_de_Julho.zip
14 de Julho;70,46999999999964;70,39999999999965;0,046859396743682;0,086977780301092;UHE 14 de Julho - CAV SNHIR.xlsx;b8f0487a-df73-4f8d-8b22-bb49cf9f3683;https://metadados.snirh.gov.br/files/b8f0487a-df73-4f8d-8b22-bb49cf9f3683/14_de_Julho.zip
14 de Julho;70,56999999999964;70,49999999999964;0,04882843314088;0,091761623848982;UHE 14 de Julho - CAV SNHIR.xlsx;b8f0487a-df73-4f8d-8b22-bb49cf9f3683;https://metadados.snirh.gov.br/files/b8f0487a-df73-4f8d-8b22-bb49cf9f3683/14_de_Julho.zip
14 de Julho;70,66999999999963;70,59999999999964;0,050656076915881997;0,096733652539755;UHE 14 de Julho - CAV SNHIR.xlsx;b8f0487a-df73-4f8d-8b22-bb49cf9f3683;https://metadados.snirh.gov.br/files/b8f0487a-df73-4f8d-8b22-bb49cf9f3683/14_de_Julho.zip
14 de Julho;70,76999999999963;70,69999999999963;0,052426136533350993;0,10188732328789;UHE 14 de Julho - CAV SNHIR.xlsx;b8f0487a-df73-4f8d-8b22-bb49cf9f3683;https://metadados.snirh.gov.br/files/b8f0487a-df73-4f8d-8b22-bb49cf9f3683/14_de_Julho.zip
14 de Julho;70,86999999999962;70,79999999999963;0,054206315708657;0,1072158227798;UHE 14 de Julho - CAV SNHIR.xlsx;b8f0487a-df73-4f8d-8b22-bb49cf9f3683;https://metadados.snirh.gov.br/files/b8f0487a-df73-4f8d-8b22-bb49cf9f3683/14_de_Julho.zip
14 de Julho;70,96999999999962;70,89999999999962;0,056071755321552;0,11272819030852001;UHE 14 de Julho - CAV SNHIR.xlsx;b8f0487a-df73-4f8d-8b22-bb49cf9f3683;https://metadados.snirh.gov.br/files/b8f0487a-df73-4f8d-8b22-bb49cf9f3683/14_de_Julho.zip
14 de Julho;71,06999999999961;70,99999999999962;0,058229441237836;0,11843843557404;UHE 14 de Julho - CAV SNHIR.xlsx;b8f0487a-df73-4f8d-8b22-bb49cf9f3683;https://metadados.snirh.gov.br/files/b8f0487a-df73-4f8d-8b22-bb49cf9f3683/14_de_Julho.zip
14 de Julho;71,1699999999996;71,09999999999961;0,060469003664461;0,12437338899665;UHE 14 de Julho - CAV SNHIR.xlsx;b8f0487a-df73-4f8d-8b22-bb49cf9f3683;https://metadados.snirh.gov.br/files/b8f0487a-df73-4f8d-8b22-bb49cf9f3683/14_de_Julho.zip
14 de Julho;71,2699999999996;71,1999999999996;0,06254913400186;0,13052202985558;UHE 14 de Julho - CAV SNHIR.xlsx;b8f0487a-df73-4f8d-8b22-bb49cf9f3683;https://metadados.snirh.gov.br/files/b8f0487a-df73-4f8d-8b22-bb49cf9f3683/14_de_Julho.zip
14 de Julho;71,36999999999959;71,2999999999996;0,064567811147954;0,13687648058068003;UHE 14 de Julho - CAV SNHIR.xlsx;b8f0487a-df73-4f8d-8b22-bb49cf9f3683;https://metadados.snirh.gov.br/files/b8f0487a-df73-4f8d-8b22-bb49cf9f3683/14_de_Julho.zip
14 de Julho;71,46999999999959;71,3999999999996;0,066585245644704;0,14343036694594002;UHE 14 de Julho - CAV SNHIR.xlsx;b8f0487a-df73-4f8d-8b22-bb49cf9f3683;https://metadados.snirh.gov.br/files/b8f0487a-df73-4f8d-8b22-bb49cf9f3683/14_de_Julho.zip
14 de Julho;71,56999999999958;71,49999999999959;0,06879516512066701;0,15019470299778;UHE 14 de Julho - CAV SNHIR.xlsx;b8f0487a-df73-4f8d-8b22-bb49cf9f3683;https://metadados.snirh.gov.br/files/b8f0487a-df73-4f8d-8b22-bb49cf9f3683/14_de_Julho.zip
14 de Julho;71,66999999999958;71,59999999999958;0,071167931025335;0,15718891383248;UHE 14 de Julho - CAV SNHIR.xlsx;b8f0487a-df73-4f8d-8b22-bb49cf9f3683;https://metadados.snirh.gov.br/files/b8f0487a-df73-4f8d-8b22-bb49cf9f3683/14_de_Julho.zip
14 de Julho;71,76999999999957;71,69999999999958;0,073604128484548;0,16442844618424;UHE 14 de Julho - CAV SNHIR.xlsx;b8f0487a-df73-4f8d-8b22-bb49cf9f3683;https://metadados.snirh.gov.br/files/b8f0487a-df73-4f8d-8b22-bb49cf9f3683/14_de_Julho.zip
14 de Julho;71,86999999999956;71,79999999999957;0,07604839810967;0,1719060254917;UHE 14 de Julho - CAV SNHIR.xlsx;b8f0487a-df73-4f8d-8b22-bb49cf9f3683;https://metadados.snirh.gov.br/files/b8f0487a-df73-4f8d-8b22-bb49cf9f3683/14_de_Julho.zip
14 de Julho;71,96999999999956;71,89999999999957;0,078534599498882;0,17963428241571;UHE 14 de Julho - CAV SNHIR.xlsx;b8f0487a-df73-4f8d-8b22-bb49cf9f3683;https://metadados.snirh.gov.br/files/b8f0487a-df73-4f8d-8b22-bb49cf9f3683/14_de_Julho.zip
14 de Julho;72,06999999999955;71,99999999999956;0,08098044441699201;0,18760709501349998;UHE 14 de Julho - CAV SNHIR.xlsx;b8f0487a-df73-4f8d-8b22-bb49cf9f3683;https://metadados.snirh.gov.br/files/b8f0487a-df73-4f8d-8b22-bb49cf9f3683/14_de_Julho.zip
14 de Julho;72,16999999999955;72,09999999999955;0,083677292107448;0,19583466645374;UHE 14 de Julho - CAV SNHIR.xlsx;b8f0487a-df73-4f8d-8b22-bb49cf9f3683;https://metadados.snirh.gov.br/files/b8f0487a-df73-4f8d-8b22-bb49cf9f3683/14_de_Julho.zip
14 de Julho;72,26999999999954;72,19999999999955;0,08661963477967101;0,20434620860438;UHE 14 de Julho - CAV SNHIR.xlsx;b8f0487a-df73-4f8d-8b22-bb49cf9f3683;https://metadados.snirh.gov.br/files/b8f0487a-df73-4f8d-8b22-bb49cf9f3683/14_de_Julho.zip
14 de Julho;72,36999999999954;72,29999999999954;0,089789406972903;0,21315739998640001;UHE 14 de Julho - CAV SNHIR.xlsx;b8f0487a-df73-4f8d-8b22-bb49cf9f3683;https://metadados.snirh.gov.br/files/b8f0487a-df73-4f8d-8b22-bb49cf9f3683/14_de_Julho.zip
14 de Julho;72,46999999999953;72,39999999999954;0,093411400613488;0,22231196283911;UHE 14 de Julho - CAV SNHIR.xlsx;b8f0487a-df73-4f8d-8b22-bb49cf9f3683;https://metadados.snirh.gov.br/files/b8f0487a-df73-4f8d-8b22-bb49cf9f3683/14_de_Julho.zip
14 de Julho;72,56999999999952;72,49999999999953;0,09709289320390001;0,23183591065403;UHE 14 de Julho - CAV SNHIR.xlsx;b8f0487a-df73-4f8d-8b22-bb49cf9f3683;https://metadados.snirh.gov.br/files/b8f0487a-df73-4f8d-8b22-bb49cf9f3683/14_de_Julho.zip
14 de Julho;72,66999999999952;72,59999999999953;0,10102729412363999;0,24173405905194;UHE 14 de Julho - CAV SNHIR.xlsx;b8f0487a-df73-4f8d-8b22-bb49cf9f3683;https://metadados.snirh.gov.br/files/b8f0487a-df73-4f8d-8b22-bb49cf9f3683/14_de_Julho.zip
14 de Julho;72,76999999999951;72,69999999999952;0,10490321465266;0,25202857350405;UHE 14 de Julho - CAV SNHIR.xlsx;b8f0487a-df73-4f8d-8b22-bb49cf9f3683;https://metadados.snirh.gov.br/files/b8f0487a-df73-4f8d-8b22-bb49cf9f3683/14_de_Julho.zip
14 de Julho;72,86999999999951;72,79999999999951;0,10866266868718001;0,26270365672748003;UHE 14 de Julho - CAV SNHIR.xlsx;b8f0487a-df73-4f8d-8b22-bb49cf9f3683;https://metadados.snirh.gov.br/files/b8f0487a-df73-4f8d-8b22-bb49cf9f3683/14_de_Julho.zip
14 de Julho;72,9699999999995;72,89999999999951;0,11221141742480001;0,27374507673904996;UHE 14 de Julho - CAV SNHIR.xlsx;b8f0487a-df73-4f8d-8b22-bb49cf9f3683;https://metadados.snirh.gov.br/files/b8f0487a-df73-4f8d-8b22-bb49cf9f3683/14_de_Julho.zip
14 de Julho;73,0699999999995;72,9999999999995;0,11574706124444001;0,28514111148452004;UHE 14 de Julho - CAV SNHIR.xlsx;b8f0487a-df73-4f8d-8b22-bb49cf9f3683;https://metadados.snirh.gov.br/files/b8f0487a-df73-4f8d-8b22-bb49cf9f3683/14_de_Julho.zip
14 de Julho;73,16999999999949;73,0999999999995;0,11954460896300001;0,29689708858489;UHE 14 de Julho - CAV SNHIR.xlsx;b8f0487a-df73-4f8d-8b22-bb49cf9f3683;https://metadados.snirh.gov.br/files/b8f0487a-df73-4f8d-8b22-bb49cf9f3683/14_de_Julho.zip
14 de Julho;73,26999999999948;73,19999999999949;0,12339113866774;0,30904391218537;UHE 14 de Julho - CAV SNHIR.xlsx;b8f0487a-df73-4f8d-8b22-bb49cf9f3683;https://metadados.snirh.gov.br/files/b8f0487a-df73-4f8d-8b22-bb49cf9f3683/14_de_Julho.zip
14 de Julho;73,36999999999948;73,29999999999949;0,12698832190449;0,32155890927135;UHE 14 de Julho - CAV SNHIR.xlsx;b8f0487a-df73-4f8d-8b22-bb49cf9f3683;https://metadados.snirh.gov.br/files/b8f0487a-df73-4f8d-8b22-bb49cf9f3683/14_de_Julho.zip
14 de Julho;73,46999999999947;73,39999999999948;0,13055543983244;0,33443646150908;UHE 14 de Julho - CAV SNHIR.xlsx;b8f0487a-df73-4f8d-8b22-bb49cf9f3683;https://metadados.snirh.gov.br/files/b8f0487a-df73-4f8d-8b22-bb49cf9f3683/14_de_Julho.zip
14 de Julho;73,56999999999947;73,49999999999947;0,13417169780385;0,3476660513152;UHE 14 de Julho - CAV SNHIR.xlsx;b8f0487a-df73-4f8d-8b22-bb49cf9f3683;https://metadados.snirh.gov.br/files/b8f0487a-df73-4f8d-8b22-bb49cf9f3683/14_de_Julho.zip
14 de Julho;73,66999999999946;73,59999999999947;0,13795838764271998;0,36127260040329;UHE 14 de Julho - CAV SNHIR.xlsx;b8f0487a-df73-4f8d-8b22-bb49cf9f3683;https://metadados.snirh.gov.br/files/b8f0487a-df73-4f8d-8b22-bb49cf9f3683/14_de_Julho.zip
14 de Julho;73,76999999999946;73,69999999999946;0,14212372519897;0,37526857576166;UHE 14 de Julho - CAV SNHIR.xlsx;b8f0487a-df73-4f8d-8b22-bb49cf9f3683;https://metadados.snirh.gov.br/files/b8f0487a-df73-4f8d-8b22-bb49cf9f3683/14_de_Julho.zip
14 de Julho;73,86999999999945;73,79999999999946;0,14647833287111;0,38969417040702004;UHE 14 de Julho - CAV SNHIR.xlsx;b8f0487a-df73-4f8d-8b22-bb49cf9f3683;https://metadados.snirh.gov.br/files/b8f0487a-df73-4f8d-8b22-bb49cf9f3683/14_de_Julho.zip
14 de Julho;73,96999999999944;73,89999999999945;0,15096665240359;0,40456334317972;UHE 14 de Julho - CAV SNHIR.xlsx;b8f0487a-df73-4f8d-8b22-bb49cf9f3683;https://metadados.snirh.gov.br/files/b8f0487a-df73-4f8d-8b22-bb49cf9f3683/14_de_Julho.zip
14 de Julho;74,06999999999944;73,99999999999945;0,15602661444541;0,41990874540433004;UHE 14 de Julho - CAV SNHIR.xlsx;b8f0487a-df73-4f8d-8b22-bb49cf9f3683;https://metadados.snirh.gov.br/files/b8f0487a-df73-4f8d-8b22-bb49cf9f3683/14_de_Julho.zip
14 de Julho;74,16999999999943;74,09999999999944;0,16148054060470002;0,43577809218376995;UHE 14 de Julho - CAV SNHIR.xlsx;b8f0487a-df73-4f8d-8b22-bb49cf9f3683;https://metadados.snirh.gov.br/files/b8f0487a-df73-4f8d-8b22-bb49cf9f3683/14_de_Julho.zip
14 de Julho;74,26999999999943;74,19999999999943;0,16726327082247;0,45221477404513;UHE 14 de Julho - CAV SNHIR.xlsx;b8f0487a-df73-4f8d-8b22-bb49cf9f3683;https://metadados.snirh.gov.br/files/b8f0487a-df73-4f8d-8b22-bb49cf9f3683/14_de_Julho.zip
14 de Julho;74,36999999999942;74,29999999999943;0,17319507834845999;0,46923354899697;UHE 14 de Julho - CAV SNHIR.xlsx;b8f0487a-df73-4f8d-8b22-bb49cf9f3683;https://metadados.snirh.gov.br/files/b8f0487a-df73-4f8d-8b22-bb49cf9f3683/14_de_Julho.zip
14 de Julho;74,46999999999942;74,39999999999942;0,17939705015277002;0,48685443316424;UHE 14 de Julho - CAV SNHIR.xlsx;b8f0487a-df73-4f8d-8b22-bb49cf9f3683;https://metadados.snirh.gov.br/files/b8f0487a-df73-4f8d-8b22-bb49cf9f3683/14_de_Julho.zip
14 de Julho;74,56999999999941;74,49999999999942;0,18602183132165;0,50511663004671;UHE 14 de Julho - CAV SNHIR.xlsx;b8f0487a-df73-4f8d-8b22-bb49cf9f3683;https://metadados.snirh.gov.br/files/b8f0487a-df73-4f8d-8b22-bb49cf9f3683/14_de_Julho.zip
14 de Julho;74,6699999999994;74,59999999999941;0,19316489830900002;0,52407242435729;UHE 14 de Julho - CAV SNHIR.xlsx;b8f0487a-df73-4f8d-8b22-bb49cf9f3683;https://metadados.snirh.gov.br/files/b8f0487a-df73-4f8d-8b22-bb49cf9f3683/14_de_Julho.zip
14 de Julho;74,7699999999994;74,6999999999994;0,20053297489198998;0,54374484701602;UHE 14 de Julho - CAV SNHIR.xlsx;b8f0487a-df73-4f8d-8b22-bb49cf9f3683;https://metadados.snirh.gov.br/files/b8f0487a-df73-4f8d-8b22-bb49cf9f3683/14_de_Julho.zip
14 de Julho;74,8699999999994;74,7999999999994;0,20839857387783;0,5641872542181;UHE 14 de Julho - CAV SNHIR.xlsx;b8f0487a-df73-4f8d-8b22-bb49cf9f3683;https://metadados.snirh.gov.br/files/b8f0487a-df73-4f8d-8b22-bb49cf9f3683/14_de_Julho.zip
14 de Julho;74,96999999999939;74,8999999999994;0,21679113902135;0,5854372751068;UHE 14 de Julho - CAV SNHIR.xlsx;b8f0487a-df73-4f8d-8b22-bb49cf9f3683;https://metadados.snirh.gov.br/files/b8f0487a-df73-4f8d-8b22-bb49cf9f3683/14_de_Julho.zip
14 de Julho;75,06999999999938;74,99999999999939;0,22568073256485002;0,60755741353302;UHE 14 de Julho - CAV SNHIR.xlsx;b8f0487a-df73-4f8d-8b22-bb49cf9f3683;https://metadados.snirh.gov.br/files/b8f0487a-df73-4f8d-8b22-bb49cf9f3683/14_de_Julho.zip
14 de Julho;75,16999999999938;75,09999999999938;0,23486323364602;0,6305796303493301;UHE 14 de Julho - CAV SNHIR.xlsx;b8f0487a-df73-4f8d-8b22-bb49cf9f3683;https://metadados.snirh.gov.br/files/b8f0487a-df73-4f8d-8b22-bb49cf9f3683/14_de_Julho.zip
14 de Julho;75,26999999999937;75,19999999999938;0,2438000522197;0,65451148353868;UHE 14 de Julho - CAV SNHIR.xlsx;b8f0487a-df73-4f8d-8b22-bb49cf9f3683;https://metadados.snirh.gov.br/files/b8f0487a-df73-4f8d-8b22-bb49cf9f3683/14_de_Julho.zip
14 de Julho;75,36999999999937;75,29999999999937;0,25230535286421;0,67932056184299;UHE 14 de Julho - CAV SNHIR.xlsx;b8f0487a-df73-4f8d-8b22-bb49cf9f3683;https://metadados.snirh.gov.br/files/b8f0487a-df73-4f8d-8b22-bb49cf9f3683/14_de_Julho.zip
14 de Julho;75,46999999999936;75,39999999999937;0,2605533535324;0,70495757664684;UHE 14 de Julho - CAV SNHIR.xlsx;b8f0487a-df73-4f8d-8b22-bb49cf9f3683;https://metadados.snirh.gov.br/files/b8f0487a-df73-4f8d-8b22-bb49cf9f3683/14_de_Julho.zip
14 de Julho;75,56999999999935;75,49999999999936;0,26875077903255;0,73142176074845;UHE 14 de Julho - CAV SNHIR.xlsx;b8f0487a-df73-4f8d-8b22-bb49cf9f3683;https://metadados.snirh.gov.br/files/b8f0487a-df73-4f8d-8b22-bb49cf9f3683/14_de_Julho.zip
14 de Julho;75,66999999999935;75,59999999999935;0,27678011868476;0,7586959787277;UHE 14 de Julho - CAV SNHIR.xlsx;b8f0487a-df73-4f8d-8b22-bb49cf9f3683;https://metadados.snirh.gov.br/files/b8f0487a-df73-4f8d-8b22-bb49cf9f3683/14_de_Julho.zip
14 de Julho;75,76999999999934;75,69999999999935;0,28480712962308996;0,78677702903505;UHE 14 de Julho - CAV SNHIR.xlsx;b8f0487a-df73-4f8d-8b22-bb49cf9f3683;https://metadados.snirh.gov.br/files/b8f0487a-df73-4f8d-8b22-bb49cf9f3683/14_de_Julho.zip
14 de Julho;75,86999999999934;75,79999999999934;0,29264707211145;0,8156457194390799;UHE 14 de Julho - CAV SNHIR.xlsx;b8f0487a-df73-4f8d-8b22-bb49cf9f3683;https://metadados.snirh.gov.br/files/b8f0487a-df73-4f8d-8b22-bb49cf9f3683/14_de_Julho.zip
14 de Julho;75,96999999999933;75,89999999999934;0,30061586884014;0,8453083356660299;UHE 14 de Julho - CAV SNHIR.xlsx;b8f0487a-df73-4f8d-8b22-bb49cf9f3683;https://metadados.snirh.gov.br/files/b8f0487a-df73-4f8d-8b22-bb49cf9f3683/14_de_Julho.zip
14 de Julho;76,06999999999933;75,99999999999933;0,30884197931481;0,87577765818397;UHE 14 de Julho - CAV SNHIR.xlsx;b8f0487a-df73-4f8d-8b22-bb49cf9f3683;https://metadados.snirh.gov.br/files/b8f0487a-df73-4f8d-8b22-bb49cf9f3683/14_de_Julho.zip
14 de Julho;76,16999999999932;76,09999999999933;0,31700885282469;0,90707174449318;UHE 14 de Julho - CAV SNHIR.xlsx;b8f0487a-df73-4f8d-8b22-bb49cf9f3683;https://metadados.snirh.gov.br/files/b8f0487a-df73-4f8d-8b22-bb49cf9f3683/14_de_Julho.zip
14 de Julho;76,26999999999931;76,19999999999932;0,32488690669976;0,9391669348396;UHE 14 de Julho - CAV SNHIR.xlsx;b8f0487a-df73-4f8d-8b22-bb49cf9f3683;https://metadados.snirh.gov.br/files/b8f0487a-df73-4f8d-8b22-bb49cf9f3683/14_de_Julho.zip
14 de Julho;76,36999999999931;76,29999999999932;0,33272348667208;0,97204712328887;UHE 14 de Julho - CAV SNHIR.xlsx;b8f0487a-df73-4f8d-8b22-bb49cf9f3683;https://metadados.snirh.gov.br/files/b8f0487a-df73-4f8d-8b22-bb49cf9f3683/14_de_Julho.zip
14 de Julho;76,4699999999993;76,39999999999931;0,3405673782648;1,0057100468906;UHE 14 de Julho - CAV SNHIR.xlsx;b8f0487a-df73-4f8d-8b22-bb49cf9f3683;https://metadados.snirh.gov.br/files/b8f0487a-df73-4f8d-8b22-bb49cf9f3683/14_de_Julho.zip
14 de Julho;76,5699999999993;76,4999999999993;0,34863710527763997;1,0401654131529;UHE 14 de Julho - CAV SNHIR.xlsx;b8f0487a-df73-4f8d-8b22-bb49cf9f3683;https://metadados.snirh.gov.br/files/b8f0487a-df73-4f8d-8b22-bb49cf9f3683/14_de_Julho.zip
14 de Julho;76,66999999999929;76,5999999999993;0,35738900057327;1,0754591253068;UHE 14 de Julho - CAV SNHIR.xlsx;b8f0487a-df73-4f8d-8b22-bb49cf9f3683;https://metadados.snirh.gov.br/files/b8f0487a-df73-4f8d-8b22-bb49cf9f3683/14_de_Julho.zip
14 de Julho;76,76999999999929;76,69999999999929;0,36710283260054;1,11167521243;UHE 14 de Julho - CAV SNHIR.xlsx;b8f0487a-df73-4f8d-8b22-bb49cf9f3683;https://metadados.snirh.gov.br/files/b8f0487a-df73-4f8d-8b22-bb49cf9f3683/14_de_Julho.zip
14 de Julho;76,86999999999928;76,79999999999929;0,37751360356251;1,1488951478201;UHE 14 de Julho - CAV SNHIR.xlsx;b8f0487a-df73-4f8d-8b22-bb49cf9f3683;https://metadados.snirh.gov.br/files/b8f0487a-df73-4f8d-8b22-bb49cf9f3683/14_de_Julho.zip
14 de Julho;76,96999999999927;76,89999999999928;0,38858942603882;1,1871984982547001;UHE 14 de Julho - CAV SNHIR.xlsx;b8f0487a-df73-4f8d-8b22-bb49cf9f3683;https://metadados.snirh.gov.br/files/b8f0487a-df73-4f8d-8b22-bb49cf9f3683/14_de_Julho.zip
14 de Julho;77,06999999999927;76,99999999999928;0,39932396274184;1,2265863349657;UHE 14 de Julho - CAV SNHIR.xlsx;b8f0487a-df73-4f8d-8b22-bb49cf9f3683;https://metadados.snirh.gov.br/files/b8f0487a-df73-4f8d-8b22-bb49cf9f3683/14_de_Julho.zip
14 de Julho;77,16999999999926;77,09999999999927;0,41078666538055997;1,2670891732626999;UHE 14 de Julho - CAV SNHIR.xlsx;b8f0487a-df73-4f8d-8b22-bb49cf9f3683;https://metadados.snirh.gov.br/files/b8f0487a-df73-4f8d-8b22-bb49cf9f3683/14_de_Julho.zip
14 de Julho;77,26999999999926;77,19999999999926;0,42256243180020997;1,3087555344330999;UHE 14 de Julho - CAV SNHIR.xlsx;b8f0487a-df73-4f8d-8b22-bb49cf9f3683;https://metadados.snirh.gov.br/files/b8f0487a-df73-4f8d-8b22-bb49cf9f3683/14_de_Julho.zip
14 de Julho;77,36999999999925;77,29999999999926;0,4347198793027;1,3516103699548;UHE 14 de Julho - CAV SNHIR.xlsx;b8f0487a-df73-4f8d-8b22-bb49cf9f3683;https://metadados.snirh.gov.br/files/b8f0487a-df73-4f8d-8b22-bb49cf9f3683/14_de_Julho.zip
14 de Julho;77,46999999999925;77,39999999999925;0,44860065132717997;1,3957540103736001;UHE 14 de Julho - CAV SNHIR.xlsx;b8f0487a-df73-4f8d-8b22-bb49cf9f3683;https://metadados.snirh.gov.br/files/b8f0487a-df73-4f8d-8b22-bb49cf9f3683/14_de_Julho.zip
14 de Julho;77,56999999999924;77,49999999999925;0,46298762588892;1,4413400931453;UHE 14 de Julho - CAV SNHIR.xlsx;b8f0487a-df73-4f8d-8b22-bb49cf9f3683;https://metadados.snirh.gov.br/files/b8f0487a-df73-4f8d-8b22-bb49cf9f3683/14_de_Julho.zip
14 de Julho;77,66999999999923;77,59999999999924;0,47613671371108;1,4883053323534001;UHE 14 de Julho - CAV SNHIR.xlsx;b8f0487a-df73-4f8d-8b22-bb49cf9f3683;https://metadados.snirh.gov.br/files/b8f0487a-df73-4f8d-8b22-bb49cf9f3683/14_de_Julho.zip
14 de Julho;77,76999999999923;77,69999999999924;0,48833517375125;1,5365258268984;UHE 14 de Julho - CAV SNHIR.xlsx;b8f0487a-df73-4f8d-8b22-bb49cf9f3683;https://metadados.snirh.gov.br/files/b8f0487a-df73-4f8d-8b22-bb49cf9f3683/14_de_Julho.zip
14 de Julho;77,86999999999922;77,79999999999923;0,50080946968157;1,5859711690219;UHE 14 de Julho - CAV SNHIR.xlsx;b8f0487a-df73-4f8d-8b22-bb49cf9f3683;https://metadados.snirh.gov.br/files/b8f0487a-df73-4f8d-8b22-bb49cf9f3683/14_de_Julho.zip
14 de Julho;77,96999999999922;77,89999999999922;0,51363860213215;1,6366931356693002;UHE 14 de Julho - CAV SNHIR.xlsx;b8f0487a-df73-4f8d-8b22-bb49cf9f3683;https://metadados.snirh.gov.br/files/b8f0487a-df73-4f8d-8b22-bb49cf9f3683/14_de_Julho.zip
14 de Julho;78,06999999999921;77,99999999999922;0,5265467304843701;1,6886988653583999;UHE 14 de Julho - CAV SNHIR.xlsx;b8f0487a-df73-4f8d-8b22-bb49cf9f3683;https://metadados.snirh.gov.br/files/b8f0487a-df73-4f8d-8b22-bb49cf9f3683/14_de_Julho.zip
14 de Julho;78,1699999999992;78,09999999999921;0,53955285356816;1,7419987216569;UHE 14 de Julho - CAV SNHIR.xlsx;b8f0487a-df73-4f8d-8b22-bb49cf9f3683;https://metadados.snirh.gov.br/files/b8f0487a-df73-4f8d-8b22-bb49cf9f3683/14_de_Julho.zip
14 de Julho;78,2699999999992;78,1999999999992;0,55393318412454;1,7966596094182001;UHE 14 de Julho - CAV SNHIR.xlsx;b8f0487a-df73-4f8d-8b22-bb49cf9f3683;https://metadados.snirh.gov.br/files/b8f0487a-df73-4f8d-8b22-bb49cf9f3683/14_de_Julho.zip
14 de Julho;78,3699999999992;78,2999999999992;0,56874542486893;1,8527850075023;UHE 14 de Julho - CAV SNHIR.xlsx;b8f0487a-df73-4f8d-8b22-bb49cf9f3683;https://metadados.snirh.gov.br/files/b8f0487a-df73-4f8d-8b22-bb49cf9f3683/14_de_Julho.zip
14 de Julho;78,46999999999919;78,3999999999992;0,58326979087175;1,9103939107348;UHE 14 de Julho - CAV SNHIR.xlsx;b8f0487a-df73-4f8d-8b22-bb49cf9f3683;https://metadados.snirh.gov.br/files/b8f0487a-df73-4f8d-8b22-bb49cf9f3683/14_de_Julho.zip
14 de Julho;78,56999999999918;78,49999999999919;0,5969626495999599;1,9693985201532;UHE 14 de Julho - CAV SNHIR.xlsx;b8f0487a-df73-4f8d-8b22-bb49cf9f3683;https://metadados.snirh.gov.br/files/b8f0487a-df73-4f8d-8b22-bb49cf9f3683/14_de_Julho.zip
14 de Julho;78,66999999999918;78,59999999999918;0,6102696207592899;2,0297526277882;UHE 14 de Julho - CAV SNHIR.xlsx;b8f0487a-df73-4f8d-8b22-bb49cf9f3683;https://metadados.snirh.gov.br/files/b8f0487a-df73-4f8d-8b22-bb49cf9f3683/14_de_Julho.zip
14 de Julho;78,76999999999917;78,69999999999918;0,62387239533244;2,0914669894025;UHE 14 de Julho - CAV SNHIR.xlsx;b8f0487a-df73-4f8d-8b22-bb49cf9f3683;https://metadados.snirh.gov.br/files/b8f0487a-df73-4f8d-8b22-bb49cf9f3683/14_de_Julho.zip
14 de Julho;78,86999999999917;78,79999999999917;0,6358893675476099;2,1544678524838003;UHE 14 de Julho - CAV SNHIR.xlsx;b8f0487a-df73-4f8d-8b22-bb49cf9f3683;https://metadados.snirh.gov.br/files/b8f0487a-df73-4f8d-8b22-bb49cf9f3683/14_de_Julho.zip
14 de Julho;78,96999999999916;78,89999999999917;0,64705440931006;2,2186100895158;UHE 14 de Julho - CAV SNHIR.xlsx;b8f0487a-df73-4f8d-8b22-bb49cf9f3683;https://metadados.snirh.gov.br/files/b8f0487a-df73-4f8d-8b22-bb49cf9f3683/14_de_Julho.zip
14 de Julho;79,06999999999915;78,99999999999916;0,65828660884689;2,2838661689825;UHE 14 de Julho - CAV SNHIR.xlsx;b8f0487a-df73-4f8d-8b22-bb49cf9f3683;https://metadados.snirh.gov.br/files/b8f0487a-df73-4f8d-8b22-bb49cf9f3683/14_de_Julho.zip
14 de Julho;79,16999999999915;79,09999999999916;0,66961905586954;2,3502609552424;UHE 14 de Julho - CAV SNHIR.xlsx;b8f0487a-df73-4f8d-8b22-bb49cf9f3683;https://metadados.snirh.gov.br/files/b8f0487a-df73-4f8d-8b22-bb49cf9f3683/14_de_Julho.zip
14 de Julho;79,26999999999914;79,19999999999915;0,6805714280011701;2,4177626733586;UHE 14 de Julho - CAV SNHIR.xlsx;b8f0487a-df73-4f8d-8b22-bb49cf9f3683;https://metadados.snirh.gov.br/files/b8f0487a-df73-4f8d-8b22-bb49cf9f3683/14_de_Julho.zip
14 de Julho;79,36999999999914;79,29999999999914;0,69201518766685;2,4863834492290002;UHE 14 de Julho - CAV SNHIR.xlsx;b8f0487a-df73-4f8d-8b22-bb49cf9f3683;https://metadados.snirh.gov.br/files/b8f0487a-df73-4f8d-8b22-bb49cf9f3683/14_de_Julho.zip
14 de Julho;79,46999999999913;79,39999999999914;0,7030222884547;2,5561265096451002;UHE 14 de Julho - CAV SNHIR.xlsx;b8f0487a-df73-4f8d-8b22-bb49cf9f3683;https://metadados.snirh.gov.br/files/b8f0487a-df73-4f8d-8b22-bb49cf9f3683/14_de_Julho.zip
14 de Julho;79,56999999999913;79,49999999999913;0,7136581805073999;2,6269596823572;UHE 14 de Julho - CAV SNHIR.xlsx;b8f0487a-df73-4f8d-8b22-bb49cf9f3683;https://metadados.snirh.gov.br/files/b8f0487a-df73-4f8d-8b22-bb49cf9f3683/14_de_Julho.zip
14 de Julho;79,66999999999912;79,59999999999913;0,72380713560474;2,6988251287997;UHE 14 de Julho - CAV SNHIR.xlsx;b8f0487a-df73-4f8d-8b22-bb49cf9f3683;https://metadados.snirh.gov.br/files/b8f0487a-df73-4f8d-8b22-bb49cf9f3683/14_de_Julho.zip
14 de Julho;79,76999999999911;79,69999999999912;0,73387290145974;2,7717007174137;UHE 14 de Julho - CAV SNHIR.xlsx;b8f0487a-df73-4f8d-8b22-bb49cf9f3683;https://metadados.snirh.gov.br/files/b8f0487a-df73-4f8d-8b22-bb49cf9f3683/14_de_Julho.zip
14 de Julho;79,86999999999911;79,79999999999912;0,74388266130811;2,8455822369030996;UHE 14 de Julho - CAV SNHIR.xlsx;b8f0487a-df73-4f8d-8b22-bb49cf9f3683;https://metadados.snirh.gov.br/files/b8f0487a-df73-4f8d-8b22-bb49cf9f3683/14_de_Julho.zip
14 de Julho;79,9699999999991;79,89999999999911;0,75436506566534;2,9204796389595;UHE 14 de Julho - CAV SNHIR.xlsx;b8f0487a-df73-4f8d-8b22-bb49cf9f3683;https://metadados.snirh.gov.br/files/b8f0487a-df73-4f8d-8b22-bb49cf9f3683/14_de_Julho.zip
14 de Julho;80,0699999999991;79,9999999999991;0,76503280815506;2,9964430463086;UHE 14 de Julho - CAV SNHIR.xlsx;b8f0487a-df73-4f8d-8b22-bb49cf9f3683;https://metadados.snirh.gov.br/files/b8f0487a-df73-4f8d-8b22-bb49cf9f3683/14_de_Julho.zip
14 de Julho;80,16999999999909;80,0999999999991;0,77581296629831;3,0734795348468;UHE 14 de Julho - CAV SNHIR.xlsx;b8f0487a-df73-4f8d-8b22-bb49cf9f3683;https://metadados.snirh.gov.br/files/b8f0487a-df73-4f8d-8b22-bb49cf9f3683/14_de_Julho.zip
14 de Julho;80,26999999999909;80,1999999999991;0,78650527844863;3,1515900579431;UHE 14 de Julho - CAV SNHIR.xlsx;b8f0487a-df73-4f8d-8b22-bb49cf9f3683;https://metadados.snirh.gov.br/files/b8f0487a-df73-4f8d-8b22-bb49cf9f3683/14_de_Julho.zip
14 de Julho;80,36999999999908;80,29999999999909;0,79730879106194;3,2307657409474;UHE 14 de Julho - CAV SNHIR.xlsx;b8f0487a-df73-4f8d-8b22-bb49cf9f3683;https://metadados.snirh.gov.br/files/b8f0487a-df73-4f8d-8b22-bb49cf9f3683/14_de_Julho.zip
14 de Julho;80,46999999999908;80,39999999999908;0,80853055931376;3,3110470303336;UHE 14 de Julho - CAV SNHIR.xlsx;b8f0487a-df73-4f8d-8b22-bb49cf9f3683;https://metadados.snirh.gov.br/files/b8f0487a-df73-4f8d-8b22-bb49cf9f3683/14_de_Julho.zip
14 de Julho;80,56999999999907;80,49999999999908;0,82007704985556;3,3924750650603;UHE 14 de Julho - CAV SNHIR.xlsx;b8f0487a-df73-4f8d-8b22-bb49cf9f3683;https://metadados.snirh.gov.br/files/b8f0487a-df73-4f8d-8b22-bb49cf9f3683/14_de_Julho.zip
14 de Julho;80,66999999999906;80,59999999999907;0,83133372104807;3,4750341591432004;UHE 14 de Julho - CAV SNHIR.xlsx;b8f0487a-df73-4f8d-8b22-bb49cf9f3683;https://metadados.snirh.gov.br/files/b8f0487a-df73-4f8d-8b22-bb49cf9f3683/14_de_Julho.zip
14 de Julho;80,76999999999906;80,69999999999906;0,8433387062524801;3,5587455073151;UHE 14 de Julho - CAV SNHIR.xlsx;b8f0487a-df73-4f8d-8b22-bb49cf9f3683;https://metadados.snirh.gov.br/files/b8f0487a-df73-4f8d-8b22-bb49cf9f3683/14_de_Julho.zip
14 de Julho;80,86999999999905;80,79999999999906;0,85573865494815;3,6436922696234;UHE 14 de Julho - CAV SNHIR.xlsx;b8f0487a-df73-4f8d-8b22-bb49cf9f3683;https://metadados.snirh.gov.br/files/b8f0487a-df73-4f8d-8b22-bb49cf9f3683/14_de_Julho.zip
14 de Julho;80,96999999999905;80,89999999999905;0,86814614953184;3,7298827542194;UHE 14 de Julho - CAV SNHIR.xlsx;b8f0487a-df73-4f8d-8b22-bb49cf9f3683;https://metadados.snirh.gov.br/files/b8f0487a-df73-4f8d-8b22-bb49cf9f3683/14_de_Julho.zip
14 de Julho;81,06999999999904;80,99999999999905;0,88027487418256;3,8172998038056;UHE 14 de Julho - CAV SNHIR.xlsx;b8f0487a-df73-4f8d-8b22-bb49cf9f3683;https://metadados.snirh.gov.br/files/b8f0487a-df73-4f8d-8b22-bb49cf9f3683/14_de_Julho.zip
14 de Julho;81,16999999999904;81,09999999999904;0,8917676814622;3,9058971237273004;UHE 14 de Julho - CAV SNHIR.xlsx;b8f0487a-df73-4f8d-8b22-bb49cf9f3683;https://metadados.snirh.gov.br/files/b8f0487a-df73-4f8d-8b22-bb49cf9f3683/14_de_Julho.zip
14 de Julho;81,26999999999903;81,19999999999904;0,9029796042932899;3,9956311805722002;UHE 14 de Julho - CAV SNHIR.xlsx;b8f0487a-df73-4f8d-8b22-bb49cf9f3683;https://metadados.snirh.gov.br/files/b8f0487a-df73-4f8d-8b22-bb49cf9f3683/14_de_Julho.zip
14 de Julho;81,36999999999902;81,29999999999903;0,91434089757768;4,0864899749765;UHE 14 de Julho - CAV SNHIR.xlsx;b8f0487a-df73-4f8d-8b22-bb49cf9f3683;https://metadados.snirh.gov.br/files/b8f0487a-df73-4f8d-8b22-bb49cf9f3683/14_de_Julho.zip
14 de Julho;81,46999999999902;81,39999999999903;0,92559837449194;4,1784687352296;UHE 14 de Julho - CAV SNHIR.xlsx;b8f0487a-df73-4f8d-8b22-bb49cf9f3683;https://metadados.snirh.gov.br/files/b8f0487a-df73-4f8d-8b22-bb49cf9f3683/14_de_Julho.zip
14 de Julho;81,56999999999901;81,49999999999902;0,93672783839569;4,271592286337301;UHE 14 de Julho - CAV SNHIR.xlsx;b8f0487a-df73-4f8d-8b22-bb49cf9f3683;https://metadados.snirh.gov.br/files/b8f0487a-df73-4f8d-8b22-bb49cf9f3683/14_de_Julho.zip
14 de Julho;81,669999999999;81,59999999999901;0,9475701213645299;4,3657930305351;UHE 14 de Julho - CAV SNHIR.xlsx;b8f0487a-df73-4f8d-8b22-bb49cf9f3683;https://metadados.snirh.gov.br/files/b8f0487a-df73-4f8d-8b22-bb49cf9f3683/14_de_Julho.zip
14 de Julho;81,769999999999;81,69999999999901;0,95865992770455;4,461097610999199;UHE 14 de Julho - CAV SNHIR.xlsx;b8f0487a-df73-4f8d-8b22-bb49cf9f3683;https://metadados.snirh.gov.br/files/b8f0487a-df73-4f8d-8b22-bb49cf9f3683/14_de_Julho.zip
14 de Julho;81,869999999999;81,799999999999;0,9698346121509901;4,5575177590835;UHE 14 de Julho - CAV SNHIR.xlsx;b8f0487a-df73-4f8d-8b22-bb49cf9f3683;https://metadados.snirh.gov.br/files/b8f0487a-df73-4f8d-8b22-bb49cf9f3683/14_de_Julho.zip
14 de Julho;81,96999999999899;81,899999999999;0,98116318344686;4,6550668571306;UHE 14 de Julho - CAV SNHIR.xlsx;b8f0487a-df73-4f8d-8b22-bb49cf9f3683;https://metadados.snirh.gov.br/files/b8f0487a-df73-4f8d-8b22-bb49cf9f3683/14_de_Julho.zip
14 de Julho;82,06999999999898;81,99999999999899;0,99183242101452;4,7537045697585;UHE 14 de Julho - CAV SNHIR.xlsx;b8f0487a-df73-4f8d-8b22-bb49cf9f3683;https://metadados.snirh.gov.br/files/b8f0487a-df73-4f8d-8b22-bb49cf9f3683/14_de_Julho.zip
14 de Julho;82,16999999999898;82,09999999999899;1,0025516083572001;4,8534127637277;UHE 14 de Julho - CAV SNHIR.xlsx;b8f0487a-df73-4f8d-8b22-bb49cf9f3683;https://metadados.snirh.gov.br/files/b8f0487a-df73-4f8d-8b22-bb49cf9f3683/14_de_Julho.zip
14 de Julho;82,26999999999897;82,19999999999898;1,0137975872443001;4,9542249864107;UHE 14 de Julho - CAV SNHIR.xlsx;b8f0487a-df73-4f8d-8b22-bb49cf9f3683;https://metadados.snirh.gov.br/files/b8f0487a-df73-4f8d-8b22-bb49cf9f3683/14_de_Julho.zip
14 de Julho;82,36999999999897;82,29999999999897;1,025554957597;5,0561789923782;UHE 14 de Julho - CAV SNHIR.xlsx;b8f0487a-df73-4f8d-8b22-bb49cf9f3683;https://metadados.snirh.gov.br/files/b8f0487a-df73-4f8d-8b22-bb49cf9f3683/14_de_Julho.zip
14 de Julho;82,46999999999896;82,39999999999897;1,0382525173529;5,1593653345396;UHE 14 de Julho - CAV SNHIR.xlsx;b8f0487a-df73-4f8d-8b22-bb49cf9f3683;https://metadados.snirh.gov.br/files/b8f0487a-df73-4f8d-8b22-bb49cf9f3683/14_de_Julho.zip
14 de Julho;82,56999999999896;82,49999999999896;1,0505913640934998;5,263810160947901;UHE 14 de Julho - CAV SNHIR.xlsx;b8f0487a-df73-4f8d-8b22-bb49cf9f3683;https://metadados.snirh.gov.br/files/b8f0487a-df73-4f8d-8b22-bb49cf9f3683/14_de_Julho.zip
14 de Julho;82,66999999999895;82,59999999999896;1,0631475447052;5,3694740247306;UHE 14 de Julho - CAV SNHIR.xlsx;b8f0487a-df73-4f8d-8b22-bb49cf9f3683;https://metadados.snirh.gov.br/files/b8f0487a-df73-4f8d-8b22-bb49cf9f3683/14_de_Julho.zip
14 de Julho;82,76999999999894;82,69999999999895;1,0764675397276;5,476445310392;UHE 14 de Julho - CAV SNHIR.xlsx;b8f0487a-df73-4f8d-8b22-bb49cf9f3683;https://metadados.snirh.gov.br/files/b8f0487a-df73-4f8d-8b22-bb49cf9f3683/14_de_Julho.zip
14 de Julho;82,86999999999894;82,79999999999895;1,0900390968836;5,584772646480101;UHE 14 de Julho - CAV SNHIR.xlsx;b8f0487a-df73-4f8d-8b22-bb49cf9f3683;https://metadados.snirh.gov.br/files/b8f0487a-df73-4f8d-8b22-bb49cf9f3683/14_de_Julho.zip
14 de Julho;82,96999999999893;82,89999999999894;1,1034263703437999;5,6944432605129;UHE 14 de Julho - CAV SNHIR.xlsx;b8f0487a-df73-4f8d-8b22-bb49cf9f3683;https://metadados.snirh.gov.br/files/b8f0487a-df73-4f8d-8b22-bb49cf9f3683/14_de_Julho.zip
14 de Julho;83,06999999999893;82,99999999999893;1,1160335643678998;5,8054079291709995;UHE 14 de Julho - CAV SNHIR.xlsx;b8f0487a-df73-4f8d-8b22-bb49cf9f3683;https://metadados.snirh.gov.br/files/b8f0487a-df73-4f8d-8b22-bb49cf9f3683/14_de_Julho.zip
14 de Julho;83,16999999999892;83,09999999999893;1,1284839222454999;5,917631490391201;UHE 14 de Julho - CAV SNHIR.xlsx;b8f0487a-df73-4f8d-8b22-bb49cf9f3683;https://metadados.snirh.gov.br/files/b8f0487a-df73-4f8d-8b22-bb49cf9f3683/14_de_Julho.zip
14 de Julho;83,26999999999892;83,19999999999892;1,1416105255279;6,0311227141467;UHE 14 de Julho - CAV SNHIR.xlsx;b8f0487a-df73-4f8d-8b22-bb49cf9f3683;https://metadados.snirh.gov.br/files/b8f0487a-df73-4f8d-8b22-bb49cf9f3683/14_de_Julho.zip
14 de Julho;83,36999999999891;83,29999999999892;1,1554106727450002;6,145961351044099;UHE 14 de Julho - CAV SNHIR.xlsx;b8f0487a-df73-4f8d-8b22-bb49cf9f3683;https://metadados.snirh.gov.br/files/b8f0487a-df73-4f8d-8b22-bb49cf9f3683/14_de_Julho.zip
14 de Julho;83,4699999999989;83,39999999999891;1,1697229507977;6,262207820902501;UHE 14 de Julho - CAV SNHIR.xlsx;b8f0487a-df73-4f8d-8b22-bb49cf9f3683;https://metadados.snirh.gov.br/files/b8f0487a-df73-4f8d-8b22-bb49cf9f3683/14_de_Julho.zip
14 de Julho;83,5699999999989;83,4999999999989;1,1835361114539;6,3798782791496995;UHE 14 de Julho - CAV SNHIR.xlsx;b8f0487a-df73-4f8d-8b22-bb49cf9f3683;https://metadados.snirh.gov.br/files/b8f0487a-df73-4f8d-8b22-bb49cf9f3683/14_de_Julho.zip
14 de Julho;83,6699999999989;83,5999999999989;1,1964564811974001;6,498868712835701;UHE 14 de Julho - CAV SNHIR.xlsx;b8f0487a-df73-4f8d-8b22-bb49cf9f3683;https://metadados.snirh.gov.br/files/b8f0487a-df73-4f8d-8b22-bb49cf9f3683/14_de_Julho.zip
14 de Julho;83,76999999999889;83,6999999999989;1,2092801418639998;6,6191546245829;UHE 14 de Julho - CAV SNHIR.xlsx;b8f0487a-df73-4f8d-8b22-bb49cf9f3683;https://metadados.snirh.gov.br/files/b8f0487a-df73-4f8d-8b22-bb49cf9f3683/14_de_Julho.zip
14 de Julho;83,86999999999888;83,79999999999889;1,2218467015477;6,740704530670199;UHE 14 de Julho - CAV SNHIR.xlsx;b8f0487a-df73-4f8d-8b22-bb49cf9f3683;https://metadados.snirh.gov.br/files/b8f0487a-df73-4f8d-8b22-bb49cf9f3683/14_de_Julho.zip
14 de Julho;83,96999999999888;83,89999999999888;1,2336454893787;6,8634833259163;UHE 14 de Julho - CAV SNHIR.xlsx;b8f0487a-df73-4f8d-8b22-bb49cf9f3683;https://metadados.snirh.gov.br/files/b8f0487a-df73-4f8d-8b22-bb49cf9f3683/14_de_Julho.zip
14 de Julho;84,06999999999887;83,99999999999888;1,2454479645008;6,9874306724848;UHE 14 de Julho - CAV SNHIR.xlsx;b8f0487a-df73-4f8d-8b22-bb49cf9f3683;https://metadados.snirh.gov.br/files/b8f0487a-df73-4f8d-8b22-bb49cf9f3683/14_de_Julho.zip
14 de Julho;84,16999999999886;84,09999999999887;1,2577964692649999;7,1125890917256;UHE 14 de Julho - CAV SNHIR.xlsx;b8f0487a-df73-4f8d-8b22-bb49cf9f3683;https://metadados.snirh.gov.br/files/b8f0487a-df73-4f8d-8b22-bb49cf9f3683/14_de_Julho.zip
14 de Julho;84,26999999999886;84,19999999999887;1,2706970370445;7,2389989482458;UHE 14 de Julho - CAV SNHIR.xlsx;b8f0487a-df73-4f8d-8b22-bb49cf9f3683;https://metadados.snirh.gov.br/files/b8f0487a-df73-4f8d-8b22-bb49cf9f3683/14_de_Julho.zip
14 de Julho;84,36999999999885;84,29999999999886;1,2842142976079;7,3667447699304995;UHE 14 de Julho - CAV SNHIR.xlsx;b8f0487a-df73-4f8d-8b22-bb49cf9f3683;https://metadados.snirh.gov.br/files/b8f0487a-df73-4f8d-8b22-bb49cf9f3683/14_de_Julho.zip
14 de Julho;84,46999999999885;84,39999999999885;1,2977426008183;7,4958399383934005;UHE 14 de Julho - CAV SNHIR.xlsx;b8f0487a-df73-4f8d-8b22-bb49cf9f3683;https://metadados.snirh.gov.br/files/b8f0487a-df73-4f8d-8b22-bb49cf9f3683/14_de_Julho.zip
14 de Julho;84,56999999999884;84,49999999999885;1,3114491933472001;7,6263005641863995;UHE 14 de Julho - CAV SNHIR.xlsx;b8f0487a-df73-4f8d-8b22-bb49cf9f3683;https://metadados.snirh.gov.br/files/b8f0487a-df73-4f8d-8b22-bb49cf9f3683/14_de_Julho.zip
14 de Julho;84,66999999999884;84,59999999999884;1,3244458151958;7,7580925935312;UHE 14 de Julho - CAV SNHIR.xlsx;b8f0487a-df73-4f8d-8b22-bb49cf9f3683;https://metadados.snirh.gov.br/files/b8f0487a-df73-4f8d-8b22-bb49cf9f3683/14_de_Julho.zip
14 de Julho;84,76999999999883;84,69999999999884;1,3375968726206;7,891185724963701;UHE 14 de Julho - CAV SNHIR.xlsx;b8f0487a-df73-4f8d-8b22-bb49cf9f3683;https://metadados.snirh.gov.br/files/b8f0487a-df73-4f8d-8b22-bb49cf9f3683/14_de_Julho.zip
14 de Julho;84,86999999999883;84,79999999999883;1,3513391227718998;8,0256292477156;UHE 14 de Julho - CAV SNHIR.xlsx;b8f0487a-df73-4f8d-8b22-bb49cf9f3683;https://metadados.snirh.gov.br/files/b8f0487a-df73-4f8d-8b22-bb49cf9f3683/14_de_Julho.zip
14 de Julho;84,96999999999882;84,89999999999883;1,3650209368491;8,1614433010714;UHE 14 de Julho - CAV SNHIR.xlsx;b8f0487a-df73-4f8d-8b22-bb49cf9f3683;https://metadados.snirh.gov.br/files/b8f0487a-df73-4f8d-8b22-bb49cf9f3683/14_de_Julho.zip
14 de Julho;85,06999999999881;84,99999999999882;1,3787695987038;8,298631256787;UHE 14 de Julho - CAV SNHIR.xlsx;b8f0487a-df73-4f8d-8b22-bb49cf9f3683;https://metadados.snirh.gov.br/files/b8f0487a-df73-4f8d-8b22-bb49cf9f3683/14_de_Julho.zip
14 de Julho;85,16999999999881;85,09999999999881;1,3916072632162;8,4371484169562;UHE 14 de Julho - CAV SNHIR.xlsx;b8f0487a-df73-4f8d-8b22-bb49cf9f3683;https://metadados.snirh.gov.br/files/b8f0487a-df73-4f8d-8b22-bb49cf9f3683/14_de_Julho.zip
14 de Julho;85,2699999999988;85,19999999999881;1,4040301738086;8,5769244275041;UHE 14 de Julho - CAV SNHIR.xlsx;b8f0487a-df73-4f8d-8b22-bb49cf9f3683;https://metadados.snirh.gov.br/files/b8f0487a-df73-4f8d-8b22-bb49cf9f3683/14_de_Julho.zip
14 de Julho;85,3699999999988;85,2999999999988;1,4166169464556;8,7179534579337;UHE 14 de Julho - CAV SNHIR.xlsx;b8f0487a-df73-4f8d-8b22-bb49cf9f3683;https://metadados.snirh.gov.br/files/b8f0487a-df73-4f8d-8b22-bb49cf9f3683/14_de_Julho.zip
14 de Julho;85,46999999999879;85,3999999999988;1,4294108013272;8,8602525431039;UHE 14 de Julho - CAV SNHIR.xlsx;b8f0487a-df73-4f8d-8b22-bb49cf9f3683;https://metadados.snirh.gov.br/files/b8f0487a-df73-4f8d-8b22-bb49cf9f3683/14_de_Julho.zip
14 de Julho;85,56999999999879;85,49999999999879;1,4424464535680002;9,0038278830342;UHE 14 de Julho - CAV SNHIR.xlsx;b8f0487a-df73-4f8d-8b22-bb49cf9f3683;https://metadados.snirh.gov.br/files/b8f0487a-df73-4f8d-8b22-bb49cf9f3683/14_de_Julho.zip
14 de Julho;85,66999999999878;85,59999999999879;1,4553206879868;9,1487260768116;UHE 14 de Julho - CAV SNHIR.xlsx;b8f0487a-df73-4f8d-8b22-bb49cf9f3683;https://metadados.snirh.gov.br/files/b8f0487a-df73-4f8d-8b22-bb49cf9f3683/14_de_Julho.zip
14 de Julho;85,76999999999877;85,69999999999878;1,4673033845656;9,294857940652701;UHE 14 de Julho - CAV SNHIR.xlsx;b8f0487a-df73-4f8d-8b22-bb49cf9f3683;https://metadados.snirh.gov.br/files/b8f0487a-df73-4f8d-8b22-bb49cf9f3683/14_de_Julho.zip
14 de Julho;85,86999999999877;85,79999999999878;1,4785227112400001;9,4421469377139;UHE 14 de Julho - CAV SNHIR.xlsx;b8f0487a-df73-4f8d-8b22-bb49cf9f3683;https://metadados.snirh.gov.br/files/b8f0487a-df73-4f8d-8b22-bb49cf9f3683/14_de_Julho.zip
14 de Julho;85,96999999999876;85,89999999999877;1,4898898766495001;9,5905594589664;UHE 14 de Julho - CAV SNHIR.xlsx;b8f0487a-df73-4f8d-8b22-bb49cf9f3683;https://metadados.snirh.gov.br/files/b8f0487a-df73-4f8d-8b22-bb49cf9f3683/14_de_Julho.zip
14 de Julho;86,06999999999876;85,99999999999876;1,5014933507286001;9,7401206709178;UHE 14 de Julho - CAV SNHIR.xlsx;b8f0487a-df73-4f8d-8b22-bb49cf9f3683;https://metadados.snirh.gov.br/files/b8f0487a-df73-4f8d-8b22-bb49cf9f3683/14_de_Julho.zip
14 de Julho;86,16999999999875;86,09999999999876;1,5126208768782001;9,8908264410407;UHE 14 de Julho - CAV SNHIR.xlsx;b8f0487a-df73-4f8d-8b22-bb49cf9f3683;https://metadados.snirh.gov.br/files/b8f0487a-df73-4f8d-8b22-bb49cf9f3683/14_de_Julho.zip
14 de Julho;86,26999999999875;86,19999999999875;1,52381101034;10,042642762049999;UHE 14 de Julho - CAV SNHIR.xlsx;b8f0487a-df73-4f8d-8b22-bb49cf9f3683;https://metadados.snirh.gov.br/files/b8f0487a-df73-4f8d-8b22-bb49cf9f3683/14_de_Julho.zip
14 de Julho;86,36999999999874;86,29999999999875;1,5350540847199001;10,195585844982;UHE 14 de Julho - CAV SNHIR.xlsx;b8f0487a-df73-4f8d-8b22-bb49cf9f3683;https://metadados.snirh.gov.br/files/b8f0487a-df73-4f8d-8b22-bb49cf9f3683/14_de_Julho.zip
14 de Julho;86,46999999999873;86,39999999999874;1,5469509296822999;10,349669262371;UHE 14 de Julho - CAV SNHIR.xlsx;b8f0487a-df73-4f8d-8b22-bb49cf9f3683;https://metadados.snirh.gov.br/files/b8f0487a-df73-4f8d-8b22-bb49cf9f3683/14_de_Julho.zip
14 de Julho;86,56999999999873;86,49999999999874;1,5596292153986;10,504983948181;UHE 14 de Julho - CAV SNHIR.xlsx;b8f0487a-df73-4f8d-8b22-bb49cf9f3683;https://metadados.snirh.gov.br/files/b8f0487a-df73-4f8d-8b22-bb49cf9f3683/14_de_Julho.zip
14 de Julho;86,66999999999872;86,59999999999873;1,5730331754819;10,661594351957001;UHE 14 de Julho - CAV SNHIR.xlsx;b8f0487a-df73-4f8d-8b22-bb49cf9f3683;https://metadados.snirh.gov.br/files/b8f0487a-df73-4f8d-8b22-bb49cf9f3683/14_de_Julho.zip
14 de Julho;86,76999999999872;86,69999999999872;1,5883498723306;10,819648055123;UHE 14 de Julho - CAV SNHIR.xlsx;b8f0487a-df73-4f8d-8b22-bb49cf9f3683;https://metadados.snirh.gov.br/files/b8f0487a-df73-4f8d-8b22-bb49cf9f3683/14_de_Julho.zip
14 de Julho;86,86999999999871;86,79999999999872;1,6056515889009;10,979318052294;UHE 14 de Julho - CAV SNHIR.xlsx;b8f0487a-df73-4f8d-8b22-bb49cf9f3683;https://metadados.snirh.gov.br/files/b8f0487a-df73-4f8d-8b22-bb49cf9f3683/14_de_Julho.zip
14 de Julho;86,9699999999987;86,89999999999871;1,6254711064534002;11,140843667695;UHE 14 de Julho - CAV SNHIR.xlsx;b8f0487a-df73-4f8d-8b22-bb49cf9f3683;https://metadados.snirh.gov.br/files/b8f0487a-df73-4f8d-8b22-bb49cf9f3683/14_de_Julho.zip
14 de Julho;87,0699999999987;86,9999999999987;1,6476816600591;11,304473374026001;UHE 14 de Julho - CAV SNHIR.xlsx;b8f0487a-df73-4f8d-8b22-bb49cf9f3683;https://metadados.snirh.gov.br/files/b8f0487a-df73-4f8d-8b22-bb49cf9f3683/14_de_Julho.zip
14 de Julho;87,1699999999987;87,0999999999987;1,6711670027865;11,470412703367;UHE 14 de Julho - CAV SNHIR.xlsx;b8f0487a-df73-4f8d-8b22-bb49cf9f3683;https://metadados.snirh.gov.br/files/b8f0487a-df73-4f8d-8b22-bb49cf9f3683/14_de_Julho.zip
14 de Julho;87,26999999999869;87,1999999999987;1,6940563959199;11,638663092220002;UHE 14 de Julho - CAV SNHIR.xlsx;b8f0487a-df73-4f8d-8b22-bb49cf9f3683;https://metadados.snirh.gov.br/files/b8f0487a-df73-4f8d-8b22-bb49cf9f3683/14_de_Julho.zip
14 de Julho;87,36999999999868;87,29999999999869;1,7170700154954;11,809225165917;UHE 14 de Julho - CAV SNHIR.xlsx;b8f0487a-df73-4f8d-8b22-bb49cf9f3683;https://metadados.snirh.gov.br/files/b8f0487a-df73-4f8d-8b22-bb49cf9f3683/14_de_Julho.zip
14 de Julho;87,46999999999868;87,39999999999868;1,7391843639281002;11,982016171973;UHE 14 de Julho - CAV SNHIR.xlsx;b8f0487a-df73-4f8d-8b22-bb49cf9f3683;https://metadados.snirh.gov.br/files/b8f0487a-df73-4f8d-8b22-bb49cf9f3683/14_de_Julho.zip
14 de Julho;87,56999999999867;87,49999999999868;1,7618259632134;12,157074495939;UHE 14 de Julho - CAV SNHIR.xlsx;b8f0487a-df73-4f8d-8b22-bb49cf9f3683;https://metadados.snirh.gov.br/files/b8f0487a-df73-4f8d-8b22-bb49cf9f3683/14_de_Julho.zip
14 de Julho;87,66999999999867;87,59999999999867;1,7845758612358;12,334385820364;UHE 14 de Julho - CAV SNHIR.xlsx;b8f0487a-df73-4f8d-8b22-bb49cf9f3683;https://metadados.snirh.gov.br/files/b8f0487a-df73-4f8d-8b22-bb49cf9f3683/14_de_Julho.zip
14 de Julho;87,76999999999866;87,69999999999867;1,8064714464742002;12,51395264116;UHE 14 de Julho - CAV SNHIR.xlsx;b8f0487a-df73-4f8d-8b22-bb49cf9f3683;https://metadados.snirh.gov.br/files/b8f0487a-df73-4f8d-8b22-bb49cf9f3683/14_de_Julho.zip
14 de Julho;87,86999999999865;87,79999999999866;1,8269756319605;12,695628544035001;UHE 14 de Julho - CAV SNHIR.xlsx;b8f0487a-df73-4f8d-8b22-bb49cf9f3683;https://metadados.snirh.gov.br/files/b8f0487a-df73-4f8d-8b22-bb49cf9f3683/14_de_Julho.zip
14 de Julho;87,96999999999865;87,89999999999866;1,8464510799899;12,879288983425;UHE 14 de Julho - CAV SNHIR.xlsx;b8f0487a-df73-4f8d-8b22-bb49cf9f3683;https://metadados.snirh.gov.br/files/b8f0487a-df73-4f8d-8b22-bb49cf9f3683/14_de_Julho.zip
14 de Julho;88,06999999999864;87,99999999999865;1,8658158303681;13,064895392634;UHE 14 de Julho - CAV SNHIR.xlsx;b8f0487a-df73-4f8d-8b22-bb49cf9f3683;https://metadados.snirh.gov.br/files/b8f0487a-df73-4f8d-8b22-bb49cf9f3683/14_de_Julho.zip
14 de Julho;88,16999999999864;88,09999999999864;1,8851776882623001;13,252451198941;UHE 14 de Julho - CAV SNHIR.xlsx;b8f0487a-df73-4f8d-8b22-bb49cf9f3683;https://metadados.snirh.gov.br/files/b8f0487a-df73-4f8d-8b22-bb49cf9f3683/14_de_Julho.zip
14 de Julho;88,26999999999863;88,19999999999864;1,9048233968303;13,441928108782001;UHE 14 de Julho - CAV SNHIR.xlsx;b8f0487a-df73-4f8d-8b22-bb49cf9f3683;https://metadados.snirh.gov.br/files/b8f0487a-df73-4f8d-8b22-bb49cf9f3683/14_de_Julho.zip
14 de Julho;88,36999999999863;88,29999999999863;1,9254963016653;13,633443764271;UHE 14 de Julho - CAV SNHIR.xlsx;b8f0487a-df73-4f8d-8b22-bb49cf9f3683;https://metadados.snirh.gov.br/files/b8f0487a-df73-4f8d-8b22-bb49cf9f3683/14_de_Julho.zip
14 de Julho;88,46999999999862;88,39999999999863;1,9454565825038002;13,826985173075;UHE 14 de Julho - CAV SNHIR.xlsx;b8f0487a-df73-4f8d-8b22-bb49cf9f3683;https://metadados.snirh.gov.br/files/b8f0487a-df73-4f8d-8b22-bb49cf9f3683/14_de_Julho.zip
14 de Julho;88,56999999999861;88,49999999999862;1,9661499373934;14,022559033039;UHE 14 de Julho - CAV SNHIR.xlsx;b8f0487a-df73-4f8d-8b22-bb49cf9f3683;https://metadados.snirh.gov.br/files/b8f0487a-df73-4f8d-8b22-bb49cf9f3683/14_de_Julho.zip
14 de Julho;88,66999999999861;88,59999999999862;1,9867839483013;14,220198992236;UHE 14 de Julho - CAV SNHIR.xlsx;b8f0487a-df73-4f8d-8b22-bb49cf9f3683;https://metadados.snirh.gov.br/files/b8f0487a-df73-4f8d-8b22-bb49cf9f3683/14_de_Julho.zip
14 de Julho;88,7699999999986;88,69999999999861;2,0077925936492;14,419917939385;UHE 14 de Julho - CAV SNHIR.xlsx;b8f0487a-df73-4f8d-8b22-bb49cf9f3683;https://metadados.snirh.gov.br/files/b8f0487a-df73-4f8d-8b22-bb49cf9f3683/14_de_Julho.zip
14 de Julho;88,8699999999986;88,7999999999986;2,0291990407598;14,621768730524;UHE 14 de Julho - CAV SNHIR.xlsx;b8f0487a-df73-4f8d-8b22-bb49cf9f3683;https://metadados.snirh.gov.br/files/b8f0487a-df73-4f8d-8b22-bb49cf9f3683/14_de_Julho.zip
14 de Julho;88,96999999999859;88,8999999999986;2,0508429405711;14,825752399242;UHE 14 de Julho - CAV SNHIR.xlsx;b8f0487a-df73-4f8d-8b22-bb49cf9f3683;https://metadados.snirh.gov.br/files/b8f0487a-df73-4f8d-8b22-bb49cf9f3683/14_de_Julho.zip
14 de Julho;89,06999999999859;88,9999999999986;2,0728241245003;15,031933827264;UHE 14 de Julho - CAV SNHIR.xlsx;b8f0487a-df73-4f8d-8b22-bb49cf9f3683;https://metadados.snirh.gov.br/files/b8f0487a-df73-4f8d-8b22-bb49cf9f3683/14_de_Julho.zip
14 de Julho;89,16999999999858;89,09999999999859;2,0953748004971;15,240309072814;UHE 14 de Julho - CAV SNHIR.xlsx;b8f0487a-df73-4f8d-8b22-bb49cf9f3683;https://metadados.snirh.gov.br/files/b8f0487a-df73-4f8d-8b22-bb49cf9f3683/14_de_Julho.zip
14 de Julho;89,26999999999857;89,19999999999858;2,1179308099181;15,45098254535;UHE 14 de Julho - CAV SNHIR.xlsx;b8f0487a-df73-4f8d-8b22-bb49cf9f3683;https://metadados.snirh.gov.br/files/b8f0487a-df73-4f8d-8b22-bb49cf9f3683/14_de_Julho.zip
14 de Julho;89,36999999999857;89,29999999999858;2,1397932515968;15,663873241365001;UHE 14 de Julho - CAV SNHIR.xlsx;b8f0487a-df73-4f8d-8b22-bb49cf9f3683;https://metadados.snirh.gov.br/files/b8f0487a-df73-4f8d-8b22-bb49cf9f3683/14_de_Julho.zip
14 de Julho;89,46999999999856;89,39999999999857;2,1614396463235;15,878928532663;UHE 14 de Julho - CAV SNHIR.xlsx;b8f0487a-df73-4f8d-8b22-bb49cf9f3683;https://metadados.snirh.gov.br/files/b8f0487a-df73-4f8d-8b22-bb49cf9f3683/14_de_Julho.zip
14 de Julho;89,56999999999856;89,49999999999856;2,1831948576809;16,096159803354002;UHE 14 de Julho - CAV SNHIR.xlsx;b8f0487a-df73-4f8d-8b22-bb49cf9f3683;https://metadados.snirh.gov.br/files/b8f0487a-df73-4f8d-8b22-bb49cf9f3683/14_de_Julho.zip
14 de Julho;89,66999999999855;89,59999999999856;2,205527796028;16,315576432172;UHE 14 de Julho - CAV SNHIR.xlsx;b8f0487a-df73-4f8d-8b22-bb49cf9f3683;https://metadados.snirh.gov.br/files/b8f0487a-df73-4f8d-8b22-bb49cf9f3683/14_de_Julho.zip
14 de Julho;89,76999999999855;89,69999999999855;2,2289527596655;16,537270850419;UHE 14 de Julho - CAV SNHIR.xlsx;b8f0487a-df73-4f8d-8b22-bb49cf9f3683;https://metadados.snirh.gov.br/files/b8f0487a-df73-4f8d-8b22-bb49cf9f3683/14_de_Julho.zip
14 de Julho;89,86999999999854;89,79999999999855;2,2544237785925;16,761430520001;UHE 14 de Julho - CAV SNHIR.xlsx;b8f0487a-df73-4f8d-8b22-bb49cf9f3683;https://metadados.snirh.gov.br/files/b8f0487a-df73-4f8d-8b22-bb49cf9f3683/14_de_Julho.zip
14 de Julho;89,96999999999854;89,89999999999854;2,2803879193789;16,988169914897;UHE 14 de Julho - CAV SNHIR.xlsx;b8f0487a-df73-4f8d-8b22-bb49cf9f3683;https://metadados.snirh.gov.br/files/b8f0487a-df73-4f8d-8b22-bb49cf9f3683/14_de_Julho.zip
14 de Julho;90,06999999999853;89,99999999999854;2,3069223408892;17,217520682397;UHE 14 de Julho - CAV SNHIR.xlsx;b8f0487a-df73-4f8d-8b22-bb49cf9f3683;https://metadados.snirh.gov.br/files/b8f0487a-df73-4f8d-8b22-bb49cf9f3683/14_de_Julho.zip
14 de Julho;90,16999999999852;90,09999999999853;2,3355210563115;17,449608390366;UHE 14 de Julho - CAV SNHIR.xlsx;b8f0487a-df73-4f8d-8b22-bb49cf9f3683;https://metadados.snirh.gov.br/files/b8f0487a-df73-4f8d-8b22-bb49cf9f3683/14_de_Julho.zip
14 de Julho;90,26999999999852;90,19999999999852;2,3651575252253;17,684634673849;UHE 14 de Julho - CAV SNHIR.xlsx;b8f0487a-df73-4f8d-8b22-bb49cf9f3683;https://metadados.snirh.gov.br/files/b8f0487a-df73-4f8d-8b22-bb49cf9f3683/14_de_Julho.zip
14 de Julho;90,36999999999851;90,29999999999852;2,3954391860705;17,922645770558;UHE 14 de Julho - CAV SNHIR.xlsx;b8f0487a-df73-4f8d-8b22-bb49cf9f3683;https://metadados.snirh.gov.br/files/b8f0487a-df73-4f8d-8b22-bb49cf9f3683/14_de_Julho.zip
14 de Julho;90,4699999999985;90,39999999999851;2,4271407218859;18,163755668796;UHE 14 de Julho - CAV SNHIR.xlsx;b8f0487a-df73-4f8d-8b22-bb49cf9f3683;https://metadados.snirh.gov.br/files/b8f0487a-df73-4f8d-8b22-bb49cf9f3683/14_de_Julho.zip
14 de Julho;90,5699999999985;90,49999999999851;2,4598488169705;18,408085227410997;UHE 14 de Julho - CAV SNHIR.xlsx;b8f0487a-df73-4f8d-8b22-bb49cf9f3683;https://metadados.snirh.gov.br/files/b8f0487a-df73-4f8d-8b22-bb49cf9f3683/14_de_Julho.zip
14 de Julho;90,6699999999985;90,5999999999985;2,4929588592522;18,655713511280002;UHE 14 de Julho - CAV SNHIR.xlsx;b8f0487a-df73-4f8d-8b22-bb49cf9f3683;https://metadados.snirh.gov.br/files/b8f0487a-df73-4f8d-8b22-bb49cf9f3683/14_de_Julho.zip
14 de Julho;90,76999999999849;90,6999999999985;2,5261778595392;18,906683101057002;UHE 14 de Julho - CAV SNHIR.xlsx;b8f0487a-df73-4f8d-8b22-bb49cf9f3683;https://metadados.snirh.gov.br/files/b8f0487a-df73-4f8d-8b22-bb49cf9f3683/14_de_Julho.zip
14 de Julho;90,86999999999848;90,79999999999849;2,5578243296842;19,160887749598;UHE 14 de Julho - CAV SNHIR.xlsx;b8f0487a-df73-4f8d-8b22-bb49cf9f3683;https://metadados.snirh.gov.br/files/b8f0487a-df73-4f8d-8b22-bb49cf9f3683/14_de_Julho.zip
14 de Julho;90,96999999999848;90,89999999999849;2,5879898690902;19,418189722648;UHE 14 de Julho - CAV SNHIR.xlsx;b8f0487a-df73-4f8d-8b22-bb49cf9f3683;https://metadados.snirh.gov.br/files/b8f0487a-df73-4f8d-8b22-bb49cf9f3683/14_de_Julho.zip
14 de Julho;91,06999999999847;90,99999999999848;2,616238946545;19,678400183084;UHE 14 de Julho - CAV SNHIR.xlsx;b8f0487a-df73-4f8d-8b22-bb49cf9f3683;https://metadados.snirh.gov.br/files/b8f0487a-df73-4f8d-8b22-bb49cf9f3683/14_de_Julho.zip
14 de Julho;91,16999999999847;91,09999999999847;2,6442496717524;19,941400147939;UHE 14 de Julho - CAV SNHIR.xlsx;b8f0487a-df73-4f8d-8b22-bb49cf9f3683;https://metadados.snirh.gov.br/files/b8f0487a-df73-4f8d-8b22-bb49cf9f3683/14_de_Julho.zip
14 de Julho;91,26999999999846;91,19999999999847;2,6729260856576;20,207243693934;UHE 14 de Julho - CAV SNHIR.xlsx;b8f0487a-df73-4f8d-8b22-bb49cf9f3683;https://metadados.snirh.gov.br/files/b8f0487a-df73-4f8d-8b22-bb49cf9f3683/14_de_Julho.zip
14 de Julho;91,36999999999846;91,29999999999846;2,7017107408648;20,475966407056;UHE 14 de Julho - CAV SNHIR.xlsx;b8f0487a-df73-4f8d-8b22-bb49cf9f3683;https://metadados.snirh.gov.br/files/b8f0487a-df73-4f8d-8b22-bb49cf9f3683/14_de_Julho.zip
14 de Julho;91,46999999999845;91,39999999999846;2,7317445164617;20,747610408496;UHE 14 de Julho - CAV SNHIR.xlsx;b8f0487a-df73-4f8d-8b22-bb49cf9f3683;https://metadados.snirh.gov.br/files/b8f0487a-df73-4f8d-8b22-bb49cf9f3683/14_de_Julho.zip
14 de Julho;91,56999999999844;91,49999999999845;2,7623394780064;21,022297506039003;UHE 14 de Julho - CAV SNHIR.xlsx;b8f0487a-df73-4f8d-8b22-bb49cf9f3683;https://metadados.snirh.gov.br/files/b8f0487a-df73-4f8d-8b22-bb49cf9f3683/14_de_Julho.zip
14 de Julho;91,66999999999844;91,59999999999845;2,7926629043131;21,300034658135;UHE 14 de Julho - CAV SNHIR.xlsx;b8f0487a-df73-4f8d-8b22-bb49cf9f3683;https://metadados.snirh.gov.br/files/b8f0487a-df73-4f8d-8b22-bb49cf9f3683/14_de_Julho.zip
14 de Julho;91,76999999999843;91,69999999999844;2,8239079008545;21,580851816297;UHE 14 de Julho - CAV SNHIR.xlsx;b8f0487a-df73-4f8d-8b22-bb49cf9f3683;https://metadados.snirh.gov.br/files/b8f0487a-df73-4f8d-8b22-bb49cf9f3683/14_de_Julho.zip
14 de Julho;91,86999999999843;91,79999999999843;2,8557406494701003;21,864824916379;UHE 14 de Julho - CAV SNHIR.xlsx;b8f0487a-df73-4f8d-8b22-bb49cf9f3683;https://metadados.snirh.gov.br/files/b8f0487a-df73-4f8d-8b22-bb49cf9f3683/14_de_Julho.zip
14 de Julho;91,96999999999842;91,89999999999843;2,8873104410847996;22,151963997686;UHE 14 de Julho - CAV SNHIR.xlsx;b8f0487a-df73-4f8d-8b22-bb49cf9f3683;https://metadados.snirh.gov.br/files/b8f0487a-df73-4f8d-8b22-bb49cf9f3683/14_de_Julho.zip
14 de Julho;92,06999999999842;91,99999999999842;2,9191827575111997;22,442287468954;UHE 14 de Julho - CAV SNHIR.xlsx;b8f0487a-df73-4f8d-8b22-bb49cf9f3683;https://metadados.snirh.gov.br/files/b8f0487a-df73-4f8d-8b22-bb49cf9f3683/14_de_Julho.zip
14 de Julho;92,16999999999841;92,09999999999842;2,9501517364559997;22,735738423104;UHE 14 de Julho - CAV SNHIR.xlsx;b8f0487a-df73-4f8d-8b22-bb49cf9f3683;https://metadados.snirh.gov.br/files/b8f0487a-df73-4f8d-8b22-bb49cf9f3683/14_de_Julho.zip
14 de Julho;92,2699999999984;92,19999999999841;2,9813391512167002;23,032309537661;UHE 14 de Julho - CAV SNHIR.xlsx;b8f0487a-df73-4f8d-8b22-bb49cf9f3683;https://metadados.snirh.gov.br/files/b8f0487a-df73-4f8d-8b22-bb49cf9f3683/14_de_Julho.zip
14 de Julho;92,3699999999984;92,2999999999984;3,0095702252511;23,331869065267;UHE 14 de Julho - CAV SNHIR.xlsx;b8f0487a-df73-4f8d-8b22-bb49cf9f3683;https://metadados.snirh.gov.br/files/b8f0487a-df73-4f8d-8b22-bb49cf9f3683/14_de_Julho.zip
14 de Julho;92,4699999999984;92,3999999999984;3,0365623762977;23,634174323377;UHE 14 de Julho - CAV SNHIR.xlsx;b8f0487a-df73-4f8d-8b22-bb49cf9f3683;https://metadados.snirh.gov.br/files/b8f0487a-df73-4f8d-8b22-bb49cf9f3683/14_de_Julho.zip
14 de Julho;92,56999999999839;92,4999999999984;3,0625433199;23,939115183533;UHE 14 de Julho - CAV SNHIR.xlsx;b8f0487a-df73-4f8d-8b22-bb49cf9f3683;https://metadados.snirh.gov.br/files/b8f0487a-df73-4f8d-8b22-bb49cf9f3683/14_de_Julho.zip
14 de Julho;92,66999999999838;92,59999999999839;3,0879460712877;24,24663785135;UHE 14 de Julho - CAV SNHIR.xlsx;b8f0487a-df73-4f8d-8b22-bb49cf9f3683;https://metadados.snirh.gov.br/files/b8f0487a-df73-4f8d-8b22-bb49cf9f3683/14_de_Julho.zip
14 de Julho;92,76999999999838;92,69999999999838;3,1126906865637;24,556668385942;UHE 14 de Julho - CAV SNHIR.xlsx;b8f0487a-df73-4f8d-8b22-bb49cf9f3683;https://metadados.snirh.gov.br/files/b8f0487a-df73-4f8d-8b22-bb49cf9f3683/14_de_Julho.zip
14 de Julho;92,86999999999837;92,79999999999838;3,1370741889189;24,869150323718;UHE 14 de Julho - CAV SNHIR.xlsx;b8f0487a-df73-4f8d-8b22-bb49cf9f3683;https://metadados.snirh.gov.br/files/b8f0487a-df73-4f8d-8b22-bb49cf9f3683/14_de_Julho.zip
14 de Julho;92,96999999999836;92,89999999999837;3,1613931622787996;25,184057871323002;UHE 14 de Julho - CAV SNHIR.xlsx;b8f0487a-df73-4f8d-8b22-bb49cf9f3683;https://metadados.snirh.gov.br/files/b8f0487a-df73-4f8d-8b22-bb49cf9f3683/14_de_Julho.zip
14 de Julho;93,06999999999836;92,99999999999837;3,1855031523354;25,501407986716;UHE 14 de Julho - CAV SNHIR.xlsx;b8f0487a-df73-4f8d-8b22-bb49cf9f3683;https://metadados.snirh.gov.br/files/b8f0487a-df73-4f8d-8b22-bb49cf9f3683/14_de_Julho.zip
14 de Julho;93,16999999999835;93,09999999999836;3,2098194938904;25,821160249846997;UHE 14 de Julho - CAV SNHIR.xlsx;b8f0487a-df73-4f8d-8b22-bb49cf9f3683;https://metadados.snirh.gov.br/files/b8f0487a-df73-4f8d-8b22-bb49cf9f3683/14_de_Julho.zip
14 de Julho;93,26999999999835;93,19999999999835;3,2342979545939996;26,143347101544;UHE 14 de Julho - CAV SNHIR.xlsx;b8f0487a-df73-4f8d-8b22-bb49cf9f3683;https://metadados.snirh.gov.br/files/b8f0487a-df73-4f8d-8b22-bb49cf9f3683/14_de_Julho.zip
14 de Julho;93,36999999999834;93,29999999999835;3,2589393612965;26,467989402624998;UHE 14 de Julho - CAV SNHIR.xlsx;b8f0487a-df73-4f8d-8b22-bb49cf9f3683;https://metadados.snirh.gov.br/files/b8f0487a-df73-4f8d-8b22-bb49cf9f3683/14_de_Julho.zip
14 de Julho;93,46999999999834;93,39999999999834;3,2837027161903;26,795116371294;UHE 14 de Julho - CAV SNHIR.xlsx;b8f0487a-df73-4f8d-8b22-bb49cf9f3683;https://metadados.snirh.gov.br/files/b8f0487a-df73-4f8d-8b22-bb49cf9f3683/14_de_Julho.zip
14 de Julho;93,56999999999833;93,49999999999834;3,3086605697877003;27,124731786873003;UHE 14 de Julho - CAV SNHIR.xlsx;b8f0487a-df73-4f8d-8b22-bb49cf9f3683;https://metadados.snirh.gov.br/files/b8f0487a-df73-4f8d-8b22-bb49cf9f3683/14_de_Julho.zip
14 de Julho;93,66999999999832;93,59999999999833;3,3339630994206;27,456849987353998;UHE 14 de Julho - CAV SNHIR.xlsx;b8f0487a-df73-4f8d-8b22-bb49cf9f3683;https://metadados.snirh.gov.br/files/b8f0487a-df73-4f8d-8b22-bb49cf9f3683/14_de_Julho.zip
14 de Julho;93,76999999999832;93,69999999999833;3,3599354945704003;27,791529212135;UHE 14 de Julho - CAV SNHIR.xlsx;b8f0487a-df73-4f8d-8b22-bb49cf9f3683;https://metadados.snirh.gov.br/files/b8f0487a-df73-4f8d-8b22-bb49cf9f3683/14_de_Julho.zip
14 de Julho;93,86999999999831;93,79999999999832;3,3862925794275;28,128822904217998;UHE 14 de Julho - CAV SNHIR.xlsx;b8f0487a-df73-4f8d-8b22-bb49cf9f3683;https://metadados.snirh.gov.br/files/b8f0487a-df73-4f8d-8b22-bb49cf9f3683/14_de_Julho.zip
14 de Julho;93,96999999999831;93,89999999999831;3,412820161214;28,468759355407;UHE 14 de Julho - CAV SNHIR.xlsx;b8f0487a-df73-4f8d-8b22-bb49cf9f3683;https://metadados.snirh.gov.br/files/b8f0487a-df73-4f8d-8b22-bb49cf9f3683/14_de_Julho.zip
14 de Julho;94,0699999999983;93,99999999999831;3,440150308528;28,811401546502;UHE 14 de Julho - CAV SNHIR.xlsx;b8f0487a-df73-4f8d-8b22-bb49cf9f3683;https://metadados.snirh.gov.br/files/b8f0487a-df73-4f8d-8b22-bb49cf9f3683/14_de_Julho.zip
14 de Julho;94,1699999999983;94,0999999999983;3,4676777787659;29,156782540298998;UHE 14 de Julho - CAV SNHIR.xlsx;b8f0487a-df73-4f8d-8b22-bb49cf9f3683;https://metadados.snirh.gov.br/files/b8f0487a-df73-4f8d-8b22-bb49cf9f3683/14_de_Julho.zip
14 de Julho;94,26999999999829;94,1999999999983;3,4962136810325;29,504961480041;UHE 14 de Julho - CAV SNHIR.xlsx;b8f0487a-df73-4f8d-8b22-bb49cf9f3683;https://metadados.snirh.gov.br/files/b8f0487a-df73-4f8d-8b22-bb49cf9f3683/14_de_Julho.zip
14 de Julho;94,36999999999829;94,29999999999829;3,5262571696358003;29,856077399356998;UHE 14 de Julho - CAV SNHIR.xlsx;b8f0487a-df73-4f8d-8b22-bb49cf9f3683;https://metadados.snirh.gov.br/files/b8f0487a-df73-4f8d-8b22-bb49cf9f3683/14_de_Julho.zip
14 de Julho;94,46999999999828;94,39999999999829;3,5565265533890997;30,210218883242998;UHE 14 de Julho - CAV SNHIR.xlsx;b8f0487a-df73-4f8d-8b22-bb49cf9f3683;https://metadados.snirh.gov.br/files/b8f0487a-df73-4f8d-8b22-bb49cf9f3683/14_de_Julho.zip
14 de Julho;94,56999999999827;94,49999999999828;3,5859798170181;30,567338251464;UHE 14 de Julho - CAV SNHIR.xlsx;b8f0487a-df73-4f8d-8b22-bb49cf9f3683;https://metadados.snirh.gov.br/files/b8f0487a-df73-4f8d-8b22-bb49cf9f3683/14_de_Julho.zip
14 de Julho;94,66999999999827;94,59999999999827;3,6129225240862;30,927302657582;UHE 14 de Julho - CAV SNHIR.xlsx;b8f0487a-df73-4f8d-8b22-bb49cf9f3683;https://metadados.snirh.gov.br/files/b8f0487a-df73-4f8d-8b22-bb49cf9f3683/14_de_Julho.zip
14 de Julho;94,76999999999826;94,69999999999827;3,6377365713117;31,289840575168;UHE 14 de Julho - CAV SNHIR.xlsx;b8f0487a-df73-4f8d-8b22-bb49cf9f3683;https://metadados.snirh.gov.br/files/b8f0487a-df73-4f8d-8b22-bb49cf9f3683/14_de_Julho.zip
14 de Julho;94,86999999999826;94,79999999999826;3,6631563348285003;31,654859683679;UHE 14 de Julho - CAV SNHIR.xlsx;b8f0487a-df73-4f8d-8b22-bb49cf9f3683;https://metadados.snirh.gov.br/files/b8f0487a-df73-4f8d-8b22-bb49cf9f3683/14_de_Julho.zip
14 de Julho;94,96999999999825;94,89999999999826;3,6892055040728;32,022476575111;UHE 14 de Julho - CAV SNHIR.xlsx;b8f0487a-df73-4f8d-8b22-bb49cf9f3683;https://metadados.snirh.gov.br/files/b8f0487a-df73-4f8d-8b22-bb49cf9f3683/14_de_Julho.zip
14 de Julho;95,06999999999825;94,99999999999825;3,7164428720408;32,392742753142;UHE 14 de Julho - CAV SNHIR.xlsx;b8f0487a-df73-4f8d-8b22-bb49cf9f3683;https://metadados.snirh.gov.br/files/b8f0487a-df73-4f8d-8b22-bb49cf9f3683/14_de_Julho.zip
14 de Julho;95,16999999999824;95,09999999999825;3,7429658095276004;32,765717848324;UHE 14 de Julho - CAV SNHIR.xlsx;b8f0487a-df73-4f8d-8b22-bb49cf9f3683;https://metadados.snirh.gov.br/files/b8f0487a-df73-4f8d-8b22-bb49cf9f3683/14_de_Julho.zip
14 de Julho;95,26999999999823;95,19999999999824;3,7687699119108;33,141320506147004;UHE 14 de Julho - CAV SNHIR.xlsx;b8f0487a-df73-4f8d-8b22-bb49cf9f3683;https://metadados.snirh.gov.br/files/b8f0487a-df73-4f8d-8b22-bb49cf9f3683/14_de_Julho.zip
14 de Julho;95,36999999999823;95,29999999999824;3,7938665941803;33,519448620258;UHE 14 de Julho - CAV SNHIR.xlsx;b8f0487a-df73-4f8d-8b22-bb49cf9f3683;https://metadados.snirh.gov.br/files/b8f0487a-df73-4f8d-8b22-bb49cf9f3683/14_de_Julho.zip
14 de Julho;95,46999999999822;95,39999999999823;3,8191727749282;33,900081427868;UHE 14 de Julho - CAV SNHIR.xlsx;b8f0487a-df73-4f8d-8b22-bb49cf9f3683;https://metadados.snirh.gov.br/files/b8f0487a-df73-4f8d-8b22-bb49cf9f3683/14_de_Julho.zip
14 de Julho;95,56999999999822;95,49999999999822;3,8439156705985;34,283239379827;UHE 14 de Julho - CAV SNHIR.xlsx;b8f0487a-df73-4f8d-8b22-bb49cf9f3683;https://metadados.snirh.gov.br/files/b8f0487a-df73-4f8d-8b22-bb49cf9f3683/14_de_Julho.zip
14 de Julho;95,66999999999821;95,59999999999822;3,8679588347075;34,668833891144;UHE 14 de Julho - CAV SNHIR.xlsx;b8f0487a-df73-4f8d-8b22-bb49cf9f3683;https://metadados.snirh.gov.br/files/b8f0487a-df73-4f8d-8b22-bb49cf9f3683/14_de_Julho.zip
14 de Julho;95,7699999999982;95,69999999999821;3,8925430576158;35,05684540117;UHE 14 de Julho - CAV SNHIR.xlsx;b8f0487a-df73-4f8d-8b22-bb49cf9f3683;https://metadados.snirh.gov.br/files/b8f0487a-df73-4f8d-8b22-bb49cf9f3683/14_de_Julho.zip
14 de Julho;95,8699999999982;95,7999999999982;3,9177472977415;35,447353012263;UHE 14 de Julho - CAV SNHIR.xlsx;b8f0487a-df73-4f8d-8b22-bb49cf9f3683;https://metadados.snirh.gov.br/files/b8f0487a-df73-4f8d-8b22-bb49cf9f3683/14_de_Julho.zip
14 de Julho;95,9699999999982;95,8999999999982;3,9430491608222002;35,840395627516;UHE 14 de Julho - CAV SNHIR.xlsx;b8f0487a-df73-4f8d-8b22-bb49cf9f3683;https://metadados.snirh.gov.br/files/b8f0487a-df73-4f8d-8b22-bb49cf9f3683/14_de_Julho.zip
14 de Julho;96,06999999999819;95,9999999999982;3,96814431426;36,235946685996005;UHE 14 de Julho - CAV SNHIR.xlsx;b8f0487a-df73-4f8d-8b22-bb49cf9f3683;https://metadados.snirh.gov.br/files/b8f0487a-df73-4f8d-8b22-bb49cf9f3683/14_de_Julho.zip
14 de Julho;96,16999999999818;96,09999999999819;3,9928371227710002;36,633998033397;UHE 14 de Julho - CAV SNHIR.xlsx;b8f0487a-df73-4f8d-8b22-bb49cf9f3683;https://metadados.snirh.gov.br/files/b8f0487a-df73-4f8d-8b22-bb49cf9f3683/14_de_Julho.zip
14 de Julho;96,26999999999818;96,19999999999818;4,0177381007594;37,034532689146;UHE 14 de Julho - CAV SNHIR.xlsx;b8f0487a-df73-4f8d-8b22-bb49cf9f3683;https://metadados.snirh.gov.br/files/b8f0487a-df73-4f8d-8b22-bb49cf9f3683/14_de_Julho.zip
14 de Julho;96,36999999999817;96,29999999999818;4,0423162230587;37,43752542652;UHE 14 de Julho - CAV SNHIR.xlsx;b8f0487a-df73-4f8d-8b22-bb49cf9f3683;https://metadados.snirh.gov.br/files/b8f0487a-df73-4f8d-8b22-bb49cf9f3683/14_de_Julho.zip
14 de Julho;96,46999999999817;96,39999999999817;4,0665813159714;37,842966833471;UHE 14 de Julho - CAV SNHIR.xlsx;b8f0487a-df73-4f8d-8b22-bb49cf9f3683;https://metadados.snirh.gov.br/files/b8f0487a-df73-4f8d-8b22-bb49cf9f3683/14_de_Julho.zip
14 de Julho;96,56999999999816;96,49999999999817;4,0916719263215;38,25086364249199;UHE 14 de Julho - CAV SNHIR.xlsx;b8f0487a-df73-4f8d-8b22-bb49cf9f3683;https://metadados.snirh.gov.br/files/b8f0487a-df73-4f8d-8b22-bb49cf9f3683/14_de_Julho.zip
14 de Julho;96,66999999999815;96,59999999999816;4,116701844620501;38,661286151995;UHE 14 de Julho - CAV SNHIR.xlsx;b8f0487a-df73-4f8d-8b22-bb49cf9f3683;https://metadados.snirh.gov.br/files/b8f0487a-df73-4f8d-8b22-bb49cf9f3683/14_de_Julho.zip
14 de Julho;96,76999999999815;96,69999999999816;4,1424269666744005;39,074222730940996;UHE 14 de Julho - CAV SNHIR.xlsx;b8f0487a-df73-4f8d-8b22-bb49cf9f3683;https://metadados.snirh.gov.br/files/b8f0487a-df73-4f8d-8b22-bb49cf9f3683/14_de_Julho.zip
14 de Julho;96,86999999999814;96,79999999999815;4,1679941609335005;39,489740625096;UHE 14 de Julho - CAV SNHIR.xlsx;b8f0487a-df73-4f8d-8b22-bb49cf9f3683;https://metadados.snirh.gov.br/files/b8f0487a-df73-4f8d-8b22-bb49cf9f3683/14_de_Julho.zip
14 de Julho;96,96999999999814;96,89999999999814;4,1925920322264;39,907778763508;UHE 14 de Julho - CAV SNHIR.xlsx;b8f0487a-df73-4f8d-8b22-bb49cf9f3683;https://metadados.snirh.gov.br/files/b8f0487a-df73-4f8d-8b22-bb49cf9f3683/14_de_Julho.zip
14 de Julho;97,06999999999813;96,99999999999814;4,2168157762538;40,32824174593;UHE 14 de Julho - CAV SNHIR.xlsx;b8f0487a-df73-4f8d-8b22-bb49cf9f3683;https://metadados.snirh.gov.br/files/b8f0487a-df73-4f8d-8b22-bb49cf9f3683/14_de_Julho.zip
14 de Julho;97,16999999999813;97,09999999999813;4,2400333893368005;40,751089101038005;UHE 14 de Julho - CAV SNHIR.xlsx;b8f0487a-df73-4f8d-8b22-bb49cf9f3683;https://metadados.snirh.gov.br/files/b8f0487a-df73-4f8d-8b22-bb49cf9f3683/14_de_Julho.zip
14 de Julho;97,26999999999812;97,19999999999813;4,2630325961602;41,17624424948;UHE 14 de Julho - CAV SNHIR.xlsx;b8f0487a-df73-4f8d-8b22-bb49cf9f3683;https://metadados.snirh.gov.br/files/b8f0487a-df73-4f8d-8b22-bb49cf9f3683/14_de_Julho.zip
14 de Julho;97,36999999999811;97,29999999999812;4,2862069466648;41,603714703382;UHE 14 de Julho - CAV SNHIR.xlsx;b8f0487a-df73-4f8d-8b22-bb49cf9f3683;https://metadados.snirh.gov.br/files/b8f0487a-df73-4f8d-8b22-bb49cf9f3683/14_de_Julho.zip
14 de Julho;97,46999999999811;97,39999999999812;4,3086952495649005;42,033446089394005;UHE 14 de Julho - CAV SNHIR.xlsx;b8f0487a-df73-4f8d-8b22-bb49cf9f3683;https://metadados.snirh.gov.br/files/b8f0487a-df73-4f8d-8b22-bb49cf9f3683/14_de_Julho.zip
14 de Julho;97,5699999999981;97,49999999999811;4,3314402863351;42,465451014659;UHE 14 de Julho - CAV SNHIR.xlsx;b8f0487a-df73-4f8d-8b22-bb49cf9f3683;https://metadados.snirh.gov.br/files/b8f0487a-df73-4f8d-8b22-bb49cf9f3683/14_de_Julho.zip
14 de Julho;97,6699999999981;97,5999999999981;4,3543632983224;42,899729401605;UHE 14 de Julho - CAV SNHIR.xlsx;b8f0487a-df73-4f8d-8b22-bb49cf9f3683;https://metadados.snirh.gov.br/files/b8f0487a-df73-4f8d-8b22-bb49cf9f3683/14_de_Julho.zip
14 de Julho;97,76999999999809;97,6999999999981;4,3775896016455;43,336315036243;UHE 14 de Julho - CAV SNHIR.xlsx;b8f0487a-df73-4f8d-8b22-bb49cf9f3683;https://metadados.snirh.gov.br/files/b8f0487a-df73-4f8d-8b22-bb49cf9f3683/14_de_Julho.zip
14 de Julho;97,86999999999809;97,7999999999981;4,400593590952799;43,775229440494996;UHE 14 de Julho - CAV SNHIR.xlsx;b8f0487a-df73-4f8d-8b22-bb49cf9f3683;https://metadados.snirh.gov.br/files/b8f0487a-df73-4f8d-8b22-bb49cf9f3683/14_de_Julho.zip
14 de Julho;97,96999999999808;97,89999999999809;4,4234171892493;44,216433270897;UHE 14 de Julho - CAV SNHIR.xlsx;b8f0487a-df73-4f8d-8b22-bb49cf9f3683;https://metadados.snirh.gov.br/files/b8f0487a-df73-4f8d-8b22-bb49cf9f3683/14_de_Julho.zip
14 de Julho;98,06999999999807;97,99999999999808;4,446267882096;44,659908546808;UHE 14 de Julho - CAV SNHIR.xlsx;b8f0487a-df73-4f8d-8b22-bb49cf9f3683;https://metadados.snirh.gov.br/files/b8f0487a-df73-4f8d-8b22-bb49cf9f3683/14_de_Julho.zip
14 de Julho;98,16999999999807;98,09999999999808;4,4691808204926;45,105682197074;UHE 14 de Julho - CAV SNHIR.xlsx;b8f0487a-df73-4f8d-8b22-bb49cf9f3683;https://metadados.snirh.gov.br/files/b8f0487a-df73-4f8d-8b22-bb49cf9f3683/14_de_Julho.zip
14 de Julho;98,26999999999806;98,19999999999807;4,4921047921308;45,55373977569501;UHE 14 de Julho - CAV SNHIR.xlsx;b8f0487a-df73-4f8d-8b22-bb49cf9f3683;https://metadados.snirh.gov.br/files/b8f0487a-df73-4f8d-8b22-bb49cf9f3683/14_de_Julho.zip
14 de Julho;98,36999999999806;98,29999999999806;4,5152566634559;46,004119951726;UHE 14 de Julho - CAV SNHIR.xlsx;b8f0487a-df73-4f8d-8b22-bb49cf9f3683;https://metadados.snirh.gov.br/files/b8f0487a-df73-4f8d-8b22-bb49cf9f3683/14_de_Julho.zip
14 de Julho;98,46999999999805;98,39999999999806;4,539156309352199;46,456834379339;UHE 14 de Julho - CAV SNHIR.xlsx;b8f0487a-df73-4f8d-8b22-bb49cf9f3683;https://metadados.snirh.gov.br/files/b8f0487a-df73-4f8d-8b22-bb49cf9f3683/14_de_Julho.zip
14 de Julho;98,56999999999805;98,49999999999805;4,5633756881993;46,911954176025006;UHE 14 de Julho - CAV SNHIR.xlsx;b8f0487a-df73-4f8d-8b22-bb49cf9f3683;https://metadados.snirh.gov.br/files/b8f0487a-df73-4f8d-8b22-bb49cf9f3683/14_de_Julho.zip
14 de Julho;98,66999999999804;98,59999999999805;4,5875067408017;47,369485686331;UHE 14 de Julho - CAV SNHIR.xlsx;b8f0487a-df73-4f8d-8b22-bb49cf9f3683;https://metadados.snirh.gov.br/files/b8f0487a-df73-4f8d-8b22-bb49cf9f3683/14_de_Julho.zip
14 de Julho;98,76999999999803;98,69999999999804;4,6115744371874;47,829439185893996;UHE 14 de Julho - CAV SNHIR.xlsx;b8f0487a-df73-4f8d-8b22-bb49cf9f3683;https://metadados.snirh.gov.br/files/b8f0487a-df73-4f8d-8b22-bb49cf9f3683/14_de_Julho.zip
14 de Julho;98,86999999999803;98,79999999999804;4,6354840750531;48,291786603483;UHE 14 de Julho - CAV SNHIR.xlsx;b8f0487a-df73-4f8d-8b22-bb49cf9f3683;https://metadados.snirh.gov.br/files/b8f0487a-df73-4f8d-8b22-bb49cf9f3683/14_de_Julho.zip
14 de Julho;98,96999999999802;98,89999999999803;4,659109274645;48,75652537918;UHE 14 de Julho - CAV SNHIR.xlsx;b8f0487a-df73-4f8d-8b22-bb49cf9f3683;https://metadados.snirh.gov.br/files/b8f0487a-df73-4f8d-8b22-bb49cf9f3683/14_de_Julho.zip
14 de Julho;99,06999999999802;98,99999999999802;4,6823025365487005;49,223599468265;UHE 14 de Julho - CAV SNHIR.xlsx;b8f0487a-df73-4f8d-8b22-bb49cf9f3683;https://metadados.snirh.gov.br/files/b8f0487a-df73-4f8d-8b22-bb49cf9f3683/14_de_Julho.zip
14 de Julho;99,16999999999801;99,09999999999802;4,7052696394538005;49,69296433198;UHE 14 de Julho - CAV SNHIR.xlsx;b8f0487a-df73-4f8d-8b22-bb49cf9f3683;https://metadados.snirh.gov.br/files/b8f0487a-df73-4f8d-8b22-bb49cf9f3683/14_de_Julho.zip
14 de Julho;99,269999999998;99,19999999999801;4,7279886628462995;50,164627693938;UHE 14 de Julho - CAV SNHIR.xlsx;b8f0487a-df73-4f8d-8b22-bb49cf9f3683;https://metadados.snirh.gov.br/files/b8f0487a-df73-4f8d-8b22-bb49cf9f3683/14_de_Julho.zip
14 de Julho;99,369999999998;99,29999999999801;4,7501874598064004;50,638534168752;UHE 14 de Julho - CAV SNHIR.xlsx;b8f0487a-df73-4f8d-8b22-bb49cf9f3683;https://metadados.snirh.gov.br/files/b8f0487a-df73-4f8d-8b22-bb49cf9f3683/14_de_Julho.zip
14 de Julho;99,469999999998;99,399999999998;4,7721952019152;51,114649780152;UHE 14 de Julho - CAV SNHIR.xlsx;b8f0487a-df73-4f8d-8b22-bb49cf9f3683;https://metadados.snirh.gov.br/files/b8f0487a-df73-4f8d-8b22-bb49cf9f3683/14_de_Julho.zip
14 de Julho;99,56999999999799;99,499999999998;4,794085370185099;51,592961868660005;UHE 14 de Julho - CAV SNHIR.xlsx;b8f0487a-df73-4f8d-8b22-bb49cf9f3683;https://metadados.snirh.gov.br/files/b8f0487a-df73-4f8d-8b22-bb49cf9f3683/14_de_Julho.zip
14 de Julho;99,66999999999798;99,59999999999799;4,8159336510521;52,073457629966995;UHE 14 de Julho - CAV SNHIR.xlsx;b8f0487a-df73-4f8d-8b22-bb49cf9f3683;https://metadados.snirh.gov.br/files/b8f0487a-df73-4f8d-8b22-bb49cf9f3683/14_de_Julho.zip
14 de Julho;99,76999999999798;99,69999999999798;4,8379898391228;52,556137769333;UHE 14 de Julho - CAV SNHIR.xlsx;b8f0487a-df73-4f8d-8b22-bb49cf9f3683;https://metadados.snirh.gov.br/files/b8f0487a-df73-4f8d-8b22-bb49cf9f3683/14_de_Julho.zip
14 de Julho;99,86999999999797;99,79999999999798;4,8597739577019;53,041029611038;UHE 14 de Julho - CAV SNHIR.xlsx;b8f0487a-df73-4f8d-8b22-bb49cf9f3683;https://metadados.snirh.gov.br/files/b8f0487a-df73-4f8d-8b22-bb49cf9f3683/14_de_Julho.zip
14 de Julho;99,96999999999797;99,89999999999797;4,8812336805703;53,528067479739;UHE 14 de Julho - CAV SNHIR.xlsx;b8f0487a-df73-4f8d-8b22-bb49cf9f3683;https://metadados.snirh.gov.br/files/b8f0487a-df73-4f8d-8b22-bb49cf9f3683/14_de_Julho.zip
14 de Julho;100,06999999999796;99,99999999999797;4,9026824218947;54,017251990484;UHE 14 de Julho - CAV SNHIR.xlsx;b8f0487a-df73-4f8d-8b22-bb49cf9f3683;https://metadados.snirh.gov.br/files/b8f0487a-df73-4f8d-8b22-bb49cf9f3683/14_de_Julho.zip
14 de Julho;100,16999999999796;100,09999999999796;4,9237375904944995;54,508561586854;UHE 14 de Julho - CAV SNHIR.xlsx;b8f0487a-df73-4f8d-8b22-bb49cf9f3683;https://metadados.snirh.gov.br/files/b8f0487a-df73-4f8d-8b22-bb49cf9f3683/14_de_Julho.zip
14 de Julho;100,26999999999795;100,19999999999796;4,9447327607547;55,00198069936;UHE 14 de Julho - CAV SNHIR.xlsx;b8f0487a-df73-4f8d-8b22-bb49cf9f3683;https://metadados.snirh.gov.br/files/b8f0487a-df73-4f8d-8b22-bb49cf9f3683/14_de_Julho.zip
14 de Julho;100,36999999999794;100,29999999999795;4,9659256848655;55,497512576506;UHE 14 de Julho - CAV SNHIR.xlsx;b8f0487a-df73-4f8d-8b22-bb49cf9f3683;https://metadados.snirh.gov.br/files/b8f0487a-df73-4f8d-8b22-bb49cf9f3683/14_de_Julho.zip
14 de Julho;100,46999999999794;100,39999999999795;4,986969906456699;55,995137192915;UHE 14 de Julho - CAV SNHIR.xlsx;b8f0487a-df73-4f8d-8b22-bb49cf9f3683;https://metadados.snirh.gov.br/files/b8f0487a-df73-4f8d-8b22-bb49cf9f3683/14_de_Julho.zip
14 de Julho;100,56999999999793;100,49999999999794;5,0079638323079;56,494874059289;UHE 14 de Julho - CAV SNHIR.xlsx;b8f0487a-df73-4f8d-8b22-bb49cf9f3683;https://metadados.snirh.gov.br/files/b8f0487a-df73-4f8d-8b22-bb49cf9f3683/14_de_Julho.zip
14 de Julho;100,66999999999793;100,59999999999793;5,0289295830739995;56,996706846508;UHE 14 de Julho - CAV SNHIR.xlsx;b8f0487a-df73-4f8d-8b22-bb49cf9f3683;https://metadados.snirh.gov.br/files/b8f0487a-df73-4f8d-8b22-bb49cf9f3683/14_de_Julho.zip
14 de Julho;100,76999999999792;100,69999999999793;5,0497678264046;57,500630155736;UHE 14 de Julho - CAV SNHIR.xlsx;b8f0487a-df73-4f8d-8b22-bb49cf9f3683;https://metadados.snirh.gov.br/files/b8f0487a-df73-4f8d-8b22-bb49cf9f3683/14_de_Julho.zip
14 de Julho;100,86999999999792;100,79999999999792;5,0705441381051;58,006634042556;UHE 14 de Julho - CAV SNHIR.xlsx;b8f0487a-df73-4f8d-8b22-bb49cf9f3683;https://metadados.snirh.gov.br/files/b8f0487a-df73-4f8d-8b22-bb49cf9f3683/14_de_Julho.zip
14 de Julho;100,96999999999791;100,89999999999792;5,091066434963;58,514689944478;UHE 14 de Julho - CAV SNHIR.xlsx;b8f0487a-df73-4f8d-8b22-bb49cf9f3683;https://metadados.snirh.gov.br/files/b8f0487a-df73-4f8d-8b22-bb49cf9f3683/14_de_Julho.zip
14 de Julho;101,0699999999979;100,99999999999791;5,111558479275501;59,024812111378;UHE 14 de Julho - CAV SNHIR.xlsx;b8f0487a-df73-4f8d-8b22-bb49cf9f3683;https://metadados.snirh.gov.br/files/b8f0487a-df73-4f8d-8b22-bb49cf9f3683/14_de_Julho.zip
14 de Julho;101,1699999999979;101,0999999999979;5,132059221701599;59,536980993939;UHE 14 de Julho - CAV SNHIR.xlsx;b8f0487a-df73-4f8d-8b22-bb49cf9f3683;https://metadados.snirh.gov.br/files/b8f0487a-df73-4f8d-8b22-bb49cf9f3683/14_de_Julho.zip
14 de Julho;101,26999999999789;101,1999999999979;5,152404866216;60,051196481078;UHE 14 de Julho - CAV SNHIR.xlsx;b8f0487a-df73-4f8d-8b22-bb49cf9f3683;https://metadados.snirh.gov.br/files/b8f0487a-df73-4f8d-8b22-bb49cf9f3683/14_de_Julho.zip
14 de Julho;101,36999999999789;101,2999999999979;5,1728007895269;60,567442823512;UHE 14 de Julho - CAV SNHIR.xlsx;b8f0487a-df73-4f8d-8b22-bb49cf9f3683;https://metadados.snirh.gov.br/files/b8f0487a-df73-4f8d-8b22-bb49cf9f3683/14_de_Julho.zip
14 de Julho;101,46999999999788;101,39999999999789;5,1933098183639;61,085737123521;UHE 14 de Julho - CAV SNHIR.xlsx;b8f0487a-df73-4f8d-8b22-bb49cf9f3683;https://metadados.snirh.gov.br/files/b8f0487a-df73-4f8d-8b22-bb49cf9f3683/14_de_Julho.zip
14 de Julho;101,56999999999788;101,49999999999788;5,2139819965103;61,606070852451;UHE 14 de Julho - CAV SNHIR.xlsx;b8f0487a-df73-4f8d-8b22-bb49cf9f3683;https://metadados.snirh.gov.br/files/b8f0487a-df73-4f8d-8b22-bb49cf9f3683/14_de_Julho.zip
14 de Julho;101,66999999999787;101,59999999999788;5,2348547631804;62,128495775109;UHE 14 de Julho - CAV SNHIR.xlsx;b8f0487a-df73-4f8d-8b22-bb49cf9f3683;https://metadados.snirh.gov.br/files/b8f0487a-df73-4f8d-8b22-bb49cf9f3683/14_de_Julho.zip
14 de Julho;101,76999999999786;101,69999999999787;5,2558209104625;62,653012997929;UHE 14 de Julho - CAV SNHIR.xlsx;b8f0487a-df73-4f8d-8b22-bb49cf9f3683;https://metadados.snirh.gov.br/files/b8f0487a-df73-4f8d-8b22-bb49cf9f3683/14_de_Julho.zip
14 de Julho;101,86999999999786;101,79999999999787;5,276851967549599;63,179619909075;UHE 14 de Julho - CAV SNHIR.xlsx;b8f0487a-df73-4f8d-8b22-bb49cf9f3683;https://metadados.snirh.gov.br/files/b8f0487a-df73-4f8d-8b22-bb49cf9f3683/14_de_Julho.zip
14 de Julho;101,96999999999785;101,89999999999786;5,2979101617993;63,708330770187;UHE 14 de Julho - CAV SNHIR.xlsx;b8f0487a-df73-4f8d-8b22-bb49cf9f3683;https://metadados.snirh.gov.br/files/b8f0487a-df73-4f8d-8b22-bb49cf9f3683/14_de_Julho.zip
14 de Julho;102,06999999999785;101,99999999999785;5,3188800790976;64,239139783845;UHE 14 de Julho - CAV SNHIR.xlsx;b8f0487a-df73-4f8d-8b22-bb49cf9f3683;https://metadados.snirh.gov.br/files/b8f0487a-df73-4f8d-8b22-bb49cf9f3683/14_de_Julho.zip
14 de Julho;102,16999999999784;102,09999999999785;5,3397118691462;64,772043571356;UHE 14 de Julho - CAV SNHIR.xlsx;b8f0487a-df73-4f8d-8b22-bb49cf9f3683;https://metadados.snirh.gov.br/files/b8f0487a-df73-4f8d-8b22-bb49cf9f3683/14_de_Julho.zip
14 de Julho;102,26999999999784;102,19999999999784;5,3605314703159;65,30704642444;UHE 14 de Julho - CAV SNHIR.xlsx;b8f0487a-df73-4f8d-8b22-bb49cf9f3683;https://metadados.snirh.gov.br/files/b8f0487a-df73-4f8d-8b22-bb49cf9f3683/14_de_Julho.zip
14 de Julho;102,36999999999783;102,29999999999784;5,3808928015238005;65,844109423522;UHE 14 de Julho - CAV SNHIR.xlsx;b8f0487a-df73-4f8d-8b22-bb49cf9f3683;https://metadados.snirh.gov.br/files/b8f0487a-df73-4f8d-8b22-bb49cf9f3683/14_de_Julho.zip
14 de Julho;102,46999999999782;102,39999999999783;5,4004934614266;66,383145100767;UHE 14 de Julho - CAV SNHIR.xlsx;b8f0487a-df73-4f8d-8b22-bb49cf9f3683;https://metadados.snirh.gov.br/files/b8f0487a-df73-4f8d-8b22-bb49cf9f3683/14_de_Julho.zip
14 de Julho;102,56999999999782;102,49999999999783;5,419663263698999;66,924121967728;UHE 14 de Julho - CAV SNHIR.xlsx;b8f0487a-df73-4f8d-8b22-bb49cf9f3683;https://metadados.snirh.gov.br/files/b8f0487a-df73-4f8d-8b22-bb49cf9f3683/14_de_Julho.zip
14 de Julho;102,66999999999781;102,59999999999782;5,438709868502;67,467021993335;UHE 14 de Julho - CAV SNHIR.xlsx;b8f0487a-df73-4f8d-8b22-bb49cf9f3683;https://metadados.snirh.gov.br/files/b8f0487a-df73-4f8d-8b22-bb49cf9f3683/14_de_Julho.zip
14 de Julho;102,76999999999781;102,69999999999781;5,457010252869299;68,01176240145101;UHE 14 de Julho - CAV SNHIR.xlsx;b8f0487a-df73-4f8d-8b22-bb49cf9f3683;https://metadados.snirh.gov.br/files/b8f0487a-df73-4f8d-8b22-bb49cf9f3683/14_de_Julho.zip
14 de Julho;102,8699999999978;102,79999999999781;5,4746897324808;68,558341767629;UHE 14 de Julho - CAV SNHIR.xlsx;b8f0487a-df73-4f8d-8b22-bb49cf9f3683;https://metadados.snirh.gov.br/files/b8f0487a-df73-4f8d-8b22-bb49cf9f3683/14_de_Julho.zip
14 de Julho;102,9699999999978;102,8999999999978;5,4915605506354;69,10660648583;UHE 14 de Julho - CAV SNHIR.xlsx;b8f0487a-df73-4f8d-8b22-bb49cf9f3683;https://metadados.snirh.gov.br/files/b8f0487a-df73-4f8d-8b22-bb49cf9f3683/14_de_Julho.zip
14 de Julho;103,0;102,93;5,4965247030863;69,27141638314;UHE 14 de Julho - CAV SNHIR.xlsx;b8f0487a-df73-4f8d-8b22-bb49cf9f3683;https://metadados.snirh.gov.br/files/b8f0487a-df73-4f8d-8b22-bb49cf9f3683/14_de_Julho.zip
14 de Julho;103,01;102,94;5,4981698633355;69,326389754768;UHE 14 de Julho - CAV SNHIR.xlsx;b8f0487a-df73-4f8d-8b22-bb49cf9f3683;https://metadados.snirh.gov.br/files/b8f0487a-df73-4f8d-8b22-bb49cf9f3683/14_de_Julho.zip
14 de Julho;103,02;102,95;5,4998098383785;69,381370813158;UHE 14 de Julho - CAV SNHIR.xlsx;b8f0487a-df73-4f8d-8b22-bb49cf9f3683;https://metadados.snirh.gov.br/files/b8f0487a-df73-4f8d-8b22-bb49cf9f3683/14_de_Julho.zip
14 de Julho;103,03;102,96;5,501442505689;69,436371847526;UHE 14 de Julho - CAV SNHIR.xlsx;b8f0487a-df73-4f8d-8b22-bb49cf9f3683;https://metadados.snirh.gov.br/files/b8f0487a-df73-4f8d-8b22-bb49cf9f3683/14_de_Julho.zip
14 de Julho;103,04;102,97;5,5030677109138;69,491388477977;UHE 14 de Julho - CAV SNHIR.xlsx;b8f0487a-df73-4f8d-8b22-bb49cf9f3683;https://metadados.snirh.gov.br/files/b8f0487a-df73-4f8d-8b22-bb49cf9f3683/14_de_Julho.zip
14 de Julho;103,05;102,98;5,5046866691615;69,546422439459;UHE 14 de Julho - CAV SNHIR.xlsx;b8f0487a-df73-4f8d-8b22-bb49cf9f3683;https://metadados.snirh.gov.br/files/b8f0487a-df73-4f8d-8b22-bb49cf9f3683/14_de_Julho.zip
14 de Julho;103,07;103,0;5,5079066586213;69,65654159687699;UHE 14 de Julho - CAV SNHIR.xlsx;b8f0487a-df73-4f8d-8b22-bb49cf9f3683;https://metadados.snirh.gov.br/files/b8f0487a-df73-4f8d-8b22-bb49cf9f3683/14_de_Julho.zip
14 de Julho;103,08;103,01;5,5094858752303;69,711622455883;UHE 14 de Julho - CAV SNHIR.xlsx;b8f0487a-df73-4f8d-8b22-bb49cf9f3683;https://metadados.snirh.gov.br/files/b8f0487a-df73-4f8d-8b22-bb49cf9f3683/14_de_Julho.zip
14 de Julho;103,09;103,02000000000001;5,5110577450682;69,766717284301;UHE 14 de Julho - CAV SNHIR.xlsx;b8f0487a-df73-4f8d-8b22-bb49cf9f3683;https://metadados.snirh.gov.br/files/b8f0487a-df73-4f8d-8b22-bb49cf9f3683/14_de_Julho.zip
14 de Julho;103,10000000000001;103,03000000000002;5,512622524064;69,821829135025;UHE 14 de Julho - CAV SNHIR.xlsx;b8f0487a-df73-4f8d-8b22-bb49cf9f3683;https://metadados.snirh.gov.br/files/b8f0487a-df73-4f8d-8b22-bb49cf9f3683/14_de_Julho.zip
14 de Julho;103,11000000000001;103,04000000000002;5,5141809667338;69,876957946375;UHE 14 de Julho - CAV SNHIR.xlsx;b8f0487a-df73-4f8d-8b22-bb49cf9f3683;https://metadados.snirh.gov.br/files/b8f0487a-df73-4f8d-8b22-bb49cf9f3683/14_de_Julho.zip
14 de Julho;103,12000000000002;103,05000000000003;5,5157332141293;69,932106428951;UHE 14 de Julho - CAV SNHIR.xlsx;b8f0487a-df73-4f8d-8b22-bb49cf9f3683;https://metadados.snirh.gov.br/files/b8f0487a-df73-4f8d-8b22-bb49cf9f3683/14_de_Julho.zip
14 de Julho;103,13000000000002;103,06000000000003;5,5172788028488;69,98726685182301;UHE 14 de Julho - CAV SNHIR.xlsx;b8f0487a-df73-4f8d-8b22-bb49cf9f3683;https://metadados.snirh.gov.br/files/b8f0487a-df73-4f8d-8b22-bb49cf9f3683/14_de_Julho.zip
14 de Julho;103,14000000000003;103,07000000000004;5,5188178049253;70,04244678532501;UHE 14 de Julho - CAV SNHIR.xlsx;b8f0487a-df73-4f8d-8b22-bb49cf9f3683;https://metadados.snirh.gov.br/files/b8f0487a-df73-4f8d-8b22-bb49cf9f3683/14_de_Julho.zip
14 de Julho;103,15000000000003;103,08000000000004;5,520350180839801;70,097635531675;UHE 14 de Julho - CAV SNHIR.xlsx;b8f0487a-df73-4f8d-8b22-bb49cf9f3683;https://metadados.snirh.gov.br/files/b8f0487a-df73-4f8d-8b22-bb49cf9f3683/14_de_Julho.zip
14 de Julho;103,16000000000004;103,09000000000005;5,521875824113899;70,152843806211;UHE 14 de Julho - CAV SNHIR.xlsx;b8f0487a-df73-4f8d-8b22-bb49cf9f3683;https://metadados.snirh.gov.br/files/b8f0487a-df73-4f8d-8b22-bb49cf9f3683/14_de_Julho.zip
14 de Julho;103,17000000000004;103,10000000000005;5,5233967232692995;70,208065131239;UHE 14 de Julho - CAV SNHIR.xlsx;b8f0487a-df73-4f8d-8b22-bb49cf9f3683;https://metadados.snirh.gov.br/files/b8f0487a-df73-4f8d-8b22-bb49cf9f3683/14_de_Julho.zip
14 de Julho;103,18000000000005;103,11000000000006;5,5249041340862;70,26329904595099;UHE 14 de Julho - CAV SNHIR.xlsx;b8f0487a-df73-4f8d-8b22-bb49cf9f3683;https://metadados.snirh.gov.br/files/b8f0487a-df73-4f8d-8b22-bb49cf9f3683/14_de_Julho.zip
14 de Julho;103,19000000000005;103,12000000000006;5,5264026436153;70,318548615393;UHE 14 de Julho - CAV SNHIR.xlsx;b8f0487a-df73-4f8d-8b22-bb49cf9f3683;https://metadados.snirh.gov.br/files/b8f0487a-df73-4f8d-8b22-bb49cf9f3683/14_de_Julho.zip
14 de Julho;103,20000000000006;103,13000000000007;5,527893415825;70,373814545001;UHE 14 de Julho - CAV SNHIR.xlsx;b8f0487a-df73-4f8d-8b22-bb49cf9f3683;https://metadados.snirh.gov.br/files/b8f0487a-df73-4f8d-8b22-bb49cf9f3683/14_de_Julho.zip
14 de Julho;103,21000000000006;103,14000000000007;5,5293766060588;70,429094687834;UHE 14 de Julho - CAV SNHIR.xlsx;b8f0487a-df73-4f8d-8b22-bb49cf9f3683;https://metadados.snirh.gov.br/files/b8f0487a-df73-4f8d-8b22-bb49cf9f3683/14_de_Julho.zip
14 de Julho;103,22000000000007;103,15000000000008;5,530852929898001;70,484398548084;UHE 14 de Julho - CAV SNHIR.xlsx;b8f0487a-df73-4f8d-8b22-bb49cf9f3683;https://metadados.snirh.gov.br/files/b8f0487a-df73-4f8d-8b22-bb49cf9f3683/14_de_Julho.zip
14 de Julho;103,23000000000008;103,16000000000008;5,5323226877934;70,539709324019;UHE 14 de Julho - CAV SNHIR.xlsx;b8f0487a-df73-4f8d-8b22-bb49cf9f3683;https://metadados.snirh.gov.br/files/b8f0487a-df73-4f8d-8b22-bb49cf9f3683/14_de_Julho.zip
14 de Julho;103,24000000000008;103,17000000000009;5,5337859407659;70,595038666208;UHE 14 de Julho - CAV SNHIR.xlsx;b8f0487a-df73-4f8d-8b22-bb49cf9f3683;https://metadados.snirh.gov.br/files/b8f0487a-df73-4f8d-8b22-bb49cf9f3683/14_de_Julho.zip
14 de Julho;103,25000000000009;103,18000000000009;5,5352426963737;70,650383134374;UHE 14 de Julho - CAV SNHIR.xlsx;b8f0487a-df73-4f8d-8b22-bb49cf9f3683;https://metadados.snirh.gov.br/files/b8f0487a-df73-4f8d-8b22-bb49cf9f3683/14_de_Julho.zip
14 de Julho;103,26000000000009;103,1900000000001;5,536692702422799;70,70573818719099;UHE 14 de Julho - CAV SNHIR.xlsx;b8f0487a-df73-4f8d-8b22-bb49cf9f3683;https://metadados.snirh.gov.br/files/b8f0487a-df73-4f8d-8b22-bb49cf9f3683/14_de_Julho.zip
14 de Julho;103,2700000000001;103,2000000000001;5,5381363493009;70,761106092712;UHE 14 de Julho - CAV SNHIR.xlsx;b8f0487a-df73-4f8d-8b22-bb49cf9f3683;https://metadados.snirh.gov.br/files/b8f0487a-df73-4f8d-8b22-bb49cf9f3683/14_de_Julho.zip
14 de Julho;103,2800000000001;103,21000000000011;5,5395733512412;70,816494230076;UHE 14 de Julho - CAV SNHIR.xlsx;b8f0487a-df73-4f8d-8b22-bb49cf9f3683;https://metadados.snirh.gov.br/files/b8f0487a-df73-4f8d-8b22-bb49cf9f3683/14_de_Julho.zip
14 de Julho;103,2900000000001;103,22000000000011;5,5410037781461;70,871891773493;UHE 14 de Julho - CAV SNHIR.xlsx;b8f0487a-df73-4f8d-8b22-bb49cf9f3683;https://metadados.snirh.gov.br/files/b8f0487a-df73-4f8d-8b22-bb49cf9f3683/14_de_Julho.zip
14 de Julho;103,30000000000011;103,23000000000012;5,5424228775413;70,92730407796;UHE 14 de Julho - CAV SNHIR.xlsx;b8f0487a-df73-4f8d-8b22-bb49cf9f3683;https://metadados.snirh.gov.br/files/b8f0487a-df73-4f8d-8b22-bb49cf9f3683/14_de_Julho.zip
14 de Julho;103,31000000000012;103,24000000000012;5,5438361012085;70,982730339313;UHE 14 de Julho - CAV SNHIR.xlsx;b8f0487a-df73-4f8d-8b22-bb49cf9f3683;https://metadados.snirh.gov.br/files/b8f0487a-df73-4f8d-8b22-bb49cf9f3683/14_de_Julho.zip
14 de Julho;103,32000000000012;103,25000000000013;5,5452443039023;71,03817035593801;UHE 14 de Julho - CAV SNHIR.xlsx;b8f0487a-df73-4f8d-8b22-bb49cf9f3683;https://metadados.snirh.gov.br/files/b8f0487a-df73-4f8d-8b22-bb49cf9f3683/14_de_Julho.zip
14 de Julho;103,33000000000013;103,26000000000013;5,5466412358712;71,09363062027299;UHE 14 de Julho - CAV SNHIR.xlsx;b8f0487a-df73-4f8d-8b22-bb49cf9f3683;https://metadados.snirh.gov.br/files/b8f0487a-df73-4f8d-8b22-bb49cf9f3683/14_de_Julho.zip
14 de Julho;103,34000000000013;103,27000000000014;5,5480315118631;71,149098232043;UHE 14 de Julho - CAV SNHIR.xlsx;b8f0487a-df73-4f8d-8b22-bb49cf9f3683;https://metadados.snirh.gov.br/files/b8f0487a-df73-4f8d-8b22-bb49cf9f3683/14_de_Julho.zip
14 de Julho;103,35000000000014;103,28000000000014;5,549415930518999;71,20458143745101;UHE 14 de Julho - CAV SNHIR.xlsx;b8f0487a-df73-4f8d-8b22-bb49cf9f3683;https://metadados.snirh.gov.br/files/b8f0487a-df73-4f8d-8b22-bb49cf9f3683/14_de_Julho.zip
14 de Julho;103,36000000000014;103,29000000000015;5,550794663621399;71,260079527708;UHE 14 de Julho - CAV SNHIR.xlsx;b8f0487a-df73-4f8d-8b22-bb49cf9f3683;https://metadados.snirh.gov.br/files/b8f0487a-df73-4f8d-8b22-bb49cf9f3683/14_de_Julho.zip
14 de Julho;103,37000000000015;103,30000000000015;5,5521677545645005;71,315587806844;UHE 14 de Julho - CAV SNHIR.xlsx;b8f0487a-df73-4f8d-8b22-bb49cf9f3683;https://metadados.snirh.gov.br/files/b8f0487a-df73-4f8d-8b22-bb49cf9f3683/14_de_Julho.zip
14 de Julho;103,38000000000015;103,31000000000016;5,5535354953525005;71,371108911015;UHE 14 de Julho - CAV SNHIR.xlsx;b8f0487a-df73-4f8d-8b22-bb49cf9f3683;https://metadados.snirh.gov.br/files/b8f0487a-df73-4f8d-8b22-bb49cf9f3683/14_de_Julho.zip
14 de Julho;103,39000000000016;103,32000000000016;5,5548981462953;71,426651519884;UHE 14 de Julho - CAV SNHIR.xlsx;b8f0487a-df73-4f8d-8b22-bb49cf9f3683;https://metadados.snirh.gov.br/files/b8f0487a-df73-4f8d-8b22-bb49cf9f3683/14_de_Julho.zip
14 de Julho;103,40000000000016;103,33000000000017;5,5562557215781;71,482203775734;UHE 14 de Julho - CAV SNHIR.xlsx;b8f0487a-df73-4f8d-8b22-bb49cf9f3683;https://metadados.snirh.gov.br/files/b8f0487a-df73-4f8d-8b22-bb49cf9f3683/14_de_Julho.zip
14 de Julho;103,41000000000017;103,34000000000017;5,5576084152688;71,53777180840801;UHE 14 de Julho - CAV SNHIR.xlsx;b8f0487a-df73-4f8d-8b22-bb49cf9f3683;https://metadados.snirh.gov.br/files/b8f0487a-df73-4f8d-8b22-bb49cf9f3683/14_de_Julho.zip
14 de Julho;103,42000000000017;103,35000000000018;5,5589562280728;71,593351424275;UHE 14 de Julho - CAV SNHIR.xlsx;b8f0487a-df73-4f8d-8b22-bb49cf9f3683;https://metadados.snirh.gov.br/files/b8f0487a-df73-4f8d-8b22-bb49cf9f3683/14_de_Julho.zip
14 de Julho;103,43000000000018;103,36000000000018;5,5602991360036;71,64894700311599;UHE 14 de Julho - CAV SNHIR.xlsx;b8f0487a-df73-4f8d-8b22-bb49cf9f3683;https://metadados.snirh.gov.br/files/b8f0487a-df73-4f8d-8b22-bb49cf9f3683/14_de_Julho.zip
14 de Julho;103,44000000000018;103,37000000000019;5,5616373331424;71,704554012078;UHE 14 de Julho - CAV SNHIR.xlsx;b8f0487a-df73-4f8d-8b22-bb49cf9f3683;https://metadados.snirh.gov.br/files/b8f0487a-df73-4f8d-8b22-bb49cf9f3683/14_de_Julho.zip
14 de Julho;103,45000000000019;103,3800000000002;5,562970944041799;71,76017050878;UHE 14 de Julho - CAV SNHIR.xlsx;b8f0487a-df73-4f8d-8b22-bb49cf9f3683;https://metadados.snirh.gov.br/files/b8f0487a-df73-4f8d-8b22-bb49cf9f3683/14_de_Julho.zip
14 de Julho;103,46000000000019;103,3900000000002;5,5642999761185;71,815803627308;UHE 14 de Julho - CAV SNHIR.xlsx;b8f0487a-df73-4f8d-8b22-bb49cf9f3683;https://metadados.snirh.gov.br/files/b8f0487a-df73-4f8d-8b22-bb49cf9f3683/14_de_Julho.zip
14 de Julho;103,4700000000002;103,4000000000002;5,5656245946541;71,871453323588;UHE 14 de Julho - CAV SNHIR.xlsx;b8f0487a-df73-4f8d-8b22-bb49cf9f3683;https://metadados.snirh.gov.br/files/b8f0487a-df73-4f8d-8b22-bb49cf9f3683/14_de_Julho.zip
14 de Julho;103,4800000000002;103,41000000000021;5,5669448935703;71,927112161884;UHE 14 de Julho - CAV SNHIR.xlsx;b8f0487a-df73-4f8d-8b22-bb49cf9f3683;https://metadados.snirh.gov.br/files/b8f0487a-df73-4f8d-8b22-bb49cf9f3683/14_de_Julho.zip
14 de Julho;103,49000000000021;103,42000000000021;5,5682610690318;71,982788653312;UHE 14 de Julho - CAV SNHIR.xlsx;b8f0487a-df73-4f8d-8b22-bb49cf9f3683;https://metadados.snirh.gov.br/files/b8f0487a-df73-4f8d-8b22-bb49cf9f3683/14_de_Julho.zip
14 de Julho;103,50000000000021;103,43000000000022;5,5695732537235;72,03848008698;UHE 14 de Julho - CAV SNHIR.xlsx;b8f0487a-df73-4f8d-8b22-bb49cf9f3683;https://metadados.snirh.gov.br/files/b8f0487a-df73-4f8d-8b22-bb49cf9f3683/14_de_Julho.zip
14 de Julho;103,51000000000022;103,44000000000023;5,5708815341829;72,094176218539;UHE 14 de Julho - CAV SNHIR.xlsx;b8f0487a-df73-4f8d-8b22-bb49cf9f3683;https://metadados.snirh.gov.br/files/b8f0487a-df73-4f8d-8b22-bb49cf9f3683/14_de_Julho.zip
14 de Julho;103,52000000000022;103,45000000000023;5,5721858789155;72,14989750155499;UHE 14 de Julho - CAV SNHIR.xlsx;b8f0487a-df73-4f8d-8b22-bb49cf9f3683;https://metadados.snirh.gov.br/files/b8f0487a-df73-4f8d-8b22-bb49cf9f3683/14_de_Julho.zip
14 de Julho;103,53000000000023;103,46000000000024;5,5734863894857;72,205626108227;UHE 14 de Julho - CAV SNHIR.xlsx;b8f0487a-df73-4f8d-8b22-bb49cf9f3683;https://metadados.snirh.gov.br/files/b8f0487a-df73-4f8d-8b22-bb49cf9f3683/14_de_Julho.zip
14 de Julho;103,54000000000023;103,47000000000024;5,5747831691215;72,26136784225001;UHE 14 de Julho - CAV SNHIR.xlsx;b8f0487a-df73-4f8d-8b22-bb49cf9f3683;https://metadados.snirh.gov.br/files/b8f0487a-df73-4f8d-8b22-bb49cf9f3683/14_de_Julho.zip
14 de Julho;103,55000000000024;103,48000000000025;5,5760762901639;72,31711804025801;UHE 14 de Julho - CAV SNHIR.xlsx;b8f0487a-df73-4f8d-8b22-bb49cf9f3683;https://metadados.snirh.gov.br/files/b8f0487a-df73-4f8d-8b22-bb49cf9f3683/14_de_Julho.zip
14 de Julho;103,56000000000024;103,49000000000025;5,57736592045;72,372881687033;UHE 14 de Julho - CAV SNHIR.xlsx;b8f0487a-df73-4f8d-8b22-bb49cf9f3683;https://metadados.snirh.gov.br/files/b8f0487a-df73-4f8d-8b22-bb49cf9f3683/14_de_Julho.zip
14 de Julho;103,57000000000025;103,50000000000026;5,5786520164767;72,42865463250101;UHE 14 de Julho - CAV SNHIR.xlsx;b8f0487a-df73-4f8d-8b22-bb49cf9f3683;https://metadados.snirh.gov.br/files/b8f0487a-df73-4f8d-8b22-bb49cf9f3683/14_de_Julho.zip
14 de Julho;103,58000000000025;103,51000000000026;5,579934685694901;72,484442192147;UHE 14 de Julho - CAV SNHIR.xlsx;b8f0487a-df73-4f8d-8b22-bb49cf9f3683;https://metadados.snirh.gov.br/files/b8f0487a-df73-4f8d-8b22-bb49cf9f3683/14_de_Julho.zip
14 de Julho;103,59000000000026;103,52000000000027;5,5812139186349;72,540241286236;UHE 14 de Julho - CAV SNHIR.xlsx;b8f0487a-df73-4f8d-8b22-bb49cf9f3683;https://metadados.snirh.gov.br/files/b8f0487a-df73-4f8d-8b22-bb49cf9f3683/14_de_Julho.zip
14 de Julho;103,60000000000026;103,53000000000027;5,582489695529899;72,596054990392;UHE 14 de Julho - CAV SNHIR.xlsx;b8f0487a-df73-4f8d-8b22-bb49cf9f3683;https://metadados.snirh.gov.br/files/b8f0487a-df73-4f8d-8b22-bb49cf9f3683/14_de_Julho.zip
14 de Julho;103,61000000000027;103,54000000000028;5,583762046821;72,651886271765;UHE 14 de Julho - CAV SNHIR.xlsx;b8f0487a-df73-4f8d-8b22-bb49cf9f3683;https://metadados.snirh.gov.br/files/b8f0487a-df73-4f8d-8b22-bb49cf9f3683/14_de_Julho.zip
14 de Julho;103,62000000000027;103,55000000000028;5,5850311074336005;72,70772382692;UHE 14 de Julho - CAV SNHIR.xlsx;b8f0487a-df73-4f8d-8b22-bb49cf9f3683;https://metadados.snirh.gov.br/files/b8f0487a-df73-4f8d-8b22-bb49cf9f3683/14_de_Julho.zip
14 de Julho;103,63000000000028;103,56000000000029;5,5862969331886;72,763574739361;UHE 14 de Julho - CAV SNHIR.xlsx;b8f0487a-df73-4f8d-8b22-bb49cf9f3683;https://metadados.snirh.gov.br/files/b8f0487a-df73-4f8d-8b22-bb49cf9f3683/14_de_Julho.zip
14 de Julho;103,64000000000028;103,57000000000029;5,5875595383252;72,819437739282;UHE 14 de Julho - CAV SNHIR.xlsx;b8f0487a-df73-4f8d-8b22-bb49cf9f3683;https://metadados.snirh.gov.br/files/b8f0487a-df73-4f8d-8b22-bb49cf9f3683/14_de_Julho.zip
14 de Julho;103,65000000000029;103,5800000000003;5,588818976182901;72,875314066005;UHE 14 de Julho - CAV SNHIR.xlsx;b8f0487a-df73-4f8d-8b22-bb49cf9f3683;https://metadados.snirh.gov.br/files/b8f0487a-df73-4f8d-8b22-bb49cf9f3683/14_de_Julho.zip
14 de Julho;103,6600000000003;103,5900000000003;5,5900753582849;72,931202822451;UHE 14 de Julho - CAV SNHIR.xlsx;b8f0487a-df73-4f8d-8b22-bb49cf9f3683;https://metadados.snirh.gov.br/files/b8f0487a-df73-4f8d-8b22-bb49cf9f3683/14_de_Julho.zip
14 de Julho;103,6700000000003;103,6000000000003;5,5913287451869;72,98709938174801;UHE 14 de Julho - CAV SNHIR.xlsx;b8f0487a-df73-4f8d-8b22-bb49cf9f3683;https://metadados.snirh.gov.br/files/b8f0487a-df73-4f8d-8b22-bb49cf9f3683/14_de_Julho.zip
14 de Julho;103,6800000000003;103,61000000000031;5,5925791321394;73,04301006822399;UHE 14 de Julho - CAV SNHIR.xlsx;b8f0487a-df73-4f8d-8b22-bb49cf9f3683;https://metadados.snirh.gov.br/files/b8f0487a-df73-4f8d-8b22-bb49cf9f3683/14_de_Julho.zip
14 de Julho;103,69000000000031;103,62000000000032;5,5938265941245;73,098934578217;UHE 14 de Julho - CAV SNHIR.xlsx;b8f0487a-df73-4f8d-8b22-bb49cf9f3683;https://metadados.snirh.gov.br/files/b8f0487a-df73-4f8d-8b22-bb49cf9f3683/14_de_Julho.zip
14 de Julho;103,70000000000032;103,63000000000032;5,5950711511179;73,15487578275899;UHE 14 de Julho - CAV SNHIR.xlsx;b8f0487a-df73-4f8d-8b22-bb49cf9f3683;https://metadados.snirh.gov.br/files/b8f0487a-df73-4f8d-8b22-bb49cf9f3683/14_de_Julho.zip
14 de Julho;103,71000000000032;103,64000000000033;5,5963128233906;73,210826049768;UHE 14 de Julho - CAV SNHIR.xlsx;b8f0487a-df73-4f8d-8b22-bb49cf9f3683;https://metadados.snirh.gov.br/files/b8f0487a-df73-4f8d-8b22-bb49cf9f3683/14_de_Julho.zip
14 de Julho;103,72000000000033;103,65000000000033;5,5975516360667;73,266791455294;UHE 14 de Julho - CAV SNHIR.xlsx;b8f0487a-df73-4f8d-8b22-bb49cf9f3683;https://metadados.snirh.gov.br/files/b8f0487a-df73-4f8d-8b22-bb49cf9f3683/14_de_Julho.zip
14 de Julho;103,73000000000033;103,66000000000034;5,5987876509566;73,32276948107099;UHE 14 de Julho - CAV SNHIR.xlsx;b8f0487a-df73-4f8d-8b22-bb49cf9f3683;https://metadados.snirh.gov.br/files/b8f0487a-df73-4f8d-8b22-bb49cf9f3683/14_de_Julho.zip
14 de Julho;103,74000000000034;103,67000000000034;5,6000209095655;73,378758511987;UHE 14 de Julho - CAV SNHIR.xlsx;b8f0487a-df73-4f8d-8b22-bb49cf9f3683;https://metadados.snirh.gov.br/files/b8f0487a-df73-4f8d-8b22-bb49cf9f3683/14_de_Julho.zip
14 de Julho;103,75000000000034;103,68000000000035;5,6012514117685;73,434760985618;UHE 14 de Julho - CAV SNHIR.xlsx;b8f0487a-df73-4f8d-8b22-bb49cf9f3683;https://metadados.snirh.gov.br/files/b8f0487a-df73-4f8d-8b22-bb49cf9f3683/14_de_Julho.zip
14 de Julho;103,76000000000035;103,69000000000035;5,6024791345438;73,490776087403;UHE 14 de Julho - CAV SNHIR.xlsx;b8f0487a-df73-4f8d-8b22-bb49cf9f3683;https://metadados.snirh.gov.br/files/b8f0487a-df73-4f8d-8b22-bb49cf9f3683/14_de_Julho.zip
14 de Julho;103,77000000000035;103,70000000000036;5,603704097913299;73,54680562034699;UHE 14 de Julho - CAV SNHIR.xlsx;b8f0487a-df73-4f8d-8b22-bb49cf9f3683;https://metadados.snirh.gov.br/files/b8f0487a-df73-4f8d-8b22-bb49cf9f3683/14_de_Julho.zip
14 de Julho;103,78000000000036;103,71000000000036;5,6049264002401;73,60284841225199;UHE 14 de Julho - CAV SNHIR.xlsx;b8f0487a-df73-4f8d-8b22-bb49cf9f3683;https://metadados.snirh.gov.br/files/b8f0487a-df73-4f8d-8b22-bb49cf9f3683/14_de_Julho.zip
14 de Julho;103,79000000000036;103,72000000000037;5,606146093000801;73,658902380598;UHE 14 de Julho - CAV SNHIR.xlsx;b8f0487a-df73-4f8d-8b22-bb49cf9f3683;https://metadados.snirh.gov.br/files/b8f0487a-df73-4f8d-8b22-bb49cf9f3683/14_de_Julho.zip
14 de Julho;103,80000000000037;103,73000000000037;5,6073632822832;73,714968028117;UHE 14 de Julho - CAV SNHIR.xlsx;b8f0487a-df73-4f8d-8b22-bb49cf9f3683;https://metadados.snirh.gov.br/files/b8f0487a-df73-4f8d-8b22-bb49cf9f3683/14_de_Julho.zip
14 de Julho;103,81000000000037;103,74000000000038;5,6085780164296;73,771043646923;UHE 14 de Julho - CAV SNHIR.xlsx;b8f0487a-df73-4f8d-8b22-bb49cf9f3683;https://metadados.snirh.gov.br/files/b8f0487a-df73-4f8d-8b22-bb49cf9f3683/14_de_Julho.zip
14 de Julho;103,82000000000038;103,75000000000038;5,6097902958854;73,82713702609199;UHE 14 de Julho - CAV SNHIR.xlsx;b8f0487a-df73-4f8d-8b22-bb49cf9f3683;https://metadados.snirh.gov.br/files/b8f0487a-df73-4f8d-8b22-bb49cf9f3683/14_de_Julho.zip
14 de Julho;103,83000000000038;103,76000000000039;5,611000131047001;73,883234118847;UHE 14 de Julho - CAV SNHIR.xlsx;b8f0487a-df73-4f8d-8b22-bb49cf9f3683;https://metadados.snirh.gov.br/files/b8f0487a-df73-4f8d-8b22-bb49cf9f3683/14_de_Julho.zip
14 de Julho;103,84000000000039;103,7700000000004;5,6122075402303;73,93935240829;UHE 14 de Julho - CAV SNHIR.xlsx;b8f0487a-df73-4f8d-8b22-bb49cf9f3683;https://metadados.snirh.gov.br/files/b8f0487a-df73-4f8d-8b22-bb49cf9f3683/14_de_Julho.zip
14 de Julho;103,85000000000039;103,7800000000004;5,6134125271621;73,995473270281;UHE 14 de Julho - CAV SNHIR.xlsx;b8f0487a-df73-4f8d-8b22-bb49cf9f3683;https://metadados.snirh.gov.br/files/b8f0487a-df73-4f8d-8b22-bb49cf9f3683/14_de_Julho.zip
14 de Julho;103,8600000000004;103,7900000000004;5,6146151351466;74,051612451647;UHE 14 de Julho - CAV SNHIR.xlsx;b8f0487a-df73-4f8d-8b22-bb49cf9f3683;https://metadados.snirh.gov.br/files/b8f0487a-df73-4f8d-8b22-bb49cf9f3683/14_de_Julho.zip
14 de Julho;103,8700000000004;103,80000000000041;5,6158153974883;74,107764086974;UHE 14 de Julho - CAV SNHIR.xlsx;b8f0487a-df73-4f8d-8b22-bb49cf9f3683;https://metadados.snirh.gov.br/files/b8f0487a-df73-4f8d-8b22-bb49cf9f3683/14_de_Julho.zip
14 de Julho;103,88000000000041;103,81000000000041;5,6170133855772;74,163926349498;UHE 14 de Julho - CAV SNHIR.xlsx;b8f0487a-df73-4f8d-8b22-bb49cf9f3683;https://metadados.snirh.gov.br/files/b8f0487a-df73-4f8d-8b22-bb49cf9f3683/14_de_Julho.zip
14 de Julho;103,89000000000041;103,82000000000042;5,6182091182374005;74,220097183247;UHE 14 de Julho - CAV SNHIR.xlsx;b8f0487a-df73-4f8d-8b22-bb49cf9f3683;https://metadados.snirh.gov.br/files/b8f0487a-df73-4f8d-8b22-bb49cf9f3683/14_de_Julho.zip
14 de Julho;103,90000000000042;103,83000000000042;5,619402641544999;74,276282283366;UHE 14 de Julho - CAV SNHIR.xlsx;b8f0487a-df73-4f8d-8b22-bb49cf9f3683;https://metadados.snirh.gov.br/files/b8f0487a-df73-4f8d-8b22-bb49cf9f3683/14_de_Julho.zip
14 de Julho;103,91000000000042;103,84000000000043;5,620593976495799;74,332471463332;UHE 14 de Julho - CAV SNHIR.xlsx;b8f0487a-df73-4f8d-8b22-bb49cf9f3683;https://metadados.snirh.gov.br/files/b8f0487a-df73-4f8d-8b22-bb49cf9f3683/14_de_Julho.zip
14 de Julho;103,92000000000043;103,85000000000043;5,6217831512627;74,388679688949;UHE 14 de Julho - CAV SNHIR.xlsx;b8f0487a-df73-4f8d-8b22-bb49cf9f3683;https://metadados.snirh.gov.br/files/b8f0487a-df73-4f8d-8b22-bb49cf9f3683/14_de_Julho.zip
14 de Julho;103,93000000000043;103,86000000000044;5,622970175214;74,44490559363399;UHE 14 de Julho - CAV SNHIR.xlsx;b8f0487a-df73-4f8d-8b22-bb49cf9f3683;https://metadados.snirh.gov.br/files/b8f0487a-df73-4f8d-8b22-bb49cf9f3683/14_de_Julho.zip
14 de Julho;103,94000000000044;103,87000000000045;5,6241550473526;74,50113423040199;UHE 14 de Julho - CAV SNHIR.xlsx;b8f0487a-df73-4f8d-8b22-bb49cf9f3683;https://metadados.snirh.gov.br/files/b8f0487a-df73-4f8d-8b22-bb49cf9f3683/14_de_Julho.zip
14 de Julho;103,95000000000044;103,88000000000045;5,625337798834;74,557377889584;UHE 14 de Julho - CAV SNHIR.xlsx;b8f0487a-df73-4f8d-8b22-bb49cf9f3683;https://metadados.snirh.gov.br/files/b8f0487a-df73-4f8d-8b22-bb49cf9f3683/14_de_Julho.zip
14 de Julho;103,96000000000045;103,89000000000046;5,626518396888;74,613637436122;UHE 14 de Julho - CAV SNHIR.xlsx;b8f0487a-df73-4f8d-8b22-bb49cf9f3683;https://metadados.snirh.gov.br/files/b8f0487a-df73-4f8d-8b22-bb49cf9f3683/14_de_Julho.zip
14 de Julho;103,97000000000045;103,90000000000046;5,6276968723533;74,66991223989;UHE 14 de Julho - CAV SNHIR.xlsx;b8f0487a-df73-4f8d-8b22-bb49cf9f3683;https://metadados.snirh.gov.br/files/b8f0487a-df73-4f8d-8b22-bb49cf9f3683/14_de_Julho.zip
14 de Julho;103,98000000000046;103,91000000000047;5,6288732391005;74,726188680674;UHE 14 de Julho - CAV SNHIR.xlsx;b8f0487a-df73-4f8d-8b22-bb49cf9f3683;https://metadados.snirh.gov.br/files/b8f0487a-df73-4f8d-8b22-bb49cf9f3683/14_de_Julho.zip
14 de Julho;103,99000000000046;103,92000000000047;5,6300475073074;74,782481037719;UHE 14 de Julho - CAV SNHIR.xlsx;b8f0487a-df73-4f8d-8b22-bb49cf9f3683;https://metadados.snirh.gov.br/files/b8f0487a-df73-4f8d-8b22-bb49cf9f3683/14_de_Julho.zip
14 de Julho;104,00000000000047;103,93000000000048;5,6312196844805005;74,838784263106;UHE 14 de Julho - CAV SNHIR.xlsx;b8f0487a-df73-4f8d-8b22-bb49cf9f3683;https://metadados.snirh.gov.br/files/b8f0487a-df73-4f8d-8b22-bb49cf9f3683/14_de_Julho.zip
14 de Julho;104,01000000000047;103,94000000000048;5,6323897858522;74,89509489737;UHE 14 de Julho - CAV SNHIR.xlsx;b8f0487a-df73-4f8d-8b22-bb49cf9f3683;https://metadados.snirh.gov.br/files/b8f0487a-df73-4f8d-8b22-bb49cf9f3683/14_de_Julho.zip
14 de Julho;104,02000000000048;103,95000000000049;5,6335578793544;74,951416645778;UHE 14 de Julho - CAV SNHIR.xlsx;b8f0487a-df73-4f8d-8b22-bb49cf9f3683;https://metadados.snirh.gov.br/files/b8f0487a-df73-4f8d-8b22-bb49cf9f3683/14_de_Julho.zip
14 de Julho;104,03000000000048;103,96000000000049;5,6347240278402;75,007754665728;UHE 14 de Julho - CAV SNHIR.xlsx;b8f0487a-df73-4f8d-8b22-bb49cf9f3683;https://metadados.snirh.gov.br/files/b8f0487a-df73-4f8d-8b22-bb49cf9f3683/14_de_Julho.zip
14 de Julho;104,04000000000049;103,9700000000005;5,6358882397282;75,064098833012;UHE 14 de Julho - CAV SNHIR.xlsx;b8f0487a-df73-4f8d-8b22-bb49cf9f3683;https://metadados.snirh.gov.br/files/b8f0487a-df73-4f8d-8b22-bb49cf9f3683/14_de_Julho.zip
14 de Julho;104,0500000000005;103,9800000000005;5,6370505152372;75,12045980710401;UHE 14 de Julho - CAV SNHIR.xlsx;b8f0487a-df73-4f8d-8b22-bb49cf9f3683;https://metadados.snirh.gov.br/files/b8f0487a-df73-4f8d-8b22-bb49cf9f3683/14_de_Julho.zip
14 de Julho;104,0600000000005;103,9900000000005;5,6382108474409005;75,17683146354901;UHE 14 de Julho - CAV SNHIR.xlsx;b8f0487a-df73-4f8d-8b22-bb49cf9f3683;https://metadados.snirh.gov.br/files/b8f0487a-df73-4f8d-8b22-bb49cf9f3683/14_de_Julho.zip
14 de Julho;104,0700000000005;104,00000000000051;5,6393692427178;75,23321108298799;UHE 14 de Julho - CAV SNHIR.xlsx;b8f0487a-df73-4f8d-8b22-bb49cf9f3683;https://metadados.snirh.gov.br/files/b8f0487a-df73-4f8d-8b22-bb49cf9f3683/14_de_Julho.zip
14 de Julho;104,08000000000051;104,01000000000052;5,6405257631815005;75,289610693451;UHE 14 de Julho - CAV SNHIR.xlsx;b8f0487a-df73-4f8d-8b22-bb49cf9f3683;https://metadados.snirh.gov.br/files/b8f0487a-df73-4f8d-8b22-bb49cf9f3683/14_de_Julho.zip
14 de Julho;104,09000000000052;104,02000000000052;5,6416804024255;75,346017980967;UHE 14 de Julho - CAV SNHIR.xlsx;b8f0487a-df73-4f8d-8b22-bb49cf9f3683;https://metadados.snirh.gov.br/files/b8f0487a-df73-4f8d-8b22-bb49cf9f3683/14_de_Julho.zip
14 de Julho;104,10000000000052;104,03000000000053;5,6428331952198;75,402434788096;UHE 14 de Julho - CAV SNHIR.xlsx;b8f0487a-df73-4f8d-8b22-bb49cf9f3683;https://metadados.snirh.gov.br/files/b8f0487a-df73-4f8d-8b22-bb49cf9f3683/14_de_Julho.zip
14 de Julho;104,11000000000053;104,04000000000053;5,6439841875256;75,45886790173499;UHE 14 de Julho - CAV SNHIR.xlsx;b8f0487a-df73-4f8d-8b22-bb49cf9f3683;https://metadados.snirh.gov.br/files/b8f0487a-df73-4f8d-8b22-bb49cf9f3683/14_de_Julho.zip
14 de Julho;104,12000000000053;104,05000000000054;5,6451334086327005;75,515313015648;UHE 14 de Julho - CAV SNHIR.xlsx;b8f0487a-df73-4f8d-8b22-bb49cf9f3683;https://metadados.snirh.gov.br/files/b8f0487a-df73-4f8d-8b22-bb49cf9f3683/14_de_Julho.zip
14 de Julho;104,13000000000054;104,06000000000054;5,6462808455453;75,57176882277399;UHE 14 de Julho - CAV SNHIR.xlsx;b8f0487a-df73-4f8d-8b22-bb49cf9f3683;https://metadados.snirh.gov.br/files/b8f0487a-df73-4f8d-8b22-bb49cf9f3683/14_de_Julho.zip
14 de Julho;104,14000000000054;104,07000000000055;5,6474265033847;75,628235718032;UHE 14 de Julho - CAV SNHIR.xlsx;b8f0487a-df73-4f8d-8b22-bb49cf9f3683;https://metadados.snirh.gov.br/files/b8f0487a-df73-4f8d-8b22-bb49cf9f3683/14_de_Julho.zip
14 de Julho;104,15000000000055;104,08000000000055;5,6485703891668;75,684715446896;UHE 14 de Julho - CAV SNHIR.xlsx;b8f0487a-df73-4f8d-8b22-bb49cf9f3683;https://metadados.snirh.gov.br/files/b8f0487a-df73-4f8d-8b22-bb49cf9f3683/14_de_Julho.zip
14 de Julho;104,16000000000055;104,09000000000056;5,6497125248235;75,741203653578;UHE 14 de Julho - CAV SNHIR.xlsx;b8f0487a-df73-4f8d-8b22-bb49cf9f3683;https://metadados.snirh.gov.br/files/b8f0487a-df73-4f8d-8b22-bb49cf9f3683/14_de_Julho.zip
14 de Julho;104,17000000000056;104,10000000000056;5,6508529205775995;75,797709867929;UHE 14 de Julho - CAV SNHIR.xlsx;b8f0487a-df73-4f8d-8b22-bb49cf9f3683;https://metadados.snirh.gov.br/files/b8f0487a-df73-4f8d-8b22-bb49cf9f3683/14_de_Julho.zip
14 de Julho;104,18000000000056;104,11000000000057;5,6519915866641;75,854225759847;UHE 14 de Julho - CAV SNHIR.xlsx;b8f0487a-df73-4f8d-8b22-bb49cf9f3683;https://metadados.snirh.gov.br/files/b8f0487a-df73-4f8d-8b22-bb49cf9f3683/14_de_Julho.zip
14 de Julho;104,19000000000057;104,12000000000057;5,6531285566911995;75,91075095517;UHE 14 de Julho - CAV SNHIR.xlsx;b8f0487a-df73-4f8d-8b22-bb49cf9f3683;https://metadados.snirh.gov.br/files/b8f0487a-df73-4f8d-8b22-bb49cf9f3683/14_de_Julho.zip
14 de Julho;104,20000000000057;104,13000000000058;5,6542638434917;75,96728533885;UHE 14 de Julho - CAV SNHIR.xlsx;b8f0487a-df73-4f8d-8b22-bb49cf9f3683;https://metadados.snirh.gov.br/files/b8f0487a-df73-4f8d-8b22-bb49cf9f3683/14_de_Julho.zip
14 de Julho;104,21000000000058;104,14000000000058;5,655397492463201;76,02382645718201;UHE 14 de Julho - CAV SNHIR.xlsx;b8f0487a-df73-4f8d-8b22-bb49cf9f3683;https://metadados.snirh.gov.br/files/b8f0487a-df73-4f8d-8b22-bb49cf9f3683/14_de_Julho.zip
14 de Julho;104,22000000000058;104,15000000000059;5,656529528561101;76,08038476366401;UHE 14 de Julho - CAV SNHIR.xlsx;b8f0487a-df73-4f8d-8b22-bb49cf9f3683;https://metadados.snirh.gov.br/files/b8f0487a-df73-4f8d-8b22-bb49cf9f3683/14_de_Julho.zip
14 de Julho;104,23000000000059;104,1600000000006;5,6576599688483995;76,136951418615;UHE 14 de Julho - CAV SNHIR.xlsx;b8f0487a-df73-4f8d-8b22-bb49cf9f3683;https://metadados.snirh.gov.br/files/b8f0487a-df73-4f8d-8b22-bb49cf9f3683/14_de_Julho.zip
14 de Julho;104,24000000000059;104,1700000000006;5,6587888188921;76,19352916193;UHE 14 de Julho - CAV SNHIR.xlsx;b8f0487a-df73-4f8d-8b22-bb49cf9f3683;https://metadados.snirh.gov.br/files/b8f0487a-df73-4f8d-8b22-bb49cf9f3683/14_de_Julho.zip
14 de Julho;104,2500000000006;104,1800000000006;5,6599160778855;76,25011815129601;UHE 14 de Julho - CAV SNHIR.xlsx;b8f0487a-df73-4f8d-8b22-bb49cf9f3683;https://metadados.snirh.gov.br/files/b8f0487a-df73-4f8d-8b22-bb49cf9f3683/14_de_Julho.zip
14 de Julho;104,2600000000006;104,19000000000061;5,6610417206655;76,306721376546;UHE 14 de Julho - CAV SNHIR.xlsx;b8f0487a-df73-4f8d-8b22-bb49cf9f3683;https://metadados.snirh.gov.br/files/b8f0487a-df73-4f8d-8b22-bb49cf9f3683/14_de_Julho.zip
14 de Julho;104,2700000000006;104,20000000000061;5,6621657624452;76,363340705097;UHE 14 de Julho - CAV SNHIR.xlsx;b8f0487a-df73-4f8d-8b22-bb49cf9f3683;https://metadados.snirh.gov.br/files/b8f0487a-df73-4f8d-8b22-bb49cf9f3683/14_de_Julho.zip
14 de Julho;104,28000000000061;104,21000000000062;5,663288198424801;76,419963095441;UHE 14 de Julho - CAV SNHIR.xlsx;b8f0487a-df73-4f8d-8b22-bb49cf9f3683;https://metadados.snirh.gov.br/files/b8f0487a-df73-4f8d-8b22-bb49cf9f3683/14_de_Julho.zip
14 de Julho;104,29000000000062;104,22000000000062;5,6644090903664;76,476600889212;UHE 14 de Julho - CAV SNHIR.xlsx;b8f0487a-df73-4f8d-8b22-bb49cf9f3683;https://metadados.snirh.gov.br/files/b8f0487a-df73-4f8d-8b22-bb49cf9f3683/14_de_Julho.zip
14 de Julho;104,30000000000062;104,23000000000063;5,6655284541904;76,53325182486101;UHE 14 de Julho - CAV SNHIR.xlsx;b8f0487a-df73-4f8d-8b22-bb49cf9f3683;https://metadados.snirh.gov.br/files/b8f0487a-df73-4f8d-8b22-bb49cf9f3683/14_de_Julho.zip
14 de Julho;104,31000000000063;104,24000000000063;5,6666462991496;76,58991511933499;UHE 14 de Julho - CAV SNHIR.xlsx;b8f0487a-df73-4f8d-8b22-bb49cf9f3683;https://metadados.snirh.gov.br/files/b8f0487a-df73-4f8d-8b22-bb49cf9f3683/14_de_Julho.zip
14 de Julho;104,32000000000063;104,25000000000064;5,6677626483364;76,64658783265901;UHE 14 de Julho - CAV SNHIR.xlsx;b8f0487a-df73-4f8d-8b22-bb49cf9f3683;https://metadados.snirh.gov.br/files/b8f0487a-df73-4f8d-8b22-bb49cf9f3683/14_de_Julho.zip
14 de Julho;104,33000000000064;104,26000000000064;5,6688774867621;76,703265580198;UHE 14 de Julho - CAV SNHIR.xlsx;b8f0487a-df73-4f8d-8b22-bb49cf9f3683;https://metadados.snirh.gov.br/files/b8f0487a-df73-4f8d-8b22-bb49cf9f3683/14_de_Julho.zip
14 de Julho;104,34000000000064;104,27000000000065;5,669990840804;76,759960222543;UHE 14 de Julho - CAV SNHIR.xlsx;b8f0487a-df73-4f8d-8b22-bb49cf9f3683;https://metadados.snirh.gov.br/files/b8f0487a-df73-4f8d-8b22-bb49cf9f3683/14_de_Julho.zip
14 de Julho;104,35000000000065;104,28000000000065;5,6711027062957;76,816665142572;UHE 14 de Julho - CAV SNHIR.xlsx;b8f0487a-df73-4f8d-8b22-bb49cf9f3683;https://metadados.snirh.gov.br/files/b8f0487a-df73-4f8d-8b22-bb49cf9f3683/14_de_Julho.zip
14 de Julho;104,36000000000065;104,29000000000066;5,6722131079752;76,873379766562;UHE 14 de Julho - CAV SNHIR.xlsx;b8f0487a-df73-4f8d-8b22-bb49cf9f3683;https://metadados.snirh.gov.br/files/b8f0487a-df73-4f8d-8b22-bb49cf9f3683/14_de_Julho.zip
14 de Julho;104,37000000000066;104,30000000000067;5,6733220607031;76,930104626173;UHE 14 de Julho - CAV SNHIR.xlsx;b8f0487a-df73-4f8d-8b22-bb49cf9f3683;https://metadados.snirh.gov.br/files/b8f0487a-df73-4f8d-8b22-bb49cf9f3683/14_de_Julho.zip
14 de Julho;104,38000000000066;104,31000000000067;5,6744295362895;76,986840889822;UHE 14 de Julho - CAV SNHIR.xlsx;b8f0487a-df73-4f8d-8b22-bb49cf9f3683;https://metadados.snirh.gov.br/files/b8f0487a-df73-4f8d-8b22-bb49cf9f3683/14_de_Julho.zip
14 de Julho;104,39000000000067;104,32000000000068;5,6755355656382;77,04359080332799;UHE 14 de Julho - CAV SNHIR.xlsx;b8f0487a-df73-4f8d-8b22-bb49cf9f3683;https://metadados.snirh.gov.br/files/b8f0487a-df73-4f8d-8b22-bb49cf9f3683/14_de_Julho.zip
14 de Julho;104,40000000000067;104,33000000000068;5,6766401665898005;77,10034831977899;UHE 14 de Julho - CAV SNHIR.xlsx;b8f0487a-df73-4f8d-8b22-bb49cf9f3683;https://metadados.snirh.gov.br/files/b8f0487a-df73-4f8d-8b22-bb49cf9f3683/14_de_Julho.zip
14 de Julho;104,41000000000068;104,34000000000069;5,6777433471798995;77,15711455557499;UHE 14 de Julho - CAV SNHIR.xlsx;b8f0487a-df73-4f8d-8b22-bb49cf9f3683;https://metadados.snirh.gov.br/files/b8f0487a-df73-4f8d-8b22-bb49cf9f3683/14_de_Julho.zip
14 de Julho;104,42000000000068;104,35000000000069;5,6788451298426;77,21389315263299;UHE 14 de Julho - CAV SNHIR.xlsx;b8f0487a-df73-4f8d-8b22-bb49cf9f3683;https://metadados.snirh.gov.br/files/b8f0487a-df73-4f8d-8b22-bb49cf9f3683/14_de_Julho.zip
14 de Julho;104,43000000000069;104,3600000000007;5,6799455418521;77,27068899516199;UHE 14 de Julho - CAV SNHIR.xlsx;b8f0487a-df73-4f8d-8b22-bb49cf9f3683;https://metadados.snirh.gov.br/files/b8f0487a-df73-4f8d-8b22-bb49cf9f3683/14_de_Julho.zip
14 de Julho;104,4400000000007;104,3700000000007;5,6810445943955;77,32749340458601;UHE 14 de Julho - CAV SNHIR.xlsx;b8f0487a-df73-4f8d-8b22-bb49cf9f3683;https://metadados.snirh.gov.br/files/b8f0487a-df73-4f8d-8b22-bb49cf9f3683/14_de_Julho.zip
14 de Julho;104,4500000000007;104,3800000000007;5,682142304286501;77,384307609034;UHE 14 de Julho - CAV SNHIR.xlsx;b8f0487a-df73-4f8d-8b22-bb49cf9f3683;https://metadados.snirh.gov.br/files/b8f0487a-df73-4f8d-8b22-bb49cf9f3683/14_de_Julho.zip
14 de Julho;104,4600000000007;104,39000000000071;5,6832386868977;77,441130002123;UHE 14 de Julho - CAV SNHIR.xlsx;b8f0487a-df73-4f8d-8b22-bb49cf9f3683;https://metadados.snirh.gov.br/files/b8f0487a-df73-4f8d-8b22-bb49cf9f3683/14_de_Julho.zip
14 de Julho;104,47000000000071;104,40000000000072;5,6843337547059996;77,49796611547201;UHE 14 de Julho - CAV SNHIR.xlsx;b8f0487a-df73-4f8d-8b22-bb49cf9f3683;https://metadados.snirh.gov.br/files/b8f0487a-df73-4f8d-8b22-bb49cf9f3683/14_de_Julho.zip
14 de Julho;104,48000000000071;104,41000000000072;5,6854275283819;77,554808496186;UHE 14 de Julho - CAV SNHIR.xlsx;b8f0487a-df73-4f8d-8b22-bb49cf9f3683;https://metadados.snirh.gov.br/files/b8f0487a-df73-4f8d-8b22-bb49cf9f3683/14_de_Julho.zip
14 de Julho;104,49000000000072;104,42000000000073;5,6865200350225;77,61166661101801;UHE 14 de Julho - CAV SNHIR.xlsx;b8f0487a-df73-4f8d-8b22-bb49cf9f3683;https://metadados.snirh.gov.br/files/b8f0487a-df73-4f8d-8b22-bb49cf9f3683/14_de_Julho.zip
14 de Julho;104,50000000000072;104,43000000000073;5,687611272361099;77,668537580691;UHE 14 de Julho - CAV SNHIR.xlsx;b8f0487a-df73-4f8d-8b22-bb49cf9f3683;https://metadados.snirh.gov.br/files/b8f0487a-df73-4f8d-8b22-bb49cf9f3683/14_de_Julho.zip
14 de Julho;104,51000000000073;104,44000000000074;5,6887012389028;77,725408584279;UHE 14 de Julho - CAV SNHIR.xlsx;b8f0487a-df73-4f8d-8b22-bb49cf9f3683;https://metadados.snirh.gov.br/files/b8f0487a-df73-4f8d-8b22-bb49cf9f3683/14_de_Julho.zip
14 de Julho;104,52000000000073;104,45000000000074;5,6897899185839;77,782298742353;UHE 14 de Julho - CAV SNHIR.xlsx;b8f0487a-df73-4f8d-8b22-bb49cf9f3683;https://metadados.snirh.gov.br/files/b8f0487a-df73-4f8d-8b22-bb49cf9f3683/14_de_Julho.zip
14 de Julho;104,53000000000074;104,46000000000075;5,6908773350856;77,839197322303;UHE 14 de Julho - CAV SNHIR.xlsx;b8f0487a-df73-4f8d-8b22-bb49cf9f3683;https://metadados.snirh.gov.br/files/b8f0487a-df73-4f8d-8b22-bb49cf9f3683/14_de_Julho.zip
14 de Julho;104,54000000000075;104,47000000000075;5,691963500043;77,896104175772;UHE 14 de Julho - CAV SNHIR.xlsx;b8f0487a-df73-4f8d-8b22-bb49cf9f3683;https://metadados.snirh.gov.br/files/b8f0487a-df73-4f8d-8b22-bb49cf9f3683/14_de_Julho.zip
14 de Julho;104,55000000000075;104,48000000000076;5,693048428736001;77,953028252059;UHE 14 de Julho - CAV SNHIR.xlsx;b8f0487a-df73-4f8d-8b22-bb49cf9f3683;https://metadados.snirh.gov.br/files/b8f0487a-df73-4f8d-8b22-bb49cf9f3683/14_de_Julho.zip
14 de Julho;104,56000000000076;104,49000000000076;5,6941321356519;78,009956690752;UHE 14 de Julho - CAV SNHIR.xlsx;b8f0487a-df73-4f8d-8b22-bb49cf9f3683;https://metadados.snirh.gov.br/files/b8f0487a-df73-4f8d-8b22-bb49cf9f3683/14_de_Julho.zip
14 de Julho;104,57000000000076;104,50000000000077;5,6952146493593;78,066900434031;UHE 14 de Julho - CAV SNHIR.xlsx;b8f0487a-df73-4f8d-8b22-bb49cf9f3683;https://metadados.snirh.gov.br/files/b8f0487a-df73-4f8d-8b22-bb49cf9f3683/14_de_Julho.zip
14 de Julho;104,58000000000077;104,51000000000077;5,6962959649684;78,123848854477;UHE 14 de Julho - CAV SNHIR.xlsx;b8f0487a-df73-4f8d-8b22-bb49cf9f3683;https://metadados.snirh.gov.br/files/b8f0487a-df73-4f8d-8b22-bb49cf9f3683/14_de_Julho.zip
14 de Julho;104,59000000000077;104,52000000000078;5,6973760964598;78,18081285413399;UHE 14 de Julho - CAV SNHIR.xlsx;b8f0487a-df73-4f8d-8b22-bb49cf9f3683;https://metadados.snirh.gov.br/files/b8f0487a-df73-4f8d-8b22-bb49cf9f3683/14_de_Julho.zip
14 de Julho;104,60000000000078;104,53000000000078;5,6984550502591;78,237789756257;UHE 14 de Julho - CAV SNHIR.xlsx;b8f0487a-df73-4f8d-8b22-bb49cf9f3683;https://metadados.snirh.gov.br/files/b8f0487a-df73-4f8d-8b22-bb49cf9f3683/14_de_Julho.zip
14 de Julho;104,61000000000078;104,54000000000079;5,699532852358001;78,294781131532;UHE 14 de Julho - CAV SNHIR.xlsx;b8f0487a-df73-4f8d-8b22-bb49cf9f3683;https://metadados.snirh.gov.br/files/b8f0487a-df73-4f8d-8b22-bb49cf9f3683/14_de_Julho.zip
14 de Julho;104,62000000000079;104,5500000000008;5,7006095150244995;78,35177404249;UHE 14 de Julho - CAV SNHIR.xlsx;b8f0487a-df73-4f8d-8b22-bb49cf9f3683;https://metadados.snirh.gov.br/files/b8f0487a-df73-4f8d-8b22-bb49cf9f3683/14_de_Julho.zip
14 de Julho;104,63000000000079;104,5600000000008;5,7016850355899;78,408782300926;UHE 14 de Julho - CAV SNHIR.xlsx;b8f0487a-df73-4f8d-8b22-bb49cf9f3683;https://metadados.snirh.gov.br/files/b8f0487a-df73-4f8d-8b22-bb49cf9f3683/14_de_Julho.zip
14 de Julho;104,6400000000008;104,5700000000008;5,7027594311568;78,465802462052;UHE 14 de Julho - CAV SNHIR.xlsx;b8f0487a-df73-4f8d-8b22-bb49cf9f3683;https://metadados.snirh.gov.br/files/b8f0487a-df73-4f8d-8b22-bb49cf9f3683/14_de_Julho.zip
14 de Julho;104,6500000000008;104,58000000000081;5,7038327096085;78,522833857303;UHE 14 de Julho - CAV SNHIR.xlsx;b8f0487a-df73-4f8d-8b22-bb49cf9f3683;https://metadados.snirh.gov.br/files/b8f0487a-df73-4f8d-8b22-bb49cf9f3683/14_de_Julho.zip
14 de Julho;104,6600000000008;104,59000000000081;5,7049048811696;78,579883022569;UHE 14 de Julho - CAV SNHIR.xlsx;b8f0487a-df73-4f8d-8b22-bb49cf9f3683;https://metadados.snirh.gov.br/files/b8f0487a-df73-4f8d-8b22-bb49cf9f3683/14_de_Julho.zip
14 de Julho;104,67000000000081;104,60000000000082;5,7059759346337;78,63693600872;UHE 14 de Julho - CAV SNHIR.xlsx;b8f0487a-df73-4f8d-8b22-bb49cf9f3683;https://metadados.snirh.gov.br/files/b8f0487a-df73-4f8d-8b22-bb49cf9f3683/14_de_Julho.zip
14 de Julho;104,68000000000082;104,61000000000082;5,7070458706585;78,694000432628;UHE 14 de Julho - CAV SNHIR.xlsx;b8f0487a-df73-4f8d-8b22-bb49cf9f3683;https://metadados.snirh.gov.br/files/b8f0487a-df73-4f8d-8b22-bb49cf9f3683/14_de_Julho.zip
14 de Julho;104,69000000000082;104,62000000000083;5,7081147094633;78,751075986264;UHE 14 de Julho - CAV SNHIR.xlsx;b8f0487a-df73-4f8d-8b22-bb49cf9f3683;https://metadados.snirh.gov.br/files/b8f0487a-df73-4f8d-8b22-bb49cf9f3683/14_de_Julho.zip
14 de Julho;104,70000000000083;104,63000000000083;5,7091824517;78,808163192311;UHE 14 de Julho - CAV SNHIR.xlsx;b8f0487a-df73-4f8d-8b22-bb49cf9f3683;https://metadados.snirh.gov.br/files/b8f0487a-df73-4f8d-8b22-bb49cf9f3683/14_de_Julho.zip
14 de Julho;104,71000000000083;104,64000000000084;5,710249081070399;78,865258800479;UHE 14 de Julho - CAV SNHIR.xlsx;b8f0487a-df73-4f8d-8b22-bb49cf9f3683;https://metadados.snirh.gov.br/files/b8f0487a-df73-4f8d-8b22-bb49cf9f3683/14_de_Julho.zip
14 de Julho;104,72000000000084;104,65000000000084;5,7113146197974;78,922360825318;UHE 14 de Julho - CAV SNHIR.xlsx;b8f0487a-df73-4f8d-8b22-bb49cf9f3683;https://metadados.snirh.gov.br/files/b8f0487a-df73-4f8d-8b22-bb49cf9f3683/14_de_Julho.zip
14 de Julho;104,73000000000084;104,66000000000085;5,7123790744648;78,979473407004;UHE 14 de Julho - CAV SNHIR.xlsx;b8f0487a-df73-4f8d-8b22-bb49cf9f3683;https://metadados.snirh.gov.br/files/b8f0487a-df73-4f8d-8b22-bb49cf9f3683/14_de_Julho.zip
14 de Julho;104,74000000000085;104,67000000000085;5,7134424598474;79,03660422248399;UHE 14 de Julho - CAV SNHIR.xlsx;b8f0487a-df73-4f8d-8b22-bb49cf9f3683;https://metadados.snirh.gov.br/files/b8f0487a-df73-4f8d-8b22-bb49cf9f3683/14_de_Julho.zip
14 de Julho;104,75000000000085;104,68000000000086;5,7145047873721;79,093738597691;UHE 14 de Julho - CAV SNHIR.xlsx;b8f0487a-df73-4f8d-8b22-bb49cf9f3683;https://metadados.snirh.gov.br/files/b8f0487a-df73-4f8d-8b22-bb49cf9f3683/14_de_Julho.zip
14 de Julho;104,76000000000086;104,69000000000086;5,715566083252299;79,150888429622;UHE 14 de Julho - CAV SNHIR.xlsx;b8f0487a-df73-4f8d-8b22-bb49cf9f3683;https://metadados.snirh.gov.br/files/b8f0487a-df73-4f8d-8b22-bb49cf9f3683/14_de_Julho.zip
14 de Julho;104,77000000000086;104,70000000000087;5,716626336672499;79,20804622333699;UHE 14 de Julho - CAV SNHIR.xlsx;b8f0487a-df73-4f8d-8b22-bb49cf9f3683;https://metadados.snirh.gov.br/files/b8f0487a-df73-4f8d-8b22-bb49cf9f3683/14_de_Julho.zip
14 de Julho;104,78000000000087;104,71000000000087;5,7176855412906;79,265219111689;UHE 14 de Julho - CAV SNHIR.xlsx;b8f0487a-df73-4f8d-8b22-bb49cf9f3683;https://metadados.snirh.gov.br/files/b8f0487a-df73-4f8d-8b22-bb49cf9f3683/14_de_Julho.zip
14 de Julho;104,79000000000087;104,72000000000088;5,7187437057792;79,32240093923099;UHE 14 de Julho - CAV SNHIR.xlsx;b8f0487a-df73-4f8d-8b22-bb49cf9f3683;https://metadados.snirh.gov.br/files/b8f0487a-df73-4f8d-8b22-bb49cf9f3683/14_de_Julho.zip
14 de Julho;104,80000000000088;104,73000000000089;5,7198008760125;79,379587935288;UHE 14 de Julho - CAV SNHIR.xlsx;b8f0487a-df73-4f8d-8b22-bb49cf9f3683;https://metadados.snirh.gov.br/files/b8f0487a-df73-4f8d-8b22-bb49cf9f3683/14_de_Julho.zip
14 de Julho;104,81000000000088;104,74000000000089;5,7208570480324;79,43678170310301;UHE 14 de Julho - CAV SNHIR.xlsx;b8f0487a-df73-4f8d-8b22-bb49cf9f3683;https://metadados.snirh.gov.br/files/b8f0487a-df73-4f8d-8b22-bb49cf9f3683/14_de_Julho.zip
14 de Julho;104,82000000000089;104,7500000000009;5,7219122339156;79,49398697261401;UHE 14 de Julho - CAV SNHIR.xlsx;b8f0487a-df73-4f8d-8b22-bb49cf9f3683;https://metadados.snirh.gov.br/files/b8f0487a-df73-4f8d-8b22-bb49cf9f3683/14_de_Julho.zip
14 de Julho;104,8300000000009;104,7600000000009;5,7229664384199;79,551208556537;UHE 14 de Julho - CAV SNHIR.xlsx;b8f0487a-df73-4f8d-8b22-bb49cf9f3683;https://metadados.snirh.gov.br/files/b8f0487a-df73-4f8d-8b22-bb49cf9f3683/14_de_Julho.zip
14 de Julho;104,8400000000009;104,7700000000009;5,7240196666838;79,60844346963499;UHE 14 de Julho - CAV SNHIR.xlsx;b8f0487a-df73-4f8d-8b22-bb49cf9f3683;https://metadados.snirh.gov.br/files/b8f0487a-df73-4f8d-8b22-bb49cf9f3683/14_de_Julho.zip
14 de Julho;104,8500000000009;104,78000000000091;5,7250719298882995;79,665693816935;UHE 14 de Julho - CAV SNHIR.xlsx;b8f0487a-df73-4f8d-8b22-bb49cf9f3683;https://metadados.snirh.gov.br/files/b8f0487a-df73-4f8d-8b22-bb49cf9f3683/14_de_Julho.zip
14 de Julho;104,86000000000091;104,79000000000092;5,7261232387305006;79,722950907852;UHE 14 de Julho - CAV SNHIR.xlsx;b8f0487a-df73-4f8d-8b22-bb49cf9f3683;https://metadados.snirh.gov.br/files/b8f0487a-df73-4f8d-8b22-bb49cf9f3683/14_de_Julho.zip
14 de Julho;104,87000000000091;104,80000000000092;5,7271735896605005;79,78021497029499;UHE 14 de Julho - CAV SNHIR.xlsx;b8f0487a-df73-4f8d-8b22-bb49cf9f3683;https://metadados.snirh.gov.br/files/b8f0487a-df73-4f8d-8b22-bb49cf9f3683/14_de_Julho.zip
14 de Julho;104,88000000000092;104,81000000000093;5,7282230143517;79,837489234982;UHE 14 de Julho - CAV SNHIR.xlsx;b8f0487a-df73-4f8d-8b22-bb49cf9f3683;https://metadados.snirh.gov.br/files/b8f0487a-df73-4f8d-8b22-bb49cf9f3683/14_de_Julho.zip
14 de Julho;104,89000000000092;104,82000000000093;5,7292715294973;79,89477031854001;UHE 14 de Julho - CAV SNHIR.xlsx;b8f0487a-df73-4f8d-8b22-bb49cf9f3683;https://metadados.snirh.gov.br/files/b8f0487a-df73-4f8d-8b22-bb49cf9f3683/14_de_Julho.zip
14 de Julho;104,90000000000093;104,83000000000094;5,7303191419643;79,95206496210099;UHE 14 de Julho - CAV SNHIR.xlsx;b8f0487a-df73-4f8d-8b22-bb49cf9f3683;https://metadados.snirh.gov.br/files/b8f0487a-df73-4f8d-8b22-bb49cf9f3683/14_de_Julho.zip
14 de Julho;104,91000000000093;104,84000000000094;5,7313658481633;80,00937264403699;UHE 14 de Julho - CAV SNHIR.xlsx;b8f0487a-df73-4f8d-8b22-bb49cf9f3683;https://metadados.snirh.gov.br/files/b8f0487a-df73-4f8d-8b22-bb49cf9f3683/14_de_Julho.zip
14 de Julho;104,92000000000094;104,85000000000095;5,732411652383299;80,066687560779;UHE 14 de Julho - CAV SNHIR.xlsx;b8f0487a-df73-4f8d-8b22-bb49cf9f3683;https://metadados.snirh.gov.br/files/b8f0487a-df73-4f8d-8b22-bb49cf9f3683/14_de_Julho.zip
14 de Julho;104,93000000000094;104,86000000000095;5,7334565564566;80,124009410999;UHE 14 de Julho - CAV SNHIR.xlsx;b8f0487a-df73-4f8d-8b22-bb49cf9f3683;https://metadados.snirh.gov.br/files/b8f0487a-df73-4f8d-8b22-bb49cf9f3683/14_de_Julho.zip
14 de Julho;104,94000000000095;104,87000000000096;5,7345005847949;80,181353803658;UHE 14 de Julho - CAV SNHIR.xlsx;b8f0487a-df73-4f8d-8b22-bb49cf9f3683;https://metadados.snirh.gov.br/files/b8f0487a-df73-4f8d-8b22-bb49cf9f3683/14_de_Julho.zip
14 de Julho;104,95000000000095;104,88000000000096;5,7355437599018995;80,23870115779;UHE 14 de Julho - CAV SNHIR.xlsx;b8f0487a-df73-4f8d-8b22-bb49cf9f3683;https://metadados.snirh.gov.br/files/b8f0487a-df73-4f8d-8b22-bb49cf9f3683/14_de_Julho.zip
14 de Julho;104,96000000000096;104,89000000000097;5,7365860841116;80,29605916616599;UHE 14 de Julho - CAV SNHIR.xlsx;b8f0487a-df73-4f8d-8b22-bb49cf9f3683;https://metadados.snirh.gov.br/files/b8f0487a-df73-4f8d-8b22-bb49cf9f3683/14_de_Julho.zip
14 de Julho;104,97000000000097;104,90000000000097;5,7376275614018;80,353423424173;UHE 14 de Julho - CAV SNHIR.xlsx;b8f0487a-df73-4f8d-8b22-bb49cf9f3683;https://metadados.snirh.gov.br/files/b8f0487a-df73-4f8d-8b22-bb49cf9f3683/14_de_Julho.zip
14 de Julho;104,98000000000097;104,91000000000098;5,7386681956431;80,410802953986;UHE 14 de Julho - CAV SNHIR.xlsx;b8f0487a-df73-4f8d-8b22-bb49cf9f3683;https://metadados.snirh.gov.br/files/b8f0487a-df73-4f8d-8b22-bb49cf9f3683/14_de_Julho.zip
14 de Julho;104,99000000000098;104,92000000000098;5,7397079862264;80,468197185701;UHE 14 de Julho - CAV SNHIR.xlsx;b8f0487a-df73-4f8d-8b22-bb49cf9f3683;https://metadados.snirh.gov.br/files/b8f0487a-df73-4f8d-8b22-bb49cf9f3683/14_de_Julho.zip
14 de Julho;105,00000000000098;104,93000000000099;5,7407469439692;80,525594979405;UHE 14 de Julho - CAV SNHIR.xlsx;b8f0487a-df73-4f8d-8b22-bb49cf9f3683;https://metadados.snirh.gov.br/files/b8f0487a-df73-4f8d-8b22-bb49cf9f3683/14_de_Julho.zip
14 de Julho;105,01000000000099;104,94000000000099;5,7417850754913;80,583009332732;UHE 14 de Julho - CAV SNHIR.xlsx;b8f0487a-df73-4f8d-8b22-bb49cf9f3683;https://metadados.snirh.gov.br/files/b8f0487a-df73-4f8d-8b22-bb49cf9f3683/14_de_Julho.zip
14 de Julho;105,02000000000099;104,950000000001;5,742822405019;80,64043190154999;UHE 14 de Julho - CAV SNHIR.xlsx;b8f0487a-df73-4f8d-8b22-bb49cf9f3683;https://metadados.snirh.gov.br/files/b8f0487a-df73-4f8d-8b22-bb49cf9f3683/14_de_Julho.zip
14 de Julho;105,030000000001;104,960000000001;5,7438589227799;80,69786273690299;UHE 14 de Julho - CAV SNHIR.xlsx;b8f0487a-df73-4f8d-8b22-bb49cf9f3683;https://metadados.snirh.gov.br/files/b8f0487a-df73-4f8d-8b22-bb49cf9f3683/14_de_Julho.zip
14 de Julho;105,040000000001;104,97000000000101;5,7448946046573;80,75530288307901;UHE 14 de Julho - CAV SNHIR.xlsx;b8f0487a-df73-4f8d-8b22-bb49cf9f3683;https://metadados.snirh.gov.br/files/b8f0487a-df73-4f8d-8b22-bb49cf9f3683/14_de_Julho.zip
14 de Julho;105,050000000001;104,98000000000101;5,7459294737638995;80,812754517481;UHE 14 de Julho - CAV SNHIR.xlsx;b8f0487a-df73-4f8d-8b22-bb49cf9f3683;https://metadados.snirh.gov.br/files/b8f0487a-df73-4f8d-8b22-bb49cf9f3683/14_de_Julho.zip
14 de Julho;105,06000000000101;104,99000000000102;5,7469635391611;80,87021549260301;UHE 14 de Julho - CAV SNHIR.xlsx;b8f0487a-df73-4f8d-8b22-bb49cf9f3683;https://metadados.snirh.gov.br/files/b8f0487a-df73-4f8d-8b22-bb49cf9f3683/14_de_Julho.zip
14 de Julho;105,07000000000102;105,00000000000102;5,7479968031449005;80,927685246562;UHE 14 de Julho - CAV SNHIR.xlsx;b8f0487a-df73-4f8d-8b22-bb49cf9f3683;https://metadados.snirh.gov.br/files/b8f0487a-df73-4f8d-8b22-bb49cf9f3683/14_de_Julho.zip
14 de Julho;105,08000000000102;105,01000000000103;5,749029264531;80,98516739893701;UHE 14 de Julho - CAV SNHIR.xlsx;b8f0487a-df73-4f8d-8b22-bb49cf9f3683;https://metadados.snirh.gov.br/files/b8f0487a-df73-4f8d-8b22-bb49cf9f3683/14_de_Julho.zip
14 de Julho;105,09000000000103;105,02000000000103;5,7500609342569;81,042659093167;UHE 14 de Julho - CAV SNHIR.xlsx;b8f0487a-df73-4f8d-8b22-bb49cf9f3683;https://metadados.snirh.gov.br/files/b8f0487a-df73-4f8d-8b22-bb49cf9f3683/14_de_Julho.zip
14 de Julho;105,10000000000103;105,03000000000104;5,7510918379494;81,10016410975399;UHE 14 de Julho - CAV SNHIR.xlsx;b8f0487a-df73-4f8d-8b22-bb49cf9f3683;https://metadados.snirh.gov.br/files/b8f0487a-df73-4f8d-8b22-bb49cf9f3683/14_de_Julho.zip
14 de Julho;105,11000000000104;105,04000000000104;5,7521219760983;81,15767923560401;UHE 14 de Julho - CAV SNHIR.xlsx;b8f0487a-df73-4f8d-8b22-bb49cf9f3683;https://metadados.snirh.gov.br/files/b8f0487a-df73-4f8d-8b22-bb49cf9f3683/14_de_Julho.zip
14 de Julho;105,12000000000104;105,05000000000105;5,7531513478683;81,215204744735;UHE 14 de Julho - CAV SNHIR.xlsx;b8f0487a-df73-4f8d-8b22-bb49cf9f3683;https://metadados.snirh.gov.br/files/b8f0487a-df73-4f8d-8b22-bb49cf9f3683/14_de_Julho.zip
14 de Julho;105,13000000000105;105,06000000000105;5,754179961784;81,27274116120499;UHE 14 de Julho - CAV SNHIR.xlsx;b8f0487a-df73-4f8d-8b22-bb49cf9f3683;https://metadados.snirh.gov.br/files/b8f0487a-df73-4f8d-8b22-bb49cf9f3683/14_de_Julho.zip
14 de Julho;105,14000000000105;105,07000000000106;5,7552078374806;81,330286166734;UHE 14 de Julho - CAV SNHIR.xlsx;b8f0487a-df73-4f8d-8b22-bb49cf9f3683;https://metadados.snirh.gov.br/files/b8f0487a-df73-4f8d-8b22-bb49cf9f3683/14_de_Julho.zip
14 de Julho;105,15000000000106;105,08000000000106;5,756234975026801;81,387843000184;UHE 14 de Julho - CAV SNHIR.xlsx;b8f0487a-df73-4f8d-8b22-bb49cf9f3683;https://metadados.snirh.gov.br/files/b8f0487a-df73-4f8d-8b22-bb49cf9f3683/14_de_Julho.zip
14 de Julho;105,16000000000106;105,09000000000107;5,7572613611086005;81,445408042843;UHE 14 de Julho - CAV SNHIR.xlsx;b8f0487a-df73-4f8d-8b22-bb49cf9f3683;https://metadados.snirh.gov.br/files/b8f0487a-df73-4f8d-8b22-bb49cf9f3683/14_de_Julho.zip
14 de Julho;105,17000000000107;105,10000000000107;5,7582870063613;81,502981997402;UHE 14 de Julho - CAV SNHIR.xlsx;b8f0487a-df73-4f8d-8b22-bb49cf9f3683;https://metadados.snirh.gov.br/files/b8f0487a-df73-4f8d-8b22-bb49cf9f3683/14_de_Julho.zip
14 de Julho;105,18000000000107;105,11000000000108;5,7593119255831;81,560567439543;UHE 14 de Julho - CAV SNHIR.xlsx;b8f0487a-df73-4f8d-8b22-bb49cf9f3683;https://metadados.snirh.gov.br/files/b8f0487a-df73-4f8d-8b22-bb49cf9f3683/14_de_Julho.zip
14 de Julho;105,19000000000108;105,12000000000108;5,7603361246753995;81,618165625029;UHE 14 de Julho - CAV SNHIR.xlsx;b8f0487a-df73-4f8d-8b22-bb49cf9f3683;https://metadados.snirh.gov.br/files/b8f0487a-df73-4f8d-8b22-bb49cf9f3683/14_de_Julho.zip
14 de Julho;105,20000000000108;105,13000000000109;5,7613596200775;81,67576660685;UHE 14 de Julho - CAV SNHIR.xlsx;b8f0487a-df73-4f8d-8b22-bb49cf9f3683;https://metadados.snirh.gov.br/files/b8f0487a-df73-4f8d-8b22-bb49cf9f3683/14_de_Julho.zip
14 de Julho;105,21000000000109;105,1400000000011;5,7623824044335;81,733385604502;UHE 14 de Julho - CAV SNHIR.xlsx;b8f0487a-df73-4f8d-8b22-bb49cf9f3683;https://metadados.snirh.gov.br/files/b8f0487a-df73-4f8d-8b22-bb49cf9f3683/14_de_Julho.zip
14 de Julho;105,2200000000011;105,1500000000011;5,7634044951147;81,791010479888;UHE 14 de Julho - CAV SNHIR.xlsx;b8f0487a-df73-4f8d-8b22-bb49cf9f3683;https://metadados.snirh.gov.br/files/b8f0487a-df73-4f8d-8b22-bb49cf9f3683/14_de_Julho.zip
14 de Julho;105,2300000000011;105,1600000000011;5,7644258939737;81,848650091692;UHE 14 de Julho - CAV SNHIR.xlsx;b8f0487a-df73-4f8d-8b22-bb49cf9f3683;https://metadados.snirh.gov.br/files/b8f0487a-df73-4f8d-8b22-bb49cf9f3683/14_de_Julho.zip
14 de Julho;105,2400000000011;105,17000000000111;5,7654466074194;81,906299790091;UHE 14 de Julho - CAV SNHIR.xlsx;b8f0487a-df73-4f8d-8b22-bb49cf9f3683;https://metadados.snirh.gov.br/files/b8f0487a-df73-4f8d-8b22-bb49cf9f3683/14_de_Julho.zip
14 de Julho;105,25000000000111;105,18000000000112;5,7664666466725;81,963956311034;UHE 14 de Julho - CAV SNHIR.xlsx;b8f0487a-df73-4f8d-8b22-bb49cf9f3683;https://metadados.snirh.gov.br/files/b8f0487a-df73-4f8d-8b22-bb49cf9f3683/14_de_Julho.zip
14 de Julho;105,26000000000111;105,19000000000112;5,7674860012983;82,021626316168;UHE 14 de Julho - CAV SNHIR.xlsx;b8f0487a-df73-4f8d-8b22-bb49cf9f3683;https://metadados.snirh.gov.br/files/b8f0487a-df73-4f8d-8b22-bb49cf9f3683/14_de_Julho.zip
14 de Julho;105,27000000000112;105,20000000000113;5,7685046695317;82,079301884616;UHE 14 de Julho - CAV SNHIR.xlsx;b8f0487a-df73-4f8d-8b22-bb49cf9f3683;https://metadados.snirh.gov.br/files/b8f0487a-df73-4f8d-8b22-bb49cf9f3683/14_de_Julho.zip
14 de Julho;105,28000000000112;105,21000000000113;5,7695226620779;82,13699504200301;UHE 14 de Julho - CAV SNHIR.xlsx;b8f0487a-df73-4f8d-8b22-bb49cf9f3683;https://metadados.snirh.gov.br/files/b8f0487a-df73-4f8d-8b22-bb49cf9f3683/14_de_Julho.zip
14 de Julho;105,29000000000113;105,22000000000114;5,7705399838077;82,194695056832;UHE 14 de Julho - CAV SNHIR.xlsx;b8f0487a-df73-4f8d-8b22-bb49cf9f3683;https://metadados.snirh.gov.br/files/b8f0487a-df73-4f8d-8b22-bb49cf9f3683/14_de_Julho.zip
14 de Julho;105,30000000000113;105,23000000000114;5,77155665192;82,25240526083199;UHE 14 de Julho - CAV SNHIR.xlsx;b8f0487a-df73-4f8d-8b22-bb49cf9f3683;https://metadados.snirh.gov.br/files/b8f0487a-df73-4f8d-8b22-bb49cf9f3683/14_de_Julho.zip
14 de Julho;105,31000000000114;105,24000000000115;5,7725726840423;82,310126630386;UHE 14 de Julho - CAV SNHIR.xlsx;b8f0487a-df73-4f8d-8b22-bb49cf9f3683;https://metadados.snirh.gov.br/files/b8f0487a-df73-4f8d-8b22-bb49cf9f3683/14_de_Julho.zip
14 de Julho;105,32000000000114;105,25000000000115;5,7735880969313005;82,367849990735;UHE 14 de Julho - CAV SNHIR.xlsx;b8f0487a-df73-4f8d-8b22-bb49cf9f3683;https://metadados.snirh.gov.br/files/b8f0487a-df73-4f8d-8b22-bb49cf9f3683/14_de_Julho.zip
14 de Julho;105,33000000000115;105,26000000000116;5,7746028455738;82,425587116801;UHE 14 de Julho - CAV SNHIR.xlsx;b8f0487a-df73-4f8d-8b22-bb49cf9f3683;https://metadados.snirh.gov.br/files/b8f0487a-df73-4f8d-8b22-bb49cf9f3683/14_de_Julho.zip
14 de Julho;105,34000000000115;105,27000000000116;5,7756169197325;82,48334129903901;UHE 14 de Julho - CAV SNHIR.xlsx;b8f0487a-df73-4f8d-8b22-bb49cf9f3683;https://metadados.snirh.gov.br/files/b8f0487a-df73-4f8d-8b22-bb49cf9f3683/14_de_Julho.zip
14 de Julho;105,35000000000116;105,28000000000117;5,776630345370999;82,541099342822;UHE 14 de Julho - CAV SNHIR.xlsx;b8f0487a-df73-4f8d-8b22-bb49cf9f3683;https://metadados.snirh.gov.br/files/b8f0487a-df73-4f8d-8b22-bb49cf9f3683/14_de_Julho.zip
14 de Julho;105,36000000000116;105,29000000000117;5,777643133505101;82,59886701137701;UHE 14 de Julho - CAV SNHIR.xlsx;b8f0487a-df73-4f8d-8b22-bb49cf9f3683;https://metadados.snirh.gov.br/files/b8f0487a-df73-4f8d-8b22-bb49cf9f3683/14_de_Julho.zip
14 de Julho;105,37000000000117;105,30000000000118;5,7786552916295;82,656647216394;UHE 14 de Julho - CAV SNHIR.xlsx;b8f0487a-df73-4f8d-8b22-bb49cf9f3683;https://metadados.snirh.gov.br/files/b8f0487a-df73-4f8d-8b22-bb49cf9f3683/14_de_Julho.zip
14 de Julho;105,38000000000117;105,31000000000118;5,7796668345865;82,71443677903201;UHE 14 de Julho - CAV SNHIR.xlsx;b8f0487a-df73-4f8d-8b22-bb49cf9f3683;https://metadados.snirh.gov.br/files/b8f0487a-df73-4f8d-8b22-bb49cf9f3683/14_de_Julho.zip
14 de Julho;105,39000000000118;105,32000000000119;5,7806777662319995;82,772235645326;UHE 14 de Julho - CAV SNHIR.xlsx;b8f0487a-df73-4f8d-8b22-bb49cf9f3683;https://metadados.snirh.gov.br/files/b8f0487a-df73-4f8d-8b22-bb49cf9f3683/14_de_Julho.zip
14 de Julho;105,40000000000119;105,33000000000119;5,7816880755002;82,830045078108;UHE 14 de Julho - CAV SNHIR.xlsx;b8f0487a-df73-4f8d-8b22-bb49cf9f3683;https://metadados.snirh.gov.br/files/b8f0487a-df73-4f8d-8b22-bb49cf9f3683/14_de_Julho.zip
14 de Julho;105,41000000000119;105,3400000000012;5,7826977821966;82,887866102213;UHE 14 de Julho - CAV SNHIR.xlsx;b8f0487a-df73-4f8d-8b22-bb49cf9f3683;https://metadados.snirh.gov.br/files/b8f0487a-df73-4f8d-8b22-bb49cf9f3683/14_de_Julho.zip
14 de Julho;105,4200000000012;105,3500000000012;5,7837068849858;82,945700257626;UHE 14 de Julho - CAV SNHIR.xlsx;b8f0487a-df73-4f8d-8b22-bb49cf9f3683;https://metadados.snirh.gov.br/files/b8f0487a-df73-4f8d-8b22-bb49cf9f3683/14_de_Julho.zip
14 de Julho;105,4300000000012;105,36000000000121;5,7847154055719;83,003540048755;UHE 14 de Julho - CAV SNHIR.xlsx;b8f0487a-df73-4f8d-8b22-bb49cf9f3683;https://metadados.snirh.gov.br/files/b8f0487a-df73-4f8d-8b22-bb49cf9f3683/14_de_Julho.zip
14 de Julho;105,4400000000012;105,37000000000121;5,7857233619901;83,06139422230301;UHE 14 de Julho - CAV SNHIR.xlsx;b8f0487a-df73-4f8d-8b22-bb49cf9f3683;https://metadados.snirh.gov.br/files/b8f0487a-df73-4f8d-8b22-bb49cf9f3683/14_de_Julho.zip
14 de Julho;105,45000000000121;105,38000000000122;5,7867307168291;83,119258868389;UHE 14 de Julho - CAV SNHIR.xlsx;b8f0487a-df73-4f8d-8b22-bb49cf9f3683;https://metadados.snirh.gov.br/files/b8f0487a-df73-4f8d-8b22-bb49cf9f3683/14_de_Julho.zip
14 de Julho;105,46000000000122;105,39000000000122;5,787737495397;83,17713178921599;UHE 14 de Julho - CAV SNHIR.xlsx;b8f0487a-df73-4f8d-8b22-bb49cf9f3683;https://metadados.snirh.gov.br/files/b8f0487a-df73-4f8d-8b22-bb49cf9f3683/14_de_Julho.zip
14 de Julho;105,47000000000122;105,40000000000123;5,788743684534699;83,235013293466;UHE 14 de Julho - CAV SNHIR.xlsx;b8f0487a-df73-4f8d-8b22-bb49cf9f3683;https://metadados.snirh.gov.br/files/b8f0487a-df73-4f8d-8b22-bb49cf9f3683/14_de_Julho.zip
14 de Julho;105,48000000000123;105,41000000000123;5,789749280206601;83,292902778854;UHE 14 de Julho - CAV SNHIR.xlsx;b8f0487a-df73-4f8d-8b22-bb49cf9f3683;https://metadados.snirh.gov.br/files/b8f0487a-df73-4f8d-8b22-bb49cf9f3683/14_de_Julho.zip
14 de Julho;105,49000000000123;105,42000000000124;5,7907542732173996;83,35080387384599;UHE 14 de Julho - CAV SNHIR.xlsx;b8f0487a-df73-4f8d-8b22-bb49cf9f3683;https://metadados.snirh.gov.br/files/b8f0487a-df73-4f8d-8b22-bb49cf9f3683/14_de_Julho.zip
14 de Julho;105,50000000000124;105,43000000000124;5,7917587115644;83,40871554085;UHE 14 de Julho - CAV SNHIR.xlsx;b8f0487a-df73-4f8d-8b22-bb49cf9f3683;https://metadados.snirh.gov.br/files/b8f0487a-df73-4f8d-8b22-bb49cf9f3683/14_de_Julho.zip
14 de Julho;105,51000000000124;105,44000000000125;5,7927625907821;83,466632093749;UHE 14 de Julho - CAV SNHIR.xlsx;b8f0487a-df73-4f8d-8b22-bb49cf9f3683;https://metadados.snirh.gov.br/files/b8f0487a-df73-4f8d-8b22-bb49cf9f3683/14_de_Julho.zip
14 de Julho;105,52000000000125;105,45000000000125;5,793765893221;83,524563665394;UHE 14 de Julho - CAV SNHIR.xlsx;b8f0487a-df73-4f8d-8b22-bb49cf9f3683;https://metadados.snirh.gov.br/files/b8f0487a-df73-4f8d-8b22-bb49cf9f3683/14_de_Julho.zip
14 de Julho;105,53000000000125;105,46000000000126;5,7947686100078;83,582505705041;UHE 14 de Julho - CAV SNHIR.xlsx;b8f0487a-df73-4f8d-8b22-bb49cf9f3683;https://metadados.snirh.gov.br/files/b8f0487a-df73-4f8d-8b22-bb49cf9f3683/14_de_Julho.zip
14 de Julho;105,54000000000126;105,47000000000126;5,795770742958299;83,64045426910201;UHE 14 de Julho - CAV SNHIR.xlsx;b8f0487a-df73-4f8d-8b22-bb49cf9f3683;https://metadados.snirh.gov.br/files/b8f0487a-df73-4f8d-8b22-bb49cf9f3683/14_de_Julho.zip
14 de Julho;105,55000000000126;105,48000000000127;5,7967723085695;83,698419757275;UHE 14 de Julho - CAV SNHIR.xlsx;b8f0487a-df73-4f8d-8b22-bb49cf9f3683;https://metadados.snirh.gov.br/files/b8f0487a-df73-4f8d-8b22-bb49cf9f3683/14_de_Julho.zip
14 de Julho;105,56000000000127;105,49000000000127;5,7977733332586;83,75638879212099;UHE 14 de Julho - CAV SNHIR.xlsx;b8f0487a-df73-4f8d-8b22-bb49cf9f3683;https://metadados.snirh.gov.br/files/b8f0487a-df73-4f8d-8b22-bb49cf9f3683/14_de_Julho.zip
14 de Julho;105,57000000000127;105,50000000000128;5,7987737890285;83,81437000309799;UHE 14 de Julho - CAV SNHIR.xlsx;b8f0487a-df73-4f8d-8b22-bb49cf9f3683;https://metadados.snirh.gov.br/files/b8f0487a-df73-4f8d-8b22-bb49cf9f3683/14_de_Julho.zip
14 de Julho;105,58000000000128;105,51000000000128;5,7997736736563;83,872359734512;UHE 14 de Julho - CAV SNHIR.xlsx;b8f0487a-df73-4f8d-8b22-bb49cf9f3683;https://metadados.snirh.gov.br/files/b8f0487a-df73-4f8d-8b22-bb49cf9f3683/14_de_Julho.zip
14 de Julho;105,59000000000128;105,52000000000129;5,8007730053343;83,93036316021299;UHE 14 de Julho - CAV SNHIR.xlsx;b8f0487a-df73-4f8d-8b22-bb49cf9f3683;https://metadados.snirh.gov.br/files/b8f0487a-df73-4f8d-8b22-bb49cf9f3683/14_de_Julho.zip
14 de Julho;105,60000000000129;105,5300000000013;5,8017718166018;83,988366413071;UHE 14 de Julho - CAV SNHIR.xlsx;b8f0487a-df73-4f8d-8b22-bb49cf9f3683;https://metadados.snirh.gov.br/files/b8f0487a-df73-4f8d-8b22-bb49cf9f3683/14_de_Julho.zip
14 de Julho;105,61000000000129;105,5400000000013;5,8027701264189;84,04637961501;UHE 14 de Julho - CAV SNHIR.xlsx;b8f0487a-df73-4f8d-8b22-bb49cf9f3683;https://metadados.snirh.gov.br/files/b8f0487a-df73-4f8d-8b22-bb49cf9f3683/14_de_Julho.zip
14 de Julho;105,6200000000013;105,5500000000013;5,8037679036416;84,10440826178301;UHE 14 de Julho - CAV SNHIR.xlsx;b8f0487a-df73-4f8d-8b22-bb49cf9f3683;https://metadados.snirh.gov.br/files/b8f0487a-df73-4f8d-8b22-bb49cf9f3683/14_de_Julho.zip
14 de Julho;105,6300000000013;105,56000000000131;5,8047651621728;84,16245072906;UHE 14 de Julho - CAV SNHIR.xlsx;b8f0487a-df73-4f8d-8b22-bb49cf9f3683;https://metadados.snirh.gov.br/files/b8f0487a-df73-4f8d-8b22-bb49cf9f3683/14_de_Julho.zip
14 de Julho;105,64000000000131;105,57000000000131;5,8057619052902005;84,22050514677801;UHE 14 de Julho - CAV SNHIR.xlsx;b8f0487a-df73-4f8d-8b22-bb49cf9f3683;https://metadados.snirh.gov.br/files/b8f0487a-df73-4f8d-8b22-bb49cf9f3683/14_de_Julho.zip
14 de Julho;105,65000000000131;105,58000000000132;5,806758108630601;84,278565967232;UHE 14 de Julho - CAV SNHIR.xlsx;b8f0487a-df73-4f8d-8b22-bb49cf9f3683;https://metadados.snirh.gov.br/files/b8f0487a-df73-4f8d-8b22-bb49cf9f3683/14_de_Julho.zip
14 de Julho;105,66000000000132;105,59000000000133;5,8077538137291995;84,33663673260101;UHE 14 de Julho - CAV SNHIR.xlsx;b8f0487a-df73-4f8d-8b22-bb49cf9f3683;https://metadados.snirh.gov.br/files/b8f0487a-df73-4f8d-8b22-bb49cf9f3683/14_de_Julho.zip
14 de Julho;105,67000000000132;105,60000000000133;5,8087490276518;84,394715219183;UHE 14 de Julho - CAV SNHIR.xlsx;b8f0487a-df73-4f8d-8b22-bb49cf9f3683;https://metadados.snirh.gov.br/files/b8f0487a-df73-4f8d-8b22-bb49cf9f3683/14_de_Julho.zip
14 de Julho;105,68000000000133;105,61000000000134;5,809743703280399;84,452808823142;UHE 14 de Julho - CAV SNHIR.xlsx;b8f0487a-df73-4f8d-8b22-bb49cf9f3683;https://metadados.snirh.gov.br/files/b8f0487a-df73-4f8d-8b22-bb49cf9f3683/14_de_Julho.zip
14 de Julho;105,69000000000133;105,62000000000134;5,8107378666989;84,510910963607;UHE 14 de Julho - CAV SNHIR.xlsx;b8f0487a-df73-4f8d-8b22-bb49cf9f3683;https://metadados.snirh.gov.br/files/b8f0487a-df73-4f8d-8b22-bb49cf9f3683/14_de_Julho.zip
14 de Julho;105,70000000000134;105,63000000000135;5,8117315257369;84,569016282665;UHE 14 de Julho - CAV SNHIR.xlsx;b8f0487a-df73-4f8d-8b22-bb49cf9f3683;https://metadados.snirh.gov.br/files/b8f0487a-df73-4f8d-8b22-bb49cf9f3683/14_de_Julho.zip
14 de Julho;105,71000000000134;105,64000000000135;5,8127247183107;84,62713686375301;UHE 14 de Julho - CAV SNHIR.xlsx;b8f0487a-df73-4f8d-8b22-bb49cf9f3683;https://metadados.snirh.gov.br/files/b8f0487a-df73-4f8d-8b22-bb49cf9f3683/14_de_Julho.zip
14 de Julho;105,72000000000135;105,65000000000136;5,8137174384953;84,685269868059;UHE 14 de Julho - CAV SNHIR.xlsx;b8f0487a-df73-4f8d-8b22-bb49cf9f3683;https://metadados.snirh.gov.br/files/b8f0487a-df73-4f8d-8b22-bb49cf9f3683/14_de_Julho.zip
14 de Julho;105,73000000000135;105,66000000000136;5,8147096823957005;84,74341224563199;UHE 14 de Julho - CAV SNHIR.xlsx;b8f0487a-df73-4f8d-8b22-bb49cf9f3683;https://metadados.snirh.gov.br/files/b8f0487a-df73-4f8d-8b22-bb49cf9f3683/14_de_Julho.zip
14 de Julho;105,74000000000136;105,67000000000137;5,815701462691299;84,80155503309099;UHE 14 de Julho - CAV SNHIR.xlsx;b8f0487a-df73-4f8d-8b22-bb49cf9f3683;https://metadados.snirh.gov.br/files/b8f0487a-df73-4f8d-8b22-bb49cf9f3683/14_de_Julho.zip
14 de Julho;105,75000000000136;105,68000000000137;5,8166928152253;84,85971630199;UHE 14 de Julho - CAV SNHIR.xlsx;b8f0487a-df73-4f8d-8b22-bb49cf9f3683;https://metadados.snirh.gov.br/files/b8f0487a-df73-4f8d-8b22-bb49cf9f3683/14_de_Julho.zip
14 de Julho;105,76000000000137;105,69000000000138;5,8176837315816;84,917888276135;UHE 14 de Julho - CAV SNHIR.xlsx;b8f0487a-df73-4f8d-8b22-bb49cf9f3683;https://metadados.snirh.gov.br/files/b8f0487a-df73-4f8d-8b22-bb49cf9f3683/14_de_Julho.zip
14 de Julho;105,77000000000137;105,70000000000138;5,8186741623593;84,97607041534;UHE 14 de Julho - CAV SNHIR.xlsx;b8f0487a-df73-4f8d-8b22-bb49cf9f3683;https://metadados.snirh.gov.br/files/b8f0487a-df73-4f8d-8b22-bb49cf9f3683/14_de_Julho.zip
14 de Julho;105,78000000000138;105,71000000000139;5,8196641172282;85,03426188520899;UHE 14 de Julho - CAV SNHIR.xlsx;b8f0487a-df73-4f8d-8b22-bb49cf9f3683;https://metadados.snirh.gov.br/files/b8f0487a-df73-4f8d-8b22-bb49cf9f3683/14_de_Julho.zip
14 de Julho;105,79000000000138;105,72000000000139;5,8206536522688;85,092462772056;UHE 14 de Julho - CAV SNHIR.xlsx;b8f0487a-df73-4f8d-8b22-bb49cf9f3683;https://metadados.snirh.gov.br/files/b8f0487a-df73-4f8d-8b22-bb49cf9f3683/14_de_Julho.zip
14 de Julho;105,80000000000139;105,7300000000014;5,821642758652;85,150676741724;UHE 14 de Julho - CAV SNHIR.xlsx;b8f0487a-df73-4f8d-8b22-bb49cf9f3683;https://metadados.snirh.gov.br/files/b8f0487a-df73-4f8d-8b22-bb49cf9f3683/14_de_Julho.zip
14 de Julho;105,8100000000014;105,7400000000014;5,8226314443881;85,208900665441;UHE 14 de Julho - CAV SNHIR.xlsx;b8f0487a-df73-4f8d-8b22-bb49cf9f3683;https://metadados.snirh.gov.br/files/b8f0487a-df73-4f8d-8b22-bb49cf9f3683/14_de_Julho.zip
14 de Julho;105,8200000000014;105,7500000000014;5,8236197101469;85,267131435935;UHE 14 de Julho - CAV SNHIR.xlsx;b8f0487a-df73-4f8d-8b22-bb49cf9f3683;https://metadados.snirh.gov.br/files/b8f0487a-df73-4f8d-8b22-bb49cf9f3683/14_de_Julho.zip
14 de Julho;105,8300000000014;105,76000000000141;5,82460758416;85,325372689996;UHE 14 de Julho - CAV SNHIR.xlsx;b8f0487a-df73-4f8d-8b22-bb49cf9f3683;https://metadados.snirh.gov.br/files/b8f0487a-df73-4f8d-8b22-bb49cf9f3683/14_de_Julho.zip
14 de Julho;105,84000000000141;105,77000000000142;5,825595060113;85,383618684338;UHE 14 de Julho - CAV SNHIR.xlsx;b8f0487a-df73-4f8d-8b22-bb49cf9f3683;https://metadados.snirh.gov.br/files/b8f0487a-df73-4f8d-8b22-bb49cf9f3683/14_de_Julho.zip
14 de Julho;105,85000000000142;105,78000000000142;5,8265821995994;85,44187438159;UHE 14 de Julho - CAV SNHIR.xlsx;b8f0487a-df73-4f8d-8b22-bb49cf9f3683;https://metadados.snirh.gov.br/files/b8f0487a-df73-4f8d-8b22-bb49cf9f3683/14_de_Julho.zip
14 de Julho;105,86000000000142;105,79000000000143;5,827568994565101;85,500140993497;UHE 14 de Julho - CAV SNHIR.xlsx;b8f0487a-df73-4f8d-8b22-bb49cf9f3683;https://metadados.snirh.gov.br/files/b8f0487a-df73-4f8d-8b22-bb49cf9f3683/14_de_Julho.zip
14 de Julho;105,87000000000143;105,80000000000143;5,8285554599195;85,558425310301;UHE 14 de Julho - CAV SNHIR.xlsx;b8f0487a-df73-4f8d-8b22-bb49cf9f3683;https://metadados.snirh.gov.br/files/b8f0487a-df73-4f8d-8b22-bb49cf9f3683/14_de_Julho.zip
14 de Julho;105,88000000000143;105,81000000000144;5,82954156472;85,61671049322;UHE 14 de Julho - CAV SNHIR.xlsx;b8f0487a-df73-4f8d-8b22-bb49cf9f3683;https://metadados.snirh.gov.br/files/b8f0487a-df73-4f8d-8b22-bb49cf9f3683/14_de_Julho.zip
14 de Julho;105,89000000000144;105,82000000000144;5,8305274011832005;85,67500888692699;UHE 14 de Julho - CAV SNHIR.xlsx;b8f0487a-df73-4f8d-8b22-bb49cf9f3683;https://metadados.snirh.gov.br/files/b8f0487a-df73-4f8d-8b22-bb49cf9f3683/14_de_Julho.zip
14 de Julho;105,90000000000144;105,83000000000145;5,8315134598899;85,733314858224;UHE 14 de Julho - CAV SNHIR.xlsx;b8f0487a-df73-4f8d-8b22-bb49cf9f3683;https://metadados.snirh.gov.br/files/b8f0487a-df73-4f8d-8b22-bb49cf9f3683/14_de_Julho.zip
14 de Julho;105,91000000000145;105,84000000000145;5,8325004961258;85,791629910381;UHE 14 de Julho - CAV SNHIR.xlsx;b8f0487a-df73-4f8d-8b22-bb49cf9f3683;https://metadados.snirh.gov.br/files/b8f0487a-df73-4f8d-8b22-bb49cf9f3683/14_de_Julho.zip
14 de Julho;105,92000000000145;105,85000000000146;5,833487236635;85,8499586519;UHE 14 de Julho - CAV SNHIR.xlsx;b8f0487a-df73-4f8d-8b22-bb49cf9f3683;https://metadados.snirh.gov.br/files/b8f0487a-df73-4f8d-8b22-bb49cf9f3683/14_de_Julho.zip
14 de Julho;105,93000000000146;105,86000000000146;5,8344734010279;85,908289727566;UHE 14 de Julho - CAV SNHIR.xlsx;b8f0487a-df73-4f8d-8b22-bb49cf9f3683;https://metadados.snirh.gov.br/files/b8f0487a-df73-4f8d-8b22-bb49cf9f3683/14_de_Julho.zip
14 de Julho;105,94000000000146;105,87000000000147;5,8354593139944;85,966640923613;UHE 14 de Julho - CAV SNHIR.xlsx;b8f0487a-df73-4f8d-8b22-bb49cf9f3683;https://metadados.snirh.gov.br/files/b8f0487a-df73-4f8d-8b22-bb49cf9f3683/14_de_Julho.zip
14 de Julho;105,95000000000147;105,88000000000147;5,8364455487775;86,025005622862;UHE 14 de Julho - CAV SNHIR.xlsx;b8f0487a-df73-4f8d-8b22-bb49cf9f3683;https://metadados.snirh.gov.br/files/b8f0487a-df73-4f8d-8b22-bb49cf9f3683/14_de_Julho.zip
14 de Julho;105,96000000000147;105,89000000000148;5,837431515240199;86,08337506056701;UHE 14 de Julho - CAV SNHIR.xlsx;b8f0487a-df73-4f8d-8b22-bb49cf9f3683;https://metadados.snirh.gov.br/files/b8f0487a-df73-4f8d-8b22-bb49cf9f3683/14_de_Julho.zip
14 de Julho;105,97000000000148;105,90000000000148;5,8384172078187;86,141759424323;UHE 14 de Julho - CAV SNHIR.xlsx;b8f0487a-df73-4f8d-8b22-bb49cf9f3683;https://metadados.snirh.gov.br/files/b8f0487a-df73-4f8d-8b22-bb49cf9f3683/14_de_Julho.zip
14 de Julho;105,98000000000148;105,91000000000149;5,8394035166456995;86,20014909221;UHE 14 de Julho - CAV SNHIR.xlsx;b8f0487a-df73-4f8d-8b22-bb49cf9f3683;https://metadados.snirh.gov.br/files/b8f0487a-df73-4f8d-8b22-bb49cf9f3683/14_de_Julho.zip
14 de Julho;105,99000000000149;105,9200000000015;5,840389895951399;86,258549035319;UHE 14 de Julho - CAV SNHIR.xlsx;b8f0487a-df73-4f8d-8b22-bb49cf9f3683;https://metadados.snirh.gov.br/files/b8f0487a-df73-4f8d-8b22-bb49cf9f3683/14_de_Julho.zip
14 de Julho;106,00000000000149;105,9300000000015;5,8413758233829;86,316961318859;UHE 14 de Julho - CAV SNHIR.xlsx;b8f0487a-df73-4f8d-8b22-bb49cf9f3683;https://metadados.snirh.gov.br/files/b8f0487a-df73-4f8d-8b22-bb49cf9f3683/14_de_Julho.zip
14 de Julho;106,0100000000015;105,9400000000015;5,842360756368399;86,37537959252;UHE 14 de Julho - CAV SNHIR.xlsx;b8f0487a-df73-4f8d-8b22-bb49cf9f3683;https://metadados.snirh.gov.br/files/b8f0487a-df73-4f8d-8b22-bb49cf9f3683/14_de_Julho.zip
14 de Julho;106,0200000000015;105,95000000000151;5,8433451124928;86,433811376794;UHE 14 de Julho - CAV SNHIR.xlsx;b8f0487a-df73-4f8d-8b22-bb49cf9f3683;https://metadados.snirh.gov.br/files/b8f0487a-df73-4f8d-8b22-bb49cf9f3683/14_de_Julho.zip
14 de Julho;106,03000000000151;105,96000000000151;5,844329081298699;86,49224978939401;UHE 14 de Julho - CAV SNHIR.xlsx;b8f0487a-df73-4f8d-8b22-bb49cf9f3683;https://metadados.snirh.gov.br/files/b8f0487a-df73-4f8d-8b22-bb49cf9f3683/14_de_Julho.zip
14 de Julho;106,04000000000151;105,97000000000152;5,8453126935732005;86,550696829964;UHE 14 de Julho - CAV SNHIR.xlsx;b8f0487a-df73-4f8d-8b22-bb49cf9f3683;https://metadados.snirh.gov.br/files/b8f0487a-df73-4f8d-8b22-bb49cf9f3683/14_de_Julho.zip
14 de Julho;106,05000000000152;105,98000000000152;5,8462960426252994;86,609155510278;UHE 14 de Julho - CAV SNHIR.xlsx;b8f0487a-df73-4f8d-8b22-bb49cf9f3683;https://metadados.snirh.gov.br/files/b8f0487a-df73-4f8d-8b22-bb49cf9f3683/14_de_Julho.zip
14 de Julho;106,06000000000152;105,99000000000153;5,8472790879452;86,667627248983;UHE 14 de Julho - CAV SNHIR.xlsx;b8f0487a-df73-4f8d-8b22-bb49cf9f3683;https://metadados.snirh.gov.br/files/b8f0487a-df73-4f8d-8b22-bb49cf9f3683/14_de_Julho.zip
14 de Julho;106,07000000000153;106,00000000000153;5,8482619011618;86,72610773320099;UHE 14 de Julho - CAV SNHIR.xlsx;b8f0487a-df73-4f8d-8b22-bb49cf9f3683;https://metadados.snirh.gov.br/files/b8f0487a-df73-4f8d-8b22-bb49cf9f3683/14_de_Julho.zip
14 de Julho;106,08000000000153;106,01000000000154;5,8492444897697;86,78459417082401;UHE 14 de Julho - CAV SNHIR.xlsx;b8f0487a-df73-4f8d-8b22-bb49cf9f3683;https://metadados.snirh.gov.br/files/b8f0487a-df73-4f8d-8b22-bb49cf9f3683/14_de_Julho.zip
14 de Julho;106,09000000000154;106,02000000000155;5,8502268033084;86,843085195209;UHE 14 de Julho - CAV SNHIR.xlsx;b8f0487a-df73-4f8d-8b22-bb49cf9f3683;https://metadados.snirh.gov.br/files/b8f0487a-df73-4f8d-8b22-bb49cf9f3683/14_de_Julho.zip
14 de Julho;106,10000000000154;106,03000000000155;5,8512089489301;86,90158816126899;UHE 14 de Julho - CAV SNHIR.xlsx;b8f0487a-df73-4f8d-8b22-bb49cf9f3683;https://metadados.snirh.gov.br/files/b8f0487a-df73-4f8d-8b22-bb49cf9f3683/14_de_Julho.zip
14 de Julho;106,11000000000155;106,04000000000156;5,8521908639558005;86,960100040032;UHE 14 de Julho - CAV SNHIR.xlsx;b8f0487a-df73-4f8d-8b22-bb49cf9f3683;https://metadados.snirh.gov.br/files/b8f0487a-df73-4f8d-8b22-bb49cf9f3683/14_de_Julho.zip
14 de Julho;106,12000000000155;106,05000000000156;5,853172674917699;87,018626336743;UHE 14 de Julho - CAV SNHIR.xlsx;b8f0487a-df73-4f8d-8b22-bb49cf9f3683;https://metadados.snirh.gov.br/files/b8f0487a-df73-4f8d-8b22-bb49cf9f3683/14_de_Julho.zip
14 de Julho;106,13000000000156;106,06000000000157;5,854154399236;87,077161515736;UHE 14 de Julho - CAV SNHIR.xlsx;b8f0487a-df73-4f8d-8b22-bb49cf9f3683;https://metadados.snirh.gov.br/files/b8f0487a-df73-4f8d-8b22-bb49cf9f3683/14_de_Julho.zip
14 de Julho;106,14000000000156;106,07000000000157;5,8551361635201;87,135704543926;UHE 14 de Julho - CAV SNHIR.xlsx;b8f0487a-df73-4f8d-8b22-bb49cf9f3683;https://metadados.snirh.gov.br/files/b8f0487a-df73-4f8d-8b22-bb49cf9f3683/14_de_Julho.zip
14 de Julho;106,15000000000157;106,08000000000158;5,856117836281101;87,194261108862;UHE 14 de Julho - CAV SNHIR.xlsx;b8f0487a-df73-4f8d-8b22-bb49cf9f3683;https://metadados.snirh.gov.br/files/b8f0487a-df73-4f8d-8b22-bb49cf9f3683/14_de_Julho.zip
14 de Julho;106,16000000000157;106,09000000000158;5,8570995197284;87,252827254647;UHE 14 de Julho - CAV SNHIR.xlsx;b8f0487a-df73-4f8d-8b22-bb49cf9f3683;https://metadados.snirh.gov.br/files/b8f0487a-df73-4f8d-8b22-bb49cf9f3683/14_de_Julho.zip
14 de Julho;106,17000000000158;106,10000000000159;5,858081054756;87,311397572228;UHE 14 de Julho - CAV SNHIR.xlsx;b8f0487a-df73-4f8d-8b22-bb49cf9f3683;https://metadados.snirh.gov.br/files/b8f0487a-df73-4f8d-8b22-bb49cf9f3683/14_de_Julho.zip
14 de Julho;106,18000000000158;106,11000000000159;5,8590624919561;87,369984802856;UHE 14 de Julho - CAV SNHIR.xlsx;b8f0487a-df73-4f8d-8b22-bb49cf9f3683;https://metadados.snirh.gov.br/files/b8f0487a-df73-4f8d-8b22-bb49cf9f3683/14_de_Julho.zip
14 de Julho;106,19000000000159;106,1200000000016;5,8600438076681005;87,42857860693599;UHE 14 de Julho - CAV SNHIR.xlsx;b8f0487a-df73-4f8d-8b22-bb49cf9f3683;https://metadados.snirh.gov.br/files/b8f0487a-df73-4f8d-8b22-bb49cf9f3683/14_de_Julho.zip
14 de Julho;106,2000000000016;106,1300000000016;5,8610249324186;87,48717617370801;UHE 14 de Julho - CAV SNHIR.xlsx;b8f0487a-df73-4f8d-8b22-bb49cf9f3683;https://metadados.snirh.gov.br/files/b8f0487a-df73-4f8d-8b22-bb49cf9f3683/14_de_Julho.zip
14 de Julho;106,2100000000016;106,1400000000016;5,8620059835045;87,54578867950401;UHE 14 de Julho - CAV SNHIR.xlsx;b8f0487a-df73-4f8d-8b22-bb49cf9f3683;https://metadados.snirh.gov.br/files/b8f0487a-df73-4f8d-8b22-bb49cf9f3683/14_de_Julho.zip
14 de Julho;106,2200000000016;106,15000000000161;5,8629869996092;87,604416195042;UHE 14 de Julho - CAV SNHIR.xlsx;b8f0487a-df73-4f8d-8b22-bb49cf9f3683;https://metadados.snirh.gov.br/files/b8f0487a-df73-4f8d-8b22-bb49cf9f3683/14_de_Julho.zip
14 de Julho;106,23000000000161;106,16000000000162;5,863967962433399;87,663048556005;UHE 14 de Julho - CAV SNHIR.xlsx;b8f0487a-df73-4f8d-8b22-bb49cf9f3683;https://metadados.snirh.gov.br/files/b8f0487a-df73-4f8d-8b22-bb49cf9f3683/14_de_Julho.zip
14 de Julho;106,24000000000161;106,17000000000162;5,864948780999399;87,721691030533;UHE 14 de Julho - CAV SNHIR.xlsx;b8f0487a-df73-4f8d-8b22-bb49cf9f3683;https://metadados.snirh.gov.br/files/b8f0487a-df73-4f8d-8b22-bb49cf9f3683/14_de_Julho.zip
14 de Julho;106,25000000000162;106,18000000000163;5,865929534293;87,780348872646;UHE 14 de Julho - CAV SNHIR.xlsx;b8f0487a-df73-4f8d-8b22-bb49cf9f3683;https://metadados.snirh.gov.br/files/b8f0487a-df73-4f8d-8b22-bb49cf9f3683/14_de_Julho.zip
14 de Julho;106,26000000000163;106,19000000000163;5,866910192462201;87,839014758501;UHE 14 de Julho - CAV SNHIR.xlsx;b8f0487a-df73-4f8d-8b22-bb49cf9f3683;https://metadados.snirh.gov.br/files/b8f0487a-df73-4f8d-8b22-bb49cf9f3683/14_de_Julho.zip
14 de Julho;106,27000000000163;106,20000000000164;5,8678907163507;87,897686447963;UHE 14 de Julho - CAV SNHIR.xlsx;b8f0487a-df73-4f8d-8b22-bb49cf9f3683;https://metadados.snirh.gov.br/files/b8f0487a-df73-4f8d-8b22-bb49cf9f3683/14_de_Julho.zip
14 de Julho;106,28000000000164;106,21000000000164;5,8688711440009;87,95636789874101;UHE 14 de Julho - CAV SNHIR.xlsx;b8f0487a-df73-4f8d-8b22-bb49cf9f3683;https://metadados.snirh.gov.br/files/b8f0487a-df73-4f8d-8b22-bb49cf9f3683/14_de_Julho.zip
14 de Julho;106,29000000000164;106,22000000000165;5,8698514124093;88,015057724142;UHE 14 de Julho - CAV SNHIR.xlsx;b8f0487a-df73-4f8d-8b22-bb49cf9f3683;https://metadados.snirh.gov.br/files/b8f0487a-df73-4f8d-8b22-bb49cf9f3683/14_de_Julho.zip
14 de Julho;106,30000000000165;106,23000000000165;5,870831404207999;88,073753434326;UHE 14 de Julho - CAV SNHIR.xlsx;b8f0487a-df73-4f8d-8b22-bb49cf9f3683;https://metadados.snirh.gov.br/files/b8f0487a-df73-4f8d-8b22-bb49cf9f3683/14_de_Julho.zip
14 de Julho;106,31000000000165;106,24000000000166;5,8718110559591;88,132467400526;UHE 14 de Julho - CAV SNHIR.xlsx;b8f0487a-df73-4f8d-8b22-bb49cf9f3683;https://metadados.snirh.gov.br/files/b8f0487a-df73-4f8d-8b22-bb49cf9f3683/14_de_Julho.zip
14 de Julho;106,32000000000166;106,25000000000166;5,872790416374101;88,191186834347;UHE 14 de Julho - CAV SNHIR.xlsx;b8f0487a-df73-4f8d-8b22-bb49cf9f3683;https://metadados.snirh.gov.br/files/b8f0487a-df73-4f8d-8b22-bb49cf9f3683/14_de_Julho.zip
14 de Julho;106,33000000000166;106,26000000000167;5,8737695118534;88,249920660802;UHE 14 de Julho - CAV SNHIR.xlsx;b8f0487a-df73-4f8d-8b22-bb49cf9f3683;https://metadados.snirh.gov.br/files/b8f0487a-df73-4f8d-8b22-bb49cf9f3683/14_de_Julho.zip
14 de Julho;106,34000000000167;106,27000000000167;5,8747483218449;88,308660353947;UHE 14 de Julho - CAV SNHIR.xlsx;b8f0487a-df73-4f8d-8b22-bb49cf9f3683;https://metadados.snirh.gov.br/files/b8f0487a-df73-4f8d-8b22-bb49cf9f3683/14_de_Julho.zip
14 de Julho;106,35000000000167;106,28000000000168;5,8757268532701;88,367404613055;UHE 14 de Julho - CAV SNHIR.xlsx;b8f0487a-df73-4f8d-8b22-bb49cf9f3683;https://metadados.snirh.gov.br/files/b8f0487a-df73-4f8d-8b22-bb49cf9f3683/14_de_Julho.zip
14 de Julho;106,36000000000168;106,29000000000168;5,8767051418757;88,426168149347;UHE 14 de Julho - CAV SNHIR.xlsx;b8f0487a-df73-4f8d-8b22-bb49cf9f3683;https://metadados.snirh.gov.br/files/b8f0487a-df73-4f8d-8b22-bb49cf9f3683/14_de_Julho.zip
14 de Julho;106,37000000000168;106,30000000000169;5,8776832089069995;88,484943582608;UHE 14 de Julho - CAV SNHIR.xlsx;b8f0487a-df73-4f8d-8b22-bb49cf9f3683;https://metadados.snirh.gov.br/files/b8f0487a-df73-4f8d-8b22-bb49cf9f3683/14_de_Julho.zip
14 de Julho;106,38000000000169;106,3100000000017;5,878661035342801;88,543732313847;UHE 14 de Julho - CAV SNHIR.xlsx;b8f0487a-df73-4f8d-8b22-bb49cf9f3683;https://metadados.snirh.gov.br/files/b8f0487a-df73-4f8d-8b22-bb49cf9f3683/14_de_Julho.zip
14 de Julho;106,39000000000169;106,3200000000017;5,8796385652859;88,60252537204701;UHE 14 de Julho - CAV SNHIR.xlsx;b8f0487a-df73-4f8d-8b22-bb49cf9f3683;https://metadados.snirh.gov.br/files/b8f0487a-df73-4f8d-8b22-bb49cf9f3683/14_de_Julho.zip
14 de Julho;106,4000000000017;106,3300000000017;5,8806157050567;88,66132802959201;UHE 14 de Julho - CAV SNHIR.xlsx;b8f0487a-df73-4f8d-8b22-bb49cf9f3683;https://metadados.snirh.gov.br/files/b8f0487a-df73-4f8d-8b22-bb49cf9f3683/14_de_Julho.zip
14 de Julho;106,4100000000017;106,34000000000171;5,8815927246748005;88,720140535266;UHE 14 de Julho - CAV SNHIR.xlsx;b8f0487a-df73-4f8d-8b22-bb49cf9f3683;https://metadados.snirh.gov.br/files/b8f0487a-df73-4f8d-8b22-bb49cf9f3683/14_de_Julho.zip
14 de Julho;106,4200000000017;106,35000000000171;5,8825696929468;88,778959965753;UHE 14 de Julho - CAV SNHIR.xlsx;b8f0487a-df73-4f8d-8b22-bb49cf9f3683;https://metadados.snirh.gov.br/files/b8f0487a-df73-4f8d-8b22-bb49cf9f3683/14_de_Julho.zip
14 de Julho;106,43000000000171;106,36000000000172;5,883546719181999;88,83779402326999;UHE 14 de Julho - CAV SNHIR.xlsx;b8f0487a-df73-4f8d-8b22-bb49cf9f3683;https://metadados.snirh.gov.br/files/b8f0487a-df73-4f8d-8b22-bb49cf9f3683/14_de_Julho.zip
14 de Julho;106,44000000000172;106,37000000000172;5,8845235695754;88,896637548142;UHE 14 de Julho - CAV SNHIR.xlsx;b8f0487a-df73-4f8d-8b22-bb49cf9f3683;https://metadados.snirh.gov.br/files/b8f0487a-df73-4f8d-8b22-bb49cf9f3683/14_de_Julho.zip
14 de Julho;106,45000000000172;106,38000000000173;5,8855033282839;88,955490491183;UHE 14 de Julho - CAV SNHIR.xlsx;b8f0487a-df73-4f8d-8b22-bb49cf9f3683;https://metadados.snirh.gov.br/files/b8f0487a-df73-4f8d-8b22-bb49cf9f3683/14_de_Julho.zip
14 de Julho;106,46000000000173;106,39000000000173;5,8864878632405;89,014342263643;UHE 14 de Julho - CAV SNHIR.xlsx;b8f0487a-df73-4f8d-8b22-bb49cf9f3683;https://metadados.snirh.gov.br/files/b8f0487a-df73-4f8d-8b22-bb49cf9f3683/14_de_Julho.zip
14 de Julho;106,47000000000173;106,40000000000174;5,8874726302450995;89,07320541301601;UHE 14 de Julho - CAV SNHIR.xlsx;b8f0487a-df73-4f8d-8b22-bb49cf9f3683;https://metadados.snirh.gov.br/files/b8f0487a-df73-4f8d-8b22-bb49cf9f3683/14_de_Julho.zip
14 de Julho;106,48000000000174;106,41000000000174;5,8884572330841;89,13208519492801;UHE 14 de Julho - CAV SNHIR.xlsx;b8f0487a-df73-4f8d-8b22-bb49cf9f3683;https://metadados.snirh.gov.br/files/b8f0487a-df73-4f8d-8b22-bb49cf9f3683/14_de_Julho.zip
14 de Julho;106,49000000000174;106,42000000000175;5,889442108152999;89,190971830811;UHE 14 de Julho - CAV SNHIR.xlsx;b8f0487a-df73-4f8d-8b22-bb49cf9f3683;https://metadados.snirh.gov.br/files/b8f0487a-df73-4f8d-8b22-bb49cf9f3683/14_de_Julho.zip
14 de Julho;106,50000000000175;106,43000000000175;5,8904274343339;89,249869169118;UHE 14 de Julho - CAV SNHIR.xlsx;b8f0487a-df73-4f8d-8b22-bb49cf9f3683;https://metadados.snirh.gov.br/files/b8f0487a-df73-4f8d-8b22-bb49cf9f3683/14_de_Julho.zip
14 de Julho;106,51000000000175;106,44000000000176;5,8914131065806;89,30877875312699;UHE 14 de Julho - CAV SNHIR.xlsx;b8f0487a-df73-4f8d-8b22-bb49cf9f3683;https://metadados.snirh.gov.br/files/b8f0487a-df73-4f8d-8b22-bb49cf9f3683/14_de_Julho.zip
14 de Julho;106,52000000000176;106,45000000000176;5,892399040927001;89,367697050982;UHE 14 de Julho - CAV SNHIR.xlsx;b8f0487a-df73-4f8d-8b22-bb49cf9f3683;https://metadados.snirh.gov.br/files/b8f0487a-df73-4f8d-8b22-bb49cf9f3683/14_de_Julho.zip
14 de Julho;106,53000000000176;106,46000000000177;5,8933852404573;89,426619574839;UHE 14 de Julho - CAV SNHIR.xlsx;b8f0487a-df73-4f8d-8b22-bb49cf9f3683;https://metadados.snirh.gov.br/files/b8f0487a-df73-4f8d-8b22-bb49cf9f3683/14_de_Julho.zip
14 de Julho;106,54000000000177;106,47000000000178;5,8943720708141;89,485555149646;UHE 14 de Julho - CAV SNHIR.xlsx;b8f0487a-df73-4f8d-8b22-bb49cf9f3683;https://metadados.snirh.gov.br/files/b8f0487a-df73-4f8d-8b22-bb49cf9f3683/14_de_Julho.zip
14 de Julho;106,55000000000177;106,48000000000178;5,8953597343102;89,544506737724;UHE 14 de Julho - CAV SNHIR.xlsx;b8f0487a-df73-4f8d-8b22-bb49cf9f3683;https://metadados.snirh.gov.br/files/b8f0487a-df73-4f8d-8b22-bb49cf9f3683/14_de_Julho.zip
14 de Julho;106,56000000000178;106,49000000000179;5,8963487383958;89,60346026260801;UHE 14 de Julho - CAV SNHIR.xlsx;b8f0487a-df73-4f8d-8b22-bb49cf9f3683;https://metadados.snirh.gov.br/files/b8f0487a-df73-4f8d-8b22-bb49cf9f3683/14_de_Julho.zip
14 de Julho;106,57000000000178;106,50000000000179;5,8973426361426;89,66242650776;UHE 14 de Julho - CAV SNHIR.xlsx;b8f0487a-df73-4f8d-8b22-bb49cf9f3683;https://metadados.snirh.gov.br/files/b8f0487a-df73-4f8d-8b22-bb49cf9f3683/14_de_Julho.zip
14 de Julho;106,58000000000179;106,5100000000018;5,8983328207107;89,721398774625;UHE 14 de Julho - CAV SNHIR.xlsx;b8f0487a-df73-4f8d-8b22-bb49cf9f3683;https://metadados.snirh.gov.br/files/b8f0487a-df73-4f8d-8b22-bb49cf9f3683/14_de_Julho.zip
14 de Julho;106,5900000000018;106,5200000000018;5,8993198414986;89,7803832946;UHE 14 de Julho - CAV SNHIR.xlsx;b8f0487a-df73-4f8d-8b22-bb49cf9f3683;https://metadados.snirh.gov.br/files/b8f0487a-df73-4f8d-8b22-bb49cf9f3683/14_de_Julho.zip
14 de Julho;106,6000000000018;106,5300000000018;5,9003050194692;89,839384906536;UHE 14 de Julho - CAV SNHIR.xlsx;b8f0487a-df73-4f8d-8b22-bb49cf9f3683;https://metadados.snirh.gov.br/files/b8f0487a-df73-4f8d-8b22-bb49cf9f3683/14_de_Julho.zip
14 de Julho;106,6100000000018;106,54000000000181;5,9012891666596;89,89839127117399;UHE 14 de Julho - CAV SNHIR.xlsx;b8f0487a-df73-4f8d-8b22-bb49cf9f3683;https://metadados.snirh.gov.br/files/b8f0487a-df73-4f8d-8b22-bb49cf9f3683/14_de_Julho.zip
14 de Julho;106,62000000000181;106,55000000000182;5,9022780864211;89,957403996308;UHE 14 de Julho - CAV SNHIR.xlsx;b8f0487a-df73-4f8d-8b22-bb49cf9f3683;https://metadados.snirh.gov.br/files/b8f0487a-df73-4f8d-8b22-bb49cf9f3683/14_de_Julho.zip
14 de Julho;106,63000000000181;106,56000000000182;5,9032684918809;90,0164258587;UHE 14 de Julho - CAV SNHIR.xlsx;b8f0487a-df73-4f8d-8b22-bb49cf9f3683;https://metadados.snirh.gov.br/files/b8f0487a-df73-4f8d-8b22-bb49cf9f3683/14_de_Julho.zip
14 de Julho;106,64000000000182;106,57000000000183;5,9042587023881;90,07546110606;UHE 14 de Julho - CAV SNHIR.xlsx;b8f0487a-df73-4f8d-8b22-bb49cf9f3683;https://metadados.snirh.gov.br/files/b8f0487a-df73-4f8d-8b22-bb49cf9f3683/14_de_Julho.zip
14 de Julho;106,65000000000182;106,58000000000183;5,9052498817021;90,134506894444;UHE 14 de Julho - CAV SNHIR.xlsx;b8f0487a-df73-4f8d-8b22-bb49cf9f3683;https://metadados.snirh.gov.br/files/b8f0487a-df73-4f8d-8b22-bb49cf9f3683/14_de_Julho.zip
14 de Julho;106,66000000000183;106,59000000000184;5,9062479484161;90,19356511226701;UHE 14 de Julho - CAV SNHIR.xlsx;b8f0487a-df73-4f8d-8b22-bb49cf9f3683;https://metadados.snirh.gov.br/files/b8f0487a-df73-4f8d-8b22-bb49cf9f3683/14_de_Julho.zip
14 de Julho;106,67000000000183;106,60000000000184;5,9072553588455;90,252631976441;UHE 14 de Julho - CAV SNHIR.xlsx;b8f0487a-df73-4f8d-8b22-bb49cf9f3683;https://metadados.snirh.gov.br/files/b8f0487a-df73-4f8d-8b22-bb49cf9f3683/14_de_Julho.zip
14 de Julho;106,68000000000184;106,61000000000185;5,9082581137165;90,311709198497;UHE 14 de Julho - CAV SNHIR.xlsx;b8f0487a-df73-4f8d-8b22-bb49cf9f3683;https://metadados.snirh.gov.br/files/b8f0487a-df73-4f8d-8b22-bb49cf9f3683/14_de_Julho.zip
14 de Julho;106,69000000000185;106,62000000000185;5,9092566367172;90,37079603091;UHE 14 de Julho - CAV SNHIR.xlsx;b8f0487a-df73-4f8d-8b22-bb49cf9f3683;https://metadados.snirh.gov.br/files/b8f0487a-df73-4f8d-8b22-bb49cf9f3683/14_de_Julho.zip
14 de Julho;106,70000000000185;106,63000000000186;5,9102534900062995;90,429883752382;UHE 14 de Julho - CAV SNHIR.xlsx;b8f0487a-df73-4f8d-8b22-bb49cf9f3683;https://metadados.snirh.gov.br/files/b8f0487a-df73-4f8d-8b22-bb49cf9f3683/14_de_Julho.zip
14 de Julho;106,71000000000186;106,64000000000186;5,9112482498544;90,488984618689;UHE 14 de Julho - CAV SNHIR.xlsx;b8f0487a-df73-4f8d-8b22-bb49cf9f3683;https://metadados.snirh.gov.br/files/b8f0487a-df73-4f8d-8b22-bb49cf9f3683/14_de_Julho.zip
14 de Julho;106,72000000000186;106,65000000000187;5,9122419629723;90,54810020691;UHE 14 de Julho - CAV SNHIR.xlsx;b8f0487a-df73-4f8d-8b22-bb49cf9f3683;https://metadados.snirh.gov.br/files/b8f0487a-df73-4f8d-8b22-bb49cf9f3683/14_de_Julho.zip
14 de Julho;106,73000000000187;106,66000000000187;5,9132375817412;90,60723016809499;UHE 14 de Julho - CAV SNHIR.xlsx;b8f0487a-df73-4f8d-8b22-bb49cf9f3683;https://metadados.snirh.gov.br/files/b8f0487a-df73-4f8d-8b22-bb49cf9f3683/14_de_Julho.zip
14 de Julho;106,74000000000187;106,67000000000188;5,914234958232;90,666372386776;UHE 14 de Julho - CAV SNHIR.xlsx;b8f0487a-df73-4f8d-8b22-bb49cf9f3683;https://metadados.snirh.gov.br/files/b8f0487a-df73-4f8d-8b22-bb49cf9f3683/14_de_Julho.zip
14 de Julho;106,75000000000188;106,68000000000188;5,9152314216836;90,725524446065;UHE 14 de Julho - CAV SNHIR.xlsx;b8f0487a-df73-4f8d-8b22-bb49cf9f3683;https://metadados.snirh.gov.br/files/b8f0487a-df73-4f8d-8b22-bb49cf9f3683/14_de_Julho.zip
14 de Julho;106,76000000000188;106,69000000000189;5,9162275303528995;90,784689060169;UHE 14 de Julho - CAV SNHIR.xlsx;b8f0487a-df73-4f8d-8b22-bb49cf9f3683;https://metadados.snirh.gov.br/files/b8f0487a-df73-4f8d-8b22-bb49cf9f3683/14_de_Julho.zip
14 de Julho;106,77000000000189;106,70000000000189;5,917222931042;90,84385774805399;UHE 14 de Julho - CAV SNHIR.xlsx;b8f0487a-df73-4f8d-8b22-bb49cf9f3683;https://metadados.snirh.gov.br/files/b8f0487a-df73-4f8d-8b22-bb49cf9f3683/14_de_Julho.zip
14 de Julho;106,78000000000189;106,7100000000019;5,9182180609131;90,903034078245;UHE 14 de Julho - CAV SNHIR.xlsx;b8f0487a-df73-4f8d-8b22-bb49cf9f3683;https://metadados.snirh.gov.br/files/b8f0487a-df73-4f8d-8b22-bb49cf9f3683/14_de_Julho.zip
14 de Julho;106,7900000000019;106,7200000000019;5,919212951111501;90,96221883209901;UHE 14 de Julho - CAV SNHIR.xlsx;b8f0487a-df73-4f8d-8b22-bb49cf9f3683;https://metadados.snirh.gov.br/files/b8f0487a-df73-4f8d-8b22-bb49cf9f3683/14_de_Julho.zip
14 de Julho;106,8000000000019;106,73000000000191;5,920207867679;91,021414192048;UHE 14 de Julho - CAV SNHIR.xlsx;b8f0487a-df73-4f8d-8b22-bb49cf9f3683;https://metadados.snirh.gov.br/files/b8f0487a-df73-4f8d-8b22-bb49cf9f3683/14_de_Julho.zip
14 de Julho;106,8100000000019;106,74000000000191;5,9212035556696;91,080626354504;UHE 14 de Julho - CAV SNHIR.xlsx;b8f0487a-df73-4f8d-8b22-bb49cf9f3683;https://metadados.snirh.gov.br/files/b8f0487a-df73-4f8d-8b22-bb49cf9f3683/14_de_Julho.zip
14 de Julho;106,82000000000191;106,75000000000192;5,9222012739702;91,139841602532;UHE 14 de Julho - CAV SNHIR.xlsx;b8f0487a-df73-4f8d-8b22-bb49cf9f3683;https://metadados.snirh.gov.br/files/b8f0487a-df73-4f8d-8b22-bb49cf9f3683/14_de_Julho.zip
14 de Julho;106,83000000000192;106,76000000000192;5,9231957573586005;91,199068602231;UHE 14 de Julho - CAV SNHIR.xlsx;b8f0487a-df73-4f8d-8b22-bb49cf9f3683;https://metadados.snirh.gov.br/files/b8f0487a-df73-4f8d-8b22-bb49cf9f3683/14_de_Julho.zip
14 de Julho;106,84000000000192;106,77000000000193;5,9241888867779;91,25830004172701;UHE 14 de Julho - CAV SNHIR.xlsx;b8f0487a-df73-4f8d-8b22-bb49cf9f3683;https://metadados.snirh.gov.br/files/b8f0487a-df73-4f8d-8b22-bb49cf9f3683/14_de_Julho.zip
14 de Julho;106,85000000000193;106,78000000000193;5,925179962542201;91,31754895963199;UHE 14 de Julho - CAV SNHIR.xlsx;b8f0487a-df73-4f8d-8b22-bb49cf9f3683;https://metadados.snirh.gov.br/files/b8f0487a-df73-4f8d-8b22-bb49cf9f3683/14_de_Julho.zip
14 de Julho;106,86000000000193;106,79000000000194;5,9261700374851;91,376805967674;UHE 14 de Julho - CAV SNHIR.xlsx;b8f0487a-df73-4f8d-8b22-bb49cf9f3683;https://metadados.snirh.gov.br/files/b8f0487a-df73-4f8d-8b22-bb49cf9f3683/14_de_Julho.zip
14 de Julho;106,87000000000194;106,80000000000194;5,9271595638993;91,436071013592;UHE 14 de Julho - CAV SNHIR.xlsx;b8f0487a-df73-4f8d-8b22-bb49cf9f3683;https://metadados.snirh.gov.br/files/b8f0487a-df73-4f8d-8b22-bb49cf9f3683/14_de_Julho.zip
14 de Julho;106,88000000000194;106,81000000000195;5,9281483907957995;91,49534329843999;UHE 14 de Julho - CAV SNHIR.xlsx;b8f0487a-df73-4f8d-8b22-bb49cf9f3683;https://metadados.snirh.gov.br/files/b8f0487a-df73-4f8d-8b22-bb49cf9f3683/14_de_Julho.zip
14 de Julho;106,89000000000195;106,82000000000195;5,9291366227359;91,55462791904;UHE 14 de Julho - CAV SNHIR.xlsx;b8f0487a-df73-4f8d-8b22-bb49cf9f3683;https://metadados.snirh.gov.br/files/b8f0487a-df73-4f8d-8b22-bb49cf9f3683/14_de_Julho.zip
14 de Julho;106,90000000000195;106,83000000000196;5,9301242531920995;91,613928831013;UHE 14 de Julho - CAV SNHIR.xlsx;b8f0487a-df73-4f8d-8b22-bb49cf9f3683;https://metadados.snirh.gov.br/files/b8f0487a-df73-4f8d-8b22-bb49cf9f3683/14_de_Julho.zip
14 de Julho;106,91000000000196;106,84000000000196;5,931111489058201;91,673231600045;UHE 14 de Julho - CAV SNHIR.xlsx;b8f0487a-df73-4f8d-8b22-bb49cf9f3683;https://metadados.snirh.gov.br/files/b8f0487a-df73-4f8d-8b22-bb49cf9f3683/14_de_Julho.zip
14 de Julho;106,92000000000196;106,85000000000197;5,9320983466744;91,73255521546801;UHE 14 de Julho - CAV SNHIR.xlsx;b8f0487a-df73-4f8d-8b22-bb49cf9f3683;https://metadados.snirh.gov.br/files/b8f0487a-df73-4f8d-8b22-bb49cf9f3683/14_de_Julho.zip
14 de Julho;106,93000000000197;106,86000000000197;5,9330847598629;91,791877783222;UHE 14 de Julho - CAV SNHIR.xlsx;b8f0487a-df73-4f8d-8b22-bb49cf9f3683;https://metadados.snirh.gov.br/files/b8f0487a-df73-4f8d-8b22-bb49cf9f3683/14_de_Julho.zip
14 de Julho;106,94000000000197;106,87000000000198;5,9340707000942;91,85121071332601;UHE 14 de Julho - CAV SNHIR.xlsx;b8f0487a-df73-4f8d-8b22-bb49cf9f3683;https://metadados.snirh.gov.br/files/b8f0487a-df73-4f8d-8b22-bb49cf9f3683/14_de_Julho.zip
14 de Julho;106,95000000000198;106,88000000000198;5,9350561987669;91,910556023034;UHE 14 de Julho - CAV SNHIR.xlsx;b8f0487a-df73-4f8d-8b22-bb49cf9f3683;https://metadados.snirh.gov.br/files/b8f0487a-df73-4f8d-8b22-bb49cf9f3683/14_de_Julho.zip
14 de Julho;106,96000000000198;106,89000000000199;5,9360412150888;91,969912673171;UHE 14 de Julho - CAV SNHIR.xlsx;b8f0487a-df73-4f8d-8b22-bb49cf9f3683;https://metadados.snirh.gov.br/files/b8f0487a-df73-4f8d-8b22-bb49cf9f3683/14_de_Julho.zip
14 de Julho;106,97000000000199;106,900000000002;5,9370257098959005;92,029280794801;UHE 14 de Julho - CAV SNHIR.xlsx;b8f0487a-df73-4f8d-8b22-bb49cf9f3683;https://metadados.snirh.gov.br/files/b8f0487a-df73-4f8d-8b22-bb49cf9f3683/14_de_Julho.zip
14 de Julho;106,980000000002;106,910000000002;5,938009863645499;92,08865317481;UHE 14 de Julho - CAV SNHIR.xlsx;b8f0487a-df73-4f8d-8b22-bb49cf9f3683;https://metadados.snirh.gov.br/files/b8f0487a-df73-4f8d-8b22-bb49cf9f3683/14_de_Julho.zip
14 de Julho;106,990000000002;106,920000000002;5,9389937708916;92,148043205622;UHE 14 de Julho - CAV SNHIR.xlsx;b8f0487a-df73-4f8d-8b22-bb49cf9f3683;https://metadados.snirh.gov.br/files/b8f0487a-df73-4f8d-8b22-bb49cf9f3683/14_de_Julho.zip
14 de Julho;107,000000000002;106,93000000000201;5,9399776044156;92,207442317708;UHE 14 de Julho - CAV SNHIR.xlsx;b8f0487a-df73-4f8d-8b22-bb49cf9f3683;https://metadados.snirh.gov.br/files/b8f0487a-df73-4f8d-8b22-bb49cf9f3683/14_de_Julho.zip
14 de Julho;107,01000000000201;106,94000000000202;5,9409614708695;92,26684745773301;UHE 14 de Julho - CAV SNHIR.xlsx;b8f0487a-df73-4f8d-8b22-bb49cf9f3683;https://metadados.snirh.gov.br/files/b8f0487a-df73-4f8d-8b22-bb49cf9f3683/14_de_Julho.zip
14 de Julho;107,02000000000201;106,95000000000202;5,9419450559903;92,326257465606;UHE 14 de Julho - CAV SNHIR.xlsx;b8f0487a-df73-4f8d-8b22-bb49cf9f3683;https://metadados.snirh.gov.br/files/b8f0487a-df73-4f8d-8b22-bb49cf9f3683/14_de_Julho.zip
14 de Julho;107,03000000000202;106,96000000000203;5,9429283323354;92,38568454905;UHE 14 de Julho - CAV SNHIR.xlsx;b8f0487a-df73-4f8d-8b22-bb49cf9f3683;https://metadados.snirh.gov.br/files/b8f0487a-df73-4f8d-8b22-bb49cf9f3683/14_de_Julho.zip
14 de Julho;107,04000000000202;106,97000000000203;5,943911256607599;92,445111559333;UHE 14 de Julho - CAV SNHIR.xlsx;b8f0487a-df73-4f8d-8b22-bb49cf9f3683;https://metadados.snirh.gov.br/files/b8f0487a-df73-4f8d-8b22-bb49cf9f3683/14_de_Julho.zip
14 de Julho;107,05000000000203;106,98000000000204;5,9448939456984995;92,504551809972;UHE 14 de Julho - CAV SNHIR.xlsx;b8f0487a-df73-4f8d-8b22-bb49cf9f3683;https://metadados.snirh.gov.br/files/b8f0487a-df73-4f8d-8b22-bb49cf9f3683/14_de_Julho.zip
14 de Julho;107,06000000000203;106,99000000000204;5,9458763759496;92,564004547817;UHE 14 de Julho - CAV SNHIR.xlsx;b8f0487a-df73-4f8d-8b22-bb49cf9f3683;https://metadados.snirh.gov.br/files/b8f0487a-df73-4f8d-8b22-bb49cf9f3683/14_de_Julho.zip
14 de Julho;107,07000000000204;107,00000000000205;5,9468587903861;92,62346990020201;UHE 14 de Julho - CAV SNHIR.xlsx;b8f0487a-df73-4f8d-8b22-bb49cf9f3683;https://metadados.snirh.gov.br/files/b8f0487a-df73-4f8d-8b22-bb49cf9f3683/14_de_Julho.zip
14 de Julho;107,08000000000204;107,01000000000205;5,9478414284966;92,682941025755;UHE 14 de Julho - CAV SNHIR.xlsx;b8f0487a-df73-4f8d-8b22-bb49cf9f3683;https://metadados.snirh.gov.br/files/b8f0487a-df73-4f8d-8b22-bb49cf9f3683/14_de_Julho.zip
14 de Julho;107,09000000000205;107,02000000000206;5,9488242997388;92,742423416678;UHE 14 de Julho - CAV SNHIR.xlsx;b8f0487a-df73-4f8d-8b22-bb49cf9f3683;https://metadados.snirh.gov.br/files/b8f0487a-df73-4f8d-8b22-bb49cf9f3683/14_de_Julho.zip
14 de Julho;107,10000000000205;107,03000000000206;5,9498070848501;92,80192101777101;UHE 14 de Julho - CAV SNHIR.xlsx;b8f0487a-df73-4f8d-8b22-bb49cf9f3683;https://metadados.snirh.gov.br/files/b8f0487a-df73-4f8d-8b22-bb49cf9f3683/14_de_Julho.zip
14 de Julho;107,11000000000206;107,04000000000207;5,9507897471278;92,861421855692;UHE 14 de Julho - CAV SNHIR.xlsx;b8f0487a-df73-4f8d-8b22-bb49cf9f3683;https://metadados.snirh.gov.br/files/b8f0487a-df73-4f8d-8b22-bb49cf9f3683/14_de_Julho.zip
14 de Julho;107,12000000000207;107,05000000000207;5,9517728855669;92,920938908234;UHE 14 de Julho - CAV SNHIR.xlsx;b8f0487a-df73-4f8d-8b22-bb49cf9f3683;https://metadados.snirh.gov.br/files/b8f0487a-df73-4f8d-8b22-bb49cf9f3683/14_de_Julho.zip
14 de Julho;107,13000000000207;107,06000000000208;5,952756790681599;92,980462755267;UHE 14 de Julho - CAV SNHIR.xlsx;b8f0487a-df73-4f8d-8b22-bb49cf9f3683;https://metadados.snirh.gov.br/files/b8f0487a-df73-4f8d-8b22-bb49cf9f3683/14_de_Julho.zip
14 de Julho;107,14000000000208;107,07000000000208;5,953741111625599;93,039994907845;UHE 14 de Julho - CAV SNHIR.xlsx;b8f0487a-df73-4f8d-8b22-bb49cf9f3683;https://metadados.snirh.gov.br/files/b8f0487a-df73-4f8d-8b22-bb49cf9f3683/14_de_Julho.zip
14 de Julho;107,15000000000208;107,08000000000209;5,9547248791145995;93,099535889772;UHE 14 de Julho - CAV SNHIR.xlsx;b8f0487a-df73-4f8d-8b22-bb49cf9f3683;https://metadados.snirh.gov.br/files/b8f0487a-df73-4f8d-8b22-bb49cf9f3683/14_de_Julho.zip
14 de Julho;107,16000000000209;107,09000000000209;5,9557084608993;93,159091768516;UHE 14 de Julho - CAV SNHIR.xlsx;b8f0487a-df73-4f8d-8b22-bb49cf9f3683;https://metadados.snirh.gov.br/files/b8f0487a-df73-4f8d-8b22-bb49cf9f3683/14_de_Julho.zip
14 de Julho;107,17000000000209;107,1000000000021;5,9566919427641;93,218649210908;UHE 14 de Julho - CAV SNHIR.xlsx;b8f0487a-df73-4f8d-8b22-bb49cf9f3683;https://metadados.snirh.gov.br/files/b8f0487a-df73-4f8d-8b22-bb49cf9f3683/14_de_Julho.zip
14 de Julho;107,1800000000021;107,1100000000021;5,9576747923244;93,278220698639;UHE 14 de Julho - CAV SNHIR.xlsx;b8f0487a-df73-4f8d-8b22-bb49cf9f3683;https://metadados.snirh.gov.br/files/b8f0487a-df73-4f8d-8b22-bb49cf9f3683/14_de_Julho.zip
14 de Julho;107,1900000000021;107,12000000000211;5,9586568563596005;93,33780451401199;UHE 14 de Julho - CAV SNHIR.xlsx;b8f0487a-df73-4f8d-8b22-bb49cf9f3683;https://metadados.snirh.gov.br/files/b8f0487a-df73-4f8d-8b22-bb49cf9f3683/14_de_Julho.zip
14 de Julho;107,2000000000021;107,13000000000211;5,959638534715601;93,397387427936;UHE 14 de Julho - CAV SNHIR.xlsx;b8f0487a-df73-4f8d-8b22-bb49cf9f3683;https://metadados.snirh.gov.br/files/b8f0487a-df73-4f8d-8b22-bb49cf9f3683/14_de_Julho.zip
14 de Julho;107,21000000000211;107,14000000000212;5,9606199239767;93,456987076858;UHE 14 de Julho - CAV SNHIR.xlsx;b8f0487a-df73-4f8d-8b22-bb49cf9f3683;https://metadados.snirh.gov.br/files/b8f0487a-df73-4f8d-8b22-bb49cf9f3683/14_de_Julho.zip
14 de Julho;107,22000000000212;107,15000000000212;5,961601100919401;93,51660127782901;UHE 14 de Julho - CAV SNHIR.xlsx;b8f0487a-df73-4f8d-8b22-bb49cf9f3683;https://metadados.snirh.gov.br/files/b8f0487a-df73-4f8d-8b22-bb49cf9f3683/14_de_Julho.zip
14 de Julho;107,23000000000212;107,16000000000213;5,9625818704239;93,576220166655;UHE 14 de Julho - CAV SNHIR.xlsx;b8f0487a-df73-4f8d-8b22-bb49cf9f3683;https://metadados.snirh.gov.br/files/b8f0487a-df73-4f8d-8b22-bb49cf9f3683/14_de_Julho.zip
14 de Julho;107,24000000000213;107,17000000000213;5,9635623424991;93,635850527456;UHE 14 de Julho - CAV SNHIR.xlsx;b8f0487a-df73-4f8d-8b22-bb49cf9f3683;https://metadados.snirh.gov.br/files/b8f0487a-df73-4f8d-8b22-bb49cf9f3683/14_de_Julho.zip
14 de Julho;107,25000000000213;107,18000000000214;5,9645426222845;93,695491134101;UHE 14 de Julho - CAV SNHIR.xlsx;b8f0487a-df73-4f8d-8b22-bb49cf9f3683;https://metadados.snirh.gov.br/files/b8f0487a-df73-4f8d-8b22-bb49cf9f3683/14_de_Julho.zip
14 de Julho;107,26000000000214;107,19000000000214;5,9655228670936005;93,755143610182;UHE 14 de Julho - CAV SNHIR.xlsx;b8f0487a-df73-4f8d-8b22-bb49cf9f3683;https://metadados.snirh.gov.br/files/b8f0487a-df73-4f8d-8b22-bb49cf9f3683/14_de_Julho.zip
14 de Julho;107,27000000000214;107,20000000000215;5,9665029499202;93,814803206013;UHE 14 de Julho - CAV SNHIR.xlsx;b8f0487a-df73-4f8d-8b22-bb49cf9f3683;https://metadados.snirh.gov.br/files/b8f0487a-df73-4f8d-8b22-bb49cf9f3683/14_de_Julho.zip
14 de Julho;107,28000000000215;107,21000000000215;5,9674828281793;93,874468694088;UHE 14 de Julho - CAV SNHIR.xlsx;b8f0487a-df73-4f8d-8b22-bb49cf9f3683;https://metadados.snirh.gov.br/files/b8f0487a-df73-4f8d-8b22-bb49cf9f3683/14_de_Julho.zip
14 de Julho;107,29000000000215;107,22000000000216;5,9684625486919005;93,934142929961;UHE 14 de Julho - CAV SNHIR.xlsx;b8f0487a-df73-4f8d-8b22-bb49cf9f3683;https://metadados.snirh.gov.br/files/b8f0487a-df73-4f8d-8b22-bb49cf9f3683/14_de_Julho.zip
14 de Julho;107,30000000000216;107,23000000000216;5,9694421449313;93,99383816877399;UHE 14 de Julho - CAV SNHIR.xlsx;b8f0487a-df73-4f8d-8b22-bb49cf9f3683;https://metadados.snirh.gov.br/files/b8f0487a-df73-4f8d-8b22-bb49cf9f3683/14_de_Julho.zip
14 de Julho;107,31000000000216;107,24000000000217;5,9704216588592;94,05354071249499;UHE 14 de Julho - CAV SNHIR.xlsx;b8f0487a-df73-4f8d-8b22-bb49cf9f3683;https://metadados.snirh.gov.br/files/b8f0487a-df73-4f8d-8b22-bb49cf9f3683/14_de_Julho.zip
14 de Julho;107,32000000000217;107,25000000000217;5,9714012281428;94,113247429862;UHE 14 de Julho - CAV SNHIR.xlsx;b8f0487a-df73-4f8d-8b22-bb49cf9f3683;https://metadados.snirh.gov.br/files/b8f0487a-df73-4f8d-8b22-bb49cf9f3683/14_de_Julho.zip
14 de Julho;107,33000000000217;107,26000000000218;5,972380963205301;94,17296404778001;UHE 14 de Julho - CAV SNHIR.xlsx;b8f0487a-df73-4f8d-8b22-bb49cf9f3683;https://metadados.snirh.gov.br/files/b8f0487a-df73-4f8d-8b22-bb49cf9f3683/14_de_Julho.zip
14 de Julho;107,34000000000218;107,27000000000218;5,973360734317;94,23269137857001;UHE 14 de Julho - CAV SNHIR.xlsx;b8f0487a-df73-4f8d-8b22-bb49cf9f3683;https://metadados.snirh.gov.br/files/b8f0487a-df73-4f8d-8b22-bb49cf9f3683/14_de_Julho.zip
14 de Julho;107,35000000000218;107,28000000000219;5,974340474892601;94,29242774938301;UHE 14 de Julho - CAV SNHIR.xlsx;b8f0487a-df73-4f8d-8b22-bb49cf9f3683;https://metadados.snirh.gov.br/files/b8f0487a-df73-4f8d-8b22-bb49cf9f3683/14_de_Julho.zip
14 de Julho;107,36000000000219;107,2900000000022;5,9753203804815005;94,352174141301;UHE 14 de Julho - CAV SNHIR.xlsx;b8f0487a-df73-4f8d-8b22-bb49cf9f3683;https://metadados.snirh.gov.br/files/b8f0487a-df73-4f8d-8b22-bb49cf9f3683/14_de_Julho.zip
14 de Julho;107,3700000000022;107,3000000000022;5,9763003828256;94,411928023312;UHE 14 de Julho - CAV SNHIR.xlsx;b8f0487a-df73-4f8d-8b22-bb49cf9f3683;https://metadados.snirh.gov.br/files/b8f0487a-df73-4f8d-8b22-bb49cf9f3683/14_de_Julho.zip
14 de Julho;107,3800000000022;107,3100000000022;5,9772806627139;94,471697581653;UHE 14 de Julho - CAV SNHIR.xlsx;b8f0487a-df73-4f8d-8b22-bb49cf9f3683;https://metadados.snirh.gov.br/files/b8f0487a-df73-4f8d-8b22-bb49cf9f3683/14_de_Julho.zip
14 de Julho;107,3900000000022;107,32000000000221;5,9782612446662;94,531473787119;UHE 14 de Julho - CAV SNHIR.xlsx;b8f0487a-df73-4f8d-8b22-bb49cf9f3683;https://metadados.snirh.gov.br/files/b8f0487a-df73-4f8d-8b22-bb49cf9f3683/14_de_Julho.zip
14 de Julho;107,40000000000221;107,33000000000222;5,9792419301853;94,591264533848;UHE 14 de Julho - CAV SNHIR.xlsx;b8f0487a-df73-4f8d-8b22-bb49cf9f3683;https://metadados.snirh.gov.br/files/b8f0487a-df73-4f8d-8b22-bb49cf9f3683/14_de_Julho.zip
14 de Julho;107,41000000000221;107,34000000000222;5,9802226859525005;94,65105598327399;UHE 14 de Julho - CAV SNHIR.xlsx;b8f0487a-df73-4f8d-8b22-bb49cf9f3683;https://metadados.snirh.gov.br/files/b8f0487a-df73-4f8d-8b22-bb49cf9f3683/14_de_Julho.zip
14 de Julho;107,42000000000222;107,35000000000223;5,9812036416078;94,71085808179501;UHE 14 de Julho - CAV SNHIR.xlsx;b8f0487a-df73-4f8d-8b22-bb49cf9f3683;https://metadados.snirh.gov.br/files/b8f0487a-df73-4f8d-8b22-bb49cf9f3683/14_de_Julho.zip
14 de Julho;107,43000000000222;107,36000000000223;5,9821850637617;94,770670910815;UHE 14 de Julho - CAV SNHIR.xlsx;b8f0487a-df73-4f8d-8b22-bb49cf9f3683;https://metadados.snirh.gov.br/files/b8f0487a-df73-4f8d-8b22-bb49cf9f3683/14_de_Julho.zip
14 de Julho;107,44000000000223;107,37000000000224;5,9831668179409;94,830499766624;UHE 14 de Julho - CAV SNHIR.xlsx;b8f0487a-df73-4f8d-8b22-bb49cf9f3683;https://metadados.snirh.gov.br/files/b8f0487a-df73-4f8d-8b22-bb49cf9f3683/14_de_Julho.zip
14 de Julho;107,45000000000223;107,38000000000224;5,9841487703425;94,89034271978501;UHE 14 de Julho - CAV SNHIR.xlsx;b8f0487a-df73-4f8d-8b22-bb49cf9f3683;https://metadados.snirh.gov.br/files/b8f0487a-df73-4f8d-8b22-bb49cf9f3683/14_de_Julho.zip
14 de Julho;107,46000000000224;107,39000000000225;5,9851310021152;94,950188118295;UHE 14 de Julho - CAV SNHIR.xlsx;b8f0487a-df73-4f8d-8b22-bb49cf9f3683;https://metadados.snirh.gov.br/files/b8f0487a-df73-4f8d-8b22-bb49cf9f3683/14_de_Julho.zip
14 de Julho;107,47000000000224;107,40000000000225;5,9861139157564;95,010039793557;UHE 14 de Julho - CAV SNHIR.xlsx;b8f0487a-df73-4f8d-8b22-bb49cf9f3683;https://metadados.snirh.gov.br/files/b8f0487a-df73-4f8d-8b22-bb49cf9f3683/14_de_Julho.zip
14 de Julho;107,48000000000225;107,41000000000226;5,9870974704735;95,069900439994;UHE 14 de Julho - CAV SNHIR.xlsx;b8f0487a-df73-4f8d-8b22-bb49cf9f3683;https://metadados.snirh.gov.br/files/b8f0487a-df73-4f8d-8b22-bb49cf9f3683/14_de_Julho.zip
14 de Julho;107,49000000000225;107,42000000000226;5,9880815471601005;95,129775177658;UHE 14 de Julho - CAV SNHIR.xlsx;b8f0487a-df73-4f8d-8b22-bb49cf9f3683;https://metadados.snirh.gov.br/files/b8f0487a-df73-4f8d-8b22-bb49cf9f3683/14_de_Julho.zip
14 de Julho;107,50000000000226;107,43000000000227;5,9890665189033;95,189661409051;UHE 14 de Julho - CAV SNHIR.xlsx;b8f0487a-df73-4f8d-8b22-bb49cf9f3683;https://metadados.snirh.gov.br/files/b8f0487a-df73-4f8d-8b22-bb49cf9f3683/14_de_Julho.zip
14 de Julho;107,51000000000226;107,44000000000227;5,9900525761256;95,249558268856;UHE 14 de Julho - CAV SNHIR.xlsx;b8f0487a-df73-4f8d-8b22-bb49cf9f3683;https://metadados.snirh.gov.br/files/b8f0487a-df73-4f8d-8b22-bb49cf9f3683/14_de_Julho.zip
14 de Julho;107,52000000000227;107,45000000000228;5,9910395007944;95,30946598338599;UHE 14 de Julho - CAV SNHIR.xlsx;b8f0487a-df73-4f8d-8b22-bb49cf9f3683;https://metadados.snirh.gov.br/files/b8f0487a-df73-4f8d-8b22-bb49cf9f3683/14_de_Julho.zip
14 de Julho;107,53000000000227;107,46000000000228;5,9920279995470995;95,369377289496;UHE 14 de Julho - CAV SNHIR.xlsx;b8f0487a-df73-4f8d-8b22-bb49cf9f3683;https://metadados.snirh.gov.br/files/b8f0487a-df73-4f8d-8b22-bb49cf9f3683/14_de_Julho.zip
14 de Julho;107,54000000000228;107,47000000000229;5,9930177577713;95,429301569288;UHE 14 de Julho - CAV SNHIR.xlsx;b8f0487a-df73-4f8d-8b22-bb49cf9f3683;https://metadados.snirh.gov.br/files/b8f0487a-df73-4f8d-8b22-bb49cf9f3683/14_de_Julho.zip
14 de Julho;107,55000000000229;107,48000000000229;5,9940107162151;95,489234832435;UHE 14 de Julho - CAV SNHIR.xlsx;b8f0487a-df73-4f8d-8b22-bb49cf9f3683;https://metadados.snirh.gov.br/files/b8f0487a-df73-4f8d-8b22-bb49cf9f3683/14_de_Julho.zip
14 de Julho;107,56000000000229;107,4900000000023;5,9950028782024;95,549184219081;UHE 14 de Julho - CAV SNHIR.xlsx;b8f0487a-df73-4f8d-8b22-bb49cf9f3683;https://metadados.snirh.gov.br/files/b8f0487a-df73-4f8d-8b22-bb49cf9f3683/14_de_Julho.zip
14 de Julho;107,5700000000023;107,5000000000023;5,9959949443203;95,60913899889;UHE 14 de Julho - CAV SNHIR.xlsx;b8f0487a-df73-4f8d-8b22-bb49cf9f3683;https://metadados.snirh.gov.br/files/b8f0487a-df73-4f8d-8b22-bb49cf9f3683/14_de_Julho.zip
14 de Julho;107,5800000000023;107,51000000000231;5,996987931310899;95,669106281653;UHE 14 de Julho - CAV SNHIR.xlsx;b8f0487a-df73-4f8d-8b22-bb49cf9f3683;https://metadados.snirh.gov.br/files/b8f0487a-df73-4f8d-8b22-bb49cf9f3683/14_de_Julho.zip
14 de Julho;107,5900000000023;107,52000000000231;5,9979835643293;95,72908584583;UHE 14 de Julho - CAV SNHIR.xlsx;b8f0487a-df73-4f8d-8b22-bb49cf9f3683;https://metadados.snirh.gov.br/files/b8f0487a-df73-4f8d-8b22-bb49cf9f3683/14_de_Julho.zip
14 de Julho;107,60000000000231;107,53000000000232;5,9989790681312;95,789075485441;UHE 14 de Julho - CAV SNHIR.xlsx;b8f0487a-df73-4f8d-8b22-bb49cf9f3683;https://metadados.snirh.gov.br/files/b8f0487a-df73-4f8d-8b22-bb49cf9f3683/14_de_Julho.zip
14 de Julho;107,61000000000232;107,54000000000232;5,9999539280412;95,849077520119;UHE 14 de Julho - CAV SNHIR.xlsx;b8f0487a-df73-4f8d-8b22-bb49cf9f3683;https://metadados.snirh.gov.br/files/b8f0487a-df73-4f8d-8b22-bb49cf9f3683/14_de_Julho.zip
14 de Julho;107,62000000000232;107,55000000000233;6,0009248292830994;95,90907886109699;UHE 14 de Julho - CAV SNHIR.xlsx;b8f0487a-df73-4f8d-8b22-bb49cf9f3683;https://metadados.snirh.gov.br/files/b8f0487a-df73-4f8d-8b22-bb49cf9f3683/14_de_Julho.zip
14 de Julho;107,63000000000233;107,56000000000233;6,001893568408501;95,969091247517;UHE 14 de Julho - CAV SNHIR.xlsx;b8f0487a-df73-4f8d-8b22-bb49cf9f3683;https://metadados.snirh.gov.br/files/b8f0487a-df73-4f8d-8b22-bb49cf9f3683/14_de_Julho.zip
14 de Julho;107,64000000000233;107,57000000000234;6,002860535753499;96,029119009006;UHE 14 de Julho - CAV SNHIR.xlsx;b8f0487a-df73-4f8d-8b22-bb49cf9f3683;https://metadados.snirh.gov.br/files/b8f0487a-df73-4f8d-8b22-bb49cf9f3683/14_de_Julho.zip
14 de Julho;107,65000000000234;107,58000000000234;6,0038263944187;96,089151402031;UHE 14 de Julho - CAV SNHIR.xlsx;b8f0487a-df73-4f8d-8b22-bb49cf9f3683;https://metadados.snirh.gov.br/files/b8f0487a-df73-4f8d-8b22-bb49cf9f3683/14_de_Julho.zip
14 de Julho;107,66000000000234;107,59000000000235;6,0047912855678;96,149195838432;UHE 14 de Julho - CAV SNHIR.xlsx;b8f0487a-df73-4f8d-8b22-bb49cf9f3683;https://metadados.snirh.gov.br/files/b8f0487a-df73-4f8d-8b22-bb49cf9f3683/14_de_Julho.zip
14 de Julho;107,67000000000235;107,60000000000235;6,0057554418444;96,209247233278;UHE 14 de Julho - CAV SNHIR.xlsx;b8f0487a-df73-4f8d-8b22-bb49cf9f3683;https://metadados.snirh.gov.br/files/b8f0487a-df73-4f8d-8b22-bb49cf9f3683/14_de_Julho.zip
14 de Julho;107,68000000000235;107,61000000000236;6,0067190169497;96,269308382565;UHE 14 de Julho - CAV SNHIR.xlsx;b8f0487a-df73-4f8d-8b22-bb49cf9f3683;https://metadados.snirh.gov.br/files/b8f0487a-df73-4f8d-8b22-bb49cf9f3683/14_de_Julho.zip
14 de Julho;107,69000000000236;107,62000000000236;6,0076819891848;96,329380632228;UHE 14 de Julho - CAV SNHIR.xlsx;b8f0487a-df73-4f8d-8b22-bb49cf9f3683;https://metadados.snirh.gov.br/files/b8f0487a-df73-4f8d-8b22-bb49cf9f3683/14_de_Julho.zip
14 de Julho;107,70000000000236;107,63000000000237;6,0086438912121;96,389465996356;UHE 14 de Julho - CAV SNHIR.xlsx;b8f0487a-df73-4f8d-8b22-bb49cf9f3683;https://metadados.snirh.gov.br/files/b8f0487a-df73-4f8d-8b22-bb49cf9f3683/14_de_Julho.zip
14 de Julho;107,71000000000237;107,64000000000237;6,0096045943464;96,449556956287;UHE 14 de Julho - CAV SNHIR.xlsx;b8f0487a-df73-4f8d-8b22-bb49cf9f3683;https://metadados.snirh.gov.br/files/b8f0487a-df73-4f8d-8b22-bb49cf9f3683/14_de_Julho.zip
14 de Julho;107,72000000000237;107,65000000000238;6,010564727877;96,509655382248;UHE 14 de Julho - CAV SNHIR.xlsx;b8f0487a-df73-4f8d-8b22-bb49cf9f3683;https://metadados.snirh.gov.br/files/b8f0487a-df73-4f8d-8b22-bb49cf9f3683/14_de_Julho.zip
14 de Julho;107,73000000000238;107,66000000000238;6,0115242087728;96,56976342690099;UHE 14 de Julho - CAV SNHIR.xlsx;b8f0487a-df73-4f8d-8b22-bb49cf9f3683;https://metadados.snirh.gov.br/files/b8f0487a-df73-4f8d-8b22-bb49cf9f3683/14_de_Julho.zip
14 de Julho;107,74000000000238;107,67000000000239;6,012483079316199;96,629890512552;UHE 14 de Julho - CAV SNHIR.xlsx;b8f0487a-df73-4f8d-8b22-bb49cf9f3683;https://metadados.snirh.gov.br/files/b8f0487a-df73-4f8d-8b22-bb49cf9f3683/14_de_Julho.zip
14 de Julho;107,75000000000239;107,6800000000024;6,0134415886918;96,690018209945;UHE 14 de Julho - CAV SNHIR.xlsx;b8f0487a-df73-4f8d-8b22-bb49cf9f3683;https://metadados.snirh.gov.br/files/b8f0487a-df73-4f8d-8b22-bb49cf9f3683/14_de_Julho.zip
14 de Julho;107,76000000000239;107,6900000000024;6,0143997442326;96,750159504352;UHE 14 de Julho - CAV SNHIR.xlsx;b8f0487a-df73-4f8d-8b22-bb49cf9f3683;https://metadados.snirh.gov.br/files/b8f0487a-df73-4f8d-8b22-bb49cf9f3683/14_de_Julho.zip
14 de Julho;107,7700000000024;107,7000000000024;6,0153574895358;96,810311286908;UHE 14 de Julho - CAV SNHIR.xlsx;b8f0487a-df73-4f8d-8b22-bb49cf9f3683;https://metadados.snirh.gov.br/files/b8f0487a-df73-4f8d-8b22-bb49cf9f3683/14_de_Julho.zip
14 de Julho;107,7800000000024;107,71000000000241;6,016314954090699;96,870467580258;UHE 14 de Julho - CAV SNHIR.xlsx;b8f0487a-df73-4f8d-8b22-bb49cf9f3683;https://metadados.snirh.gov.br/files/b8f0487a-df73-4f8d-8b22-bb49cf9f3683/14_de_Julho.zip
14 de Julho;107,79000000000241;107,72000000000241;6,0172720517883;96,93063562437301;UHE 14 de Julho - CAV SNHIR.xlsx;b8f0487a-df73-4f8d-8b22-bb49cf9f3683;https://metadados.snirh.gov.br/files/b8f0487a-df73-4f8d-8b22-bb49cf9f3683/14_de_Julho.zip
14 de Julho;107,80000000000241;107,73000000000242;6,0182286993239;96,99081423088201;UHE 14 de Julho - CAV SNHIR.xlsx;b8f0487a-df73-4f8d-8b22-bb49cf9f3683;https://metadados.snirh.gov.br/files/b8f0487a-df73-4f8d-8b22-bb49cf9f3683/14_de_Julho.zip
14 de Julho;107,81000000000242;107,74000000000242;6,019184632510401;97,051000126513;UHE 14 de Julho - CAV SNHIR.xlsx;b8f0487a-df73-4f8d-8b22-bb49cf9f3683;https://metadados.snirh.gov.br/files/b8f0487a-df73-4f8d-8b22-bb49cf9f3683/14_de_Julho.zip
14 de Julho;107,82000000000242;107,75000000000243;6,0201403535779;97,11119259131699;UHE 14 de Julho - CAV SNHIR.xlsx;b8f0487a-df73-4f8d-8b22-bb49cf9f3683;https://metadados.snirh.gov.br/files/b8f0487a-df73-4f8d-8b22-bb49cf9f3683/14_de_Julho.zip
14 de Julho;107,83000000000243;107,76000000000244;6,0210960364589;97,171394121317;UHE 14 de Julho - CAV SNHIR.xlsx;b8f0487a-df73-4f8d-8b22-bb49cf9f3683;https://metadados.snirh.gov.br/files/b8f0487a-df73-4f8d-8b22-bb49cf9f3683/14_de_Julho.zip
14 de Julho;107,84000000000243;107,77000000000244;6,0220516364661;97,231612461813;UHE 14 de Julho - CAV SNHIR.xlsx;b8f0487a-df73-4f8d-8b22-bb49cf9f3683;https://metadados.snirh.gov.br/files/b8f0487a-df73-4f8d-8b22-bb49cf9f3683/14_de_Julho.zip
14 de Julho;107,85000000000244;107,78000000000245;6,0230071254532005;97,291839527012;UHE 14 de Julho - CAV SNHIR.xlsx;b8f0487a-df73-4f8d-8b22-bb49cf9f3683;https://metadados.snirh.gov.br/files/b8f0487a-df73-4f8d-8b22-bb49cf9f3683/14_de_Julho.zip
14 de Julho;107,86000000000244;107,79000000000245;6,0239624377595;97,35207650313701;UHE 14 de Julho - CAV SNHIR.xlsx;b8f0487a-df73-4f8d-8b22-bb49cf9f3683;https://metadados.snirh.gov.br/files/b8f0487a-df73-4f8d-8b22-bb49cf9f3683/14_de_Julho.zip
14 de Julho;107,87000000000245;107,80000000000246;6,024917556412699;97,412320237693;UHE 14 de Julho - CAV SNHIR.xlsx;b8f0487a-df73-4f8d-8b22-bb49cf9f3683;https://metadados.snirh.gov.br/files/b8f0487a-df73-4f8d-8b22-bb49cf9f3683/14_de_Julho.zip
14 de Julho;107,88000000000245;107,81000000000246;6,0258726485824;97,472570894394;UHE 14 de Julho - CAV SNHIR.xlsx;b8f0487a-df73-4f8d-8b22-bb49cf9f3683;https://metadados.snirh.gov.br/files/b8f0487a-df73-4f8d-8b22-bb49cf9f3683/14_de_Julho.zip
14 de Julho;107,89000000000246;107,82000000000247;6,0268277388488;97,53283681505201;UHE 14 de Julho - CAV SNHIR.xlsx;b8f0487a-df73-4f8d-8b22-bb49cf9f3683;https://metadados.snirh.gov.br/files/b8f0487a-df73-4f8d-8b22-bb49cf9f3683/14_de_Julho.zip
14 de Julho;107,90000000000246;107,83000000000247;6,027782952227399;97,593110683537;UHE 14 de Julho - CAV SNHIR.xlsx;b8f0487a-df73-4f8d-8b22-bb49cf9f3683;https://metadados.snirh.gov.br/files/b8f0487a-df73-4f8d-8b22-bb49cf9f3683/14_de_Julho.zip
14 de Julho;107,91000000000247;107,84000000000248;6,0287383657161;97,65339215103599;UHE 14 de Julho - CAV SNHIR.xlsx;b8f0487a-df73-4f8d-8b22-bb49cf9f3683;https://metadados.snirh.gov.br/files/b8f0487a-df73-4f8d-8b22-bb49cf9f3683/14_de_Julho.zip
14 de Julho;107,92000000000247;107,85000000000248;6,0296939146729;97,713681014081;UHE 14 de Julho - CAV SNHIR.xlsx;b8f0487a-df73-4f8d-8b22-bb49cf9f3683;https://metadados.snirh.gov.br/files/b8f0487a-df73-4f8d-8b22-bb49cf9f3683/14_de_Julho.zip
14 de Julho;107,93000000000248;107,86000000000249;6,0306500387648;97,773982198367;UHE 14 de Julho - CAV SNHIR.xlsx;b8f0487a-df73-4f8d-8b22-bb49cf9f3683;https://metadados.snirh.gov.br/files/b8f0487a-df73-4f8d-8b22-bb49cf9f3683/14_de_Julho.zip
14 de Julho;107,94000000000248;107,87000000000249;6,031607305252;97,83429784150199;UHE 14 de Julho - CAV SNHIR.xlsx;b8f0487a-df73-4f8d-8b22-bb49cf9f3683;https://metadados.snirh.gov.br/files/b8f0487a-df73-4f8d-8b22-bb49cf9f3683/14_de_Julho.zip
14 de Julho;107,95000000000249;107,8800000000025;6,0325651602585;97,89461763985001;UHE 14 de Julho - CAV SNHIR.xlsx;b8f0487a-df73-4f8d-8b22-bb49cf9f3683;https://metadados.snirh.gov.br/files/b8f0487a-df73-4f8d-8b22-bb49cf9f3683/14_de_Julho.zip
14 de Julho;107,9600000000025;107,8900000000025;6,033522875828299;97,954946149304;UHE 14 de Julho - CAV SNHIR.xlsx;b8f0487a-df73-4f8d-8b22-bb49cf9f3683;https://metadados.snirh.gov.br/files/b8f0487a-df73-4f8d-8b22-bb49cf9f3683/14_de_Julho.zip
14 de Julho;107,9700000000025;107,9000000000025;6,034480665465701;98,015285431048;UHE 14 de Julho - CAV SNHIR.xlsx;b8f0487a-df73-4f8d-8b22-bb49cf9f3683;https://metadados.snirh.gov.br/files/b8f0487a-df73-4f8d-8b22-bb49cf9f3683/14_de_Julho.zip
14 de Julho;107,9800000000025;107,91000000000251;6,0354388407413;98,075635584437;UHE 14 de Julho - CAV SNHIR.xlsx;b8f0487a-df73-4f8d-8b22-bb49cf9f3683;https://metadados.snirh.gov.br/files/b8f0487a-df73-4f8d-8b22-bb49cf9f3683/14_de_Julho.zip
14 de Julho;107,99000000000251;107,92000000000252;6,0363976141764;98,135993143355;UHE 14 de Julho - CAV SNHIR.xlsx;b8f0487a-df73-4f8d-8b22-bb49cf9f3683;https://metadados.snirh.gov.br/files/b8f0487a-df73-4f8d-8b22-bb49cf9f3683/14_de_Julho.zip
14 de Julho;108,00000000000252;107,93000000000252;6,0373573294662;98,196361911408;UHE 14 de Julho - CAV SNHIR.xlsx;b8f0487a-df73-4f8d-8b22-bb49cf9f3683;https://metadados.snirh.gov.br/files/b8f0487a-df73-4f8d-8b22-bb49cf9f3683/14_de_Julho.zip
14 de Julho;108,01000000000252;107,94000000000253;6,0383182594411995;98,2567471899;UHE 14 de Julho - CAV SNHIR.xlsx;b8f0487a-df73-4f8d-8b22-bb49cf9f3683;https://metadados.snirh.gov.br/files/b8f0487a-df73-4f8d-8b22-bb49cf9f3683/14_de_Julho.zip
14 de Julho;108,02000000000253;107,95000000000253;6,039280799654301;98,317138709708;UHE 14 de Julho - CAV SNHIR.xlsx;b8f0487a-df73-4f8d-8b22-bb49cf9f3683;https://metadados.snirh.gov.br/files/b8f0487a-df73-4f8d-8b22-bb49cf9f3683/14_de_Julho.zip
14 de Julho;108,03000000000253;107,96000000000254;6,040245750883099;98,377534957656;UHE 14 de Julho - CAV SNHIR.xlsx;b8f0487a-df73-4f8d-8b22-bb49cf9f3683;https://metadados.snirh.gov.br/files/b8f0487a-df73-4f8d-8b22-bb49cf9f3683/14_de_Julho.zip
14 de Julho;108,04000000000254;107,97000000000254;6,0412182227344005;98,437937434207;UHE 14 de Julho - CAV SNHIR.xlsx;b8f0487a-df73-4f8d-8b22-bb49cf9f3683;https://metadados.snirh.gov.br/files/b8f0487a-df73-4f8d-8b22-bb49cf9f3683/14_de_Julho.zip
14 de Julho;108,05000000000254;107,98000000000255;6,0421885540263;98,49835571441001;UHE 14 de Julho - CAV SNHIR.xlsx;b8f0487a-df73-4f8d-8b22-bb49cf9f3683;https://metadados.snirh.gov.br/files/b8f0487a-df73-4f8d-8b22-bb49cf9f3683/14_de_Julho.zip
14 de Julho;108,06000000000255;107,99000000000255;6,0431446755243;98,5587775855;UHE 14 de Julho - CAV SNHIR.xlsx;b8f0487a-df73-4f8d-8b22-bb49cf9f3683;https://metadados.snirh.gov.br/files/b8f0487a-df73-4f8d-8b22-bb49cf9f3683/14_de_Julho.zip
14 de Julho;108,07000000000255;108,00000000000256;6,044096375910899;98,619213703434;UHE 14 de Julho - CAV SNHIR.xlsx;b8f0487a-df73-4f8d-8b22-bb49cf9f3683;https://metadados.snirh.gov.br/files/b8f0487a-df73-4f8d-8b22-bb49cf9f3683/14_de_Julho.zip
14 de Julho;108,08000000000256;108,01000000000256;6,0450474128062;98,679658916508;UHE 14 de Julho - CAV SNHIR.xlsx;b8f0487a-df73-4f8d-8b22-bb49cf9f3683;https://metadados.snirh.gov.br/files/b8f0487a-df73-4f8d-8b22-bb49cf9f3683/14_de_Julho.zip
14 de Julho;108,09000000000256;108,02000000000257;6,0460026111138;98,74011422262099;UHE 14 de Julho - CAV SNHIR.xlsx;b8f0487a-df73-4f8d-8b22-bb49cf9f3683;https://metadados.snirh.gov.br/files/b8f0487a-df73-4f8d-8b22-bb49cf9f3683/14_de_Julho.zip
14 de Julho;108,10000000000257;108,03000000000257;6,0469582231519;98,800578745101;UHE 14 de Julho - CAV SNHIR.xlsx;b8f0487a-df73-4f8d-8b22-bb49cf9f3683;https://metadados.snirh.gov.br/files/b8f0487a-df73-4f8d-8b22-bb49cf9f3683/14_de_Julho.zip
14 de Julho;108,11000000000257;108,04000000000258;6,0479127296096005;98,861053679288;UHE 14 de Julho - CAV SNHIR.xlsx;b8f0487a-df73-4f8d-8b22-bb49cf9f3683;https://metadados.snirh.gov.br/files/b8f0487a-df73-4f8d-8b22-bb49cf9f3683/14_de_Julho.zip
14 de Julho;108,12000000000258;108,05000000000258;6,0488671271859;98,92154010223;UHE 14 de Julho - CAV SNHIR.xlsx;b8f0487a-df73-4f8d-8b22-bb49cf9f3683;https://metadados.snirh.gov.br/files/b8f0487a-df73-4f8d-8b22-bb49cf9f3683/14_de_Julho.zip
14 de Julho;108,13000000000258;108,06000000000259;6,0498215924837;98,98203384157;UHE 14 de Julho - CAV SNHIR.xlsx;b8f0487a-df73-4f8d-8b22-bb49cf9f3683;https://metadados.snirh.gov.br/files/b8f0487a-df73-4f8d-8b22-bb49cf9f3683/14_de_Julho.zip
14 de Julho;108,14000000000259;108,0700000000026;6,0507763658355;99,042540494082;UHE 14 de Julho - CAV SNHIR.xlsx;b8f0487a-df73-4f8d-8b22-bb49cf9f3683;https://metadados.snirh.gov.br/files/b8f0487a-df73-4f8d-8b22-bb49cf9f3683/14_de_Julho.zip
14 de Julho;108,15000000000259;108,0800000000026;6,0517312134823;99,103049870762;UHE 14 de Julho - CAV SNHIR.xlsx;b8f0487a-df73-4f8d-8b22-bb49cf9f3683;https://metadados.snirh.gov.br/files/b8f0487a-df73-4f8d-8b22-bb49cf9f3683/14_de_Julho.zip
14 de Julho;108,1600000000026;108,0900000000026;6,052686421947301;99,16357056716201;UHE 14 de Julho - CAV SNHIR.xlsx;b8f0487a-df73-4f8d-8b22-bb49cf9f3683;https://metadados.snirh.gov.br/files/b8f0487a-df73-4f8d-8b22-bb49cf9f3683/14_de_Julho.zip
14 de Julho;108,1700000000026;108,10000000000261;6,0536420415134;99,22409994381701;UHE 14 de Julho - CAV SNHIR.xlsx;b8f0487a-df73-4f8d-8b22-bb49cf9f3683;https://metadados.snirh.gov.br/files/b8f0487a-df73-4f8d-8b22-bb49cf9f3683/14_de_Julho.zip
14 de Julho;108,18000000000261;108,11000000000261;6,0545982915107;99,28464088786;UHE 14 de Julho - CAV SNHIR.xlsx;b8f0487a-df73-4f8d-8b22-bb49cf9f3683;https://metadados.snirh.gov.br/files/b8f0487a-df73-4f8d-8b22-bb49cf9f3683/14_de_Julho.zip
14 de Julho;108,19000000000261;108,12000000000262;6,0555555811785;99,345191513833;UHE 14 de Julho - CAV SNHIR.xlsx;b8f0487a-df73-4f8d-8b22-bb49cf9f3683;https://metadados.snirh.gov.br/files/b8f0487a-df73-4f8d-8b22-bb49cf9f3683/14_de_Julho.zip
14 de Julho;108,20000000000262;108,13000000000262;6,0565159890451;99,405755101528;UHE 14 de Julho - CAV SNHIR.xlsx;b8f0487a-df73-4f8d-8b22-bb49cf9f3683;https://metadados.snirh.gov.br/files/b8f0487a-df73-4f8d-8b22-bb49cf9f3683/14_de_Julho.zip
14 de Julho;108,21000000000262;108,14000000000263;6,0574729782048;99,46632003401;UHE 14 de Julho - CAV SNHIR.xlsx;b8f0487a-df73-4f8d-8b22-bb49cf9f3683;https://metadados.snirh.gov.br/files/b8f0487a-df73-4f8d-8b22-bb49cf9f3683/14_de_Julho.zip
14 de Julho;108,22000000000263;108,15000000000263;6,0584285578424;99,526896002772;UHE 14 de Julho - CAV SNHIR.xlsx;b8f0487a-df73-4f8d-8b22-bb49cf9f3683;https://metadados.snirh.gov.br/files/b8f0487a-df73-4f8d-8b22-bb49cf9f3683/14_de_Julho.zip
14 de Julho;108,23000000000263;108,16000000000264;6,0593830648114;99,58748398716999;UHE 14 de Julho - CAV SNHIR.xlsx;b8f0487a-df73-4f8d-8b22-bb49cf9f3683;https://metadados.snirh.gov.br/files/b8f0487a-df73-4f8d-8b22-bb49cf9f3683/14_de_Julho.zip
14 de Julho;108,24000000000264;108,17000000000264;6,0603371816258;99,64808972501301;UHE 14 de Julho - CAV SNHIR.xlsx;b8f0487a-df73-4f8d-8b22-bb49cf9f3683;https://metadados.snirh.gov.br/files/b8f0487a-df73-4f8d-8b22-bb49cf9f3683/14_de_Julho.zip
14 de Julho;108,25000000000264;108,18000000000265;6,061291543685001;99,708702505863;UHE 14 de Julho - CAV SNHIR.xlsx;b8f0487a-df73-4f8d-8b22-bb49cf9f3683;https://metadados.snirh.gov.br/files/b8f0487a-df73-4f8d-8b22-bb49cf9f3683/14_de_Julho.zip
14 de Julho;108,26000000000265;108,19000000000266;6,0622466800683;99,769317457014;UHE 14 de Julho - CAV SNHIR.xlsx;b8f0487a-df73-4f8d-8b22-bb49cf9f3683;https://metadados.snirh.gov.br/files/b8f0487a-df73-4f8d-8b22-bb49cf9f3683/14_de_Julho.zip
14 de Julho;108,27000000000265;108,20000000000266;6,0632012326403;99,829949218612;UHE 14 de Julho - CAV SNHIR.xlsx;b8f0487a-df73-4f8d-8b22-bb49cf9f3683;https://metadados.snirh.gov.br/files/b8f0487a-df73-4f8d-8b22-bb49cf9f3683/14_de_Julho.zip
14 de Julho;108,28000000000266;108,21000000000267;6,064155695065399;99,890585058502;UHE 14 de Julho - CAV SNHIR.xlsx;b8f0487a-df73-4f8d-8b22-bb49cf9f3683;https://metadados.snirh.gov.br/files/b8f0487a-df73-4f8d-8b22-bb49cf9f3683/14_de_Julho.zip
14 de Julho;108,29000000000266;108,22000000000267;6,0651113646743;99,951235340526;UHE 14 de Julho - CAV SNHIR.xlsx;b8f0487a-df73-4f8d-8b22-bb49cf9f3683;https://metadados.snirh.gov.br/files/b8f0487a-df73-4f8d-8b22-bb49cf9f3683/14_de_Julho.zip
14 de Julho;108,30000000000267;108,23000000000268;6,0660655629725;100,01189517581;UHE 14 de Julho - CAV SNHIR.xlsx;b8f0487a-df73-4f8d-8b22-bb49cf9f3683;https://metadados.snirh.gov.br/files/b8f0487a-df73-4f8d-8b22-bb49cf9f3683/14_de_Julho.zip
14 de Julho;108,31000000000267;108,24000000000268;6,067018824929;100,07255631089001;UHE 14 de Julho - CAV SNHIR.xlsx;b8f0487a-df73-4f8d-8b22-bb49cf9f3683;https://metadados.snirh.gov.br/files/b8f0487a-df73-4f8d-8b22-bb49cf9f3683/14_de_Julho.zip
14 de Julho;108,32000000000268;108,25000000000269;6,0679713470024;100,13322748546;UHE 14 de Julho - CAV SNHIR.xlsx;b8f0487a-df73-4f8d-8b22-bb49cf9f3683;https://metadados.snirh.gov.br/files/b8f0487a-df73-4f8d-8b22-bb49cf9f3683/14_de_Julho.zip
14 de Julho;108,33000000000268;108,26000000000269;6,0689235544062;100,19391254306001;UHE 14 de Julho - CAV SNHIR.xlsx;b8f0487a-df73-4f8d-8b22-bb49cf9f3683;https://metadados.snirh.gov.br/files/b8f0487a-df73-4f8d-8b22-bb49cf9f3683/14_de_Julho.zip
14 de Julho;108,34000000000269;108,2700000000027;6,0698748171512;100,25460646562999;UHE 14 de Julho - CAV SNHIR.xlsx;b8f0487a-df73-4f8d-8b22-bb49cf9f3683;https://metadados.snirh.gov.br/files/b8f0487a-df73-4f8d-8b22-bb49cf9f3683/14_de_Julho.zip
14 de Julho;108,3500000000027;108,2800000000027;6,070826916386101;100,31530653120001;UHE 14 de Julho - CAV SNHIR.xlsx;b8f0487a-df73-4f8d-8b22-bb49cf9f3683;https://metadados.snirh.gov.br/files/b8f0487a-df73-4f8d-8b22-bb49cf9f3683/14_de_Julho.zip
14 de Julho;108,3600000000027;108,2900000000027;6,0717823583629;100,37602091658;UHE 14 de Julho - CAV SNHIR.xlsx;b8f0487a-df73-4f8d-8b22-bb49cf9f3683;https://metadados.snirh.gov.br/files/b8f0487a-df73-4f8d-8b22-bb49cf9f3683/14_de_Julho.zip
14 de Julho;108,3700000000027;108,30000000000271;6,0727374088979;100,43674119747999;UHE 14 de Julho - CAV SNHIR.xlsx;b8f0487a-df73-4f8d-8b22-bb49cf9f3683;https://metadados.snirh.gov.br/files/b8f0487a-df73-4f8d-8b22-bb49cf9f3683/14_de_Julho.zip
14 de Julho;108,38000000000271;108,31000000000272;6,0736923541393;100,49747376069;UHE 14 de Julho - CAV SNHIR.xlsx;b8f0487a-df73-4f8d-8b22-bb49cf9f3683;https://metadados.snirh.gov.br/files/b8f0487a-df73-4f8d-8b22-bb49cf9f3683/14_de_Julho.zip
14 de Julho;108,39000000000271;108,32000000000272;6,0746469619135;100,55822062009;UHE 14 de Julho - CAV SNHIR.xlsx;b8f0487a-df73-4f8d-8b22-bb49cf9f3683;https://metadados.snirh.gov.br/files/b8f0487a-df73-4f8d-8b22-bb49cf9f3683/14_de_Julho.zip
14 de Julho;108,40000000000272;108,33000000000273;6,075601300342099;100,61897185094;UHE 14 de Julho - CAV SNHIR.xlsx;b8f0487a-df73-4f8d-8b22-bb49cf9f3683;https://metadados.snirh.gov.br/files/b8f0487a-df73-4f8d-8b22-bb49cf9f3683/14_de_Julho.zip
14 de Julho;108,41000000000273;108,34000000000273;6,0765557399639;100,67973162282;UHE 14 de Julho - CAV SNHIR.xlsx;b8f0487a-df73-4f8d-8b22-bb49cf9f3683;https://metadados.snirh.gov.br/files/b8f0487a-df73-4f8d-8b22-bb49cf9f3683/14_de_Julho.zip
14 de Julho;108,42000000000273;108,35000000000274;6,0775100450555;100,74050433167;UHE 14 de Julho - CAV SNHIR.xlsx;b8f0487a-df73-4f8d-8b22-bb49cf9f3683;https://metadados.snirh.gov.br/files/b8f0487a-df73-4f8d-8b22-bb49cf9f3683/14_de_Julho.zip
14 de Julho;108,43000000000274;108,36000000000274;6,0784639494183;100,8012849374;UHE 14 de Julho - CAV SNHIR.xlsx;b8f0487a-df73-4f8d-8b22-bb49cf9f3683;https://metadados.snirh.gov.br/files/b8f0487a-df73-4f8d-8b22-bb49cf9f3683/14_de_Julho.zip
14 de Julho;108,44000000000274;108,37000000000275;6,0794175758889;100,86207500949;UHE 14 de Julho - CAV SNHIR.xlsx;b8f0487a-df73-4f8d-8b22-bb49cf9f3683;https://metadados.snirh.gov.br/files/b8f0487a-df73-4f8d-8b22-bb49cf9f3683/14_de_Julho.zip
14 de Julho;108,45000000000275;108,38000000000275;6,0803711878783;100,92287040465;UHE 14 de Julho - CAV SNHIR.xlsx;b8f0487a-df73-4f8d-8b22-bb49cf9f3683;https://metadados.snirh.gov.br/files/b8f0487a-df73-4f8d-8b22-bb49cf9f3683/14_de_Julho.zip
14 de Julho;108,46000000000275;108,39000000000276;6,0813247340436;100,98368082431;UHE 14 de Julho - CAV SNHIR.xlsx;b8f0487a-df73-4f8d-8b22-bb49cf9f3683;https://metadados.snirh.gov.br/files/b8f0487a-df73-4f8d-8b22-bb49cf9f3683/14_de_Julho.zip
14 de Julho;108,47000000000276;108,40000000000276;6,0822782698686995;101,04450215972;UHE 14 de Julho - CAV SNHIR.xlsx;b8f0487a-df73-4f8d-8b22-bb49cf9f3683;https://metadados.snirh.gov.br/files/b8f0487a-df73-4f8d-8b22-bb49cf9f3683/14_de_Julho.zip
14 de Julho;108,48000000000276;108,41000000000277;6,0832316145136005;101,10532937647;UHE 14 de Julho - CAV SNHIR.xlsx;b8f0487a-df73-4f8d-8b22-bb49cf9f3683;https://metadados.snirh.gov.br/files/b8f0487a-df73-4f8d-8b22-bb49cf9f3683/14_de_Julho.zip
14 de Julho;108,49000000000277;108,42000000000277;6,0841847826760995;101,16616601367;UHE 14 de Julho - CAV SNHIR.xlsx;b8f0487a-df73-4f8d-8b22-bb49cf9f3683;https://metadados.snirh.gov.br/files/b8f0487a-df73-4f8d-8b22-bb49cf9f3683/14_de_Julho.zip
14 de Julho;108,50000000000277;108,43000000000278;6,0851378871593;101,2270173206;UHE 14 de Julho - CAV SNHIR.xlsx;b8f0487a-df73-4f8d-8b22-bb49cf9f3683;https://metadados.snirh.gov.br/files/b8f0487a-df73-4f8d-8b22-bb49cf9f3683/14_de_Julho.zip
14 de Julho;108,51000000000278;108,44000000000278;6,0860909230103;101,28787198544;UHE 14 de Julho - CAV SNHIR.xlsx;b8f0487a-df73-4f8d-8b22-bb49cf9f3683;https://metadados.snirh.gov.br/files/b8f0487a-df73-4f8d-8b22-bb49cf9f3683/14_de_Julho.zip
14 de Julho;108,52000000000278;108,45000000000279;6,087043896391901;101,34873907119;UHE 14 de Julho - CAV SNHIR.xlsx;b8f0487a-df73-4f8d-8b22-bb49cf9f3683;https://metadados.snirh.gov.br/files/b8f0487a-df73-4f8d-8b22-bb49cf9f3683/14_de_Julho.zip
14 de Julho;108,53000000000279;108,4600000000028;6,0879968662109;101,40961627688999;UHE 14 de Julho - CAV SNHIR.xlsx;b8f0487a-df73-4f8d-8b22-bb49cf9f3683;https://metadados.snirh.gov.br/files/b8f0487a-df73-4f8d-8b22-bb49cf9f3683/14_de_Julho.zip
14 de Julho;108,54000000000279;108,4700000000028;6,088949732277;101,47050026042999;UHE 14 de Julho - CAV SNHIR.xlsx;b8f0487a-df73-4f8d-8b22-bb49cf9f3683;https://metadados.snirh.gov.br/files/b8f0487a-df73-4f8d-8b22-bb49cf9f3683/14_de_Julho.zip
14 de Julho;108,5500000000028;108,4800000000028;6,0899024993732;101,53139746362001;UHE 14 de Julho - CAV SNHIR.xlsx;b8f0487a-df73-4f8d-8b22-bb49cf9f3683;https://metadados.snirh.gov.br/files/b8f0487a-df73-4f8d-8b22-bb49cf9f3683/14_de_Julho.zip
14 de Julho;108,5600000000028;108,49000000000281;6,0908551706432;101,5923125879;UHE 14 de Julho - CAV SNHIR.xlsx;b8f0487a-df73-4f8d-8b22-bb49cf9f3683;https://metadados.snirh.gov.br/files/b8f0487a-df73-4f8d-8b22-bb49cf9f3683/14_de_Julho.zip
14 de Julho;108,5700000000028;108,50000000000281;6,0918076593918;101,65322469779;UHE 14 de Julho - CAV SNHIR.xlsx;b8f0487a-df73-4f8d-8b22-bb49cf9f3683;https://metadados.snirh.gov.br/files/b8f0487a-df73-4f8d-8b22-bb49cf9f3683/14_de_Julho.zip
14 de Julho;108,58000000000281;108,51000000000282;6,092760093665399;101,71415485072;UHE 14 de Julho - CAV SNHIR.xlsx;b8f0487a-df73-4f8d-8b22-bb49cf9f3683;https://metadados.snirh.gov.br/files/b8f0487a-df73-4f8d-8b22-bb49cf9f3683/14_de_Julho.zip
14 de Julho;108,59000000000282;108,52000000000282;6,0937125140759;101,77508485499;UHE 14 de Julho - CAV SNHIR.xlsx;b8f0487a-df73-4f8d-8b22-bb49cf9f3683;https://metadados.snirh.gov.br/files/b8f0487a-df73-4f8d-8b22-bb49cf9f3683/14_de_Julho.zip
14 de Julho;108,60000000000282;108,53000000000283;6,0946648477694;101,83602530684;UHE 14 de Julho - CAV SNHIR.xlsx;b8f0487a-df73-4f8d-8b22-bb49cf9f3683;https://metadados.snirh.gov.br/files/b8f0487a-df73-4f8d-8b22-bb49cf9f3683/14_de_Julho.zip
14 de Julho;108,61000000000283;108,54000000000283;6,0956170403801;101,89697826317;UHE 14 de Julho - CAV SNHIR.xlsx;b8f0487a-df73-4f8d-8b22-bb49cf9f3683;https://metadados.snirh.gov.br/files/b8f0487a-df73-4f8d-8b22-bb49cf9f3683/14_de_Julho.zip
14 de Julho;108,62000000000283;108,55000000000284;6,0965691384495;101,95793859397;UHE 14 de Julho - CAV SNHIR.xlsx;b8f0487a-df73-4f8d-8b22-bb49cf9f3683;https://metadados.snirh.gov.br/files/b8f0487a-df73-4f8d-8b22-bb49cf9f3683/14_de_Julho.zip
14 de Julho;108,63000000000284;108,56000000000284;6,097521147043899;102,01891292696001;UHE 14 de Julho - CAV SNHIR.xlsx;b8f0487a-df73-4f8d-8b22-bb49cf9f3683;https://metadados.snirh.gov.br/files/b8f0487a-df73-4f8d-8b22-bb49cf9f3683/14_de_Julho.zip
14 de Julho;108,64000000000284;108,57000000000285;6,0984730771511;102,07989518261;UHE 14 de Julho - CAV SNHIR.xlsx;b8f0487a-df73-4f8d-8b22-bb49cf9f3683;https://metadados.snirh.gov.br/files/b8f0487a-df73-4f8d-8b22-bb49cf9f3683/14_de_Julho.zip
14 de Julho;108,65000000000285;108,58000000000285;6,0994249593414;102,14088909335;UHE 14 de Julho - CAV SNHIR.xlsx;b8f0487a-df73-4f8d-8b22-bb49cf9f3683;https://metadados.snirh.gov.br/files/b8f0487a-df73-4f8d-8b22-bb49cf9f3683/14_de_Julho.zip
14 de Julho;108,66000000000285;108,59000000000286;6,100376754189001;102,20189031644;UHE 14 de Julho - CAV SNHIR.xlsx;b8f0487a-df73-4f8d-8b22-bb49cf9f3683;https://metadados.snirh.gov.br/files/b8f0487a-df73-4f8d-8b22-bb49cf9f3683/14_de_Julho.zip
14 de Julho;108,67000000000286;108,60000000000286;6,1013284425805;102,26289937508001;UHE 14 de Julho - CAV SNHIR.xlsx;b8f0487a-df73-4f8d-8b22-bb49cf9f3683;https://metadados.snirh.gov.br/files/b8f0487a-df73-4f8d-8b22-bb49cf9f3683/14_de_Julho.zip
14 de Julho;108,68000000000286;108,61000000000287;6,1022799856773;102,32392119407;UHE 14 de Julho - CAV SNHIR.xlsx;b8f0487a-df73-4f8d-8b22-bb49cf9f3683;https://metadados.snirh.gov.br/files/b8f0487a-df73-4f8d-8b22-bb49cf9f3683/14_de_Julho.zip
14 de Julho;108,69000000000287;108,62000000000288;6,1032313993753995;102,38494814511999;UHE 14 de Julho - CAV SNHIR.xlsx;b8f0487a-df73-4f8d-8b22-bb49cf9f3683;https://metadados.snirh.gov.br/files/b8f0487a-df73-4f8d-8b22-bb49cf9f3683/14_de_Julho.zip
14 de Julho;108,70000000000287;108,63000000000288;6,104182662215;102,44598384509;UHE 14 de Julho - CAV SNHIR.xlsx;b8f0487a-df73-4f8d-8b22-bb49cf9f3683;https://metadados.snirh.gov.br/files/b8f0487a-df73-4f8d-8b22-bb49cf9f3683/14_de_Julho.zip
14 de Julho;108,71000000000288;108,64000000000289;6,1051337614211;102,50702656584001;UHE 14 de Julho - CAV SNHIR.xlsx;b8f0487a-df73-4f8d-8b22-bb49cf9f3683;https://metadados.snirh.gov.br/files/b8f0487a-df73-4f8d-8b22-bb49cf9f3683/14_de_Julho.zip
14 de Julho;108,72000000000288;108,65000000000289;6,1060847197127;102,56808054771;UHE 14 de Julho - CAV SNHIR.xlsx;b8f0487a-df73-4f8d-8b22-bb49cf9f3683;https://metadados.snirh.gov.br/files/b8f0487a-df73-4f8d-8b22-bb49cf9f3683/14_de_Julho.zip
14 de Julho;108,73000000000289;108,6600000000029;6,1070355417612;102,62914623881001;UHE 14 de Julho - CAV SNHIR.xlsx;b8f0487a-df73-4f8d-8b22-bb49cf9f3683;https://metadados.snirh.gov.br/files/b8f0487a-df73-4f8d-8b22-bb49cf9f3683/14_de_Julho.zip
14 de Julho;108,7400000000029;108,6700000000029;6,107986199849201;102,69021621405999;UHE 14 de Julho - CAV SNHIR.xlsx;b8f0487a-df73-4f8d-8b22-bb49cf9f3683;https://metadados.snirh.gov.br/files/b8f0487a-df73-4f8d-8b22-bb49cf9f3683/14_de_Julho.zip
14 de Julho;108,7500000000029;108,6800000000029;6,1089366893586;102,75129695301;UHE 14 de Julho - CAV SNHIR.xlsx;b8f0487a-df73-4f8d-8b22-bb49cf9f3683;https://metadados.snirh.gov.br/files/b8f0487a-df73-4f8d-8b22-bb49cf9f3683/14_de_Julho.zip
14 de Julho;108,7600000000029;108,69000000000291;6,1098869983311;102,81239464123;UHE 14 de Julho - CAV SNHIR.xlsx;b8f0487a-df73-4f8d-8b22-bb49cf9f3683;https://metadados.snirh.gov.br/files/b8f0487a-df73-4f8d-8b22-bb49cf9f3683/14_de_Julho.zip
14 de Julho;108,77000000000291;108,70000000000292;6,1108370948906;102,87349936493;UHE 14 de Julho - CAV SNHIR.xlsx;b8f0487a-df73-4f8d-8b22-bb49cf9f3683;https://metadados.snirh.gov.br/files/b8f0487a-df73-4f8d-8b22-bb49cf9f3683/14_de_Julho.zip
14 de Julho;108,78000000000291;108,71000000000292;6,111786958177;102,9346183402;UHE 14 de Julho - CAV SNHIR.xlsx;b8f0487a-df73-4f8d-8b22-bb49cf9f3683;https://metadados.snirh.gov.br/files/b8f0487a-df73-4f8d-8b22-bb49cf9f3683/14_de_Julho.zip
14 de Julho;108,79000000000292;108,72000000000293;6,1127365934822;102,99574327438;UHE 14 de Julho - CAV SNHIR.xlsx;b8f0487a-df73-4f8d-8b22-bb49cf9f3683;https://metadados.snirh.gov.br/files/b8f0487a-df73-4f8d-8b22-bb49cf9f3683/14_de_Julho.zip
14 de Julho;108,80000000000292;108,73000000000293;6,1136859659583;103,05687489075001;UHE 14 de Julho - CAV SNHIR.xlsx;b8f0487a-df73-4f8d-8b22-bb49cf9f3683;https://metadados.snirh.gov.br/files/b8f0487a-df73-4f8d-8b22-bb49cf9f3683/14_de_Julho.zip
14 de Julho;108,81000000000293;108,74000000000294;6,1146350779464;103,11801679567;UHE 14 de Julho - CAV SNHIR.xlsx;b8f0487a-df73-4f8d-8b22-bb49cf9f3683;https://metadados.snirh.gov.br/files/b8f0487a-df73-4f8d-8b22-bb49cf9f3683/14_de_Julho.zip
14 de Julho;108,82000000000293;108,75000000000294;6,1155838809128005;103,17917075384;UHE 14 de Julho - CAV SNHIR.xlsx;b8f0487a-df73-4f8d-8b22-bb49cf9f3683;https://metadados.snirh.gov.br/files/b8f0487a-df73-4f8d-8b22-bb49cf9f3683/14_de_Julho.zip
14 de Julho;108,83000000000294;108,76000000000295;6,116532328978501;103,24032946675999;UHE 14 de Julho - CAV SNHIR.xlsx;b8f0487a-df73-4f8d-8b22-bb49cf9f3683;https://metadados.snirh.gov.br/files/b8f0487a-df73-4f8d-8b22-bb49cf9f3683/14_de_Julho.zip
14 de Julho;108,84000000000295;108,77000000000295;6,1174803584993;103,30150119444001;UHE 14 de Julho - CAV SNHIR.xlsx;b8f0487a-df73-4f8d-8b22-bb49cf9f3683;https://metadados.snirh.gov.br/files/b8f0487a-df73-4f8d-8b22-bb49cf9f3683/14_de_Julho.zip
14 de Julho;108,85000000000295;108,78000000000296;6,1184279624863;103,36268242259;UHE 14 de Julho - CAV SNHIR.xlsx;b8f0487a-df73-4f8d-8b22-bb49cf9f3683;https://metadados.snirh.gov.br/files/b8f0487a-df73-4f8d-8b22-bb49cf9f3683/14_de_Julho.zip
14 de Julho;108,86000000000296;108,79000000000296;6,1193751842858;103,42387205608999;UHE 14 de Julho - CAV SNHIR.xlsx;b8f0487a-df73-4f8d-8b22-bb49cf9f3683;https://metadados.snirh.gov.br/files/b8f0487a-df73-4f8d-8b22-bb49cf9f3683/14_de_Julho.zip
14 de Julho;108,87000000000296;108,80000000000297;6,1203220006102;103,48506881688;UHE 14 de Julho - CAV SNHIR.xlsx;b8f0487a-df73-4f8d-8b22-bb49cf9f3683;https://metadados.snirh.gov.br/files/b8f0487a-df73-4f8d-8b22-bb49cf9f3683/14_de_Julho.zip
14 de Julho;108,88000000000297;108,81000000000297;6,1212683693665;103,54627631452;UHE 14 de Julho - CAV SNHIR.xlsx;b8f0487a-df73-4f8d-8b22-bb49cf9f3683;https://metadados.snirh.gov.br/files/b8f0487a-df73-4f8d-8b22-bb49cf9f3683/14_de_Julho.zip
14 de Julho;108,89000000000297;108,82000000000298;6,1222142343648;103,60749680699;UHE 14 de Julho - CAV SNHIR.xlsx;b8f0487a-df73-4f8d-8b22-bb49cf9f3683;https://metadados.snirh.gov.br/files/b8f0487a-df73-4f8d-8b22-bb49cf9f3683/14_de_Julho.zip
14 de Julho;108,90000000000298;108,83000000000298;6,1231596298827;103,66872324901999;UHE 14 de Julho - CAV SNHIR.xlsx;b8f0487a-df73-4f8d-8b22-bb49cf9f3683;https://metadados.snirh.gov.br/files/b8f0487a-df73-4f8d-8b22-bb49cf9f3683/14_de_Julho.zip
14 de Julho;108,91000000000298;108,84000000000299;6,1241045123113995;103,72995550363;UHE 14 de Julho - CAV SNHIR.xlsx;b8f0487a-df73-4f8d-8b22-bb49cf9f3683;https://metadados.snirh.gov.br/files/b8f0487a-df73-4f8d-8b22-bb49cf9f3683/14_de_Julho.zip
14 de Julho;108,92000000000299;108,85000000000299;6,1250488482358;103,7912050221;UHE 14 de Julho - CAV SNHIR.xlsx;b8f0487a-df73-4f8d-8b22-bb49cf9f3683;https://metadados.snirh.gov.br/files/b8f0487a-df73-4f8d-8b22-bb49cf9f3683/14_de_Julho.zip
14 de Julho;108,93000000000299;108,860000000003;6,125992571685501;103,85246606512;UHE 14 de Julho - CAV SNHIR.xlsx;b8f0487a-df73-4f8d-8b22-bb49cf9f3683;https://metadados.snirh.gov.br/files/b8f0487a-df73-4f8d-8b22-bb49cf9f3683/14_de_Julho.zip
14 de Julho;108,940000000003;108,870000000003;6,1269356170529;103,91373383885;UHE 14 de Julho - CAV SNHIR.xlsx;b8f0487a-df73-4f8d-8b22-bb49cf9f3683;https://metadados.snirh.gov.br/files/b8f0487a-df73-4f8d-8b22-bb49cf9f3683/14_de_Julho.zip
14 de Julho;108,950000000003;108,88000000000301;6,1278779382782;103,97500748753;UHE 14 de Julho - CAV SNHIR.xlsx;b8f0487a-df73-4f8d-8b22-bb49cf9f3683;https://metadados.snirh.gov.br/files/b8f0487a-df73-4f8d-8b22-bb49cf9f3683/14_de_Julho.zip
14 de Julho;108,960000000003;108,89000000000301;6,1288195677668;104,03629042265999;UHE 14 de Julho - CAV SNHIR.xlsx;b8f0487a-df73-4f8d-8b22-bb49cf9f3683;https://metadados.snirh.gov.br/files/b8f0487a-df73-4f8d-8b22-bb49cf9f3683/14_de_Julho.zip
14 de Julho;108,97000000000301;108,90000000000302;6,1297605318397;104,0975841487;UHE 14 de Julho - CAV SNHIR.xlsx;b8f0487a-df73-4f8d-8b22-bb49cf9f3683;https://metadados.snirh.gov.br/files/b8f0487a-df73-4f8d-8b22-bb49cf9f3683/14_de_Julho.zip
14 de Julho;108,98000000000302;108,91000000000302;6,1307007975625005;104,15888431456;UHE 14 de Julho - CAV SNHIR.xlsx;b8f0487a-df73-4f8d-8b22-bb49cf9f3683;https://metadados.snirh.gov.br/files/b8f0487a-df73-4f8d-8b22-bb49cf9f3683/14_de_Julho.zip
14 de Julho;108,99000000000302;108,92000000000303;6,1316402973129005;104,22019826729999;UHE 14 de Julho - CAV SNHIR.xlsx;b8f0487a-df73-4f8d-8b22-bb49cf9f3683;https://metadados.snirh.gov.br/files/b8f0487a-df73-4f8d-8b22-bb49cf9f3683/14_de_Julho.zip
14 de Julho;109,00000000000303;108,93000000000303;6,1325789448557;104,28152203139;UHE 14 de Julho - CAV SNHIR.xlsx;b8f0487a-df73-4f8d-8b22-bb49cf9f3683;https://metadados.snirh.gov.br/files/b8f0487a-df73-4f8d-8b22-bb49cf9f3683/14_de_Julho.zip
14 de Julho;109,01000000000303;108,94000000000304;6,1335166633657;104,34286115459;UHE 14 de Julho - CAV SNHIR.xlsx;b8f0487a-df73-4f8d-8b22-bb49cf9f3683;https://metadados.snirh.gov.br/files/b8f0487a-df73-4f8d-8b22-bb49cf9f3683/14_de_Julho.zip
14 de Julho;109,02000000000304;108,95000000000304;6,1344534768861;104,40420361619;UHE 14 de Julho - CAV SNHIR.xlsx;b8f0487a-df73-4f8d-8b22-bb49cf9f3683;https://metadados.snirh.gov.br/files/b8f0487a-df73-4f8d-8b22-bb49cf9f3683/14_de_Julho.zip
14 de Julho;109,03000000000304;108,96000000000305;6,1353893389053;104,46555656714;UHE 14 de Julho - CAV SNHIR.xlsx;b8f0487a-df73-4f8d-8b22-bb49cf9f3683;https://metadados.snirh.gov.br/files/b8f0487a-df73-4f8d-8b22-bb49cf9f3683/14_de_Julho.zip
14 de Julho;109,04000000000305;108,97000000000305;6,1363241855954;104,52691580207001;UHE 14 de Julho - CAV SNHIR.xlsx;b8f0487a-df73-4f8d-8b22-bb49cf9f3683;https://metadados.snirh.gov.br/files/b8f0487a-df73-4f8d-8b22-bb49cf9f3683/14_de_Julho.zip
14 de Julho;109,05000000000305;108,98000000000306;6,1372579360267;104,58828952971;UHE 14 de Julho - CAV SNHIR.xlsx;b8f0487a-df73-4f8d-8b22-bb49cf9f3683;https://metadados.snirh.gov.br/files/b8f0487a-df73-4f8d-8b22-bb49cf9f3683/14_de_Julho.zip
14 de Julho;109,06000000000306;108,99000000000306;6,1381905964546;104,64967245675001;UHE 14 de Julho - CAV SNHIR.xlsx;b8f0487a-df73-4f8d-8b22-bb49cf9f3683;https://metadados.snirh.gov.br/files/b8f0487a-df73-4f8d-8b22-bb49cf9f3683/14_de_Julho.zip
14 de Julho;109,07000000000306;109,00000000000307;6,1391221927045;104,71106645963;UHE 14 de Julho - CAV SNHIR.xlsx;b8f0487a-df73-4f8d-8b22-bb49cf9f3683;https://metadados.snirh.gov.br/files/b8f0487a-df73-4f8d-8b22-bb49cf9f3683/14_de_Julho.zip
14 de Julho;109,08000000000307;109,01000000000307;6,1400525563059;104,77246726859;UHE 14 de Julho - CAV SNHIR.xlsx;b8f0487a-df73-4f8d-8b22-bb49cf9f3683;https://metadados.snirh.gov.br/files/b8f0487a-df73-4f8d-8b22-bb49cf9f3683/14_de_Julho.zip
14 de Julho;109,09000000000307;109,02000000000308;6,1409814897104;104,83387930493001;UHE 14 de Julho - CAV SNHIR.xlsx;b8f0487a-df73-4f8d-8b22-bb49cf9f3683;https://metadados.snirh.gov.br/files/b8f0487a-df73-4f8d-8b22-bb49cf9f3683/14_de_Julho.zip
14 de Julho;109,10000000000308;109,03000000000308;6,141909076381101;104,89529578794;UHE 14 de Julho - CAV SNHIR.xlsx;b8f0487a-df73-4f8d-8b22-bb49cf9f3683;https://metadados.snirh.gov.br/files/b8f0487a-df73-4f8d-8b22-bb49cf9f3683/14_de_Julho.zip
14 de Julho;109,11000000000308;109,04000000000309;6,1428353538671;104,9567209243;UHE 14 de Julho - CAV SNHIR.xlsx;b8f0487a-df73-4f8d-8b22-bb49cf9f3683;https://metadados.snirh.gov.br/files/b8f0487a-df73-4f8d-8b22-bb49cf9f3683/14_de_Julho.zip
14 de Julho;109,12000000000309;109,0500000000031;6,1437603589509;105,0181622291;UHE 14 de Julho - CAV SNHIR.xlsx;b8f0487a-df73-4f8d-8b22-bb49cf9f3683;https://metadados.snirh.gov.br/files/b8f0487a-df73-4f8d-8b22-bb49cf9f3683/14_de_Julho.zip
14 de Julho;109,1300000000031;109,0600000000031;6,1446837753334;105,07960758362;UHE 14 de Julho - CAV SNHIR.xlsx;b8f0487a-df73-4f8d-8b22-bb49cf9f3683;https://metadados.snirh.gov.br/files/b8f0487a-df73-4f8d-8b22-bb49cf9f3683/14_de_Julho.zip
14 de Julho;109,1400000000031;109,0700000000031;6,1456052956819;105,14106530357;UHE 14 de Julho - CAV SNHIR.xlsx;b8f0487a-df73-4f8d-8b22-bb49cf9f3683;https://metadados.snirh.gov.br/files/b8f0487a-df73-4f8d-8b22-bb49cf9f3683/14_de_Julho.zip
14 de Julho;109,1500000000031;109,08000000000311;6,1465249516017995;105,20253605433001;UHE 14 de Julho - CAV SNHIR.xlsx;b8f0487a-df73-4f8d-8b22-bb49cf9f3683;https://metadados.snirh.gov.br/files/b8f0487a-df73-4f8d-8b22-bb49cf9f3683/14_de_Julho.zip
14 de Julho;109,16000000000311;109,09000000000312;6,1474427206114;105,26401404469;UHE 14 de Julho - CAV SNHIR.xlsx;b8f0487a-df73-4f8d-8b22-bb49cf9f3683;https://metadados.snirh.gov.br/files/b8f0487a-df73-4f8d-8b22-bb49cf9f3683/14_de_Julho.zip
14 de Julho;109,17000000000311;109,10000000000312;6,1483586382765;105,32549870803;UHE 14 de Julho - CAV SNHIR.xlsx;b8f0487a-df73-4f8d-8b22-bb49cf9f3683;https://metadados.snirh.gov.br/files/b8f0487a-df73-4f8d-8b22-bb49cf9f3683/14_de_Julho.zip
14 de Julho;109,18000000000312;109,11000000000313;6,1492729543609;105,38699000655;UHE 14 de Julho - CAV SNHIR.xlsx;b8f0487a-df73-4f8d-8b22-bb49cf9f3683;https://metadados.snirh.gov.br/files/b8f0487a-df73-4f8d-8b22-bb49cf9f3683/14_de_Julho.zip
14 de Julho;109,19000000000312;109,12000000000313;6,1501859192394;105,4484994353;UHE 14 de Julho - CAV SNHIR.xlsx;b8f0487a-df73-4f8d-8b22-bb49cf9f3683;https://metadados.snirh.gov.br/files/b8f0487a-df73-4f8d-8b22-bb49cf9f3683/14_de_Julho.zip
14 de Julho;109,20000000000313;109,13000000000314;6,151097822180899;105,51001675184999;UHE 14 de Julho - CAV SNHIR.xlsx;b8f0487a-df73-4f8d-8b22-bb49cf9f3683;https://metadados.snirh.gov.br/files/b8f0487a-df73-4f8d-8b22-bb49cf9f3683/14_de_Julho.zip
14 de Julho;109,21000000000313;109,14000000000314;6,1520046997324;105,5715379425;UHE 14 de Julho - CAV SNHIR.xlsx;b8f0487a-df73-4f8d-8b22-bb49cf9f3683;https://metadados.snirh.gov.br/files/b8f0487a-df73-4f8d-8b22-bb49cf9f3683/14_de_Julho.zip
14 de Julho;109,22000000000314;109,15000000000315;6,1529072302789;105,63307064406;UHE 14 de Julho - CAV SNHIR.xlsx;b8f0487a-df73-4f8d-8b22-bb49cf9f3683;https://metadados.snirh.gov.br/files/b8f0487a-df73-4f8d-8b22-bb49cf9f3683/14_de_Julho.zip
14 de Julho;109,23000000000314;109,16000000000315;6,153806623427;105,69460979816;UHE 14 de Julho - CAV SNHIR.xlsx;b8f0487a-df73-4f8d-8b22-bb49cf9f3683;https://metadados.snirh.gov.br/files/b8f0487a-df73-4f8d-8b22-bb49cf9f3683/14_de_Julho.zip
14 de Julho;109,24000000000315;109,17000000000316;6,1547030688183995;105,75616337338;UHE 14 de Julho - CAV SNHIR.xlsx;b8f0487a-df73-4f8d-8b22-bb49cf9f3683;https://metadados.snirh.gov.br/files/b8f0487a-df73-4f8d-8b22-bb49cf9f3683/14_de_Julho.zip
14 de Julho;109,25000000000315;109,18000000000316;6,1555961458232;105,81771953142001;UHE 14 de Julho - CAV SNHIR.xlsx;b8f0487a-df73-4f8d-8b22-bb49cf9f3683;https://metadados.snirh.gov.br/files/b8f0487a-df73-4f8d-8b22-bb49cf9f3683/14_de_Julho.zip
14 de Julho;109,26000000000316;109,19000000000317;6,156485702706401;105,87928585584;UHE 14 de Julho - CAV SNHIR.xlsx;b8f0487a-df73-4f8d-8b22-bb49cf9f3683;https://metadados.snirh.gov.br/files/b8f0487a-df73-4f8d-8b22-bb49cf9f3683/14_de_Julho.zip
14 de Julho;109,27000000000317;109,20000000000317;6,1573716392314;105,94086523668;UHE 14 de Julho - CAV SNHIR.xlsx;b8f0487a-df73-4f8d-8b22-bb49cf9f3683;https://metadados.snirh.gov.br/files/b8f0487a-df73-4f8d-8b22-bb49cf9f3683/14_de_Julho.zip
14 de Julho;109,28000000000317;109,21000000000318;6,1582537478395;106,00245052304;UHE 14 de Julho - CAV SNHIR.xlsx;b8f0487a-df73-4f8d-8b22-bb49cf9f3683;https://metadados.snirh.gov.br/files/b8f0487a-df73-4f8d-8b22-bb49cf9f3683/14_de_Julho.zip
14 de Julho;109,29000000000318;109,22000000000318;6,1591319859002;106,06404274162;UHE 14 de Julho - CAV SNHIR.xlsx;b8f0487a-df73-4f8d-8b22-bb49cf9f3683;https://metadados.snirh.gov.br/files/b8f0487a-df73-4f8d-8b22-bb49cf9f3683/14_de_Julho.zip
14 de Julho;109,30000000000318;109,23000000000319;6,160006276944;106,12565221851;UHE 14 de Julho - CAV SNHIR.xlsx;b8f0487a-df73-4f8d-8b22-bb49cf9f3683;https://metadados.snirh.gov.br/files/b8f0487a-df73-4f8d-8b22-bb49cf9f3683/14_de_Julho.zip
14 de Julho;109,31000000000319;109,24000000000319;6,1608763881256;106,18726776126;UHE 14 de Julho - CAV SNHIR.xlsx;b8f0487a-df73-4f8d-8b22-bb49cf9f3683;https://metadados.snirh.gov.br/files/b8f0487a-df73-4f8d-8b22-bb49cf9f3683/14_de_Julho.zip
14 de Julho;109,32000000000319;109,2500000000032;6,1617420706492005;106,24888884952;UHE 14 de Julho - CAV SNHIR.xlsx;b8f0487a-df73-4f8d-8b22-bb49cf9f3683;https://metadados.snirh.gov.br/files/b8f0487a-df73-4f8d-8b22-bb49cf9f3683/14_de_Julho.zip
14 de Julho;109,3300000000032;109,2600000000032;6,1626029963101;106,31052196107;UHE 14 de Julho - CAV SNHIR.xlsx;b8f0487a-df73-4f8d-8b22-bb49cf9f3683;https://metadados.snirh.gov.br/files/b8f0487a-df73-4f8d-8b22-bb49cf9f3683/14_de_Julho.zip
14 de Julho;109,3400000000032;109,27000000000321;6,1634590851734;106,37215822672;UHE 14 de Julho - CAV SNHIR.xlsx;b8f0487a-df73-4f8d-8b22-bb49cf9f3683;https://metadados.snirh.gov.br/files/b8f0487a-df73-4f8d-8b22-bb49cf9f3683/14_de_Julho.zip
14 de Julho;109,3500000000032;109,28000000000321;6,1643101558194004;106,4338117683;UHE 14 de Julho - CAV SNHIR.xlsx;b8f0487a-df73-4f8d-8b22-bb49cf9f3683;https://metadados.snirh.gov.br/files/b8f0487a-df73-4f8d-8b22-bb49cf9f3683/14_de_Julho.zip
14 de Julho;109,36000000000321;109,29000000000322;6,1651559755026;106,49547311557;UHE 14 de Julho - CAV SNHIR.xlsx;b8f0487a-df73-4f8d-8b22-bb49cf9f3683;https://metadados.snirh.gov.br/files/b8f0487a-df73-4f8d-8b22-bb49cf9f3683/14_de_Julho.zip
14 de Julho;109,37000000000322;109,30000000000322;6,1659964200936;106,55713606593999;UHE 14 de Julho - CAV SNHIR.xlsx;b8f0487a-df73-4f8d-8b22-bb49cf9f3683;https://metadados.snirh.gov.br/files/b8f0487a-df73-4f8d-8b22-bb49cf9f3683/14_de_Julho.zip
14 de Julho;109,38000000000322;109,31000000000323;6,1668313289308;106,61881406472;UHE 14 de Julho - CAV SNHIR.xlsx;b8f0487a-df73-4f8d-8b22-bb49cf9f3683;https://metadados.snirh.gov.br/files/b8f0487a-df73-4f8d-8b22-bb49cf9f3683/14_de_Julho.zip
14 de Julho;109,39000000000323;109,32000000000323;6,167660382573501;106,68049963865;UHE 14 de Julho - CAV SNHIR.xlsx;b8f0487a-df73-4f8d-8b22-bb49cf9f3683;https://metadados.snirh.gov.br/files/b8f0487a-df73-4f8d-8b22-bb49cf9f3683/14_de_Julho.zip
14 de Julho;109,40000000000323;109,33000000000324;6,1684832366245;106,74219806317;UHE 14 de Julho - CAV SNHIR.xlsx;b8f0487a-df73-4f8d-8b22-bb49cf9f3683;https://metadados.snirh.gov.br/files/b8f0487a-df73-4f8d-8b22-bb49cf9f3683/14_de_Julho.zip
14 de Julho;109,41000000000324;109,34000000000324;6,1692998419436;106,80389989098;UHE 14 de Julho - CAV SNHIR.xlsx;b8f0487a-df73-4f8d-8b22-bb49cf9f3683;https://metadados.snirh.gov.br/files/b8f0487a-df73-4f8d-8b22-bb49cf9f3683/14_de_Julho.zip
14 de Julho;109,42000000000324;109,35000000000325;6,1701099937783;106,86561104559;UHE 14 de Julho - CAV SNHIR.xlsx;b8f0487a-df73-4f8d-8b22-bb49cf9f3683;https://metadados.snirh.gov.br/files/b8f0487a-df73-4f8d-8b22-bb49cf9f3683/14_de_Julho.zip
14 de Julho;109,43000000000325;109,36000000000325;6,1709135413031;106,92733285161;UHE 14 de Julho - CAV SNHIR.xlsx;b8f0487a-df73-4f8d-8b22-bb49cf9f3683;https://metadados.snirh.gov.br/files/b8f0487a-df73-4f8d-8b22-bb49cf9f3683/14_de_Julho.zip
14 de Julho;109,44000000000325;109,37000000000326;6,1717101655933995;106,98906107118;UHE 14 de Julho - CAV SNHIR.xlsx;b8f0487a-df73-4f8d-8b22-bb49cf9f3683;https://metadados.snirh.gov.br/files/b8f0487a-df73-4f8d-8b22-bb49cf9f3683/14_de_Julho.zip
14 de Julho;109,45000000000326;109,38000000000326;6,1724996588735;107,05080293993001;UHE 14 de Julho - CAV SNHIR.xlsx;b8f0487a-df73-4f8d-8b22-bb49cf9f3683;https://metadados.snirh.gov.br/files/b8f0487a-df73-4f8d-8b22-bb49cf9f3683/14_de_Julho.zip
14 de Julho;109,46000000000326;109,39000000000327;6,1732816780279;107,11255048425;UHE 14 de Julho - CAV SNHIR.xlsx;b8f0487a-df73-4f8d-8b22-bb49cf9f3683;https://metadados.snirh.gov.br/files/b8f0487a-df73-4f8d-8b22-bb49cf9f3683/14_de_Julho.zip
14 de Julho;109,47000000000327;109,40000000000327;6,174056000139;107,17430609233;UHE 14 de Julho - CAV SNHIR.xlsx;b8f0487a-df73-4f8d-8b22-bb49cf9f3683;https://metadados.snirh.gov.br/files/b8f0487a-df73-4f8d-8b22-bb49cf9f3683/14_de_Julho.zip
14 de Julho;109,48000000000327;109,41000000000328;6,1748222076634;107,2360742802;UHE 14 de Julho - CAV SNHIR.xlsx;b8f0487a-df73-4f8d-8b22-bb49cf9f3683;https://metadados.snirh.gov.br/files/b8f0487a-df73-4f8d-8b22-bb49cf9f3683/14_de_Julho.zip
14 de Julho;109,49000000000328;109,42000000000328;6,1755800963500995;107,29784603985;UHE 14 de Julho - CAV SNHIR.xlsx;b8f0487a-df73-4f8d-8b22-bb49cf9f3683;https://metadados.snirh.gov.br/files/b8f0487a-df73-4f8d-8b22-bb49cf9f3683/14_de_Julho.zip
14 de Julho;109,50000000000328;109,43000000000329;6,1763293840966;107,35963330302;UHE 14 de Julho - CAV SNHIR.xlsx;b8f0487a-df73-4f8d-8b22-bb49cf9f3683;https://metadados.snirh.gov.br/files/b8f0487a-df73-4f8d-8b22-bb49cf9f3683/14_de_Julho.zip
14 de Julho;109,51000000000329;109,4400000000033;6,177069722891;107,42142216463999;UHE 14 de Julho - CAV SNHIR.xlsx;b8f0487a-df73-4f8d-8b22-bb49cf9f3683;https://metadados.snirh.gov.br/files/b8f0487a-df73-4f8d-8b22-bb49cf9f3683/14_de_Julho.zip
14 de Julho;109,5200000000033;109,4500000000033;6,177800680429001;107,48322449244999;UHE 14 de Julho - CAV SNHIR.xlsx;b8f0487a-df73-4f8d-8b22-bb49cf9f3683;https://metadados.snirh.gov.br/files/b8f0487a-df73-4f8d-8b22-bb49cf9f3683/14_de_Julho.zip
14 de Julho;109,5300000000033;109,4600000000033;6,1785219986452;107,5450309589;UHE 14 de Julho - CAV SNHIR.xlsx;b8f0487a-df73-4f8d-8b22-bb49cf9f3683;https://metadados.snirh.gov.br/files/b8f0487a-df73-4f8d-8b22-bb49cf9f3683/14_de_Julho.zip
14 de Julho;109,5400000000033;109,47000000000331;6,1792333230934;107,60685241752;UHE 14 de Julho - CAV SNHIR.xlsx;b8f0487a-df73-4f8d-8b22-bb49cf9f3683;https://metadados.snirh.gov.br/files/b8f0487a-df73-4f8d-8b22-bb49cf9f3683/14_de_Julho.zip
14 de Julho;109,55000000000331;109,48000000000332;6,179934313665799;107,66868254837;UHE 14 de Julho - CAV SNHIR.xlsx;b8f0487a-df73-4f8d-8b22-bb49cf9f3683;https://metadados.snirh.gov.br/files/b8f0487a-df73-4f8d-8b22-bb49cf9f3683/14_de_Julho.zip
14 de Julho;109,56000000000331;109,49000000000332;6,1806244606493;107,73051469624;UHE 14 de Julho - CAV SNHIR.xlsx;b8f0487a-df73-4f8d-8b22-bb49cf9f3683;https://metadados.snirh.gov.br/files/b8f0487a-df73-4f8d-8b22-bb49cf9f3683/14_de_Julho.zip
14 de Julho;109,57000000000332;109,50000000000333;6,1813034030849;107,79235487797;UHE 14 de Julho - CAV SNHIR.xlsx;b8f0487a-df73-4f8d-8b22-bb49cf9f3683;https://metadados.snirh.gov.br/files/b8f0487a-df73-4f8d-8b22-bb49cf9f3683/14_de_Julho.zip
14 de Julho;109,58000000000332;109,51000000000333;6,1819710521494;107,85420614111;UHE 14 de Julho - CAV SNHIR.xlsx;b8f0487a-df73-4f8d-8b22-bb49cf9f3683;https://metadados.snirh.gov.br/files/b8f0487a-df73-4f8d-8b22-bb49cf9f3683/14_de_Julho.zip
14 de Julho;109,59000000000333;109,52000000000334;6,1826268879445;107,91606180132;UHE 14 de Julho - CAV SNHIR.xlsx;b8f0487a-df73-4f8d-8b22-bb49cf9f3683;https://metadados.snirh.gov.br/files/b8f0487a-df73-4f8d-8b22-bb49cf9f3683/14_de_Julho.zip
14 de Julho;109,60000000000333;109,53000000000334;6,183270616053701;107,9779296744;UHE 14 de Julho - CAV SNHIR.xlsx;b8f0487a-df73-4f8d-8b22-bb49cf9f3683;https://metadados.snirh.gov.br/files/b8f0487a-df73-4f8d-8b22-bb49cf9f3683/14_de_Julho.zip
14 de Julho;109,61000000000334;109,54000000000335;6,1839018989865;108,03980485529;UHE 14 de Julho - CAV SNHIR.xlsx;b8f0487a-df73-4f8d-8b22-bb49cf9f3683;https://metadados.snirh.gov.br/files/b8f0487a-df73-4f8d-8b22-bb49cf9f3683/14_de_Julho.zip
14 de Julho;109,62000000000334;109,55000000000335;6,184520367580199;108,10168539752;UHE 14 de Julho - CAV SNHIR.xlsx;b8f0487a-df73-4f8d-8b22-bb49cf9f3683;https://metadados.snirh.gov.br/files/b8f0487a-df73-4f8d-8b22-bb49cf9f3683/14_de_Julho.zip
14 de Julho;109,63000000000335;109,56000000000336;6,1851255889358;108,16357466934;UHE 14 de Julho - CAV SNHIR.xlsx;b8f0487a-df73-4f8d-8b22-bb49cf9f3683;https://metadados.snirh.gov.br/files/b8f0487a-df73-4f8d-8b22-bb49cf9f3683/14_de_Julho.zip
14 de Julho;109,64000000000335;109,57000000000336;6,1857172282042;108,22547501288;UHE 14 de Julho - CAV SNHIR.xlsx;b8f0487a-df73-4f8d-8b22-bb49cf9f3683;https://metadados.snirh.gov.br/files/b8f0487a-df73-4f8d-8b22-bb49cf9f3683/14_de_Julho.zip
14 de Julho;109,65000000000336;109,58000000000337;6,1862951474050005;108,28737338021999;UHE 14 de Julho - CAV SNHIR.xlsx;b8f0487a-df73-4f8d-8b22-bb49cf9f3683;https://metadados.snirh.gov.br/files/b8f0487a-df73-4f8d-8b22-bb49cf9f3683/14_de_Julho.zip
14 de Julho;109,66000000000336;109,59000000000337;6,186858970061199;108,34928372543999;UHE 14 de Julho - CAV SNHIR.xlsx;b8f0487a-df73-4f8d-8b22-bb49cf9f3683;https://metadados.snirh.gov.br/files/b8f0487a-df73-4f8d-8b22-bb49cf9f3683/14_de_Julho.zip
14 de Julho;109,67000000000337;109,60000000000338;6,1874086346357;108,41120490866;UHE 14 de Julho - CAV SNHIR.xlsx;b8f0487a-df73-4f8d-8b22-bb49cf9f3683;https://metadados.snirh.gov.br/files/b8f0487a-df73-4f8d-8b22-bb49cf9f3683/14_de_Julho.zip
14 de Julho;109,68000000000337;109,61000000000338;6,1879454810627;108,47313276109;UHE 14 de Julho - CAV SNHIR.xlsx;b8f0487a-df73-4f8d-8b22-bb49cf9f3683;https://metadados.snirh.gov.br/files/b8f0487a-df73-4f8d-8b22-bb49cf9f3683/14_de_Julho.zip
14 de Julho;109,69000000000338;109,62000000000339;6,1884649276607995;108,53505867629;UHE 14 de Julho - CAV SNHIR.xlsx;b8f0487a-df73-4f8d-8b22-bb49cf9f3683;https://metadados.snirh.gov.br/files/b8f0487a-df73-4f8d-8b22-bb49cf9f3683/14_de_Julho.zip
14 de Julho;109,70000000000339;109,63000000000339;6,1889666288358995;108,59699252139;UHE 14 de Julho - CAV SNHIR.xlsx;b8f0487a-df73-4f8d-8b22-bb49cf9f3683;https://metadados.snirh.gov.br/files/b8f0487a-df73-4f8d-8b22-bb49cf9f3683/14_de_Julho.zip
14 de Julho;109,71000000000339;109,6400000000034;6,1894511372848005;108,65893080201;UHE 14 de Julho - CAV SNHIR.xlsx;b8f0487a-df73-4f8d-8b22-bb49cf9f3683;https://metadados.snirh.gov.br/files/b8f0487a-df73-4f8d-8b22-bb49cf9f3683/14_de_Julho.zip
14 de Julho;109,7200000000034;109,6500000000034;6,1899183099832005;108,72087595258;UHE 14 de Julho - CAV SNHIR.xlsx;b8f0487a-df73-4f8d-8b22-bb49cf9f3683;https://metadados.snirh.gov.br/files/b8f0487a-df73-4f8d-8b22-bb49cf9f3683/14_de_Julho.zip
14 de Julho;109,7300000000034;109,66000000000341;6,1903682136007;108,78283144773;UHE 14 de Julho - CAV SNHIR.xlsx;b8f0487a-df73-4f8d-8b22-bb49cf9f3683;https://metadados.snirh.gov.br/files/b8f0487a-df73-4f8d-8b22-bb49cf9f3683/14_de_Julho.zip
14 de Julho;109,7400000000034;109,67000000000341;6,1908008643289;108,84479103464;UHE 14 de Julho - CAV SNHIR.xlsx;b8f0487a-df73-4f8d-8b22-bb49cf9f3683;https://metadados.snirh.gov.br/files/b8f0487a-df73-4f8d-8b22-bb49cf9f3683/14_de_Julho.zip
14 de Julho;109,75000000000341;109,68000000000342;6,191215778412801;108,90675253169;UHE 14 de Julho - CAV SNHIR.xlsx;b8f0487a-df73-4f8d-8b22-bb49cf9f3683;https://metadados.snirh.gov.br/files/b8f0487a-df73-4f8d-8b22-bb49cf9f3683/14_de_Julho.zip
14 de Julho;109,76000000000342;109,69000000000342;6,1916128802401005;108,96872131958;UHE 14 de Julho - CAV SNHIR.xlsx;b8f0487a-df73-4f8d-8b22-bb49cf9f3683;https://metadados.snirh.gov.br/files/b8f0487a-df73-4f8d-8b22-bb49cf9f3683/14_de_Julho.zip
14 de Julho;109,77000000000342;109,70000000000343;6,1919921796574;109,03069992876;UHE 14 de Julho - CAV SNHIR.xlsx;b8f0487a-df73-4f8d-8b22-bb49cf9f3683;https://metadados.snirh.gov.br/files/b8f0487a-df73-4f8d-8b22-bb49cf9f3683/14_de_Julho.zip
14 de Julho;109,78000000000343;109,71000000000343;6,1923532964068;109,09267536029;UHE 14 de Julho - CAV SNHIR.xlsx;b8f0487a-df73-4f8d-8b22-bb49cf9f3683;https://metadados.snirh.gov.br/files/b8f0487a-df73-4f8d-8b22-bb49cf9f3683/14_de_Julho.zip
14 de Julho;109,79000000000343;109,72000000000344;6,1926962276352;109,15465705775;UHE 14 de Julho - CAV SNHIR.xlsx;b8f0487a-df73-4f8d-8b22-bb49cf9f3683;https://metadados.snirh.gov.br/files/b8f0487a-df73-4f8d-8b22-bb49cf9f3683/14_de_Julho.zip
14 de Julho;109,80000000000344;109,73000000000344;6,1930208797769;109,21664710654;UHE 14 de Julho - CAV SNHIR.xlsx;b8f0487a-df73-4f8d-8b22-bb49cf9f3683;https://metadados.snirh.gov.br/files/b8f0487a-df73-4f8d-8b22-bb49cf9f3683/14_de_Julho.zip
14 de Julho;109,81000000000344;109,74000000000345;6,193326926488701;109,27863777051;UHE 14 de Julho - CAV SNHIR.xlsx;b8f0487a-df73-4f8d-8b22-bb49cf9f3683;https://metadados.snirh.gov.br/files/b8f0487a-df73-4f8d-8b22-bb49cf9f3683/14_de_Julho.zip
14 de Julho;109,82000000000345;109,75000000000345;6,1936139383521;109,34063519408;UHE 14 de Julho - CAV SNHIR.xlsx;b8f0487a-df73-4f8d-8b22-bb49cf9f3683;https://metadados.snirh.gov.br/files/b8f0487a-df73-4f8d-8b22-bb49cf9f3683/14_de_Julho.zip
14 de Julho;109,83000000000345;109,76000000000346;6,1938820178961;109,40263349032999;UHE 14 de Julho - CAV SNHIR.xlsx;b8f0487a-df73-4f8d-8b22-bb49cf9f3683;https://metadados.snirh.gov.br/files/b8f0487a-df73-4f8d-8b22-bb49cf9f3683/14_de_Julho.zip
14 de Julho;109,84000000000346;109,77000000000346;6,1941314406427;109,46462925561;UHE 14 de Julho - CAV SNHIR.xlsx;b8f0487a-df73-4f8d-8b22-bb49cf9f3683;https://metadados.snirh.gov.br/files/b8f0487a-df73-4f8d-8b22-bb49cf9f3683/14_de_Julho.zip
14 de Julho;109,85000000000346;109,78000000000347;6,1943622577806;109,52663546179;UHE 14 de Julho - CAV SNHIR.xlsx;b8f0487a-df73-4f8d-8b22-bb49cf9f3683;https://metadados.snirh.gov.br/files/b8f0487a-df73-4f8d-8b22-bb49cf9f3683/14_de_Julho.zip
14 de Julho;109,86000000000347;109,79000000000347;6,1945744968838;109,58864315019;UHE 14 de Julho - CAV SNHIR.xlsx;b8f0487a-df73-4f8d-8b22-bb49cf9f3683;https://metadados.snirh.gov.br/files/b8f0487a-df73-4f8d-8b22-bb49cf9f3683/14_de_Julho.zip
14 de Julho;109,87000000000347;109,80000000000348;6,194768483379;109,65064991115;UHE 14 de Julho - CAV SNHIR.xlsx;b8f0487a-df73-4f8d-8b22-bb49cf9f3683;https://metadados.snirh.gov.br/files/b8f0487a-df73-4f8d-8b22-bb49cf9f3683/14_de_Julho.zip
14 de Julho;109,88000000000348;109,81000000000348;6,1949442464463;109,71265938334;UHE 14 de Julho - CAV SNHIR.xlsx;b8f0487a-df73-4f8d-8b22-bb49cf9f3683;https://metadados.snirh.gov.br/files/b8f0487a-df73-4f8d-8b22-bb49cf9f3683/14_de_Julho.zip
14 de Julho;109,89000000000348;109,82000000000349;6,1951019989225;109,77467612109;UHE 14 de Julho - CAV SNHIR.xlsx;b8f0487a-df73-4f8d-8b22-bb49cf9f3683;https://metadados.snirh.gov.br/files/b8f0487a-df73-4f8d-8b22-bb49cf9f3683/14_de_Julho.zip
14 de Julho;109,90000000000349;109,8300000000035;6,1952417326155;109,83669257911;UHE 14 de Julho - CAV SNHIR.xlsx;b8f0487a-df73-4f8d-8b22-bb49cf9f3683;https://metadados.snirh.gov.br/files/b8f0487a-df73-4f8d-8b22-bb49cf9f3683/14_de_Julho.zip
14 de Julho;109,91000000000349;109,8400000000035;6,1953638355547005;109,89870679519001;UHE 14 de Julho - CAV SNHIR.xlsx;b8f0487a-df73-4f8d-8b22-bb49cf9f3683;https://metadados.snirh.gov.br/files/b8f0487a-df73-4f8d-8b22-bb49cf9f3683/14_de_Julho.zip
14 de Julho;109,9200000000035;109,8500000000035;6,1954691603512995;109,96072732511;UHE 14 de Julho - CAV SNHIR.xlsx;b8f0487a-df73-4f8d-8b22-bb49cf9f3683;https://metadados.snirh.gov.br/files/b8f0487a-df73-4f8d-8b22-bb49cf9f3683/14_de_Julho.zip
14 de Julho;109,9300000000035;109,86000000000351;6,1955581003812;110,02274736436;UHE 14 de Julho - CAV SNHIR.xlsx;b8f0487a-df73-4f8d-8b22-bb49cf9f3683;https://metadados.snirh.gov.br/files/b8f0487a-df73-4f8d-8b22-bb49cf9f3683/14_de_Julho.zip
14 de Julho;109,94000000000351;109,87000000000351;6,1956316311474;110,08476537565001;UHE 14 de Julho - CAV SNHIR.xlsx;b8f0487a-df73-4f8d-8b22-bb49cf9f3683;https://metadados.snirh.gov.br/files/b8f0487a-df73-4f8d-8b22-bb49cf9f3683/14_de_Julho.zip
14 de Julho;109,95000000000351;109,88000000000352;6,1956910619086;110,14678433962;UHE 14 de Julho - CAV SNHIR.xlsx;b8f0487a-df73-4f8d-8b22-bb49cf9f3683;https://metadados.snirh.gov.br/files/b8f0487a-df73-4f8d-8b22-bb49cf9f3683/14_de_Julho.zip
14 de Julho;109,96000000000352;109,89000000000352;6,195737801597899;110,2087963628;UHE 14 de Julho - CAV SNHIR.xlsx;b8f0487a-df73-4f8d-8b22-bb49cf9f3683;https://metadados.snirh.gov.br/files/b8f0487a-df73-4f8d-8b22-bb49cf9f3683/14_de_Julho.zip
14 de Julho;109,97000000000352;109,90000000000353;6,1957731862348995;110,27080264997;UHE 14 de Julho - CAV SNHIR.xlsx;b8f0487a-df73-4f8d-8b22-bb49cf9f3683;https://metadados.snirh.gov.br/files/b8f0487a-df73-4f8d-8b22-bb49cf9f3683/14_de_Julho.zip
14 de Julho;109,98000000000353;109,91000000000354;6,1957988087138;110,33280594347;UHE 14 de Julho - CAV SNHIR.xlsx;b8f0487a-df73-4f8d-8b22-bb49cf9f3683;https://metadados.snirh.gov.br/files/b8f0487a-df73-4f8d-8b22-bb49cf9f3683/14_de_Julho.zip
14 de Julho;109,99000000000353;109,92000000000354;6,1958154263453;110,39480763134999;UHE 14 de Julho - CAV SNHIR.xlsx;b8f0487a-df73-4f8d-8b22-bb49cf9f3683;https://metadados.snirh.gov.br/files/b8f0487a-df73-4f8d-8b22-bb49cf9f3683/14_de_Julho.zip
14 de Julho;110,00000000000354;109,93000000000355;6,1958256709045;110,45680171167;UHE 14 de Julho - CAV SNHIR.xlsx;b8f0487a-df73-4f8d-8b22-bb49cf9f3683;https://metadados.snirh.gov.br/files/b8f0487a-df73-4f8d-8b22-bb49cf9f3683/14_de_Julho.zip
Castro Alves;187,05;186,9;0,0;0,0;UHE Castro Alves - CAV SNIRH.xlsx;b8f0487a-df73-4f8d-8b22-bb49cf9f3683;https://metadados.snirh.gov.br/files/b8f0487a-df73-4f8d-8b22-bb49cf9f3683/Castro_Alves.zip
Castro Alves;187,15;187,0;1,2556193862434e-05;1,4174184250687e-07;UHE Castro Alves - CAV SNIRH.xlsx;b8f0487a-df73-4f8d-8b22-bb49cf9f3683;https://metadados.snirh.gov.br/files/b8f0487a-df73-4f8d-8b22-bb49cf9f3683/Castro_Alves.zip
Castro Alves;187,25;187,1;0,00020669130910664;8,989330255234699e-06;UHE Castro Alves - CAV SNIRH.xlsx;b8f0487a-df73-4f8d-8b22-bb49cf9f3683;https://metadados.snirh.gov.br/files/b8f0487a-df73-4f8d-8b22-bb49cf9f3683/Castro_Alves.zip
Castro Alves;187,35;187,2;0,00040622974441911996;3,9479017494142e-05;UHE Castro Alves - CAV SNIRH.xlsx;b8f0487a-df73-4f8d-8b22-bb49cf9f3683;https://metadados.snirh.gov.br/files/b8f0487a-df73-4f8d-8b22-bb49cf9f3683/Castro_Alves.zip
Castro Alves;187,45;187,29999999999998;0,00062515427139172;9,015690119649599e-05;UHE Castro Alves - CAV SNIRH.xlsx;b8f0487a-df73-4f8d-8b22-bb49cf9f3683;https://metadados.snirh.gov.br/files/b8f0487a-df73-4f8d-8b22-bb49cf9f3683/Castro_Alves.zip
Castro Alves;187,54999999999998;187,39999999999998;0,00089749048447012;0,0001651743937521;UHE Castro Alves - CAV SNIRH.xlsx;b8f0487a-df73-4f8d-8b22-bb49cf9f3683;https://metadados.snirh.gov.br/files/b8f0487a-df73-4f8d-8b22-bb49cf9f3683/Castro_Alves.zip
Castro Alves;187,64999999999998;187,49999999999997;0,0012337766681801;0,00027130509043079003;UHE Castro Alves - CAV SNIRH.xlsx;b8f0487a-df73-4f8d-8b22-bb49cf9f3683;https://metadados.snirh.gov.br/files/b8f0487a-df73-4f8d-8b22-bb49cf9f3683/Castro_Alves.zip
Castro Alves;187,74999999999997;187,59999999999997;0,0016249259049920999;0,00041204942102523;UHE Castro Alves - CAV SNIRH.xlsx;b8f0487a-df73-4f8d-8b22-bb49cf9f3683;https://metadados.snirh.gov.br/files/b8f0487a-df73-4f8d-8b22-bb49cf9f3683/Castro_Alves.zip
Castro Alves;187,84999999999997;187,69999999999996;0,0021497020933394003;0,00060010418697444;UHE Castro Alves - CAV SNIRH.xlsx;b8f0487a-df73-4f8d-8b22-bb49cf9f3683;https://metadados.snirh.gov.br/files/b8f0487a-df73-4f8d-8b22-bb49cf9f3683/Castro_Alves.zip
Castro Alves;187,94999999999996;187,79999999999995;0,0027174064364701997;0,0008428848894137399;UHE Castro Alves - CAV SNIRH.xlsx;b8f0487a-df73-4f8d-8b22-bb49cf9f3683;https://metadados.snirh.gov.br/files/b8f0487a-df73-4f8d-8b22-bb49cf9f3683/Castro_Alves.zip
Castro Alves;188,04999999999995;187,89999999999995;0,0032737096677389;0,0011417490697062;UHE Castro Alves - CAV SNIRH.xlsx;b8f0487a-df73-4f8d-8b22-bb49cf9f3683;https://metadados.snirh.gov.br/files/b8f0487a-df73-4f8d-8b22-bb49cf9f3683/Castro_Alves.zip
Castro Alves;188,14999999999995;187,99999999999994;0,0038266501999771;0,001496744797245;UHE Castro Alves - CAV SNIRH.xlsx;b8f0487a-df73-4f8d-8b22-bb49cf9f3683;https://metadados.snirh.gov.br/files/b8f0487a-df73-4f8d-8b22-bb49cf9f3683/Castro_Alves.zip
Castro Alves;188,24999999999994;188,09999999999994;0,0042803450511371;0,0019018717459994;UHE Castro Alves - CAV SNIRH.xlsx;b8f0487a-df73-4f8d-8b22-bb49cf9f3683;https://metadados.snirh.gov.br/files/b8f0487a-df73-4f8d-8b22-bb49cf9f3683/Castro_Alves.zip
Castro Alves;188,34999999999994;188,19999999999993;0,004674980672626499;0,0023494492232788004;UHE Castro Alves - CAV SNIRH.xlsx;b8f0487a-df73-4f8d-8b22-bb49cf9f3683;https://metadados.snirh.gov.br/files/b8f0487a-df73-4f8d-8b22-bb49cf9f3683/Castro_Alves.zip
Castro Alves;188,44999999999993;188,29999999999993;0,0051025707505641;0,0028371468673719;UHE Castro Alves - CAV SNIRH.xlsx;b8f0487a-df73-4f8d-8b22-bb49cf9f3683;https://metadados.snirh.gov.br/files/b8f0487a-df73-4f8d-8b22-bb49cf9f3683/Castro_Alves.zip
Castro Alves;188,54999999999993;188,39999999999992;0,0055702705855893;0,0033690318138789;UHE Castro Alves - CAV SNIRH.xlsx;b8f0487a-df73-4f8d-8b22-bb49cf9f3683;https://metadados.snirh.gov.br/files/b8f0487a-df73-4f8d-8b22-bb49cf9f3683/Castro_Alves.zip
Castro Alves;188,64999999999992;188,49999999999991;0,0063076337669089;0,0039629168381922;UHE Castro Alves - CAV SNIRH.xlsx;b8f0487a-df73-4f8d-8b22-bb49cf9f3683;https://metadados.snirh.gov.br/files/b8f0487a-df73-4f8d-8b22-bb49cf9f3683/Castro_Alves.zip
Castro Alves;188,74999999999991;188,5999999999999;0,0069808433253144;0,0046278652411249005;UHE Castro Alves - CAV SNIRH.xlsx;b8f0487a-df73-4f8d-8b22-bb49cf9f3683;https://metadados.snirh.gov.br/files/b8f0487a-df73-4f8d-8b22-bb49cf9f3683/Castro_Alves.zip
Castro Alves;188,8499999999999;188,6999999999999;0,007631439266569301;0,0053561886636549;UHE Castro Alves - CAV SNIRH.xlsx;b8f0487a-df73-4f8d-8b22-bb49cf9f3683;https://metadados.snirh.gov.br/files/b8f0487a-df73-4f8d-8b22-bb49cf9f3683/Castro_Alves.zip
Castro Alves;188,9499999999999;188,7999999999999;0,0082972024941856;0,0061522498032024996;UHE Castro Alves - CAV SNIRH.xlsx;b8f0487a-df73-4f8d-8b22-bb49cf9f3683;https://metadados.snirh.gov.br/files/b8f0487a-df73-4f8d-8b22-bb49cf9f3683/Castro_Alves.zip
Castro Alves;189,0499999999999;188,8999999999999;0,0090672163992812;0,0070182898725233;UHE Castro Alves - CAV SNIRH.xlsx;b8f0487a-df73-4f8d-8b22-bb49cf9f3683;https://metadados.snirh.gov.br/files/b8f0487a-df73-4f8d-8b22-bb49cf9f3683/Castro_Alves.zip
Castro Alves;189,1499999999999;188,9999999999999;0,0099064515047163;0,007965153050247399;UHE Castro Alves - CAV SNIRH.xlsx;b8f0487a-df73-4f8d-8b22-bb49cf9f3683;https://metadados.snirh.gov.br/files/b8f0487a-df73-4f8d-8b22-bb49cf9f3683/Castro_Alves.zip
Castro Alves;189,2499999999999;189,09999999999988;0,010697274879857;0,0089946505359508;UHE Castro Alves - CAV SNIRH.xlsx;b8f0487a-df73-4f8d-8b22-bb49cf9f3683;https://metadados.snirh.gov.br/files/b8f0487a-df73-4f8d-8b22-bb49cf9f3683/Castro_Alves.zip
Castro Alves;189,34999999999988;189,19999999999987;0,011493873711737001;0,010102914887077;UHE Castro Alves - CAV SNIRH.xlsx;b8f0487a-df73-4f8d-8b22-bb49cf9f3683;https://metadados.snirh.gov.br/files/b8f0487a-df73-4f8d-8b22-bb49cf9f3683/Castro_Alves.zip
Castro Alves;189,44999999999987;189,29999999999987;0,012401298166274;0,011294038947853;UHE Castro Alves - CAV SNIRH.xlsx;b8f0487a-df73-4f8d-8b22-bb49cf9f3683;https://metadados.snirh.gov.br/files/b8f0487a-df73-4f8d-8b22-bb49cf9f3683/Castro_Alves.zip
Castro Alves;189,54999999999987;189,39999999999986;0,013639267278711;0,01259447871036;UHE Castro Alves - CAV SNIRH.xlsx;b8f0487a-df73-4f8d-8b22-bb49cf9f3683;https://metadados.snirh.gov.br/files/b8f0487a-df73-4f8d-8b22-bb49cf9f3683/Castro_Alves.zip
Castro Alves;189,64999999999986;189,49999999999986;0,014882787614482;0,014018433773383;UHE Castro Alves - CAV SNIRH.xlsx;b8f0487a-df73-4f8d-8b22-bb49cf9f3683;https://metadados.snirh.gov.br/files/b8f0487a-df73-4f8d-8b22-bb49cf9f3683/Castro_Alves.zip
Castro Alves;189,74999999999986;189,59999999999985;0,016127244584208;0,015567797430459001;UHE Castro Alves - CAV SNIRH.xlsx;b8f0487a-df73-4f8d-8b22-bb49cf9f3683;https://metadados.snirh.gov.br/files/b8f0487a-df73-4f8d-8b22-bb49cf9f3683/Castro_Alves.zip
Castro Alves;189,84999999999985;189,69999999999985;0,017481445386224002;0,017245040495185;UHE Castro Alves - CAV SNIRH.xlsx;b8f0487a-df73-4f8d-8b22-bb49cf9f3683;https://metadados.snirh.gov.br/files/b8f0487a-df73-4f8d-8b22-bb49cf9f3683/Castro_Alves.zip
Castro Alves;189,94999999999985;189,79999999999984;0,018864967191969;0,019060075827756998;UHE Castro Alves - CAV SNIRH.xlsx;b8f0487a-df73-4f8d-8b22-bb49cf9f3683;https://metadados.snirh.gov.br/files/b8f0487a-df73-4f8d-8b22-bb49cf9f3683/Castro_Alves.zip
Castro Alves;190,04999999999984;189,89999999999984;0,020269393572709;0,021013983686294;UHE Castro Alves - CAV SNIRH.xlsx;b8f0487a-df73-4f8d-8b22-bb49cf9f3683;https://metadados.snirh.gov.br/files/b8f0487a-df73-4f8d-8b22-bb49cf9f3683/Castro_Alves.zip
Castro Alves;190,14999999999984;189,99999999999983;0,021685926052838;0,023111359715777997;UHE Castro Alves - CAV SNIRH.xlsx;b8f0487a-df73-4f8d-8b22-bb49cf9f3683;https://metadados.snirh.gov.br/files/b8f0487a-df73-4f8d-8b22-bb49cf9f3683/Castro_Alves.zip
Castro Alves;190,24999999999983;190,09999999999982;0,023115880166075;0,02534858555759;UHE Castro Alves - CAV SNIRH.xlsx;b8f0487a-df73-4f8d-8b22-bb49cf9f3683;https://metadados.snirh.gov.br/files/b8f0487a-df73-4f8d-8b22-bb49cf9f3683/Castro_Alves.zip
Castro Alves;190,34999999999982;190,19999999999982;0,024648311799485;0,027734103085348;UHE Castro Alves - CAV SNIRH.xlsx;b8f0487a-df73-4f8d-8b22-bb49cf9f3683;https://metadados.snirh.gov.br/files/b8f0487a-df73-4f8d-8b22-bb49cf9f3683/Castro_Alves.zip
Castro Alves;190,44999999999982;190,2999999999998;0,026294955880967003;0,03027895559649;UHE Castro Alves - CAV SNIRH.xlsx;b8f0487a-df73-4f8d-8b22-bb49cf9f3683;https://metadados.snirh.gov.br/files/b8f0487a-df73-4f8d-8b22-bb49cf9f3683/Castro_Alves.zip
Castro Alves;190,5499999999998;190,3999999999998;0,027907051569441;0,032986297150248;UHE Castro Alves - CAV SNIRH.xlsx;b8f0487a-df73-4f8d-8b22-bb49cf9f3683;https://metadados.snirh.gov.br/files/b8f0487a-df73-4f8d-8b22-bb49cf9f3683/Castro_Alves.zip
Castro Alves;190,6499999999998;190,4999999999998;0,029600163735057;0,035860388281246;UHE Castro Alves - CAV SNIRH.xlsx;b8f0487a-df73-4f8d-8b22-bb49cf9f3683;https://metadados.snirh.gov.br/files/b8f0487a-df73-4f8d-8b22-bb49cf9f3683/Castro_Alves.zip
Castro Alves;190,7499999999998;190,5999999999998;0,031406196852195;0,038906268016488;UHE Castro Alves - CAV SNIRH.xlsx;b8f0487a-df73-4f8d-8b22-bb49cf9f3683;https://metadados.snirh.gov.br/files/b8f0487a-df73-4f8d-8b22-bb49cf9f3683/Castro_Alves.zip
Castro Alves;190,8499999999998;190,6999999999998;0,033315419273079;0,042137913002848;UHE Castro Alves - CAV SNIRH.xlsx;b8f0487a-df73-4f8d-8b22-bb49cf9f3683;https://metadados.snirh.gov.br/files/b8f0487a-df73-4f8d-8b22-bb49cf9f3683/Castro_Alves.zip
Castro Alves;190,9499999999998;190,79999999999978;0,035297523065137;0,045568333172838996;UHE Castro Alves - CAV SNIRH.xlsx;b8f0487a-df73-4f8d-8b22-bb49cf9f3683;https://metadados.snirh.gov.br/files/b8f0487a-df73-4f8d-8b22-bb49cf9f3683/Castro_Alves.zip
Castro Alves;191,04999999999978;190,89999999999978;0,037171114430923996;0,049189093353714;UHE Castro Alves - CAV SNIRH.xlsx;b8f0487a-df73-4f8d-8b22-bb49cf9f3683;https://metadados.snirh.gov.br/files/b8f0487a-df73-4f8d-8b22-bb49cf9f3683/Castro_Alves.zip
Castro Alves;191,14999999999978;190,99999999999977;0,039116088287810005;0,053000717171952;UHE Castro Alves - CAV SNIRH.xlsx;b8f0487a-df73-4f8d-8b22-bb49cf9f3683;https://metadados.snirh.gov.br/files/b8f0487a-df73-4f8d-8b22-bb49cf9f3683/Castro_Alves.zip
Castro Alves;191,24999999999977;191,09999999999977;0,041117051197386;0,057011761355605;UHE Castro Alves - CAV SNIRH.xlsx;b8f0487a-df73-4f8d-8b22-bb49cf9f3683;https://metadados.snirh.gov.br/files/b8f0487a-df73-4f8d-8b22-bb49cf9f3683/Castro_Alves.zip
Castro Alves;191,34999999999977;191,19999999999976;0,043311043781034;0,061227186139534005;UHE Castro Alves - CAV SNIRH.xlsx;b8f0487a-df73-4f8d-8b22-bb49cf9f3683;https://metadados.snirh.gov.br/files/b8f0487a-df73-4f8d-8b22-bb49cf9f3683/Castro_Alves.zip
Castro Alves;191,44999999999976;191,29999999999976;0,045766282481354;0,065677906842804;UHE Castro Alves - CAV SNIRH.xlsx;b8f0487a-df73-4f8d-8b22-bb49cf9f3683;https://metadados.snirh.gov.br/files/b8f0487a-df73-4f8d-8b22-bb49cf9f3683/Castro_Alves.zip
Castro Alves;191,54999999999976;191,39999999999975;0,048392445254715;0,070387472197914;UHE Castro Alves - CAV SNIRH.xlsx;b8f0487a-df73-4f8d-8b22-bb49cf9f3683;https://metadados.snirh.gov.br/files/b8f0487a-df73-4f8d-8b22-bb49cf9f3683/Castro_Alves.zip
Castro Alves;191,64999999999975;191,49999999999974;0,050913994320595;0,075349452446225;UHE Castro Alves - CAV SNIRH.xlsx;b8f0487a-df73-4f8d-8b22-bb49cf9f3683;https://metadados.snirh.gov.br/files/b8f0487a-df73-4f8d-8b22-bb49cf9f3683/Castro_Alves.zip
Castro Alves;191,74999999999974;191,59999999999974;0,053423954597103;0,080565534762737;UHE Castro Alves - CAV SNIRH.xlsx;b8f0487a-df73-4f8d-8b22-bb49cf9f3683;https://metadados.snirh.gov.br/files/b8f0487a-df73-4f8d-8b22-bb49cf9f3683/Castro_Alves.zip
Castro Alves;191,84999999999974;191,69999999999973;0,055974750062259;0,086029217176648;UHE Castro Alves - CAV SNIRH.xlsx;b8f0487a-df73-4f8d-8b22-bb49cf9f3683;https://metadados.snirh.gov.br/files/b8f0487a-df73-4f8d-8b22-bb49cf9f3683/Castro_Alves.zip
Castro Alves;191,94999999999973;191,79999999999973;0,058830203644927;0,09176893142721801;UHE Castro Alves - CAV SNIRH.xlsx;b8f0487a-df73-4f8d-8b22-bb49cf9f3683;https://metadados.snirh.gov.br/files/b8f0487a-df73-4f8d-8b22-bb49cf9f3683/Castro_Alves.zip
Castro Alves;192,04999999999973;191,89999999999972;0,06169596180424;0,097793199498106;UHE Castro Alves - CAV SNIRH.xlsx;b8f0487a-df73-4f8d-8b22-bb49cf9f3683;https://metadados.snirh.gov.br/files/b8f0487a-df73-4f8d-8b22-bb49cf9f3683/Castro_Alves.zip
Castro Alves;192,14999999999972;191,99999999999972;0,06459594582372;0,10410610677860001;UHE Castro Alves - CAV SNIRH.xlsx;b8f0487a-df73-4f8d-8b22-bb49cf9f3683;https://metadados.snirh.gov.br/files/b8f0487a-df73-4f8d-8b22-bb49cf9f3683/Castro_Alves.zip
Castro Alves;192,24999999999972;192,0999999999997;0,067484704018933;0,11070783499437001;UHE Castro Alves - CAV SNIRH.xlsx;b8f0487a-df73-4f8d-8b22-bb49cf9f3683;https://metadados.snirh.gov.br/files/b8f0487a-df73-4f8d-8b22-bb49cf9f3683/Castro_Alves.zip
Castro Alves;192,3499999999997;192,1999999999997;0,07053943426933999;0,11760592116481;UHE Castro Alves - CAV SNIRH.xlsx;b8f0487a-df73-4f8d-8b22-bb49cf9f3683;https://metadados.snirh.gov.br/files/b8f0487a-df73-4f8d-8b22-bb49cf9f3683/Castro_Alves.zip
Castro Alves;192,4499999999997;192,2999999999997;0,073558177744323;0,12480959899713;UHE Castro Alves - CAV SNIRH.xlsx;b8f0487a-df73-4f8d-8b22-bb49cf9f3683;https://metadados.snirh.gov.br/files/b8f0487a-df73-4f8d-8b22-bb49cf9f3683/Castro_Alves.zip
Castro Alves;192,5499999999997;192,3999999999997;0,076903524170055;0,13232799230938;UHE Castro Alves - CAV SNIRH.xlsx;b8f0487a-df73-4f8d-8b22-bb49cf9f3683;https://metadados.snirh.gov.br/files/b8f0487a-df73-4f8d-8b22-bb49cf9f3683/Castro_Alves.zip
Castro Alves;192,6499999999997;192,4999999999997;0,08048632134584201;0,1401928660401;UHE Castro Alves - CAV SNIRH.xlsx;b8f0487a-df73-4f8d-8b22-bb49cf9f3683;https://metadados.snirh.gov.br/files/b8f0487a-df73-4f8d-8b22-bb49cf9f3683/Castro_Alves.zip
Castro Alves;192,7499999999997;192,59999999999968;0,08402043245749;0,14841701244453;UHE Castro Alves - CAV SNIRH.xlsx;b8f0487a-df73-4f8d-8b22-bb49cf9f3683;https://metadados.snirh.gov.br/files/b8f0487a-df73-4f8d-8b22-bb49cf9f3683/Castro_Alves.zip
Castro Alves;192,84999999999968;192,69999999999968;0,08748298472020699;0,1569945541157;UHE Castro Alves - CAV SNIRH.xlsx;b8f0487a-df73-4f8d-8b22-bb49cf9f3683;https://metadados.snirh.gov.br/files/b8f0487a-df73-4f8d-8b22-bb49cf9f3683/Castro_Alves.zip
Castro Alves;192,94999999999968;192,79999999999967;0,090883780741076;0,16590824947253;UHE Castro Alves - CAV SNIRH.xlsx;b8f0487a-df73-4f8d-8b22-bb49cf9f3683;https://metadados.snirh.gov.br/files/b8f0487a-df73-4f8d-8b22-bb49cf9f3683/Castro_Alves.zip
Castro Alves;193,04999999999967;192,89999999999966;0,094234037585798;0,17516220185049;UHE Castro Alves - CAV SNIRH.xlsx;b8f0487a-df73-4f8d-8b22-bb49cf9f3683;https://metadados.snirh.gov.br/files/b8f0487a-df73-4f8d-8b22-bb49cf9f3683/Castro_Alves.zip
Castro Alves;193,14999999999966;192,99999999999966;0,09764395451078099;0,18475382446702;UHE Castro Alves - CAV SNIRH.xlsx;b8f0487a-df73-4f8d-8b22-bb49cf9f3683;https://metadados.snirh.gov.br/files/b8f0487a-df73-4f8d-8b22-bb49cf9f3683/Castro_Alves.zip
Castro Alves;193,24999999999966;193,09999999999965;0,1010064286838;0,19468729438422;UHE Castro Alves - CAV SNIRH.xlsx;b8f0487a-df73-4f8d-8b22-bb49cf9f3683;https://metadados.snirh.gov.br/files/b8f0487a-df73-4f8d-8b22-bb49cf9f3683/Castro_Alves.zip
Castro Alves;193,34999999999965;193,19999999999965;0,10431247299398;0,20495113325874;UHE Castro Alves - CAV SNIRH.xlsx;b8f0487a-df73-4f8d-8b22-bb49cf9f3683;https://metadados.snirh.gov.br/files/b8f0487a-df73-4f8d-8b22-bb49cf9f3683/Castro_Alves.zip
Castro Alves;193,44999999999965;193,29999999999964;0,1076620347436;0,21554653679448;UHE Castro Alves - CAV SNIRH.xlsx;b8f0487a-df73-4f8d-8b22-bb49cf9f3683;https://metadados.snirh.gov.br/files/b8f0487a-df73-4f8d-8b22-bb49cf9f3683/Castro_Alves.zip
Castro Alves;193,54999999999964;193,39999999999964;0,11098986841960999;0,2264799042646;UHE Castro Alves - CAV SNIRH.xlsx;b8f0487a-df73-4f8d-8b22-bb49cf9f3683;https://metadados.snirh.gov.br/files/b8f0487a-df73-4f8d-8b22-bb49cf9f3683/Castro_Alves.zip
Castro Alves;193,64999999999964;193,49999999999963;0,11412737326419;0,23773349309385;UHE Castro Alves - CAV SNIRH.xlsx;b8f0487a-df73-4f8d-8b22-bb49cf9f3683;https://metadados.snirh.gov.br/files/b8f0487a-df73-4f8d-8b22-bb49cf9f3683/Castro_Alves.zip
Castro Alves;193,74999999999963;193,59999999999962;0,11725107092534;0,24930034175586;UHE Castro Alves - CAV SNIRH.xlsx;b8f0487a-df73-4f8d-8b22-bb49cf9f3683;https://metadados.snirh.gov.br/files/b8f0487a-df73-4f8d-8b22-bb49cf9f3683/Castro_Alves.zip
Castro Alves;193,84999999999962;193,69999999999962;0,12041865227354001;0,26118051848457;UHE Castro Alves - CAV SNIRH.xlsx;b8f0487a-df73-4f8d-8b22-bb49cf9f3683;https://metadados.snirh.gov.br/files/b8f0487a-df73-4f8d-8b22-bb49cf9f3683/Castro_Alves.zip
Castro Alves;193,94999999999962;193,7999999999996;0,12342468047042;0,27337518535629;UHE Castro Alves - CAV SNIRH.xlsx;b8f0487a-df73-4f8d-8b22-bb49cf9f3683;https://metadados.snirh.gov.br/files/b8f0487a-df73-4f8d-8b22-bb49cf9f3683/Castro_Alves.zip
Castro Alves;194,0499999999996;193,8999999999996;0,12632379669618998;0,28586226900720996;UHE Castro Alves - CAV SNIRH.xlsx;b8f0487a-df73-4f8d-8b22-bb49cf9f3683;https://metadados.snirh.gov.br/files/b8f0487a-df73-4f8d-8b22-bb49cf9f3683/Castro_Alves.zip
Castro Alves;194,1499999999996;193,9999999999996;0,1291465203776;0,29863040156566;UHE Castro Alves - CAV SNIRH.xlsx;b8f0487a-df73-4f8d-8b22-bb49cf9f3683;https://metadados.snirh.gov.br/files/b8f0487a-df73-4f8d-8b22-bb49cf9f3683/Castro_Alves.zip
Castro Alves;194,2499999999996;194,0999999999996;0,13194121135572998;0,31168508461155997;UHE Castro Alves - CAV SNIRH.xlsx;b8f0487a-df73-4f8d-8b22-bb49cf9f3683;https://metadados.snirh.gov.br/files/b8f0487a-df73-4f8d-8b22-bb49cf9f3683/Castro_Alves.zip
Castro Alves;194,3499999999996;194,1999999999996;0,13476591115283;0,32501628699455004;UHE Castro Alves - CAV SNIRH.xlsx;b8f0487a-df73-4f8d-8b22-bb49cf9f3683;https://metadados.snirh.gov.br/files/b8f0487a-df73-4f8d-8b22-bb49cf9f3683/Castro_Alves.zip
Castro Alves;194,4499999999996;194,29999999999959;0,13758702131089998;0,33862848263326;UHE Castro Alves - CAV SNIRH.xlsx;b8f0487a-df73-4f8d-8b22-bb49cf9f3683;https://metadados.snirh.gov.br/files/b8f0487a-df73-4f8d-8b22-bb49cf9f3683/Castro_Alves.zip
Castro Alves;194,54999999999959;194,39999999999958;0,1403707173504;0,35252573947889004;UHE Castro Alves - CAV SNIRH.xlsx;b8f0487a-df73-4f8d-8b22-bb49cf9f3683;https://metadados.snirh.gov.br/files/b8f0487a-df73-4f8d-8b22-bb49cf9f3683/Castro_Alves.zip
Castro Alves;194,64999999999958;194,49999999999957;0,14310774271126;0,36669931159534996;UHE Castro Alves - CAV SNIRH.xlsx;b8f0487a-df73-4f8d-8b22-bb49cf9f3683;https://metadados.snirh.gov.br/files/b8f0487a-df73-4f8d-8b22-bb49cf9f3683/Castro_Alves.zip
Castro Alves;194,74999999999957;194,59999999999957;0,14578662896044;0,38113844873715;UHE Castro Alves - CAV SNIRH.xlsx;b8f0487a-df73-4f8d-8b22-bb49cf9f3683;https://metadados.snirh.gov.br/files/b8f0487a-df73-4f8d-8b22-bb49cf9f3683/Castro_Alves.zip
Castro Alves;194,84999999999957;194,69999999999956;0,14912794039807;0,39586667815643994;UHE Castro Alves - CAV SNIRH.xlsx;b8f0487a-df73-4f8d-8b22-bb49cf9f3683;https://metadados.snirh.gov.br/files/b8f0487a-df73-4f8d-8b22-bb49cf9f3683/Castro_Alves.zip
Castro Alves;194,94999999999956;194,79999999999956;0,15323092401257;0,41098815823964;UHE Castro Alves - CAV SNIRH.xlsx;b8f0487a-df73-4f8d-8b22-bb49cf9f3683;https://metadados.snirh.gov.br/files/b8f0487a-df73-4f8d-8b22-bb49cf9f3683/Castro_Alves.zip
Castro Alves;195,04999999999956;194,89999999999955;0,15682013756089;0,42649112362333996;UHE Castro Alves - CAV SNIRH.xlsx;b8f0487a-df73-4f8d-8b22-bb49cf9f3683;https://metadados.snirh.gov.br/files/b8f0487a-df73-4f8d-8b22-bb49cf9f3683/Castro_Alves.zip
Castro Alves;195,14999999999955;194,99999999999955;0,16073663827032;0,44235381291093;UHE Castro Alves - CAV SNIRH.xlsx;b8f0487a-df73-4f8d-8b22-bb49cf9f3683;https://metadados.snirh.gov.br/files/b8f0487a-df73-4f8d-8b22-bb49cf9f3683/Castro_Alves.zip
Castro Alves;195,24999999999955;195,09999999999954;0,16460213613283;0,45862081003403;UHE Castro Alves - CAV SNIRH.xlsx;b8f0487a-df73-4f8d-8b22-bb49cf9f3683;https://metadados.snirh.gov.br/files/b8f0487a-df73-4f8d-8b22-bb49cf9f3683/Castro_Alves.zip
Castro Alves;195,34999999999954;195,19999999999953;0,16841888066271;0,47526484405391;UHE Castro Alves - CAV SNIRH.xlsx;b8f0487a-df73-4f8d-8b22-bb49cf9f3683;https://metadados.snirh.gov.br/files/b8f0487a-df73-4f8d-8b22-bb49cf9f3683/Castro_Alves.zip
Castro Alves;195,44999999999953;195,29999999999953;0,17253072177581;0,49230482927543;UHE Castro Alves - CAV SNIRH.xlsx;b8f0487a-df73-4f8d-8b22-bb49cf9f3683;https://metadados.snirh.gov.br/files/b8f0487a-df73-4f8d-8b22-bb49cf9f3683/Castro_Alves.zip
Castro Alves;195,54999999999953;195,39999999999952;0,17705574665215001;0,50977238488844;UHE Castro Alves - CAV SNIRH.xlsx;b8f0487a-df73-4f8d-8b22-bb49cf9f3683;https://metadados.snirh.gov.br/files/b8f0487a-df73-4f8d-8b22-bb49cf9f3683/Castro_Alves.zip
Castro Alves;195,64999999999952;195,49999999999952;0,18200735405893;0,52772243008634;UHE Castro Alves - CAV SNIRH.xlsx;b8f0487a-df73-4f8d-8b22-bb49cf9f3683;https://metadados.snirh.gov.br/files/b8f0487a-df73-4f8d-8b22-bb49cf9f3683/Castro_Alves.zip
Castro Alves;195,74999999999952;195,5999999999995;0,18698415778661;0,54617114383053;UHE Castro Alves - CAV SNIRH.xlsx;b8f0487a-df73-4f8d-8b22-bb49cf9f3683;https://metadados.snirh.gov.br/files/b8f0487a-df73-4f8d-8b22-bb49cf9f3683/Castro_Alves.zip
Castro Alves;195,8499999999995;195,6999999999995;0,19200568455209002;0,56511107470448;UHE Castro Alves - CAV SNIRH.xlsx;b8f0487a-df73-4f8d-8b22-bb49cf9f3683;https://metadados.snirh.gov.br/files/b8f0487a-df73-4f8d-8b22-bb49cf9f3683/Castro_Alves.zip
Castro Alves;195,9499999999995;195,7999999999995;0,1970943196768;0,5845587440184601;UHE Castro Alves - CAV SNIRH.xlsx;b8f0487a-df73-4f8d-8b22-bb49cf9f3683;https://metadados.snirh.gov.br/files/b8f0487a-df73-4f8d-8b22-bb49cf9f3683/Castro_Alves.zip
Castro Alves;196,0499999999995;195,8999999999995;0,20234710019719002;0,6045251241424401;UHE Castro Alves - CAV SNIRH.xlsx;b8f0487a-df73-4f8d-8b22-bb49cf9f3683;https://metadados.snirh.gov.br/files/b8f0487a-df73-4f8d-8b22-bb49cf9f3683/Castro_Alves.zip
Castro Alves;196,1499999999995;195,9999999999995;0,20816682077270998;0,6250437753531399;UHE Castro Alves - CAV SNIRH.xlsx;b8f0487a-df73-4f8d-8b22-bb49cf9f3683;https://metadados.snirh.gov.br/files/b8f0487a-df73-4f8d-8b22-bb49cf9f3683/Castro_Alves.zip
Castro Alves;196,2499999999995;196,09999999999948;0,21400581246064002;0,64614635202618;UHE Castro Alves - CAV SNIRH.xlsx;b8f0487a-df73-4f8d-8b22-bb49cf9f3683;https://metadados.snirh.gov.br/files/b8f0487a-df73-4f8d-8b22-bb49cf9f3683/Castro_Alves.zip
Castro Alves;196,34999999999948;196,19999999999948;0,21977811932434;0,66783460740508;UHE Castro Alves - CAV SNIRH.xlsx;b8f0487a-df73-4f8d-8b22-bb49cf9f3683;https://metadados.snirh.gov.br/files/b8f0487a-df73-4f8d-8b22-bb49cf9f3683/Castro_Alves.zip
Castro Alves;196,44999999999948;196,29999999999947;0,22572611604817;0,69010532049457;UHE Castro Alves - CAV SNIRH.xlsx;b8f0487a-df73-4f8d-8b22-bb49cf9f3683;https://metadados.snirh.gov.br/files/b8f0487a-df73-4f8d-8b22-bb49cf9f3683/Castro_Alves.zip
Castro Alves;196,54999999999947;196,39999999999947;0,23144201906892;0,71295885299861;UHE Castro Alves - CAV SNIRH.xlsx;b8f0487a-df73-4f8d-8b22-bb49cf9f3683;https://metadados.snirh.gov.br/files/b8f0487a-df73-4f8d-8b22-bb49cf9f3683/Castro_Alves.zip
Castro Alves;196,64999999999947;196,49999999999946;0,23707756724579998;0,7363843894473;UHE Castro Alves - CAV SNIRH.xlsx;b8f0487a-df73-4f8d-8b22-bb49cf9f3683;https://metadados.snirh.gov.br/files/b8f0487a-df73-4f8d-8b22-bb49cf9f3683/Castro_Alves.zip
Castro Alves;196,74999999999946;196,59999999999945;0,24284236895981;0,76037310540418;UHE Castro Alves - CAV SNIRH.xlsx;b8f0487a-df73-4f8d-8b22-bb49cf9f3683;https://metadados.snirh.gov.br/files/b8f0487a-df73-4f8d-8b22-bb49cf9f3683/Castro_Alves.zip
Castro Alves;196,84999999999945;196,69999999999945;0,24863513784768;0,7849443029601401;UHE Castro Alves - CAV SNIRH.xlsx;b8f0487a-df73-4f8d-8b22-bb49cf9f3683;https://metadados.snirh.gov.br/files/b8f0487a-df73-4f8d-8b22-bb49cf9f3683/Castro_Alves.zip
Castro Alves;196,94999999999945;196,79999999999944;0,25445668781148;0,81009476908719;UHE Castro Alves - CAV SNIRH.xlsx;b8f0487a-df73-4f8d-8b22-bb49cf9f3683;https://metadados.snirh.gov.br/files/b8f0487a-df73-4f8d-8b22-bb49cf9f3683/Castro_Alves.zip
Castro Alves;197,04999999999944;196,89999999999944;0,26013146556103;0,83581921371524;UHE Castro Alves - CAV SNIRH.xlsx;b8f0487a-df73-4f8d-8b22-bb49cf9f3683;https://metadados.snirh.gov.br/files/b8f0487a-df73-4f8d-8b22-bb49cf9f3683/Castro_Alves.zip
Castro Alves;197,14999999999944;196,99999999999943;0,26562198172317997;0,8621069781877599;UHE Castro Alves - CAV SNIRH.xlsx;b8f0487a-df73-4f8d-8b22-bb49cf9f3683;https://metadados.snirh.gov.br/files/b8f0487a-df73-4f8d-8b22-bb49cf9f3683/Castro_Alves.zip
Castro Alves;197,24999999999943;197,09999999999943;0,27099909570239;0,88893407159677;UHE Castro Alves - CAV SNIRH.xlsx;b8f0487a-df73-4f8d-8b22-bb49cf9f3683;https://metadados.snirh.gov.br/files/b8f0487a-df73-4f8d-8b22-bb49cf9f3683/Castro_Alves.zip
Castro Alves;197,34999999999943;197,19999999999942;0,27657757272694;0,9163081807083799;UHE Castro Alves - CAV SNIRH.xlsx;b8f0487a-df73-4f8d-8b22-bb49cf9f3683;https://metadados.snirh.gov.br/files/b8f0487a-df73-4f8d-8b22-bb49cf9f3683/Castro_Alves.zip
Castro Alves;197,44999999999942;197,29999999999941;0,28233043762017;0,9442524297783;UHE Castro Alves - CAV SNIRH.xlsx;b8f0487a-df73-4f8d-8b22-bb49cf9f3683;https://metadados.snirh.gov.br/files/b8f0487a-df73-4f8d-8b22-bb49cf9f3683/Castro_Alves.zip
Castro Alves;197,54999999999941;197,3999999999994;0,28803081314171003;0,97275903132389;UHE Castro Alves - CAV SNIRH.xlsx;b8f0487a-df73-4f8d-8b22-bb49cf9f3683;https://metadados.snirh.gov.br/files/b8f0487a-df73-4f8d-8b22-bb49cf9f3683/Castro_Alves.zip
Castro Alves;197,6499999999994;197,4999999999994;0,29363158305017;1,0018387984557;UHE Castro Alves - CAV SNIRH.xlsx;b8f0487a-df73-4f8d-8b22-bb49cf9f3683;https://metadados.snirh.gov.br/files/b8f0487a-df73-4f8d-8b22-bb49cf9f3683/Castro_Alves.zip
Castro Alves;197,7499999999994;197,5999999999994;0,29893052072174997;1,0314686784966;UHE Castro Alves - CAV SNIRH.xlsx;b8f0487a-df73-4f8d-8b22-bb49cf9f3683;https://metadados.snirh.gov.br/files/b8f0487a-df73-4f8d-8b22-bb49cf9f3683/Castro_Alves.zip
Castro Alves;197,8499999999994;197,6999999999994;0,30416629667919;1,0616225280336;UHE Castro Alves - CAV SNIRH.xlsx;b8f0487a-df73-4f8d-8b22-bb49cf9f3683;https://metadados.snirh.gov.br/files/b8f0487a-df73-4f8d-8b22-bb49cf9f3683/Castro_Alves.zip
Castro Alves;197,9499999999994;197,7999999999994;0,30929795208684;1,0922923144145;UHE Castro Alves - CAV SNIRH.xlsx;b8f0487a-df73-4f8d-8b22-bb49cf9f3683;https://metadados.snirh.gov.br/files/b8f0487a-df73-4f8d-8b22-bb49cf9f3683/Castro_Alves.zip
Castro Alves;198,0499999999994;197,89999999999938;0,31427581363256996;1,1234669449592;UHE Castro Alves - CAV SNIRH.xlsx;b8f0487a-df73-4f8d-8b22-bb49cf9f3683;https://metadados.snirh.gov.br/files/b8f0487a-df73-4f8d-8b22-bb49cf9f3683/Castro_Alves.zip
Castro Alves;198,14999999999938;197,99999999999937;0,31914277531476;1,1551325807063;UHE Castro Alves - CAV SNIRH.xlsx;b8f0487a-df73-4f8d-8b22-bb49cf9f3683;https://metadados.snirh.gov.br/files/b8f0487a-df73-4f8d-8b22-bb49cf9f3683/Castro_Alves.zip
Castro Alves;198,24999999999937;198,09999999999937;0,32394007531955;1,1872868625955;UHE Castro Alves - CAV SNIRH.xlsx;b8f0487a-df73-4f8d-8b22-bb49cf9f3683;https://metadados.snirh.gov.br/files/b8f0487a-df73-4f8d-8b22-bb49cf9f3683/Castro_Alves.zip
Castro Alves;198,34999999999937;198,19999999999936;0,32860674364257;1,219914154112;UHE Castro Alves - CAV SNIRH.xlsx;b8f0487a-df73-4f8d-8b22-bb49cf9f3683;https://metadados.snirh.gov.br/files/b8f0487a-df73-4f8d-8b22-bb49cf9f3683/Castro_Alves.zip
Castro Alves;198,44999999999936;198,29999999999936;0,33324013598848;1,2529977150976;UHE Castro Alves - CAV SNIRH.xlsx;b8f0487a-df73-4f8d-8b22-bb49cf9f3683;https://metadados.snirh.gov.br/files/b8f0487a-df73-4f8d-8b22-bb49cf9f3683/Castro_Alves.zip
Castro Alves;198,54999999999936;198,39999999999935;0,33788132849468;1,286549076312;UHE Castro Alves - CAV SNIRH.xlsx;b8f0487a-df73-4f8d-8b22-bb49cf9f3683;https://metadados.snirh.gov.br/files/b8f0487a-df73-4f8d-8b22-bb49cf9f3683/Castro_Alves.zip
Castro Alves;198,64999999999935;198,49999999999935;0,34253222469185;1,3205684524868;UHE Castro Alves - CAV SNIRH.xlsx;b8f0487a-df73-4f8d-8b22-bb49cf9f3683;https://metadados.snirh.gov.br/files/b8f0487a-df73-4f8d-8b22-bb49cf9f3683/Castro_Alves.zip
Castro Alves;198,74999999999935;198,59999999999934;0,3472299326197;1,3550562373408;UHE Castro Alves - CAV SNIRH.xlsx;b8f0487a-df73-4f8d-8b22-bb49cf9f3683;https://metadados.snirh.gov.br/files/b8f0487a-df73-4f8d-8b22-bb49cf9f3683/Castro_Alves.zip
Castro Alves;198,84999999999934;198,69999999999933;0,35207518188444004;1,3900140947124;UHE Castro Alves - CAV SNIRH.xlsx;b8f0487a-df73-4f8d-8b22-bb49cf9f3683;https://metadados.snirh.gov.br/files/b8f0487a-df73-4f8d-8b22-bb49cf9f3683/Castro_Alves.zip
Castro Alves;198,94999999999933;198,79999999999933;0,35685103881772;1,4254572252105;UHE Castro Alves - CAV SNIRH.xlsx;b8f0487a-df73-4f8d-8b22-bb49cf9f3683;https://metadados.snirh.gov.br/files/b8f0487a-df73-4f8d-8b22-bb49cf9f3683/Castro_Alves.zip
Castro Alves;199,04999999999933;198,89999999999932;0,3617871057527;1,4613814824143;UHE Castro Alves - CAV SNIRH.xlsx;b8f0487a-df73-4f8d-8b22-bb49cf9f3683;https://metadados.snirh.gov.br/files/b8f0487a-df73-4f8d-8b22-bb49cf9f3683/Castro_Alves.zip
Castro Alves;199,14999999999932;198,99999999999932;0,36689457904032;1,4978106563575;UHE Castro Alves - CAV SNIRH.xlsx;b8f0487a-df73-4f8d-8b22-bb49cf9f3683;https://metadados.snirh.gov.br/files/b8f0487a-df73-4f8d-8b22-bb49cf9f3683/Castro_Alves.zip
Castro Alves;199,24999999999932;199,0999999999993;0,37201559180353;1,5347553478121;UHE Castro Alves - CAV SNIRH.xlsx;b8f0487a-df73-4f8d-8b22-bb49cf9f3683;https://metadados.snirh.gov.br/files/b8f0487a-df73-4f8d-8b22-bb49cf9f3683/Castro_Alves.zip
Castro Alves;199,3499999999993;199,1999999999993;0,37735764325065996;1,5722175595885;UHE Castro Alves - CAV SNIRH.xlsx;b8f0487a-df73-4f8d-8b22-bb49cf9f3683;https://metadados.snirh.gov.br/files/b8f0487a-df73-4f8d-8b22-bb49cf9f3683/Castro_Alves.zip
Castro Alves;199,4499999999993;199,2999999999993;0,38281692616225;1,6102245455326;UHE Castro Alves - CAV SNIRH.xlsx;b8f0487a-df73-4f8d-8b22-bb49cf9f3683;https://metadados.snirh.gov.br/files/b8f0487a-df73-4f8d-8b22-bb49cf9f3683/Castro_Alves.zip
Castro Alves;199,5499999999993;199,3999999999993;0,3883359011118;1,6487742913269001;UHE Castro Alves - CAV SNIRH.xlsx;b8f0487a-df73-4f8d-8b22-bb49cf9f3683;https://metadados.snirh.gov.br/files/b8f0487a-df73-4f8d-8b22-bb49cf9f3683/Castro_Alves.zip
Castro Alves;199,6499999999993;199,4999999999993;0,39412926448087;1,6878851037801;UHE Castro Alves - CAV SNIRH.xlsx;b8f0487a-df73-4f8d-8b22-bb49cf9f3683;https://metadados.snirh.gov.br/files/b8f0487a-df73-4f8d-8b22-bb49cf9f3683/Castro_Alves.zip
Castro Alves;199,7499999999993;199,59999999999928;0,40025556369021;1,7276072192901;UHE Castro Alves - CAV SNIRH.xlsx;b8f0487a-df73-4f8d-8b22-bb49cf9f3683;https://metadados.snirh.gov.br/files/b8f0487a-df73-4f8d-8b22-bb49cf9f3683/Castro_Alves.zip
Castro Alves;199,84999999999928;199,69999999999928;0,40619307912194;1,7679281475986999;UHE Castro Alves - CAV SNIRH.xlsx;b8f0487a-df73-4f8d-8b22-bb49cf9f3683;https://metadados.snirh.gov.br/files/b8f0487a-df73-4f8d-8b22-bb49cf9f3683/Castro_Alves.zip
Castro Alves;199,94999999999928;199,79999999999927;0,41194861833071;1,8088323157267001;UHE Castro Alves - CAV SNIRH.xlsx;b8f0487a-df73-4f8d-8b22-bb49cf9f3683;https://metadados.snirh.gov.br/files/b8f0487a-df73-4f8d-8b22-bb49cf9f3683/Castro_Alves.zip
Castro Alves;200,04999999999927;199,89999999999927;0,41771365144823996;1,8503134510951;UHE Castro Alves - CAV SNIRH.xlsx;b8f0487a-df73-4f8d-8b22-bb49cf9f3683;https://metadados.snirh.gov.br/files/b8f0487a-df73-4f8d-8b22-bb49cf9f3683/Castro_Alves.zip
Castro Alves;200,14999999999927;199,99999999999926;0,42356059984694;1,8923723127617;UHE Castro Alves - CAV SNIRH.xlsx;b8f0487a-df73-4f8d-8b22-bb49cf9f3683;https://metadados.snirh.gov.br/files/b8f0487a-df73-4f8d-8b22-bb49cf9f3683/Castro_Alves.zip
Castro Alves;200,24999999999926;200,09999999999926;0,42959711386957;1,935023981686;UHE Castro Alves - CAV SNIRH.xlsx;b8f0487a-df73-4f8d-8b22-bb49cf9f3683;https://metadados.snirh.gov.br/files/b8f0487a-df73-4f8d-8b22-bb49cf9f3683/Castro_Alves.zip
Castro Alves;200,34999999999926;200,19999999999925;0,43562455214801;1,9782857684764001;UHE Castro Alves - CAV SNIRH.xlsx;b8f0487a-df73-4f8d-8b22-bb49cf9f3683;https://metadados.snirh.gov.br/files/b8f0487a-df73-4f8d-8b22-bb49cf9f3683/Castro_Alves.zip
Castro Alves;200,44999999999925;200,29999999999924;0,44153940019018;2,0221503338585;UHE Castro Alves - CAV SNIRH.xlsx;b8f0487a-df73-4f8d-8b22-bb49cf9f3683;https://metadados.snirh.gov.br/files/b8f0487a-df73-4f8d-8b22-bb49cf9f3683/Castro_Alves.zip
Castro Alves;200,54999999999924;200,39999999999924;0,44741446352336;2,066585960873;UHE Castro Alves - CAV SNIRH.xlsx;b8f0487a-df73-4f8d-8b22-bb49cf9f3683;https://metadados.snirh.gov.br/files/b8f0487a-df73-4f8d-8b22-bb49cf9f3683/Castro_Alves.zip
Castro Alves;200,64999999999924;200,49999999999923;0,45338234417386997;2,111620882339;UHE Castro Alves - CAV SNIRH.xlsx;b8f0487a-df73-4f8d-8b22-bb49cf9f3683;https://metadados.snirh.gov.br/files/b8f0487a-df73-4f8d-8b22-bb49cf9f3683/Castro_Alves.zip
Castro Alves;200,74999999999923;200,59999999999923;0,45947717621529;2,1572631073878;UHE Castro Alves - CAV SNIRH.xlsx;b8f0487a-df73-4f8d-8b22-bb49cf9f3683;https://metadados.snirh.gov.br/files/b8f0487a-df73-4f8d-8b22-bb49cf9f3683/Castro_Alves.zip
Castro Alves;200,84999999999923;200,69999999999922;0,46544672513392;2,2035087941054;UHE Castro Alves - CAV SNIRH.xlsx;b8f0487a-df73-4f8d-8b22-bb49cf9f3683;https://metadados.snirh.gov.br/files/b8f0487a-df73-4f8d-8b22-bb49cf9f3683/Castro_Alves.zip
Castro Alves;200,94999999999922;200,79999999999922;0,47137882044044;2,2503462784445003;UHE Castro Alves - CAV SNIRH.xlsx;b8f0487a-df73-4f8d-8b22-bb49cf9f3683;https://metadados.snirh.gov.br/files/b8f0487a-df73-4f8d-8b22-bb49cf9f3683/Castro_Alves.zip
Castro Alves;201,04999999999922;200,8999999999992;0,47731705795533;2,2977784736881;UHE Castro Alves - CAV SNIRH.xlsx;b8f0487a-df73-4f8d-8b22-bb49cf9f3683;https://metadados.snirh.gov.br/files/b8f0487a-df73-4f8d-8b22-bb49cf9f3683/Castro_Alves.zip
Castro Alves;201,1499999999992;200,9999999999992;0,48322746417201;2,3458018501320996;UHE Castro Alves - CAV SNIRH.xlsx;b8f0487a-df73-4f8d-8b22-bb49cf9f3683;https://metadados.snirh.gov.br/files/b8f0487a-df73-4f8d-8b22-bb49cf9f3683/Castro_Alves.zip
Castro Alves;201,2499999999992;201,0999999999992;0,4893272437241;2,3944302506018;UHE Castro Alves - CAV SNIRH.xlsx;b8f0487a-df73-4f8d-8b22-bb49cf9f3683;https://metadados.snirh.gov.br/files/b8f0487a-df73-4f8d-8b22-bb49cf9f3683/Castro_Alves.zip
Castro Alves;201,3499999999992;201,1999999999992;0,49538917131772003;2,4436577859949;UHE Castro Alves - CAV SNIRH.xlsx;b8f0487a-df73-4f8d-8b22-bb49cf9f3683;https://metadados.snirh.gov.br/files/b8f0487a-df73-4f8d-8b22-bb49cf9f3683/Castro_Alves.zip
Castro Alves;201,4499999999992;201,2999999999992;0,50164551782081;2,4935103251119;UHE Castro Alves - CAV SNIRH.xlsx;b8f0487a-df73-4f8d-8b22-bb49cf9f3683;https://metadados.snirh.gov.br/files/b8f0487a-df73-4f8d-8b22-bb49cf9f3683/Castro_Alves.zip
Castro Alves;201,5499999999992;201,39999999999918;0,50789357393314;2,5439858417717;UHE Castro Alves - CAV SNIRH.xlsx;b8f0487a-df73-4f8d-8b22-bb49cf9f3683;https://metadados.snirh.gov.br/files/b8f0487a-df73-4f8d-8b22-bb49cf9f3683/Castro_Alves.zip
Castro Alves;201,64999999999918;201,49999999999918;0,51438292756201;2,595093015782;UHE Castro Alves - CAV SNIRH.xlsx;b8f0487a-df73-4f8d-8b22-bb49cf9f3683;https://metadados.snirh.gov.br/files/b8f0487a-df73-4f8d-8b22-bb49cf9f3683/Castro_Alves.zip
Castro Alves;201,74999999999918;201,59999999999917;0,52086018781271;2,6468537256475;UHE Castro Alves - CAV SNIRH.xlsx;b8f0487a-df73-4f8d-8b22-bb49cf9f3683;https://metadados.snirh.gov.br/files/b8f0487a-df73-4f8d-8b22-bb49cf9f3683/Castro_Alves.zip
Castro Alves;201,84999999999917;201,69999999999916;0,52731762616946;2,6992635643206;UHE Castro Alves - CAV SNIRH.xlsx;b8f0487a-df73-4f8d-8b22-bb49cf9f3683;https://metadados.snirh.gov.br/files/b8f0487a-df73-4f8d-8b22-bb49cf9f3683/Castro_Alves.zip
Castro Alves;201,94999999999916;201,79999999999916;0,53365830378681;2,7523123341552003;UHE Castro Alves - CAV SNIRH.xlsx;b8f0487a-df73-4f8d-8b22-bb49cf9f3683;https://metadados.snirh.gov.br/files/b8f0487a-df73-4f8d-8b22-bb49cf9f3683/Castro_Alves.zip
Castro Alves;202,04999999999916;201,89999999999915;0,53996470969114;2,8059881345455;UHE Castro Alves - CAV SNIRH.xlsx;b8f0487a-df73-4f8d-8b22-bb49cf9f3683;https://metadados.snirh.gov.br/files/b8f0487a-df73-4f8d-8b22-bb49cf9f3683/Castro_Alves.zip
Castro Alves;202,14999999999915;201,99999999999915;0,5462425010392999;2,860295952692;UHE Castro Alves - CAV SNIRH.xlsx;b8f0487a-df73-4f8d-8b22-bb49cf9f3683;https://metadados.snirh.gov.br/files/b8f0487a-df73-4f8d-8b22-bb49cf9f3683/Castro_Alves.zip
Castro Alves;202,24999999999915;202,09999999999914;0,55251481464212;2,9152308097684;UHE Castro Alves - CAV SNIRH.xlsx;b8f0487a-df73-4f8d-8b22-bb49cf9f3683;https://metadados.snirh.gov.br/files/b8f0487a-df73-4f8d-8b22-bb49cf9f3683/Castro_Alves.zip
Castro Alves;202,34999999999914;202,19999999999914;0,55862147569096;2,9707919684129;UHE Castro Alves - CAV SNIRH.xlsx;b8f0487a-df73-4f8d-8b22-bb49cf9f3683;https://metadados.snirh.gov.br/files/b8f0487a-df73-4f8d-8b22-bb49cf9f3683/Castro_Alves.zip
Castro Alves;202,44999999999914;202,29999999999913;0,5646179370859;3,0269493753415;UHE Castro Alves - CAV SNIRH.xlsx;b8f0487a-df73-4f8d-8b22-bb49cf9f3683;https://metadados.snirh.gov.br/files/b8f0487a-df73-4f8d-8b22-bb49cf9f3683/Castro_Alves.zip
Castro Alves;202,54999999999913;202,39999999999912;0,5707010990545;3,0837115745106;UHE Castro Alves - CAV SNIRH.xlsx;b8f0487a-df73-4f8d-8b22-bb49cf9f3683;https://metadados.snirh.gov.br/files/b8f0487a-df73-4f8d-8b22-bb49cf9f3683/Castro_Alves.zip
Castro Alves;202,64999999999912;202,49999999999912;0,57646630675902;3,1410658356342;UHE Castro Alves - CAV SNIRH.xlsx;b8f0487a-df73-4f8d-8b22-bb49cf9f3683;https://metadados.snirh.gov.br/files/b8f0487a-df73-4f8d-8b22-bb49cf9f3683/Castro_Alves.zip
Castro Alves;202,74999999999912;202,5999999999991;0,58203492508446;3,1989945481617;UHE Castro Alves - CAV SNIRH.xlsx;b8f0487a-df73-4f8d-8b22-bb49cf9f3683;https://metadados.snirh.gov.br/files/b8f0487a-df73-4f8d-8b22-bb49cf9f3683/Castro_Alves.zip
Castro Alves;202,8499999999991;202,6999999999991;0,58761029465848;3,2574777606020002;UHE Castro Alves - CAV SNIRH.xlsx;b8f0487a-df73-4f8d-8b22-bb49cf9f3683;https://metadados.snirh.gov.br/files/b8f0487a-df73-4f8d-8b22-bb49cf9f3683/Castro_Alves.zip
Castro Alves;202,9499999999991;202,7999999999991;0,5931552797212499;3,3165092845685;UHE Castro Alves - CAV SNIRH.xlsx;b8f0487a-df73-4f8d-8b22-bb49cf9f3683;https://metadados.snirh.gov.br/files/b8f0487a-df73-4f8d-8b22-bb49cf9f3683/Castro_Alves.zip
Castro Alves;203,0499999999991;202,8999999999991;0,59862919096636;3,3760978422599996;UHE Castro Alves - CAV SNIRH.xlsx;b8f0487a-df73-4f8d-8b22-bb49cf9f3683;https://metadados.snirh.gov.br/files/b8f0487a-df73-4f8d-8b22-bb49cf9f3683/Castro_Alves.zip
Castro Alves;203,1499999999991;202,9999999999991;0,60413161478698;3,4362310389543;UHE Castro Alves - CAV SNIRH.xlsx;b8f0487a-df73-4f8d-8b22-bb49cf9f3683;https://metadados.snirh.gov.br/files/b8f0487a-df73-4f8d-8b22-bb49cf9f3683/Castro_Alves.zip
Castro Alves;203,2499999999991;203,09999999999908;0,6096480215847501;3,4969202927183;UHE Castro Alves - CAV SNIRH.xlsx;b8f0487a-df73-4f8d-8b22-bb49cf9f3683;https://metadados.snirh.gov.br/files/b8f0487a-df73-4f8d-8b22-bb49cf9f3683/Castro_Alves.zip
Castro Alves;203,34999999999908;203,19999999999908;0,61517579978488;3,5581552205036;UHE Castro Alves - CAV SNIRH.xlsx;b8f0487a-df73-4f8d-8b22-bb49cf9f3683;https://metadados.snirh.gov.br/files/b8f0487a-df73-4f8d-8b22-bb49cf9f3683/Castro_Alves.zip
Castro Alves;203,44999999999908;203,29999999999907;0,6207183375683;3,619949161623;UHE Castro Alves - CAV SNIRH.xlsx;b8f0487a-df73-4f8d-8b22-bb49cf9f3683;https://metadados.snirh.gov.br/files/b8f0487a-df73-4f8d-8b22-bb49cf9f3683/Castro_Alves.zip
Castro Alves;203,54999999999907;203,39999999999907;0,62628893933394;3,6822969415217;UHE Castro Alves - CAV SNIRH.xlsx;b8f0487a-df73-4f8d-8b22-bb49cf9f3683;https://metadados.snirh.gov.br/files/b8f0487a-df73-4f8d-8b22-bb49cf9f3683/Castro_Alves.zip
Castro Alves;203,64999999999907;203,49999999999906;0,63191341900474;3,7452056883978;UHE Castro Alves - CAV SNIRH.xlsx;b8f0487a-df73-4f8d-8b22-bb49cf9f3683;https://metadados.snirh.gov.br/files/b8f0487a-df73-4f8d-8b22-bb49cf9f3683/Castro_Alves.zip
Castro Alves;203,74999999999906;203,59999999999906;0,63757513684762;3,8086715169528;UHE Castro Alves - CAV SNIRH.xlsx;b8f0487a-df73-4f8d-8b22-bb49cf9f3683;https://metadados.snirh.gov.br/files/b8f0487a-df73-4f8d-8b22-bb49cf9f3683/Castro_Alves.zip
Castro Alves;203,84999999999906;203,69999999999905;0,6432698137461901;3,8727120225385;UHE Castro Alves - CAV SNIRH.xlsx;b8f0487a-df73-4f8d-8b22-bb49cf9f3683;https://metadados.snirh.gov.br/files/b8f0487a-df73-4f8d-8b22-bb49cf9f3683/Castro_Alves.zip
Castro Alves;203,94999999999905;203,79999999999905;0,64897348376939;3,9373242236801;UHE Castro Alves - CAV SNIRH.xlsx;b8f0487a-df73-4f8d-8b22-bb49cf9f3683;https://metadados.snirh.gov.br/files/b8f0487a-df73-4f8d-8b22-bb49cf9f3683/Castro_Alves.zip
Castro Alves;204,04999999999905;203,89999999999904;0,65471194257279;4,0025053968242;UHE Castro Alves - CAV SNIRH.xlsx;b8f0487a-df73-4f8d-8b22-bb49cf9f3683;https://metadados.snirh.gov.br/files/b8f0487a-df73-4f8d-8b22-bb49cf9f3683/Castro_Alves.zip
Castro Alves;204,14999999999904;203,99999999999903;0,66040343204493;4,0682562515613;UHE Castro Alves - CAV SNIRH.xlsx;b8f0487a-df73-4f8d-8b22-bb49cf9f3683;https://metadados.snirh.gov.br/files/b8f0487a-df73-4f8d-8b22-bb49cf9f3683/Castro_Alves.zip
Castro Alves;204,24999999999903;204,09999999999903;0,6661395565313899;4,1345772335433;UHE Castro Alves - CAV SNIRH.xlsx;b8f0487a-df73-4f8d-8b22-bb49cf9f3683;https://metadados.snirh.gov.br/files/b8f0487a-df73-4f8d-8b22-bb49cf9f3683/Castro_Alves.zip
Castro Alves;204,34999999999903;204,19999999999902;0,67201833566536;4,201483486559;UHE Castro Alves - CAV SNIRH.xlsx;b8f0487a-df73-4f8d-8b22-bb49cf9f3683;https://metadados.snirh.gov.br/files/b8f0487a-df73-4f8d-8b22-bb49cf9f3683/Castro_Alves.zip
Castro Alves;204,44999999999902;204,29999999999902;0,6782323228224301;4,2689921589297;UHE Castro Alves - CAV SNIRH.xlsx;b8f0487a-df73-4f8d-8b22-bb49cf9f3683;https://metadados.snirh.gov.br/files/b8f0487a-df73-4f8d-8b22-bb49cf9f3683/Castro_Alves.zip
Castro Alves;204,54999999999902;204,399999999999;0,68466880380804;4,3371350469498005;UHE Castro Alves - CAV SNIRH.xlsx;b8f0487a-df73-4f8d-8b22-bb49cf9f3683;https://metadados.snirh.gov.br/files/b8f0487a-df73-4f8d-8b22-bb49cf9f3683/Castro_Alves.zip
Castro Alves;204,649999999999;204,499999999999;0,6911244335414201;4,4059209382466005;UHE Castro Alves - CAV SNIRH.xlsx;b8f0487a-df73-4f8d-8b22-bb49cf9f3683;https://metadados.snirh.gov.br/files/b8f0487a-df73-4f8d-8b22-bb49cf9f3683/Castro_Alves.zip
Castro Alves;204,749999999999;204,599999999999;0,69761496747632;4,47535090794;UHE Castro Alves - CAV SNIRH.xlsx;b8f0487a-df73-4f8d-8b22-bb49cf9f3683;https://metadados.snirh.gov.br/files/b8f0487a-df73-4f8d-8b22-bb49cf9f3683/Castro_Alves.zip
Castro Alves;204,849999999999;204,699999999999;0,70433482476028;4,5454405976695;UHE Castro Alves - CAV SNIRH.xlsx;b8f0487a-df73-4f8d-8b22-bb49cf9f3683;https://metadados.snirh.gov.br/files/b8f0487a-df73-4f8d-8b22-bb49cf9f3683/Castro_Alves.zip
Castro Alves;204,949999999999;204,799999999999;0,71098520731309;4,6162076653967;UHE Castro Alves - CAV SNIRH.xlsx;b8f0487a-df73-4f8d-8b22-bb49cf9f3683;https://metadados.snirh.gov.br/files/b8f0487a-df73-4f8d-8b22-bb49cf9f3683/Castro_Alves.zip
Castro Alves;205,049999999999;204,89999999999898;0,71769516522047;4,6876380144026;UHE Castro Alves - CAV SNIRH.xlsx;b8f0487a-df73-4f8d-8b22-bb49cf9f3683;https://metadados.snirh.gov.br/files/b8f0487a-df73-4f8d-8b22-bb49cf9f3683/Castro_Alves.zip
Castro Alves;205,14999999999898;204,99999999999898;0,72464005043998;4,759752262289;UHE Castro Alves - CAV SNIRH.xlsx;b8f0487a-df73-4f8d-8b22-bb49cf9f3683;https://metadados.snirh.gov.br/files/b8f0487a-df73-4f8d-8b22-bb49cf9f3683/Castro_Alves.zip
Castro Alves;205,24999999999898;205,09999999999897;0,73173904424125;4,832558865635;UHE Castro Alves - CAV SNIRH.xlsx;b8f0487a-df73-4f8d-8b22-bb49cf9f3683;https://metadados.snirh.gov.br/files/b8f0487a-df73-4f8d-8b22-bb49cf9f3683/Castro_Alves.zip
Castro Alves;205,34999999999897;205,19999999999897;0,73930968857836;4,906106940936899;UHE Castro Alves - CAV SNIRH.xlsx;b8f0487a-df73-4f8d-8b22-bb49cf9f3683;https://metadados.snirh.gov.br/files/b8f0487a-df73-4f8d-8b22-bb49cf9f3683/Castro_Alves.zip
Castro Alves;205,44999999999897;205,29999999999896;0,7473127489258701;4,9804287408728;UHE Castro Alves - CAV SNIRH.xlsx;b8f0487a-df73-4f8d-8b22-bb49cf9f3683;https://metadados.snirh.gov.br/files/b8f0487a-df73-4f8d-8b22-bb49cf9f3683/Castro_Alves.zip
Castro Alves;205,54999999999896;205,39999999999895;0,7559345804923899;5,0555849565752;UHE Castro Alves - CAV SNIRH.xlsx;b8f0487a-df73-4f8d-8b22-bb49cf9f3683;https://metadados.snirh.gov.br/files/b8f0487a-df73-4f8d-8b22-bb49cf9f3683/Castro_Alves.zip
Castro Alves;205,64999999999895;205,49999999999895;0,7648635505963199;5,1316225518809;UHE Castro Alves - CAV SNIRH.xlsx;b8f0487a-df73-4f8d-8b22-bb49cf9f3683;https://metadados.snirh.gov.br/files/b8f0487a-df73-4f8d-8b22-bb49cf9f3683/Castro_Alves.zip
Castro Alves;205,74999999999895;205,59999999999894;0,77387622378088;5,2085545380798;UHE Castro Alves - CAV SNIRH.xlsx;b8f0487a-df73-4f8d-8b22-bb49cf9f3683;https://metadados.snirh.gov.br/files/b8f0487a-df73-4f8d-8b22-bb49cf9f3683/Castro_Alves.zip
Castro Alves;205,84999999999894;205,69999999999894;0,7829013751521899;5,2863906127211004;UHE Castro Alves - CAV SNIRH.xlsx;b8f0487a-df73-4f8d-8b22-bb49cf9f3683;https://metadados.snirh.gov.br/files/b8f0487a-df73-4f8d-8b22-bb49cf9f3683/Castro_Alves.zip
Castro Alves;205,94999999999894;205,79999999999893;0,79187379501056;5,3651293773333;UHE Castro Alves - CAV SNIRH.xlsx;b8f0487a-df73-4f8d-8b22-bb49cf9f3683;https://metadados.snirh.gov.br/files/b8f0487a-df73-4f8d-8b22-bb49cf9f3683/Castro_Alves.zip
Castro Alves;206,04999999999893;205,89999999999893;0,8009721635899201;5,4447774669595;UHE Castro Alves - CAV SNIRH.xlsx;b8f0487a-df73-4f8d-8b22-bb49cf9f3683;https://metadados.snirh.gov.br/files/b8f0487a-df73-4f8d-8b22-bb49cf9f3683/Castro_Alves.zip
Castro Alves;206,14999999999893;205,99999999999892;0,81015005587209;5,5253201869815;UHE Castro Alves - CAV SNIRH.xlsx;b8f0487a-df73-4f8d-8b22-bb49cf9f3683;https://metadados.snirh.gov.br/files/b8f0487a-df73-4f8d-8b22-bb49cf9f3683/Castro_Alves.zip
Castro Alves;206,24999999999892;206,09999999999891;0,81997371999649;5,6068226332678;UHE Castro Alves - CAV SNIRH.xlsx;b8f0487a-df73-4f8d-8b22-bb49cf9f3683;https://metadados.snirh.gov.br/files/b8f0487a-df73-4f8d-8b22-bb49cf9f3683/Castro_Alves.zip
Castro Alves;206,34999999999891;206,1999999999989;0,8293668110112701;5,6892874476966;UHE Castro Alves - CAV SNIRH.xlsx;b8f0487a-df73-4f8d-8b22-bb49cf9f3683;https://metadados.snirh.gov.br/files/b8f0487a-df73-4f8d-8b22-bb49cf9f3683/Castro_Alves.zip
Castro Alves;206,4499999999989;206,2999999999989;0,8389855205290601;5,7726979229131;UHE Castro Alves - CAV SNIRH.xlsx;b8f0487a-df73-4f8d-8b22-bb49cf9f3683;https://metadados.snirh.gov.br/files/b8f0487a-df73-4f8d-8b22-bb49cf9f3683/Castro_Alves.zip
Castro Alves;206,5499999999989;206,3999999999989;0,84840850137484;5,8570691499303;UHE Castro Alves - CAV SNIRH.xlsx;b8f0487a-df73-4f8d-8b22-bb49cf9f3683;https://metadados.snirh.gov.br/files/b8f0487a-df73-4f8d-8b22-bb49cf9f3683/Castro_Alves.zip
Castro Alves;206,6499999999989;206,4999999999989;0,85805025052229;5,9423852341281;UHE Castro Alves - CAV SNIRH.xlsx;b8f0487a-df73-4f8d-8b22-bb49cf9f3683;https://metadados.snirh.gov.br/files/b8f0487a-df73-4f8d-8b22-bb49cf9f3683/Castro_Alves.zip
Castro Alves;206,7499999999989;206,5999999999989;0,867645800562;6,0286727105623;UHE Castro Alves - CAV SNIRH.xlsx;b8f0487a-df73-4f8d-8b22-bb49cf9f3683;https://metadados.snirh.gov.br/files/b8f0487a-df73-4f8d-8b22-bb49cf9f3683/Castro_Alves.zip
Castro Alves;206,8499999999989;206,69999999999888;0,87727076333606;6,1159109994189;UHE Castro Alves - CAV SNIRH.xlsx;b8f0487a-df73-4f8d-8b22-bb49cf9f3683;https://metadados.snirh.gov.br/files/b8f0487a-df73-4f8d-8b22-bb49cf9f3683/Castro_Alves.zip
Castro Alves;206,94999999999888;206,79999999999887;0,88672496596149;6,2041139867282;UHE Castro Alves - CAV SNIRH.xlsx;b8f0487a-df73-4f8d-8b22-bb49cf9f3683;https://metadados.snirh.gov.br/files/b8f0487a-df73-4f8d-8b22-bb49cf9f3683/Castro_Alves.zip
Castro Alves;207,04999999999887;206,89999999999887;0,8960348523064601;6,2932487859909;UHE Castro Alves - CAV SNIRH.xlsx;b8f0487a-df73-4f8d-8b22-bb49cf9f3683;https://metadados.snirh.gov.br/files/b8f0487a-df73-4f8d-8b22-bb49cf9f3683/Castro_Alves.zip
Castro Alves;207,14999999999887;206,99999999999886;0,9059313081742201;6,3833344933733995;UHE Castro Alves - CAV SNIRH.xlsx;b8f0487a-df73-4f8d-8b22-bb49cf9f3683;https://metadados.snirh.gov.br/files/b8f0487a-df73-4f8d-8b22-bb49cf9f3683/Castro_Alves.zip
Castro Alves;207,24999999999886;207,09999999999886;0,9164422266889299;6,4744386123307;UHE Castro Alves - CAV SNIRH.xlsx;b8f0487a-df73-4f8d-8b22-bb49cf9f3683;https://metadados.snirh.gov.br/files/b8f0487a-df73-4f8d-8b22-bb49cf9f3683/Castro_Alves.zip
Castro Alves;207,34999999999886;207,19999999999885;0,92709557172213;6,5666244495254995;UHE Castro Alves - CAV SNIRH.xlsx;b8f0487a-df73-4f8d-8b22-bb49cf9f3683;https://metadados.snirh.gov.br/files/b8f0487a-df73-4f8d-8b22-bb49cf9f3683/Castro_Alves.zip
Castro Alves;207,44999999999885;207,29999999999885;0,93696912488525;6,6598255596047;UHE Castro Alves - CAV SNIRH.xlsx;b8f0487a-df73-4f8d-8b22-bb49cf9f3683;https://metadados.snirh.gov.br/files/b8f0487a-df73-4f8d-8b22-bb49cf9f3683/Castro_Alves.zip
Castro Alves;207,54999999999885;207,39999999999884;0,94663554131312;6,754003403478199;UHE Castro Alves - CAV SNIRH.xlsx;b8f0487a-df73-4f8d-8b22-bb49cf9f3683;https://metadados.snirh.gov.br/files/b8f0487a-df73-4f8d-8b22-bb49cf9f3683/Castro_Alves.zip
Castro Alves;207,64999999999884;207,49999999999883;0,9560102915390699;6,8491296875601995;UHE Castro Alves - CAV SNIRH.xlsx;b8f0487a-df73-4f8d-8b22-bb49cf9f3683;https://metadados.snirh.gov.br/files/b8f0487a-df73-4f8d-8b22-bb49cf9f3683/Castro_Alves.zip
Castro Alves;207,74999999999883;207,59999999999883;0,96544935076927;6,9451989674015;UHE Castro Alves - CAV SNIRH.xlsx;b8f0487a-df73-4f8d-8b22-bb49cf9f3683;https://metadados.snirh.gov.br/files/b8f0487a-df73-4f8d-8b22-bb49cf9f3683/Castro_Alves.zip
Castro Alves;207,84999999999883;207,69999999999882;0,9752260329775301;7,042229811552501;UHE Castro Alves - CAV SNIRH.xlsx;b8f0487a-df73-4f8d-8b22-bb49cf9f3683;https://metadados.snirh.gov.br/files/b8f0487a-df73-4f8d-8b22-bb49cf9f3683/Castro_Alves.zip
Castro Alves;207,94999999999882;207,79999999999882;0,9849206084475399;7,1402310035573;UHE Castro Alves - CAV SNIRH.xlsx;b8f0487a-df73-4f8d-8b22-bb49cf9f3683;https://metadados.snirh.gov.br/files/b8f0487a-df73-4f8d-8b22-bb49cf9f3683/Castro_Alves.zip
Castro Alves;208,04999999999882;207,8999999999988;0,9945274360862;7,2392058365073995;UHE Castro Alves - CAV SNIRH.xlsx;b8f0487a-df73-4f8d-8b22-bb49cf9f3683;https://metadados.snirh.gov.br/files/b8f0487a-df73-4f8d-8b22-bb49cf9f3683/Castro_Alves.zip
Castro Alves;208,1499999999988;207,9999999999988;1,0042217684894001;7,3391287653946;UHE Castro Alves - CAV SNIRH.xlsx;b8f0487a-df73-4f8d-8b22-bb49cf9f3683;https://metadados.snirh.gov.br/files/b8f0487a-df73-4f8d-8b22-bb49cf9f3683/Castro_Alves.zip
Castro Alves;208,2499999999988;208,0999999999988;1,0145666333143;7,4400639273677;UHE Castro Alves - CAV SNIRH.xlsx;b8f0487a-df73-4f8d-8b22-bb49cf9f3683;https://metadados.snirh.gov.br/files/b8f0487a-df73-4f8d-8b22-bb49cf9f3683/Castro_Alves.zip
Castro Alves;208,3499999999988;208,1999999999988;1,0255154761998;7,5420582681459;UHE Castro Alves - CAV SNIRH.xlsx;b8f0487a-df73-4f8d-8b22-bb49cf9f3683;https://metadados.snirh.gov.br/files/b8f0487a-df73-4f8d-8b22-bb49cf9f3683/Castro_Alves.zip
Castro Alves;208,4499999999988;208,2999999999988;1,0368871398193;7,645167409658599;UHE Castro Alves - CAV SNIRH.xlsx;b8f0487a-df73-4f8d-8b22-bb49cf9f3683;https://metadados.snirh.gov.br/files/b8f0487a-df73-4f8d-8b22-bb49cf9f3683/Castro_Alves.zip
Castro Alves;208,5499999999988;208,39999999999878;1,0483921751603;7,7494259999891;UHE Castro Alves - CAV SNIRH.xlsx;b8f0487a-df73-4f8d-8b22-bb49cf9f3683;https://metadados.snirh.gov.br/files/b8f0487a-df73-4f8d-8b22-bb49cf9f3683/Castro_Alves.zip
Castro Alves;208,64999999999878;208,49999999999878;1,0600396472034;7,8548395530507;UHE Castro Alves - CAV SNIRH.xlsx;b8f0487a-df73-4f8d-8b22-bb49cf9f3683;https://metadados.snirh.gov.br/files/b8f0487a-df73-4f8d-8b22-bb49cf9f3683/Castro_Alves.zip
Castro Alves;208,74999999999878;208,59999999999877;1,0717092947125;7,9614303966186;UHE Castro Alves - CAV SNIRH.xlsx;b8f0487a-df73-4f8d-8b22-bb49cf9f3683;https://metadados.snirh.gov.br/files/b8f0487a-df73-4f8d-8b22-bb49cf9f3683/Castro_Alves.zip
Castro Alves;208,84999999999877;208,69999999999877;1,0831366287424;8,0691627998942;UHE Castro Alves - CAV SNIRH.xlsx;b8f0487a-df73-4f8d-8b22-bb49cf9f3683;https://metadados.snirh.gov.br/files/b8f0487a-df73-4f8d-8b22-bb49cf9f3683/Castro_Alves.zip
Castro Alves;208,94999999999877;208,79999999999876;1,0948661723558;8,1780558834846;UHE Castro Alves - CAV SNIRH.xlsx;b8f0487a-df73-4f8d-8b22-bb49cf9f3683;https://metadados.snirh.gov.br/files/b8f0487a-df73-4f8d-8b22-bb49cf9f3683/Castro_Alves.zip
Castro Alves;209,04999999999876;208,89999999999876;1,1073916314065;8,2881564116015;UHE Castro Alves - CAV SNIRH.xlsx;b8f0487a-df73-4f8d-8b22-bb49cf9f3683;https://metadados.snirh.gov.br/files/b8f0487a-df73-4f8d-8b22-bb49cf9f3683/Castro_Alves.zip
Castro Alves;209,14999999999876;208,99999999999875;1,1204216580591;8,3995359980291;UHE Castro Alves - CAV SNIRH.xlsx;b8f0487a-df73-4f8d-8b22-bb49cf9f3683;https://metadados.snirh.gov.br/files/b8f0487a-df73-4f8d-8b22-bb49cf9f3683/Castro_Alves.zip
Castro Alves;209,24999999999875;209,09999999999874;1,1343199606966;8,5122565745679;UHE Castro Alves - CAV SNIRH.xlsx;b8f0487a-df73-4f8d-8b22-bb49cf9f3683;https://metadados.snirh.gov.br/files/b8f0487a-df73-4f8d-8b22-bb49cf9f3683/Castro_Alves.zip
Castro Alves;209,34999999999874;209,19999999999874;1,1484860077338;8,6263951320879;UHE Castro Alves - CAV SNIRH.xlsx;b8f0487a-df73-4f8d-8b22-bb49cf9f3683;https://metadados.snirh.gov.br/files/b8f0487a-df73-4f8d-8b22-bb49cf9f3683/Castro_Alves.zip
Castro Alves;209,44999999999874;209,29999999999873;1,1628818929715001;8,741958501708002;UHE Castro Alves - CAV SNIRH.xlsx;b8f0487a-df73-4f8d-8b22-bb49cf9f3683;https://metadados.snirh.gov.br/files/b8f0487a-df73-4f8d-8b22-bb49cf9f3683/Castro_Alves.zip
Castro Alves;209,54999999999873;209,39999999999873;1,1765372319912;8,8589323543482;UHE Castro Alves - CAV SNIRH.xlsx;b8f0487a-df73-4f8d-8b22-bb49cf9f3683;https://metadados.snirh.gov.br/files/b8f0487a-df73-4f8d-8b22-bb49cf9f3683/Castro_Alves.zip
Castro Alves;209,64999999999873;209,49999999999872;1,1894037619908;8,9772245502265;UHE Castro Alves - CAV SNIRH.xlsx;b8f0487a-df73-4f8d-8b22-bb49cf9f3683;https://metadados.snirh.gov.br/files/b8f0487a-df73-4f8d-8b22-bb49cf9f3683/Castro_Alves.zip
Castro Alves;209,74999999999872;209,59999999999872;1,2017109030709;9,096784579577399;UHE Castro Alves - CAV SNIRH.xlsx;b8f0487a-df73-4f8d-8b22-bb49cf9f3683;https://metadados.snirh.gov.br/files/b8f0487a-df73-4f8d-8b22-bb49cf9f3683/Castro_Alves.zip
Castro Alves;209,84999999999872;209,6999999999987;1,2138109012957001;9,217556946087699;UHE Castro Alves - CAV SNIRH.xlsx;b8f0487a-df73-4f8d-8b22-bb49cf9f3683;https://metadados.snirh.gov.br/files/b8f0487a-df73-4f8d-8b22-bb49cf9f3683/Castro_Alves.zip
Castro Alves;209,9499999999987;209,7999999999987;1,2258908878494001;9,339541466686901;UHE Castro Alves - CAV SNIRH.xlsx;b8f0487a-df73-4f8d-8b22-bb49cf9f3683;https://metadados.snirh.gov.br/files/b8f0487a-df73-4f8d-8b22-bb49cf9f3683/Castro_Alves.zip
Castro Alves;210,0499999999987;209,8999999999987;1,2379946757708;9,462721624518501;UHE Castro Alves - CAV SNIRH.xlsx;b8f0487a-df73-4f8d-8b22-bb49cf9f3683;https://metadados.snirh.gov.br/files/b8f0487a-df73-4f8d-8b22-bb49cf9f3683/Castro_Alves.zip
Castro Alves;210,1499999999987;209,9999999999987;1,2502562362311;9,5871391370818;UHE Castro Alves - CAV SNIRH.xlsx;b8f0487a-df73-4f8d-8b22-bb49cf9f3683;https://metadados.snirh.gov.br/files/b8f0487a-df73-4f8d-8b22-bb49cf9f3683/Castro_Alves.zip
Castro Alves;210,2499999999987;210,0999999999987;1,2620804729534;9,7127475838092;UHE Castro Alves - CAV SNIRH.xlsx;b8f0487a-df73-4f8d-8b22-bb49cf9f3683;https://metadados.snirh.gov.br/files/b8f0487a-df73-4f8d-8b22-bb49cf9f3683/Castro_Alves.zip
Castro Alves;210,3499999999987;210,19999999999868;1,2736860277253002;9,8395361659702;UHE Castro Alves - CAV SNIRH.xlsx;b8f0487a-df73-4f8d-8b22-bb49cf9f3683;https://metadados.snirh.gov.br/files/b8f0487a-df73-4f8d-8b22-bb49cf9f3683/Castro_Alves.zip
Castro Alves;210,44999999999868;210,29999999999868;1,2852896611959999;9,9674828018732;UHE Castro Alves - CAV SNIRH.xlsx;b8f0487a-df73-4f8d-8b22-bb49cf9f3683;https://metadados.snirh.gov.br/files/b8f0487a-df73-4f8d-8b22-bb49cf9f3683/Castro_Alves.zip
Castro Alves;210,54999999999868;210,39999999999867;1,2968181885634;10,096586507546;UHE Castro Alves - CAV SNIRH.xlsx;b8f0487a-df73-4f8d-8b22-bb49cf9f3683;https://metadados.snirh.gov.br/files/b8f0487a-df73-4f8d-8b22-bb49cf9f3683/Castro_Alves.zip
Castro Alves;210,64999999999867;210,49999999999866;1,3083012368611;10,226835454719;UHE Castro Alves - CAV SNIRH.xlsx;b8f0487a-df73-4f8d-8b22-bb49cf9f3683;https://metadados.snirh.gov.br/files/b8f0487a-df73-4f8d-8b22-bb49cf9f3683/Castro_Alves.zip
Castro Alves;210,74999999999866;210,59999999999866;1,3197139016435;10,358230520195;UHE Castro Alves - CAV SNIRH.xlsx;b8f0487a-df73-4f8d-8b22-bb49cf9f3683;https://metadados.snirh.gov.br/files/b8f0487a-df73-4f8d-8b22-bb49cf9f3683/Castro_Alves.zip
Castro Alves;210,84999999999866;210,69999999999865;1,3310134712701;10,490756843582;UHE Castro Alves - CAV SNIRH.xlsx;b8f0487a-df73-4f8d-8b22-bb49cf9f3683;https://metadados.snirh.gov.br/files/b8f0487a-df73-4f8d-8b22-bb49cf9f3683/Castro_Alves.zip
Castro Alves;210,94999999999865;210,79999999999865;1,34244016806;10,624430181907;UHE Castro Alves - CAV SNIRH.xlsx;b8f0487a-df73-4f8d-8b22-bb49cf9f3683;https://metadados.snirh.gov.br/files/b8f0487a-df73-4f8d-8b22-bb49cf9f3683/Castro_Alves.zip
Castro Alves;211,04999999999865;210,89999999999864;1,3536642311038;10,759236389672;UHE Castro Alves - CAV SNIRH.xlsx;b8f0487a-df73-4f8d-8b22-bb49cf9f3683;https://metadados.snirh.gov.br/files/b8f0487a-df73-4f8d-8b22-bb49cf9f3683/Castro_Alves.zip
Castro Alves;211,14999999999864;210,99999999999864;1,3649226595694;10,895156692072;UHE Castro Alves - CAV SNIRH.xlsx;b8f0487a-df73-4f8d-8b22-bb49cf9f3683;https://metadados.snirh.gov.br/files/b8f0487a-df73-4f8d-8b22-bb49cf9f3683/Castro_Alves.zip
Castro Alves;211,24999999999864;211,09999999999863;1,3759763847826;11,032197699347;UHE Castro Alves - CAV SNIRH.xlsx;b8f0487a-df73-4f8d-8b22-bb49cf9f3683;https://metadados.snirh.gov.br/files/b8f0487a-df73-4f8d-8b22-bb49cf9f3683/Castro_Alves.zip
Castro Alves;211,34999999999863;211,19999999999862;1,3869353161442999;11,170336935435001;UHE Castro Alves - CAV SNIRH.xlsx;b8f0487a-df73-4f8d-8b22-bb49cf9f3683;https://metadados.snirh.gov.br/files/b8f0487a-df73-4f8d-8b22-bb49cf9f3683/Castro_Alves.zip
Castro Alves;211,44999999999862;211,29999999999862;1,3978284026837;11,309573330770998;UHE Castro Alves - CAV SNIRH.xlsx;b8f0487a-df73-4f8d-8b22-bb49cf9f3683;https://metadados.snirh.gov.br/files/b8f0487a-df73-4f8d-8b22-bb49cf9f3683/Castro_Alves.zip
Castro Alves;211,54999999999862;211,3999999999986;1,4089208254988999;11,449903929116;UHE Castro Alves - CAV SNIRH.xlsx;b8f0487a-df73-4f8d-8b22-bb49cf9f3683;https://metadados.snirh.gov.br/files/b8f0487a-df73-4f8d-8b22-bb49cf9f3683/Castro_Alves.zip
Castro Alves;211,6499999999986;211,4999999999986;1,419937844637;11,591342572518;UHE Castro Alves - CAV SNIRH.xlsx;b8f0487a-df73-4f8d-8b22-bb49cf9f3683;https://metadados.snirh.gov.br/files/b8f0487a-df73-4f8d-8b22-bb49cf9f3683/Castro_Alves.zip
Castro Alves;211,7499999999986;211,5999999999986;1,4311191351266999;11,733887972929999;UHE Castro Alves - CAV SNIRH.xlsx;b8f0487a-df73-4f8d-8b22-bb49cf9f3683;https://metadados.snirh.gov.br/files/b8f0487a-df73-4f8d-8b22-bb49cf9f3683/Castro_Alves.zip
Castro Alves;211,8499999999986;211,6999999999986;1,4427362439681999;11,877571100389;UHE Castro Alves - CAV SNIRH.xlsx;b8f0487a-df73-4f8d-8b22-bb49cf9f3683;https://metadados.snirh.gov.br/files/b8f0487a-df73-4f8d-8b22-bb49cf9f3683/Castro_Alves.zip
Castro Alves;211,9499999999986;211,7999999999986;1,4545157013608;12,022421661792;UHE Castro Alves - CAV SNIRH.xlsx;b8f0487a-df73-4f8d-8b22-bb49cf9f3683;https://metadados.snirh.gov.br/files/b8f0487a-df73-4f8d-8b22-bb49cf9f3683/Castro_Alves.zip
Castro Alves;212,0499999999986;211,89999999999858;1,4671617613105001;12,16849530451;UHE Castro Alves - CAV SNIRH.xlsx;b8f0487a-df73-4f8d-8b22-bb49cf9f3683;https://metadados.snirh.gov.br/files/b8f0487a-df73-4f8d-8b22-bb49cf9f3683/Castro_Alves.zip
Castro Alves;212,14999999999858;211,99999999999858;1,4803484980087;12,31586583333;UHE Castro Alves - CAV SNIRH.xlsx;b8f0487a-df73-4f8d-8b22-bb49cf9f3683;https://metadados.snirh.gov.br/files/b8f0487a-df73-4f8d-8b22-bb49cf9f3683/Castro_Alves.zip
Castro Alves;212,24999999999858;212,09999999999857;1,4937899637593002;12,464561026353;UHE Castro Alves - CAV SNIRH.xlsx;b8f0487a-df73-4f8d-8b22-bb49cf9f3683;https://metadados.snirh.gov.br/files/b8f0487a-df73-4f8d-8b22-bb49cf9f3683/Castro_Alves.zip
Castro Alves;212,34999999999857;212,19999999999857;1,5072882870535;12,614605223678;UHE Castro Alves - CAV SNIRH.xlsx;b8f0487a-df73-4f8d-8b22-bb49cf9f3683;https://metadados.snirh.gov.br/files/b8f0487a-df73-4f8d-8b22-bb49cf9f3683/Castro_Alves.zip
Castro Alves;212,44999999999857;212,29999999999856;1,520765303755;12,766001869305;UHE Castro Alves - CAV SNIRH.xlsx;b8f0487a-df73-4f8d-8b22-bb49cf9f3683;https://metadados.snirh.gov.br/files/b8f0487a-df73-4f8d-8b22-bb49cf9f3683/Castro_Alves.zip
Castro Alves;212,54999999999856;212,39999999999856;1,5344883627802002;12,918749936938001;UHE Castro Alves - CAV SNIRH.xlsx;b8f0487a-df73-4f8d-8b22-bb49cf9f3683;https://metadados.snirh.gov.br/files/b8f0487a-df73-4f8d-8b22-bb49cf9f3683/Castro_Alves.zip
Castro Alves;212,64999999999856;212,49999999999855;1,5488062397669;13,072905139229;UHE Castro Alves - CAV SNIRH.xlsx;b8f0487a-df73-4f8d-8b22-bb49cf9f3683;https://metadados.snirh.gov.br/files/b8f0487a-df73-4f8d-8b22-bb49cf9f3683/Castro_Alves.zip
Castro Alves;212,74999999999855;212,59999999999854;1,563835436761;13,228516710002;UHE Castro Alves - CAV SNIRH.xlsx;b8f0487a-df73-4f8d-8b22-bb49cf9f3683;https://metadados.snirh.gov.br/files/b8f0487a-df73-4f8d-8b22-bb49cf9f3683/Castro_Alves.zip
Castro Alves;212,84999999999854;212,69999999999854;1,5783987379948001;13,385626601964;UHE Castro Alves - CAV SNIRH.xlsx;b8f0487a-df73-4f8d-8b22-bb49cf9f3683;https://metadados.snirh.gov.br/files/b8f0487a-df73-4f8d-8b22-bb49cf9f3683/Castro_Alves.zip
Castro Alves;212,94999999999854;212,79999999999853;1,5930090585389;13,544189377939;UHE Castro Alves - CAV SNIRH.xlsx;b8f0487a-df73-4f8d-8b22-bb49cf9f3683;https://metadados.snirh.gov.br/files/b8f0487a-df73-4f8d-8b22-bb49cf9f3683/Castro_Alves.zip
Castro Alves;213,04999999999853;212,89999999999853;1,6074241126303;13,704205542534;UHE Castro Alves - CAV SNIRH.xlsx;b8f0487a-df73-4f8d-8b22-bb49cf9f3683;https://metadados.snirh.gov.br/files/b8f0487a-df73-4f8d-8b22-bb49cf9f3683/Castro_Alves.zip
Castro Alves;213,14999999999853;212,99999999999852;1,6225799003104;13,865685448700999;UHE Castro Alves - CAV SNIRH.xlsx;b8f0487a-df73-4f8d-8b22-bb49cf9f3683;https://metadados.snirh.gov.br/files/b8f0487a-df73-4f8d-8b22-bb49cf9f3683/Castro_Alves.zip
Castro Alves;213,24999999999852;213,09999999999852;1,6379067392236;14,02871099192;UHE Castro Alves - CAV SNIRH.xlsx;b8f0487a-df73-4f8d-8b22-bb49cf9f3683;https://metadados.snirh.gov.br/files/b8f0487a-df73-4f8d-8b22-bb49cf9f3683/Castro_Alves.zip
Castro Alves;213,34999999999852;213,1999999999985;1,6525295164461;14,193231966774;UHE Castro Alves - CAV SNIRH.xlsx;b8f0487a-df73-4f8d-8b22-bb49cf9f3683;https://metadados.snirh.gov.br/files/b8f0487a-df73-4f8d-8b22-bb49cf9f3683/Castro_Alves.zip
Castro Alves;213,4499999999985;213,2999999999985;1,6661714445097;14,359160752659001;UHE Castro Alves - CAV SNIRH.xlsx;b8f0487a-df73-4f8d-8b22-bb49cf9f3683;https://metadados.snirh.gov.br/files/b8f0487a-df73-4f8d-8b22-bb49cf9f3683/Castro_Alves.zip
Castro Alves;213,5499999999985;213,3999999999985;1,6793548487641001;14,526428308886;UHE Castro Alves - CAV SNIRH.xlsx;b8f0487a-df73-4f8d-8b22-bb49cf9f3683;https://metadados.snirh.gov.br/files/b8f0487a-df73-4f8d-8b22-bb49cf9f3683/Castro_Alves.zip
Castro Alves;213,6499999999985;213,4999999999985;1,6927244495965;14,695022374568001;UHE Castro Alves - CAV SNIRH.xlsx;b8f0487a-df73-4f8d-8b22-bb49cf9f3683;https://metadados.snirh.gov.br/files/b8f0487a-df73-4f8d-8b22-bb49cf9f3683/Castro_Alves.zip
Castro Alves;213,7499999999985;213,5999999999985;1,7062475580080998;14,864957792072;UHE Castro Alves - CAV SNIRH.xlsx;b8f0487a-df73-4f8d-8b22-bb49cf9f3683;https://metadados.snirh.gov.br/files/b8f0487a-df73-4f8d-8b22-bb49cf9f3683/Castro_Alves.zip
Castro Alves;213,8499999999985;213,69999999999848;1,7192958036875001;15,036231479900001;UHE Castro Alves - CAV SNIRH.xlsx;b8f0487a-df73-4f8d-8b22-bb49cf9f3683;https://metadados.snirh.gov.br/files/b8f0487a-df73-4f8d-8b22-bb49cf9f3683/Castro_Alves.zip
Castro Alves;213,94999999999848;213,79999999999848;1,7324428422922;15,208804878737999;UHE Castro Alves - CAV SNIRH.xlsx;b8f0487a-df73-4f8d-8b22-bb49cf9f3683;https://metadados.snirh.gov.br/files/b8f0487a-df73-4f8d-8b22-bb49cf9f3683/Castro_Alves.zip
Castro Alves;214,04999999999848;213,89999999999847;1,7456079447722;15,382706922247;UHE Castro Alves - CAV SNIRH.xlsx;b8f0487a-df73-4f8d-8b22-bb49cf9f3683;https://metadados.snirh.gov.br/files/b8f0487a-df73-4f8d-8b22-bb49cf9f3683/Castro_Alves.zip
Castro Alves;214,14999999999847;213,99999999999847;1,7585836968043;15,557896649574001;UHE Castro Alves - CAV SNIRH.xlsx;b8f0487a-df73-4f8d-8b22-bb49cf9f3683;https://metadados.snirh.gov.br/files/b8f0487a-df73-4f8d-8b22-bb49cf9f3683/Castro_Alves.zip
Castro Alves;214,24999999999847;214,09999999999846;1,7715551619736;15,734402043467;UHE Castro Alves - CAV SNIRH.xlsx;b8f0487a-df73-4f8d-8b22-bb49cf9f3683;https://metadados.snirh.gov.br/files/b8f0487a-df73-4f8d-8b22-bb49cf9f3683/Castro_Alves.zip
Castro Alves;214,34999999999846;214,19999999999845;1,7844290219580998;15,912195092148;UHE Castro Alves - CAV SNIRH.xlsx;b8f0487a-df73-4f8d-8b22-bb49cf9f3683;https://metadados.snirh.gov.br/files/b8f0487a-df73-4f8d-8b22-bb49cf9f3683/Castro_Alves.zip
Castro Alves;214,44999999999845;214,29999999999845;1,7969062586671;16,091246041374;UHE Castro Alves - CAV SNIRH.xlsx;b8f0487a-df73-4f8d-8b22-bb49cf9f3683;https://metadados.snirh.gov.br/files/b8f0487a-df73-4f8d-8b22-bb49cf9f3683/Castro_Alves.zip
Castro Alves;214,54999999999845;214,39999999999844;1,8090356670113001;16,271532814232998;UHE Castro Alves - CAV SNIRH.xlsx;b8f0487a-df73-4f8d-8b22-bb49cf9f3683;https://metadados.snirh.gov.br/files/b8f0487a-df73-4f8d-8b22-bb49cf9f3683/Castro_Alves.zip
Castro Alves;214,64999999999844;214,49999999999844;1,8209390105168;16,453024156194;UHE Castro Alves - CAV SNIRH.xlsx;b8f0487a-df73-4f8d-8b22-bb49cf9f3683;https://metadados.snirh.gov.br/files/b8f0487a-df73-4f8d-8b22-bb49cf9f3683/Castro_Alves.zip
Castro Alves;214,74999999999844;214,59999999999843;1,8322996498441;16,635686085756;UHE Castro Alves - CAV SNIRH.xlsx;b8f0487a-df73-4f8d-8b22-bb49cf9f3683;https://metadados.snirh.gov.br/files/b8f0487a-df73-4f8d-8b22-bb49cf9f3683/Castro_Alves.zip
Castro Alves;214,84999999999843;214,69999999999843;1,8434462927822;16,819466842291;UHE Castro Alves - CAV SNIRH.xlsx;b8f0487a-df73-4f8d-8b22-bb49cf9f3683;https://metadados.snirh.gov.br/files/b8f0487a-df73-4f8d-8b22-bb49cf9f3683/Castro_Alves.zip
Castro Alves;214,94999999999843;214,79999999999842;1,8543360024738;17,004344766331;UHE Castro Alves - CAV SNIRH.xlsx;b8f0487a-df73-4f8d-8b22-bb49cf9f3683;https://metadados.snirh.gov.br/files/b8f0487a-df73-4f8d-8b22-bb49cf9f3683/Castro_Alves.zip
Castro Alves;215,04999999999842;214,8999999999984;1,8651292287204;17,190312025837;UHE Castro Alves - CAV SNIRH.xlsx;b8f0487a-df73-4f8d-8b22-bb49cf9f3683;https://metadados.snirh.gov.br/files/b8f0487a-df73-4f8d-8b22-bb49cf9f3683/Castro_Alves.zip
Castro Alves;215,1499999999984;214,9999999999984;1,8758476629026;17,377349885703;UHE Castro Alves - CAV SNIRH.xlsx;b8f0487a-df73-4f8d-8b22-bb49cf9f3683;https://metadados.snirh.gov.br/files/b8f0487a-df73-4f8d-8b22-bb49cf9f3683/Castro_Alves.zip
Castro Alves;215,2499999999984;215,0999999999984;1,8865504463655;17,565456794183998;UHE Castro Alves - CAV SNIRH.xlsx;b8f0487a-df73-4f8d-8b22-bb49cf9f3683;https://metadados.snirh.gov.br/files/b8f0487a-df73-4f8d-8b22-bb49cf9f3683/Castro_Alves.zip
Castro Alves;215,3499999999984;215,1999999999984;1,8971992561023001;17,75463611903;UHE Castro Alves - CAV SNIRH.xlsx;b8f0487a-df73-4f8d-8b22-bb49cf9f3683;https://metadados.snirh.gov.br/files/b8f0487a-df73-4f8d-8b22-bb49cf9f3683/Castro_Alves.zip
Castro Alves;215,4499999999984;215,2999999999984;1,9078011667343;17,944877227903998;UHE Castro Alves - CAV SNIRH.xlsx;b8f0487a-df73-4f8d-8b22-bb49cf9f3683;https://metadados.snirh.gov.br/files/b8f0487a-df73-4f8d-8b22-bb49cf9f3683/Castro_Alves.zip
Castro Alves;215,5499999999984;215,39999999999839;1,9183757444411;18,136178117865;UHE Castro Alves - CAV SNIRH.xlsx;b8f0487a-df73-4f8d-8b22-bb49cf9f3683;https://metadados.snirh.gov.br/files/b8f0487a-df73-4f8d-8b22-bb49cf9f3683/Castro_Alves.zip
Castro Alves;215,64999999999839;215,49999999999838;1,9288432626196;18,328536518251003;UHE Castro Alves - CAV SNIRH.xlsx;b8f0487a-df73-4f8d-8b22-bb49cf9f3683;https://metadados.snirh.gov.br/files/b8f0487a-df73-4f8d-8b22-bb49cf9f3683/Castro_Alves.zip
Castro Alves;215,74999999999838;215,59999999999837;1,939251115125;18,521927753715;UHE Castro Alves - CAV SNIRH.xlsx;b8f0487a-df73-4f8d-8b22-bb49cf9f3683;https://metadados.snirh.gov.br/files/b8f0487a-df73-4f8d-8b22-bb49cf9f3683/Castro_Alves.zip
Castro Alves;215,84999999999837;215,69999999999837;1,9497746743394;18,716364880303;UHE Castro Alves - CAV SNIRH.xlsx;b8f0487a-df73-4f8d-8b22-bb49cf9f3683;https://metadados.snirh.gov.br/files/b8f0487a-df73-4f8d-8b22-bb49cf9f3683/Castro_Alves.zip
Castro Alves;215,94999999999837;215,79999999999836;1,960413862467;18,911873462065;UHE Castro Alves - CAV SNIRH.xlsx;b8f0487a-df73-4f8d-8b22-bb49cf9f3683;https://metadados.snirh.gov.br/files/b8f0487a-df73-4f8d-8b22-bb49cf9f3683/Castro_Alves.zip
Castro Alves;216,04999999999836;215,89999999999836;1,9709293696402;19,108426643263;UHE Castro Alves - CAV SNIRH.xlsx;b8f0487a-df73-4f8d-8b22-bb49cf9f3683;https://metadados.snirh.gov.br/files/b8f0487a-df73-4f8d-8b22-bb49cf9f3683/Castro_Alves.zip
Castro Alves;216,14999999999836;215,99999999999835;1,9813544859535;19,306023992723;UHE Castro Alves - CAV SNIRH.xlsx;b8f0487a-df73-4f8d-8b22-bb49cf9f3683;https://metadados.snirh.gov.br/files/b8f0487a-df73-4f8d-8b22-bb49cf9f3683/Castro_Alves.zip
Castro Alves;216,24999999999835;216,09999999999835;1,9917081805641;19,504677025919;UHE Castro Alves - CAV SNIRH.xlsx;b8f0487a-df73-4f8d-8b22-bb49cf9f3683;https://metadados.snirh.gov.br/files/b8f0487a-df73-4f8d-8b22-bb49cf9f3683/Castro_Alves.zip
Castro Alves;216,34999999999835;216,19999999999834;2,0018747485501;19,704346422352;UHE Castro Alves - CAV SNIRH.xlsx;b8f0487a-df73-4f8d-8b22-bb49cf9f3683;https://metadados.snirh.gov.br/files/b8f0487a-df73-4f8d-8b22-bb49cf9f3683/Castro_Alves.zip
Castro Alves;216,44999999999834;216,29999999999833;2,0120112249771;19,905032344559;UHE Castro Alves - CAV SNIRH.xlsx;b8f0487a-df73-4f8d-8b22-bb49cf9f3683;https://metadados.snirh.gov.br/files/b8f0487a-df73-4f8d-8b22-bb49cf9f3683/Castro_Alves.zip
Castro Alves;216,54999999999833;216,39999999999833;2,0221857242349;20,106729734843;UHE Castro Alves - CAV SNIRH.xlsx;b8f0487a-df73-4f8d-8b22-bb49cf9f3683;https://metadados.snirh.gov.br/files/b8f0487a-df73-4f8d-8b22-bb49cf9f3683/Castro_Alves.zip
Castro Alves;216,64999999999833;216,49999999999832;2,0322819788866;20,309453947117;UHE Castro Alves - CAV SNIRH.xlsx;b8f0487a-df73-4f8d-8b22-bb49cf9f3683;https://metadados.snirh.gov.br/files/b8f0487a-df73-4f8d-8b22-bb49cf9f3683/Castro_Alves.zip
Castro Alves;216,74999999999832;216,59999999999832;2,0424550134933;20,513173181924;UHE Castro Alves - CAV SNIRH.xlsx;b8f0487a-df73-4f8d-8b22-bb49cf9f3683;https://metadados.snirh.gov.br/files/b8f0487a-df73-4f8d-8b22-bb49cf9f3683/Castro_Alves.zip
Castro Alves;216,84999999999832;216,6999999999983;2,0526874497904;20,717936058859003;UHE Castro Alves - CAV SNIRH.xlsx;b8f0487a-df73-4f8d-8b22-bb49cf9f3683;https://metadados.snirh.gov.br/files/b8f0487a-df73-4f8d-8b22-bb49cf9f3683/Castro_Alves.zip
Castro Alves;216,9499999999983;216,7999999999983;2,0628702375906;20,923699581121003;UHE Castro Alves - CAV SNIRH.xlsx;b8f0487a-df73-4f8d-8b22-bb49cf9f3683;https://metadados.snirh.gov.br/files/b8f0487a-df73-4f8d-8b22-bb49cf9f3683/Castro_Alves.zip
Castro Alves;217,0499999999983;216,8999999999983;2,0732793283824003;21,1304848602;UHE Castro Alves - CAV SNIRH.xlsx;b8f0487a-df73-4f8d-8b22-bb49cf9f3683;https://metadados.snirh.gov.br/files/b8f0487a-df73-4f8d-8b22-bb49cf9f3683/Castro_Alves.zip
Castro Alves;217,1499999999983;216,9999999999983;2,0839429191069;21,338337095697;UHE Castro Alves - CAV SNIRH.xlsx;b8f0487a-df73-4f8d-8b22-bb49cf9f3683;https://metadados.snirh.gov.br/files/b8f0487a-df73-4f8d-8b22-bb49cf9f3683/Castro_Alves.zip
Castro Alves;217,2499999999983;217,0999999999983;2,0947062005704002;21,547274211559003;UHE Castro Alves - CAV SNIRH.xlsx;b8f0487a-df73-4f8d-8b22-bb49cf9f3683;https://metadados.snirh.gov.br/files/b8f0487a-df73-4f8d-8b22-bb49cf9f3683/Castro_Alves.zip
Castro Alves;217,3499999999983;217,19999999999828;2,1055056777754;21,757272004706;UHE Castro Alves - CAV SNIRH.xlsx;b8f0487a-df73-4f8d-8b22-bb49cf9f3683;https://metadados.snirh.gov.br/files/b8f0487a-df73-4f8d-8b22-bb49cf9f3683/Castro_Alves.zip
Castro Alves;217,44999999999828;217,29999999999828;2,1163611047922;21,968351430693;UHE Castro Alves - CAV SNIRH.xlsx;b8f0487a-df73-4f8d-8b22-bb49cf9f3683;https://metadados.snirh.gov.br/files/b8f0487a-df73-4f8d-8b22-bb49cf9f3683/Castro_Alves.zip
Castro Alves;217,54999999999828;217,39999999999827;2,1273310989851;22,180533650302998;UHE Castro Alves - CAV SNIRH.xlsx;b8f0487a-df73-4f8d-8b22-bb49cf9f3683;https://metadados.snirh.gov.br/files/b8f0487a-df73-4f8d-8b22-bb49cf9f3683/Castro_Alves.zip
Castro Alves;217,64999999999827;217,49999999999827;2,1384578807446;22,393815528647004;UHE Castro Alves - CAV SNIRH.xlsx;b8f0487a-df73-4f8d-8b22-bb49cf9f3683;https://metadados.snirh.gov.br/files/b8f0487a-df73-4f8d-8b22-bb49cf9f3683/Castro_Alves.zip
Castro Alves;217,74999999999827;217,59999999999826;2,1495593536724997;22,608205039615;UHE Castro Alves - CAV SNIRH.xlsx;b8f0487a-df73-4f8d-8b22-bb49cf9f3683;https://metadados.snirh.gov.br/files/b8f0487a-df73-4f8d-8b22-bb49cf9f3683/Castro_Alves.zip
Castro Alves;217,84999999999826;217,69999999999825;2,1606490129213998;22,823710894957;UHE Castro Alves - CAV SNIRH.xlsx;b8f0487a-df73-4f8d-8b22-bb49cf9f3683;https://metadados.snirh.gov.br/files/b8f0487a-df73-4f8d-8b22-bb49cf9f3683/Castro_Alves.zip
Castro Alves;217,94999999999825;217,79999999999825;2,1719403819966;23,040339690032003;UHE Castro Alves - CAV SNIRH.xlsx;b8f0487a-df73-4f8d-8b22-bb49cf9f3683;https://metadados.snirh.gov.br/files/b8f0487a-df73-4f8d-8b22-bb49cf9f3683/Castro_Alves.zip
Castro Alves;218,04999999999825;217,89999999999824;2,1834447847361003;23,258087901510997;UHE Castro Alves - CAV SNIRH.xlsx;b8f0487a-df73-4f8d-8b22-bb49cf9f3683;https://metadados.snirh.gov.br/files/b8f0487a-df73-4f8d-8b22-bb49cf9f3683/Castro_Alves.zip
Castro Alves;218,14999999999824;217,99999999999824;2,1952377361626003;23,477014520073002;UHE Castro Alves - CAV SNIRH.xlsx;b8f0487a-df73-4f8d-8b22-bb49cf9f3683;https://metadados.snirh.gov.br/files/b8f0487a-df73-4f8d-8b22-bb49cf9f3683/Castro_Alves.zip
Castro Alves;218,24999999999824;218,09999999999823;2,2068958330946002;23,697113693967;UHE Castro Alves - CAV SNIRH.xlsx;b8f0487a-df73-4f8d-8b22-bb49cf9f3683;https://metadados.snirh.gov.br/files/b8f0487a-df73-4f8d-8b22-bb49cf9f3683/Castro_Alves.zip
Castro Alves;218,34999999999823;218,19999999999823;2,2188427137021;23,918382630464;UHE Castro Alves - CAV SNIRH.xlsx;b8f0487a-df73-4f8d-8b22-bb49cf9f3683;https://metadados.snirh.gov.br/files/b8f0487a-df73-4f8d-8b22-bb49cf9f3683/Castro_Alves.zip
Castro Alves;218,44999999999823;218,29999999999822;2,2308326419457;24,140866776419;UHE Castro Alves - CAV SNIRH.xlsx;b8f0487a-df73-4f8d-8b22-bb49cf9f3683;https://metadados.snirh.gov.br/files/b8f0487a-df73-4f8d-8b22-bb49cf9f3683/Castro_Alves.zip
Castro Alves;218,54999999999822;218,39999999999822;2,2426601396342;24,364529177251;UHE Castro Alves - CAV SNIRH.xlsx;b8f0487a-df73-4f8d-8b22-bb49cf9f3683;https://metadados.snirh.gov.br/files/b8f0487a-df73-4f8d-8b22-bb49cf9f3683/Castro_Alves.zip
Castro Alves;218,64999999999822;218,4999999999982;2,2545808639537;24,589386461660002;UHE Castro Alves - CAV SNIRH.xlsx;b8f0487a-df73-4f8d-8b22-bb49cf9f3683;https://metadados.snirh.gov.br/files/b8f0487a-df73-4f8d-8b22-bb49cf9f3683/Castro_Alves.zip
Castro Alves;218,7499999999982;218,5999999999982;2,266397414859;24,815425713948;UHE Castro Alves - CAV SNIRH.xlsx;b8f0487a-df73-4f8d-8b22-bb49cf9f3683;https://metadados.snirh.gov.br/files/b8f0487a-df73-4f8d-8b22-bb49cf9f3683/Castro_Alves.zip
Castro Alves;218,8499999999982;218,6999999999982;2,2786047195252;25,042669866713;UHE Castro Alves - CAV SNIRH.xlsx;b8f0487a-df73-4f8d-8b22-bb49cf9f3683;https://metadados.snirh.gov.br/files/b8f0487a-df73-4f8d-8b22-bb49cf9f3683/Castro_Alves.zip
Castro Alves;218,9499999999982;218,7999999999982;2,2912513849343;25,271151636156997;UHE Castro Alves - CAV SNIRH.xlsx;b8f0487a-df73-4f8d-8b22-bb49cf9f3683;https://metadados.snirh.gov.br/files/b8f0487a-df73-4f8d-8b22-bb49cf9f3683/Castro_Alves.zip
Castro Alves;219,0499999999982;218,8999999999982;2,3041387034353;25,500912213259;UHE Castro Alves - CAV SNIRH.xlsx;b8f0487a-df73-4f8d-8b22-bb49cf9f3683;https://metadados.snirh.gov.br/files/b8f0487a-df73-4f8d-8b22-bb49cf9f3683/Castro_Alves.zip
Castro Alves;219,1499999999982;218,99999999999818;2,3174397661704997;25,731975827773002;UHE Castro Alves - CAV SNIRH.xlsx;b8f0487a-df73-4f8d-8b22-bb49cf9f3683;https://metadados.snirh.gov.br/files/b8f0487a-df73-4f8d-8b22-bb49cf9f3683/Castro_Alves.zip
Castro Alves;219,24999999999818;219,09999999999818;2,3305239217518;25,964364164663;UHE Castro Alves - CAV SNIRH.xlsx;b8f0487a-df73-4f8d-8b22-bb49cf9f3683;https://metadados.snirh.gov.br/files/b8f0487a-df73-4f8d-8b22-bb49cf9f3683/Castro_Alves.zip
Castro Alves;219,34999999999818;219,19999999999817;2,3433967430003;26,198054676966997;UHE Castro Alves - CAV SNIRH.xlsx;b8f0487a-df73-4f8d-8b22-bb49cf9f3683;https://metadados.snirh.gov.br/files/b8f0487a-df73-4f8d-8b22-bb49cf9f3683/Castro_Alves.zip
Castro Alves;219,44999999999817;219,29999999999816;2,3560190322383;26,433019898382998;UHE Castro Alves - CAV SNIRH.xlsx;b8f0487a-df73-4f8d-8b22-bb49cf9f3683;https://metadados.snirh.gov.br/files/b8f0487a-df73-4f8d-8b22-bb49cf9f3683/Castro_Alves.zip
Castro Alves;219,54999999999816;219,39999999999816;2,3686868206334997;26,669253161607;UHE Castro Alves - CAV SNIRH.xlsx;b8f0487a-df73-4f8d-8b22-bb49cf9f3683;https://metadados.snirh.gov.br/files/b8f0487a-df73-4f8d-8b22-bb49cf9f3683/Castro_Alves.zip
Castro Alves;219,64999999999816;219,49999999999815;2,3814918032989;26,906751760644998;UHE Castro Alves - CAV SNIRH.xlsx;b8f0487a-df73-4f8d-8b22-bb49cf9f3683;https://metadados.snirh.gov.br/files/b8f0487a-df73-4f8d-8b22-bb49cf9f3683/Castro_Alves.zip
Castro Alves;219,74999999999815;219,59999999999815;2,3936665250461;27,145501096116;UHE Castro Alves - CAV SNIRH.xlsx;b8f0487a-df73-4f8d-8b22-bb49cf9f3683;https://metadados.snirh.gov.br/files/b8f0487a-df73-4f8d-8b22-bb49cf9f3683/Castro_Alves.zip
Castro Alves;219,84999999999815;219,69999999999814;2,4057373604333;27,385462811743;UHE Castro Alves - CAV SNIRH.xlsx;b8f0487a-df73-4f8d-8b22-bb49cf9f3683;https://metadados.snirh.gov.br/files/b8f0487a-df73-4f8d-8b22-bb49cf9f3683/Castro_Alves.zip
Castro Alves;219,94999999999814;219,79999999999814;2,4179058980704;27,626646262093;UHE Castro Alves - CAV SNIRH.xlsx;b8f0487a-df73-4f8d-8b22-bb49cf9f3683;https://metadados.snirh.gov.br/files/b8f0487a-df73-4f8d-8b22-bb49cf9f3683/Castro_Alves.zip
Castro Alves;220,04999999999814;219,89999999999813;2,4301342909490002;27,869036449476;UHE Castro Alves - CAV SNIRH.xlsx;b8f0487a-df73-4f8d-8b22-bb49cf9f3683;https://metadados.snirh.gov.br/files/b8f0487a-df73-4f8d-8b22-bb49cf9f3683/Castro_Alves.zip
Castro Alves;220,14999999999813;219,99999999999812;2,4425457839278;28,112662087;UHE Castro Alves - CAV SNIRH.xlsx;b8f0487a-df73-4f8d-8b22-bb49cf9f3683;https://metadados.snirh.gov.br/files/b8f0487a-df73-4f8d-8b22-bb49cf9f3683/Castro_Alves.zip
Castro Alves;220,24999999999812;220,09999999999812;2,4550299867349996;28,357533602479;UHE Castro Alves - CAV SNIRH.xlsx;b8f0487a-df73-4f8d-8b22-bb49cf9f3683;https://metadados.snirh.gov.br/files/b8f0487a-df73-4f8d-8b22-bb49cf9f3683/Castro_Alves.zip
Castro Alves;220,34999999999812;220,1999999999981;2,4677098939396;28,60365326414;UHE Castro Alves - CAV SNIRH.xlsx;b8f0487a-df73-4f8d-8b22-bb49cf9f3683;https://metadados.snirh.gov.br/files/b8f0487a-df73-4f8d-8b22-bb49cf9f3683/Castro_Alves.zip
Castro Alves;220,4499999999981;220,2999999999981;2,4807003034831;28,851063295352002;UHE Castro Alves - CAV SNIRH.xlsx;b8f0487a-df73-4f8d-8b22-bb49cf9f3683;https://metadados.snirh.gov.br/files/b8f0487a-df73-4f8d-8b22-bb49cf9f3683/Castro_Alves.zip
Castro Alves;220,5499999999981;220,3999999999981;2,4937811631139;29,099778633611002;UHE Castro Alves - CAV SNIRH.xlsx;b8f0487a-df73-4f8d-8b22-bb49cf9f3683;https://metadados.snirh.gov.br/files/b8f0487a-df73-4f8d-8b22-bb49cf9f3683/Castro_Alves.zip
Castro Alves;220,6499999999981;220,4999999999981;2,5067018984236;29,349801210684003;UHE Castro Alves - CAV SNIRH.xlsx;b8f0487a-df73-4f8d-8b22-bb49cf9f3683;https://metadados.snirh.gov.br/files/b8f0487a-df73-4f8d-8b22-bb49cf9f3683/Castro_Alves.zip
Castro Alves;220,7499999999981;220,5999999999981;2,5201911725328;29,601126425775;UHE Castro Alves - CAV SNIRH.xlsx;b8f0487a-df73-4f8d-8b22-bb49cf9f3683;https://metadados.snirh.gov.br/files/b8f0487a-df73-4f8d-8b22-bb49cf9f3683/Castro_Alves.zip
Castro Alves;220,8499999999981;220,69999999999808;2,5340685938900998;29,853830461984998;UHE Castro Alves - CAV SNIRH.xlsx;b8f0487a-df73-4f8d-8b22-bb49cf9f3683;https://metadados.snirh.gov.br/files/b8f0487a-df73-4f8d-8b22-bb49cf9f3683/Castro_Alves.zip
Castro Alves;220,94999999999808;220,79999999999808;2,5480496302287;30,107932028762;UHE Castro Alves - CAV SNIRH.xlsx;b8f0487a-df73-4f8d-8b22-bb49cf9f3683;https://metadados.snirh.gov.br/files/b8f0487a-df73-4f8d-8b22-bb49cf9f3683/Castro_Alves.zip
Castro Alves;221,04999999999808;220,89999999999807;2,5625356255246;30,363446074035;UHE Castro Alves - CAV SNIRH.xlsx;b8f0487a-df73-4f8d-8b22-bb49cf9f3683;https://metadados.snirh.gov.br/files/b8f0487a-df73-4f8d-8b22-bb49cf9f3683/Castro_Alves.zip
Castro Alves;221,14999999999807;220,99999999999807;2,5775488078791002;30,620450454533;UHE Castro Alves - CAV SNIRH.xlsx;b8f0487a-df73-4f8d-8b22-bb49cf9f3683;https://metadados.snirh.gov.br/files/b8f0487a-df73-4f8d-8b22-bb49cf9f3683/Castro_Alves.zip
Castro Alves;221,24999999999807;221,09999999999806;2,5925609001177;30,878944516439;UHE Castro Alves - CAV SNIRH.xlsx;b8f0487a-df73-4f8d-8b22-bb49cf9f3683;https://metadados.snirh.gov.br/files/b8f0487a-df73-4f8d-8b22-bb49cf9f3683/Castro_Alves.zip
Castro Alves;221,34999999999806;221,19999999999806;2,6074286323794;31,138940406333;UHE Castro Alves - CAV SNIRH.xlsx;b8f0487a-df73-4f8d-8b22-bb49cf9f3683;https://metadados.snirh.gov.br/files/b8f0487a-df73-4f8d-8b22-bb49cf9f3683/Castro_Alves.zip
Castro Alves;221,44999999999806;221,29999999999805;2,6219707247143997;31,40039923849;UHE Castro Alves - CAV SNIRH.xlsx;b8f0487a-df73-4f8d-8b22-bb49cf9f3683;https://metadados.snirh.gov.br/files/b8f0487a-df73-4f8d-8b22-bb49cf9f3683/Castro_Alves.zip
Castro Alves;221,54999999999805;221,39999999999804;2,6362581359134;31,663300988177003;UHE Castro Alves - CAV SNIRH.xlsx;b8f0487a-df73-4f8d-8b22-bb49cf9f3683;https://metadados.snirh.gov.br/files/b8f0487a-df73-4f8d-8b22-bb49cf9f3683/Castro_Alves.zip
Castro Alves;221,64999999999804;221,49999999999804;2,6508994919686;31,92765703867;UHE Castro Alves - CAV SNIRH.xlsx;b8f0487a-df73-4f8d-8b22-bb49cf9f3683;https://metadados.snirh.gov.br/files/b8f0487a-df73-4f8d-8b22-bb49cf9f3683/Castro_Alves.zip
Castro Alves;221,74999999999804;221,59999999999803;2,6653935939256;32,193461678386;UHE Castro Alves - CAV SNIRH.xlsx;b8f0487a-df73-4f8d-8b22-bb49cf9f3683;https://metadados.snirh.gov.br/files/b8f0487a-df73-4f8d-8b22-bb49cf9f3683/Castro_Alves.zip
Castro Alves;221,84999999999803;221,69999999999803;2,6796106825339;32,460705945432;UHE Castro Alves - CAV SNIRH.xlsx;b8f0487a-df73-4f8d-8b22-bb49cf9f3683;https://metadados.snirh.gov.br/files/b8f0487a-df73-4f8d-8b22-bb49cf9f3683/Castro_Alves.zip
Castro Alves;221,94999999999803;221,79999999999802;2,6940045536417;32,729374332973;UHE Castro Alves - CAV SNIRH.xlsx;b8f0487a-df73-4f8d-8b22-bb49cf9f3683;https://metadados.snirh.gov.br/files/b8f0487a-df73-4f8d-8b22-bb49cf9f3683/Castro_Alves.zip
Castro Alves;222,04999999999802;221,89999999999802;2,7093240000475998;32,999543600217;UHE Castro Alves - CAV SNIRH.xlsx;b8f0487a-df73-4f8d-8b22-bb49cf9f3683;https://metadados.snirh.gov.br/files/b8f0487a-df73-4f8d-8b22-bb49cf9f3683/Castro_Alves.zip
Castro Alves;222,14999999999802;221,999999999998;2,7236997888015;33,271176696402;UHE Castro Alves - CAV SNIRH.xlsx;b8f0487a-df73-4f8d-8b22-bb49cf9f3683;https://metadados.snirh.gov.br/files/b8f0487a-df73-4f8d-8b22-bb49cf9f3683/Castro_Alves.zip
Castro Alves;222,249999999998;222,099999999998;2,7377052004773;33,544249050732;UHE Castro Alves - CAV SNIRH.xlsx;b8f0487a-df73-4f8d-8b22-bb49cf9f3683;https://metadados.snirh.gov.br/files/b8f0487a-df73-4f8d-8b22-bb49cf9f3683/Castro_Alves.zip
Castro Alves;222,349999999998;222,199999999998;2,7515829859043;33,818705587242995;UHE Castro Alves - CAV SNIRH.xlsx;b8f0487a-df73-4f8d-8b22-bb49cf9f3683;https://metadados.snirh.gov.br/files/b8f0487a-df73-4f8d-8b22-bb49cf9f3683/Castro_Alves.zip
Castro Alves;222,449999999998;222,299999999998;2,7651805920106;34,094550491364004;UHE Castro Alves - CAV SNIRH.xlsx;b8f0487a-df73-4f8d-8b22-bb49cf9f3683;https://metadados.snirh.gov.br/files/b8f0487a-df73-4f8d-8b22-bb49cf9f3683/Castro_Alves.zip
Castro Alves;222,549999999998;222,399999999998;2,7787723670389;34,371730139657;UHE Castro Alves - CAV SNIRH.xlsx;b8f0487a-df73-4f8d-8b22-bb49cf9f3683;https://metadados.snirh.gov.br/files/b8f0487a-df73-4f8d-8b22-bb49cf9f3683/Castro_Alves.zip
Castro Alves;222,649999999998;222,49999999999798;2,7921337380306;34,650271686022;UHE Castro Alves - CAV SNIRH.xlsx;b8f0487a-df73-4f8d-8b22-bb49cf9f3683;https://metadados.snirh.gov.br/files/b8f0487a-df73-4f8d-8b22-bb49cf9f3683/Castro_Alves.zip
Castro Alves;222,74999999999798;222,59999999999798;2,8053588042566;34,930137319009994;UHE Castro Alves - CAV SNIRH.xlsx;b8f0487a-df73-4f8d-8b22-bb49cf9f3683;https://metadados.snirh.gov.br/files/b8f0487a-df73-4f8d-8b22-bb49cf9f3683/Castro_Alves.zip
Castro Alves;222,84999999999798;222,69999999999797;2,8184339772234;35,211322658613;UHE Castro Alves - CAV SNIRH.xlsx;b8f0487a-df73-4f8d-8b22-bb49cf9f3683;https://metadados.snirh.gov.br/files/b8f0487a-df73-4f8d-8b22-bb49cf9f3683/Castro_Alves.zip
Castro Alves;222,94999999999797;222,79999999999797;2,8315263800254;35,493808599172006;UHE Castro Alves - CAV SNIRH.xlsx;b8f0487a-df73-4f8d-8b22-bb49cf9f3683;https://metadados.snirh.gov.br/files/b8f0487a-df73-4f8d-8b22-bb49cf9f3683/Castro_Alves.zip
Castro Alves;223,04999999999797;222,89999999999796;2,8447909455713;35,777616229572;UHE Castro Alves - CAV SNIRH.xlsx;b8f0487a-df73-4f8d-8b22-bb49cf9f3683;https://metadados.snirh.gov.br/files/b8f0487a-df73-4f8d-8b22-bb49cf9f3683/Castro_Alves.zip
Castro Alves;223,14999999999796;222,99999999999795;2,8581877087525;36,062759239592;UHE Castro Alves - CAV SNIRH.xlsx;b8f0487a-df73-4f8d-8b22-bb49cf9f3683;https://metadados.snirh.gov.br/files/b8f0487a-df73-4f8d-8b22-bb49cf9f3683/Castro_Alves.zip
Castro Alves;223,24999999999795;223,09999999999795;2,8715906702795;36,349232676152994;UHE Castro Alves - CAV SNIRH.xlsx;b8f0487a-df73-4f8d-8b22-bb49cf9f3683;https://metadados.snirh.gov.br/files/b8f0487a-df73-4f8d-8b22-bb49cf9f3683/Castro_Alves.zip
Castro Alves;223,34999999999795;223,19999999999794;2,8849520440926;36,637053785988;UHE Castro Alves - CAV SNIRH.xlsx;b8f0487a-df73-4f8d-8b22-bb49cf9f3683;https://metadados.snirh.gov.br/files/b8f0487a-df73-4f8d-8b22-bb49cf9f3683/Castro_Alves.zip
Castro Alves;223,44999999999794;223,29999999999794;2,8982426635081;36,92621218479;UHE Castro Alves - CAV SNIRH.xlsx;b8f0487a-df73-4f8d-8b22-bb49cf9f3683;https://metadados.snirh.gov.br/files/b8f0487a-df73-4f8d-8b22-bb49cf9f3683/Castro_Alves.zip
Castro Alves;223,54999999999794;223,39999999999793;2,9112984050202;37,216688041585;UHE Castro Alves - CAV SNIRH.xlsx;b8f0487a-df73-4f8d-8b22-bb49cf9f3683;https://metadados.snirh.gov.br/files/b8f0487a-df73-4f8d-8b22-bb49cf9f3683/Castro_Alves.zip
Castro Alves;223,64999999999793;223,49999999999793;2,9242071241147998;37,50844889149101;UHE Castro Alves - CAV SNIRH.xlsx;b8f0487a-df73-4f8d-8b22-bb49cf9f3683;https://metadados.snirh.gov.br/files/b8f0487a-df73-4f8d-8b22-bb49cf9f3683/Castro_Alves.zip
Castro Alves;223,74999999999793;223,59999999999792;2,9372140633482;37,801525910423;UHE Castro Alves - CAV SNIRH.xlsx;b8f0487a-df73-4f8d-8b22-bb49cf9f3683;https://metadados.snirh.gov.br/files/b8f0487a-df73-4f8d-8b22-bb49cf9f3683/Castro_Alves.zip
Castro Alves;223,84999999999792;223,6999999999979;2,950146537405;38,095886039309;UHE Castro Alves - CAV SNIRH.xlsx;b8f0487a-df73-4f8d-8b22-bb49cf9f3683;https://metadados.snirh.gov.br/files/b8f0487a-df73-4f8d-8b22-bb49cf9f3683/Castro_Alves.zip
Castro Alves;223,9499999999979;223,7999999999979;2,9628768966006;38,391527820895;UHE Castro Alves - CAV SNIRH.xlsx;b8f0487a-df73-4f8d-8b22-bb49cf9f3683;https://metadados.snirh.gov.br/files/b8f0487a-df73-4f8d-8b22-bb49cf9f3683/Castro_Alves.zip
Castro Alves;224,0499999999979;223,8999999999979;2,9755827458381;38,688438817167;UHE Castro Alves - CAV SNIRH.xlsx;b8f0487a-df73-4f8d-8b22-bb49cf9f3683;https://metadados.snirh.gov.br/files/b8f0487a-df73-4f8d-8b22-bb49cf9f3683/Castro_Alves.zip
Castro Alves;224,1499999999979;223,9999999999979;2,9883578451451998;38,986628707725;UHE Castro Alves - CAV SNIRH.xlsx;b8f0487a-df73-4f8d-8b22-bb49cf9f3683;https://metadados.snirh.gov.br/files/b8f0487a-df73-4f8d-8b22-bb49cf9f3683/Castro_Alves.zip
Castro Alves;224,2499999999979;224,0999999999979;3,0012037569589;39,286090018022996;UHE Castro Alves - CAV SNIRH.xlsx;b8f0487a-df73-4f8d-8b22-bb49cf9f3683;https://metadados.snirh.gov.br/files/b8f0487a-df73-4f8d-8b22-bb49cf9f3683/Castro_Alves.zip
Castro Alves;224,3499999999979;224,19999999999789;3,0140769772177;39,586856178618994;UHE Castro Alves - CAV SNIRH.xlsx;b8f0487a-df73-4f8d-8b22-bb49cf9f3683;https://metadados.snirh.gov.br/files/b8f0487a-df73-4f8d-8b22-bb49cf9f3683/Castro_Alves.zip
Castro Alves;224,44999999999789;224,29999999999788;3,0270408408610003;39,888896744972;UHE Castro Alves - CAV SNIRH.xlsx;b8f0487a-df73-4f8d-8b22-bb49cf9f3683;https://metadados.snirh.gov.br/files/b8f0487a-df73-4f8d-8b22-bb49cf9f3683/Castro_Alves.zip
Castro Alves;224,54999999999788;224,39999999999787;3,0400011561285996;40,192234542828004;UHE Castro Alves - CAV SNIRH.xlsx;b8f0487a-df73-4f8d-8b22-bb49cf9f3683;https://metadados.snirh.gov.br/files/b8f0487a-df73-4f8d-8b22-bb49cf9f3683/Castro_Alves.zip
Castro Alves;224,64999999999787;224,49999999999787;3,0528825944599003;40,496883737145;UHE Castro Alves - CAV SNIRH.xlsx;b8f0487a-df73-4f8d-8b22-bb49cf9f3683;https://metadados.snirh.gov.br/files/b8f0487a-df73-4f8d-8b22-bb49cf9f3683/Castro_Alves.zip
Castro Alves;224,74999999999787;224,59999999999786;3,0658776562278;40,802808697154;UHE Castro Alves - CAV SNIRH.xlsx;b8f0487a-df73-4f8d-8b22-bb49cf9f3683;https://metadados.snirh.gov.br/files/b8f0487a-df73-4f8d-8b22-bb49cf9f3683/Castro_Alves.zip
Castro Alves;224,84999999999786;224,69999999999786;3,0789067599049003;41,110045656593;UHE Castro Alves - CAV SNIRH.xlsx;b8f0487a-df73-4f8d-8b22-bb49cf9f3683;https://metadados.snirh.gov.br/files/b8f0487a-df73-4f8d-8b22-bb49cf9f3683/Castro_Alves.zip
Castro Alves;224,94999999999786;224,79999999999785;3,0919282449259;41,418577619158;UHE Castro Alves - CAV SNIRH.xlsx;b8f0487a-df73-4f8d-8b22-bb49cf9f3683;https://metadados.snirh.gov.br/files/b8f0487a-df73-4f8d-8b22-bb49cf9f3683/Castro_Alves.zip
Castro Alves;225,04999999999785;224,89999999999785;3,1049583300873;41,728422029487;UHE Castro Alves - CAV SNIRH.xlsx;b8f0487a-df73-4f8d-8b22-bb49cf9f3683;https://metadados.snirh.gov.br/files/b8f0487a-df73-4f8d-8b22-bb49cf9f3683/Castro_Alves.zip
Castro Alves;225,14999999999785;224,99999999999784;3,1179666511826;42,039549685499;UHE Castro Alves - CAV SNIRH.xlsx;b8f0487a-df73-4f8d-8b22-bb49cf9f3683;https://metadados.snirh.gov.br/files/b8f0487a-df73-4f8d-8b22-bb49cf9f3683/Castro_Alves.zip
Castro Alves;225,24999999999784;225,09999999999783;3,1308555237398;42,35198919565;UHE Castro Alves - CAV SNIRH.xlsx;b8f0487a-df73-4f8d-8b22-bb49cf9f3683;https://metadados.snirh.gov.br/files/b8f0487a-df73-4f8d-8b22-bb49cf9f3683/Castro_Alves.zip
Castro Alves;225,34999999999783;225,19999999999783;3,1437415710999;42,66571131448;UHE Castro Alves - CAV SNIRH.xlsx;b8f0487a-df73-4f8d-8b22-bb49cf9f3683;https://metadados.snirh.gov.br/files/b8f0487a-df73-4f8d-8b22-bb49cf9f3683/Castro_Alves.zip
Castro Alves;225,44999999999783;225,29999999999782;3,1567408097361;42,980727744168;UHE Castro Alves - CAV SNIRH.xlsx;b8f0487a-df73-4f8d-8b22-bb49cf9f3683;https://metadados.snirh.gov.br/files/b8f0487a-df73-4f8d-8b22-bb49cf9f3683/Castro_Alves.zip
Castro Alves;225,54999999999782;225,39999999999782;3,1700493423043;43,297050071631;UHE Castro Alves - CAV SNIRH.xlsx;b8f0487a-df73-4f8d-8b22-bb49cf9f3683;https://metadados.snirh.gov.br/files/b8f0487a-df73-4f8d-8b22-bb49cf9f3683/Castro_Alves.zip
Castro Alves;225,64999999999782;225,4999999999978;3,1836789743188;43,61473231153;UHE Castro Alves - CAV SNIRH.xlsx;b8f0487a-df73-4f8d-8b22-bb49cf9f3683;https://metadados.snirh.gov.br/files/b8f0487a-df73-4f8d-8b22-bb49cf9f3683/Castro_Alves.zip
Castro Alves;225,7499999999978;225,5999999999978;3,1974153614116;43,933783872191;UHE Castro Alves - CAV SNIRH.xlsx;b8f0487a-df73-4f8d-8b22-bb49cf9f3683;https://metadados.snirh.gov.br/files/b8f0487a-df73-4f8d-8b22-bb49cf9f3683/Castro_Alves.zip
Castro Alves;225,8499999999978;225,6999999999978;3,2116578801988;44,254221571493;UHE Castro Alves - CAV SNIRH.xlsx;b8f0487a-df73-4f8d-8b22-bb49cf9f3683;https://metadados.snirh.gov.br/files/b8f0487a-df73-4f8d-8b22-bb49cf9f3683/Castro_Alves.zip
Castro Alves;225,9499999999978;225,7999999999978;3,2259440002826;44,576091524954;UHE Castro Alves - CAV SNIRH.xlsx;b8f0487a-df73-4f8d-8b22-bb49cf9f3683;https://metadados.snirh.gov.br/files/b8f0487a-df73-4f8d-8b22-bb49cf9f3683/Castro_Alves.zip
Castro Alves;226,0499999999978;225,8999999999978;3,2401703778859;44,899395192873996;UHE Castro Alves - CAV SNIRH.xlsx;b8f0487a-df73-4f8d-8b22-bb49cf9f3683;https://metadados.snirh.gov.br/files/b8f0487a-df73-4f8d-8b22-bb49cf9f3683/Castro_Alves.zip
Castro Alves;226,1499999999978;225,99999999999778;3,2544648388949;45,224109573258;UHE Castro Alves - CAV SNIRH.xlsx;b8f0487a-df73-4f8d-8b22-bb49cf9f3683;https://metadados.snirh.gov.br/files/b8f0487a-df73-4f8d-8b22-bb49cf9f3683/Castro_Alves.zip
Castro Alves;226,24999999999778;226,09999999999778;3,2688391633919;45,550273463197996;UHE Castro Alves - CAV SNIRH.xlsx;b8f0487a-df73-4f8d-8b22-bb49cf9f3683;https://metadados.snirh.gov.br/files/b8f0487a-df73-4f8d-8b22-bb49cf9f3683/Castro_Alves.zip
Castro Alves;226,34999999999778;226,19999999999777;3,2831055518088;45,877868857665;UHE Castro Alves - CAV SNIRH.xlsx;b8f0487a-df73-4f8d-8b22-bb49cf9f3683;https://metadados.snirh.gov.br/files/b8f0487a-df73-4f8d-8b22-bb49cf9f3683/Castro_Alves.zip
Castro Alves;226,44999999999777;226,29999999999777;3,2969968288313;46,206876729555006;UHE Castro Alves - CAV SNIRH.xlsx;b8f0487a-df73-4f8d-8b22-bb49cf9f3683;https://metadados.snirh.gov.br/files/b8f0487a-df73-4f8d-8b22-bb49cf9f3683/Castro_Alves.zip
Castro Alves;226,54999999999777;226,39999999999776;3,3108335756531;46,537246292736;UHE Castro Alves - CAV SNIRH.xlsx;b8f0487a-df73-4f8d-8b22-bb49cf9f3683;https://metadados.snirh.gov.br/files/b8f0487a-df73-4f8d-8b22-bb49cf9f3683/Castro_Alves.zip
Castro Alves;226,64999999999776;226,49999999999775;3,3248718825419;46,869035647570996;UHE Castro Alves - CAV SNIRH.xlsx;b8f0487a-df73-4f8d-8b22-bb49cf9f3683;https://metadados.snirh.gov.br/files/b8f0487a-df73-4f8d-8b22-bb49cf9f3683/Castro_Alves.zip
Castro Alves;226,74999999999775;226,59999999999775;3,3389627509973;47,202219072127;UHE Castro Alves - CAV SNIRH.xlsx;b8f0487a-df73-4f8d-8b22-bb49cf9f3683;https://metadados.snirh.gov.br/files/b8f0487a-df73-4f8d-8b22-bb49cf9f3683/Castro_Alves.zip
Castro Alves;226,84999999999775;226,69999999999774;3,3530907885245003;47,536815266542;UHE Castro Alves - CAV SNIRH.xlsx;b8f0487a-df73-4f8d-8b22-bb49cf9f3683;https://metadados.snirh.gov.br/files/b8f0487a-df73-4f8d-8b22-bb49cf9f3683/Castro_Alves.zip
Castro Alves;226,94999999999774;226,79999999999774;3,3673020266772;47,872823433791;UHE Castro Alves - CAV SNIRH.xlsx;b8f0487a-df73-4f8d-8b22-bb49cf9f3683;https://metadados.snirh.gov.br/files/b8f0487a-df73-4f8d-8b22-bb49cf9f3683/Castro_Alves.zip
Castro Alves;227,04999999999774;226,89999999999773;3,3821167394577;48,210272126011;UHE Castro Alves - CAV SNIRH.xlsx;b8f0487a-df73-4f8d-8b22-bb49cf9f3683;https://metadados.snirh.gov.br/files/b8f0487a-df73-4f8d-8b22-bb49cf9f3683/Castro_Alves.zip
Castro Alves;227,14999999999773;226,99999999999773;3,39679176209;48,549219937085006;UHE Castro Alves - CAV SNIRH.xlsx;b8f0487a-df73-4f8d-8b22-bb49cf9f3683;https://metadados.snirh.gov.br/files/b8f0487a-df73-4f8d-8b22-bb49cf9f3683/Castro_Alves.zip
Castro Alves;227,24999999999773;227,09999999999772;3,4113286064733;48,889620852331;UHE Castro Alves - CAV SNIRH.xlsx;b8f0487a-df73-4f8d-8b22-bb49cf9f3683;https://metadados.snirh.gov.br/files/b8f0487a-df73-4f8d-8b22-bb49cf9f3683/Castro_Alves.zip
Castro Alves;227,34999999999772;227,19999999999771;3,4256287599959;49,231462833761995;UHE Castro Alves - CAV SNIRH.xlsx;b8f0487a-df73-4f8d-8b22-bb49cf9f3683;https://metadados.snirh.gov.br/files/b8f0487a-df73-4f8d-8b22-bb49cf9f3683/Castro_Alves.zip
Castro Alves;227,44999999999771;227,2999999999977;3,4398857169457;49,574735965973;UHE Castro Alves - CAV SNIRH.xlsx;b8f0487a-df73-4f8d-8b22-bb49cf9f3683;https://metadados.snirh.gov.br/files/b8f0487a-df73-4f8d-8b22-bb49cf9f3683/Castro_Alves.zip
Castro Alves;227,5499999999977;227,3999999999977;3,4542328059844003;49,919432484937;UHE Castro Alves - CAV SNIRH.xlsx;b8f0487a-df73-4f8d-8b22-bb49cf9f3683;https://metadados.snirh.gov.br/files/b8f0487a-df73-4f8d-8b22-bb49cf9f3683/Castro_Alves.zip
Castro Alves;227,6499999999977;227,4999999999977;3,468968516301;50,265587711005004;UHE Castro Alves - CAV SNIRH.xlsx;b8f0487a-df73-4f8d-8b22-bb49cf9f3683;https://metadados.snirh.gov.br/files/b8f0487a-df73-4f8d-8b22-bb49cf9f3683/Castro_Alves.zip
Castro Alves;227,7499999999977;227,5999999999977;3,4840732639995;50,613230292107;UHE Castro Alves - CAV SNIRH.xlsx;b8f0487a-df73-4f8d-8b22-bb49cf9f3683;https://metadados.snirh.gov.br/files/b8f0487a-df73-4f8d-8b22-bb49cf9f3683/Castro_Alves.zip
Castro Alves;227,8499999999977;227,6999999999977;3,4992327590582;50,962380048309;UHE Castro Alves - CAV SNIRH.xlsx;b8f0487a-df73-4f8d-8b22-bb49cf9f3683;https://metadados.snirh.gov.br/files/b8f0487a-df73-4f8d-8b22-bb49cf9f3683/Castro_Alves.zip
Castro Alves;227,9499999999977;227,79999999999768;3,5145539155073;51,313047329942;UHE Castro Alves - CAV SNIRH.xlsx;b8f0487a-df73-4f8d-8b22-bb49cf9f3683;https://metadados.snirh.gov.br/files/b8f0487a-df73-4f8d-8b22-bb49cf9f3683/Castro_Alves.zip
Castro Alves;228,04999999999768;227,89999999999768;3,5300633726157002;51,665287385767996;UHE Castro Alves - CAV SNIRH.xlsx;b8f0487a-df73-4f8d-8b22-bb49cf9f3683;https://metadados.snirh.gov.br/files/b8f0487a-df73-4f8d-8b22-bb49cf9f3683/Castro_Alves.zip
Castro Alves;228,14999999999768;227,99999999999767;3,5456529674672;52,019074990388994;UHE Castro Alves - CAV SNIRH.xlsx;b8f0487a-df73-4f8d-8b22-bb49cf9f3683;https://metadados.snirh.gov.br/files/b8f0487a-df73-4f8d-8b22-bb49cf9f3683/Castro_Alves.zip
Castro Alves;228,24999999999767;228,09999999999766;3,5613053284318;52,374417282477;UHE Castro Alves - CAV SNIRH.xlsx;b8f0487a-df73-4f8d-8b22-bb49cf9f3683;https://metadados.snirh.gov.br/files/b8f0487a-df73-4f8d-8b22-bb49cf9f3683/Castro_Alves.zip
Castro Alves;228,34999999999766;228,19999999999766;3,5773983143396;52,731321900439;UHE Castro Alves - CAV SNIRH.xlsx;b8f0487a-df73-4f8d-8b22-bb49cf9f3683;https://metadados.snirh.gov.br/files/b8f0487a-df73-4f8d-8b22-bb49cf9f3683/Castro_Alves.zip
Castro Alves;228,44999999999766;228,29999999999765;3,5934919605345;53,089868099284004;UHE Castro Alves - CAV SNIRH.xlsx;b8f0487a-df73-4f8d-8b22-bb49cf9f3683;https://metadados.snirh.gov.br/files/b8f0487a-df73-4f8d-8b22-bb49cf9f3683/Castro_Alves.zip
Castro Alves;228,54999999999765;228,39999999999765;3,609063815138;53,450000310911;UHE Castro Alves - CAV SNIRH.xlsx;b8f0487a-df73-4f8d-8b22-bb49cf9f3683;https://metadados.snirh.gov.br/files/b8f0487a-df73-4f8d-8b22-bb49cf9f3683/Castro_Alves.zip
Castro Alves;228,64999999999765;228,49999999999764;3,6242960555999;53,81167649369;UHE Castro Alves - CAV SNIRH.xlsx;b8f0487a-df73-4f8d-8b22-bb49cf9f3683;https://metadados.snirh.gov.br/files/b8f0487a-df73-4f8d-8b22-bb49cf9f3683/Castro_Alves.zip
Castro Alves;228,74999999999764;228,59999999999764;3,6395158675155;54,174847322275;UHE Castro Alves - CAV SNIRH.xlsx;b8f0487a-df73-4f8d-8b22-bb49cf9f3683;https://metadados.snirh.gov.br/files/b8f0487a-df73-4f8d-8b22-bb49cf9f3683/Castro_Alves.zip
Castro Alves;228,84999999999764;228,69999999999763;3,6547342001829;54,539559895337;UHE Castro Alves - CAV SNIRH.xlsx;b8f0487a-df73-4f8d-8b22-bb49cf9f3683;https://metadados.snirh.gov.br/files/b8f0487a-df73-4f8d-8b22-bb49cf9f3683/Castro_Alves.zip
Castro Alves;228,94999999999763;228,79999999999762;3,6697544417935;54,905771332825;UHE Castro Alves - CAV SNIRH.xlsx;b8f0487a-df73-4f8d-8b22-bb49cf9f3683;https://metadados.snirh.gov.br/files/b8f0487a-df73-4f8d-8b22-bb49cf9f3683/Castro_Alves.zip
Castro Alves;229,04999999999762;228,89999999999762;3,6847656027348;55,273492577434006;UHE Castro Alves - CAV SNIRH.xlsx;b8f0487a-df73-4f8d-8b22-bb49cf9f3683;https://metadados.snirh.gov.br/files/b8f0487a-df73-4f8d-8b22-bb49cf9f3683/Castro_Alves.zip
Castro Alves;229,14999999999762;228,9999999999976;3,7001345863015;55,642735514257;UHE Castro Alves - CAV SNIRH.xlsx;b8f0487a-df73-4f8d-8b22-bb49cf9f3683;https://metadados.snirh.gov.br/files/b8f0487a-df73-4f8d-8b22-bb49cf9f3683/Castro_Alves.zip
Castro Alves;229,2499999999976;229,0999999999976;3,7153768262768003;56,01351144281;UHE Castro Alves - CAV SNIRH.xlsx;b8f0487a-df73-4f8d-8b22-bb49cf9f3683;https://metadados.snirh.gov.br/files/b8f0487a-df73-4f8d-8b22-bb49cf9f3683/Castro_Alves.zip
Castro Alves;229,3499999999976;229,1999999999976;3,7306318092728;56,385807859683;UHE Castro Alves - CAV SNIRH.xlsx;b8f0487a-df73-4f8d-8b22-bb49cf9f3683;https://metadados.snirh.gov.br/files/b8f0487a-df73-4f8d-8b22-bb49cf9f3683/Castro_Alves.zip
Castro Alves;229,4499999999976;229,2999999999976;3,7458949820554;56,759624388668996;UHE Castro Alves - CAV SNIRH.xlsx;b8f0487a-df73-4f8d-8b22-bb49cf9f3683;https://metadados.snirh.gov.br/files/b8f0487a-df73-4f8d-8b22-bb49cf9f3683/Castro_Alves.zip
Castro Alves;229,5499999999976;229,3999999999976;3,7612532439053;57,134970673957;UHE Castro Alves - CAV SNIRH.xlsx;b8f0487a-df73-4f8d-8b22-bb49cf9f3683;https://metadados.snirh.gov.br/files/b8f0487a-df73-4f8d-8b22-bb49cf9f3683/Castro_Alves.zip
Castro Alves;229,6499999999976;229,49999999999758;3,7767261920651998;57,51187203834;UHE Castro Alves - CAV SNIRH.xlsx;b8f0487a-df73-4f8d-8b22-bb49cf9f3683;https://metadados.snirh.gov.br/files/b8f0487a-df73-4f8d-8b22-bb49cf9f3683/Castro_Alves.zip
Castro Alves;229,74999999999758;229,59999999999758;3,7923703674089;57,890321685981995;UHE Castro Alves - CAV SNIRH.xlsx;b8f0487a-df73-4f8d-8b22-bb49cf9f3683;https://metadados.snirh.gov.br/files/b8f0487a-df73-4f8d-8b22-bb49cf9f3683/Castro_Alves.zip
Castro Alves;229,84999999999758;229,69999999999757;3,8081877419381;58,270328568112;UHE Castro Alves - CAV SNIRH.xlsx;b8f0487a-df73-4f8d-8b22-bb49cf9f3683;https://metadados.snirh.gov.br/files/b8f0487a-df73-4f8d-8b22-bb49cf9f3683/Castro_Alves.zip
Castro Alves;229,94999999999757;229,79999999999757;3,8243883289084;58,65196760860999;UHE Castro Alves - CAV SNIRH.xlsx;b8f0487a-df73-4f8d-8b22-bb49cf9f3683;https://metadados.snirh.gov.br/files/b8f0487a-df73-4f8d-8b22-bb49cf9f3683/Castro_Alves.zip
Castro Alves;230,04999999999757;229,89999999999756;3,8409143470375997;59,035227796948;UHE Castro Alves - CAV SNIRH.xlsx;b8f0487a-df73-4f8d-8b22-bb49cf9f3683;https://metadados.snirh.gov.br/files/b8f0487a-df73-4f8d-8b22-bb49cf9f3683/Castro_Alves.zip
Castro Alves;230,14999999999756;229,99999999999756;3,8572902006798;59,420140934721;UHE Castro Alves - CAV SNIRH.xlsx;b8f0487a-df73-4f8d-8b22-bb49cf9f3683;https://metadados.snirh.gov.br/files/b8f0487a-df73-4f8d-8b22-bb49cf9f3683/Castro_Alves.zip
Castro Alves;230,24999999999756;230,09999999999755;3,8739256528611;59,80668371217;UHE Castro Alves - CAV SNIRH.xlsx;b8f0487a-df73-4f8d-8b22-bb49cf9f3683;https://metadados.snirh.gov.br/files/b8f0487a-df73-4f8d-8b22-bb49cf9f3683/Castro_Alves.zip
Castro Alves;230,34999999999755;230,19999999999754;3,8906995435811997;60,194921788597;UHE Castro Alves - CAV SNIRH.xlsx;b8f0487a-df73-4f8d-8b22-bb49cf9f3683;https://metadados.snirh.gov.br/files/b8f0487a-df73-4f8d-8b22-bb49cf9f3683/Castro_Alves.zip
Castro Alves;230,44999999999754;230,29999999999754;3,90733403584;60,584815761391;UHE Castro Alves - CAV SNIRH.xlsx;b8f0487a-df73-4f8d-8b22-bb49cf9f3683;https://metadados.snirh.gov.br/files/b8f0487a-df73-4f8d-8b22-bb49cf9f3683/Castro_Alves.zip
Castro Alves;230,54999999999754;230,39999999999753;3,9237449319923;60,976380585935;UHE Castro Alves - CAV SNIRH.xlsx;b8f0487a-df73-4f8d-8b22-bb49cf9f3683;https://metadados.snirh.gov.br/files/b8f0487a-df73-4f8d-8b22-bb49cf9f3683/Castro_Alves.zip
Castro Alves;230,64999999999753;230,49999999999753;3,9400674567361;61,36957278230901;UHE Castro Alves - CAV SNIRH.xlsx;b8f0487a-df73-4f8d-8b22-bb49cf9f3683;https://metadados.snirh.gov.br/files/b8f0487a-df73-4f8d-8b22-bb49cf9f3683/Castro_Alves.zip
Castro Alves;230,74999999999753;230,59999999999752;3,9563924876284;61,764407507762;UHE Castro Alves - CAV SNIRH.xlsx;b8f0487a-df73-4f8d-8b22-bb49cf9f3683;https://metadados.snirh.gov.br/files/b8f0487a-df73-4f8d-8b22-bb49cf9f3683/Castro_Alves.zip
Castro Alves;230,84999999999752;230,69999999999752;3,9727062190103;62,160848963206;UHE Castro Alves - CAV SNIRH.xlsx;b8f0487a-df73-4f8d-8b22-bb49cf9f3683;https://metadados.snirh.gov.br/files/b8f0487a-df73-4f8d-8b22-bb49cf9f3683/Castro_Alves.zip
Castro Alves;230,94999999999752;230,7999999999975;3,9887134612753;62,558914219353;UHE Castro Alves - CAV SNIRH.xlsx;b8f0487a-df73-4f8d-8b22-bb49cf9f3683;https://metadados.snirh.gov.br/files/b8f0487a-df73-4f8d-8b22-bb49cf9f3683/Castro_Alves.zip
Castro Alves;231,0499999999975;230,8999999999975;4,004789779634399;62,958593386033996;UHE Castro Alves - CAV SNIRH.xlsx;b8f0487a-df73-4f8d-8b22-bb49cf9f3683;https://metadados.snirh.gov.br/files/b8f0487a-df73-4f8d-8b22-bb49cf9f3683/Castro_Alves.zip
Castro Alves;231,1499999999975;230,9999999999975;4,020837381686;63,359874084040996;UHE Castro Alves - CAV SNIRH.xlsx;b8f0487a-df73-4f8d-8b22-bb49cf9f3683;https://metadados.snirh.gov.br/files/b8f0487a-df73-4f8d-8b22-bb49cf9f3683/Castro_Alves.zip
Castro Alves;231,2499999999975;231,0999999999975;4,0370206180901;63,762765971517;UHE Castro Alves - CAV SNIRH.xlsx;b8f0487a-df73-4f8d-8b22-bb49cf9f3683;https://metadados.snirh.gov.br/files/b8f0487a-df73-4f8d-8b22-bb49cf9f3683/Castro_Alves.zip
Castro Alves;231,3499999999975;231,1999999999975;4,0531925849035;64,167277396861;UHE Castro Alves - CAV SNIRH.xlsx;b8f0487a-df73-4f8d-8b22-bb49cf9f3683;https://metadados.snirh.gov.br/files/b8f0487a-df73-4f8d-8b22-bb49cf9f3683/Castro_Alves.zip
Castro Alves;231,4499999999975;231,29999999999748;4,0696363591565;64,573404989113;UHE Castro Alves - CAV SNIRH.xlsx;b8f0487a-df73-4f8d-8b22-bb49cf9f3683;https://metadados.snirh.gov.br/files/b8f0487a-df73-4f8d-8b22-bb49cf9f3683/Castro_Alves.zip
Castro Alves;231,54999999999748;231,39999999999748;4,086087076606701;64,98121021412099;UHE Castro Alves - CAV SNIRH.xlsx;b8f0487a-df73-4f8d-8b22-bb49cf9f3683;https://metadados.snirh.gov.br/files/b8f0487a-df73-4f8d-8b22-bb49cf9f3683/Castro_Alves.zip
Castro Alves;231,64999999999748;231,49999999999747;4,10218158366;65,390618533934;UHE Castro Alves - CAV SNIRH.xlsx;b8f0487a-df73-4f8d-8b22-bb49cf9f3683;https://metadados.snirh.gov.br/files/b8f0487a-df73-4f8d-8b22-bb49cf9f3683/Castro_Alves.zip
Castro Alves;231,74999999999747;231,59999999999746;4,1181342110924;65,801640880461;UHE Castro Alves - CAV SNIRH.xlsx;b8f0487a-df73-4f8d-8b22-bb49cf9f3683;https://metadados.snirh.gov.br/files/b8f0487a-df73-4f8d-8b22-bb49cf9f3683/Castro_Alves.zip
Castro Alves;231,84999999999746;231,69999999999746;4,1339916701835;66,21425091384;UHE Castro Alves - CAV SNIRH.xlsx;b8f0487a-df73-4f8d-8b22-bb49cf9f3683;https://metadados.snirh.gov.br/files/b8f0487a-df73-4f8d-8b22-bb49cf9f3683/Castro_Alves.zip
Castro Alves;231,94999999999746;231,79999999999745;4,1497867346073;66,628427141797;UHE Castro Alves - CAV SNIRH.xlsx;b8f0487a-df73-4f8d-8b22-bb49cf9f3683;https://metadados.snirh.gov.br/files/b8f0487a-df73-4f8d-8b22-bb49cf9f3683/Castro_Alves.zip
Castro Alves;232,04999999999745;231,89999999999745;4,1657251718171;67,04419968881601;UHE Castro Alves - CAV SNIRH.xlsx;b8f0487a-df73-4f8d-8b22-bb49cf9f3683;https://metadados.snirh.gov.br/files/b8f0487a-df73-4f8d-8b22-bb49cf9f3683/Castro_Alves.zip
Castro Alves;232,14999999999745;231,99999999999744;4,1816515851207;67,461575187758;UHE Castro Alves - CAV SNIRH.xlsx;b8f0487a-df73-4f8d-8b22-bb49cf9f3683;https://metadados.snirh.gov.br/files/b8f0487a-df73-4f8d-8b22-bb49cf9f3683/Castro_Alves.zip
Castro Alves;232,24999999999744;232,09999999999744;4,1973313097011;67,88052860817;UHE Castro Alves - CAV SNIRH.xlsx;b8f0487a-df73-4f8d-8b22-bb49cf9f3683;https://metadados.snirh.gov.br/files/b8f0487a-df73-4f8d-8b22-bb49cf9f3683/Castro_Alves.zip
Castro Alves;232,34999999999744;232,19999999999743;4,2130014231033;68,301038622018;UHE Castro Alves - CAV SNIRH.xlsx;b8f0487a-df73-4f8d-8b22-bb49cf9f3683;https://metadados.snirh.gov.br/files/b8f0487a-df73-4f8d-8b22-bb49cf9f3683/Castro_Alves.zip
Castro Alves;232,44999999999743;232,29999999999742;4,2288017684798;68,72312644499401;UHE Castro Alves - CAV SNIRH.xlsx;b8f0487a-df73-4f8d-8b22-bb49cf9f3683;https://metadados.snirh.gov.br/files/b8f0487a-df73-4f8d-8b22-bb49cf9f3683/Castro_Alves.zip
Castro Alves;232,54999999999742;232,39999999999742;4,2446483385033;69,146810016527;UHE Castro Alves - CAV SNIRH.xlsx;b8f0487a-df73-4f8d-8b22-bb49cf9f3683;https://metadados.snirh.gov.br/files/b8f0487a-df73-4f8d-8b22-bb49cf9f3683/Castro_Alves.zip
Castro Alves;232,64999999999742;232,4999999999974;4,260399123337;69,572068271346;UHE Castro Alves - CAV SNIRH.xlsx;b8f0487a-df73-4f8d-8b22-bb49cf9f3683;https://metadados.snirh.gov.br/files/b8f0487a-df73-4f8d-8b22-bb49cf9f3683/Castro_Alves.zip
Castro Alves;232,7499999999974;232,5999999999974;4,2759299726242;69,99888386639;UHE Castro Alves - CAV SNIRH.xlsx;b8f0487a-df73-4f8d-8b22-bb49cf9f3683;https://metadados.snirh.gov.br/files/b8f0487a-df73-4f8d-8b22-bb49cf9f3683/Castro_Alves.zip
Castro Alves;232,8499999999974;232,6999999999974;4,2914065637909;70,427244830724;UHE Castro Alves - CAV SNIRH.xlsx;b8f0487a-df73-4f8d-8b22-bb49cf9f3683;https://metadados.snirh.gov.br/files/b8f0487a-df73-4f8d-8b22-bb49cf9f3683/Castro_Alves.zip
Castro Alves;232,9499999999974;232,7999999999974;4,3068072214812005;70,85715810717801;UHE Castro Alves - CAV SNIRH.xlsx;b8f0487a-df73-4f8d-8b22-bb49cf9f3683;https://metadados.snirh.gov.br/files/b8f0487a-df73-4f8d-8b22-bb49cf9f3683/Castro_Alves.zip
Castro Alves;233,0499999999974;232,8999999999974;4,3222015709478;71,288608020839;UHE Castro Alves - CAV SNIRH.xlsx;b8f0487a-df73-4f8d-8b22-bb49cf9f3683;https://metadados.snirh.gov.br/files/b8f0487a-df73-4f8d-8b22-bb49cf9f3683/Castro_Alves.zip
Castro Alves;233,1499999999974;232,99999999999739;4,3376643487772;71,72160193793701;UHE Castro Alves - CAV SNIRH.xlsx;b8f0487a-df73-4f8d-8b22-bb49cf9f3683;https://metadados.snirh.gov.br/files/b8f0487a-df73-4f8d-8b22-bb49cf9f3683/Castro_Alves.zip
Castro Alves;233,24999999999739;233,09999999999738;4,3531889909756;72,156155019306;UHE Castro Alves - CAV SNIRH.xlsx;b8f0487a-df73-4f8d-8b22-bb49cf9f3683;https://metadados.snirh.gov.br/files/b8f0487a-df73-4f8d-8b22-bb49cf9f3683/Castro_Alves.zip
Castro Alves;233,34999999999738;233,19999999999737;4,3686137372719;72,59224392271399;UHE Castro Alves - CAV SNIRH.xlsx;b8f0487a-df73-4f8d-8b22-bb49cf9f3683;https://metadados.snirh.gov.br/files/b8f0487a-df73-4f8d-8b22-bb49cf9f3683/Castro_Alves.zip
Castro Alves;233,44999999999737;233,29999999999737;4,3840856413825;73,029871967376;UHE Castro Alves - CAV SNIRH.xlsx;b8f0487a-df73-4f8d-8b22-bb49cf9f3683;https://metadados.snirh.gov.br/files/b8f0487a-df73-4f8d-8b22-bb49cf9f3683/Castro_Alves.zip
Castro Alves;233,54999999999737;233,39999999999736;4,3996164258116;73,469060386777;UHE Castro Alves - CAV SNIRH.xlsx;b8f0487a-df73-4f8d-8b22-bb49cf9f3683;https://metadados.snirh.gov.br/files/b8f0487a-df73-4f8d-8b22-bb49cf9f3683/Castro_Alves.zip
Castro Alves;233,64999999999736;233,49999999999736;4,4152885538173;73,909808868845;UHE Castro Alves - CAV SNIRH.xlsx;b8f0487a-df73-4f8d-8b22-bb49cf9f3683;https://metadados.snirh.gov.br/files/b8f0487a-df73-4f8d-8b22-bb49cf9f3683/Castro_Alves.zip
Castro Alves;233,74999999999736;233,59999999999735;4,4312070464443;74,352134287214;UHE Castro Alves - CAV SNIRH.xlsx;b8f0487a-df73-4f8d-8b22-bb49cf9f3683;https://metadados.snirh.gov.br/files/b8f0487a-df73-4f8d-8b22-bb49cf9f3683/Castro_Alves.zip
Castro Alves;233,84999999999735;233,69999999999735;4,447056249048201;74,79604793823101;UHE Castro Alves - CAV SNIRH.xlsx;b8f0487a-df73-4f8d-8b22-bb49cf9f3683;https://metadados.snirh.gov.br/files/b8f0487a-df73-4f8d-8b22-bb49cf9f3683/Castro_Alves.zip
Castro Alves;233,94999999999735;233,79999999999734;4,4628636837978;75,24154076948801;UHE Castro Alves - CAV SNIRH.xlsx;b8f0487a-df73-4f8d-8b22-bb49cf9f3683;https://metadados.snirh.gov.br/files/b8f0487a-df73-4f8d-8b22-bb49cf9f3683/Castro_Alves.zip
Castro Alves;234,04999999999734;233,89999999999733;4,4787403340667;75,688631103437;UHE Castro Alves - CAV SNIRH.xlsx;b8f0487a-df73-4f8d-8b22-bb49cf9f3683;https://metadados.snirh.gov.br/files/b8f0487a-df73-4f8d-8b22-bb49cf9f3683/Castro_Alves.zip
Castro Alves;234,14999999999733;233,99999999999733;4,4944413816283;76,137293796766;UHE Castro Alves - CAV SNIRH.xlsx;b8f0487a-df73-4f8d-8b22-bb49cf9f3683;https://metadados.snirh.gov.br/files/b8f0487a-df73-4f8d-8b22-bb49cf9f3683/Castro_Alves.zip
Castro Alves;234,24999999999733;234,09999999999732;4,5100833705958;76,587522291173;UHE Castro Alves - CAV SNIRH.xlsx;b8f0487a-df73-4f8d-8b22-bb49cf9f3683;https://metadados.snirh.gov.br/files/b8f0487a-df73-4f8d-8b22-bb49cf9f3683/Castro_Alves.zip
Castro Alves;234,34999999999732;234,19999999999732;4,5258663737309;77,039322631629;UHE Castro Alves - CAV SNIRH.xlsx;b8f0487a-df73-4f8d-8b22-bb49cf9f3683;https://metadados.snirh.gov.br/files/b8f0487a-df73-4f8d-8b22-bb49cf9f3683/Castro_Alves.zip
Castro Alves;234,44999999999732;234,2999999999973;4,5416778259012;77,49269325497801;UHE Castro Alves - CAV SNIRH.xlsx;b8f0487a-df73-4f8d-8b22-bb49cf9f3683;https://metadados.snirh.gov.br/files/b8f0487a-df73-4f8d-8b22-bb49cf9f3683/Castro_Alves.zip
Castro Alves;234,5499999999973;234,3999999999973;4,5575272141331;77,947636692546;UHE Castro Alves - CAV SNIRH.xlsx;b8f0487a-df73-4f8d-8b22-bb49cf9f3683;https://metadados.snirh.gov.br/files/b8f0487a-df73-4f8d-8b22-bb49cf9f3683/Castro_Alves.zip
Castro Alves;234,6499999999973;234,4999999999973;4,5733225073704995;78,40418447895401;UHE Castro Alves - CAV SNIRH.xlsx;b8f0487a-df73-4f8d-8b22-bb49cf9f3683;https://metadados.snirh.gov.br/files/b8f0487a-df73-4f8d-8b22-bb49cf9f3683/Castro_Alves.zip
Castro Alves;234,7499999999973;234,5999999999973;4,5891398093509;78,86231682488699;UHE Castro Alves - CAV SNIRH.xlsx;b8f0487a-df73-4f8d-8b22-bb49cf9f3683;https://metadados.snirh.gov.br/files/b8f0487a-df73-4f8d-8b22-bb49cf9f3683/Castro_Alves.zip
Castro Alves;234,8499999999973;234,6999999999973;4,6050944128165;79,322031140209;UHE Castro Alves - CAV SNIRH.xlsx;b8f0487a-df73-4f8d-8b22-bb49cf9f3683;https://metadados.snirh.gov.br/files/b8f0487a-df73-4f8d-8b22-bb49cf9f3683/Castro_Alves.zip
Castro Alves;234,9499999999973;234,79999999999728;4,621122765354;79,783336447412;UHE Castro Alves - CAV SNIRH.xlsx;b8f0487a-df73-4f8d-8b22-bb49cf9f3683;https://metadados.snirh.gov.br/files/b8f0487a-df73-4f8d-8b22-bb49cf9f3683/Castro_Alves.zip
Castro Alves;235,04999999999728;234,89999999999728;4,6373911456961;80,246249071437;UHE Castro Alves - CAV SNIRH.xlsx;b8f0487a-df73-4f8d-8b22-bb49cf9f3683;https://metadados.snirh.gov.br/files/b8f0487a-df73-4f8d-8b22-bb49cf9f3683/Castro_Alves.zip
Castro Alves;235,14999999999728;234,99999999999727;4,6538378863592;80,710817477207;UHE Castro Alves - CAV SNIRH.xlsx;b8f0487a-df73-4f8d-8b22-bb49cf9f3683;https://metadados.snirh.gov.br/files/b8f0487a-df73-4f8d-8b22-bb49cf9f3683/Castro_Alves.zip
Castro Alves;235,24999999999727;235,09999999999727;4,670218272219801;81,177004596487;UHE Castro Alves - CAV SNIRH.xlsx;b8f0487a-df73-4f8d-8b22-bb49cf9f3683;https://metadados.snirh.gov.br/files/b8f0487a-df73-4f8d-8b22-bb49cf9f3683/Castro_Alves.zip
Castro Alves;235,34999999999727;235,19999999999726;4,6865329156262;81,644849950687;UHE Castro Alves - CAV SNIRH.xlsx;b8f0487a-df73-4f8d-8b22-bb49cf9f3683;https://metadados.snirh.gov.br/files/b8f0487a-df73-4f8d-8b22-bb49cf9f3683/Castro_Alves.zip
Castro Alves;235,44999999999726;235,29999999999725;4,7028826734532;82,11431631612099;UHE Castro Alves - CAV SNIRH.xlsx;b8f0487a-df73-4f8d-8b22-bb49cf9f3683;https://metadados.snirh.gov.br/files/b8f0487a-df73-4f8d-8b22-bb49cf9f3683/Castro_Alves.zip
Castro Alves;235,54999999999725;235,39999999999725;4,719299928785899;82,58541571959101;UHE Castro Alves - CAV SNIRH.xlsx;b8f0487a-df73-4f8d-8b22-bb49cf9f3683;https://metadados.snirh.gov.br/files/b8f0487a-df73-4f8d-8b22-bb49cf9f3683/Castro_Alves.zip
Castro Alves;235,64999999999725;235,49999999999724;4,7357953552484995;83,058170829478;UHE Castro Alves - CAV SNIRH.xlsx;b8f0487a-df73-4f8d-8b22-bb49cf9f3683;https://metadados.snirh.gov.br/files/b8f0487a-df73-4f8d-8b22-bb49cf9f3683/Castro_Alves.zip
Castro Alves;235,74999999999724;235,59999999999724;4,7524504182957;83,532585739859;UHE Castro Alves - CAV SNIRH.xlsx;b8f0487a-df73-4f8d-8b22-bb49cf9f3683;https://metadados.snirh.gov.br/files/b8f0487a-df73-4f8d-8b22-bb49cf9f3683/Castro_Alves.zip
Castro Alves;235,84999999999724;235,69999999999723;4,7691800357198;84,008648127068;UHE Castro Alves - CAV SNIRH.xlsx;b8f0487a-df73-4f8d-8b22-bb49cf9f3683;https://metadados.snirh.gov.br/files/b8f0487a-df73-4f8d-8b22-bb49cf9f3683/Castro_Alves.zip
Castro Alves;235,94999999999723;235,79999999999723;4,7859110165186;84,486401101235;UHE Castro Alves - CAV SNIRH.xlsx;b8f0487a-df73-4f8d-8b22-bb49cf9f3683;https://metadados.snirh.gov.br/files/b8f0487a-df73-4f8d-8b22-bb49cf9f3683/Castro_Alves.zip
Castro Alves;236,04999999999723;235,89999999999722;4,8025898917847;84,965813154019;UHE Castro Alves - CAV SNIRH.xlsx;b8f0487a-df73-4f8d-8b22-bb49cf9f3683;https://metadados.snirh.gov.br/files/b8f0487a-df73-4f8d-8b22-bb49cf9f3683/Castro_Alves.zip
Castro Alves;236,14999999999722;235,99999999999721;4,8192834996435;85,446902060226;UHE Castro Alves - CAV SNIRH.xlsx;b8f0487a-df73-4f8d-8b22-bb49cf9f3683;https://metadados.snirh.gov.br/files/b8f0487a-df73-4f8d-8b22-bb49cf9f3683/Castro_Alves.zip
Castro Alves;236,24999999999721;236,0999999999972;4,8361692886203;85,929666388794;UHE Castro Alves - CAV SNIRH.xlsx;b8f0487a-df73-4f8d-8b22-bb49cf9f3683;https://metadados.snirh.gov.br/files/b8f0487a-df73-4f8d-8b22-bb49cf9f3683/Castro_Alves.zip
Castro Alves;236,3499999999972;236,1999999999972;4,8528040531425;86,41409645533;UHE Castro Alves - CAV SNIRH.xlsx;b8f0487a-df73-4f8d-8b22-bb49cf9f3683;https://metadados.snirh.gov.br/files/b8f0487a-df73-4f8d-8b22-bb49cf9f3683/Castro_Alves.zip
Castro Alves;236,4499999999972;236,2999999999972;4,8697028686651;86,900216627663;UHE Castro Alves - CAV SNIRH.xlsx;b8f0487a-df73-4f8d-8b22-bb49cf9f3683;https://metadados.snirh.gov.br/files/b8f0487a-df73-4f8d-8b22-bb49cf9f3683/Castro_Alves.zip
Castro Alves;236,5499999999972;236,3999999999972;4,8860972253113;87,387987601002;UHE Castro Alves - CAV SNIRH.xlsx;b8f0487a-df73-4f8d-8b22-bb49cf9f3683;https://metadados.snirh.gov.br/files/b8f0487a-df73-4f8d-8b22-bb49cf9f3683/Castro_Alves.zip
Castro Alves;236,6499999999972;236,4999999999972;4,9021656829469995;87,87738366244;UHE Castro Alves - CAV SNIRH.xlsx;b8f0487a-df73-4f8d-8b22-bb49cf9f3683;https://metadados.snirh.gov.br/files/b8f0487a-df73-4f8d-8b22-bb49cf9f3683/Castro_Alves.zip
Castro Alves;236,7499999999972;236,59999999999718;4,9179768732623;88,368367280613;UHE Castro Alves - CAV SNIRH.xlsx;b8f0487a-df73-4f8d-8b22-bb49cf9f3683;https://metadados.snirh.gov.br/files/b8f0487a-df73-4f8d-8b22-bb49cf9f3683/Castro_Alves.zip
Castro Alves;236,84999999999718;236,69999999999717;4,9336456750469;88,860923728515;UHE Castro Alves - CAV SNIRH.xlsx;b8f0487a-df73-4f8d-8b22-bb49cf9f3683;https://metadados.snirh.gov.br/files/b8f0487a-df73-4f8d-8b22-bb49cf9f3683/Castro_Alves.zip
Castro Alves;236,94999999999717;236,79999999999717;4,9491406289985;89,355050158188;UHE Castro Alves - CAV SNIRH.xlsx;b8f0487a-df73-4f8d-8b22-bb49cf9f3683;https://metadados.snirh.gov.br/files/b8f0487a-df73-4f8d-8b22-bb49cf9f3683/Castro_Alves.zip
Castro Alves;237,04999999999717;236,89999999999716;4,9643859983829;89,85071434687599;UHE Castro Alves - CAV SNIRH.xlsx;b8f0487a-df73-4f8d-8b22-bb49cf9f3683;https://metadados.snirh.gov.br/files/b8f0487a-df73-4f8d-8b22-bb49cf9f3683/Castro_Alves.zip
Castro Alves;237,14999999999716;236,99999999999716;4,9793163196266;90,34788761669401;UHE Castro Alves - CAV SNIRH.xlsx;b8f0487a-df73-4f8d-8b22-bb49cf9f3683;https://metadados.snirh.gov.br/files/b8f0487a-df73-4f8d-8b22-bb49cf9f3683/Castro_Alves.zip
Castro Alves;237,24999999999716;237,09999999999715;4,9939103793761;90,84651217755399;UHE Castro Alves - CAV SNIRH.xlsx;b8f0487a-df73-4f8d-8b22-bb49cf9f3683;https://metadados.snirh.gov.br/files/b8f0487a-df73-4f8d-8b22-bb49cf9f3683/Castro_Alves.zip
Castro Alves;237,34999999999715;237,19999999999715;5,0082504061449;91,346595064044;UHE Castro Alves - CAV SNIRH.xlsx;b8f0487a-df73-4f8d-8b22-bb49cf9f3683;https://metadados.snirh.gov.br/files/b8f0487a-df73-4f8d-8b22-bb49cf9f3683/Castro_Alves.zip
Castro Alves;237,44999999999715;237,29999999999714;5,0224233288009;91,84810039709801;UHE Castro Alves - CAV SNIRH.xlsx;b8f0487a-df73-4f8d-8b22-bb49cf9f3683;https://metadados.snirh.gov.br/files/b8f0487a-df73-4f8d-8b22-bb49cf9f3683/Castro_Alves.zip
Castro Alves;237,54999999999714;237,39999999999714;5,036267927089201;92,35101874077199;UHE Castro Alves - CAV SNIRH.xlsx;b8f0487a-df73-4f8d-8b22-bb49cf9f3683;https://metadados.snirh.gov.br/files/b8f0487a-df73-4f8d-8b22-bb49cf9f3683/Castro_Alves.zip
Castro Alves;237,64999999999714;237,49999999999713;5,049791854056401;92,855308467588;UHE Castro Alves - CAV SNIRH.xlsx;b8f0487a-df73-4f8d-8b22-bb49cf9f3683;https://metadados.snirh.gov.br/files/b8f0487a-df73-4f8d-8b22-bb49cf9f3683/Castro_Alves.zip
Castro Alves;237,74999999999713;237,59999999999712;5,0630311802552;93,360941723211;UHE Castro Alves - CAV SNIRH.xlsx;b8f0487a-df73-4f8d-8b22-bb49cf9f3683;https://metadados.snirh.gov.br/files/b8f0487a-df73-4f8d-8b22-bb49cf9f3683/Castro_Alves.zip
Castro Alves;237,84999999999712;237,69999999999712;5,0759920834439;93,86786778636099;UHE Castro Alves - CAV SNIRH.xlsx;b8f0487a-df73-4f8d-8b22-bb49cf9f3683;https://metadados.snirh.gov.br/files/b8f0487a-df73-4f8d-8b22-bb49cf9f3683/Castro_Alves.zip
Castro Alves;237,94999999999712;237,7999999999971;5,0887621059309005;94,37607216728499;UHE Castro Alves - CAV SNIRH.xlsx;b8f0487a-df73-4f8d-8b22-bb49cf9f3683;https://metadados.snirh.gov.br/files/b8f0487a-df73-4f8d-8b22-bb49cf9f3683/Castro_Alves.zip
Castro Alves;238,0499999999971;237,8999999999971;5,1013886517481;94,885552095522;UHE Castro Alves - CAV SNIRH.xlsx;b8f0487a-df73-4f8d-8b22-bb49cf9f3683;https://metadados.snirh.gov.br/files/b8f0487a-df73-4f8d-8b22-bb49cf9f3683/Castro_Alves.zip
Castro Alves;238,1499999999971;237,9999999999971;5,1138306474339;95,396294540675;UHE Castro Alves - CAV SNIRH.xlsx;b8f0487a-df73-4f8d-8b22-bb49cf9f3683;https://metadados.snirh.gov.br/files/b8f0487a-df73-4f8d-8b22-bb49cf9f3683/Castro_Alves.zip
Castro Alves;238,2499999999971;238,0999999999971;5,1259844245199995;95,90824932316201;UHE Castro Alves - CAV SNIRH.xlsx;b8f0487a-df73-4f8d-8b22-bb49cf9f3683;https://metadados.snirh.gov.br/files/b8f0487a-df73-4f8d-8b22-bb49cf9f3683/Castro_Alves.zip
Castro Alves;238,3499999999971;238,1999999999971;5,1379240206033;96,421431585489;UHE Castro Alves - CAV SNIRH.xlsx;b8f0487a-df73-4f8d-8b22-bb49cf9f3683;https://metadados.snirh.gov.br/files/b8f0487a-df73-4f8d-8b22-bb49cf9f3683/Castro_Alves.zip
Castro Alves;238,4499999999971;238,29999999999708;5,1495506401119;96,93579029475801;UHE Castro Alves - CAV SNIRH.xlsx;b8f0487a-df73-4f8d-8b22-bb49cf9f3683;https://metadados.snirh.gov.br/files/b8f0487a-df73-4f8d-8b22-bb49cf9f3683/Castro_Alves.zip
Castro Alves;238,54999999999708;238,39999999999708;5,1609154971306;97,45127967366301;UHE Castro Alves - CAV SNIRH.xlsx;b8f0487a-df73-4f8d-8b22-bb49cf9f3683;https://metadados.snirh.gov.br/files/b8f0487a-df73-4f8d-8b22-bb49cf9f3683/Castro_Alves.zip
Castro Alves;238,64999999999708;238,49999999999707;5,1720640357807;97,96789571265;UHE Castro Alves - CAV SNIRH.xlsx;b8f0487a-df73-4f8d-8b22-bb49cf9f3683;https://metadados.snirh.gov.br/files/b8f0487a-df73-4f8d-8b22-bb49cf9f3683/Castro_Alves.zip
Castro Alves;238,74999999999707;238,59999999999707;5,1830391038047;98,48562828007;UHE Castro Alves - CAV SNIRH.xlsx;b8f0487a-df73-4f8d-8b22-bb49cf9f3683;https://metadados.snirh.gov.br/files/b8f0487a-df73-4f8d-8b22-bb49cf9f3683/Castro_Alves.zip
Castro Alves;238,84999999999707;238,69999999999706;5,1938558126467;99,004467543847;UHE Castro Alves - CAV SNIRH.xlsx;b8f0487a-df73-4f8d-8b22-bb49cf9f3683;https://metadados.snirh.gov.br/files/b8f0487a-df73-4f8d-8b22-bb49cf9f3683/Castro_Alves.zip
Castro Alves;238,94999999999706;238,79999999999706;5,2045297608934;99,524371348834;UHE Castro Alves - CAV SNIRH.xlsx;b8f0487a-df73-4f8d-8b22-bb49cf9f3683;https://metadados.snirh.gov.br/files/b8f0487a-df73-4f8d-8b22-bb49cf9f3683/Castro_Alves.zip
Castro Alves;239,0;238,85;5,2098165401435;99,784725254309;UHE Castro Alves - CAV SNIRH.xlsx;b8f0487a-df73-4f8d-8b22-bb49cf9f3683;https://metadados.snirh.gov.br/files/b8f0487a-df73-4f8d-8b22-bb49cf9f3683/Castro_Alves.zip
Castro Alves;239,01000000000002;238,86;5,2108700630551;99,836823861919;UHE Castro Alves - CAV SNIRH.xlsx;b8f0487a-df73-4f8d-8b22-bb49cf9f3683;https://metadados.snirh.gov.br/files/b8f0487a-df73-4f8d-8b22-bb49cf9f3683/Castro_Alves.zip
Castro Alves;239,02;238,87;5,2119223684417;99,888938391452;UHE Castro Alves - CAV SNIRH.xlsx;b8f0487a-df73-4f8d-8b22-bb49cf9f3683;https://metadados.snirh.gov.br/files/b8f0487a-df73-4f8d-8b22-bb49cf9f3683/Castro_Alves.zip
Castro Alves;239,03;238,88;5,212973456087;99,941060244964;UHE Castro Alves - CAV SNIRH.xlsx;b8f0487a-df73-4f8d-8b22-bb49cf9f3683;https://metadados.snirh.gov.br/files/b8f0487a-df73-4f8d-8b22-bb49cf9f3683/Castro_Alves.zip
Castro Alves;239,04;238,89;5,2140233373061;99,993200742063;UHE Castro Alves - CAV SNIRH.xlsx;b8f0487a-df73-4f8d-8b22-bb49cf9f3683;https://metadados.snirh.gov.br/files/b8f0487a-df73-4f8d-8b22-bb49cf9f3683/Castro_Alves.zip
Castro Alves;239,04999999999706;238,89999999999705;5,2150721529304;100,04534333891999;UHE Castro Alves - CAV SNIRH.xlsx;b8f0487a-df73-4f8d-8b22-bb49cf9f3683;https://metadados.snirh.gov.br/files/b8f0487a-df73-4f8d-8b22-bb49cf9f3683/Castro_Alves.zip
Castro Alves;239,059999999994;238,909999999994;5,2161198323598;100,09749093958;UHE Castro Alves - CAV SNIRH.xlsx;b8f0487a-df73-4f8d-8b22-bb49cf9f3683;https://metadados.snirh.gov.br/files/b8f0487a-df73-4f8d-8b22-bb49cf9f3683/Castro_Alves.zip
Castro Alves;239,069999999991;238,919999999991;5,2171664037582;100,1496535609;UHE Castro Alves - CAV SNIRH.xlsx;b8f0487a-df73-4f8d-8b22-bb49cf9f3683;https://metadados.snirh.gov.br/files/b8f0487a-df73-4f8d-8b22-bb49cf9f3683/Castro_Alves.zip
Castro Alves;239,07999999998802;238,929999999988;5,2182118896297;100,20182840785;UHE Castro Alves - CAV SNIRH.xlsx;b8f0487a-df73-4f8d-8b22-bb49cf9f3683;https://metadados.snirh.gov.br/files/b8f0487a-df73-4f8d-8b22-bb49cf9f3683/Castro_Alves.zip
Castro Alves;239,089999999985;238,939999999985;5,2192562863954;100,25401779212;UHE Castro Alves - CAV SNIRH.xlsx;b8f0487a-df73-4f8d-8b22-bb49cf9f3683;https://metadados.snirh.gov.br/files/b8f0487a-df73-4f8d-8b22-bb49cf9f3683/Castro_Alves.zip
Castro Alves;239,099999999982;238,949999999982;5,2202995466821;100,30621562693;UHE Castro Alves - CAV SNIRH.xlsx;b8f0487a-df73-4f8d-8b22-bb49cf9f3683;https://metadados.snirh.gov.br/files/b8f0487a-df73-4f8d-8b22-bb49cf9f3683/Castro_Alves.zip
Castro Alves;239,109999999979;238,959999999979;5,2213416371132;100,35842000607;UHE Castro Alves - CAV SNIRH.xlsx;b8f0487a-df73-4f8d-8b22-bb49cf9f3683;https://metadados.snirh.gov.br/files/b8f0487a-df73-4f8d-8b22-bb49cf9f3683/Castro_Alves.zip
Castro Alves;239,11999999997602;238,969999999976;5,2223826854614;100,41063301428;UHE Castro Alves - CAV SNIRH.xlsx;b8f0487a-df73-4f8d-8b22-bb49cf9f3683;https://metadados.snirh.gov.br/files/b8f0487a-df73-4f8d-8b22-bb49cf9f3683/Castro_Alves.zip
Castro Alves;239,129999999973;238,979999999973;5,2234225427312;100,46285869174;UHE Castro Alves - CAV SNIRH.xlsx;b8f0487a-df73-4f8d-8b22-bb49cf9f3683;https://metadados.snirh.gov.br/files/b8f0487a-df73-4f8d-8b22-bb49cf9f3683/Castro_Alves.zip
Castro Alves;239,13999999997;238,98999999997;5,2244612562445;100,51508943447;UHE Castro Alves - CAV SNIRH.xlsx;b8f0487a-df73-4f8d-8b22-bb49cf9f3683;https://metadados.snirh.gov.br/files/b8f0487a-df73-4f8d-8b22-bb49cf9f3683/Castro_Alves.zip
Castro Alves;239,15;239,0;5,2254988437684;100,56733561394;UHE Castro Alves - CAV SNIRH.xlsx;b8f0487a-df73-4f8d-8b22-bb49cf9f3683;https://metadados.snirh.gov.br/files/b8f0487a-df73-4f8d-8b22-bb49cf9f3683/Castro_Alves.zip
Castro Alves;239,16;239,01;5,2265352370119995;100,61959523983;UHE Castro Alves - CAV SNIRH.xlsx;b8f0487a-df73-4f8d-8b22-bb49cf9f3683;https://metadados.snirh.gov.br/files/b8f0487a-df73-4f8d-8b22-bb49cf9f3683/Castro_Alves.zip
Castro Alves;239,17;239,01999999999998;5,22757048406;100,67185936981;UHE Castro Alves - CAV SNIRH.xlsx;b8f0487a-df73-4f8d-8b22-bb49cf9f3683;https://metadados.snirh.gov.br/files/b8f0487a-df73-4f8d-8b22-bb49cf9f3683/Castro_Alves.zip
Castro Alves;239,17999999999998;239,02999999999997;5,2286046024115995;100,72413400698001;UHE Castro Alves - CAV SNIRH.xlsx;b8f0487a-df73-4f8d-8b22-bb49cf9f3683;https://metadados.snirh.gov.br/files/b8f0487a-df73-4f8d-8b22-bb49cf9f3683/Castro_Alves.zip
Castro Alves;239,18999999999997;239,03999999999996;5,2296376012643;100,77642058376;UHE Castro Alves - CAV SNIRH.xlsx;b8f0487a-df73-4f8d-8b22-bb49cf9f3683;https://metadados.snirh.gov.br/files/b8f0487a-df73-4f8d-8b22-bb49cf9f3683/Castro_Alves.zip
Castro Alves;239,19999999999996;239,04999999999995;5,2306694895909995;100,82872267302001;UHE Castro Alves - CAV SNIRH.xlsx;b8f0487a-df73-4f8d-8b22-bb49cf9f3683;https://metadados.snirh.gov.br/files/b8f0487a-df73-4f8d-8b22-bb49cf9f3683/Castro_Alves.zip
Castro Alves;239,20999999999995;239,05999999999995;5,2317003213560005;100,88103911984;UHE Castro Alves - CAV SNIRH.xlsx;b8f0487a-df73-4f8d-8b22-bb49cf9f3683;https://metadados.snirh.gov.br/files/b8f0487a-df73-4f8d-8b22-bb49cf9f3683/Castro_Alves.zip
Castro Alves;239,21999999999994;239,06999999999994;5,2327301128287;100,9333568259;UHE Castro Alves - CAV SNIRH.xlsx;b8f0487a-df73-4f8d-8b22-bb49cf9f3683;https://metadados.snirh.gov.br/files/b8f0487a-df73-4f8d-8b22-bb49cf9f3683/Castro_Alves.zip
Castro Alves;239,22999999999993;239,07999999999993;5,2337588563676;100,98568950844;UHE Castro Alves - CAV SNIRH.xlsx;b8f0487a-df73-4f8d-8b22-bb49cf9f3683;https://metadados.snirh.gov.br/files/b8f0487a-df73-4f8d-8b22-bb49cf9f3683/Castro_Alves.zip
Castro Alves;239,23999999999992;239,08999999999992;5,2347865959788;101,03803169609;UHE Castro Alves - CAV SNIRH.xlsx;b8f0487a-df73-4f8d-8b22-bb49cf9f3683;https://metadados.snirh.gov.br/files/b8f0487a-df73-4f8d-8b22-bb49cf9f3683/Castro_Alves.zip
Castro Alves;239,24999999999991;239,0999999999999;5,2358133485149;101,09037895917;UHE Castro Alves - CAV SNIRH.xlsx;b8f0487a-df73-4f8d-8b22-bb49cf9f3683;https://metadados.snirh.gov.br/files/b8f0487a-df73-4f8d-8b22-bb49cf9f3683/Castro_Alves.zip
Castro Alves;239,2599999999999;239,1099999999999;5,2368390939889;101,14274061685;UHE Castro Alves - CAV SNIRH.xlsx;b8f0487a-df73-4f8d-8b22-bb49cf9f3683;https://metadados.snirh.gov.br/files/b8f0487a-df73-4f8d-8b22-bb49cf9f3683/Castro_Alves.zip
Castro Alves;239,2699999999999;239,1199999999999;5,2378638550152;101,19510581435;UHE Castro Alves - CAV SNIRH.xlsx;b8f0487a-df73-4f8d-8b22-bb49cf9f3683;https://metadados.snirh.gov.br/files/b8f0487a-df73-4f8d-8b22-bb49cf9f3683/Castro_Alves.zip
Castro Alves;239,2799999999999;239,12999999999988;5,2388876880996005;101,24748873687001;UHE Castro Alves - CAV SNIRH.xlsx;b8f0487a-df73-4f8d-8b22-bb49cf9f3683;https://metadados.snirh.gov.br/files/b8f0487a-df73-4f8d-8b22-bb49cf9f3683/Castro_Alves.zip
Castro Alves;239,28999999999988;239,13999999999987;5,2399105738544;101,29988430346;UHE Castro Alves - CAV SNIRH.xlsx;b8f0487a-df73-4f8d-8b22-bb49cf9f3683;https://metadados.snirh.gov.br/files/b8f0487a-df73-4f8d-8b22-bb49cf9f3683/Castro_Alves.zip
Castro Alves;239,29999999999987;239,14999999999986;5,240932440273;101,35227975478999;UHE Castro Alves - CAV SNIRH.xlsx;b8f0487a-df73-4f8d-8b22-bb49cf9f3683;https://metadados.snirh.gov.br/files/b8f0487a-df73-4f8d-8b22-bb49cf9f3683/Castro_Alves.zip
Castro Alves;239,30999999999986;239,15999999999985;5,2419533358341;101,40468942986999;UHE Castro Alves - CAV SNIRH.xlsx;b8f0487a-df73-4f8d-8b22-bb49cf9f3683;https://metadados.snirh.gov.br/files/b8f0487a-df73-4f8d-8b22-bb49cf9f3683/Castro_Alves.zip
Castro Alves;239,31999999999985;239,16999999999985;5,2429732571628005;101,45711271515;UHE Castro Alves - CAV SNIRH.xlsx;b8f0487a-df73-4f8d-8b22-bb49cf9f3683;https://metadados.snirh.gov.br/files/b8f0487a-df73-4f8d-8b22-bb49cf9f3683/Castro_Alves.zip
Castro Alves;239,32999999999984;239,17999999999984;5,243992218076;101,50954415377;UHE Castro Alves - CAV SNIRH.xlsx;b8f0487a-df73-4f8d-8b22-bb49cf9f3683;https://metadados.snirh.gov.br/files/b8f0487a-df73-4f8d-8b22-bb49cf9f3683/Castro_Alves.zip
Castro Alves;239,33999999999983;239,18999999999983;5,2450101830582;101,56198752783;UHE Castro Alves - CAV SNIRH.xlsx;b8f0487a-df73-4f8d-8b22-bb49cf9f3683;https://metadados.snirh.gov.br/files/b8f0487a-df73-4f8d-8b22-bb49cf9f3683/Castro_Alves.zip
Castro Alves;239,34999999999982;239,19999999999982;5,2460271130238;101,61444444005001;UHE Castro Alves - CAV SNIRH.xlsx;b8f0487a-df73-4f8d-8b22-bb49cf9f3683;https://metadados.snirh.gov.br/files/b8f0487a-df73-4f8d-8b22-bb49cf9f3683/Castro_Alves.zip
Castro Alves;239,35999999999981;239,2099999999998;5,2470430147366;101,66690918392999;UHE Castro Alves - CAV SNIRH.xlsx;b8f0487a-df73-4f8d-8b22-bb49cf9f3683;https://metadados.snirh.gov.br/files/b8f0487a-df73-4f8d-8b22-bb49cf9f3683/Castro_Alves.zip
Castro Alves;239,3699999999998;239,2199999999998;5,248057941960001;101,71938536515;UHE Castro Alves - CAV SNIRH.xlsx;b8f0487a-df73-4f8d-8b22-bb49cf9f3683;https://metadados.snirh.gov.br/files/b8f0487a-df73-4f8d-8b22-bb49cf9f3683/Castro_Alves.zip
Castro Alves;239,3799999999998;239,2299999999998;5,2490719101812005;101,77187137007999;UHE Castro Alves - CAV SNIRH.xlsx;b8f0487a-df73-4f8d-8b22-bb49cf9f3683;https://metadados.snirh.gov.br/files/b8f0487a-df73-4f8d-8b22-bb49cf9f3683/Castro_Alves.zip
Castro Alves;239,3899999999998;239,23999999999978;5,2500848920382;101,82436494241001;UHE Castro Alves - CAV SNIRH.xlsx;b8f0487a-df73-4f8d-8b22-bb49cf9f3683;https://metadados.snirh.gov.br/files/b8f0487a-df73-4f8d-8b22-bb49cf9f3683/Castro_Alves.zip
Castro Alves;239,39999999999978;239,24999999999977;5,2510969128929;101,87687134424999;UHE Castro Alves - CAV SNIRH.xlsx;b8f0487a-df73-4f8d-8b22-bb49cf9f3683;https://metadados.snirh.gov.br/files/b8f0487a-df73-4f8d-8b22-bb49cf9f3683/Castro_Alves.zip
Castro Alves;239,40999999999977;239,25999999999976;5,2521079944824;101,92938630287;UHE Castro Alves - CAV SNIRH.xlsx;b8f0487a-df73-4f8d-8b22-bb49cf9f3683;https://metadados.snirh.gov.br/files/b8f0487a-df73-4f8d-8b22-bb49cf9f3683/Castro_Alves.zip
Castro Alves;239,41999999999976;239,26999999999975;5,2531181295755;101,98190908276001;UHE Castro Alves - CAV SNIRH.xlsx;b8f0487a-df73-4f8d-8b22-bb49cf9f3683;https://metadados.snirh.gov.br/files/b8f0487a-df73-4f8d-8b22-bb49cf9f3683/Castro_Alves.zip
Castro Alves;239,42999999999975;239,27999999999975;5,2541273376071;102,0344415804;UHE Castro Alves - CAV SNIRH.xlsx;b8f0487a-df73-4f8d-8b22-bb49cf9f3683;https://metadados.snirh.gov.br/files/b8f0487a-df73-4f8d-8b22-bb49cf9f3683/Castro_Alves.zip
Castro Alves;239,43999999999974;239,28999999999974;5,2551356422077;102,08698772913999;UHE Castro Alves - CAV SNIRH.xlsx;b8f0487a-df73-4f8d-8b22-bb49cf9f3683;https://metadados.snirh.gov.br/files/b8f0487a-df73-4f8d-8b22-bb49cf9f3683/Castro_Alves.zip
Castro Alves;239,44999999999973;239,29999999999973;5,2561430615029;102,13954082112;UHE Castro Alves - CAV SNIRH.xlsx;b8f0487a-df73-4f8d-8b22-bb49cf9f3683;https://metadados.snirh.gov.br/files/b8f0487a-df73-4f8d-8b22-bb49cf9f3683/Castro_Alves.zip
Castro Alves;239,45999999999972;239,30999999999972;5,257149581923301;102,19210180162001;UHE Castro Alves - CAV SNIRH.xlsx;b8f0487a-df73-4f8d-8b22-bb49cf9f3683;https://metadados.snirh.gov.br/files/b8f0487a-df73-4f8d-8b22-bb49cf9f3683/Castro_Alves.zip
Castro Alves;239,46999999999971;239,3199999999997;5,2581552136794;102,24468084075;UHE Castro Alves - CAV SNIRH.xlsx;b8f0487a-df73-4f8d-8b22-bb49cf9f3683;https://metadados.snirh.gov.br/files/b8f0487a-df73-4f8d-8b22-bb49cf9f3683/Castro_Alves.zip
Castro Alves;239,4799999999997;239,3299999999997;5,259159983536001;102,2972676511;UHE Castro Alves - CAV SNIRH.xlsx;b8f0487a-df73-4f8d-8b22-bb49cf9f3683;https://metadados.snirh.gov.br/files/b8f0487a-df73-4f8d-8b22-bb49cf9f3683/Castro_Alves.zip
Castro Alves;239,4899999999997;239,3399999999997;5,2601639153368;102,34986567838;UHE Castro Alves - CAV SNIRH.xlsx;b8f0487a-df73-4f8d-8b22-bb49cf9f3683;https://metadados.snirh.gov.br/files/b8f0487a-df73-4f8d-8b22-bb49cf9f3683/Castro_Alves.zip
Castro Alves;239,4999999999997;239,34999999999968;5,261167009726701;102,40246667136;UHE Castro Alves - CAV SNIRH.xlsx;b8f0487a-df73-4f8d-8b22-bb49cf9f3683;https://metadados.snirh.gov.br/files/b8f0487a-df73-4f8d-8b22-bb49cf9f3683/Castro_Alves.zip
Castro Alves;239,50999999999968;239,35999999999967;5,2621692752152;102,45508341566999;UHE Castro Alves - CAV SNIRH.xlsx;b8f0487a-df73-4f8d-8b22-bb49cf9f3683;https://metadados.snirh.gov.br/files/b8f0487a-df73-4f8d-8b22-bb49cf9f3683/Castro_Alves.zip
Castro Alves;239,51999999999967;239,36999999999966;5,2631707268604;102,50770688675;UHE Castro Alves - CAV SNIRH.xlsx;b8f0487a-df73-4f8d-8b22-bb49cf9f3683;https://metadados.snirh.gov.br/files/b8f0487a-df73-4f8d-8b22-bb49cf9f3683/Castro_Alves.zip
Castro Alves;239,52999999999966;239,37999999999965;5,2641713808699;102,56034165577;UHE Castro Alves - CAV SNIRH.xlsx;b8f0487a-df73-4f8d-8b22-bb49cf9f3683;https://metadados.snirh.gov.br/files/b8f0487a-df73-4f8d-8b22-bb49cf9f3683/Castro_Alves.zip
Castro Alves;239,53999999999965;239,38999999999965;5,2651712524849;102,61298382162;UHE Castro Alves - CAV SNIRH.xlsx;b8f0487a-df73-4f8d-8b22-bb49cf9f3683;https://metadados.snirh.gov.br/files/b8f0487a-df73-4f8d-8b22-bb49cf9f3683/Castro_Alves.zip
Castro Alves;239,54999999999964;239,39999999999964;5,2661703422107;102,66563536846;UHE Castro Alves - CAV SNIRH.xlsx;b8f0487a-df73-4f8d-8b22-bb49cf9f3683;https://metadados.snirh.gov.br/files/b8f0487a-df73-4f8d-8b22-bb49cf9f3683/Castro_Alves.zip
Castro Alves;239,55999999999963;239,40999999999963;5,267168655130599;102,71830331755001;UHE Castro Alves - CAV SNIRH.xlsx;b8f0487a-df73-4f8d-8b22-bb49cf9f3683;https://metadados.snirh.gov.br/files/b8f0487a-df73-4f8d-8b22-bb49cf9f3683/Castro_Alves.zip
Castro Alves;239,56999999999962;239,41999999999962;5,2681662054292;102,77097641869;UHE Castro Alves - CAV SNIRH.xlsx;b8f0487a-df73-4f8d-8b22-bb49cf9f3683;https://metadados.snirh.gov.br/files/b8f0487a-df73-4f8d-8b22-bb49cf9f3683/Castro_Alves.zip
Castro Alves;239,57999999999961;239,4299999999996;5,2691629869058;102,82366474589;UHE Castro Alves - CAV SNIRH.xlsx;b8f0487a-df73-4f8d-8b22-bb49cf9f3683;https://metadados.snirh.gov.br/files/b8f0487a-df73-4f8d-8b22-bb49cf9f3683/Castro_Alves.zip
Castro Alves;239,5899999999996;239,4399999999996;5,2701589790584;102,87636380482;UHE Castro Alves - CAV SNIRH.xlsx;b8f0487a-df73-4f8d-8b22-bb49cf9f3683;https://metadados.snirh.gov.br/files/b8f0487a-df73-4f8d-8b22-bb49cf9f3683/Castro_Alves.zip
Castro Alves;239,5999999999996;239,4499999999996;5,271154194400499;102,92906822700999;UHE Castro Alves - CAV SNIRH.xlsx;b8f0487a-df73-4f8d-8b22-bb49cf9f3683;https://metadados.snirh.gov.br/files/b8f0487a-df73-4f8d-8b22-bb49cf9f3683/Castro_Alves.zip
Castro Alves;239,6099999999996;239,45999999999958;5,2721486328819;102,98178163307001;UHE Castro Alves - CAV SNIRH.xlsx;b8f0487a-df73-4f8d-8b22-bb49cf9f3683;https://metadados.snirh.gov.br/files/b8f0487a-df73-4f8d-8b22-bb49cf9f3683/Castro_Alves.zip
Castro Alves;239,61999999999958;239,46999999999957;5,2731422993934;103,03450748540001;UHE Castro Alves - CAV SNIRH.xlsx;b8f0487a-df73-4f8d-8b22-bb49cf9f3683;https://metadados.snirh.gov.br/files/b8f0487a-df73-4f8d-8b22-bb49cf9f3683/Castro_Alves.zip
Castro Alves;239,62999999999957;239,47999999999956;5,2741351970988;103,08723836822;UHE Castro Alves - CAV SNIRH.xlsx;b8f0487a-df73-4f8d-8b22-bb49cf9f3683;https://metadados.snirh.gov.br/files/b8f0487a-df73-4f8d-8b22-bb49cf9f3683/Castro_Alves.zip
Castro Alves;239,63999999999956;239,48999999999955;5,275127357627601;103,13998249312;UHE Castro Alves - CAV SNIRH.xlsx;b8f0487a-df73-4f8d-8b22-bb49cf9f3683;https://metadados.snirh.gov.br/files/b8f0487a-df73-4f8d-8b22-bb49cf9f3683/Castro_Alves.zip
Castro Alves;239,64999999999955;239,49999999999955;5,2761187778519;103,19274318563;UHE Castro Alves - CAV SNIRH.xlsx;b8f0487a-df73-4f8d-8b22-bb49cf9f3683;https://metadados.snirh.gov.br/files/b8f0487a-df73-4f8d-8b22-bb49cf9f3683/Castro_Alves.zip
Castro Alves;239,65999999999954;239,50999999999954;5,2771094736994;103,2455085499;UHE Castro Alves - CAV SNIRH.xlsx;b8f0487a-df73-4f8d-8b22-bb49cf9f3683;https://metadados.snirh.gov.br/files/b8f0487a-df73-4f8d-8b22-bb49cf9f3683/Castro_Alves.zip
Castro Alves;239,66999999999953;239,51999999999953;5,2780994627129;103,29828096782;UHE Castro Alves - CAV SNIRH.xlsx;b8f0487a-df73-4f8d-8b22-bb49cf9f3683;https://metadados.snirh.gov.br/files/b8f0487a-df73-4f8d-8b22-bb49cf9f3683/Castro_Alves.zip
Castro Alves;239,67999999999952;239,52999999999952;5,2790887345857;103,35105985535;UHE Castro Alves - CAV SNIRH.xlsx;b8f0487a-df73-4f8d-8b22-bb49cf9f3683;https://metadados.snirh.gov.br/files/b8f0487a-df73-4f8d-8b22-bb49cf9f3683/Castro_Alves.zip
Castro Alves;239,68999999999951;239,5399999999995;5,2800772719082;103,40385605762;UHE Castro Alves - CAV SNIRH.xlsx;b8f0487a-df73-4f8d-8b22-bb49cf9f3683;https://metadados.snirh.gov.br/files/b8f0487a-df73-4f8d-8b22-bb49cf9f3683/Castro_Alves.zip
Castro Alves;239,6999999999995;239,5499999999995;5,2810650817561005;103,45666393824001;UHE Castro Alves - CAV SNIRH.xlsx;b8f0487a-df73-4f8d-8b22-bb49cf9f3683;https://metadados.snirh.gov.br/files/b8f0487a-df73-4f8d-8b22-bb49cf9f3683/Castro_Alves.zip
Castro Alves;239,7099999999995;239,5599999999995;5,2820521905916;103,50947680835999;UHE Castro Alves - CAV SNIRH.xlsx;b8f0487a-df73-4f8d-8b22-bb49cf9f3683;https://metadados.snirh.gov.br/files/b8f0487a-df73-4f8d-8b22-bb49cf9f3683/Castro_Alves.zip
Castro Alves;239,7199999999995;239,56999999999948;5,283038619693101;103,56229842317;UHE Castro Alves - CAV SNIRH.xlsx;b8f0487a-df73-4f8d-8b22-bb49cf9f3683;https://metadados.snirh.gov.br/files/b8f0487a-df73-4f8d-8b22-bb49cf9f3683/Castro_Alves.zip
Castro Alves;239,72999999999948;239,57999999999947;5,2840243753876;103,61513310132;UHE Castro Alves - CAV SNIRH.xlsx;b8f0487a-df73-4f8d-8b22-bb49cf9f3683;https://metadados.snirh.gov.br/files/b8f0487a-df73-4f8d-8b22-bb49cf9f3683/Castro_Alves.zip
Castro Alves;239,73999999999947;239,58999999999946;5,2850094531738;103,66797193133;UHE Castro Alves - CAV SNIRH.xlsx;b8f0487a-df73-4f8d-8b22-bb49cf9f3683;https://metadados.snirh.gov.br/files/b8f0487a-df73-4f8d-8b22-bb49cf9f3683/Castro_Alves.zip
Castro Alves;239,74999999999946;239,59999999999945;5,2859938620763005;103,72082875646;UHE Castro Alves - CAV SNIRH.xlsx;b8f0487a-df73-4f8d-8b22-bb49cf9f3683;https://metadados.snirh.gov.br/files/b8f0487a-df73-4f8d-8b22-bb49cf9f3683/Castro_Alves.zip
Castro Alves;239,75999999999945;239,60999999999945;5,2869775909784;103,77368842453;UHE Castro Alves - CAV SNIRH.xlsx;b8f0487a-df73-4f8d-8b22-bb49cf9f3683;https://metadados.snirh.gov.br/files/b8f0487a-df73-4f8d-8b22-bb49cf9f3683/Castro_Alves.zip
Castro Alves;239,76999999999944;239,61999999999944;5,2879606483998;103,82656440892;UHE Castro Alves - CAV SNIRH.xlsx;b8f0487a-df73-4f8d-8b22-bb49cf9f3683;https://metadados.snirh.gov.br/files/b8f0487a-df73-4f8d-8b22-bb49cf9f3683/Castro_Alves.zip
Castro Alves;239,77999999999943;239,62999999999943;5,2889430492136;103,87944306265;UHE Castro Alves - CAV SNIRH.xlsx;b8f0487a-df73-4f8d-8b22-bb49cf9f3683;https://metadados.snirh.gov.br/files/b8f0487a-df73-4f8d-8b22-bb49cf9f3683/Castro_Alves.zip
Castro Alves;239,78999999999942;239,63999999999942;5,2899247788696;103,93233129699;UHE Castro Alves - CAV SNIRH.xlsx;b8f0487a-df73-4f8d-8b22-bb49cf9f3683;https://metadados.snirh.gov.br/files/b8f0487a-df73-4f8d-8b22-bb49cf9f3683/Castro_Alves.zip
Castro Alves;239,79999999999941;239,6499999999994;5,2909058429511004;103,98523237315001;UHE Castro Alves - CAV SNIRH.xlsx;b8f0487a-df73-4f8d-8b22-bb49cf9f3683;https://metadados.snirh.gov.br/files/b8f0487a-df73-4f8d-8b22-bb49cf9f3683/Castro_Alves.zip
Castro Alves;239,8099999999994;239,6599999999994;5,2918862344851;104,03814388869999;UHE Castro Alves - CAV SNIRH.xlsx;b8f0487a-df73-4f8d-8b22-bb49cf9f3683;https://metadados.snirh.gov.br/files/b8f0487a-df73-4f8d-8b22-bb49cf9f3683/Castro_Alves.zip
Castro Alves;239,8199999999994;239,6699999999994;5,2928659586408;104,09107161333;UHE Castro Alves - CAV SNIRH.xlsx;b8f0487a-df73-4f8d-8b22-bb49cf9f3683;https://metadados.snirh.gov.br/files/b8f0487a-df73-4f8d-8b22-bb49cf9f3683/Castro_Alves.zip
Castro Alves;239,8299999999994;239,67999999999938;5,2938450330795;104,14400312432;UHE Castro Alves - CAV SNIRH.xlsx;b8f0487a-df73-4f8d-8b22-bb49cf9f3683;https://metadados.snirh.gov.br/files/b8f0487a-df73-4f8d-8b22-bb49cf9f3683/Castro_Alves.zip
Castro Alves;239,83999999999938;239,68999999999937;5,2948234716668;104,19694411529;UHE Castro Alves - CAV SNIRH.xlsx;b8f0487a-df73-4f8d-8b22-bb49cf9f3683;https://metadados.snirh.gov.br/files/b8f0487a-df73-4f8d-8b22-bb49cf9f3683/Castro_Alves.zip
Castro Alves;239,84999999999937;239,69999999999936;5,2958012779819;104,24988969169;UHE Castro Alves - CAV SNIRH.xlsx;b8f0487a-df73-4f8d-8b22-bb49cf9f3683;https://metadados.snirh.gov.br/files/b8f0487a-df73-4f8d-8b22-bb49cf9f3683/Castro_Alves.zip
Castro Alves;239,85999999999936;239,70999999999935;5,296778481086901;104,30284499535;UHE Castro Alves - CAV SNIRH.xlsx;b8f0487a-df73-4f8d-8b22-bb49cf9f3683;https://metadados.snirh.gov.br/files/b8f0487a-df73-4f8d-8b22-bb49cf9f3683/Castro_Alves.zip
Castro Alves;239,86999999999935;239,71999999999935;5,2977550543183005;104,35581373993;UHE Castro Alves - CAV SNIRH.xlsx;b8f0487a-df73-4f8d-8b22-bb49cf9f3683;https://metadados.snirh.gov.br/files/b8f0487a-df73-4f8d-8b22-bb49cf9f3683/Castro_Alves.zip
Castro Alves;239,87999999999934;239,72999999999934;5,2987310002346995;104,40879540897;UHE Castro Alves - CAV SNIRH.xlsx;b8f0487a-df73-4f8d-8b22-bb49cf9f3683;https://metadados.snirh.gov.br/files/b8f0487a-df73-4f8d-8b22-bb49cf9f3683/Castro_Alves.zip
Castro Alves;239,88999999999933;239,73999999999933;5,299706330741301;104,4617891566;UHE Castro Alves - CAV SNIRH.xlsx;b8f0487a-df73-4f8d-8b22-bb49cf9f3683;https://metadados.snirh.gov.br/files/b8f0487a-df73-4f8d-8b22-bb49cf9f3683/Castro_Alves.zip
Castro Alves;239,89999999999932;239,74999999999932;5,3006810649383;104,51479401566;UHE Castro Alves - CAV SNIRH.xlsx;b8f0487a-df73-4f8d-8b22-bb49cf9f3683;https://metadados.snirh.gov.br/files/b8f0487a-df73-4f8d-8b22-bb49cf9f3683/Castro_Alves.zip
Castro Alves;239,90999999999931;239,7599999999993;5,3016551977890005;104,56780050396999;UHE Castro Alves - CAV SNIRH.xlsx;b8f0487a-df73-4f8d-8b22-bb49cf9f3683;https://metadados.snirh.gov.br/files/b8f0487a-df73-4f8d-8b22-bb49cf9f3683/Castro_Alves.zip
Castro Alves;239,9199999999993;239,7699999999993;5,3026287335863005;104,62081643276;UHE Castro Alves - CAV SNIRH.xlsx;b8f0487a-df73-4f8d-8b22-bb49cf9f3683;https://metadados.snirh.gov.br/files/b8f0487a-df73-4f8d-8b22-bb49cf9f3683/Castro_Alves.zip
Castro Alves;239,9299999999993;239,7799999999993;5,3036016877638;104,67384588195;UHE Castro Alves - CAV SNIRH.xlsx;b8f0487a-df73-4f8d-8b22-bb49cf9f3683;https://metadados.snirh.gov.br/files/b8f0487a-df73-4f8d-8b22-bb49cf9f3683/Castro_Alves.zip
Castro Alves;239,9399999999993;239,78999999999928;5,304574056544199;104,72688713059;UHE Castro Alves - CAV SNIRH.xlsx;b8f0487a-df73-4f8d-8b22-bb49cf9f3683;https://metadados.snirh.gov.br/files/b8f0487a-df73-4f8d-8b22-bb49cf9f3683/Castro_Alves.zip
Castro Alves;239,94999999999928;239,79999999999927;5,3055458389384;104,7799376534;UHE Castro Alves - CAV SNIRH.xlsx;b8f0487a-df73-4f8d-8b22-bb49cf9f3683;https://metadados.snirh.gov.br/files/b8f0487a-df73-4f8d-8b22-bb49cf9f3683/Castro_Alves.zip
Castro Alves;239,95999999999927;239,80999999999926;5,3065170437778;104,83299568740999;UHE Castro Alves - CAV SNIRH.xlsx;b8f0487a-df73-4f8d-8b22-bb49cf9f3683;https://metadados.snirh.gov.br/files/b8f0487a-df73-4f8d-8b22-bb49cf9f3683/Castro_Alves.zip
Castro Alves;239,96999999999926;239,81999999999925;5,3074876611951005;104,88606081076;UHE Castro Alves - CAV SNIRH.xlsx;b8f0487a-df73-4f8d-8b22-bb49cf9f3683;https://metadados.snirh.gov.br/files/b8f0487a-df73-4f8d-8b22-bb49cf9f3683/Castro_Alves.zip
Castro Alves;239,97999999999925;239,82999999999925;5,3084576918319;104,93913448432;UHE Castro Alves - CAV SNIRH.xlsx;b8f0487a-df73-4f8d-8b22-bb49cf9f3683;https://metadados.snirh.gov.br/files/b8f0487a-df73-4f8d-8b22-bb49cf9f3683/Castro_Alves.zip
Castro Alves;239,98999999999924;239,83999999999924;5,3094271643093;104,99222069637001;UHE Castro Alves - CAV SNIRH.xlsx;b8f0487a-df73-4f8d-8b22-bb49cf9f3683;https://metadados.snirh.gov.br/files/b8f0487a-df73-4f8d-8b22-bb49cf9f3683/Castro_Alves.zip
Castro Alves;239,99999999999923;239,84999999999923;5,3103960702304995;105,04531821782;UHE Castro Alves - CAV SNIRH.xlsx;b8f0487a-df73-4f8d-8b22-bb49cf9f3683;https://metadados.snirh.gov.br/files/b8f0487a-df73-4f8d-8b22-bb49cf9f3683/Castro_Alves.zip
Castro Alves;240,00999999999922;239,85999999999922;5,3113644201564;105,09842467749;UHE Castro Alves - CAV SNIRH.xlsx;b8f0487a-df73-4f8d-8b22-bb49cf9f3683;https://metadados.snirh.gov.br/files/b8f0487a-df73-4f8d-8b22-bb49cf9f3683/Castro_Alves.zip
Castro Alves;240,01999999999921;239,8699999999992;5,3123322058416;105,151531833;UHE Castro Alves - CAV SNIRH.xlsx;b8f0487a-df73-4f8d-8b22-bb49cf9f3683;https://metadados.snirh.gov.br/files/b8f0487a-df73-4f8d-8b22-bb49cf9f3683/Castro_Alves.zip
Castro Alves;240,0299999999992;239,8799999999992;5,3132994234392;105,20465914462;UHE Castro Alves - CAV SNIRH.xlsx;b8f0487a-df73-4f8d-8b22-bb49cf9f3683;https://metadados.snirh.gov.br/files/b8f0487a-df73-4f8d-8b22-bb49cf9f3683/Castro_Alves.zip
Castro Alves;240,0399999999992;239,8899999999992;5,314266067516201;105,25779815553001;UHE Castro Alves - CAV SNIRH.xlsx;b8f0487a-df73-4f8d-8b22-bb49cf9f3683;https://metadados.snirh.gov.br/files/b8f0487a-df73-4f8d-8b22-bb49cf9f3683/Castro_Alves.zip
Castro Alves;240,0499999999992;239,89999999999918;5,3152321605527995;105,31094567039;UHE Castro Alves - CAV SNIRH.xlsx;b8f0487a-df73-4f8d-8b22-bb49cf9f3683;https://metadados.snirh.gov.br/files/b8f0487a-df73-4f8d-8b22-bb49cf9f3683/Castro_Alves.zip
Castro Alves;240,05999999999918;239,90999999999917;5,3161977151763;105,36409735532001;UHE Castro Alves - CAV SNIRH.xlsx;b8f0487a-df73-4f8d-8b22-bb49cf9f3683;https://metadados.snirh.gov.br/files/b8f0487a-df73-4f8d-8b22-bb49cf9f3683/Castro_Alves.zip
Castro Alves;240,06999999999917;239,91999999999916;5,3171627334518;105,41725764595;UHE Castro Alves - CAV SNIRH.xlsx;b8f0487a-df73-4f8d-8b22-bb49cf9f3683;https://metadados.snirh.gov.br/files/b8f0487a-df73-4f8d-8b22-bb49cf9f3683/Castro_Alves.zip
Castro Alves;240,07999999999916;239,92999999999915;5,3181272116309;105,47043651307;UHE Castro Alves - CAV SNIRH.xlsx;b8f0487a-df73-4f8d-8b22-bb49cf9f3683;https://metadados.snirh.gov.br/files/b8f0487a-df73-4f8d-8b22-bb49cf9f3683/Castro_Alves.zip
Castro Alves;240,08999999999915;239,93999999999915;5,3190911363956;105,52362170723;UHE Castro Alves - CAV SNIRH.xlsx;b8f0487a-df73-4f8d-8b22-bb49cf9f3683;https://metadados.snirh.gov.br/files/b8f0487a-df73-4f8d-8b22-bb49cf9f3683/Castro_Alves.zip
Castro Alves;240,09999999999914;239,94999999999914;5,320054521728101;105,57681693501;UHE Castro Alves - CAV SNIRH.xlsx;b8f0487a-df73-4f8d-8b22-bb49cf9f3683;https://metadados.snirh.gov.br/files/b8f0487a-df73-4f8d-8b22-bb49cf9f3683/Castro_Alves.zip
Castro Alves;240,10999999999913;239,95999999999913;5,3210173871345;105,63002134757001;UHE Castro Alves - CAV SNIRH.xlsx;b8f0487a-df73-4f8d-8b22-bb49cf9f3683;https://metadados.snirh.gov.br/files/b8f0487a-df73-4f8d-8b22-bb49cf9f3683/Castro_Alves.zip
Castro Alves;240,11999999999912;239,96999999999912;5,3219797478953;105,68323736226999;UHE Castro Alves - CAV SNIRH.xlsx;b8f0487a-df73-4f8d-8b22-bb49cf9f3683;https://metadados.snirh.gov.br/files/b8f0487a-df73-4f8d-8b22-bb49cf9f3683/Castro_Alves.zip
Castro Alves;240,12999999999911;239,9799999999991;5,3229416084885;105,73645991421;UHE Castro Alves - CAV SNIRH.xlsx;b8f0487a-df73-4f8d-8b22-bb49cf9f3683;https://metadados.snirh.gov.br/files/b8f0487a-df73-4f8d-8b22-bb49cf9f3683/Castro_Alves.zip
Castro Alves;240,1399999999991;239,9899999999991;5,3239029714582005;105,78969506941999;UHE Castro Alves - CAV SNIRH.xlsx;b8f0487a-df73-4f8d-8b22-bb49cf9f3683;https://metadados.snirh.gov.br/files/b8f0487a-df73-4f8d-8b22-bb49cf9f3683/Castro_Alves.zip
Castro Alves;240,1499999999991;239,9999999999991;5,3248638106402;105,84293578428;UHE Castro Alves - CAV SNIRH.xlsx;b8f0487a-df73-4f8d-8b22-bb49cf9f3683;https://metadados.snirh.gov.br/files/b8f0487a-df73-4f8d-8b22-bb49cf9f3683/Castro_Alves.zip
Castro Alves;240,1599999999991;240,00999999999908;5,325824115729801;105,89618956211001;UHE Castro Alves - CAV SNIRH.xlsx;b8f0487a-df73-4f8d-8b22-bb49cf9f3683;https://metadados.snirh.gov.br/files/b8f0487a-df73-4f8d-8b22-bb49cf9f3683/Castro_Alves.zip
Castro Alves;240,16999999999908;240,01999999999907;5,326783918153501;105,94945341622;UHE Castro Alves - CAV SNIRH.xlsx;b8f0487a-df73-4f8d-8b22-bb49cf9f3683;https://metadados.snirh.gov.br/files/b8f0487a-df73-4f8d-8b22-bb49cf9f3683/Castro_Alves.zip
Castro Alves;240,17999999999907;240,02999999999906;5,3277432128485005;106,00272935412;UHE Castro Alves - CAV SNIRH.xlsx;b8f0487a-df73-4f8d-8b22-bb49cf9f3683;https://metadados.snirh.gov.br/files/b8f0487a-df73-4f8d-8b22-bb49cf9f3683/Castro_Alves.zip
Castro Alves;240,18999999999906;240,03999999999905;5,3287020059992996;106,05601137238;UHE Castro Alves - CAV SNIRH.xlsx;b8f0487a-df73-4f8d-8b22-bb49cf9f3683;https://metadados.snirh.gov.br/files/b8f0487a-df73-4f8d-8b22-bb49cf9f3683/Castro_Alves.zip
Castro Alves;240,19999999999905;240,04999999999905;5,3296602999037;106,10930418713001;UHE Castro Alves - CAV SNIRH.xlsx;b8f0487a-df73-4f8d-8b22-bb49cf9f3683;https://metadados.snirh.gov.br/files/b8f0487a-df73-4f8d-8b22-bb49cf9f3683/Castro_Alves.zip
Castro Alves;240,20999999999904;240,05999999999904;5,3306180935659;106,16260369025;UHE Castro Alves - CAV SNIRH.xlsx;b8f0487a-df73-4f8d-8b22-bb49cf9f3683;https://metadados.snirh.gov.br/files/b8f0487a-df73-4f8d-8b22-bb49cf9f3683/Castro_Alves.zip
Castro Alves;240,21999999999903;240,06999999999903;5,3315753859113;106,21591186604;UHE Castro Alves - CAV SNIRH.xlsx;b8f0487a-df73-4f8d-8b22-bb49cf9f3683;https://metadados.snirh.gov.br/files/b8f0487a-df73-4f8d-8b22-bb49cf9f3683/Castro_Alves.zip
Castro Alves;240,22999999999902;240,07999999999902;5,3325322120811;106,26923575011;UHE Castro Alves - CAV SNIRH.xlsx;b8f0487a-df73-4f8d-8b22-bb49cf9f3683;https://metadados.snirh.gov.br/files/b8f0487a-df73-4f8d-8b22-bb49cf9f3683/Castro_Alves.zip
Castro Alves;240,23999999999901;240,089999999999;5,3334885595587;106,32256064319999;UHE Castro Alves - CAV SNIRH.xlsx;b8f0487a-df73-4f8d-8b22-bb49cf9f3683;https://metadados.snirh.gov.br/files/b8f0487a-df73-4f8d-8b22-bb49cf9f3683/Castro_Alves.zip
Castro Alves;240,249999999999;240,099999999999;5,3344444314562;106,37590225141;UHE Castro Alves - CAV SNIRH.xlsx;b8f0487a-df73-4f8d-8b22-bb49cf9f3683;https://metadados.snirh.gov.br/files/b8f0487a-df73-4f8d-8b22-bb49cf9f3683/Castro_Alves.zip
Castro Alves;240,259999999999;240,109999999999;5,3353998316004;106,42924944065;UHE Castro Alves - CAV SNIRH.xlsx;b8f0487a-df73-4f8d-8b22-bb49cf9f3683;https://metadados.snirh.gov.br/files/b8f0487a-df73-4f8d-8b22-bb49cf9f3683/Castro_Alves.zip
Castro Alves;240,269999999999;240,11999999999898;5,3363547472386;106,48261177404;UHE Castro Alves - CAV SNIRH.xlsx;b8f0487a-df73-4f8d-8b22-bb49cf9f3683;https://metadados.snirh.gov.br/files/b8f0487a-df73-4f8d-8b22-bb49cf9f3683/Castro_Alves.zip
Castro Alves;240,27999999999898;240,12999999999897;5,3373092081326;106,53597452938;UHE Castro Alves - CAV SNIRH.xlsx;b8f0487a-df73-4f8d-8b22-bb49cf9f3683;https://metadados.snirh.gov.br/files/b8f0487a-df73-4f8d-8b22-bb49cf9f3683/Castro_Alves.zip
Castro Alves;240,28999999999897;240,13999999999896;5,3382632074782;106,58934723082;UHE Castro Alves - CAV SNIRH.xlsx;b8f0487a-df73-4f8d-8b22-bb49cf9f3683;https://metadados.snirh.gov.br/files/b8f0487a-df73-4f8d-8b22-bb49cf9f3683/Castro_Alves.zip
Castro Alves;240,29999999999896;240,14999999999895;5,339216734683601;106,6427334375;UHE Castro Alves - CAV SNIRH.xlsx;b8f0487a-df73-4f8d-8b22-bb49cf9f3683;https://metadados.snirh.gov.br/files/b8f0487a-df73-4f8d-8b22-bb49cf9f3683/Castro_Alves.zip
Castro Alves;240,30999999999895;240,15999999999894;5,3401697936148995;106,6961267204;UHE Castro Alves - CAV SNIRH.xlsx;b8f0487a-df73-4f8d-8b22-bb49cf9f3683;https://metadados.snirh.gov.br/files/b8f0487a-df73-4f8d-8b22-bb49cf9f3683/Castro_Alves.zip
Castro Alves;240,31999999999894;240,16999999999894;5,3411223964316;106,74952956751999;UHE Castro Alves - CAV SNIRH.xlsx;b8f0487a-df73-4f8d-8b22-bb49cf9f3683;https://metadados.snirh.gov.br/files/b8f0487a-df73-4f8d-8b22-bb49cf9f3683/Castro_Alves.zip
Castro Alves;240,32999999999893;240,17999999999893;5,3420745606606;106,80294285524;UHE Castro Alves - CAV SNIRH.xlsx;b8f0487a-df73-4f8d-8b22-bb49cf9f3683;https://metadados.snirh.gov.br/files/b8f0487a-df73-4f8d-8b22-bb49cf9f3683/Castro_Alves.zip
Castro Alves;240,33999999999892;240,18999999999892;5,343026290181901;106,85636633;UHE Castro Alves - CAV SNIRH.xlsx;b8f0487a-df73-4f8d-8b22-bb49cf9f3683;https://metadados.snirh.gov.br/files/b8f0487a-df73-4f8d-8b22-bb49cf9f3683/Castro_Alves.zip
Castro Alves;240,34999999999891;240,1999999999989;5,343977567489;106,90979968023001;UHE Castro Alves - CAV SNIRH.xlsx;b8f0487a-df73-4f8d-8b22-bb49cf9f3683;https://metadados.snirh.gov.br/files/b8f0487a-df73-4f8d-8b22-bb49cf9f3683/Castro_Alves.zip
Castro Alves;240,3599999999989;240,2099999999989;5,3449283903091;106,96324074236;UHE Castro Alves - CAV SNIRH.xlsx;b8f0487a-df73-4f8d-8b22-bb49cf9f3683;https://metadados.snirh.gov.br/files/b8f0487a-df73-4f8d-8b22-bb49cf9f3683/Castro_Alves.zip
Castro Alves;240,3699999999989;240,2199999999989;5,345878759074299;107,01669279441;UHE Castro Alves - CAV SNIRH.xlsx;b8f0487a-df73-4f8d-8b22-bb49cf9f3683;https://metadados.snirh.gov.br/files/b8f0487a-df73-4f8d-8b22-bb49cf9f3683/Castro_Alves.zip
Castro Alves;240,3799999999989;240,22999999999888;5,3468287033983;107,07015687091;UHE Castro Alves - CAV SNIRH.xlsx;b8f0487a-df73-4f8d-8b22-bb49cf9f3683;https://metadados.snirh.gov.br/files/b8f0487a-df73-4f8d-8b22-bb49cf9f3683/Castro_Alves.zip
Castro Alves;240,38999999999888;240,23999999999887;5,3477782256717;107,12363034353;UHE Castro Alves - CAV SNIRH.xlsx;b8f0487a-df73-4f8d-8b22-bb49cf9f3683;https://metadados.snirh.gov.br/files/b8f0487a-df73-4f8d-8b22-bb49cf9f3683/Castro_Alves.zip
Castro Alves;240,39999999999887;240,24999999999886;5,348727324061;107,17711637838;UHE Castro Alves - CAV SNIRH.xlsx;b8f0487a-df73-4f8d-8b22-bb49cf9f3683;https://metadados.snirh.gov.br/files/b8f0487a-df73-4f8d-8b22-bb49cf9f3683/Castro_Alves.zip
Castro Alves;240,40999999999886;240,25999999999885;5,3496759901195;107,23061140735;UHE Castro Alves - CAV SNIRH.xlsx;b8f0487a-df73-4f8d-8b22-bb49cf9f3683;https://metadados.snirh.gov.br/files/b8f0487a-df73-4f8d-8b22-bb49cf9f3683/Castro_Alves.zip
Castro Alves;240,41999999999885;240,26999999999884;5,3506242296738;107,28411422836;UHE Castro Alves - CAV SNIRH.xlsx;b8f0487a-df73-4f8d-8b22-bb49cf9f3683;https://metadados.snirh.gov.br/files/b8f0487a-df73-4f8d-8b22-bb49cf9f3683/Castro_Alves.zip
Castro Alves;240,42999999999884;240,27999999999884;5,3515720945393;107,33762362961001;UHE Castro Alves - CAV SNIRH.xlsx;b8f0487a-df73-4f8d-8b22-bb49cf9f3683;https://metadados.snirh.gov.br/files/b8f0487a-df73-4f8d-8b22-bb49cf9f3683/Castro_Alves.zip
Castro Alves;240,43999999999883;240,28999999999883;5,3525195712023;107,39114376543;UHE Castro Alves - CAV SNIRH.xlsx;b8f0487a-df73-4f8d-8b22-bb49cf9f3683;https://metadados.snirh.gov.br/files/b8f0487a-df73-4f8d-8b22-bb49cf9f3683/Castro_Alves.zip
Castro Alves;240,44999999999882;240,29999999999882;5,3534666431115;107,44467129742;UHE Castro Alves - CAV SNIRH.xlsx;b8f0487a-df73-4f8d-8b22-bb49cf9f3683;https://metadados.snirh.gov.br/files/b8f0487a-df73-4f8d-8b22-bb49cf9f3683/Castro_Alves.zip
Castro Alves;240,45999999999881;240,3099999999988;5,3544132932838;107,49821057407;UHE Castro Alves - CAV SNIRH.xlsx;b8f0487a-df73-4f8d-8b22-bb49cf9f3683;https://metadados.snirh.gov.br/files/b8f0487a-df73-4f8d-8b22-bb49cf9f3683/Castro_Alves.zip
Castro Alves;240,4699999999988;240,3199999999988;5,3553595438174995;107,55176094542999;UHE Castro Alves - CAV SNIRH.xlsx;b8f0487a-df73-4f8d-8b22-bb49cf9f3683;https://metadados.snirh.gov.br/files/b8f0487a-df73-4f8d-8b22-bb49cf9f3683/Castro_Alves.zip
Castro Alves;240,4799999999988;240,3299999999988;5,3563053988592;107,60531853945001;UHE Castro Alves - CAV SNIRH.xlsx;b8f0487a-df73-4f8d-8b22-bb49cf9f3683;https://metadados.snirh.gov.br/files/b8f0487a-df73-4f8d-8b22-bb49cf9f3683/Castro_Alves.zip
Castro Alves;240,4899999999988;240,33999999999878;5,3572508534290995;107,65888708346;UHE Castro Alves - CAV SNIRH.xlsx;b8f0487a-df73-4f8d-8b22-bb49cf9f3683;https://metadados.snirh.gov.br/files/b8f0487a-df73-4f8d-8b22-bb49cf9f3683/Castro_Alves.zip
Castro Alves;240,49999999999878;240,34999999999877;5,3581959073342995;107,71246382153;UHE Castro Alves - CAV SNIRH.xlsx;b8f0487a-df73-4f8d-8b22-bb49cf9f3683;https://metadados.snirh.gov.br/files/b8f0487a-df73-4f8d-8b22-bb49cf9f3683/Castro_Alves.zip
Castro Alves;240,50999999999877;240,35999999999876;5,3591405798305995;107,76605205079;UHE Castro Alves - CAV SNIRH.xlsx;b8f0487a-df73-4f8d-8b22-bb49cf9f3683;https://metadados.snirh.gov.br/files/b8f0487a-df73-4f8d-8b22-bb49cf9f3683/Castro_Alves.zip
Castro Alves;240,51999999999876;240,36999999999875;5,360084879256299;107,8196493966;UHE Castro Alves - CAV SNIRH.xlsx;b8f0487a-df73-4f8d-8b22-bb49cf9f3683;https://metadados.snirh.gov.br/files/b8f0487a-df73-4f8d-8b22-bb49cf9f3683/Castro_Alves.zip
Castro Alves;240,52999999999875;240,37999999999874;5,3610287869411;107,87325103611;UHE Castro Alves - CAV SNIRH.xlsx;b8f0487a-df73-4f8d-8b22-bb49cf9f3683;https://metadados.snirh.gov.br/files/b8f0487a-df73-4f8d-8b22-bb49cf9f3683/Castro_Alves.zip
Castro Alves;240,53999999999874;240,38999999999874;5,3619723184629;107,92686858988;UHE Castro Alves - CAV SNIRH.xlsx;b8f0487a-df73-4f8d-8b22-bb49cf9f3683;https://metadados.snirh.gov.br/files/b8f0487a-df73-4f8d-8b22-bb49cf9f3683/Castro_Alves.zip
Castro Alves;240,54999999999873;240,39999999999873;5,362915495266;107,98049314477;UHE Castro Alves - CAV SNIRH.xlsx;b8f0487a-df73-4f8d-8b22-bb49cf9f3683;https://metadados.snirh.gov.br/files/b8f0487a-df73-4f8d-8b22-bb49cf9f3683/Castro_Alves.zip
Castro Alves;240,55999999999872;240,40999999999872;5,363858305207399;108,03412297788;UHE Castro Alves - CAV SNIRH.xlsx;b8f0487a-df73-4f8d-8b22-bb49cf9f3683;https://metadados.snirh.gov.br/files/b8f0487a-df73-4f8d-8b22-bb49cf9f3683/Castro_Alves.zip
Castro Alves;240,5699999999987;240,4199999999987;5,3648007207813;108,08776349977;UHE Castro Alves - CAV SNIRH.xlsx;b8f0487a-df73-4f8d-8b22-bb49cf9f3683;https://metadados.snirh.gov.br/files/b8f0487a-df73-4f8d-8b22-bb49cf9f3683/Castro_Alves.zip
Castro Alves;240,5799999999987;240,4299999999987;5,365742762437599;108,14140948451;UHE Castro Alves - CAV SNIRH.xlsx;b8f0487a-df73-4f8d-8b22-bb49cf9f3683;https://metadados.snirh.gov.br/files/b8f0487a-df73-4f8d-8b22-bb49cf9f3683/Castro_Alves.zip
Castro Alves;240,5899999999987;240,4399999999987;5,3666844957015005;108,19506829074;UHE Castro Alves - CAV SNIRH.xlsx;b8f0487a-df73-4f8d-8b22-bb49cf9f3683;https://metadados.snirh.gov.br/files/b8f0487a-df73-4f8d-8b22-bb49cf9f3683/Castro_Alves.zip
Castro Alves;240,5999999999987;240,44999999999868;5,367625889907;108,24873955571;UHE Castro Alves - CAV SNIRH.xlsx;b8f0487a-df73-4f8d-8b22-bb49cf9f3683;https://metadados.snirh.gov.br/files/b8f0487a-df73-4f8d-8b22-bb49cf9f3683/Castro_Alves.zip
Castro Alves;240,60999999999868;240,45999999999867;5,3685669288929;108,30241660929;UHE Castro Alves - CAV SNIRH.xlsx;b8f0487a-df73-4f8d-8b22-bb49cf9f3683;https://metadados.snirh.gov.br/files/b8f0487a-df73-4f8d-8b22-bb49cf9f3683/Castro_Alves.zip
Castro Alves;240,61999999999867;240,46999999999866;5,3695076482044;108,35610462590999;UHE Castro Alves - CAV SNIRH.xlsx;b8f0487a-df73-4f8d-8b22-bb49cf9f3683;https://metadados.snirh.gov.br/files/b8f0487a-df73-4f8d-8b22-bb49cf9f3683/Castro_Alves.zip
Castro Alves;240,62999999999866;240,47999999999865;5,3704480634367;108,40980190927;UHE Castro Alves - CAV SNIRH.xlsx;b8f0487a-df73-4f8d-8b22-bb49cf9f3683;https://metadados.snirh.gov.br/files/b8f0487a-df73-4f8d-8b22-bb49cf9f3683/Castro_Alves.zip
Castro Alves;240,63999999999865;240,48999999999864;5,371388129049699;108,4635116944;UHE Castro Alves - CAV SNIRH.xlsx;b8f0487a-df73-4f8d-8b22-bb49cf9f3683;https://metadados.snirh.gov.br/files/b8f0487a-df73-4f8d-8b22-bb49cf9f3683/Castro_Alves.zip
Castro Alves;240,64999999999864;240,49999999999864;5,3723278513507;108,51722921912;UHE Castro Alves - CAV SNIRH.xlsx;b8f0487a-df73-4f8d-8b22-bb49cf9f3683;https://metadados.snirh.gov.br/files/b8f0487a-df73-4f8d-8b22-bb49cf9f3683/Castro_Alves.zip
Castro Alves;240,65999999999863;240,50999999999863;5,3732672808653;108,57095729875999;UHE Castro Alves - CAV SNIRH.xlsx;b8f0487a-df73-4f8d-8b22-bb49cf9f3683;https://metadados.snirh.gov.br/files/b8f0487a-df73-4f8d-8b22-bb49cf9f3683/Castro_Alves.zip
Castro Alves;240,66999999999862;240,51999999999862;5,374206381148801;108,62468753309999;UHE Castro Alves - CAV SNIRH.xlsx;b8f0487a-df73-4f8d-8b22-bb49cf9f3683;https://metadados.snirh.gov.br/files/b8f0487a-df73-4f8d-8b22-bb49cf9f3683/Castro_Alves.zip
Castro Alves;240,6799999999986;240,5299999999986;5,3751452093186;108,67843320147;UHE Castro Alves - CAV SNIRH.xlsx;b8f0487a-df73-4f8d-8b22-bb49cf9f3683;https://metadados.snirh.gov.br/files/b8f0487a-df73-4f8d-8b22-bb49cf9f3683/Castro_Alves.zip
Castro Alves;240,6899999999986;240,5399999999986;5,3760837549516;108,73218936466999;UHE Castro Alves - CAV SNIRH.xlsx;b8f0487a-df73-4f8d-8b22-bb49cf9f3683;https://metadados.snirh.gov.br/files/b8f0487a-df73-4f8d-8b22-bb49cf9f3683/Castro_Alves.zip
Castro Alves;240,6999999999986;240,5499999999986;5,377021974438;108,78595168023001;UHE Castro Alves - CAV SNIRH.xlsx;b8f0487a-df73-4f8d-8b22-bb49cf9f3683;https://metadados.snirh.gov.br/files/b8f0487a-df73-4f8d-8b22-bb49cf9f3683/Castro_Alves.zip
Castro Alves;240,7099999999986;240,55999999999858;5,3779599255735;108,83972020761;UHE Castro Alves - CAV SNIRH.xlsx;b8f0487a-df73-4f8d-8b22-bb49cf9f3683;https://metadados.snirh.gov.br/files/b8f0487a-df73-4f8d-8b22-bb49cf9f3683/Castro_Alves.zip
Castro Alves;240,71999999999858;240,56999999999857;5,3788975829149;108,89350106332999;UHE Castro Alves - CAV SNIRH.xlsx;b8f0487a-df73-4f8d-8b22-bb49cf9f3683;https://metadados.snirh.gov.br/files/b8f0487a-df73-4f8d-8b22-bb49cf9f3683/Castro_Alves.zip
Castro Alves;240,72999999999857;240,57999999999856;5,3798350376692;108,94728945423;UHE Castro Alves - CAV SNIRH.xlsx;b8f0487a-df73-4f8d-8b22-bb49cf9f3683;https://metadados.snirh.gov.br/files/b8f0487a-df73-4f8d-8b22-bb49cf9f3683/Castro_Alves.zip
Castro Alves;240,73999999999856;240,58999999999855;5,3807722684028;109,00109262218;UHE Castro Alves - CAV SNIRH.xlsx;b8f0487a-df73-4f8d-8b22-bb49cf9f3683;https://metadados.snirh.gov.br/files/b8f0487a-df73-4f8d-8b22-bb49cf9f3683/Castro_Alves.zip
Castro Alves;240,74999999999855;240,59999999999854;5,381709269931799;109,05490399979999;UHE Castro Alves - CAV SNIRH.xlsx;b8f0487a-df73-4f8d-8b22-bb49cf9f3683;https://metadados.snirh.gov.br/files/b8f0487a-df73-4f8d-8b22-bb49cf9f3683/Castro_Alves.zip
Castro Alves;240,75999999999854;240,60999999999854;5,3826460270170005;109,10871967175;UHE Castro Alves - CAV SNIRH.xlsx;b8f0487a-df73-4f8d-8b22-bb49cf9f3683;https://metadados.snirh.gov.br/files/b8f0487a-df73-4f8d-8b22-bb49cf9f3683/Castro_Alves.zip
Castro Alves;240,76999999999853;240,61999999999853;5,3835826868828;109,16254888153;UHE Castro Alves - CAV SNIRH.xlsx;b8f0487a-df73-4f8d-8b22-bb49cf9f3683;https://metadados.snirh.gov.br/files/b8f0487a-df73-4f8d-8b22-bb49cf9f3683/Castro_Alves.zip
Castro Alves;240,77999999999852;240,62999999999852;5,3845192319045;109,21639350803;UHE Castro Alves - CAV SNIRH.xlsx;b8f0487a-df73-4f8d-8b22-bb49cf9f3683;https://metadados.snirh.gov.br/files/b8f0487a-df73-4f8d-8b22-bb49cf9f3683/Castro_Alves.zip
Castro Alves;240,7899999999985;240,6399999999985;5,385455651129099;109,2702361692;UHE Castro Alves - CAV SNIRH.xlsx;b8f0487a-df73-4f8d-8b22-bb49cf9f3683;https://metadados.snirh.gov.br/files/b8f0487a-df73-4f8d-8b22-bb49cf9f3683/Castro_Alves.zip
Castro Alves;240,7999999999985;240,6499999999985;5,3863920534603995;109,32409228771;UHE Castro Alves - CAV SNIRH.xlsx;b8f0487a-df73-4f8d-8b22-bb49cf9f3683;https://metadados.snirh.gov.br/files/b8f0487a-df73-4f8d-8b22-bb49cf9f3683/Castro_Alves.zip
Castro Alves;240,8099999999985;240,6599999999985;5,38732855191;109,37795777617;UHE Castro Alves - CAV SNIRH.xlsx;b8f0487a-df73-4f8d-8b22-bb49cf9f3683;https://metadados.snirh.gov.br/files/b8f0487a-df73-4f8d-8b22-bb49cf9f3683/Castro_Alves.zip
Castro Alves;240,8199999999985;240,66999999999848;5,3882650667896;109,43183765907;UHE Castro Alves - CAV SNIRH.xlsx;b8f0487a-df73-4f8d-8b22-bb49cf9f3683;https://metadados.snirh.gov.br/files/b8f0487a-df73-4f8d-8b22-bb49cf9f3683/Castro_Alves.zip
Castro Alves;240,82999999999848;240,67999999999847;5,3892020384811;109,48572258904;UHE Castro Alves - CAV SNIRH.xlsx;b8f0487a-df73-4f8d-8b22-bb49cf9f3683;https://metadados.snirh.gov.br/files/b8f0487a-df73-4f8d-8b22-bb49cf9f3683/Castro_Alves.zip
Castro Alves;240,83999999999847;240,68999999999846;5,3901395048324;109,53962493253;UHE Castro Alves - CAV SNIRH.xlsx;b8f0487a-df73-4f8d-8b22-bb49cf9f3683;https://metadados.snirh.gov.br/files/b8f0487a-df73-4f8d-8b22-bb49cf9f3683/Castro_Alves.zip
Castro Alves;240,84999999999846;240,69999999999845;5,3910775119642;109,59352934377999;UHE Castro Alves - CAV SNIRH.xlsx;b8f0487a-df73-4f8d-8b22-bb49cf9f3683;https://metadados.snirh.gov.br/files/b8f0487a-df73-4f8d-8b22-bb49cf9f3683/Castro_Alves.zip
Castro Alves;240,85999999999845;240,70999999999844;5,3920157450011;109,64744709667;UHE Castro Alves - CAV SNIRH.xlsx;b8f0487a-df73-4f8d-8b22-bb49cf9f3683;https://metadados.snirh.gov.br/files/b8f0487a-df73-4f8d-8b22-bb49cf9f3683/Castro_Alves.zip
Castro Alves;240,86999999999844;240,71999999999844;5,3929537950172;109,70136496189;UHE Castro Alves - CAV SNIRH.xlsx;b8f0487a-df73-4f8d-8b22-bb49cf9f3683;https://metadados.snirh.gov.br/files/b8f0487a-df73-4f8d-8b22-bb49cf9f3683/Castro_Alves.zip
Castro Alves;240,87999999999843;240,72999999999843;5,3938912874001;109,75529282694;UHE Castro Alves - CAV SNIRH.xlsx;b8f0487a-df73-4f8d-8b22-bb49cf9f3683;https://metadados.snirh.gov.br/files/b8f0487a-df73-4f8d-8b22-bb49cf9f3683/Castro_Alves.zip
Castro Alves;240,88999999999842;240,73999999999842;5,3948284445541;109,80923407061;UHE Castro Alves - CAV SNIRH.xlsx;b8f0487a-df73-4f8d-8b22-bb49cf9f3683;https://metadados.snirh.gov.br/files/b8f0487a-df73-4f8d-8b22-bb49cf9f3683/Castro_Alves.zip
Castro Alves;240,8999999999984;240,7499999999984;5,3957648400847;109,86318677964;UHE Castro Alves - CAV SNIRH.xlsx;b8f0487a-df73-4f8d-8b22-bb49cf9f3683;https://metadados.snirh.gov.br/files/b8f0487a-df73-4f8d-8b22-bb49cf9f3683/Castro_Alves.zip
Castro Alves;240,9099999999984;240,7599999999984;5,3967009249855;109,91714868174999;UHE Castro Alves - CAV SNIRH.xlsx;b8f0487a-df73-4f8d-8b22-bb49cf9f3683;https://metadados.snirh.gov.br/files/b8f0487a-df73-4f8d-8b22-bb49cf9f3683/Castro_Alves.zip
Castro Alves;240,9199999999984;240,7699999999984;5,3976362277098;109,97111748933;UHE Castro Alves - CAV SNIRH.xlsx;b8f0487a-df73-4f8d-8b22-bb49cf9f3683;https://metadados.snirh.gov.br/files/b8f0487a-df73-4f8d-8b22-bb49cf9f3683/Castro_Alves.zip
Castro Alves;240,9299999999984;240,77999999999838;5,3985711395346;110,02509533267;UHE Castro Alves - CAV SNIRH.xlsx;b8f0487a-df73-4f8d-8b22-bb49cf9f3683;https://metadados.snirh.gov.br/files/b8f0487a-df73-4f8d-8b22-bb49cf9f3683/Castro_Alves.zip
Castro Alves;240,93999999999838;240,78999999999837;5,399505636660501;110,07908761982999;UHE Castro Alves - CAV SNIRH.xlsx;b8f0487a-df73-4f8d-8b22-bb49cf9f3683;https://metadados.snirh.gov.br/files/b8f0487a-df73-4f8d-8b22-bb49cf9f3683/Castro_Alves.zip
Castro Alves;240,94999999999837;240,79999999999836;5,4004394917872;110,13308220665;UHE Castro Alves - CAV SNIRH.xlsx;b8f0487a-df73-4f8d-8b22-bb49cf9f3683;https://metadados.snirh.gov.br/files/b8f0487a-df73-4f8d-8b22-bb49cf9f3683/Castro_Alves.zip
Castro Alves;240,95999999999836;240,80999999999835;5,401372910179499;110,18709205749;UHE Castro Alves - CAV SNIRH.xlsx;b8f0487a-df73-4f8d-8b22-bb49cf9f3683;https://metadados.snirh.gov.br/files/b8f0487a-df73-4f8d-8b22-bb49cf9f3683/Castro_Alves.zip
Castro Alves;240,96999999999835;240,81999999999834;5,4023059676321;110,24110692850999;UHE Castro Alves - CAV SNIRH.xlsx;b8f0487a-df73-4f8d-8b22-bb49cf9f3683;https://metadados.snirh.gov.br/files/b8f0487a-df73-4f8d-8b22-bb49cf9f3683/Castro_Alves.zip
Castro Alves;240,97999999999834;240,82999999999834;5,403238578141;110,29513794993;UHE Castro Alves - CAV SNIRH.xlsx;b8f0487a-df73-4f8d-8b22-bb49cf9f3683;https://metadados.snirh.gov.br/files/b8f0487a-df73-4f8d-8b22-bb49cf9f3683/Castro_Alves.zip
Castro Alves;240,98999999999833;240,83999999999833;5,4041707245533;110,34917621384;UHE Castro Alves - CAV SNIRH.xlsx;b8f0487a-df73-4f8d-8b22-bb49cf9f3683;https://metadados.snirh.gov.br/files/b8f0487a-df73-4f8d-8b22-bb49cf9f3683/Castro_Alves.zip
Castro Alves;240,99999999999832;240,84999999999832;5,4051024881318;110,40321936251999;UHE Castro Alves - CAV SNIRH.xlsx;b8f0487a-df73-4f8d-8b22-bb49cf9f3683;https://metadados.snirh.gov.br/files/b8f0487a-df73-4f8d-8b22-bb49cf9f3683/Castro_Alves.zip
Castro Alves;241,0099999999983;240,8599999999983;5,406033866792099;110,45727426805;UHE Castro Alves - CAV SNIRH.xlsx;b8f0487a-df73-4f8d-8b22-bb49cf9f3683;https://metadados.snirh.gov.br/files/b8f0487a-df73-4f8d-8b22-bb49cf9f3683/Castro_Alves.zip
Castro Alves;241,0199999999983;240,8699999999983;5,4069648672648;110,5113366203;UHE Castro Alves - CAV SNIRH.xlsx;b8f0487a-df73-4f8d-8b22-bb49cf9f3683;https://metadados.snirh.gov.br/files/b8f0487a-df73-4f8d-8b22-bb49cf9f3683/Castro_Alves.zip
Castro Alves;241,0299999999983;240,8799999999983;5,407895525188;110,56540994826;UHE Castro Alves - CAV SNIRH.xlsx;b8f0487a-df73-4f8d-8b22-bb49cf9f3683;https://metadados.snirh.gov.br/files/b8f0487a-df73-4f8d-8b22-bb49cf9f3683/Castro_Alves.zip
Castro Alves;241,0399999999983;240,88999999999828;5,4088257919774;110,61949288174;UHE Castro Alves - CAV SNIRH.xlsx;b8f0487a-df73-4f8d-8b22-bb49cf9f3683;https://metadados.snirh.gov.br/files/b8f0487a-df73-4f8d-8b22-bb49cf9f3683/Castro_Alves.zip
Castro Alves;241,04999999999828;240,89999999999827;5,4097557129832;110,67358536903;UHE Castro Alves - CAV SNIRH.xlsx;b8f0487a-df73-4f8d-8b22-bb49cf9f3683;https://metadados.snirh.gov.br/files/b8f0487a-df73-4f8d-8b22-bb49cf9f3683/Castro_Alves.zip
Castro Alves;241,05999999999827;240,90999999999826;5,4106852594857004;110,72767907786;UHE Castro Alves - CAV SNIRH.xlsx;b8f0487a-df73-4f8d-8b22-bb49cf9f3683;https://metadados.snirh.gov.br/files/b8f0487a-df73-4f8d-8b22-bb49cf9f3683/Castro_Alves.zip
Castro Alves;241,06999999999826;240,91999999999825;5,4116144697139;110,78179430498;UHE Castro Alves - CAV SNIRH.xlsx;b8f0487a-df73-4f8d-8b22-bb49cf9f3683;https://metadados.snirh.gov.br/files/b8f0487a-df73-4f8d-8b22-bb49cf9f3683/Castro_Alves.zip
Castro Alves;241,07999999999825;240,92999999999824;5,412543360091401;110,83591262412;UHE Castro Alves - CAV SNIRH.xlsx;b8f0487a-df73-4f8d-8b22-bb49cf9f3683;https://metadados.snirh.gov.br/files/b8f0487a-df73-4f8d-8b22-bb49cf9f3683/Castro_Alves.zip
Castro Alves;241,08999999999824;240,93999999999824;5,4134719305737;110,89004470599001;UHE Castro Alves - CAV SNIRH.xlsx;b8f0487a-df73-4f8d-8b22-bb49cf9f3683;https://metadados.snirh.gov.br/files/b8f0487a-df73-4f8d-8b22-bb49cf9f3683/Castro_Alves.zip
Castro Alves;241,09999999999823;240,94999999999823;5,4144001445175;110,94418362531;UHE Castro Alves - CAV SNIRH.xlsx;b8f0487a-df73-4f8d-8b22-bb49cf9f3683;https://metadados.snirh.gov.br/files/b8f0487a-df73-4f8d-8b22-bb49cf9f3683/Castro_Alves.zip
Castro Alves;241,10999999999822;240,95999999999822;5,4153280141175;110,99833430065;UHE Castro Alves - CAV SNIRH.xlsx;b8f0487a-df73-4f8d-8b22-bb49cf9f3683;https://metadados.snirh.gov.br/files/b8f0487a-df73-4f8d-8b22-bb49cf9f3683/Castro_Alves.zip
Castro Alves;241,1199999999982;240,9699999999982;5,4162555519164;111,05248982147;UHE Castro Alves - CAV SNIRH.xlsx;b8f0487a-df73-4f8d-8b22-bb49cf9f3683;https://metadados.snirh.gov.br/files/b8f0487a-df73-4f8d-8b22-bb49cf9f3683/Castro_Alves.zip
Castro Alves;241,1299999999982;240,9799999999982;5,4171827776349994;111,10665820941999;UHE Castro Alves - CAV SNIRH.xlsx;b8f0487a-df73-4f8d-8b22-bb49cf9f3683;https://metadados.snirh.gov.br/files/b8f0487a-df73-4f8d-8b22-bb49cf9f3683/Castro_Alves.zip
Castro Alves;241,1399999999982;240,9899999999982;5,4181097000399;111,16083518626999;UHE Castro Alves - CAV SNIRH.xlsx;b8f0487a-df73-4f8d-8b22-bb49cf9f3683;https://metadados.snirh.gov.br/files/b8f0487a-df73-4f8d-8b22-bb49cf9f3683/Castro_Alves.zip
Castro Alves;241,1499999999982;240,99999999999818;5,4190363387132;111,21502111410999;UHE Castro Alves - CAV SNIRH.xlsx;b8f0487a-df73-4f8d-8b22-bb49cf9f3683;https://metadados.snirh.gov.br/files/b8f0487a-df73-4f8d-8b22-bb49cf9f3683/Castro_Alves.zip
Castro Alves;241,15999999999818;241,00999999999817;5,4199626986687;111,26921718108;UHE Castro Alves - CAV SNIRH.xlsx;b8f0487a-df73-4f8d-8b22-bb49cf9f3683;https://metadados.snirh.gov.br/files/b8f0487a-df73-4f8d-8b22-bb49cf9f3683/Castro_Alves.zip
Castro Alves;241,16999999999817;241,01999999999816;5,4208887013064;111,32342344718;UHE Castro Alves - CAV SNIRH.xlsx;b8f0487a-df73-4f8d-8b22-bb49cf9f3683;https://metadados.snirh.gov.br/files/b8f0487a-df73-4f8d-8b22-bb49cf9f3683/Castro_Alves.zip
Castro Alves;241,17999999999816;241,02999999999815;5,4218143507973;111,37763587062;UHE Castro Alves - CAV SNIRH.xlsx;b8f0487a-df73-4f8d-8b22-bb49cf9f3683;https://metadados.snirh.gov.br/files/b8f0487a-df73-4f8d-8b22-bb49cf9f3683/Castro_Alves.zip
Castro Alves;241,18999999999815;241,03999999999814;5,4227397026721;111,4318563343;UHE Castro Alves - CAV SNIRH.xlsx;b8f0487a-df73-4f8d-8b22-bb49cf9f3683;https://metadados.snirh.gov.br/files/b8f0487a-df73-4f8d-8b22-bb49cf9f3683/Castro_Alves.zip
Castro Alves;241,19999999999814;241,04999999999814;5,4236647796692;111,48608469955;UHE Castro Alves - CAV SNIRH.xlsx;b8f0487a-df73-4f8d-8b22-bb49cf9f3683;https://metadados.snirh.gov.br/files/b8f0487a-df73-4f8d-8b22-bb49cf9f3683/Castro_Alves.zip
Castro Alves;241,20999999999813;241,05999999999813;5,4245895993867;111,54032323193;UHE Castro Alves - CAV SNIRH.xlsx;b8f0487a-df73-4f8d-8b22-bb49cf9f3683;https://metadados.snirh.gov.br/files/b8f0487a-df73-4f8d-8b22-bb49cf9f3683/Castro_Alves.zip
Castro Alves;241,21999999999812;241,06999999999812;5,4255141609878;111,59457587608;UHE Castro Alves - CAV SNIRH.xlsx;b8f0487a-df73-4f8d-8b22-bb49cf9f3683;https://metadados.snirh.gov.br/files/b8f0487a-df73-4f8d-8b22-bb49cf9f3683/Castro_Alves.zip
Castro Alves;241,2299999999981;241,0799999999981;5,4264384679335995;111,64883432935;UHE Castro Alves - CAV SNIRH.xlsx;b8f0487a-df73-4f8d-8b22-bb49cf9f3683;https://metadados.snirh.gov.br/files/b8f0487a-df73-4f8d-8b22-bb49cf9f3683/Castro_Alves.zip
Castro Alves;241,2399999999981;241,0899999999981;5,4273625102726;111,70310392671999;UHE Castro Alves - CAV SNIRH.xlsx;b8f0487a-df73-4f8d-8b22-bb49cf9f3683;https://metadados.snirh.gov.br/files/b8f0487a-df73-4f8d-8b22-bb49cf9f3683/Castro_Alves.zip
Castro Alves;241,2499999999981;241,0999999999981;5,4282863065271;111,75738392806;UHE Castro Alves - CAV SNIRH.xlsx;b8f0487a-df73-4f8d-8b22-bb49cf9f3683;https://metadados.snirh.gov.br/files/b8f0487a-df73-4f8d-8b22-bb49cf9f3683/Castro_Alves.zip
Castro Alves;241,2599999999981;241,10999999999808;5,4292098266279;111,81166973285;UHE Castro Alves - CAV SNIRH.xlsx;b8f0487a-df73-4f8d-8b22-bb49cf9f3683;https://metadados.snirh.gov.br/files/b8f0487a-df73-4f8d-8b22-bb49cf9f3683/Castro_Alves.zip
Castro Alves;241,26999999999808;241,11999999999807;5,4301330513524;111,86596462927;UHE Castro Alves - CAV SNIRH.xlsx;b8f0487a-df73-4f8d-8b22-bb49cf9f3683;https://metadados.snirh.gov.br/files/b8f0487a-df73-4f8d-8b22-bb49cf9f3683/Castro_Alves.zip
Castro Alves;241,27999999999807;241,12999999999806;5,4310560264562;111,9202693157;UHE Castro Alves - CAV SNIRH.xlsx;b8f0487a-df73-4f8d-8b22-bb49cf9f3683;https://metadados.snirh.gov.br/files/b8f0487a-df73-4f8d-8b22-bb49cf9f3683/Castro_Alves.zip
Castro Alves;241,28999999999806;241,13999999999805;5,4319787536746995;111,97457823453;UHE Castro Alves - CAV SNIRH.xlsx;b8f0487a-df73-4f8d-8b22-bb49cf9f3683;https://metadados.snirh.gov.br/files/b8f0487a-df73-4f8d-8b22-bb49cf9f3683/Castro_Alves.zip
Castro Alves;241,29999999999805;241,14999999999804;5,4329012406178;112,02890139974;UHE Castro Alves - CAV SNIRH.xlsx;b8f0487a-df73-4f8d-8b22-bb49cf9f3683;https://metadados.snirh.gov.br/files/b8f0487a-df73-4f8d-8b22-bb49cf9f3683/Castro_Alves.zip
Castro Alves;241,30999999999804;241,15999999999804;5,4338234744285;112,08322860035001;UHE Castro Alves - CAV SNIRH.xlsx;b8f0487a-df73-4f8d-8b22-bb49cf9f3683;https://metadados.snirh.gov.br/files/b8f0487a-df73-4f8d-8b22-bb49cf9f3683/Castro_Alves.zip
Castro Alves;241,31999999999803;241,16999999999803;5,434745458391499;112,13756914206999;UHE Castro Alves - CAV SNIRH.xlsx;b8f0487a-df73-4f8d-8b22-bb49cf9f3683;https://metadados.snirh.gov.br/files/b8f0487a-df73-4f8d-8b22-bb49cf9f3683/Castro_Alves.zip
Castro Alves;241,32999999999802;241,17999999999802;5,435667196173;112,19191759305001;UHE Castro Alves - CAV SNIRH.xlsx;b8f0487a-df73-4f8d-8b22-bb49cf9f3683;https://metadados.snirh.gov.br/files/b8f0487a-df73-4f8d-8b22-bb49cf9f3683/Castro_Alves.zip
Castro Alves;241,339999999998;241,189999999998;5,4365887114963;112,24628390150001;UHE Castro Alves - CAV SNIRH.xlsx;b8f0487a-df73-4f8d-8b22-bb49cf9f3683;https://metadados.snirh.gov.br/files/b8f0487a-df73-4f8d-8b22-bb49cf9f3683/Castro_Alves.zip
Castro Alves;241,349999999998;241,199999999998;5,4375100075831;112,30065275503;UHE Castro Alves - CAV SNIRH.xlsx;b8f0487a-df73-4f8d-8b22-bb49cf9f3683;https://metadados.snirh.gov.br/files/b8f0487a-df73-4f8d-8b22-bb49cf9f3683/Castro_Alves.zip
Castro Alves;241,359999999998;241,209999999998;5,438431059707099;112,35503731246;UHE Castro Alves - CAV SNIRH.xlsx;b8f0487a-df73-4f8d-8b22-bb49cf9f3683;https://metadados.snirh.gov.br/files/b8f0487a-df73-4f8d-8b22-bb49cf9f3683/Castro_Alves.zip
Castro Alves;241,369999999998;241,21999999999798;5,4393518442695;112,40942805012;UHE Castro Alves - CAV SNIRH.xlsx;b8f0487a-df73-4f8d-8b22-bb49cf9f3683;https://metadados.snirh.gov.br/files/b8f0487a-df73-4f8d-8b22-bb49cf9f3683/Castro_Alves.zip
Castro Alves;241,37999999999798;241,22999999999797;5,4402723634478;112,46382335092001;UHE Castro Alves - CAV SNIRH.xlsx;b8f0487a-df73-4f8d-8b22-bb49cf9f3683;https://metadados.snirh.gov.br/files/b8f0487a-df73-4f8d-8b22-bb49cf9f3683/Castro_Alves.zip
Castro Alves;241,38999999999797;241,23999999999796;5,4411926270515;112,51822966495;UHE Castro Alves - CAV SNIRH.xlsx;b8f0487a-df73-4f8d-8b22-bb49cf9f3683;https://metadados.snirh.gov.br/files/b8f0487a-df73-4f8d-8b22-bb49cf9f3683/Castro_Alves.zip
Castro Alves;241,39999999999796;241,24999999999795;5,4421126574707;112,57264454432;UHE Castro Alves - CAV SNIRH.xlsx;b8f0487a-df73-4f8d-8b22-bb49cf9f3683;https://metadados.snirh.gov.br/files/b8f0487a-df73-4f8d-8b22-bb49cf9f3683/Castro_Alves.zip
Castro Alves;241,40999999999795;241,25999999999794;5,4430324559963;112,62706946782001;UHE Castro Alves - CAV SNIRH.xlsx;b8f0487a-df73-4f8d-8b22-bb49cf9f3683;https://metadados.snirh.gov.br/files/b8f0487a-df73-4f8d-8b22-bb49cf9f3683/Castro_Alves.zip
Castro Alves;241,41999999999794;241,26999999999794;5,4439520293827;112,68150617456;UHE Castro Alves - CAV SNIRH.xlsx;b8f0487a-df73-4f8d-8b22-bb49cf9f3683;https://metadados.snirh.gov.br/files/b8f0487a-df73-4f8d-8b22-bb49cf9f3683/Castro_Alves.zip
Castro Alves;241,42999999999793;241,27999999999793;5,4448713807464;112,73595208199;UHE Castro Alves - CAV SNIRH.xlsx;b8f0487a-df73-4f8d-8b22-bb49cf9f3683;https://metadados.snirh.gov.br/files/b8f0487a-df73-4f8d-8b22-bb49cf9f3683/Castro_Alves.zip
Castro Alves;241,43999999999792;241,28999999999792;5,4457905271693;112,79040287312;UHE Castro Alves - CAV SNIRH.xlsx;b8f0487a-df73-4f8d-8b22-bb49cf9f3683;https://metadados.snirh.gov.br/files/b8f0487a-df73-4f8d-8b22-bb49cf9f3683/Castro_Alves.zip
Castro Alves;241,4499999999979;241,2999999999979;5,446709459327;112,8448651152;UHE Castro Alves - CAV SNIRH.xlsx;b8f0487a-df73-4f8d-8b22-bb49cf9f3683;https://metadados.snirh.gov.br/files/b8f0487a-df73-4f8d-8b22-bb49cf9f3683/Castro_Alves.zip
Castro Alves;241,4599999999979;241,3099999999979;5,4476281801715;112,89933232159001;UHE Castro Alves - CAV SNIRH.xlsx;b8f0487a-df73-4f8d-8b22-bb49cf9f3683;https://metadados.snirh.gov.br/files/b8f0487a-df73-4f8d-8b22-bb49cf9f3683/Castro_Alves.zip
Castro Alves;241,4699999999979;241,3199999999979;5,4485466950412;112,95381297302;UHE Castro Alves - CAV SNIRH.xlsx;b8f0487a-df73-4f8d-8b22-bb49cf9f3683;https://metadados.snirh.gov.br/files/b8f0487a-df73-4f8d-8b22-bb49cf9f3683/Castro_Alves.zip
Castro Alves;241,4799999999979;241,32999999999788;5,4494649685307;113,00830072579;UHE Castro Alves - CAV SNIRH.xlsx;b8f0487a-df73-4f8d-8b22-bb49cf9f3683;https://metadados.snirh.gov.br/files/b8f0487a-df73-4f8d-8b22-bb49cf9f3683/Castro_Alves.zip
Castro Alves;241,48999999999788;241,33999999999787;5,4503830168494;113,06279957886;UHE Castro Alves - CAV SNIRH.xlsx;b8f0487a-df73-4f8d-8b22-bb49cf9f3683;https://metadados.snirh.gov.br/files/b8f0487a-df73-4f8d-8b22-bb49cf9f3683/Castro_Alves.zip
Castro Alves;241,49999999999787;241,34999999999786;5,4513008421217;113,11731400565;UHE Castro Alves - CAV SNIRH.xlsx;b8f0487a-df73-4f8d-8b22-bb49cf9f3683;https://metadados.snirh.gov.br/files/b8f0487a-df73-4f8d-8b22-bb49cf9f3683/Castro_Alves.zip
Castro Alves;241,50999999999786;241,35999999999785;5,4522184409806;113,17183251515;UHE Castro Alves - CAV SNIRH.xlsx;b8f0487a-df73-4f8d-8b22-bb49cf9f3683;https://metadados.snirh.gov.br/files/b8f0487a-df73-4f8d-8b22-bb49cf9f3683/Castro_Alves.zip
Castro Alves;241,51999999999785;241,36999999999784;5,4531358180280005;113,2263572932;UHE Castro Alves - CAV SNIRH.xlsx;b8f0487a-df73-4f8d-8b22-bb49cf9f3683;https://metadados.snirh.gov.br/files/b8f0487a-df73-4f8d-8b22-bb49cf9f3683/Castro_Alves.zip
Castro Alves;241,52999999999784;241,37999999999784;5,4540529884823;113,28089336747999;UHE Castro Alves - CAV SNIRH.xlsx;b8f0487a-df73-4f8d-8b22-bb49cf9f3683;https://metadados.snirh.gov.br/files/b8f0487a-df73-4f8d-8b22-bb49cf9f3683/Castro_Alves.zip
Castro Alves;241,53999999999783;241,38999999999783;5,4549699736032995;113,33543827103999;UHE Castro Alves - CAV SNIRH.xlsx;b8f0487a-df73-4f8d-8b22-bb49cf9f3683;https://metadados.snirh.gov.br/files/b8f0487a-df73-4f8d-8b22-bb49cf9f3683/Castro_Alves.zip
Castro Alves;241,54999999999782;241,39999999999782;5,4558867772729;113,38998762415;UHE Castro Alves - CAV SNIRH.xlsx;b8f0487a-df73-4f8d-8b22-bb49cf9f3683;https://metadados.snirh.gov.br/files/b8f0487a-df73-4f8d-8b22-bb49cf9f3683/Castro_Alves.zip
Castro Alves;241,5599999999978;241,4099999999978;5,456803400003801;113,44454999628;UHE Castro Alves - CAV SNIRH.xlsx;b8f0487a-df73-4f8d-8b22-bb49cf9f3683;https://metadados.snirh.gov.br/files/b8f0487a-df73-4f8d-8b22-bb49cf9f3683/Castro_Alves.zip
Castro Alves;241,5699999999978;241,4199999999978;5,4577198404497995;113,49912381716;UHE Castro Alves - CAV SNIRH.xlsx;b8f0487a-df73-4f8d-8b22-bb49cf9f3683;https://metadados.snirh.gov.br/files/b8f0487a-df73-4f8d-8b22-bb49cf9f3683/Castro_Alves.zip
Castro Alves;241,5799999999978;241,4299999999978;5,4586360850179;113,55370335733;UHE Castro Alves - CAV SNIRH.xlsx;b8f0487a-df73-4f8d-8b22-bb49cf9f3683;https://metadados.snirh.gov.br/files/b8f0487a-df73-4f8d-8b22-bb49cf9f3683/Castro_Alves.zip
Castro Alves;241,5899999999978;241,43999999999778;5,459552144275699;113,60829132754;UHE Castro Alves - CAV SNIRH.xlsx;b8f0487a-df73-4f8d-8b22-bb49cf9f3683;https://metadados.snirh.gov.br/files/b8f0487a-df73-4f8d-8b22-bb49cf9f3683/Castro_Alves.zip
Castro Alves;241,59999999999778;241,44999999999777;5,4604680063864;113,66288960499;UHE Castro Alves - CAV SNIRH.xlsx;b8f0487a-df73-4f8d-8b22-bb49cf9f3683;https://metadados.snirh.gov.br/files/b8f0487a-df73-4f8d-8b22-bb49cf9f3683/Castro_Alves.zip
Castro Alves;241,60999999999777;241,45999999999776;5,461383664845;113,71750092542;UHE Castro Alves - CAV SNIRH.xlsx;b8f0487a-df73-4f8d-8b22-bb49cf9f3683;https://metadados.snirh.gov.br/files/b8f0487a-df73-4f8d-8b22-bb49cf9f3683/Castro_Alves.zip
Castro Alves;241,61999999999776;241,46999999999775;5,4622991357804;113,77212226236;UHE Castro Alves - CAV SNIRH.xlsx;b8f0487a-df73-4f8d-8b22-bb49cf9f3683;https://metadados.snirh.gov.br/files/b8f0487a-df73-4f8d-8b22-bb49cf9f3683/Castro_Alves.zip
Castro Alves;241,62999999999775;241,47999999999774;5,4632144441924;113,82674614793;UHE Castro Alves - CAV SNIRH.xlsx;b8f0487a-df73-4f8d-8b22-bb49cf9f3683;https://metadados.snirh.gov.br/files/b8f0487a-df73-4f8d-8b22-bb49cf9f3683/Castro_Alves.zip
Castro Alves;241,63999999999774;241,48999999999774;5,4641295874833;113,8813820808;UHE Castro Alves - CAV SNIRH.xlsx;b8f0487a-df73-4f8d-8b22-bb49cf9f3683;https://metadados.snirh.gov.br/files/b8f0487a-df73-4f8d-8b22-bb49cf9f3683/Castro_Alves.zip
Castro Alves;241,64999999999773;241,49999999999773;5,4650445537309;113,93602548998;UHE Castro Alves - CAV SNIRH.xlsx;b8f0487a-df73-4f8d-8b22-bb49cf9f3683;https://metadados.snirh.gov.br/files/b8f0487a-df73-4f8d-8b22-bb49cf9f3683/Castro_Alves.zip
Castro Alves;241,65999999999772;241,50999999999772;5,465959337241499;113,99067714775;UHE Castro Alves - CAV SNIRH.xlsx;b8f0487a-df73-4f8d-8b22-bb49cf9f3683;https://metadados.snirh.gov.br/files/b8f0487a-df73-4f8d-8b22-bb49cf9f3683/Castro_Alves.zip
Castro Alves;241,6699999999977;241,5199999999977;5,4668739312485;114,04533579351;UHE Castro Alves - CAV SNIRH.xlsx;b8f0487a-df73-4f8d-8b22-bb49cf9f3683;https://metadados.snirh.gov.br/files/b8f0487a-df73-4f8d-8b22-bb49cf9f3683/Castro_Alves.zip
Castro Alves;241,6799999999977;241,5299999999977;5,467788352046299;114,10000733178;UHE Castro Alves - CAV SNIRH.xlsx;b8f0487a-df73-4f8d-8b22-bb49cf9f3683;https://metadados.snirh.gov.br/files/b8f0487a-df73-4f8d-8b22-bb49cf9f3683/Castro_Alves.zip
Castro Alves;241,6899999999977;241,5399999999977;5,4687026029509;114,15468732212999;UHE Castro Alves - CAV SNIRH.xlsx;b8f0487a-df73-4f8d-8b22-bb49cf9f3683;https://metadados.snirh.gov.br/files/b8f0487a-df73-4f8d-8b22-bb49cf9f3683/Castro_Alves.zip
Castro Alves;241,6999999999977;241,54999999999768;5,469616695203101;114,20937882132;UHE Castro Alves - CAV SNIRH.xlsx;b8f0487a-df73-4f8d-8b22-bb49cf9f3683;https://metadados.snirh.gov.br/files/b8f0487a-df73-4f8d-8b22-bb49cf9f3683/Castro_Alves.zip
Castro Alves;241,70999999999768;241,55999999999767;5,4705306374769;114,26407744717001;UHE Castro Alves - CAV SNIRH.xlsx;b8f0487a-df73-4f8d-8b22-bb49cf9f3683;https://metadados.snirh.gov.br/files/b8f0487a-df73-4f8d-8b22-bb49cf9f3683/Castro_Alves.zip
Castro Alves;241,71999999999767;241,56999999999766;5,4714444166152;114,31878466056999;UHE Castro Alves - CAV SNIRH.xlsx;b8f0487a-df73-4f8d-8b22-bb49cf9f3683;https://metadados.snirh.gov.br/files/b8f0487a-df73-4f8d-8b22-bb49cf9f3683/Castro_Alves.zip
Castro Alves;241,72999999999766;241,57999999999765;5,472358045443801;114,37350229422;UHE Castro Alves - CAV SNIRH.xlsx;b8f0487a-df73-4f8d-8b22-bb49cf9f3683;https://metadados.snirh.gov.br/files/b8f0487a-df73-4f8d-8b22-bb49cf9f3683/Castro_Alves.zip
Castro Alves;241,73999999999765;241,58999999999764;5,4732715215072;114,42822940939;UHE Castro Alves - CAV SNIRH.xlsx;b8f0487a-df73-4f8d-8b22-bb49cf9f3683;https://metadados.snirh.gov.br/files/b8f0487a-df73-4f8d-8b22-bb49cf9f3683/Castro_Alves.zip
Castro Alves;241,74999999999764;241,59999999999764;5,4741848317707005;114,48296442345;UHE Castro Alves - CAV SNIRH.xlsx;b8f0487a-df73-4f8d-8b22-bb49cf9f3683;https://metadados.snirh.gov.br/files/b8f0487a-df73-4f8d-8b22-bb49cf9f3683/Castro_Alves.zip
Castro Alves;241,75999999999763;241,60999999999763;5,475097990407501;114,53770969794;UHE Castro Alves - CAV SNIRH.xlsx;b8f0487a-df73-4f8d-8b22-bb49cf9f3683;https://metadados.snirh.gov.br/files/b8f0487a-df73-4f8d-8b22-bb49cf9f3683/Castro_Alves.zip
Castro Alves;241,76999999999762;241,61999999999762;5,4760110079489;114,59246567416001;UHE Castro Alves - CAV SNIRH.xlsx;b8f0487a-df73-4f8d-8b22-bb49cf9f3683;https://metadados.snirh.gov.br/files/b8f0487a-df73-4f8d-8b22-bb49cf9f3683/Castro_Alves.zip
Castro Alves;241,7799999999976;241,6299999999976;5,476923876253499;114,64722808860999;UHE Castro Alves - CAV SNIRH.xlsx;b8f0487a-df73-4f8d-8b22-bb49cf9f3683;https://metadados.snirh.gov.br/files/b8f0487a-df73-4f8d-8b22-bb49cf9f3683/Castro_Alves.zip
Castro Alves;241,7899999999976;241,6399999999976;5,477836596929101;114,70200813073001;UHE Castro Alves - CAV SNIRH.xlsx;b8f0487a-df73-4f8d-8b22-bb49cf9f3683;https://metadados.snirh.gov.br/files/b8f0487a-df73-4f8d-8b22-bb49cf9f3683/Castro_Alves.zip
Castro Alves;241,7999999999976;241,6499999999976;5,4787491778787;114,75679005931;UHE Castro Alves - CAV SNIRH.xlsx;b8f0487a-df73-4f8d-8b22-bb49cf9f3683;https://metadados.snirh.gov.br/files/b8f0487a-df73-4f8d-8b22-bb49cf9f3683/Castro_Alves.zip
Castro Alves;241,8099999999976;241,65999999999758;5,4796616181119004;114,81158587045;UHE Castro Alves - CAV SNIRH.xlsx;b8f0487a-df73-4f8d-8b22-bb49cf9f3683;https://metadados.snirh.gov.br/files/b8f0487a-df73-4f8d-8b22-bb49cf9f3683/Castro_Alves.zip
Castro Alves;241,81999999999758;241,66999999999757;5,480573897507299;114,8663870131;UHE Castro Alves - CAV SNIRH.xlsx;b8f0487a-df73-4f8d-8b22-bb49cf9f3683;https://metadados.snirh.gov.br/files/b8f0487a-df73-4f8d-8b22-bb49cf9f3683/Castro_Alves.zip
Castro Alves;241,82999999999757;241,67999999999756;5,481486033319;114,92120007512;UHE Castro Alves - CAV SNIRH.xlsx;b8f0487a-df73-4f8d-8b22-bb49cf9f3683;https://metadados.snirh.gov.br/files/b8f0487a-df73-4f8d-8b22-bb49cf9f3683/Castro_Alves.zip
Castro Alves;241,83999999999756;241,68999999999755;5,4823980437462;114,97601775580999;UHE Castro Alves - CAV SNIRH.xlsx;b8f0487a-df73-4f8d-8b22-bb49cf9f3683;https://metadados.snirh.gov.br/files/b8f0487a-df73-4f8d-8b22-bb49cf9f3683/Castro_Alves.zip
Castro Alves;241,84999999999755;241,69999999999754;5,4833099304968;115,03084571023;UHE Castro Alves - CAV SNIRH.xlsx;b8f0487a-df73-4f8d-8b22-bb49cf9f3683;https://metadados.snirh.gov.br/files/b8f0487a-df73-4f8d-8b22-bb49cf9f3683/Castro_Alves.zip
Castro Alves;241,85999999999754;241,70999999999754;5,4842216793616005;115,08568779117999;UHE Castro Alves - CAV SNIRH.xlsx;b8f0487a-df73-4f8d-8b22-bb49cf9f3683;https://metadados.snirh.gov.br/files/b8f0487a-df73-4f8d-8b22-bb49cf9f3683/Castro_Alves.zip
Castro Alves;241,86999999999753;241,71999999999753;5,4851332932779;115,14053021133;UHE Castro Alves - CAV SNIRH.xlsx;b8f0487a-df73-4f8d-8b22-bb49cf9f3683;https://metadados.snirh.gov.br/files/b8f0487a-df73-4f8d-8b22-bb49cf9f3683/Castro_Alves.zip
Castro Alves;241,87999999999752;241,72999999999752;5,486044775445801;115,19538831059;UHE Castro Alves - CAV SNIRH.xlsx;b8f0487a-df73-4f8d-8b22-bb49cf9f3683;https://metadados.snirh.gov.br/files/b8f0487a-df73-4f8d-8b22-bb49cf9f3683/Castro_Alves.zip
Castro Alves;241,8899999999975;241,7399999999975;5,4869561406327;115,25025164911;UHE Castro Alves - CAV SNIRH.xlsx;b8f0487a-df73-4f8d-8b22-bb49cf9f3683;https://metadados.snirh.gov.br/files/b8f0487a-df73-4f8d-8b22-bb49cf9f3683/Castro_Alves.zip
Castro Alves;241,8999999999975;241,7499999999975;5,487867372329999;115,30512340557;UHE Castro Alves - CAV SNIRH.xlsx;b8f0487a-df73-4f8d-8b22-bb49cf9f3683;https://metadados.snirh.gov.br/files/b8f0487a-df73-4f8d-8b22-bb49cf9f3683/Castro_Alves.zip
Castro Alves;241,9099999999975;241,7599999999975;5,4887784658088;115,3600062001;UHE Castro Alves - CAV SNIRH.xlsx;b8f0487a-df73-4f8d-8b22-bb49cf9f3683;https://metadados.snirh.gov.br/files/b8f0487a-df73-4f8d-8b22-bb49cf9f3683/Castro_Alves.zip
Castro Alves;241,9199999999975;241,76999999999748;5,4896894304095;115,41489992625999;UHE Castro Alves - CAV SNIRH.xlsx;b8f0487a-df73-4f8d-8b22-bb49cf9f3683;https://metadados.snirh.gov.br/files/b8f0487a-df73-4f8d-8b22-bb49cf9f3683/Castro_Alves.zip
Castro Alves;241,92999999999748;241,77999999999747;5,4906002602683;115,46980195933001;UHE Castro Alves - CAV SNIRH.xlsx;b8f0487a-df73-4f8d-8b22-bb49cf9f3683;https://metadados.snirh.gov.br/files/b8f0487a-df73-4f8d-8b22-bb49cf9f3683/Castro_Alves.zip
Castro Alves;241,93999999999747;241,78999999999746;5,4915109703882;115,52471364875001;UHE Castro Alves - CAV SNIRH.xlsx;b8f0487a-df73-4f8d-8b22-bb49cf9f3683;https://metadados.snirh.gov.br/files/b8f0487a-df73-4f8d-8b22-bb49cf9f3683/Castro_Alves.zip
Castro Alves;241,94999999999746;241,79999999999745;5,4924215708825;115,57963666458001;UHE Castro Alves - CAV SNIRH.xlsx;b8f0487a-df73-4f8d-8b22-bb49cf9f3683;https://metadados.snirh.gov.br/files/b8f0487a-df73-4f8d-8b22-bb49cf9f3683/Castro_Alves.zip
Castro Alves;241,95999999999745;241,80999999999744;5,4933320454232;115,63456354507001;UHE Castro Alves - CAV SNIRH.xlsx;b8f0487a-df73-4f8d-8b22-bb49cf9f3683;https://metadados.snirh.gov.br/files/b8f0487a-df73-4f8d-8b22-bb49cf9f3683/Castro_Alves.zip
Castro Alves;241,96999999999744;241,81999999999744;5,4942423987079;115,68950005332;UHE Castro Alves - CAV SNIRH.xlsx;b8f0487a-df73-4f8d-8b22-bb49cf9f3683;https://metadados.snirh.gov.br/files/b8f0487a-df73-4f8d-8b22-bb49cf9f3683/Castro_Alves.zip
Castro Alves;241,97999999999743;241,82999999999743;5,4951526269737;115,74444189952999;UHE Castro Alves - CAV SNIRH.xlsx;b8f0487a-df73-4f8d-8b22-bb49cf9f3683;https://metadados.snirh.gov.br/files/b8f0487a-df73-4f8d-8b22-bb49cf9f3683/Castro_Alves.zip
Castro Alves;241,98999999999742;241,83999999999742;5,4960627451345;115,79939525534999;UHE Castro Alves - CAV SNIRH.xlsx;b8f0487a-df73-4f8d-8b22-bb49cf9f3683;https://metadados.snirh.gov.br/files/b8f0487a-df73-4f8d-8b22-bb49cf9f3683/Castro_Alves.zip
Castro Alves;241,9999999999974;241,8499999999974;5,4969727685492;115,8543667748;UHE Castro Alves - CAV SNIRH.xlsx;b8f0487a-df73-4f8d-8b22-bb49cf9f3683;https://metadados.snirh.gov.br/files/b8f0487a-df73-4f8d-8b22-bb49cf9f3683/Castro_Alves.zip
Castro Alves;242,0099999999974;241,8599999999974;5,4978826883505;115,90933344417999;UHE Castro Alves - CAV SNIRH.xlsx;b8f0487a-df73-4f8d-8b22-bb49cf9f3683;https://metadados.snirh.gov.br/files/b8f0487a-df73-4f8d-8b22-bb49cf9f3683/Castro_Alves.zip
Castro Alves;242,0199999999974;241,8699999999974;5,4987924865591005;115,96431463969;UHE Castro Alves - CAV SNIRH.xlsx;b8f0487a-df73-4f8d-8b22-bb49cf9f3683;https://metadados.snirh.gov.br/files/b8f0487a-df73-4f8d-8b22-bb49cf9f3683/Castro_Alves.zip
Castro Alves;242,0299999999974;241,87999999999738;5,499702181066;116,01930795304;UHE Castro Alves - CAV SNIRH.xlsx;b8f0487a-df73-4f8d-8b22-bb49cf9f3683;https://metadados.snirh.gov.br/files/b8f0487a-df73-4f8d-8b22-bb49cf9f3683/Castro_Alves.zip
Castro Alves;242,03999999999738;241,88999999999737;5,5006117813338005;116,07431242857;UHE Castro Alves - CAV SNIRH.xlsx;b8f0487a-df73-4f8d-8b22-bb49cf9f3683;https://metadados.snirh.gov.br/files/b8f0487a-df73-4f8d-8b22-bb49cf9f3683/Castro_Alves.zip
Castro Alves;242,04999999999737;241,89999999999736;5,5015212914672995;116,12932217635;UHE Castro Alves - CAV SNIRH.xlsx;b8f0487a-df73-4f8d-8b22-bb49cf9f3683;https://metadados.snirh.gov.br/files/b8f0487a-df73-4f8d-8b22-bb49cf9f3683/Castro_Alves.zip
Castro Alves;242,05999999999736;241,90999999999735;5,5024307040353;116,18434071727;UHE Castro Alves - CAV SNIRH.xlsx;b8f0487a-df73-4f8d-8b22-bb49cf9f3683;https://metadados.snirh.gov.br/files/b8f0487a-df73-4f8d-8b22-bb49cf9f3683/Castro_Alves.zip
Castro Alves;242,06999999999735;241,91999999999734;5,5033400116711;116,23936711668999;UHE Castro Alves - CAV SNIRH.xlsx;b8f0487a-df73-4f8d-8b22-bb49cf9f3683;https://metadados.snirh.gov.br/files/b8f0487a-df73-4f8d-8b22-bb49cf9f3683/Castro_Alves.zip
Castro Alves;242,07999999999734;241,92999999999734;5,5042492239059;116,29440237812001;UHE Castro Alves - CAV SNIRH.xlsx;b8f0487a-df73-4f8d-8b22-bb49cf9f3683;https://metadados.snirh.gov.br/files/b8f0487a-df73-4f8d-8b22-bb49cf9f3683/Castro_Alves.zip
Castro Alves;242,08999999999733;241,93999999999733;5,5051583487349;116,34944622338;UHE Castro Alves - CAV SNIRH.xlsx;b8f0487a-df73-4f8d-8b22-bb49cf9f3683;https://metadados.snirh.gov.br/files/b8f0487a-df73-4f8d-8b22-bb49cf9f3683/Castro_Alves.zip
Castro Alves;242,09999999999732;241,94999999999732;5,5060673659182005;116,40450622588999;UHE Castro Alves - CAV SNIRH.xlsx;b8f0487a-df73-4f8d-8b22-bb49cf9f3683;https://metadados.snirh.gov.br/files/b8f0487a-df73-4f8d-8b22-bb49cf9f3683/Castro_Alves.zip
Castro Alves;242,1099999999973;241,9599999999973;5,5069762748918;116,45956793332999;UHE Castro Alves - CAV SNIRH.xlsx;b8f0487a-df73-4f8d-8b22-bb49cf9f3683;https://metadados.snirh.gov.br/files/b8f0487a-df73-4f8d-8b22-bb49cf9f3683/Castro_Alves.zip
Castro Alves;242,1199999999973;241,9699999999973;5,5078850788183;116,51464226937;UHE Castro Alves - CAV SNIRH.xlsx;b8f0487a-df73-4f8d-8b22-bb49cf9f3683;https://metadados.snirh.gov.br/files/b8f0487a-df73-4f8d-8b22-bb49cf9f3683/Castro_Alves.zip
Castro Alves;242,1299999999973;241,9799999999973;5,508793820334;116,5697273246;UHE Castro Alves - CAV SNIRH.xlsx;b8f0487a-df73-4f8d-8b22-bb49cf9f3683;https://metadados.snirh.gov.br/files/b8f0487a-df73-4f8d-8b22-bb49cf9f3683/Castro_Alves.zip
Castro Alves;242,1399999999973;241,98999999999728;5,509702485849;116,62481666288001;UHE Castro Alves - CAV SNIRH.xlsx;b8f0487a-df73-4f8d-8b22-bb49cf9f3683;https://metadados.snirh.gov.br/files/b8f0487a-df73-4f8d-8b22-bb49cf9f3683/Castro_Alves.zip
Castro Alves;242,14999999999728;241,99999999999727;5,510611064874899;116,67992042969;UHE Castro Alves - CAV SNIRH.xlsx;b8f0487a-df73-4f8d-8b22-bb49cf9f3683;https://metadados.snirh.gov.br/files/b8f0487a-df73-4f8d-8b22-bb49cf9f3683/Castro_Alves.zip
Castro Alves;242,15999999999727;242,00999999999726;5,5115195617223;116,73502938275;UHE Castro Alves - CAV SNIRH.xlsx;b8f0487a-df73-4f8d-8b22-bb49cf9f3683;https://metadados.snirh.gov.br/files/b8f0487a-df73-4f8d-8b22-bb49cf9f3683/Castro_Alves.zip
Castro Alves;242,16999999999726;242,01999999999725;5,5124279943302;116,79015063312;UHE Castro Alves - CAV SNIRH.xlsx;b8f0487a-df73-4f8d-8b22-bb49cf9f3683;https://metadados.snirh.gov.br/files/b8f0487a-df73-4f8d-8b22-bb49cf9f3683/Castro_Alves.zip
Castro Alves;242,17999999999725;242,02999999999724;5,5133363419501995;116,84527727135;UHE Castro Alves - CAV SNIRH.xlsx;b8f0487a-df73-4f8d-8b22-bb49cf9f3683;https://metadados.snirh.gov.br/files/b8f0487a-df73-4f8d-8b22-bb49cf9f3683/Castro_Alves.zip
Castro Alves;242,18999999999724;242,03999999999724;5,5142446077416;116,90041776058;UHE Castro Alves - CAV SNIRH.xlsx;b8f0487a-df73-4f8d-8b22-bb49cf9f3683;https://metadados.snirh.gov.br/files/b8f0487a-df73-4f8d-8b22-bb49cf9f3683/Castro_Alves.zip
Castro Alves;242,19999999999723;242,04999999999723;5,5151528039264;116,95556657203;UHE Castro Alves - CAV SNIRH.xlsx;b8f0487a-df73-4f8d-8b22-bb49cf9f3683;https://metadados.snirh.gov.br/files/b8f0487a-df73-4f8d-8b22-bb49cf9f3683/Castro_Alves.zip
Castro Alves;242,20999999999722;242,05999999999722;5,5160609567267995;117,01071602271;UHE Castro Alves - CAV SNIRH.xlsx;b8f0487a-df73-4f8d-8b22-bb49cf9f3683;https://metadados.snirh.gov.br/files/b8f0487a-df73-4f8d-8b22-bb49cf9f3683/Castro_Alves.zip
Castro Alves;242,2199999999972;242,0699999999972;5,5169690619897;117,06587866517;UHE Castro Alves - CAV SNIRH.xlsx;b8f0487a-df73-4f8d-8b22-bb49cf9f3683;https://metadados.snirh.gov.br/files/b8f0487a-df73-4f8d-8b22-bb49cf9f3683/Castro_Alves.zip
Castro Alves;242,2299999999972;242,0799999999972;5,5178771043818;117,12105043624;UHE Castro Alves - CAV SNIRH.xlsx;b8f0487a-df73-4f8d-8b22-bb49cf9f3683;https://metadados.snirh.gov.br/files/b8f0487a-df73-4f8d-8b22-bb49cf9f3683/Castro_Alves.zip
Castro Alves;242,2399999999972;242,0899999999972;5,5187850808785;117,17623144193;UHE Castro Alves - CAV SNIRH.xlsx;b8f0487a-df73-4f8d-8b22-bb49cf9f3683;https://metadados.snirh.gov.br/files/b8f0487a-df73-4f8d-8b22-bb49cf9f3683/Castro_Alves.zip
Castro Alves;242,2499999999972;242,09999999999718;5,519693019532101;117,23142048521;UHE Castro Alves - CAV SNIRH.xlsx;b8f0487a-df73-4f8d-8b22-bb49cf9f3683;https://metadados.snirh.gov.br/files/b8f0487a-df73-4f8d-8b22-bb49cf9f3683/Castro_Alves.zip
Castro Alves;242,25999999999718;242,10999999999717;5,5206008871836;117,28661756670999;UHE Castro Alves - CAV SNIRH.xlsx;b8f0487a-df73-4f8d-8b22-bb49cf9f3683;https://metadados.snirh.gov.br/files/b8f0487a-df73-4f8d-8b22-bb49cf9f3683/Castro_Alves.zip
Castro Alves;242,26999999999717;242,11999999999716;5,5215086846275;117,34182430384;UHE Castro Alves - CAV SNIRH.xlsx;b8f0487a-df73-4f8d-8b22-bb49cf9f3683;https://metadados.snirh.gov.br/files/b8f0487a-df73-4f8d-8b22-bb49cf9f3683/Castro_Alves.zip
Castro Alves;242,27999999999716;242,12999999999715;5,5224164295785;117,39704153782;UHE Castro Alves - CAV SNIRH.xlsx;b8f0487a-df73-4f8d-8b22-bb49cf9f3683;https://metadados.snirh.gov.br/files/b8f0487a-df73-4f8d-8b22-bb49cf9f3683/Castro_Alves.zip
Castro Alves;242,28999999999715;242,13999999999714;5,5233241162721;117,45227392653;UHE Castro Alves - CAV SNIRH.xlsx;b8f0487a-df73-4f8d-8b22-bb49cf9f3683;https://metadados.snirh.gov.br/files/b8f0487a-df73-4f8d-8b22-bb49cf9f3683/Castro_Alves.zip
Castro Alves;242,29999999999714;242,14999999999714;5,5242317461943005;117,50750514414001;UHE Castro Alves - CAV SNIRH.xlsx;b8f0487a-df73-4f8d-8b22-bb49cf9f3683;https://metadados.snirh.gov.br/files/b8f0487a-df73-4f8d-8b22-bb49cf9f3683/Castro_Alves.zip
Castro Alves;242,30999999999713;242,15999999999713;5,5251393457725;117,5627473987;UHE Castro Alves - CAV SNIRH.xlsx;b8f0487a-df73-4f8d-8b22-bb49cf9f3683;https://metadados.snirh.gov.br/files/b8f0487a-df73-4f8d-8b22-bb49cf9f3683/Castro_Alves.zip
Castro Alves;242,31999999999712;242,16999999999712;5,5260469233815;117,61800408540999;UHE Castro Alves - CAV SNIRH.xlsx;b8f0487a-df73-4f8d-8b22-bb49cf9f3683;https://metadados.snirh.gov.br/files/b8f0487a-df73-4f8d-8b22-bb49cf9f3683/Castro_Alves.zip
Castro Alves;242,3299999999971;242,1799999999971;5,526954464750199;117,67327023152;UHE Castro Alves - CAV SNIRH.xlsx;b8f0487a-df73-4f8d-8b22-bb49cf9f3683;https://metadados.snirh.gov.br/files/b8f0487a-df73-4f8d-8b22-bb49cf9f3683/Castro_Alves.zip
Castro Alves;242,3399999999971;242,1899999999971;5,527861973919601;117,7285432925;UHE Castro Alves - CAV SNIRH.xlsx;b8f0487a-df73-4f8d-8b22-bb49cf9f3683;https://metadados.snirh.gov.br/files/b8f0487a-df73-4f8d-8b22-bb49cf9f3683/Castro_Alves.zip
Castro Alves;242,3499999999971;242,1999999999971;5,5287694643361;117,78382667045;UHE Castro Alves - CAV SNIRH.xlsx;b8f0487a-df73-4f8d-8b22-bb49cf9f3683;https://metadados.snirh.gov.br/files/b8f0487a-df73-4f8d-8b22-bb49cf9f3683/Castro_Alves.zip
Castro Alves;242,3599999999971;242,20999999999708;5,5296769246379;117,83911595815;UHE Castro Alves - CAV SNIRH.xlsx;b8f0487a-df73-4f8d-8b22-bb49cf9f3683;https://metadados.snirh.gov.br/files/b8f0487a-df73-4f8d-8b22-bb49cf9f3683/Castro_Alves.zip
Castro Alves;242,36999999999708;242,21999999999707;5,530584361353;117,89441679872;UHE Castro Alves - CAV SNIRH.xlsx;b8f0487a-df73-4f8d-8b22-bb49cf9f3683;https://metadados.snirh.gov.br/files/b8f0487a-df73-4f8d-8b22-bb49cf9f3683/Castro_Alves.zip
Castro Alves;242,37999999999707;242,22999999999706;5,5314918162188;117,94972337520001;UHE Castro Alves - CAV SNIRH.xlsx;b8f0487a-df73-4f8d-8b22-bb49cf9f3683;https://metadados.snirh.gov.br/files/b8f0487a-df73-4f8d-8b22-bb49cf9f3683/Castro_Alves.zip
Castro Alves;242,38999999999706;242,23999999999705;5,5323992630779;118,00504281032;UHE Castro Alves - CAV SNIRH.xlsx;b8f0487a-df73-4f8d-8b22-bb49cf9f3683;https://metadados.snirh.gov.br/files/b8f0487a-df73-4f8d-8b22-bb49cf9f3683/Castro_Alves.zip
Castro Alves;242,39999999999705;242,24999999999704;5,5333067017788995;118,06036852367001;UHE Castro Alves - CAV SNIRH.xlsx;b8f0487a-df73-4f8d-8b22-bb49cf9f3683;https://metadados.snirh.gov.br/files/b8f0487a-df73-4f8d-8b22-bb49cf9f3683/Castro_Alves.zip
Castro Alves;242,40999999999704;242,25999999999704;5,534214157517701;118,11570612751;UHE Castro Alves - CAV SNIRH.xlsx;b8f0487a-df73-4f8d-8b22-bb49cf9f3683;https://metadados.snirh.gov.br/files/b8f0487a-df73-4f8d-8b22-bb49cf9f3683/Castro_Alves.zip
Castro Alves;242,41999999999703;242,26999999999703;5,535121590840601;118,17105408912;UHE Castro Alves - CAV SNIRH.xlsx;b8f0487a-df73-4f8d-8b22-bb49cf9f3683;https://metadados.snirh.gov.br/files/b8f0487a-df73-4f8d-8b22-bb49cf9f3683/Castro_Alves.zip
Castro Alves;242,42999999999702;242,27999999999702;5,5360290007102;118,22640848347;UHE Castro Alves - CAV SNIRH.xlsx;b8f0487a-df73-4f8d-8b22-bb49cf9f3683;https://metadados.snirh.gov.br/files/b8f0487a-df73-4f8d-8b22-bb49cf9f3683/Castro_Alves.zip
Castro Alves;242,439999999997;242,289999999997;5,536936423776;118,28176637493999;UHE Castro Alves - CAV SNIRH.xlsx;b8f0487a-df73-4f8d-8b22-bb49cf9f3683;https://metadados.snirh.gov.br/files/b8f0487a-df73-4f8d-8b22-bb49cf9f3683/Castro_Alves.zip
Castro Alves;242,449999999997;242,299999999997;5,5378438384534;118,33713811641;UHE Castro Alves - CAV SNIRH.xlsx;b8f0487a-df73-4f8d-8b22-bb49cf9f3683;https://metadados.snirh.gov.br/files/b8f0487a-df73-4f8d-8b22-bb49cf9f3683/Castro_Alves.zip
Castro Alves;242,459999999997;242,309999999997;5,538751266086099;118,3925216416;UHE Castro Alves - CAV SNIRH.xlsx;b8f0487a-df73-4f8d-8b22-bb49cf9f3683;https://metadados.snirh.gov.br/files/b8f0487a-df73-4f8d-8b22-bb49cf9f3683/Castro_Alves.zip
Castro Alves;242,469999999997;242,31999999999698;5,5396587149643;118,44791159667;UHE Castro Alves - CAV SNIRH.xlsx;b8f0487a-df73-4f8d-8b22-bb49cf9f3683;https://metadados.snirh.gov.br/files/b8f0487a-df73-4f8d-8b22-bb49cf9f3683/Castro_Alves.zip
Castro Alves;242,47999999999698;242,32999999999697;5,540566138234601;118,50331093841;UHE Castro Alves - CAV SNIRH.xlsx;b8f0487a-df73-4f8d-8b22-bb49cf9f3683;https://metadados.snirh.gov.br/files/b8f0487a-df73-4f8d-8b22-bb49cf9f3683/Castro_Alves.zip
Castro Alves;242,48999999999697;242,33999999999696;5,5414735602666;118,55871985917001;UHE Castro Alves - CAV SNIRH.xlsx;b8f0487a-df73-4f8d-8b22-bb49cf9f3683;https://metadados.snirh.gov.br/files/b8f0487a-df73-4f8d-8b22-bb49cf9f3683/Castro_Alves.zip
Castro Alves;242,49999999999696;242,34999999999695;5,5423809658922005;118,61414168462;UHE Castro Alves - CAV SNIRH.xlsx;b8f0487a-df73-4f8d-8b22-bb49cf9f3683;https://metadados.snirh.gov.br/files/b8f0487a-df73-4f8d-8b22-bb49cf9f3683/Castro_Alves.zip
Castro Alves;242,50999999999695;242,35999999999694;5,5432883854765;118,66956564215;UHE Castro Alves - CAV SNIRH.xlsx;b8f0487a-df73-4f8d-8b22-bb49cf9f3683;https://metadados.snirh.gov.br/files/b8f0487a-df73-4f8d-8b22-bb49cf9f3683/Castro_Alves.zip
Castro Alves;242,51999999999694;242,36999999999694;5,5441958807155;118,7250024378;UHE Castro Alves - CAV SNIRH.xlsx;b8f0487a-df73-4f8d-8b22-bb49cf9f3683;https://metadados.snirh.gov.br/files/b8f0487a-df73-4f8d-8b22-bb49cf9f3683/Castro_Alves.zip
Castro Alves;242,52999999999693;242,37999999999693;5,545103402030301;118,78045396669;UHE Castro Alves - CAV SNIRH.xlsx;b8f0487a-df73-4f8d-8b22-bb49cf9f3683;https://metadados.snirh.gov.br/files/b8f0487a-df73-4f8d-8b22-bb49cf9f3683/Castro_Alves.zip
Castro Alves;242,53999999999692;242,38999999999692;5,5460109931265;118,83590759892;UHE Castro Alves - CAV SNIRH.xlsx;b8f0487a-df73-4f8d-8b22-bb49cf9f3683;https://metadados.snirh.gov.br/files/b8f0487a-df73-4f8d-8b22-bb49cf9f3683/Castro_Alves.zip
Castro Alves;242,5499999999969;242,3999999999969;5,546918593375399;118,89137308013;UHE Castro Alves - CAV SNIRH.xlsx;b8f0487a-df73-4f8d-8b22-bb49cf9f3683;https://metadados.snirh.gov.br/files/b8f0487a-df73-4f8d-8b22-bb49cf9f3683/Castro_Alves.zip
Castro Alves;242,5599999999969;242,4099999999969;5,5478262475335995;118,94684470068;UHE Castro Alves - CAV SNIRH.xlsx;b8f0487a-df73-4f8d-8b22-bb49cf9f3683;https://metadados.snirh.gov.br/files/b8f0487a-df73-4f8d-8b22-bb49cf9f3683/Castro_Alves.zip
Castro Alves;242,5699999999969;242,4199999999969;5,548733972501999;119,00232246534;UHE Castro Alves - CAV SNIRH.xlsx;b8f0487a-df73-4f8d-8b22-bb49cf9f3683;https://metadados.snirh.gov.br/files/b8f0487a-df73-4f8d-8b22-bb49cf9f3683/Castro_Alves.zip
Castro Alves;242,5799999999969;242,42999999999688;5,5496417418;119,05781816082;UHE Castro Alves - CAV SNIRH.xlsx;b8f0487a-df73-4f8d-8b22-bb49cf9f3683;https://metadados.snirh.gov.br/files/b8f0487a-df73-4f8d-8b22-bb49cf9f3683/Castro_Alves.zip
Castro Alves;242,58999999999688;242,43999999999687;5,5505495905858995;119,11331859273;UHE Castro Alves - CAV SNIRH.xlsx;b8f0487a-df73-4f8d-8b22-bb49cf9f3683;https://metadados.snirh.gov.br/files/b8f0487a-df73-4f8d-8b22-bb49cf9f3683/Castro_Alves.zip
Castro Alves;242,59999999999687;242,44999999999686;5,5514574803663;119,16882808672;UHE Castro Alves - CAV SNIRH.xlsx;b8f0487a-df73-4f8d-8b22-bb49cf9f3683;https://metadados.snirh.gov.br/files/b8f0487a-df73-4f8d-8b22-bb49cf9f3683/Castro_Alves.zip
Castro Alves;242,60999999999686;242,45999999999685;5,5523654614027995;119,22434463359;UHE Castro Alves - CAV SNIRH.xlsx;b8f0487a-df73-4f8d-8b22-bb49cf9f3683;https://metadados.snirh.gov.br/files/b8f0487a-df73-4f8d-8b22-bb49cf9f3683/Castro_Alves.zip
Castro Alves;242,61999999999685;242,46999999999684;5,5532734976469;119,27987381074;UHE Castro Alves - CAV SNIRH.xlsx;b8f0487a-df73-4f8d-8b22-bb49cf9f3683;https://metadados.snirh.gov.br/files/b8f0487a-df73-4f8d-8b22-bb49cf9f3683/Castro_Alves.zip
Castro Alves;242,62999999999684;242,47999999999683;5,5541816393395;119,33541188955;UHE Castro Alves - CAV SNIRH.xlsx;b8f0487a-df73-4f8d-8b22-bb49cf9f3683;https://metadados.snirh.gov.br/files/b8f0487a-df73-4f8d-8b22-bb49cf9f3683/Castro_Alves.zip
Castro Alves;242,63999999999683;242,48999999999683;5,5550898648589;119,39096326427;UHE Castro Alves - CAV SNIRH.xlsx;b8f0487a-df73-4f8d-8b22-bb49cf9f3683;https://metadados.snirh.gov.br/files/b8f0487a-df73-4f8d-8b22-bb49cf9f3683/Castro_Alves.zip
Castro Alves;242,64999999999682;242,49999999999682;5,5559982474956;119,44652180337;UHE Castro Alves - CAV SNIRH.xlsx;b8f0487a-df73-4f8d-8b22-bb49cf9f3683;https://metadados.snirh.gov.br/files/b8f0487a-df73-4f8d-8b22-bb49cf9f3683/Castro_Alves.zip
Castro Alves;242,6599999999968;242,5099999999968;5,5569066786347;119,50208438144;UHE Castro Alves - CAV SNIRH.xlsx;b8f0487a-df73-4f8d-8b22-bb49cf9f3683;https://metadados.snirh.gov.br/files/b8f0487a-df73-4f8d-8b22-bb49cf9f3683/Castro_Alves.zip
Castro Alves;242,6699999999968;242,5199999999968;5,5578152185167;119,55765922469;UHE Castro Alves - CAV SNIRH.xlsx;b8f0487a-df73-4f8d-8b22-bb49cf9f3683;https://metadados.snirh.gov.br/files/b8f0487a-df73-4f8d-8b22-bb49cf9f3683/Castro_Alves.zip
Castro Alves;242,6799999999968;242,5299999999968;5,558723837883;119,6132449794;UHE Castro Alves - CAV SNIRH.xlsx;b8f0487a-df73-4f8d-8b22-bb49cf9f3683;https://metadados.snirh.gov.br/files/b8f0487a-df73-4f8d-8b22-bb49cf9f3683/Castro_Alves.zip
Castro Alves;242,6899999999968;242,53999999999678;5,5596326263127;119,66884094496;UHE Castro Alves - CAV SNIRH.xlsx;b8f0487a-df73-4f8d-8b22-bb49cf9f3683;https://metadados.snirh.gov.br/files/b8f0487a-df73-4f8d-8b22-bb49cf9f3683/Castro_Alves.zip
Castro Alves;242,69999999999678;242,54999999999677;5,5605415370882;119,72444241513;UHE Castro Alves - CAV SNIRH.xlsx;b8f0487a-df73-4f8d-8b22-bb49cf9f3683;https://metadados.snirh.gov.br/files/b8f0487a-df73-4f8d-8b22-bb49cf9f3683/Castro_Alves.zip
Castro Alves;242,70999999999677;242,55999999999676;5,5614505491341;119,78004974509;UHE Castro Alves - CAV SNIRH.xlsx;b8f0487a-df73-4f8d-8b22-bb49cf9f3683;https://metadados.snirh.gov.br/files/b8f0487a-df73-4f8d-8b22-bb49cf9f3683/Castro_Alves.zip
Castro Alves;242,71999999999676;242,56999999999675;5,5623596400574;119,83566577687999;UHE Castro Alves - CAV SNIRH.xlsx;b8f0487a-df73-4f8d-8b22-bb49cf9f3683;https://metadados.snirh.gov.br/files/b8f0487a-df73-4f8d-8b22-bb49cf9f3683/Castro_Alves.zip
Castro Alves;242,72999999999675;242,57999999999674;5,5632689179873;119,89129258685;UHE Castro Alves - CAV SNIRH.xlsx;b8f0487a-df73-4f8d-8b22-bb49cf9f3683;https://metadados.snirh.gov.br/files/b8f0487a-df73-4f8d-8b22-bb49cf9f3683/Castro_Alves.zip
Castro Alves;242,73999999999674;242,58999999999673;5,5641783461324;119,94692856848;UHE Castro Alves - CAV SNIRH.xlsx;b8f0487a-df73-4f8d-8b22-bb49cf9f3683;https://metadados.snirh.gov.br/files/b8f0487a-df73-4f8d-8b22-bb49cf9f3683/Castro_Alves.zip
Castro Alves;242,74999999999673;242,59999999999673;5,565087951848501;120,00257584501;UHE Castro Alves - CAV SNIRH.xlsx;b8f0487a-df73-4f8d-8b22-bb49cf9f3683;https://metadados.snirh.gov.br/files/b8f0487a-df73-4f8d-8b22-bb49cf9f3683/Castro_Alves.zip
Castro Alves;242,75999999999672;242,60999999999672;5,565997706209;120,05822613564999;UHE Castro Alves - CAV SNIRH.xlsx;b8f0487a-df73-4f8d-8b22-bb49cf9f3683;https://metadados.snirh.gov.br/files/b8f0487a-df73-4f8d-8b22-bb49cf9f3683/Castro_Alves.zip
Castro Alves;242,7699999999967;242,6199999999967;5,5669076404095;120,11389484192;UHE Castro Alves - CAV SNIRH.xlsx;b8f0487a-df73-4f8d-8b22-bb49cf9f3683;https://metadados.snirh.gov.br/files/b8f0487a-df73-4f8d-8b22-bb49cf9f3683/Castro_Alves.zip
Castro Alves;242,7799999999967;242,6299999999967;5,5678177876725;120,16956272189;UHE Castro Alves - CAV SNIRH.xlsx;b8f0487a-df73-4f8d-8b22-bb49cf9f3683;https://metadados.snirh.gov.br/files/b8f0487a-df73-4f8d-8b22-bb49cf9f3683/Castro_Alves.zip
Castro Alves;242,7899999999967;242,6399999999967;5,5687281410966;120,22524676162;UHE Castro Alves - CAV SNIRH.xlsx;b8f0487a-df73-4f8d-8b22-bb49cf9f3683;https://metadados.snirh.gov.br/files/b8f0487a-df73-4f8d-8b22-bb49cf9f3683/Castro_Alves.zip
Castro Alves;242,7999999999967;242,64999999999668;5,569642907874;120,28094150702;UHE Castro Alves - CAV SNIRH.xlsx;b8f0487a-df73-4f8d-8b22-bb49cf9f3683;https://metadados.snirh.gov.br/files/b8f0487a-df73-4f8d-8b22-bb49cf9f3683/Castro_Alves.zip
Castro Alves;242,80999999999668;242,65999999999667;5,570559685869299;120,33663681095;UHE Castro Alves - CAV SNIRH.xlsx;b8f0487a-df73-4f8d-8b22-bb49cf9f3683;https://metadados.snirh.gov.br/files/b8f0487a-df73-4f8d-8b22-bb49cf9f3683/Castro_Alves.zip
Castro Alves;242,81999999999667;242,66999999999666;5,5714768937286;120,39234746159;UHE Castro Alves - CAV SNIRH.xlsx;b8f0487a-df73-4f8d-8b22-bb49cf9f3683;https://metadados.snirh.gov.br/files/b8f0487a-df73-4f8d-8b22-bb49cf9f3683/Castro_Alves.zip
Castro Alves;242,82999999999666;242,67999999999665;5,5723942916954;120,4480634737;UHE Castro Alves - CAV SNIRH.xlsx;b8f0487a-df73-4f8d-8b22-bb49cf9f3683;https://metadados.snirh.gov.br/files/b8f0487a-df73-4f8d-8b22-bb49cf9f3683/Castro_Alves.zip
Castro Alves;242,83999999999665;242,68999999999664;5,5733122631733;120,50379117973999;UHE Castro Alves - CAV SNIRH.xlsx;b8f0487a-df73-4f8d-8b22-bb49cf9f3683;https://metadados.snirh.gov.br/files/b8f0487a-df73-4f8d-8b22-bb49cf9f3683/Castro_Alves.zip
Castro Alves;242,84999999999664;242,69999999999663;5,5742302908188;120,55952864711;UHE Castro Alves - CAV SNIRH.xlsx;b8f0487a-df73-4f8d-8b22-bb49cf9f3683;https://metadados.snirh.gov.br/files/b8f0487a-df73-4f8d-8b22-bb49cf9f3683/Castro_Alves.zip
Castro Alves;242,85999999999663;242,70999999999663;5,5751487652758;120,61527608966;UHE Castro Alves - CAV SNIRH.xlsx;b8f0487a-df73-4f8d-8b22-bb49cf9f3683;https://metadados.snirh.gov.br/files/b8f0487a-df73-4f8d-8b22-bb49cf9f3683/Castro_Alves.zip
Castro Alves;242,86999999999662;242,71999999999662;5,5760674712305;120,67102866428;UHE Castro Alves - CAV SNIRH.xlsx;b8f0487a-df73-4f8d-8b22-bb49cf9f3683;https://metadados.snirh.gov.br/files/b8f0487a-df73-4f8d-8b22-bb49cf9f3683/Castro_Alves.zip
Castro Alves;242,8799999999966;242,7299999999966;5,5769866121701;120,72679571708;UHE Castro Alves - CAV SNIRH.xlsx;b8f0487a-df73-4f8d-8b22-bb49cf9f3683;https://metadados.snirh.gov.br/files/b8f0487a-df73-4f8d-8b22-bb49cf9f3683/Castro_Alves.zip
Castro Alves;242,8899999999966;242,7399999999966;5,5779061226603;120,78257477434;UHE Castro Alves - CAV SNIRH.xlsx;b8f0487a-df73-4f8d-8b22-bb49cf9f3683;https://metadados.snirh.gov.br/files/b8f0487a-df73-4f8d-8b22-bb49cf9f3683/Castro_Alves.zip
Castro Alves;242,8999999999966;242,7499999999966;5,5788259876718;120,83836465377;UHE Castro Alves - CAV SNIRH.xlsx;b8f0487a-df73-4f8d-8b22-bb49cf9f3683;https://metadados.snirh.gov.br/files/b8f0487a-df73-4f8d-8b22-bb49cf9f3683/Castro_Alves.zip
Castro Alves;242,9099999999966;242,75999999999658;5,579746179942901;120,89416126507001;UHE Castro Alves - CAV SNIRH.xlsx;b8f0487a-df73-4f8d-8b22-bb49cf9f3683;https://metadados.snirh.gov.br/files/b8f0487a-df73-4f8d-8b22-bb49cf9f3683/Castro_Alves.zip
Castro Alves;242,91999999999658;242,76999999999657;5,5806667615620995;120,94996254153;UHE Castro Alves - CAV SNIRH.xlsx;b8f0487a-df73-4f8d-8b22-bb49cf9f3683;https://metadados.snirh.gov.br/files/b8f0487a-df73-4f8d-8b22-bb49cf9f3683/Castro_Alves.zip
Castro Alves;242,92999999999657;242,77999999999656;5,5815880345796005;121,00576902669;UHE Castro Alves - CAV SNIRH.xlsx;b8f0487a-df73-4f8d-8b22-bb49cf9f3683;https://metadados.snirh.gov.br/files/b8f0487a-df73-4f8d-8b22-bb49cf9f3683/Castro_Alves.zip
Castro Alves;242,93999999999656;242,78999999999655;5,5825097809213;121,06159314965;UHE Castro Alves - CAV SNIRH.xlsx;b8f0487a-df73-4f8d-8b22-bb49cf9f3683;https://metadados.snirh.gov.br/files/b8f0487a-df73-4f8d-8b22-bb49cf9f3683/Castro_Alves.zip
Castro Alves;242,94999999999655;242,79999999999654;5,5834318059941;121,11742058414;UHE Castro Alves - CAV SNIRH.xlsx;b8f0487a-df73-4f8d-8b22-bb49cf9f3683;https://metadados.snirh.gov.br/files/b8f0487a-df73-4f8d-8b22-bb49cf9f3683/Castro_Alves.zip
Castro Alves;242,95999999999654;242,80999999999653;5,5843543904857995;121,17325954911;UHE Castro Alves - CAV SNIRH.xlsx;b8f0487a-df73-4f8d-8b22-bb49cf9f3683;https://metadados.snirh.gov.br/files/b8f0487a-df73-4f8d-8b22-bb49cf9f3683/Castro_Alves.zip
Castro Alves;242,96999999999653;242,81999999999653;5,5852777765915;121,22910503527001;UHE Castro Alves - CAV SNIRH.xlsx;b8f0487a-df73-4f8d-8b22-bb49cf9f3683;https://metadados.snirh.gov.br/files/b8f0487a-df73-4f8d-8b22-bb49cf9f3683/Castro_Alves.zip
Castro Alves;242,97999999999652;242,82999999999652;5,5862021265007;121,28496747746;UHE Castro Alves - CAV SNIRH.xlsx;b8f0487a-df73-4f8d-8b22-bb49cf9f3683;https://metadados.snirh.gov.br/files/b8f0487a-df73-4f8d-8b22-bb49cf9f3683/Castro_Alves.zip
Castro Alves;242,9899999999965;242,8399999999965;5,5871272351284995;121,34083350976;UHE Castro Alves - CAV SNIRH.xlsx;b8f0487a-df73-4f8d-8b22-bb49cf9f3683;https://metadados.snirh.gov.br/files/b8f0487a-df73-4f8d-8b22-bb49cf9f3683/Castro_Alves.zip
Castro Alves;242,9999999999965;242,8499999999965;5,5880537903634995;121,39670640403999;UHE Castro Alves - CAV SNIRH.xlsx;b8f0487a-df73-4f8d-8b22-bb49cf9f3683;https://metadados.snirh.gov.br/files/b8f0487a-df73-4f8d-8b22-bb49cf9f3683/Castro_Alves.zip
Castro Alves;243,0099999999965;242,8599999999965;5,588982323733;121,45259347653;UHE Castro Alves - CAV SNIRH.xlsx;b8f0487a-df73-4f8d-8b22-bb49cf9f3683;https://metadados.snirh.gov.br/files/b8f0487a-df73-4f8d-8b22-bb49cf9f3683/Castro_Alves.zip
Castro Alves;243,0199999999965;242,86999999999648;5,5899150813755005;121,50848849929001;UHE Castro Alves - CAV SNIRH.xlsx;b8f0487a-df73-4f8d-8b22-bb49cf9f3683;https://metadados.snirh.gov.br/files/b8f0487a-df73-4f8d-8b22-bb49cf9f3683/Castro_Alves.zip
Castro Alves;243,02999999999648;242,87999999999647;5,590843976255799;121,56439763768999;UHE Castro Alves - CAV SNIRH.xlsx;b8f0487a-df73-4f8d-8b22-bb49cf9f3683;https://metadados.snirh.gov.br/files/b8f0487a-df73-4f8d-8b22-bb49cf9f3683/Castro_Alves.zip
Castro Alves;243,03999999999647;242,88999999999646;5,591786590237501;121,62031068809999;UHE Castro Alves - CAV SNIRH.xlsx;b8f0487a-df73-4f8d-8b22-bb49cf9f3683;https://metadados.snirh.gov.br/files/b8f0487a-df73-4f8d-8b22-bb49cf9f3683/Castro_Alves.zip
Castro Alves;243,04999999999646;242,89999999999645;5,5927330929185;121,67623274648;UHE Castro Alves - CAV SNIRH.xlsx;b8f0487a-df73-4f8d-8b22-bb49cf9f3683;https://metadados.snirh.gov.br/files/b8f0487a-df73-4f8d-8b22-bb49cf9f3683/Castro_Alves.zip
Castro Alves;243,05999999999645;242,90999999999644;5,593679496984199;121,73216036535;UHE Castro Alves - CAV SNIRH.xlsx;b8f0487a-df73-4f8d-8b22-bb49cf9f3683;https://metadados.snirh.gov.br/files/b8f0487a-df73-4f8d-8b22-bb49cf9f3683/Castro_Alves.zip
Castro Alves;243,06999999999644;242,91999999999643;5,5946258138186;121,78810132815;UHE Castro Alves - CAV SNIRH.xlsx;b8f0487a-df73-4f8d-8b22-bb49cf9f3683;https://metadados.snirh.gov.br/files/b8f0487a-df73-4f8d-8b22-bb49cf9f3683/Castro_Alves.zip
Castro Alves;243,07999999999643;242,92999999999643;5,5955718436183;121,84404853677;UHE Castro Alves - CAV SNIRH.xlsx;b8f0487a-df73-4f8d-8b22-bb49cf9f3683;https://metadados.snirh.gov.br/files/b8f0487a-df73-4f8d-8b22-bb49cf9f3683/Castro_Alves.zip
Castro Alves;243,08999999999642;242,93999999999642;5,5965177422216;121,90001060638001;UHE Castro Alves - CAV SNIRH.xlsx;b8f0487a-df73-4f8d-8b22-bb49cf9f3683;https://metadados.snirh.gov.br/files/b8f0487a-df73-4f8d-8b22-bb49cf9f3683/Castro_Alves.zip
Castro Alves;243,0999999999964;242,9499999999964;5,5974637309004;121,95597529579;UHE Castro Alves - CAV SNIRH.xlsx;b8f0487a-df73-4f8d-8b22-bb49cf9f3683;https://metadados.snirh.gov.br/files/b8f0487a-df73-4f8d-8b22-bb49cf9f3683/Castro_Alves.zip
Castro Alves;243,1099999999964;242,9599999999964;5,5984098427743;122,01195283958;UHE Castro Alves - CAV SNIRH.xlsx;b8f0487a-df73-4f8d-8b22-bb49cf9f3683;https://metadados.snirh.gov.br/files/b8f0487a-df73-4f8d-8b22-bb49cf9f3683/Castro_Alves.zip
Castro Alves;243,1199999999964;242,9699999999964;5,5993562752377;122,06793913772;UHE Castro Alves - CAV SNIRH.xlsx;b8f0487a-df73-4f8d-8b22-bb49cf9f3683;https://metadados.snirh.gov.br/files/b8f0487a-df73-4f8d-8b22-bb49cf9f3683/Castro_Alves.zip
Castro Alves;243,1299999999964;242,97999999999638;5,600302882693501;122,12393846552999;UHE Castro Alves - CAV SNIRH.xlsx;b8f0487a-df73-4f8d-8b22-bb49cf9f3683;https://metadados.snirh.gov.br/files/b8f0487a-df73-4f8d-8b22-bb49cf9f3683/Castro_Alves.zip
Castro Alves;243,13999999999638;242,98999999999637;5,601250040003101;122,17994284551001;UHE Castro Alves - CAV SNIRH.xlsx;b8f0487a-df73-4f8d-8b22-bb49cf9f3683;https://metadados.snirh.gov.br/files/b8f0487a-df73-4f8d-8b22-bb49cf9f3683/Castro_Alves.zip
Castro Alves;243,14999999999637;242,99999999999636;5,6021974898946;122,23595410987001;UHE Castro Alves - CAV SNIRH.xlsx;b8f0487a-df73-4f8d-8b22-bb49cf9f3683;https://metadados.snirh.gov.br/files/b8f0487a-df73-4f8d-8b22-bb49cf9f3683/Castro_Alves.zip
Castro Alves;243,15999999999636;243,00999999999635;5,6031455869843;122,29197863665;UHE Castro Alves - CAV SNIRH.xlsx;b8f0487a-df73-4f8d-8b22-bb49cf9f3683;https://metadados.snirh.gov.br/files/b8f0487a-df73-4f8d-8b22-bb49cf9f3683/Castro_Alves.zip
Castro Alves;243,16999999999635;243,01999999999634;5,6040942085306;122,34801125654;UHE Castro Alves - CAV SNIRH.xlsx;b8f0487a-df73-4f8d-8b22-bb49cf9f3683;https://metadados.snirh.gov.br/files/b8f0487a-df73-4f8d-8b22-bb49cf9f3683/Castro_Alves.zip
Castro Alves;243,17999999999634;243,02999999999633;5,605043684252999;122,40405943942;UHE Castro Alves - CAV SNIRH.xlsx;b8f0487a-df73-4f8d-8b22-bb49cf9f3683;https://metadados.snirh.gov.br/files/b8f0487a-df73-4f8d-8b22-bb49cf9f3683/Castro_Alves.zip
Castro Alves;243,18999999999633;243,03999999999633;5,6059940368726;122,46011699152;UHE Castro Alves - CAV SNIRH.xlsx;b8f0487a-df73-4f8d-8b22-bb49cf9f3683;https://metadados.snirh.gov.br/files/b8f0487a-df73-4f8d-8b22-bb49cf9f3683/Castro_Alves.zip
Castro Alves;243,19999999999632;243,04999999999632;5,6069457175484;122,51617920454;UHE Castro Alves - CAV SNIRH.xlsx;b8f0487a-df73-4f8d-8b22-bb49cf9f3683;https://metadados.snirh.gov.br/files/b8f0487a-df73-4f8d-8b22-bb49cf9f3683/Castro_Alves.zip
Castro Alves;243,2099999999963;243,0599999999963;5,607898460730699;122,57225762211999;UHE Castro Alves - CAV SNIRH.xlsx;b8f0487a-df73-4f8d-8b22-bb49cf9f3683;https://metadados.snirh.gov.br/files/b8f0487a-df73-4f8d-8b22-bb49cf9f3683/Castro_Alves.zip
Castro Alves;243,2199999999963;243,0699999999963;5,6088529076643;122,62834091983;UHE Castro Alves - CAV SNIRH.xlsx;b8f0487a-df73-4f8d-8b22-bb49cf9f3683;https://metadados.snirh.gov.br/files/b8f0487a-df73-4f8d-8b22-bb49cf9f3683/Castro_Alves.zip
Castro Alves;243,2299999999963;243,0799999999963;5,6098099093175;122,68443326228;UHE Castro Alves - CAV SNIRH.xlsx;b8f0487a-df73-4f8d-8b22-bb49cf9f3683;https://metadados.snirh.gov.br/files/b8f0487a-df73-4f8d-8b22-bb49cf9f3683/Castro_Alves.zip
Castro Alves;243,2399999999963;243,08999999999628;5,6107699378169;122,74053242195;UHE Castro Alves - CAV SNIRH.xlsx;b8f0487a-df73-4f8d-8b22-bb49cf9f3683;https://metadados.snirh.gov.br/files/b8f0487a-df73-4f8d-8b22-bb49cf9f3683/Castro_Alves.zip
Castro Alves;243,24999999999628;243,09999999999627;5,611735768493;122,79664494649;UHE Castro Alves - CAV SNIRH.xlsx;b8f0487a-df73-4f8d-8b22-bb49cf9f3683;https://metadados.snirh.gov.br/files/b8f0487a-df73-4f8d-8b22-bb49cf9f3683/Castro_Alves.zip
Castro Alves;243,25999999999627;243,10999999999626;5,6127139455337005;122,85277043152;UHE Castro Alves - CAV SNIRH.xlsx;b8f0487a-df73-4f8d-8b22-bb49cf9f3683;https://metadados.snirh.gov.br/files/b8f0487a-df73-4f8d-8b22-bb49cf9f3683/Castro_Alves.zip
Castro Alves;243,26999999999626;243,11999999999625;5,613679264247501;122,9089005844;UHE Castro Alves - CAV SNIRH.xlsx;b8f0487a-df73-4f8d-8b22-bb49cf9f3683;https://metadados.snirh.gov.br/files/b8f0487a-df73-4f8d-8b22-bb49cf9f3683/Castro_Alves.zip
Castro Alves;243,27999999999625;243,12999999999624;5,614639183053099;122,96505001253;UHE Castro Alves - CAV SNIRH.xlsx;b8f0487a-df73-4f8d-8b22-bb49cf9f3683;https://metadados.snirh.gov.br/files/b8f0487a-df73-4f8d-8b22-bb49cf9f3683/Castro_Alves.zip
Castro Alves;243,28999999999624;243,13999999999623;5,6155961533603;123,02119487454;UHE Castro Alves - CAV SNIRH.xlsx;b8f0487a-df73-4f8d-8b22-bb49cf9f3683;https://metadados.snirh.gov.br/files/b8f0487a-df73-4f8d-8b22-bb49cf9f3683/Castro_Alves.zip
Castro Alves;243,29999999999623;243,14999999999623;5,6165509243376;123,07734990803;UHE Castro Alves - CAV SNIRH.xlsx;b8f0487a-df73-4f8d-8b22-bb49cf9f3683;https://metadados.snirh.gov.br/files/b8f0487a-df73-4f8d-8b22-bb49cf9f3683/Castro_Alves.zip
Castro Alves;243,30999999999622;243,15999999999622;5,617503672394401;123,13351896606;UHE Castro Alves - CAV SNIRH.xlsx;b8f0487a-df73-4f8d-8b22-bb49cf9f3683;https://metadados.snirh.gov.br/files/b8f0487a-df73-4f8d-8b22-bb49cf9f3683/Castro_Alves.zip
Castro Alves;243,3199999999962;243,1699999999962;5,618454710354199;123,18969670936;UHE Castro Alves - CAV SNIRH.xlsx;b8f0487a-df73-4f8d-8b22-bb49cf9f3683;https://metadados.snirh.gov.br/files/b8f0487a-df73-4f8d-8b22-bb49cf9f3683/Castro_Alves.zip
Castro Alves;243,3299999999962;243,1799999999962;5,6194041297512;123,24589068527999;UHE Castro Alves - CAV SNIRH.xlsx;b8f0487a-df73-4f8d-8b22-bb49cf9f3683;https://metadados.snirh.gov.br/files/b8f0487a-df73-4f8d-8b22-bb49cf9f3683/Castro_Alves.zip
Castro Alves;243,3399999999962;243,1899999999962;5,6203519479235995;123,30209309496;UHE Castro Alves - CAV SNIRH.xlsx;b8f0487a-df73-4f8d-8b22-bb49cf9f3683;https://metadados.snirh.gov.br/files/b8f0487a-df73-4f8d-8b22-bb49cf9f3683/Castro_Alves.zip
Castro Alves;243,3499999999962;243,19999999999618;5,6212981759965;123,35830406932;UHE Castro Alves - CAV SNIRH.xlsx;b8f0487a-df73-4f8d-8b22-bb49cf9f3683;https://metadados.snirh.gov.br/files/b8f0487a-df73-4f8d-8b22-bb49cf9f3683/Castro_Alves.zip
Castro Alves;243,35999999999618;243,20999999999617;5,6222428224855;123,41452045984;UHE Castro Alves - CAV SNIRH.xlsx;b8f0487a-df73-4f8d-8b22-bb49cf9f3683;https://metadados.snirh.gov.br/files/b8f0487a-df73-4f8d-8b22-bb49cf9f3683/Castro_Alves.zip
Castro Alves;243,36999999999617;243,21999999999616;5,623185925273501;123,47075163646001;UHE Castro Alves - CAV SNIRH.xlsx;b8f0487a-df73-4f8d-8b22-bb49cf9f3683;https://metadados.snirh.gov.br/files/b8f0487a-df73-4f8d-8b22-bb49cf9f3683/Castro_Alves.zip
Castro Alves;243,37999999999616;243,22999999999615;5,624127559553;123,52698298995;UHE Castro Alves - CAV SNIRH.xlsx;b8f0487a-df73-4f8d-8b22-bb49cf9f3683;https://metadados.snirh.gov.br/files/b8f0487a-df73-4f8d-8b22-bb49cf9f3683/Castro_Alves.zip
Castro Alves;243,38999999999615;243,23999999999614;5,625067701273901;123,58322705561;UHE Castro Alves - CAV SNIRH.xlsx;b8f0487a-df73-4f8d-8b22-bb49cf9f3683;https://metadados.snirh.gov.br/files/b8f0487a-df73-4f8d-8b22-bb49cf9f3683/Castro_Alves.zip
Castro Alves;243,39999999999614;243,24999999999613;5,6260065168301;123,63948537873999;UHE Castro Alves - CAV SNIRH.xlsx;b8f0487a-df73-4f8d-8b22-bb49cf9f3683;https://metadados.snirh.gov.br/files/b8f0487a-df73-4f8d-8b22-bb49cf9f3683/Castro_Alves.zip
Castro Alves;243,40999999999613;243,25999999999613;5,6269440709318;123,69575179159;UHE Castro Alves - CAV SNIRH.xlsx;b8f0487a-df73-4f8d-8b22-bb49cf9f3683;https://metadados.snirh.gov.br/files/b8f0487a-df73-4f8d-8b22-bb49cf9f3683/Castro_Alves.zip
Castro Alves;243,41999999999612;243,26999999999612;5,6278805235598;123,75202144046999;UHE Castro Alves - CAV SNIRH.xlsx;b8f0487a-df73-4f8d-8b22-bb49cf9f3683;https://metadados.snirh.gov.br/files/b8f0487a-df73-4f8d-8b22-bb49cf9f3683/Castro_Alves.zip
Castro Alves;243,4299999999961;243,2799999999961;5,6288159908097;123,80831056656;UHE Castro Alves - CAV SNIRH.xlsx;b8f0487a-df73-4f8d-8b22-bb49cf9f3683;https://metadados.snirh.gov.br/files/b8f0487a-df73-4f8d-8b22-bb49cf9f3683/Castro_Alves.zip
Castro Alves;243,4399999999961;243,2899999999961;5,6297505403043;123,86460267126999;UHE Castro Alves - CAV SNIRH.xlsx;b8f0487a-df73-4f8d-8b22-bb49cf9f3683;https://metadados.snirh.gov.br/files/b8f0487a-df73-4f8d-8b22-bb49cf9f3683/Castro_Alves.zip
Castro Alves;243,4499999999961;243,2999999999961;5,6306841423781995;123,92090233831;UHE Castro Alves - CAV SNIRH.xlsx;b8f0487a-df73-4f8d-8b22-bb49cf9f3683;https://metadados.snirh.gov.br/files/b8f0487a-df73-4f8d-8b22-bb49cf9f3683/Castro_Alves.zip
Castro Alves;243,45999999999609;243,30999999999608;5,6316169229713;123,97721486327;UHE Castro Alves - CAV SNIRH.xlsx;b8f0487a-df73-4f8d-8b22-bb49cf9f3683;https://metadados.snirh.gov.br/files/b8f0487a-df73-4f8d-8b22-bb49cf9f3683/Castro_Alves.zip
Castro Alves;243,46999999999608;243,31999999999607;5,6325490045106;124,03353895776;UHE Castro Alves - CAV SNIRH.xlsx;b8f0487a-df73-4f8d-8b22-bb49cf9f3683;https://metadados.snirh.gov.br/files/b8f0487a-df73-4f8d-8b22-bb49cf9f3683/Castro_Alves.zip
Castro Alves;243,47999999999607;243,32999999999606;5,6334803991474;124,08987160058001;UHE Castro Alves - CAV SNIRH.xlsx;b8f0487a-df73-4f8d-8b22-bb49cf9f3683;https://metadados.snirh.gov.br/files/b8f0487a-df73-4f8d-8b22-bb49cf9f3683/Castro_Alves.zip
Castro Alves;243,48999999999606;243,33999999999605;5,634411134221;124,14620356328;UHE Castro Alves - CAV SNIRH.xlsx;b8f0487a-df73-4f8d-8b22-bb49cf9f3683;https://metadados.snirh.gov.br/files/b8f0487a-df73-4f8d-8b22-bb49cf9f3683/Castro_Alves.zip
Castro Alves;243,49999999999605;243,34999999999604;5,635341226071899;124,20254887931999;UHE Castro Alves - CAV SNIRH.xlsx;b8f0487a-df73-4f8d-8b22-bb49cf9f3683;https://metadados.snirh.gov.br/files/b8f0487a-df73-4f8d-8b22-bb49cf9f3683/Castro_Alves.zip
Castro Alves;243,50999999999604;243,35999999999603;5,6362707328437;124,25890356189001;UHE Castro Alves - CAV SNIRH.xlsx;b8f0487a-df73-4f8d-8b22-bb49cf9f3683;https://metadados.snirh.gov.br/files/b8f0487a-df73-4f8d-8b22-bb49cf9f3683/Castro_Alves.zip
Castro Alves;243,51999999999603;243,36999999999603;5,637199739849001;124,31527376048;UHE Castro Alves - CAV SNIRH.xlsx;b8f0487a-df73-4f8d-8b22-bb49cf9f3683;https://metadados.snirh.gov.br/files/b8f0487a-df73-4f8d-8b22-bb49cf9f3683/Castro_Alves.zip
Castro Alves;243,52999999999602;243,37999999999602;5,6381282551181;124,37165348286;UHE Castro Alves - CAV SNIRH.xlsx;b8f0487a-df73-4f8d-8b22-bb49cf9f3683;https://metadados.snirh.gov.br/files/b8f0487a-df73-4f8d-8b22-bb49cf9f3683/Castro_Alves.zip
Castro Alves;243,539999999996;243,389999999996;5,6390562460583995;124,42804150123;UHE Castro Alves - CAV SNIRH.xlsx;b8f0487a-df73-4f8d-8b22-bb49cf9f3683;https://metadados.snirh.gov.br/files/b8f0487a-df73-4f8d-8b22-bb49cf9f3683/Castro_Alves.zip
Castro Alves;243,549999999996;243,399999999996;5,6399837698416;124,48443228122001;UHE Castro Alves - CAV SNIRH.xlsx;b8f0487a-df73-4f8d-8b22-bb49cf9f3683;https://metadados.snirh.gov.br/files/b8f0487a-df73-4f8d-8b22-bb49cf9f3683/Castro_Alves.zip
Castro Alves;243,559999999996;243,409999999996;5,640910896216001;124,54083689656;UHE Castro Alves - CAV SNIRH.xlsx;b8f0487a-df73-4f8d-8b22-bb49cf9f3683;https://metadados.snirh.gov.br/files/b8f0487a-df73-4f8d-8b22-bb49cf9f3683/Castro_Alves.zip
Castro Alves;243,56999999999599;243,41999999999598;5,641837639768299;124,59725530752;UHE Castro Alves - CAV SNIRH.xlsx;b8f0487a-df73-4f8d-8b22-bb49cf9f3683;https://metadados.snirh.gov.br/files/b8f0487a-df73-4f8d-8b22-bb49cf9f3683/Castro_Alves.zip
Castro Alves;243,57999999999598;243,42999999999597;5,6427639776606995;124,65367863367;UHE Castro Alves - CAV SNIRH.xlsx;b8f0487a-df73-4f8d-8b22-bb49cf9f3683;https://metadados.snirh.gov.br/files/b8f0487a-df73-4f8d-8b22-bb49cf9f3683/Castro_Alves.zip
Castro Alves;243,58999999999597;243,43999999999596;5,6436899241886;124,71011077486999;UHE Castro Alves - CAV SNIRH.xlsx;b8f0487a-df73-4f8d-8b22-bb49cf9f3683;https://metadados.snirh.gov.br/files/b8f0487a-df73-4f8d-8b22-bb49cf9f3683/Castro_Alves.zip
Castro Alves;243,59999999999596;243,44999999999595;5,644616101884701;124,76655675596;UHE Castro Alves - CAV SNIRH.xlsx;b8f0487a-df73-4f8d-8b22-bb49cf9f3683;https://metadados.snirh.gov.br/files/b8f0487a-df73-4f8d-8b22-bb49cf9f3683/Castro_Alves.zip
Castro Alves;243,60999999999595;243,45999999999594;5,6455493892607995;124,82300207139001;UHE Castro Alves - CAV SNIRH.xlsx;b8f0487a-df73-4f8d-8b22-bb49cf9f3683;https://metadados.snirh.gov.br/files/b8f0487a-df73-4f8d-8b22-bb49cf9f3683/Castro_Alves.zip
Castro Alves;243,61999999999594;243,46999999999593;5,6464823386556;124,87946134133;UHE Castro Alves - CAV SNIRH.xlsx;b8f0487a-df73-4f8d-8b22-bb49cf9f3683;https://metadados.snirh.gov.br/files/b8f0487a-df73-4f8d-8b22-bb49cf9f3683/Castro_Alves.zip
Castro Alves;243,62999999999593;243,47999999999593;5,6474152666558;124,93592728212;UHE Castro Alves - CAV SNIRH.xlsx;b8f0487a-df73-4f8d-8b22-bb49cf9f3683;https://metadados.snirh.gov.br/files/b8f0487a-df73-4f8d-8b22-bb49cf9f3683/Castro_Alves.zip
Castro Alves;243,63999999999592;243,48999999999592;5,6483477826406;124,99240497163001;UHE Castro Alves - CAV SNIRH.xlsx;b8f0487a-df73-4f8d-8b22-bb49cf9f3683;https://metadados.snirh.gov.br/files/b8f0487a-df73-4f8d-8b22-bb49cf9f3683/Castro_Alves.zip
Castro Alves;243,6499999999959;243,4999999999959;5,6492802282376005;125,04889436286999;UHE Castro Alves - CAV SNIRH.xlsx;b8f0487a-df73-4f8d-8b22-bb49cf9f3683;https://metadados.snirh.gov.br/files/b8f0487a-df73-4f8d-8b22-bb49cf9f3683/Castro_Alves.zip
Castro Alves;243,6599999999959;243,5099999999959;5,6502124807143;125,10538670366999;UHE Castro Alves - CAV SNIRH.xlsx;b8f0487a-df73-4f8d-8b22-bb49cf9f3683;https://metadados.snirh.gov.br/files/b8f0487a-df73-4f8d-8b22-bb49cf9f3683/Castro_Alves.zip
Castro Alves;243,6699999999959;243,5199999999959;5,6511445002807;125,16189077204;UHE Castro Alves - CAV SNIRH.xlsx;b8f0487a-df73-4f8d-8b22-bb49cf9f3683;https://metadados.snirh.gov.br/files/b8f0487a-df73-4f8d-8b22-bb49cf9f3683/Castro_Alves.zip
Castro Alves;243,67999999999589;243,52999999999588;5,652076336932599;125,21840465910999;UHE Castro Alves - CAV SNIRH.xlsx;b8f0487a-df73-4f8d-8b22-bb49cf9f3683;https://metadados.snirh.gov.br/files/b8f0487a-df73-4f8d-8b22-bb49cf9f3683/Castro_Alves.zip
Castro Alves;243,68999999999588;243,53999999999587;5,6530079801304;125,27492941866;UHE Castro Alves - CAV SNIRH.xlsx;b8f0487a-df73-4f8d-8b22-bb49cf9f3683;https://metadados.snirh.gov.br/files/b8f0487a-df73-4f8d-8b22-bb49cf9f3683/Castro_Alves.zip
Castro Alves;243,69999999999587;243,54999999999586;5,6539395685552;125,33146796222;UHE Castro Alves - CAV SNIRH.xlsx;b8f0487a-df73-4f8d-8b22-bb49cf9f3683;https://metadados.snirh.gov.br/files/b8f0487a-df73-4f8d-8b22-bb49cf9f3683/Castro_Alves.zip
Castro Alves;243,70999999999586;243,55999999999585;5,6548710146669;125,38800676892001;UHE Castro Alves - CAV SNIRH.xlsx;b8f0487a-df73-4f8d-8b22-bb49cf9f3683;https://metadados.snirh.gov.br/files/b8f0487a-df73-4f8d-8b22-bb49cf9f3683/Castro_Alves.zip
Castro Alves;243,71999999999585;243,56999999999584;5,6558022340279;125,44456056364;UHE Castro Alves - CAV SNIRH.xlsx;b8f0487a-df73-4f8d-8b22-bb49cf9f3683;https://metadados.snirh.gov.br/files/b8f0487a-df73-4f8d-8b22-bb49cf9f3683/Castro_Alves.zip
Castro Alves;243,72999999999584;243,57999999999583;5,6567334103058995;125,5011257119;UHE Castro Alves - CAV SNIRH.xlsx;b8f0487a-df73-4f8d-8b22-bb49cf9f3683;https://metadados.snirh.gov.br/files/b8f0487a-df73-4f8d-8b22-bb49cf9f3683/Castro_Alves.zip
Castro Alves;243,73999999999583;243,58999999999583;5,6576645300166;125,55769794995999;UHE Castro Alves - CAV SNIRH.xlsx;b8f0487a-df73-4f8d-8b22-bb49cf9f3683;https://metadados.snirh.gov.br/files/b8f0487a-df73-4f8d-8b22-bb49cf9f3683/Castro_Alves.zip
Castro Alves;243,74999999999582;243,59999999999582;5,6585956147977;125,61427799654;UHE Castro Alves - CAV SNIRH.xlsx;b8f0487a-df73-4f8d-8b22-bb49cf9f3683;https://metadados.snirh.gov.br/files/b8f0487a-df73-4f8d-8b22-bb49cf9f3683/Castro_Alves.zip
Castro Alves;243,7599999999958;243,6099999999958;5,6595265414494;125,67086826130999;UHE Castro Alves - CAV SNIRH.xlsx;b8f0487a-df73-4f8d-8b22-bb49cf9f3683;https://metadados.snirh.gov.br/files/b8f0487a-df73-4f8d-8b22-bb49cf9f3683/Castro_Alves.zip
Castro Alves;243,7699999999958;243,6199999999958;5,6604573802965;125,7274710998;UHE Castro Alves - CAV SNIRH.xlsx;b8f0487a-df73-4f8d-8b22-bb49cf9f3683;https://metadados.snirh.gov.br/files/b8f0487a-df73-4f8d-8b22-bb49cf9f3683/Castro_Alves.zip
Castro Alves;243,7799999999958;243,6299999999958;5,6613882148700005;125,78408628853;UHE Castro Alves - CAV SNIRH.xlsx;b8f0487a-df73-4f8d-8b22-bb49cf9f3683;https://metadados.snirh.gov.br/files/b8f0487a-df73-4f8d-8b22-bb49cf9f3683/Castro_Alves.zip
Castro Alves;243,78999999999579;243,63999999999578;5,662319075680901;125,84070072172;UHE Castro Alves - CAV SNIRH.xlsx;b8f0487a-df73-4f8d-8b22-bb49cf9f3683;https://metadados.snirh.gov.br/files/b8f0487a-df73-4f8d-8b22-bb49cf9f3683/Castro_Alves.zip
Castro Alves;243,79999999999578;243,64999999999577;5,663249846496099;125,89733248489;UHE Castro Alves - CAV SNIRH.xlsx;b8f0487a-df73-4f8d-8b22-bb49cf9f3683;https://metadados.snirh.gov.br/files/b8f0487a-df73-4f8d-8b22-bb49cf9f3683/Castro_Alves.zip
Castro Alves;243,80999999999577;243,65999999999576;5,6641805426433995;125,95396715783;UHE Castro Alves - CAV SNIRH.xlsx;b8f0487a-df73-4f8d-8b22-bb49cf9f3683;https://metadados.snirh.gov.br/files/b8f0487a-df73-4f8d-8b22-bb49cf9f3683/Castro_Alves.zip
Castro Alves;243,81999999999576;243,66999999999575;5,665111142631599;126,01061932963;UHE Castro Alves - CAV SNIRH.xlsx;b8f0487a-df73-4f8d-8b22-bb49cf9f3683;https://metadados.snirh.gov.br/files/b8f0487a-df73-4f8d-8b22-bb49cf9f3683/Castro_Alves.zip
Castro Alves;243,82999999999575;243,67999999999574;5,6660417210838006;126,06727919055;UHE Castro Alves - CAV SNIRH.xlsx;b8f0487a-df73-4f8d-8b22-bb49cf9f3683;https://metadados.snirh.gov.br/files/b8f0487a-df73-4f8d-8b22-bb49cf9f3683/Castro_Alves.zip
Castro Alves;243,83999999999574;243,68999999999573;5,66697234031;126,12393973782;UHE Castro Alves - CAV SNIRH.xlsx;b8f0487a-df73-4f8d-8b22-bb49cf9f3683;https://metadados.snirh.gov.br/files/b8f0487a-df73-4f8d-8b22-bb49cf9f3683/Castro_Alves.zip
Castro Alves;243,84999999999573;243,69999999999573;5,6679029357147;126,18061382517999;UHE Castro Alves - CAV SNIRH.xlsx;b8f0487a-df73-4f8d-8b22-bb49cf9f3683;https://metadados.snirh.gov.br/files/b8f0487a-df73-4f8d-8b22-bb49cf9f3683/Castro_Alves.zip
Castro Alves;243,85999999999572;243,70999999999572;5,6688335253492;126,23728834785;UHE Castro Alves - CAV SNIRH.xlsx;b8f0487a-df73-4f8d-8b22-bb49cf9f3683;https://metadados.snirh.gov.br/files/b8f0487a-df73-4f8d-8b22-bb49cf9f3683/Castro_Alves.zip
Castro Alves;243,8699999999957;243,7199999999957;5,6697641357404;126,29397701539;UHE Castro Alves - CAV SNIRH.xlsx;b8f0487a-df73-4f8d-8b22-bb49cf9f3683;https://metadados.snirh.gov.br/files/b8f0487a-df73-4f8d-8b22-bb49cf9f3683/Castro_Alves.zip
Castro Alves;243,8799999999957;243,7299999999957;5,6706947741015;126,35068136006001;UHE Castro Alves - CAV SNIRH.xlsx;b8f0487a-df73-4f8d-8b22-bb49cf9f3683;https://metadados.snirh.gov.br/files/b8f0487a-df73-4f8d-8b22-bb49cf9f3683/Castro_Alves.zip
Castro Alves;243,8899999999957;243,7399999999957;5,671625453020099;126,40738812592;UHE Castro Alves - CAV SNIRH.xlsx;b8f0487a-df73-4f8d-8b22-bb49cf9f3683;https://metadados.snirh.gov.br/files/b8f0487a-df73-4f8d-8b22-bb49cf9f3683/Castro_Alves.zip
Castro Alves;243,89999999999569;243,74999999999568;5,672556174723001;126,46411206980001;UHE Castro Alves - CAV SNIRH.xlsx;b8f0487a-df73-4f8d-8b22-bb49cf9f3683;https://metadados.snirh.gov.br/files/b8f0487a-df73-4f8d-8b22-bb49cf9f3683/Castro_Alves.zip
Castro Alves;243,90999999999568;243,75999999999567;5,6734868850607;126,52084493615;UHE Castro Alves - CAV SNIRH.xlsx;b8f0487a-df73-4f8d-8b22-bb49cf9f3683;https://metadados.snirh.gov.br/files/b8f0487a-df73-4f8d-8b22-bb49cf9f3683/Castro_Alves.zip
Castro Alves;243,91999999999567;243,76999999999566;5,6744176517775005;126,57758324586999;UHE Castro Alves - CAV SNIRH.xlsx;b8f0487a-df73-4f8d-8b22-bb49cf9f3683;https://metadados.snirh.gov.br/files/b8f0487a-df73-4f8d-8b22-bb49cf9f3683/Castro_Alves.zip
Castro Alves;243,92999999999566;243,77999999999565;5,6753485201262;126,63432817787;UHE Castro Alves - CAV SNIRH.xlsx;b8f0487a-df73-4f8d-8b22-bb49cf9f3683;https://metadados.snirh.gov.br/files/b8f0487a-df73-4f8d-8b22-bb49cf9f3683/Castro_Alves.zip
Castro Alves;243,93999999999565;243,78999999999564;5,6762794821876;126,69107915853999;UHE Castro Alves - CAV SNIRH.xlsx;b8f0487a-df73-4f8d-8b22-bb49cf9f3683;https://metadados.snirh.gov.br/files/b8f0487a-df73-4f8d-8b22-bb49cf9f3683/Castro_Alves.zip
Castro Alves;243,94999999999564;243,79999999999563;5,677210583557001;126,74784348803;UHE Castro Alves - CAV SNIRH.xlsx;b8f0487a-df73-4f8d-8b22-bb49cf9f3683;https://metadados.snirh.gov.br/files/b8f0487a-df73-4f8d-8b22-bb49cf9f3683/Castro_Alves.zip
Castro Alves;243,95999999999563;243,80999999999563;5,6781417562945;126,80462357069001;UHE Castro Alves - CAV SNIRH.xlsx;b8f0487a-df73-4f8d-8b22-bb49cf9f3683;https://metadados.snirh.gov.br/files/b8f0487a-df73-4f8d-8b22-bb49cf9f3683/Castro_Alves.zip
Castro Alves;243,96999999999562;243,81999999999562;5,6790729628669;126,86140703356;UHE Castro Alves - CAV SNIRH.xlsx;b8f0487a-df73-4f8d-8b22-bb49cf9f3683;https://metadados.snirh.gov.br/files/b8f0487a-df73-4f8d-8b22-bb49cf9f3683/Castro_Alves.zip
Castro Alves;243,9799999999956;243,8299999999956;5,6800042616967;126,91820194305;UHE Castro Alves - CAV SNIRH.xlsx;b8f0487a-df73-4f8d-8b22-bb49cf9f3683;https://metadados.snirh.gov.br/files/b8f0487a-df73-4f8d-8b22-bb49cf9f3683/Castro_Alves.zip
Castro Alves;243,9899999999956;243,8399999999956;5,680935710054899;126,97501167501;UHE Castro Alves - CAV SNIRH.xlsx;b8f0487a-df73-4f8d-8b22-bb49cf9f3683;https://metadados.snirh.gov.br/files/b8f0487a-df73-4f8d-8b22-bb49cf9f3683/Castro_Alves.zip
Castro Alves;243,9999999999956;243,8499999999956;5,6818672570572994;127,03182396768001;UHE Castro Alves - CAV SNIRH.xlsx;b8f0487a-df73-4f8d-8b22-bb49cf9f3683;https://metadados.snirh.gov.br/files/b8f0487a-df73-4f8d-8b22-bb49cf9f3683/Castro_Alves.zip
Castro Alves;244,00999999999559;243,85999999999558;5,6827989342617;127,08864466648001;UHE Castro Alves - CAV SNIRH.xlsx;b8f0487a-df73-4f8d-8b22-bb49cf9f3683;https://metadados.snirh.gov.br/files/b8f0487a-df73-4f8d-8b22-bb49cf9f3683/Castro_Alves.zip
Castro Alves;244,01999999999558;243,86999999999557;5,6837307861233;127,14547489097001;UHE Castro Alves - CAV SNIRH.xlsx;b8f0487a-df73-4f8d-8b22-bb49cf9f3683;https://metadados.snirh.gov.br/files/b8f0487a-df73-4f8d-8b22-bb49cf9f3683/Castro_Alves.zip
Castro Alves;244,02999999999557;243,87999999999556;5,6846627918485;127,20231883714999;UHE Castro Alves - CAV SNIRH.xlsx;b8f0487a-df73-4f8d-8b22-bb49cf9f3683;https://metadados.snirh.gov.br/files/b8f0487a-df73-4f8d-8b22-bb49cf9f3683/Castro_Alves.zip
Castro Alves;244,03999999999556;243,88999999999555;5,6855949276662;127,25917080562;UHE Castro Alves - CAV SNIRH.xlsx;b8f0487a-df73-4f8d-8b22-bb49cf9f3683;https://metadados.snirh.gov.br/files/b8f0487a-df73-4f8d-8b22-bb49cf9f3683/Castro_Alves.zip
Castro Alves;244,04999999999555;243,89999999999554;5,6865272147235;127,31602966265001;UHE Castro Alves - CAV SNIRH.xlsx;b8f0487a-df73-4f8d-8b22-bb49cf9f3683;https://metadados.snirh.gov.br/files/b8f0487a-df73-4f8d-8b22-bb49cf9f3683/Castro_Alves.zip
Castro Alves;244,05999999999554;243,90999999999553;5,6874596218964;127,37290232197999;UHE Castro Alves - CAV SNIRH.xlsx;b8f0487a-df73-4f8d-8b22-bb49cf9f3683;https://metadados.snirh.gov.br/files/b8f0487a-df73-4f8d-8b22-bb49cf9f3683/Castro_Alves.zip
Castro Alves;244,06999999999553;243,91999999999553;5,6883921813751;127,42978415444;UHE Castro Alves - CAV SNIRH.xlsx;b8f0487a-df73-4f8d-8b22-bb49cf9f3683;https://metadados.snirh.gov.br/files/b8f0487a-df73-4f8d-8b22-bb49cf9f3683/Castro_Alves.zip
Castro Alves;244,07999999999552;243,92999999999552;5,6893249509284;127,48667203924;UHE Castro Alves - CAV SNIRH.xlsx;b8f0487a-df73-4f8d-8b22-bb49cf9f3683;https://metadados.snirh.gov.br/files/b8f0487a-df73-4f8d-8b22-bb49cf9f3683/Castro_Alves.zip
Castro Alves;244,0899999999955;243,9399999999955;5,6902579114977;127,54356819641;UHE Castro Alves - CAV SNIRH.xlsx;b8f0487a-df73-4f8d-8b22-bb49cf9f3683;https://metadados.snirh.gov.br/files/b8f0487a-df73-4f8d-8b22-bb49cf9f3683/Castro_Alves.zip
Castro Alves;244,0999999999955;243,9499999999955;5,691191148363299;127,60047700742;UHE Castro Alves - CAV SNIRH.xlsx;b8f0487a-df73-4f8d-8b22-bb49cf9f3683;https://metadados.snirh.gov.br/files/b8f0487a-df73-4f8d-8b22-bb49cf9f3683/Castro_Alves.zip
Castro Alves;244,1099999999955;243,9599999999955;5,6921246383736;127,65738791371;UHE Castro Alves - CAV SNIRH.xlsx;b8f0487a-df73-4f8d-8b22-bb49cf9f3683;https://metadados.snirh.gov.br/files/b8f0487a-df73-4f8d-8b22-bb49cf9f3683/Castro_Alves.zip
Castro Alves;244,11999999999549;243,96999999999548;5,6930583757426;127,71431559356;UHE Castro Alves - CAV SNIRH.xlsx;b8f0487a-df73-4f8d-8b22-bb49cf9f3683;https://metadados.snirh.gov.br/files/b8f0487a-df73-4f8d-8b22-bb49cf9f3683/Castro_Alves.zip
Castro Alves;244,12999999999548;243,97999999999547;5,6939923473378;127,77125053726;UHE Castro Alves - CAV SNIRH.xlsx;b8f0487a-df73-4f8d-8b22-bb49cf9f3683;https://metadados.snirh.gov.br/files/b8f0487a-df73-4f8d-8b22-bb49cf9f3683/Castro_Alves.zip
Castro Alves;244,13999999999547;243,98999999999546;5,6949265511594;127,82819225356;UHE Castro Alves - CAV SNIRH.xlsx;b8f0487a-df73-4f8d-8b22-bb49cf9f3683;https://metadados.snirh.gov.br/files/b8f0487a-df73-4f8d-8b22-bb49cf9f3683/Castro_Alves.zip
Castro Alves;244,14999999999546;243,99999999999545;5,6958611181528;127,88514788639;UHE Castro Alves - CAV SNIRH.xlsx;b8f0487a-df73-4f8d-8b22-bb49cf9f3683;https://metadados.snirh.gov.br/files/b8f0487a-df73-4f8d-8b22-bb49cf9f3683/Castro_Alves.zip
Castro Alves;244,15999999999545;244,00999999999544;5,6967959926633;127,9421110839;UHE Castro Alves - CAV SNIRH.xlsx;b8f0487a-df73-4f8d-8b22-bb49cf9f3683;https://metadados.snirh.gov.br/files/b8f0487a-df73-4f8d-8b22-bb49cf9f3683/Castro_Alves.zip
Castro Alves;244,16999999999544;244,01999999999543;5,697731323235799;127,9990804968;UHE Castro Alves - CAV SNIRH.xlsx;b8f0487a-df73-4f8d-8b22-bb49cf9f3683;https://metadados.snirh.gov.br/files/b8f0487a-df73-4f8d-8b22-bb49cf9f3683/Castro_Alves.zip
Castro Alves;244,17999999999543;244,02999999999543;5,6986671622378;128,05606838389;UHE Castro Alves - CAV SNIRH.xlsx;b8f0487a-df73-4f8d-8b22-bb49cf9f3683;https://metadados.snirh.gov.br/files/b8f0487a-df73-4f8d-8b22-bb49cf9f3683/Castro_Alves.zip
Castro Alves;244,18999999999542;244,03999999999542;5,6996034320263;128,11305837314;UHE Castro Alves - CAV SNIRH.xlsx;b8f0487a-df73-4f8d-8b22-bb49cf9f3683;https://metadados.snirh.gov.br/files/b8f0487a-df73-4f8d-8b22-bb49cf9f3683/Castro_Alves.zip
Castro Alves;244,1999999999954;244,0499999999954;5,7005402927678;128,17005685321;UHE Castro Alves - CAV SNIRH.xlsx;b8f0487a-df73-4f8d-8b22-bb49cf9f3683;https://metadados.snirh.gov.br/files/b8f0487a-df73-4f8d-8b22-bb49cf9f3683/Castro_Alves.zip
Castro Alves;244,2099999999954;244,0599999999954;5,701477852636399;128,22705953542;UHE Castro Alves - CAV SNIRH.xlsx;b8f0487a-df73-4f8d-8b22-bb49cf9f3683;https://metadados.snirh.gov.br/files/b8f0487a-df73-4f8d-8b22-bb49cf9f3683/Castro_Alves.zip
Castro Alves;244,2199999999954;244,0699999999954;5,7024161292801;128,28407397729;UHE Castro Alves - CAV SNIRH.xlsx;b8f0487a-df73-4f8d-8b22-bb49cf9f3683;https://metadados.snirh.gov.br/files/b8f0487a-df73-4f8d-8b22-bb49cf9f3683/Castro_Alves.zip
Castro Alves;244,22999999999539;244,07999999999538;5,7033552512922;128,34110122024998;UHE Castro Alves - CAV SNIRH.xlsx;b8f0487a-df73-4f8d-8b22-bb49cf9f3683;https://metadados.snirh.gov.br/files/b8f0487a-df73-4f8d-8b22-bb49cf9f3683/Castro_Alves.zip
Castro Alves;244,23999999999538;244,08999999999537;5,7042953776541;128,39813623034001;UHE Castro Alves - CAV SNIRH.xlsx;b8f0487a-df73-4f8d-8b22-bb49cf9f3683;https://metadados.snirh.gov.br/files/b8f0487a-df73-4f8d-8b22-bb49cf9f3683/Castro_Alves.zip
Castro Alves;244,24999999999537;244,09999999999536;5,7052359831245;128,45518530114;UHE Castro Alves - CAV SNIRH.xlsx;b8f0487a-df73-4f8d-8b22-bb49cf9f3683;https://metadados.snirh.gov.br/files/b8f0487a-df73-4f8d-8b22-bb49cf9f3683/Castro_Alves.zip
Castro Alves;244,25999999999536;244,10999999999535;5,7061774814039;128,5122435975;UHE Castro Alves - CAV SNIRH.xlsx;b8f0487a-df73-4f8d-8b22-bb49cf9f3683;https://metadados.snirh.gov.br/files/b8f0487a-df73-4f8d-8b22-bb49cf9f3683/Castro_Alves.zip
Castro Alves;244,26999999999535;244,11999999999534;5,7071194953695;128,56931741476;UHE Castro Alves - CAV SNIRH.xlsx;b8f0487a-df73-4f8d-8b22-bb49cf9f3683;https://metadados.snirh.gov.br/files/b8f0487a-df73-4f8d-8b22-bb49cf9f3683/Castro_Alves.zip
Castro Alves;244,27999999999534;244,12999999999533;5,7080623016956995;128,62639175628001;UHE Castro Alves - CAV SNIRH.xlsx;b8f0487a-df73-4f8d-8b22-bb49cf9f3683;https://metadados.snirh.gov.br/files/b8f0487a-df73-4f8d-8b22-bb49cf9f3683/Castro_Alves.zip
Castro Alves;244,28999999999533;244,13999999999533;5,709005447847001;128,68347962236;UHE Castro Alves - CAV SNIRH.xlsx;b8f0487a-df73-4f8d-8b22-bb49cf9f3683;https://metadados.snirh.gov.br/files/b8f0487a-df73-4f8d-8b22-bb49cf9f3683/Castro_Alves.zip
Castro Alves;244,29999999999532;244,14999999999532;5,7099490258511;128,74057446646;UHE Castro Alves - CAV SNIRH.xlsx;b8f0487a-df73-4f8d-8b22-bb49cf9f3683;https://metadados.snirh.gov.br/files/b8f0487a-df73-4f8d-8b22-bb49cf9f3683/Castro_Alves.zip
Castro Alves;244,3099999999953;244,1599999999953;5,710893008874;128,79767837349002;UHE Castro Alves - CAV SNIRH.xlsx;b8f0487a-df73-4f8d-8b22-bb49cf9f3683;https://metadados.snirh.gov.br/files/b8f0487a-df73-4f8d-8b22-bb49cf9f3683/Castro_Alves.zip
Castro Alves;244,3199999999953;244,1699999999953;5,7118371039065;128,85479203811;UHE Castro Alves - CAV SNIRH.xlsx;b8f0487a-df73-4f8d-8b22-bb49cf9f3683;https://metadados.snirh.gov.br/files/b8f0487a-df73-4f8d-8b22-bb49cf9f3683/Castro_Alves.zip
Castro Alves;244,3299999999953;244,1799999999953;5,7127815508578;128,91192052691;UHE Castro Alves - CAV SNIRH.xlsx;b8f0487a-df73-4f8d-8b22-bb49cf9f3683;https://metadados.snirh.gov.br/files/b8f0487a-df73-4f8d-8b22-bb49cf9f3683/Castro_Alves.zip
Castro Alves;244,33999999999529;244,18999999999528;5,7137261729416;128,96905836731;UHE Castro Alves - CAV SNIRH.xlsx;b8f0487a-df73-4f8d-8b22-bb49cf9f3683;https://metadados.snirh.gov.br/files/b8f0487a-df73-4f8d-8b22-bb49cf9f3683/Castro_Alves.zip
Castro Alves;244,34999999999528;244,19999999999527;5,714671149864;129,02620122303;UHE Castro Alves - CAV SNIRH.xlsx;b8f0487a-df73-4f8d-8b22-bb49cf9f3683;https://metadados.snirh.gov.br/files/b8f0487a-df73-4f8d-8b22-bb49cf9f3683/Castro_Alves.zip
Castro Alves;244,35999999999527;244,20999999999526;5,7156165554635;129,08335445885;UHE Castro Alves - CAV SNIRH.xlsx;b8f0487a-df73-4f8d-8b22-bb49cf9f3683;https://metadados.snirh.gov.br/files/b8f0487a-df73-4f8d-8b22-bb49cf9f3683/Castro_Alves.zip
Castro Alves;244,36999999999526;244,21999999999525;5,7165623647654;129,14051785216;UHE Castro Alves - CAV SNIRH.xlsx;b8f0487a-df73-4f8d-8b22-bb49cf9f3683;https://metadados.snirh.gov.br/files/b8f0487a-df73-4f8d-8b22-bb49cf9f3683/Castro_Alves.zip
Castro Alves;244,37999999999525;244,22999999999524;5,7175083568239;129,19768957907002;UHE Castro Alves - CAV SNIRH.xlsx;b8f0487a-df73-4f8d-8b22-bb49cf9f3683;https://metadados.snirh.gov.br/files/b8f0487a-df73-4f8d-8b22-bb49cf9f3683/Castro_Alves.zip
Castro Alves;244,38999999999524;244,23999999999523;5,7184549666638995;129,25486773033;UHE Castro Alves - CAV SNIRH.xlsx;b8f0487a-df73-4f8d-8b22-bb49cf9f3683;https://metadados.snirh.gov.br/files/b8f0487a-df73-4f8d-8b22-bb49cf9f3683/Castro_Alves.zip
Castro Alves;244,39999999999523;244,24999999999523;5,719402168190601;129,3120528806;UHE Castro Alves - CAV SNIRH.xlsx;b8f0487a-df73-4f8d-8b22-bb49cf9f3683;https://metadados.snirh.gov.br/files/b8f0487a-df73-4f8d-8b22-bb49cf9f3683/Castro_Alves.zip
Castro Alves;244,40999999999522;244,25999999999522;5,7203501703162;129,36925228297;UHE Castro Alves - CAV SNIRH.xlsx;b8f0487a-df73-4f8d-8b22-bb49cf9f3683;https://metadados.snirh.gov.br/files/b8f0487a-df73-4f8d-8b22-bb49cf9f3683/Castro_Alves.zip
Castro Alves;244,4199999999952;244,2699999999952;5,721299185535299;129,42646262586;UHE Castro Alves - CAV SNIRH.xlsx;b8f0487a-df73-4f8d-8b22-bb49cf9f3683;https://metadados.snirh.gov.br/files/b8f0487a-df73-4f8d-8b22-bb49cf9f3683/Castro_Alves.zip
Castro Alves;244,4299999999952;244,2799999999952;5,722250499233;129,48368526515;UHE Castro Alves - CAV SNIRH.xlsx;b8f0487a-df73-4f8d-8b22-bb49cf9f3683;https://metadados.snirh.gov.br/files/b8f0487a-df73-4f8d-8b22-bb49cf9f3683/Castro_Alves.zip
Castro Alves;244,4399999999952;244,2899999999952;5,7232043467945;129,54091557729;UHE Castro Alves - CAV SNIRH.xlsx;b8f0487a-df73-4f8d-8b22-bb49cf9f3683;https://metadados.snirh.gov.br/files/b8f0487a-df73-4f8d-8b22-bb49cf9f3683/Castro_Alves.zip
Castro Alves;244,44999999999519;244,29999999999518;5,7241540487936;129,59815133427;UHE Castro Alves - CAV SNIRH.xlsx;b8f0487a-df73-4f8d-8b22-bb49cf9f3683;https://metadados.snirh.gov.br/files/b8f0487a-df73-4f8d-8b22-bb49cf9f3683/Castro_Alves.zip
Castro Alves;244,45999999999518;244,30999999999517;5,7251025628611;129,65539498634;UHE Castro Alves - CAV SNIRH.xlsx;b8f0487a-df73-4f8d-8b22-bb49cf9f3683;https://metadados.snirh.gov.br/files/b8f0487a-df73-4f8d-8b22-bb49cf9f3683/Castro_Alves.zip
Castro Alves;244,46999999999517;244,31999999999516;5,7260501972658995;129,71265462967;UHE Castro Alves - CAV SNIRH.xlsx;b8f0487a-df73-4f8d-8b22-bb49cf9f3683;https://metadados.snirh.gov.br/files/b8f0487a-df73-4f8d-8b22-bb49cf9f3683/Castro_Alves.zip
Castro Alves;244,47999999999516;244,32999999999515;5,7269971632184005;129,76992285818;UHE Castro Alves - CAV SNIRH.xlsx;b8f0487a-df73-4f8d-8b22-bb49cf9f3683;https://metadados.snirh.gov.br/files/b8f0487a-df73-4f8d-8b22-bb49cf9f3683/Castro_Alves.zip
Castro Alves;244,48999999999515;244,33999999999514;5,7279436581894;129,82719682939;UHE Castro Alves - CAV SNIRH.xlsx;b8f0487a-df73-4f8d-8b22-bb49cf9f3683;https://metadados.snirh.gov.br/files/b8f0487a-df73-4f8d-8b22-bb49cf9f3683/Castro_Alves.zip
Castro Alves;244,5;244,35;5,728889940999999;129,884485728;UHE Castro Alves - CAV SNIRH.xlsx;b8f0487a-df73-4f8d-8b22-bb49cf9f3683;https://metadados.snirh.gov.br/files/b8f0487a-df73-4f8d-8b22-bb49cf9f3683/Castro_Alves.zip
Castro Alves;244,51;244,35999999999999;5,7298358786731995;129,94178334765002;UHE Castro Alves - CAV SNIRH.xlsx;b8f0487a-df73-4f8d-8b22-bb49cf9f3683;https://metadados.snirh.gov.br/files/b8f0487a-df73-4f8d-8b22-bb49cf9f3683/Castro_Alves.zip
Castro Alves;244,51999999999998;244,36999999999998;5,7307814880885;129,99908273574002;UHE Castro Alves - CAV SNIRH.xlsx;b8f0487a-df73-4f8d-8b22-bb49cf9f3683;https://metadados.snirh.gov.br/files/b8f0487a-df73-4f8d-8b22-bb49cf9f3683/Castro_Alves.zip
Castro Alves;244,52999999999997;244,37999999999997;5,7317269113501;130,05639547315;UHE Castro Alves - CAV SNIRH.xlsx;b8f0487a-df73-4f8d-8b22-bb49cf9f3683;https://metadados.snirh.gov.br/files/b8f0487a-df73-4f8d-8b22-bb49cf9f3683/Castro_Alves.zip
Castro Alves;244,53999999999996;244,38999999999996;5,7326721999308;130,11372273288998;UHE Castro Alves - CAV SNIRH.xlsx;b8f0487a-df73-4f8d-8b22-bb49cf9f3683;https://metadados.snirh.gov.br/files/b8f0487a-df73-4f8d-8b22-bb49cf9f3683/Castro_Alves.zip
Castro Alves;244,54999999999995;244,39999999999995;5,733617251234;130,17105740051;UHE Castro Alves - CAV SNIRH.xlsx;b8f0487a-df73-4f8d-8b22-bb49cf9f3683;https://metadados.snirh.gov.br/files/b8f0487a-df73-4f8d-8b22-bb49cf9f3683/Castro_Alves.zip
Castro Alves;244,55999999999995;244,40999999999994;5,734562245268999;130,22839824488;UHE Castro Alves - CAV SNIRH.xlsx;b8f0487a-df73-4f8d-8b22-bb49cf9f3683;https://metadados.snirh.gov.br/files/b8f0487a-df73-4f8d-8b22-bb49cf9f3683/Castro_Alves.zip
Castro Alves;244,56999999999994;244,41999999999993;5,735507103048;130,28574521349998;UHE Castro Alves - CAV SNIRH.xlsx;b8f0487a-df73-4f8d-8b22-bb49cf9f3683;https://metadados.snirh.gov.br/files/b8f0487a-df73-4f8d-8b22-bb49cf9f3683/Castro_Alves.zip
Castro Alves;244,57999999999993;244,42999999999992;5,7364516975231;130,34310457412;UHE Castro Alves - CAV SNIRH.xlsx;b8f0487a-df73-4f8d-8b22-bb49cf9f3683;https://metadados.snirh.gov.br/files/b8f0487a-df73-4f8d-8b22-bb49cf9f3683/Castro_Alves.zip
Castro Alves;244,58999999999992;244,4399999999999;5,7373962677652;130,40046906272;UHE Castro Alves - CAV SNIRH.xlsx;b8f0487a-df73-4f8d-8b22-bb49cf9f3683;https://metadados.snirh.gov.br/files/b8f0487a-df73-4f8d-8b22-bb49cf9f3683/Castro_Alves.zip
Castro Alves;244,5999999999999;244,4499999999999;5,7383405632496;130,4578500989;UHE Castro Alves - CAV SNIRH.xlsx;b8f0487a-df73-4f8d-8b22-bb49cf9f3683;https://metadados.snirh.gov.br/files/b8f0487a-df73-4f8d-8b22-bb49cf9f3683/Castro_Alves.zip
Castro Alves;244,6099999999999;244,4599999999999;5,739284608617999;130,51524100269;UHE Castro Alves - CAV SNIRH.xlsx;b8f0487a-df73-4f8d-8b22-bb49cf9f3683;https://metadados.snirh.gov.br/files/b8f0487a-df73-4f8d-8b22-bb49cf9f3683/Castro_Alves.zip
Castro Alves;244,6199999999999;244,46999999999989;5,7402285824708;130,57263467421998;UHE Castro Alves - CAV SNIRH.xlsx;b8f0487a-df73-4f8d-8b22-bb49cf9f3683;https://metadados.snirh.gov.br/files/b8f0487a-df73-4f8d-8b22-bb49cf9f3683/Castro_Alves.zip
Castro Alves;244,62999999999988;244,47999999999988;5,741172362749;130,63003946085;UHE Castro Alves - CAV SNIRH.xlsx;b8f0487a-df73-4f8d-8b22-bb49cf9f3683;https://metadados.snirh.gov.br/files/b8f0487a-df73-4f8d-8b22-bb49cf9f3683/Castro_Alves.zip
Castro Alves;244,63999999999987;244,48999999999987;5,7421159442918;130,68745303732;UHE Castro Alves - CAV SNIRH.xlsx;b8f0487a-df73-4f8d-8b22-bb49cf9f3683;https://metadados.snirh.gov.br/files/b8f0487a-df73-4f8d-8b22-bb49cf9f3683/Castro_Alves.zip
Castro Alves;244,64999999999986;244,49999999999986;5,7430594185325;130,74488238329;UHE Castro Alves - CAV SNIRH.xlsx;b8f0487a-df73-4f8d-8b22-bb49cf9f3683;https://metadados.snirh.gov.br/files/b8f0487a-df73-4f8d-8b22-bb49cf9f3683/Castro_Alves.zip
Castro Alves;244,65999999999985;244,50999999999985;5,7440027259746;130,80231511463;UHE Castro Alves - CAV SNIRH.xlsx;b8f0487a-df73-4f8d-8b22-bb49cf9f3683;https://metadados.snirh.gov.br/files/b8f0487a-df73-4f8d-8b22-bb49cf9f3683/Castro_Alves.zip
Castro Alves;244,66999999999985;244,51999999999984;5,744945804323099;130,85976013945;UHE Castro Alves - CAV SNIRH.xlsx;b8f0487a-df73-4f8d-8b22-bb49cf9f3683;https://metadados.snirh.gov.br/files/b8f0487a-df73-4f8d-8b22-bb49cf9f3683/Castro_Alves.zip
Castro Alves;244,67999999999984;244,52999999999983;5,7458887194077;130,91721838216;UHE Castro Alves - CAV SNIRH.xlsx;b8f0487a-df73-4f8d-8b22-bb49cf9f3683;https://metadados.snirh.gov.br/files/b8f0487a-df73-4f8d-8b22-bb49cf9f3683/Castro_Alves.zip
Castro Alves;244,68999999999983;244,53999999999982;5,7468313524206005;130,97468084408;UHE Castro Alves - CAV SNIRH.xlsx;b8f0487a-df73-4f8d-8b22-bb49cf9f3683;https://metadados.snirh.gov.br/files/b8f0487a-df73-4f8d-8b22-bb49cf9f3683/Castro_Alves.zip
Castro Alves;244,69999999999982;244,5499999999998;5,7477737323356;131,032152921;UHE Castro Alves - CAV SNIRH.xlsx;b8f0487a-df73-4f8d-8b22-bb49cf9f3683;https://metadados.snirh.gov.br/files/b8f0487a-df73-4f8d-8b22-bb49cf9f3683/Castro_Alves.zip
Castro Alves;244,7099999999998;244,5599999999998;5,7487159152366;131,08963721768;UHE Castro Alves - CAV SNIRH.xlsx;b8f0487a-df73-4f8d-8b22-bb49cf9f3683;https://metadados.snirh.gov.br/files/b8f0487a-df73-4f8d-8b22-bb49cf9f3683/Castro_Alves.zip
Castro Alves;244,7199999999998;244,5699999999998;5,7496579167758;131,14712939715;UHE Castro Alves - CAV SNIRH.xlsx;b8f0487a-df73-4f8d-8b22-bb49cf9f3683;https://metadados.snirh.gov.br/files/b8f0487a-df73-4f8d-8b22-bb49cf9f3683/Castro_Alves.zip
Castro Alves;244,7299999999998;244,57999999999979;5,7505996509978;131,20463338324;UHE Castro Alves - CAV SNIRH.xlsx;b8f0487a-df73-4f8d-8b22-bb49cf9f3683;https://metadados.snirh.gov.br/files/b8f0487a-df73-4f8d-8b22-bb49cf9f3683/Castro_Alves.zip
Castro Alves;244,73999999999978;244,58999999999978;5,7515411292025;131,26214481814;UHE Castro Alves - CAV SNIRH.xlsx;b8f0487a-df73-4f8d-8b22-bb49cf9f3683;https://metadados.snirh.gov.br/files/b8f0487a-df73-4f8d-8b22-bb49cf9f3683/Castro_Alves.zip
Castro Alves;244,74999999999977;244,59999999999977;5,7524823755196;131,31966685457;UHE Castro Alves - CAV SNIRH.xlsx;b8f0487a-df73-4f8d-8b22-bb49cf9f3683;https://metadados.snirh.gov.br/files/b8f0487a-df73-4f8d-8b22-bb49cf9f3683/Castro_Alves.zip
Castro Alves;244,75999999999976;244,60999999999976;5,7534234785236;131,37719189151;UHE Castro Alves - CAV SNIRH.xlsx;b8f0487a-df73-4f8d-8b22-bb49cf9f3683;https://metadados.snirh.gov.br/files/b8f0487a-df73-4f8d-8b22-bb49cf9f3683/Castro_Alves.zip
Castro Alves;244,76999999999975;244,61999999999975;5,7543643428637;131,43473460405;UHE Castro Alves - CAV SNIRH.xlsx;b8f0487a-df73-4f8d-8b22-bb49cf9f3683;https://metadados.snirh.gov.br/files/b8f0487a-df73-4f8d-8b22-bb49cf9f3683/Castro_Alves.zip
Castro Alves;244,77999999999975;244,62999999999974;5,755304895447201;131,49228560974;UHE Castro Alves - CAV SNIRH.xlsx;b8f0487a-df73-4f8d-8b22-bb49cf9f3683;https://metadados.snirh.gov.br/files/b8f0487a-df73-4f8d-8b22-bb49cf9f3683/Castro_Alves.zip
Castro Alves;244,78999999999974;244,63999999999973;5,756245191495499;131,54984520421;UHE Castro Alves - CAV SNIRH.xlsx;b8f0487a-df73-4f8d-8b22-bb49cf9f3683;https://metadados.snirh.gov.br/files/b8f0487a-df73-4f8d-8b22-bb49cf9f3683/Castro_Alves.zip
Castro Alves;244,79999999999973;244,64999999999972;5,75718526965;131,6074161456;UHE Castro Alves - CAV SNIRH.xlsx;b8f0487a-df73-4f8d-8b22-bb49cf9f3683;https://metadados.snirh.gov.br/files/b8f0487a-df73-4f8d-8b22-bb49cf9f3683/Castro_Alves.zip
Castro Alves;244,80999999999972;244,6599999999997;5,758125057602499;131,66499616861;UHE Castro Alves - CAV SNIRH.xlsx;b8f0487a-df73-4f8d-8b22-bb49cf9f3683;https://metadados.snirh.gov.br/files/b8f0487a-df73-4f8d-8b22-bb49cf9f3683/Castro_Alves.zip
Castro Alves;244,8199999999997;244,6699999999997;5,7590645624073;131,72258431777;UHE Castro Alves - CAV SNIRH.xlsx;b8f0487a-df73-4f8d-8b22-bb49cf9f3683;https://metadados.snirh.gov.br/files/b8f0487a-df73-4f8d-8b22-bb49cf9f3683/Castro_Alves.zip
Castro Alves;244,8299999999997;244,6799999999997;5,7600038022117;131,78017949923;UHE Castro Alves - CAV SNIRH.xlsx;b8f0487a-df73-4f8d-8b22-bb49cf9f3683;https://metadados.snirh.gov.br/files/b8f0487a-df73-4f8d-8b22-bb49cf9f3683/Castro_Alves.zip
Castro Alves;244,8399999999997;244,68999999999969;5,760942830735599;131,8377880966;UHE Castro Alves - CAV SNIRH.xlsx;b8f0487a-df73-4f8d-8b22-bb49cf9f3683;https://metadados.snirh.gov.br/files/b8f0487a-df73-4f8d-8b22-bb49cf9f3683/Castro_Alves.zip
Castro Alves;244,84999999999968;244,69999999999968;5,7618816345872;131,89540401741;UHE Castro Alves - CAV SNIRH.xlsx;b8f0487a-df73-4f8d-8b22-bb49cf9f3683;https://metadados.snirh.gov.br/files/b8f0487a-df73-4f8d-8b22-bb49cf9f3683/Castro_Alves.zip
Castro Alves;244,85999999999967;244,70999999999967;5,7628201792034;131,95302618517;UHE Castro Alves - CAV SNIRH.xlsx;b8f0487a-df73-4f8d-8b22-bb49cf9f3683;https://metadados.snirh.gov.br/files/b8f0487a-df73-4f8d-8b22-bb49cf9f3683/Castro_Alves.zip
Castro Alves;244,86999999999966;244,71999999999966;5,7637584860533;132,01065655565;UHE Castro Alves - CAV SNIRH.xlsx;b8f0487a-df73-4f8d-8b22-bb49cf9f3683;https://metadados.snirh.gov.br/files/b8f0487a-df73-4f8d-8b22-bb49cf9f3683/Castro_Alves.zip
Castro Alves;244,87999999999965;244,72999999999965;5,764696496698799;132,06830015008998;UHE Castro Alves - CAV SNIRH.xlsx;b8f0487a-df73-4f8d-8b22-bb49cf9f3683;https://metadados.snirh.gov.br/files/b8f0487a-df73-4f8d-8b22-bb49cf9f3683/Castro_Alves.zip
Castro Alves;244,88999999999965;244,73999999999964;5,7656341508516;132,12595358302;UHE Castro Alves - CAV SNIRH.xlsx;b8f0487a-df73-4f8d-8b22-bb49cf9f3683;https://metadados.snirh.gov.br/files/b8f0487a-df73-4f8d-8b22-bb49cf9f3683/Castro_Alves.zip
Castro Alves;244,89999999999964;244,74999999999963;5,7665715210883;132,18361473141;UHE Castro Alves - CAV SNIRH.xlsx;b8f0487a-df73-4f8d-8b22-bb49cf9f3683;https://metadados.snirh.gov.br/files/b8f0487a-df73-4f8d-8b22-bb49cf9f3683/Castro_Alves.zip
Castro Alves;244,90999999999963;244,75999999999962;5,767508568961;132,241284073;UHE Castro Alves - CAV SNIRH.xlsx;b8f0487a-df73-4f8d-8b22-bb49cf9f3683;https://metadados.snirh.gov.br/files/b8f0487a-df73-4f8d-8b22-bb49cf9f3683/Castro_Alves.zip
Castro Alves;244,91999999999962;244,7699999999996;5,7684453394477;132,29895991985;UHE Castro Alves - CAV SNIRH.xlsx;b8f0487a-df73-4f8d-8b22-bb49cf9f3683;https://metadados.snirh.gov.br/files/b8f0487a-df73-4f8d-8b22-bb49cf9f3683/Castro_Alves.zip
Castro Alves;244,9299999999996;244,7799999999996;5,7693818166140005;132,35664868938;UHE Castro Alves - CAV SNIRH.xlsx;b8f0487a-df73-4f8d-8b22-bb49cf9f3683;https://metadados.snirh.gov.br/files/b8f0487a-df73-4f8d-8b22-bb49cf9f3683/Castro_Alves.zip
Castro Alves;244,9399999999996;244,7899999999996;5,7703180177813;132,41434249542;UHE Castro Alves - CAV SNIRH.xlsx;b8f0487a-df73-4f8d-8b22-bb49cf9f3683;https://metadados.snirh.gov.br/files/b8f0487a-df73-4f8d-8b22-bb49cf9f3683/Castro_Alves.zip
Castro Alves;244,9499999999996;244,79999999999959;5,7712539071665;132,47205249871;UHE Castro Alves - CAV SNIRH.xlsx;b8f0487a-df73-4f8d-8b22-bb49cf9f3683;https://metadados.snirh.gov.br/files/b8f0487a-df73-4f8d-8b22-bb49cf9f3683/Castro_Alves.zip
Castro Alves;244,95999999999958;244,80999999999958;5,7721894566692;132,52977739181;UHE Castro Alves - CAV SNIRH.xlsx;b8f0487a-df73-4f8d-8b22-bb49cf9f3683;https://metadados.snirh.gov.br/files/b8f0487a-df73-4f8d-8b22-bb49cf9f3683/Castro_Alves.zip
Castro Alves;244,96999999999957;244,81999999999957;5,773124595897199;132,58750568108;UHE Castro Alves - CAV SNIRH.xlsx;b8f0487a-df73-4f8d-8b22-bb49cf9f3683;https://metadados.snirh.gov.br/files/b8f0487a-df73-4f8d-8b22-bb49cf9f3683/Castro_Alves.zip
Castro Alves;244,97999999999956;244,82999999999956;5,7740593604074;132,645238466;UHE Castro Alves - CAV SNIRH.xlsx;b8f0487a-df73-4f8d-8b22-bb49cf9f3683;https://metadados.snirh.gov.br/files/b8f0487a-df73-4f8d-8b22-bb49cf9f3683/Castro_Alves.zip
Castro Alves;244,98999999999955;244,83999999999955;5,7749937200224;132,7029837946;UHE Castro Alves - CAV SNIRH.xlsx;b8f0487a-df73-4f8d-8b22-bb49cf9f3683;https://metadados.snirh.gov.br/files/b8f0487a-df73-4f8d-8b22-bb49cf9f3683/Castro_Alves.zip
Castro Alves;244,99999999999955;244,84999999999954;5,7759276602083;132,76073859433;UHE Castro Alves - CAV SNIRH.xlsx;b8f0487a-df73-4f8d-8b22-bb49cf9f3683;https://metadados.snirh.gov.br/files/b8f0487a-df73-4f8d-8b22-bb49cf9f3683/Castro_Alves.zip
Castro Alves;245,00999999999954;244,85999999999953;5,7768612272515;132,81850648256;UHE Castro Alves - CAV SNIRH.xlsx;b8f0487a-df73-4f8d-8b22-bb49cf9f3683;https://metadados.snirh.gov.br/files/b8f0487a-df73-4f8d-8b22-bb49cf9f3683/Castro_Alves.zip
Castro Alves;245,01999999999953;244,86999999999952;5,7777944170658;132,8762830693;UHE Castro Alves - CAV SNIRH.xlsx;b8f0487a-df73-4f8d-8b22-bb49cf9f3683;https://metadados.snirh.gov.br/files/b8f0487a-df73-4f8d-8b22-bb49cf9f3683/Castro_Alves.zip
Castro Alves;245,02999999999952;244,8799999999995;5,7787271593701;132,93406788481;UHE Castro Alves - CAV SNIRH.xlsx;b8f0487a-df73-4f8d-8b22-bb49cf9f3683;https://metadados.snirh.gov.br/files/b8f0487a-df73-4f8d-8b22-bb49cf9f3683/Castro_Alves.zip
Castro Alves;245,0399999999995;244,8899999999995;5,7796594209821;132,99185692470002;UHE Castro Alves - CAV SNIRH.xlsx;b8f0487a-df73-4f8d-8b22-bb49cf9f3683;https://metadados.snirh.gov.br/files/b8f0487a-df73-4f8d-8b22-bb49cf9f3683/Castro_Alves.zip
Castro Alves;245,0499999999995;244,8999999999995;5,7805912589546;133,04966194962;UHE Castro Alves - CAV SNIRH.xlsx;b8f0487a-df73-4f8d-8b22-bb49cf9f3683;https://metadados.snirh.gov.br/files/b8f0487a-df73-4f8d-8b22-bb49cf9f3683/Castro_Alves.zip
Castro Alves;245,0599999999995;244,90999999999948;5,7815226407865;133,10747446253;UHE Castro Alves - CAV SNIRH.xlsx;b8f0487a-df73-4f8d-8b22-bb49cf9f3683;https://metadados.snirh.gov.br/files/b8f0487a-df73-4f8d-8b22-bb49cf9f3683/Castro_Alves.zip
Castro Alves;245,06999999999948;244,91999999999948;5,782453572783;133,16529830611;UHE Castro Alves - CAV SNIRH.xlsx;b8f0487a-df73-4f8d-8b22-bb49cf9f3683;https://metadados.snirh.gov.br/files/b8f0487a-df73-4f8d-8b22-bb49cf9f3683/Castro_Alves.zip
Castro Alves;245,07999999999947;244,92999999999947;5,7833840796475;133,22313025476;UHE Castro Alves - CAV SNIRH.xlsx;b8f0487a-df73-4f8d-8b22-bb49cf9f3683;https://metadados.snirh.gov.br/files/b8f0487a-df73-4f8d-8b22-bb49cf9f3683/Castro_Alves.zip
Castro Alves;245,08999999999946;244,93999999999946;5,7843141115746;133,28097112805;UHE Castro Alves - CAV SNIRH.xlsx;b8f0487a-df73-4f8d-8b22-bb49cf9f3683;https://metadados.snirh.gov.br/files/b8f0487a-df73-4f8d-8b22-bb49cf9f3683/Castro_Alves.zip
Castro Alves;245,09999999999945;244,94999999999945;5,7852436663505;133,33881744798;UHE Castro Alves - CAV SNIRH.xlsx;b8f0487a-df73-4f8d-8b22-bb49cf9f3683;https://metadados.snirh.gov.br/files/b8f0487a-df73-4f8d-8b22-bb49cf9f3683/Castro_Alves.zip
Castro Alves;245,10999999999945;244,95999999999944;5,786172732457101;133,39667672654;UHE Castro Alves - CAV SNIRH.xlsx;b8f0487a-df73-4f8d-8b22-bb49cf9f3683;https://metadados.snirh.gov.br/files/b8f0487a-df73-4f8d-8b22-bb49cf9f3683/Castro_Alves.zip
Castro Alves;245,11999999999944;244,96999999999943;5,7871012545846;133,4545409128;UHE Castro Alves - CAV SNIRH.xlsx;b8f0487a-df73-4f8d-8b22-bb49cf9f3683;https://metadados.snirh.gov.br/files/b8f0487a-df73-4f8d-8b22-bb49cf9f3683/Castro_Alves.zip
Castro Alves;245,12999999999943;244,97999999999942;5,788029278430701;133,51242056048;UHE Castro Alves - CAV SNIRH.xlsx;b8f0487a-df73-4f8d-8b22-bb49cf9f3683;https://metadados.snirh.gov.br/files/b8f0487a-df73-4f8d-8b22-bb49cf9f3683/Castro_Alves.zip
Castro Alves;245,13999999999942;244,9899999999994;5,7889569976343;133,57030775154;UHE Castro Alves - CAV SNIRH.xlsx;b8f0487a-df73-4f8d-8b22-bb49cf9f3683;https://metadados.snirh.gov.br/files/b8f0487a-df73-4f8d-8b22-bb49cf9f3683/Castro_Alves.zip
Castro Alves;245,1499999999994;244,9999999999994;5,7898853551268;133,6282040297;UHE Castro Alves - CAV SNIRH.xlsx;b8f0487a-df73-4f8d-8b22-bb49cf9f3683;https://metadados.snirh.gov.br/files/b8f0487a-df73-4f8d-8b22-bb49cf9f3683/Castro_Alves.zip
Castro Alves;245,1599999999994;245,0099999999994;5,790812847346;133,68610543637;UHE Castro Alves - CAV SNIRH.xlsx;b8f0487a-df73-4f8d-8b22-bb49cf9f3683;https://metadados.snirh.gov.br/files/b8f0487a-df73-4f8d-8b22-bb49cf9f3683/Castro_Alves.zip
Castro Alves;245,1699999999994;245,01999999999938;5,791739852971601;133,74403156252;UHE Castro Alves - CAV SNIRH.xlsx;b8f0487a-df73-4f8d-8b22-bb49cf9f3683;https://metadados.snirh.gov.br/files/b8f0487a-df73-4f8d-8b22-bb49cf9f3683/Castro_Alves.zip
Castro Alves;245,17999999999938;245,02999999999938;5,7926663828926;133,80195718055;UHE Castro Alves - CAV SNIRH.xlsx;b8f0487a-df73-4f8d-8b22-bb49cf9f3683;https://metadados.snirh.gov.br/files/b8f0487a-df73-4f8d-8b22-bb49cf9f3683/Castro_Alves.zip
Castro Alves;245,18999999999937;245,03999999999937;5,7935924682355004;133,85988901998;UHE Castro Alves - CAV SNIRH.xlsx;b8f0487a-df73-4f8d-8b22-bb49cf9f3683;https://metadados.snirh.gov.br/files/b8f0487a-df73-4f8d-8b22-bb49cf9f3683/Castro_Alves.zip
Castro Alves;245,19999999999936;245,04999999999936;5,7945178741921;133,9178305557;UHE Castro Alves - CAV SNIRH.xlsx;b8f0487a-df73-4f8d-8b22-bb49cf9f3683;https://metadados.snirh.gov.br/files/b8f0487a-df73-4f8d-8b22-bb49cf9f3683/Castro_Alves.zip
Castro Alves;245,20999999999935;245,05999999999935;5,795442527814401;133,97578203574;UHE Castro Alves - CAV SNIRH.xlsx;b8f0487a-df73-4f8d-8b22-bb49cf9f3683;https://metadados.snirh.gov.br/files/b8f0487a-df73-4f8d-8b22-bb49cf9f3683/Castro_Alves.zip
Castro Alves;245,21999999999935;245,06999999999934;5,7963666303045;134,03374462335;UHE Castro Alves - CAV SNIRH.xlsx;b8f0487a-df73-4f8d-8b22-bb49cf9f3683;https://metadados.snirh.gov.br/files/b8f0487a-df73-4f8d-8b22-bb49cf9f3683/Castro_Alves.zip
Castro Alves;245,22999999999934;245,07999999999933;5,7972899839115;134,0917189281;UHE Castro Alves - CAV SNIRH.xlsx;b8f0487a-df73-4f8d-8b22-bb49cf9f3683;https://metadados.snirh.gov.br/files/b8f0487a-df73-4f8d-8b22-bb49cf9f3683/Castro_Alves.zip
Castro Alves;245,23999999999933;245,08999999999932;5,7982125650471;134,14969500944;UHE Castro Alves - CAV SNIRH.xlsx;b8f0487a-df73-4f8d-8b22-bb49cf9f3683;https://metadados.snirh.gov.br/files/b8f0487a-df73-4f8d-8b22-bb49cf9f3683/Castro_Alves.zip
Castro Alves;245,24999999999932;245,0999999999993;5,7991343660817;134,20769051994;UHE Castro Alves - CAV SNIRH.xlsx;b8f0487a-df73-4f8d-8b22-bb49cf9f3683;https://metadados.snirh.gov.br/files/b8f0487a-df73-4f8d-8b22-bb49cf9f3683/Castro_Alves.zip
Castro Alves;245,2599999999993;245,1099999999993;5,8000553183995;134,26568905638;UHE Castro Alves - CAV SNIRH.xlsx;b8f0487a-df73-4f8d-8b22-bb49cf9f3683;https://metadados.snirh.gov.br/files/b8f0487a-df73-4f8d-8b22-bb49cf9f3683/Castro_Alves.zip
Castro Alves;245,2699999999993;245,1199999999993;5,8009754927862;134,32370010661;UHE Castro Alves - CAV SNIRH.xlsx;b8f0487a-df73-4f8d-8b22-bb49cf9f3683;https://metadados.snirh.gov.br/files/b8f0487a-df73-4f8d-8b22-bb49cf9f3683/Castro_Alves.zip
Castro Alves;245,2799999999993;245,12999999999928;5,8018948593296;134,38171684417;UHE Castro Alves - CAV SNIRH.xlsx;b8f0487a-df73-4f8d-8b22-bb49cf9f3683;https://metadados.snirh.gov.br/files/b8f0487a-df73-4f8d-8b22-bb49cf9f3683/Castro_Alves.zip
Castro Alves;245,28999999999928;245,13999999999928;5,8028134234752;134,43974733331;UHE Castro Alves - CAV SNIRH.xlsx;b8f0487a-df73-4f8d-8b22-bb49cf9f3683;https://metadados.snirh.gov.br/files/b8f0487a-df73-4f8d-8b22-bb49cf9f3683/Castro_Alves.zip
Castro Alves;245,29999999999927;245,14999999999927;5,8037313626303;134,497783804;UHE Castro Alves - CAV SNIRH.xlsx;b8f0487a-df73-4f8d-8b22-bb49cf9f3683;https://metadados.snirh.gov.br/files/b8f0487a-df73-4f8d-8b22-bb49cf9f3683/Castro_Alves.zip
Castro Alves;245,30999999999926;245,15999999999926;5,8046483066170005;134,55583401463;UHE Castro Alves - CAV SNIRH.xlsx;b8f0487a-df73-4f8d-8b22-bb49cf9f3683;https://metadados.snirh.gov.br/files/b8f0487a-df73-4f8d-8b22-bb49cf9f3683/Castro_Alves.zip
Castro Alves;245,31999999999925;245,16999999999925;5,8055642090323;134,61388672688003;UHE Castro Alves - CAV SNIRH.xlsx;b8f0487a-df73-4f8d-8b22-bb49cf9f3683;https://metadados.snirh.gov.br/files/b8f0487a-df73-4f8d-8b22-bb49cf9f3683/Castro_Alves.zip
Castro Alves;245,32999999999925;245,17999999999924;5,8064791902806006;134,67194959576;UHE Castro Alves - CAV SNIRH.xlsx;b8f0487a-df73-4f8d-8b22-bb49cf9f3683;https://metadados.snirh.gov.br/files/b8f0487a-df73-4f8d-8b22-bb49cf9f3683/Castro_Alves.zip
Castro Alves;245,33999999999924;245,18999999999923;5,8073932380409;134,73001985940002;UHE Castro Alves - CAV SNIRH.xlsx;b8f0487a-df73-4f8d-8b22-bb49cf9f3683;https://metadados.snirh.gov.br/files/b8f0487a-df73-4f8d-8b22-bb49cf9f3683/Castro_Alves.zip
Castro Alves;245,34999999999923;245,19999999999922;5,8083062913092;134,78810213989;UHE Castro Alves - CAV SNIRH.xlsx;b8f0487a-df73-4f8d-8b22-bb49cf9f3683;https://metadados.snirh.gov.br/files/b8f0487a-df73-4f8d-8b22-bb49cf9f3683/Castro_Alves.zip
Castro Alves;245,35999999999922;245,2099999999992;5,809218274928599;134,84619397755;UHE Castro Alves - CAV SNIRH.xlsx;b8f0487a-df73-4f8d-8b22-bb49cf9f3683;https://metadados.snirh.gov.br/files/b8f0487a-df73-4f8d-8b22-bb49cf9f3683/Castro_Alves.zip
Castro Alves;245,3699999999992;245,2199999999992;5,810129379837901;134,90429795382;UHE Castro Alves - CAV SNIRH.xlsx;b8f0487a-df73-4f8d-8b22-bb49cf9f3683;https://metadados.snirh.gov.br/files/b8f0487a-df73-4f8d-8b22-bb49cf9f3683/Castro_Alves.zip
Castro Alves;245,3799999999992;245,2299999999992;5,8110393858797;134,96240797156;UHE Castro Alves - CAV SNIRH.xlsx;b8f0487a-df73-4f8d-8b22-bb49cf9f3683;https://metadados.snirh.gov.br/files/b8f0487a-df73-4f8d-8b22-bb49cf9f3683/Castro_Alves.zip
Castro Alves;245,3899999999992;245,23999999999918;5,8119483458503;135,02052646218;UHE Castro Alves - CAV SNIRH.xlsx;b8f0487a-df73-4f8d-8b22-bb49cf9f3683;https://metadados.snirh.gov.br/files/b8f0487a-df73-4f8d-8b22-bb49cf9f3683/Castro_Alves.zip
Castro Alves;245,39999999999918;245,24999999999918;5,8128592459399995;135,07865712072;UHE Castro Alves - CAV SNIRH.xlsx;b8f0487a-df73-4f8d-8b22-bb49cf9f3683;https://metadados.snirh.gov.br/files/b8f0487a-df73-4f8d-8b22-bb49cf9f3683/Castro_Alves.zip
Castro Alves;245,40999999999917;245,25999999999917;5,8137726532248;135,13679596381;UHE Castro Alves - CAV SNIRH.xlsx;b8f0487a-df73-4f8d-8b22-bb49cf9f3683;https://metadados.snirh.gov.br/files/b8f0487a-df73-4f8d-8b22-bb49cf9f3683/Castro_Alves.zip
Castro Alves;245,41999999999916;245,26999999999916;5,8146855523365995;135,19493759049;UHE Castro Alves - CAV SNIRH.xlsx;b8f0487a-df73-4f8d-8b22-bb49cf9f3683;https://metadados.snirh.gov.br/files/b8f0487a-df73-4f8d-8b22-bb49cf9f3683/Castro_Alves.zip
Castro Alves;245,42999999999915;245,27999999999915;5,8156006804757;135,25309439889;UHE Castro Alves - CAV SNIRH.xlsx;b8f0487a-df73-4f8d-8b22-bb49cf9f3683;https://metadados.snirh.gov.br/files/b8f0487a-df73-4f8d-8b22-bb49cf9f3683/Castro_Alves.zip
Castro Alves;245,43999999999915;245,28999999999914;5,8165183997600005;135,31126793871002;UHE Castro Alves - CAV SNIRH.xlsx;b8f0487a-df73-4f8d-8b22-bb49cf9f3683;https://metadados.snirh.gov.br/files/b8f0487a-df73-4f8d-8b22-bb49cf9f3683/Castro_Alves.zip
Castro Alves;245,44999999999914;245,29999999999913;5,8174368010198;135,36944382356;UHE Castro Alves - CAV SNIRH.xlsx;b8f0487a-df73-4f8d-8b22-bb49cf9f3683;https://metadados.snirh.gov.br/files/b8f0487a-df73-4f8d-8b22-bb49cf9f3683/Castro_Alves.zip
Castro Alves;245,45999999999913;245,30999999999912;5,8183486278389;135,42762245805002;UHE Castro Alves - CAV SNIRH.xlsx;b8f0487a-df73-4f8d-8b22-bb49cf9f3683;https://metadados.snirh.gov.br/files/b8f0487a-df73-4f8d-8b22-bb49cf9f3683/Castro_Alves.zip
Castro Alves;245,46999999999912;245,3199999999991;5,8192549135011;135,48581655978;UHE Castro Alves - CAV SNIRH.xlsx;b8f0487a-df73-4f8d-8b22-bb49cf9f3683;https://metadados.snirh.gov.br/files/b8f0487a-df73-4f8d-8b22-bb49cf9f3683/Castro_Alves.zip
Castro Alves;245,4799999999991;245,3299999999991;5,8201578321178;135,54401950529999;UHE Castro Alves - CAV SNIRH.xlsx;b8f0487a-df73-4f8d-8b22-bb49cf9f3683;https://metadados.snirh.gov.br/files/b8f0487a-df73-4f8d-8b22-bb49cf9f3683/Castro_Alves.zip
Castro Alves;245,4899999999991;245,3399999999991;5,821057981795;135,6022332735;UHE Castro Alves - CAV SNIRH.xlsx;b8f0487a-df73-4f8d-8b22-bb49cf9f3683;https://metadados.snirh.gov.br/files/b8f0487a-df73-4f8d-8b22-bb49cf9f3683/Castro_Alves.zip
Castro Alves;245,4999999999991;245,34999999999908;5,8219549430551;135,66045659667998;UHE Castro Alves - CAV SNIRH.xlsx;b8f0487a-df73-4f8d-8b22-bb49cf9f3683;https://metadados.snirh.gov.br/files/b8f0487a-df73-4f8d-8b22-bb49cf9f3683/Castro_Alves.zip
Castro Alves;245,50999999999908;245,35999999999908;5,8228487534412;135,71868871781;UHE Castro Alves - CAV SNIRH.xlsx;b8f0487a-df73-4f8d-8b22-bb49cf9f3683;https://metadados.snirh.gov.br/files/b8f0487a-df73-4f8d-8b22-bb49cf9f3683/Castro_Alves.zip
Castro Alves;245,51999999999907;245,36999999999907;5,8237394581084;135,7769309664;UHE Castro Alves - CAV SNIRH.xlsx;b8f0487a-df73-4f8d-8b22-bb49cf9f3683;https://metadados.snirh.gov.br/files/b8f0487a-df73-4f8d-8b22-bb49cf9f3683/Castro_Alves.zip
Castro Alves;245,52999999999906;245,37999999999906;5,824627290997499;135,83518169717;UHE Castro Alves - CAV SNIRH.xlsx;b8f0487a-df73-4f8d-8b22-bb49cf9f3683;https://metadados.snirh.gov.br/files/b8f0487a-df73-4f8d-8b22-bb49cf9f3683/Castro_Alves.zip
Castro Alves;245,53999999999905;245,38999999999905;5,8255121578085;135,89343593488;UHE Castro Alves - CAV SNIRH.xlsx;b8f0487a-df73-4f8d-8b22-bb49cf9f3683;https://metadados.snirh.gov.br/files/b8f0487a-df73-4f8d-8b22-bb49cf9f3683/Castro_Alves.zip
Castro Alves;245,54999999999905;245,39999999999904;5,8263939807086995;135,95170216318;UHE Castro Alves - CAV SNIRH.xlsx;b8f0487a-df73-4f8d-8b22-bb49cf9f3683;https://metadados.snirh.gov.br/files/b8f0487a-df73-4f8d-8b22-bb49cf9f3683/Castro_Alves.zip
Castro Alves;245,55999999999904;245,40999999999903;5,8272728424308005;136,00997601362;UHE Castro Alves - CAV SNIRH.xlsx;b8f0487a-df73-4f8d-8b22-bb49cf9f3683;https://metadados.snirh.gov.br/files/b8f0487a-df73-4f8d-8b22-bb49cf9f3683/Castro_Alves.zip
Castro Alves;245,56999999999903;245,41999999999902;5,8281481765047;136,06826218937002;UHE Castro Alves - CAV SNIRH.xlsx;b8f0487a-df73-4f8d-8b22-bb49cf9f3683;https://metadados.snirh.gov.br/files/b8f0487a-df73-4f8d-8b22-bb49cf9f3683/Castro_Alves.zip
Castro Alves;245,57999999999902;245,429999999999;5,8290199370682;136,12655516217;UHE Castro Alves - CAV SNIRH.xlsx;b8f0487a-df73-4f8d-8b22-bb49cf9f3683;https://metadados.snirh.gov.br/files/b8f0487a-df73-4f8d-8b22-bb49cf9f3683/Castro_Alves.zip
Castro Alves;245,589999999999;245,439999999999;5,829888326615;136,18485562580003;UHE Castro Alves - CAV SNIRH.xlsx;b8f0487a-df73-4f8d-8b22-bb49cf9f3683;https://metadados.snirh.gov.br/files/b8f0487a-df73-4f8d-8b22-bb49cf9f3683/Castro_Alves.zip
Castro Alves;245,599999999999;245,449999999999;5,8307531630735;136,24317027855;UHE Castro Alves - CAV SNIRH.xlsx;b8f0487a-df73-4f8d-8b22-bb49cf9f3683;https://metadados.snirh.gov.br/files/b8f0487a-df73-4f8d-8b22-bb49cf9f3683/Castro_Alves.zip
Castro Alves;245,609999999999;245,45999999999898;5,8316142114447995;136,30149053934;UHE Castro Alves - CAV SNIRH.xlsx;b8f0487a-df73-4f8d-8b22-bb49cf9f3683;https://metadados.snirh.gov.br/files/b8f0487a-df73-4f8d-8b22-bb49cf9f3683/Castro_Alves.zip
Castro Alves;245,61999999999898;245,46999999999898;5,8324713765865;136,35981789171;UHE Castro Alves - CAV SNIRH.xlsx;b8f0487a-df73-4f8d-8b22-bb49cf9f3683;https://metadados.snirh.gov.br/files/b8f0487a-df73-4f8d-8b22-bb49cf9f3683/Castro_Alves.zip
Castro Alves;245,62999999999897;245,47999999999897;5,833324614964;136,41815683034;UHE Castro Alves - CAV SNIRH.xlsx;b8f0487a-df73-4f8d-8b22-bb49cf9f3683;https://metadados.snirh.gov.br/files/b8f0487a-df73-4f8d-8b22-bb49cf9f3683/Castro_Alves.zip
Castro Alves;245,63999999999896;245,48999999999896;5,8341737793926;136,47650283329;UHE Castro Alves - CAV SNIRH.xlsx;b8f0487a-df73-4f8d-8b22-bb49cf9f3683;https://metadados.snirh.gov.br/files/b8f0487a-df73-4f8d-8b22-bb49cf9f3683/Castro_Alves.zip
Castro Alves;245,64999999999895;245,49999999999895;5,835018738304;136,53486345914;UHE Castro Alves - CAV SNIRH.xlsx;b8f0487a-df73-4f8d-8b22-bb49cf9f3683;https://metadados.snirh.gov.br/files/b8f0487a-df73-4f8d-8b22-bb49cf9f3683/Castro_Alves.zip
Castro Alves;245,65999999999894;245,50999999999894;5,8358591248188;136,59322800452;UHE Castro Alves - CAV SNIRH.xlsx;b8f0487a-df73-4f8d-8b22-bb49cf9f3683;https://metadados.snirh.gov.br/files/b8f0487a-df73-4f8d-8b22-bb49cf9f3683/Castro_Alves.zip
Castro Alves;245,66999999999894;245,51999999999893;5,8366948150706;136,651600968;UHE Castro Alves - CAV SNIRH.xlsx;b8f0487a-df73-4f8d-8b22-bb49cf9f3683;https://metadados.snirh.gov.br/files/b8f0487a-df73-4f8d-8b22-bb49cf9f3683/Castro_Alves.zip
Castro Alves;245,67999999999893;245,52999999999892;5,8375258901082;136,70998492622;UHE Castro Alves - CAV SNIRH.xlsx;b8f0487a-df73-4f8d-8b22-bb49cf9f3683;https://metadados.snirh.gov.br/files/b8f0487a-df73-4f8d-8b22-bb49cf9f3683/Castro_Alves.zip
Castro Alves;245,68999999999892;245,5399999999989;5,8383538988992;136,76838169713;UHE Castro Alves - CAV SNIRH.xlsx;b8f0487a-df73-4f8d-8b22-bb49cf9f3683;https://metadados.snirh.gov.br/files/b8f0487a-df73-4f8d-8b22-bb49cf9f3683/Castro_Alves.zip
Castro Alves;245,6999999999989;245,5499999999989;5,8391852534469;136,82678615974;UHE Castro Alves - CAV SNIRH.xlsx;b8f0487a-df73-4f8d-8b22-bb49cf9f3683;https://metadados.snirh.gov.br/files/b8f0487a-df73-4f8d-8b22-bb49cf9f3683/Castro_Alves.zip
Castro Alves;245,7099999999989;245,5599999999989;5,8400120547137;136,88519556426002;UHE Castro Alves - CAV SNIRH.xlsx;b8f0487a-df73-4f8d-8b22-bb49cf9f3683;https://metadados.snirh.gov.br/files/b8f0487a-df73-4f8d-8b22-bb49cf9f3683/Castro_Alves.zip
Castro Alves;245,7199999999989;245,56999999999888;5,8408342788322;136,94360633322998;UHE Castro Alves - CAV SNIRH.xlsx;b8f0487a-df73-4f8d-8b22-bb49cf9f3683;https://metadados.snirh.gov.br/files/b8f0487a-df73-4f8d-8b22-bb49cf9f3683/Castro_Alves.zip
Castro Alves;245,72999999999888;245,57999999999888;5,8416518490183;137,00203174235;UHE Castro Alves - CAV SNIRH.xlsx;b8f0487a-df73-4f8d-8b22-bb49cf9f3683;https://metadados.snirh.gov.br/files/b8f0487a-df73-4f8d-8b22-bb49cf9f3683/Castro_Alves.zip
Castro Alves;245,73999999999887;245,58999999999887;5,842465304487201;137,06046437667;UHE Castro Alves - CAV SNIRH.xlsx;b8f0487a-df73-4f8d-8b22-bb49cf9f3683;https://metadados.snirh.gov.br/files/b8f0487a-df73-4f8d-8b22-bb49cf9f3683/Castro_Alves.zip
Castro Alves;245,74999999999886;245,59999999999886;5,8432746884926;137,11890973317;UHE Castro Alves - CAV SNIRH.xlsx;b8f0487a-df73-4f8d-8b22-bb49cf9f3683;https://metadados.snirh.gov.br/files/b8f0487a-df73-4f8d-8b22-bb49cf9f3683/Castro_Alves.zip
Castro Alves;245,75999999999885;245,60999999999885;5,844080447688;137,17736235709;UHE Castro Alves - CAV SNIRH.xlsx;b8f0487a-df73-4f8d-8b22-bb49cf9f3683;https://metadados.snirh.gov.br/files/b8f0487a-df73-4f8d-8b22-bb49cf9f3683/Castro_Alves.zip
Castro Alves;245,76999999999884;245,61999999999884;5,844878917309;137,23582190593;UHE Castro Alves - CAV SNIRH.xlsx;b8f0487a-df73-4f8d-8b22-bb49cf9f3683;https://metadados.snirh.gov.br/files/b8f0487a-df73-4f8d-8b22-bb49cf9f3683/Castro_Alves.zip
Castro Alves;245,77999999999884;245,62999999999883;5,8456711499802;137,29428770522;UHE Castro Alves - CAV SNIRH.xlsx;b8f0487a-df73-4f8d-8b22-bb49cf9f3683;https://metadados.snirh.gov.br/files/b8f0487a-df73-4f8d-8b22-bb49cf9f3683/Castro_Alves.zip
Castro Alves;245,78999999999883;245,63999999999882;5,8464575028187;137,35276765379;UHE Castro Alves - CAV SNIRH.xlsx;b8f0487a-df73-4f8d-8b22-bb49cf9f3683;https://metadados.snirh.gov.br/files/b8f0487a-df73-4f8d-8b22-bb49cf9f3683/Castro_Alves.zip
Castro Alves;245,79999999999882;245,6499999999988;5,847237225710599;137,41125193999002;UHE Castro Alves - CAV SNIRH.xlsx;b8f0487a-df73-4f8d-8b22-bb49cf9f3683;https://metadados.snirh.gov.br/files/b8f0487a-df73-4f8d-8b22-bb49cf9f3683/Castro_Alves.zip
Castro Alves;245,8099999999988;245,6599999999988;5,8480094199294;137,46974663155;UHE Castro Alves - CAV SNIRH.xlsx;b8f0487a-df73-4f8d-8b22-bb49cf9f3683;https://metadados.snirh.gov.br/files/b8f0487a-df73-4f8d-8b22-bb49cf9f3683/Castro_Alves.zip
Castro Alves;245,8199999999988;245,6699999999988;5,8487740351487;137,52824870296;UHE Castro Alves - CAV SNIRH.xlsx;b8f0487a-df73-4f8d-8b22-bb49cf9f3683;https://metadados.snirh.gov.br/files/b8f0487a-df73-4f8d-8b22-bb49cf9f3683/Castro_Alves.zip
Castro Alves;245,8299999999988;245,67999999999878;5,8495296257307;137,58675859058;UHE Castro Alves - CAV SNIRH.xlsx;b8f0487a-df73-4f8d-8b22-bb49cf9f3683;https://metadados.snirh.gov.br/files/b8f0487a-df73-4f8d-8b22-bb49cf9f3683/Castro_Alves.zip
Castro Alves;245,83999999999878;245,68999999999878;5,8502779136426;137,64527694903998;UHE Castro Alves - CAV SNIRH.xlsx;b8f0487a-df73-4f8d-8b22-bb49cf9f3683;https://metadados.snirh.gov.br/files/b8f0487a-df73-4f8d-8b22-bb49cf9f3683/Castro_Alves.zip
Castro Alves;245,84999999999877;245,69999999999877;5,8510187522041;137,70380528507;UHE Castro Alves - CAV SNIRH.xlsx;b8f0487a-df73-4f8d-8b22-bb49cf9f3683;https://metadados.snirh.gov.br/files/b8f0487a-df73-4f8d-8b22-bb49cf9f3683/Castro_Alves.zip
Castro Alves;245,85999999999876;245,70999999999876;5,8517520234281;137,76233873724;UHE Castro Alves - CAV SNIRH.xlsx;b8f0487a-df73-4f8d-8b22-bb49cf9f3683;https://metadados.snirh.gov.br/files/b8f0487a-df73-4f8d-8b22-bb49cf9f3683/Castro_Alves.zip
Castro Alves;245,86999999999875;245,71999999999875;5,852477410876199;137,82087657348998;UHE Castro Alves - CAV SNIRH.xlsx;b8f0487a-df73-4f8d-8b22-bb49cf9f3683;https://metadados.snirh.gov.br/files/b8f0487a-df73-4f8d-8b22-bb49cf9f3683/Castro_Alves.zip
Castro Alves;245,87999999999874;245,72999999999874;5,8531947532452;137,87942900881;UHE Castro Alves - CAV SNIRH.xlsx;b8f0487a-df73-4f8d-8b22-bb49cf9f3683;https://metadados.snirh.gov.br/files/b8f0487a-df73-4f8d-8b22-bb49cf9f3683/Castro_Alves.zip
Castro Alves;245,88999999999874;245,73999999999873;5,8539042476619;137,93798409205;UHE Castro Alves - CAV SNIRH.xlsx;b8f0487a-df73-4f8d-8b22-bb49cf9f3683;https://metadados.snirh.gov.br/files/b8f0487a-df73-4f8d-8b22-bb49cf9f3683/Castro_Alves.zip
Castro Alves;245,89999999999873;245,74999999999872;5,8546054456781995;137,99655180842998;UHE Castro Alves - CAV SNIRH.xlsx;b8f0487a-df73-4f8d-8b22-bb49cf9f3683;https://metadados.snirh.gov.br/files/b8f0487a-df73-4f8d-8b22-bb49cf9f3683/Castro_Alves.zip
Castro Alves;245,90999999999872;245,7599999999987;5,8552984051281;138,05512240135;UHE Castro Alves - CAV SNIRH.xlsx;b8f0487a-df73-4f8d-8b22-bb49cf9f3683;https://metadados.snirh.gov.br/files/b8f0487a-df73-4f8d-8b22-bb49cf9f3683/Castro_Alves.zip
Castro Alves;245,9199999999987;245,7699999999987;5,8559830139625;138,11370517804;UHE Castro Alves - CAV SNIRH.xlsx;b8f0487a-df73-4f8d-8b22-bb49cf9f3683;https://metadados.snirh.gov.br/files/b8f0487a-df73-4f8d-8b22-bb49cf9f3683/Castro_Alves.zip
Castro Alves;245,9299999999987;245,7799999999987;5,8566588230454;138,17229295311;UHE Castro Alves - CAV SNIRH.xlsx;b8f0487a-df73-4f8d-8b22-bb49cf9f3683;https://metadados.snirh.gov.br/files/b8f0487a-df73-4f8d-8b22-bb49cf9f3683/Castro_Alves.zip
Castro Alves;245,9399999999987;245,78999999999868;5,857325644037401;138,23089281785;UHE Castro Alves - CAV SNIRH.xlsx;b8f0487a-df73-4f8d-8b22-bb49cf9f3683;https://metadados.snirh.gov.br/files/b8f0487a-df73-4f8d-8b22-bb49cf9f3683/Castro_Alves.zip
Castro Alves;245,94999999999868;245,79999999999868;5,8579838005422;138,28949325674;UHE Castro Alves - CAV SNIRH.xlsx;b8f0487a-df73-4f8d-8b22-bb49cf9f3683;https://metadados.snirh.gov.br/files/b8f0487a-df73-4f8d-8b22-bb49cf9f3683/Castro_Alves.zip
Castro Alves;245,95999999999867;245,80999999999867;5,8586339459542;138,34810149954;UHE Castro Alves - CAV SNIRH.xlsx;b8f0487a-df73-4f8d-8b22-bb49cf9f3683;https://metadados.snirh.gov.br/files/b8f0487a-df73-4f8d-8b22-bb49cf9f3683/Castro_Alves.zip
Castro Alves;245,96999999999866;245,81999999999866;5,8592773570855;138,40672173387;UHE Castro Alves - CAV SNIRH.xlsx;b8f0487a-df73-4f8d-8b22-bb49cf9f3683;https://metadados.snirh.gov.br/files/b8f0487a-df73-4f8d-8b22-bb49cf9f3683/Castro_Alves.zip
Castro Alves;245,97999999999865;245,82999999999865;5,8599109230502;138,46534613034;UHE Castro Alves - CAV SNIRH.xlsx;b8f0487a-df73-4f8d-8b22-bb49cf9f3683;https://metadados.snirh.gov.br/files/b8f0487a-df73-4f8d-8b22-bb49cf9f3683/Castro_Alves.zip
Castro Alves;245,98999999999864;245,83999999999864;5,8605303788905;138,52397693677;UHE Castro Alves - CAV SNIRH.xlsx;b8f0487a-df73-4f8d-8b22-bb49cf9f3683;https://metadados.snirh.gov.br/files/b8f0487a-df73-4f8d-8b22-bb49cf9f3683/Castro_Alves.zip
Castro Alves;245,99999999999864;245,84999999999863;5,8611378899631;138,58261576527;UHE Castro Alves - CAV SNIRH.xlsx;b8f0487a-df73-4f8d-8b22-bb49cf9f3683;https://metadados.snirh.gov.br/files/b8f0487a-df73-4f8d-8b22-bb49cf9f3683/Castro_Alves.zip
Castro Alves;246,00999999999863;245,85999999999862;5,8617339152841;138,64126149376;UHE Castro Alves - CAV SNIRH.xlsx;b8f0487a-df73-4f8d-8b22-bb49cf9f3683;https://metadados.snirh.gov.br/files/b8f0487a-df73-4f8d-8b22-bb49cf9f3683/Castro_Alves.zip
Castro Alves;246,01999999999862;245,8699999999986;5,8623186809326;138,69991146273;UHE Castro Alves - CAV SNIRH.xlsx;b8f0487a-df73-4f8d-8b22-bb49cf9f3683;https://metadados.snirh.gov.br/files/b8f0487a-df73-4f8d-8b22-bb49cf9f3683/Castro_Alves.zip
Castro Alves;246,0299999999986;245,8799999999986;5,8628923959443;138,75856943194;UHE Castro Alves - CAV SNIRH.xlsx;b8f0487a-df73-4f8d-8b22-bb49cf9f3683;https://metadados.snirh.gov.br/files/b8f0487a-df73-4f8d-8b22-bb49cf9f3683/Castro_Alves.zip
Castro Alves;246,0399999999986;245,8899999999986;5,8634549748939;138,81723667372998;UHE Castro Alves - CAV SNIRH.xlsx;b8f0487a-df73-4f8d-8b22-bb49cf9f3683;https://metadados.snirh.gov.br/files/b8f0487a-df73-4f8d-8b22-bb49cf9f3683/Castro_Alves.zip
Castro Alves;246,0499999999986;245,89999999999858;5,8640061318949;138,87590899564998;UHE Castro Alves - CAV SNIRH.xlsx;b8f0487a-df73-4f8d-8b22-bb49cf9f3683;https://metadados.snirh.gov.br/files/b8f0487a-df73-4f8d-8b22-bb49cf9f3683/Castro_Alves.zip
Castro Alves;246,05999999999858;245,90999999999858;5,8645457231745;138,93458694125;UHE Castro Alves - CAV SNIRH.xlsx;b8f0487a-df73-4f8d-8b22-bb49cf9f3683;https://metadados.snirh.gov.br/files/b8f0487a-df73-4f8d-8b22-bb49cf9f3683/Castro_Alves.zip
Castro Alves;246,06999999999857;245,91999999999857;5,8650740045998;138,99327254975;UHE Castro Alves - CAV SNIRH.xlsx;b8f0487a-df73-4f8d-8b22-bb49cf9f3683;https://metadados.snirh.gov.br/files/b8f0487a-df73-4f8d-8b22-bb49cf9f3683/Castro_Alves.zip
Castro Alves;246,07999999999856;245,92999999999856;5,865591282667901;139,05196481771;UHE Castro Alves - CAV SNIRH.xlsx;b8f0487a-df73-4f8d-8b22-bb49cf9f3683;https://metadados.snirh.gov.br/files/b8f0487a-df73-4f8d-8b22-bb49cf9f3683/Castro_Alves.zip
Castro Alves;246,08999999999855;245,93999999999855;5,8661030759699;139,11065667551;UHE Castro Alves - CAV SNIRH.xlsx;b8f0487a-df73-4f8d-8b22-bb49cf9f3683;https://metadados.snirh.gov.br/files/b8f0487a-df73-4f8d-8b22-bb49cf9f3683/Castro_Alves.zip
Castro Alves;246,09999999999854;245,94999999999854;5,866599544164;139,16935814453;UHE Castro Alves - CAV SNIRH.xlsx;b8f0487a-df73-4f8d-8b22-bb49cf9f3683;https://metadados.snirh.gov.br/files/b8f0487a-df73-4f8d-8b22-bb49cf9f3683/Castro_Alves.zip
Castro Alves;246,10999999999854;245,95999999999853;5,8670832444513;139,22806176251999;UHE Castro Alves - CAV SNIRH.xlsx;b8f0487a-df73-4f8d-8b22-bb49cf9f3683;https://metadados.snirh.gov.br/files/b8f0487a-df73-4f8d-8b22-bb49cf9f3683/Castro_Alves.zip
Castro Alves;246,11999999999853;245,96999999999852;5,867554067308;139,28677433611;UHE Castro Alves - CAV SNIRH.xlsx;b8f0487a-df73-4f8d-8b22-bb49cf9f3683;https://metadados.snirh.gov.br/files/b8f0487a-df73-4f8d-8b22-bb49cf9f3683/Castro_Alves.zip
Castro Alves;246,12999999999852;245,9799999999985;5,86801257053;139,3454910353;UHE Castro Alves - CAV SNIRH.xlsx;b8f0487a-df73-4f8d-8b22-bb49cf9f3683;https://metadados.snirh.gov.br/files/b8f0487a-df73-4f8d-8b22-bb49cf9f3683/Castro_Alves.zip
Castro Alves;246,1399999999985;245,9899999999985;5,8684582480694;139,40421123432;UHE Castro Alves - CAV SNIRH.xlsx;b8f0487a-df73-4f8d-8b22-bb49cf9f3683;https://metadados.snirh.gov.br/files/b8f0487a-df73-4f8d-8b22-bb49cf9f3683/Castro_Alves.zip
Castro Alves;246,1499999999985;245,9999999999985;5,8688916470005;139,46293546532;UHE Castro Alves - CAV SNIRH.xlsx;b8f0487a-df73-4f8d-8b22-bb49cf9f3683;https://metadados.snirh.gov.br/files/b8f0487a-df73-4f8d-8b22-bb49cf9f3683/Castro_Alves.zip
Castro Alves;246,1599999999985;246,00999999999848;5,8693127047699;139,52166737601;UHE Castro Alves - CAV SNIRH.xlsx;b8f0487a-df73-4f8d-8b22-bb49cf9f3683;https://metadados.snirh.gov.br/files/b8f0487a-df73-4f8d-8b22-bb49cf9f3683/Castro_Alves.zip
Castro Alves;246,16999999999848;246,01999999999848;5,869721265774801;139,58040250039;UHE Castro Alves - CAV SNIRH.xlsx;b8f0487a-df73-4f8d-8b22-bb49cf9f3683;https://metadados.snirh.gov.br/files/b8f0487a-df73-4f8d-8b22-bb49cf9f3683/Castro_Alves.zip
Castro Alves;246,17999999999847;246,02999999999847;5,870117341496201;139,63914415127;UHE Castro Alves - CAV SNIRH.xlsx;b8f0487a-df73-4f8d-8b22-bb49cf9f3683;https://metadados.snirh.gov.br/files/b8f0487a-df73-4f8d-8b22-bb49cf9f3683/Castro_Alves.zip
Castro Alves;246,18999999999846;246,03999999999846;5,8705008998525;139,69788365308;UHE Castro Alves - CAV SNIRH.xlsx;b8f0487a-df73-4f8d-8b22-bb49cf9f3683;https://metadados.snirh.gov.br/files/b8f0487a-df73-4f8d-8b22-bb49cf9f3683/Castro_Alves.zip
Castro Alves;246,19999999999845;246,04999999999845;5,870872192206201;139,75662831022998;UHE Castro Alves - CAV SNIRH.xlsx;b8f0487a-df73-4f8d-8b22-bb49cf9f3683;https://metadados.snirh.gov.br/files/b8f0487a-df73-4f8d-8b22-bb49cf9f3683/Castro_Alves.zip
Castro Alves;246,20999999999844;246,05999999999844;5,8712312374045;139,81538027608002;UHE Castro Alves - CAV SNIRH.xlsx;b8f0487a-df73-4f8d-8b22-bb49cf9f3683;https://metadados.snirh.gov.br/files/b8f0487a-df73-4f8d-8b22-bb49cf9f3683/Castro_Alves.zip
Castro Alves;246,21999999999844;246,06999999999843;5,8715782246826;139,87413520792;UHE Castro Alves - CAV SNIRH.xlsx;b8f0487a-df73-4f8d-8b22-bb49cf9f3683;https://metadados.snirh.gov.br/files/b8f0487a-df73-4f8d-8b22-bb49cf9f3683/Castro_Alves.zip
Castro Alves;246,22999999999843;246,07999999999842;5,871913444516;139,93288965803998;UHE Castro Alves - CAV SNIRH.xlsx;b8f0487a-df73-4f8d-8b22-bb49cf9f3683;https://metadados.snirh.gov.br/files/b8f0487a-df73-4f8d-8b22-bb49cf9f3683/Castro_Alves.zip
Castro Alves;246,23999999999842;246,0899999999984;5,872237021479;139,99164934479998;UHE Castro Alves - CAV SNIRH.xlsx;b8f0487a-df73-4f8d-8b22-bb49cf9f3683;https://metadados.snirh.gov.br/files/b8f0487a-df73-4f8d-8b22-bb49cf9f3683/Castro_Alves.zip
Castro Alves;246,2499999999984;246,0999999999984;5,872548959560801;140,05040735705998;UHE Castro Alves - CAV SNIRH.xlsx;b8f0487a-df73-4f8d-8b22-bb49cf9f3683;https://metadados.snirh.gov.br/files/b8f0487a-df73-4f8d-8b22-bb49cf9f3683/Castro_Alves.zip
Castro Alves;246,2599999999984;246,1099999999984;5,8728494890287;140,10917173079;UHE Castro Alves - CAV SNIRH.xlsx;b8f0487a-df73-4f8d-8b22-bb49cf9f3683;https://metadados.snirh.gov.br/files/b8f0487a-df73-4f8d-8b22-bb49cf9f3683/Castro_Alves.zip
Castro Alves;246,2699999999984;246,11999999999838;5,8731385443774;140,16793912518;UHE Castro Alves - CAV SNIRH.xlsx;b8f0487a-df73-4f8d-8b22-bb49cf9f3683;https://metadados.snirh.gov.br/files/b8f0487a-df73-4f8d-8b22-bb49cf9f3683/Castro_Alves.zip
Castro Alves;246,27999999999838;246,12999999999838;5,8734163623164;140,22670931976;UHE Castro Alves - CAV SNIRH.xlsx;b8f0487a-df73-4f8d-8b22-bb49cf9f3683;https://metadados.snirh.gov.br/files/b8f0487a-df73-4f8d-8b22-bb49cf9f3683/Castro_Alves.zip
Castro Alves;246,28999999999837;246,13999999999837;5,8736831006225;140,28548103036002;UHE Castro Alves - CAV SNIRH.xlsx;b8f0487a-df73-4f8d-8b22-bb49cf9f3683;https://metadados.snirh.gov.br/files/b8f0487a-df73-4f8d-8b22-bb49cf9f3683/Castro_Alves.zip
Castro Alves;246,29999999999836;246,14999999999836;5,8739385859963;140,34425486924;UHE Castro Alves - CAV SNIRH.xlsx;b8f0487a-df73-4f8d-8b22-bb49cf9f3683;https://metadados.snirh.gov.br/files/b8f0487a-df73-4f8d-8b22-bb49cf9f3683/Castro_Alves.zip
Castro Alves;246,30999999999835;246,15999999999835;5,8741832194074;140,40303021018002;UHE Castro Alves - CAV SNIRH.xlsx;b8f0487a-df73-4f8d-8b22-bb49cf9f3683;https://metadados.snirh.gov.br/files/b8f0487a-df73-4f8d-8b22-bb49cf9f3683/Castro_Alves.zip
Castro Alves;246,31999999999834;246,16999999999834;5,8744173194464;140,46181217122;UHE Castro Alves - CAV SNIRH.xlsx;b8f0487a-df73-4f8d-8b22-bb49cf9f3683;https://metadados.snirh.gov.br/files/b8f0487a-df73-4f8d-8b22-bb49cf9f3683/Castro_Alves.zip
Castro Alves;246,32999999999834;246,17999999999833;5,874640864116;140,52059059194;UHE Castro Alves - CAV SNIRH.xlsx;b8f0487a-df73-4f8d-8b22-bb49cf9f3683;https://metadados.snirh.gov.br/files/b8f0487a-df73-4f8d-8b22-bb49cf9f3683/Castro_Alves.zip
Castro Alves;246,33999999999833;246,18999999999832;5,874853791234299;140,57937346805;UHE Castro Alves - CAV SNIRH.xlsx;b8f0487a-df73-4f8d-8b22-bb49cf9f3683;https://metadados.snirh.gov.br/files/b8f0487a-df73-4f8d-8b22-bb49cf9f3683/Castro_Alves.zip
Castro Alves;246,34999999999832;246,1999999999983;5,875055620779801;140,6381603107;UHE Castro Alves - CAV SNIRH.xlsx;b8f0487a-df73-4f8d-8b22-bb49cf9f3683;https://metadados.snirh.gov.br/files/b8f0487a-df73-4f8d-8b22-bb49cf9f3683/Castro_Alves.zip
Castro Alves;246,3599999999983;246,2099999999983;5,875246558357301;140,69695005924;UHE Castro Alves - CAV SNIRH.xlsx;b8f0487a-df73-4f8d-8b22-bb49cf9f3683;https://metadados.snirh.gov.br/files/b8f0487a-df73-4f8d-8b22-bb49cf9f3683/Castro_Alves.zip
Castro Alves;246,3699999999983;246,2199999999983;5,8754272002869;140,75574288559;UHE Castro Alves - CAV SNIRH.xlsx;b8f0487a-df73-4f8d-8b22-bb49cf9f3683;https://metadados.snirh.gov.br/files/b8f0487a-df73-4f8d-8b22-bb49cf9f3683/Castro_Alves.zip
Castro Alves;246,3799999999983;246,22999999999828;5,8755981343451005;140,81453451605;UHE Castro Alves - CAV SNIRH.xlsx;b8f0487a-df73-4f8d-8b22-bb49cf9f3683;https://metadados.snirh.gov.br/files/b8f0487a-df73-4f8d-8b22-bb49cf9f3683/Castro_Alves.zip
Castro Alves;246,38999999999828;246,23999999999828;5,875757960269301;140,87332380424;UHE Castro Alves - CAV SNIRH.xlsx;b8f0487a-df73-4f8d-8b22-bb49cf9f3683;https://metadados.snirh.gov.br/files/b8f0487a-df73-4f8d-8b22-bb49cf9f3683/Castro_Alves.zip
Castro Alves;246,39999999999827;246,24999999999827;5,8759067720887;140,9321174765;UHE Castro Alves - CAV SNIRH.xlsx;b8f0487a-df73-4f8d-8b22-bb49cf9f3683;https://metadados.snirh.gov.br/files/b8f0487a-df73-4f8d-8b22-bb49cf9f3683/Castro_Alves.zip
Castro Alves;246,40999999999826;246,25999999999826;5,876046812641801;140,99091069484;UHE Castro Alves - CAV SNIRH.xlsx;b8f0487a-df73-4f8d-8b22-bb49cf9f3683;https://metadados.snirh.gov.br/files/b8f0487a-df73-4f8d-8b22-bb49cf9f3683/Castro_Alves.zip
Castro Alves;246,41999999999825;246,26999999999825;5,8761727174342;141,04970659235002;UHE Castro Alves - CAV SNIRH.xlsx;b8f0487a-df73-4f8d-8b22-bb49cf9f3683;https://metadados.snirh.gov.br/files/b8f0487a-df73-4f8d-8b22-bb49cf9f3683/Castro_Alves.zip
Castro Alves;246,43;246,28;5,8762843339398;141,10850279733;UHE Castro Alves - CAV SNIRH.xlsx;b8f0487a-df73-4f8d-8b22-bb49cf9f3683;https://metadados.snirh.gov.br/files/b8f0487a-df73-4f8d-8b22-bb49cf9f3683/Castro_Alves.zip
Castro Alves;246,44;246,29;5,8763810619706;141,16729553913999;UHE Castro Alves - CAV SNIRH.xlsx;b8f0487a-df73-4f8d-8b22-bb49cf9f3683;https://metadados.snirh.gov.br/files/b8f0487a-df73-4f8d-8b22-bb49cf9f3683/Castro_Alves.zip
Monte Claro;116,88;116,75;0,0;0,0;UHE Monte Claro - CAV SNIRH.xlsx;b8f0487a-df73-4f8d-8b22-bb49cf9f3683;https://metadados.snirh.gov.br/files/b8f0487a-df73-4f8d-8b22-bb49cf9f3683/Monte_Claro.zip
Monte Claro;116,97999999999999;116,85;1,1828777061728e-05;4,0133857450813997e-07;UHE Monte Claro - CAV SNIRH.xlsx;b8f0487a-df73-4f8d-8b22-bb49cf9f3683;https://metadados.snirh.gov.br/files/b8f0487a-df73-4f8d-8b22-bb49cf9f3683/Monte_Claro.zip
Monte Claro;117,07999999999998;116,94999999999999;2,5988696643407e-05;2,2861525192143998e-06;UHE Monte Claro - CAV SNIRH.xlsx;b8f0487a-df73-4f8d-8b22-bb49cf9f3683;https://metadados.snirh.gov.br/files/b8f0487a-df73-4f8d-8b22-bb49cf9f3683/Monte_Claro.zip
Monte Claro;117,17999999999998;117,04999999999998;4,2704809126091e-05;5,6724266356723005e-06;UHE Monte Claro - CAV SNIRH.xlsx;b8f0487a-df73-4f8d-8b22-bb49cf9f3683;https://metadados.snirh.gov.br/files/b8f0487a-df73-4f8d-8b22-bb49cf9f3683/Monte_Claro.zip
Monte Claro;117,27999999999997;117,14999999999998;5,9022273465087995e-05;1,0656297244408e-05;UHE Monte Claro - CAV SNIRH.xlsx;b8f0487a-df73-4f8d-8b22-bb49cf9f3683;https://metadados.snirh.gov.br/files/b8f0487a-df73-4f8d-8b22-bb49cf9f3683/Monte_Claro.zip
Monte Claro;117,37999999999997;117,24999999999997;7,872929113327e-05;1,7518247139214e-05;UHE Monte Claro - CAV SNIRH.xlsx;b8f0487a-df73-4f8d-8b22-bb49cf9f3683;https://metadados.snirh.gov.br/files/b8f0487a-df73-4f8d-8b22-bb49cf9f3683/Monte_Claro.zip
Monte Claro;117,47999999999996;117,34999999999997;9,539173346809299e-05;2,6147286959678e-05;UHE Monte Claro - CAV SNIRH.xlsx;b8f0487a-df73-4f8d-8b22-bb49cf9f3683;https://metadados.snirh.gov.br/files/b8f0487a-df73-4f8d-8b22-bb49cf9f3683/Monte_Claro.zip
Monte Claro;117,57999999999996;117,44999999999996;0,00012171896873215;3,6891324923931995e-05;UHE Monte Claro - CAV SNIRH.xlsx;b8f0487a-df73-4f8d-8b22-bb49cf9f3683;https://metadados.snirh.gov.br/files/b8f0487a-df73-4f8d-8b22-bb49cf9f3683/Monte_Claro.zip
Monte Claro;117,67999999999995;117,54999999999995;0,00014513780137021998;5,0217794426902006e-05;UHE Monte Claro - CAV SNIRH.xlsx;b8f0487a-df73-4f8d-8b22-bb49cf9f3683;https://metadados.snirh.gov.br/files/b8f0487a-df73-4f8d-8b22-bb49cf9f3683/Monte_Claro.zip
Monte Claro;117,77999999999994;117,64999999999995;0,00016800491634183002;6,582704713055e-05;UHE Monte Claro - CAV SNIRH.xlsx;b8f0487a-df73-4f8d-8b22-bb49cf9f3683;https://metadados.snirh.gov.br/files/b8f0487a-df73-4f8d-8b22-bb49cf9f3683/Monte_Claro.zip
Monte Claro;117,87999999999994;117,74999999999994;0,00019091727846319;8,3731764641099e-05;UHE Monte Claro - CAV SNIRH.xlsx;b8f0487a-df73-4f8d-8b22-bb49cf9f3683;https://metadados.snirh.gov.br/files/b8f0487a-df73-4f8d-8b22-bb49cf9f3683/Monte_Claro.zip
Monte Claro;117,97999999999993;117,84999999999994;0,00021611624798762;0,00010404635174705;UHE Monte Claro - CAV SNIRH.xlsx;b8f0487a-df73-4f8d-8b22-bb49cf9f3683;https://metadados.snirh.gov.br/files/b8f0487a-df73-4f8d-8b22-bb49cf9f3683/Monte_Claro.zip
Monte Claro;118,07999999999993;117,94999999999993;0,00024352216197981;0,00012682706394185;UHE Monte Claro - CAV SNIRH.xlsx;b8f0487a-df73-4f8d-8b22-bb49cf9f3683;https://metadados.snirh.gov.br/files/b8f0487a-df73-4f8d-8b22-bb49cf9f3683/Monte_Claro.zip
Monte Claro;118,17999999999992;118,04999999999993;0,00027747644941684003;0,00015277990593002;UHE Monte Claro - CAV SNIRH.xlsx;b8f0487a-df73-4f8d-8b22-bb49cf9f3683;https://metadados.snirh.gov.br/files/b8f0487a-df73-4f8d-8b22-bb49cf9f3683/Monte_Claro.zip
Monte Claro;118,27999999999992;118,14999999999992;0,00031033745522375;0,00018206387392260997;UHE Monte Claro - CAV SNIRH.xlsx;b8f0487a-df73-4f8d-8b22-bb49cf9f3683;https://metadados.snirh.gov.br/files/b8f0487a-df73-4f8d-8b22-bb49cf9f3683/Monte_Claro.zip
Monte Claro;118,37999999999991;118,24999999999991;0,00034156791031556005;0,00021452817330091;UHE Monte Claro - CAV SNIRH.xlsx;b8f0487a-df73-4f8d-8b22-bb49cf9f3683;https://metadados.snirh.gov.br/files/b8f0487a-df73-4f8d-8b22-bb49cf9f3683/Monte_Claro.zip
Monte Claro;118,4799999999999;118,34999999999991;0,00037725990618942;0,00025027441029172;UHE Monte Claro - CAV SNIRH.xlsx;b8f0487a-df73-4f8d-8b22-bb49cf9f3683;https://metadados.snirh.gov.br/files/b8f0487a-df73-4f8d-8b22-bb49cf9f3683/Monte_Claro.zip
Monte Claro;118,5799999999999;118,4499999999999;0,00041451737278155003;0,00028981713024975;UHE Monte Claro - CAV SNIRH.xlsx;b8f0487a-df73-4f8d-8b22-bb49cf9f3683;https://metadados.snirh.gov.br/files/b8f0487a-df73-4f8d-8b22-bb49cf9f3683/Monte_Claro.zip
Monte Claro;118,6799999999999;118,5499999999999;0,00044612727352123;0,00033277104653014;UHE Monte Claro - CAV SNIRH.xlsx;b8f0487a-df73-4f8d-8b22-bb49cf9f3683;https://metadados.snirh.gov.br/files/b8f0487a-df73-4f8d-8b22-bb49cf9f3683/Monte_Claro.zip
Monte Claro;118,77999999999989;118,64999999999989;0,00047579011938571;0,0003787377714709;UHE Monte Claro - CAV SNIRH.xlsx;b8f0487a-df73-4f8d-8b22-bb49cf9f3683;https://metadados.snirh.gov.br/files/b8f0487a-df73-4f8d-8b22-bb49cf9f3683/Monte_Claro.zip
Monte Claro;118,87999999999988;118,74999999999989;0,0005047219583696;0,00042769370202401;UHE Monte Claro - CAV SNIRH.xlsx;b8f0487a-df73-4f8d-8b22-bb49cf9f3683;https://metadados.snirh.gov.br/files/b8f0487a-df73-4f8d-8b22-bb49cf9f3683/Monte_Claro.zip
Monte Claro;118,97999999999988;118,84999999999988;0,00053296117161704;0,00047954005543301005;UHE Monte Claro - CAV SNIRH.xlsx;b8f0487a-df73-4f8d-8b22-bb49cf9f3683;https://metadados.snirh.gov.br/files/b8f0487a-df73-4f8d-8b22-bb49cf9f3683/Monte_Claro.zip
Monte Claro;119,07999999999987;118,94999999999987;0,00056021300522144;0,00053411499830349;UHE Monte Claro - CAV SNIRH.xlsx;b8f0487a-df73-4f8d-8b22-bb49cf9f3683;https://metadados.snirh.gov.br/files/b8f0487a-df73-4f8d-8b22-bb49cf9f3683/Monte_Claro.zip
Monte Claro;119,17999999999986;119,04999999999987;0,00058703607934559;0,00059145689274738;UHE Monte Claro - CAV SNIRH.xlsx;b8f0487a-df73-4f8d-8b22-bb49cf9f3683;https://metadados.snirh.gov.br/files/b8f0487a-df73-4f8d-8b22-bb49cf9f3683/Monte_Claro.zip
Monte Claro;119,27999999999986;119,14999999999986;0,00061343847487654;0,00065138741249268;UHE Monte Claro - CAV SNIRH.xlsx;b8f0487a-df73-4f8d-8b22-bb49cf9f3683;https://metadados.snirh.gov.br/files/b8f0487a-df73-4f8d-8b22-bb49cf9f3683/Monte_Claro.zip
Monte Claro;119,37999999999985;119,24999999999986;0,0006430973318722;0,0007141460494159101;UHE Monte Claro - CAV SNIRH.xlsx;b8f0487a-df73-4f8d-8b22-bb49cf9f3683;https://metadados.snirh.gov.br/files/b8f0487a-df73-4f8d-8b22-bb49cf9f3683/Monte_Claro.zip
Monte Claro;119,47999999999985;119,34999999999985;0,00067340159215377;0,00077984548805667;UHE Monte Claro - CAV SNIRH.xlsx;b8f0487a-df73-4f8d-8b22-bb49cf9f3683;https://metadados.snirh.gov.br/files/b8f0487a-df73-4f8d-8b22-bb49cf9f3683/Monte_Claro.zip
Monte Claro;119,57999999999984;119,44999999999985;0,00071236315809057;0,00084879636949294;UHE Monte Claro - CAV SNIRH.xlsx;b8f0487a-df73-4f8d-8b22-bb49cf9f3683;https://metadados.snirh.gov.br/files/b8f0487a-df73-4f8d-8b22-bb49cf9f3683/Monte_Claro.zip
Monte Claro;119,67999999999984;119,54999999999984;0,00077231686193357;0,00092305395413155;UHE Monte Claro - CAV SNIRH.xlsx;b8f0487a-df73-4f8d-8b22-bb49cf9f3683;https://metadados.snirh.gov.br/files/b8f0487a-df73-4f8d-8b22-bb49cf9f3683/Monte_Claro.zip
Monte Claro;119,77999999999983;119,64999999999984;0,00082702363521772;0,0010028814897967;UHE Monte Claro - CAV SNIRH.xlsx;b8f0487a-df73-4f8d-8b22-bb49cf9f3683;https://metadados.snirh.gov.br/files/b8f0487a-df73-4f8d-8b22-bb49cf9f3683/Monte_Claro.zip
Monte Claro;119,87999999999982;119,74999999999983;0,00087865801852139;0,0010880804056033;UHE Monte Claro - CAV SNIRH.xlsx;b8f0487a-df73-4f8d-8b22-bb49cf9f3683;https://metadados.snirh.gov.br/files/b8f0487a-df73-4f8d-8b22-bb49cf9f3683/Monte_Claro.zip
Monte Claro;119,97999999999982;119,84999999999982;0,0009323143017271499;0,0011785128810918;UHE Monte Claro - CAV SNIRH.xlsx;b8f0487a-df73-4f8d-8b22-bb49cf9f3683;https://metadados.snirh.gov.br/files/b8f0487a-df73-4f8d-8b22-bb49cf9f3683/Monte_Claro.zip
Monte Claro;120,07999999999981;119,94999999999982;0,0010144924111718;0,0012751204100853;UHE Monte Claro - CAV SNIRH.xlsx;b8f0487a-df73-4f8d-8b22-bb49cf9f3683;https://metadados.snirh.gov.br/files/b8f0487a-df73-4f8d-8b22-bb49cf9f3683/Monte_Claro.zip
Monte Claro;120,17999999999981;120,04999999999981;0,0010925427153924;0,0013805848660392;UHE Monte Claro - CAV SNIRH.xlsx;b8f0487a-df73-4f8d-8b22-bb49cf9f3683;https://metadados.snirh.gov.br/files/b8f0487a-df73-4f8d-8b22-bb49cf9f3683/Monte_Claro.zip
Monte Claro;120,2799999999998;120,1499999999998;0,0011644586445414;0,0014933437239226;UHE Monte Claro - CAV SNIRH.xlsx;b8f0487a-df73-4f8d-8b22-bb49cf9f3683;https://metadados.snirh.gov.br/files/b8f0487a-df73-4f8d-8b22-bb49cf9f3683/Monte_Claro.zip
Monte Claro;120,3799999999998;120,2499999999998;0,0012484783078867;0,0016135855083545;UHE Monte Claro - CAV SNIRH.xlsx;b8f0487a-df73-4f8d-8b22-bb49cf9f3683;https://metadados.snirh.gov.br/files/b8f0487a-df73-4f8d-8b22-bb49cf9f3683/Monte_Claro.zip
Monte Claro;120,47999999999979;120,3499999999998;0,0013420938831281;0,0017429692476283;UHE Monte Claro - CAV SNIRH.xlsx;b8f0487a-df73-4f8d-8b22-bb49cf9f3683;https://metadados.snirh.gov.br/files/b8f0487a-df73-4f8d-8b22-bb49cf9f3683/Monte_Claro.zip
Monte Claro;120,57999999999979;120,44999999999979;0,0014542093938558001;0,0018822813444141;UHE Monte Claro - CAV SNIRH.xlsx;b8f0487a-df73-4f8d-8b22-bb49cf9f3683;https://metadados.snirh.gov.br/files/b8f0487a-df73-4f8d-8b22-bb49cf9f3683/Monte_Claro.zip
Monte Claro;120,67999999999978;120,54999999999978;0,0015798733763256;0,0020337446665225;UHE Monte Claro - CAV SNIRH.xlsx;b8f0487a-df73-4f8d-8b22-bb49cf9f3683;https://metadados.snirh.gov.br/files/b8f0487a-df73-4f8d-8b22-bb49cf9f3683/Monte_Claro.zip
Monte Claro;120,77999999999977;120,64999999999978;0,0017128111152768999;0,0021980439332975003;UHE Monte Claro - CAV SNIRH.xlsx;b8f0487a-df73-4f8d-8b22-bb49cf9f3683;https://metadados.snirh.gov.br/files/b8f0487a-df73-4f8d-8b22-bb49cf9f3683/Monte_Claro.zip
Monte Claro;120,87999999999977;120,74999999999977;0,0018476229974087;0,0023758567306056996;UHE Monte Claro - CAV SNIRH.xlsx;b8f0487a-df73-4f8d-8b22-bb49cf9f3683;https://metadados.snirh.gov.br/files/b8f0487a-df73-4f8d-8b22-bb49cf9f3683/Monte_Claro.zip
Monte Claro;120,97999999999976;120,84999999999977;0,0019976315906146;0,0025677650290517;UHE Monte Claro - CAV SNIRH.xlsx;b8f0487a-df73-4f8d-8b22-bb49cf9f3683;https://metadados.snirh.gov.br/files/b8f0487a-df73-4f8d-8b22-bb49cf9f3683/Monte_Claro.zip
Monte Claro;121,07999999999976;120,94999999999976;0,0021513492049316002;0,0027750185160573;UHE Monte Claro - CAV SNIRH.xlsx;b8f0487a-df73-4f8d-8b22-bb49cf9f3683;https://metadados.snirh.gov.br/files/b8f0487a-df73-4f8d-8b22-bb49cf9f3683/Monte_Claro.zip
Monte Claro;121,17999999999975;121,04999999999976;0,0022946119446981003;0,0029970981745063;UHE Monte Claro - CAV SNIRH.xlsx;b8f0487a-df73-4f8d-8b22-bb49cf9f3683;https://metadados.snirh.gov.br/files/b8f0487a-df73-4f8d-8b22-bb49cf9f3683/Monte_Claro.zip
Monte Claro;121,27999999999975;121,14999999999975;0,0024370454219602997;0,0032334911570861;UHE Monte Claro - CAV SNIRH.xlsx;b8f0487a-df73-4f8d-8b22-bb49cf9f3683;https://metadados.snirh.gov.br/files/b8f0487a-df73-4f8d-8b22-bb49cf9f3683/Monte_Claro.zip
Monte Claro;121,37999999999974;121,24999999999974;0,0025819176920226002;0,0034841781194108;UHE Monte Claro - CAV SNIRH.xlsx;b8f0487a-df73-4f8d-8b22-bb49cf9f3683;https://metadados.snirh.gov.br/files/b8f0487a-df73-4f8d-8b22-bb49cf9f3683/Monte_Claro.zip
Monte Claro;121,47999999999973;121,34999999999974;0,0027798434293424003;0,0037510746714623;UHE Monte Claro - CAV SNIRH.xlsx;b8f0487a-df73-4f8d-8b22-bb49cf9f3683;https://metadados.snirh.gov.br/files/b8f0487a-df73-4f8d-8b22-bb49cf9f3683/Monte_Claro.zip
Monte Claro;121,57999999999973;121,44999999999973;0,0030292613027102003;0,0040406964301949;UHE Monte Claro - CAV SNIRH.xlsx;b8f0487a-df73-4f8d-8b22-bb49cf9f3683;https://metadados.snirh.gov.br/files/b8f0487a-df73-4f8d-8b22-bb49cf9f3683/Monte_Claro.zip
Monte Claro;121,67999999999972;121,54999999999973;0,0033389398764778;0,0043589108783772;UHE Monte Claro - CAV SNIRH.xlsx;b8f0487a-df73-4f8d-8b22-bb49cf9f3683;https://metadados.snirh.gov.br/files/b8f0487a-df73-4f8d-8b22-bb49cf9f3683/Monte_Claro.zip
Monte Claro;121,77999999999972;121,64999999999972;0,0036199366656311;0,0047063827486157;UHE Monte Claro - CAV SNIRH.xlsx;b8f0487a-df73-4f8d-8b22-bb49cf9f3683;https://metadados.snirh.gov.br/files/b8f0487a-df73-4f8d-8b22-bb49cf9f3683/Monte_Claro.zip
Monte Claro;121,87999999999971;121,74999999999972;0,003915469526201401;0,0050830685803217;UHE Monte Claro - CAV SNIRH.xlsx;b8f0487a-df73-4f8d-8b22-bb49cf9f3683;https://metadados.snirh.gov.br/files/b8f0487a-df73-4f8d-8b22-bb49cf9f3683/Monte_Claro.zip
Monte Claro;121,9799999999997;121,84999999999971;0,0041880951554581995;0,0054878776326394;UHE Monte Claro - CAV SNIRH.xlsx;b8f0487a-df73-4f8d-8b22-bb49cf9f3683;https://metadados.snirh.gov.br/files/b8f0487a-df73-4f8d-8b22-bb49cf9f3683/Monte_Claro.zip
Monte Claro;122,0799999999997;121,9499999999997;0,0044601580182196;0,0059199767191883005;UHE Monte Claro - CAV SNIRH.xlsx;b8f0487a-df73-4f8d-8b22-bb49cf9f3683;https://metadados.snirh.gov.br/files/b8f0487a-df73-4f8d-8b22-bb49cf9f3683/Monte_Claro.zip
Monte Claro;122,1799999999997;122,0499999999997;0,004737012099223101;0,0063794190866354;UHE Monte Claro - CAV SNIRH.xlsx;b8f0487a-df73-4f8d-8b22-bb49cf9f3683;https://metadados.snirh.gov.br/files/b8f0487a-df73-4f8d-8b22-bb49cf9f3683/Monte_Claro.zip
Monte Claro;122,27999999999969;122,1499999999997;0,0050294761458527;0,006867321865779301;UHE Monte Claro - CAV SNIRH.xlsx;b8f0487a-df73-4f8d-8b22-bb49cf9f3683;https://metadados.snirh.gov.br/files/b8f0487a-df73-4f8d-8b22-bb49cf9f3683/Monte_Claro.zip
Monte Claro;122,37999999999968;122,24999999999969;0,0053338727878165;0,007384898762625901;UHE Monte Claro - CAV SNIRH.xlsx;b8f0487a-df73-4f8d-8b22-bb49cf9f3683;https://metadados.snirh.gov.br/files/b8f0487a-df73-4f8d-8b22-bb49cf9f3683/Monte_Claro.zip
Monte Claro;122,47999999999968;122,34999999999968;0,0056881209333333;0,0079336992909459;UHE Monte Claro - CAV SNIRH.xlsx;b8f0487a-df73-4f8d-8b22-bb49cf9f3683;https://metadados.snirh.gov.br/files/b8f0487a-df73-4f8d-8b22-bb49cf9f3683/Monte_Claro.zip
Monte Claro;122,57999999999967;122,44999999999968;0,0061373719542273004;0,0085244333466055;UHE Monte Claro - CAV SNIRH.xlsx;b8f0487a-df73-4f8d-8b22-bb49cf9f3683;https://metadados.snirh.gov.br/files/b8f0487a-df73-4f8d-8b22-bb49cf9f3683/Monte_Claro.zip
Monte Claro;122,67999999999967;122,54999999999967;0,0065703088552614;0,0091601970781532;UHE Monte Claro - CAV SNIRH.xlsx;b8f0487a-df73-4f8d-8b22-bb49cf9f3683;https://metadados.snirh.gov.br/files/b8f0487a-df73-4f8d-8b22-bb49cf9f3683/Monte_Claro.zip
Monte Claro;122,77999999999966;122,64999999999966;0,006997691258642499;0,009838036070362799;UHE Monte Claro - CAV SNIRH.xlsx;b8f0487a-df73-4f8d-8b22-bb49cf9f3683;https://metadados.snirh.gov.br/files/b8f0487a-df73-4f8d-8b22-bb49cf9f3683/Monte_Claro.zip
Monte Claro;122,87999999999965;122,74999999999966;0,0074131925958884;0,010558366958022999;UHE Monte Claro - CAV SNIRH.xlsx;b8f0487a-df73-4f8d-8b22-bb49cf9f3683;https://metadados.snirh.gov.br/files/b8f0487a-df73-4f8d-8b22-bb49cf9f3683/Monte_Claro.zip
Monte Claro;122,97999999999965;122,84999999999965;0,0078276355854816;0,011319910568199;UHE Monte Claro - CAV SNIRH.xlsx;b8f0487a-df73-4f8d-8b22-bb49cf9f3683;https://metadados.snirh.gov.br/files/b8f0487a-df73-4f8d-8b22-bb49cf9f3683/Monte_Claro.zip
Monte Claro;123,07999999999964;122,94999999999965;0,0082765211195797;0,012124586114496;UHE Monte Claro - CAV SNIRH.xlsx;b8f0487a-df73-4f8d-8b22-bb49cf9f3683;https://metadados.snirh.gov.br/files/b8f0487a-df73-4f8d-8b22-bb49cf9f3683/Monte_Claro.zip
Monte Claro;123,17999999999964;123,04999999999964;0,0087498882832175;0,012975590109239;UHE Monte Claro - CAV SNIRH.xlsx;b8f0487a-df73-4f8d-8b22-bb49cf9f3683;https://metadados.snirh.gov.br/files/b8f0487a-df73-4f8d-8b22-bb49cf9f3683/Monte_Claro.zip
Monte Claro;123,27999999999963;123,14999999999964;0,0092234708300887;0,013873924650726;UHE Monte Claro - CAV SNIRH.xlsx;b8f0487a-df73-4f8d-8b22-bb49cf9f3683;https://metadados.snirh.gov.br/files/b8f0487a-df73-4f8d-8b22-bb49cf9f3683/Monte_Claro.zip
Monte Claro;123,37999999999963;123,24999999999963;0,009713015708504899;0,014820005365532999;UHE Monte Claro - CAV SNIRH.xlsx;b8f0487a-df73-4f8d-8b22-bb49cf9f3683;https://metadados.snirh.gov.br/files/b8f0487a-df73-4f8d-8b22-bb49cf9f3683/Monte_Claro.zip
Monte Claro;123,47999999999962;123,34999999999962;0,010225767915694;0,015816407390706;UHE Monte Claro - CAV SNIRH.xlsx;b8f0487a-df73-4f8d-8b22-bb49cf9f3683;https://metadados.snirh.gov.br/files/b8f0487a-df73-4f8d-8b22-bb49cf9f3683/Monte_Claro.zip
Monte Claro;123,57999999999961;123,44999999999962;0,010784385533964;0,016865712872679;UHE Monte Claro - CAV SNIRH.xlsx;b8f0487a-df73-4f8d-8b22-bb49cf9f3683;https://metadados.snirh.gov.br/files/b8f0487a-df73-4f8d-8b22-bb49cf9f3683/Monte_Claro.zip
Monte Claro;123,67999999999961;123,54999999999961;0,011402605968292;0,017974086546184;UHE Monte Claro - CAV SNIRH.xlsx;b8f0487a-df73-4f8d-8b22-bb49cf9f3683;https://metadados.snirh.gov.br/files/b8f0487a-df73-4f8d-8b22-bb49cf9f3683/Monte_Claro.zip
Monte Claro;123,7799999999996;123,64999999999961;0,012042988405002;0,019146268597986;UHE Monte Claro - CAV SNIRH.xlsx;b8f0487a-df73-4f8d-8b22-bb49cf9f3683;https://metadados.snirh.gov.br/files/b8f0487a-df73-4f8d-8b22-bb49cf9f3683/Monte_Claro.zip
Monte Claro;123,8799999999996;123,7499999999996;0,012684581385759;0,020382413366405;UHE Monte Claro - CAV SNIRH.xlsx;b8f0487a-df73-4f8d-8b22-bb49cf9f3683;https://metadados.snirh.gov.br/files/b8f0487a-df73-4f8d-8b22-bb49cf9f3683/Monte_Claro.zip
Monte Claro;123,97999999999959;123,8499999999996;0,013316755442489;0,021681988989383002;UHE Monte Claro - CAV SNIRH.xlsx;b8f0487a-df73-4f8d-8b22-bb49cf9f3683;https://metadados.snirh.gov.br/files/b8f0487a-df73-4f8d-8b22-bb49cf9f3683/Monte_Claro.zip
Monte Claro;124,07999999999959;123,94999999999959;0,013947369445388;0,023044257766581;UHE Monte Claro - CAV SNIRH.xlsx;b8f0487a-df73-4f8d-8b22-bb49cf9f3683;https://metadados.snirh.gov.br/files/b8f0487a-df73-4f8d-8b22-bb49cf9f3683/Monte_Claro.zip
Monte Claro;124,17999999999958;124,04999999999959;0,014747532634121;0,024477526768284;UHE Monte Claro - CAV SNIRH.xlsx;b8f0487a-df73-4f8d-8b22-bb49cf9f3683;https://metadados.snirh.gov.br/files/b8f0487a-df73-4f8d-8b22-bb49cf9f3683/Monte_Claro.zip
Monte Claro;124,27999999999957;124,14999999999958;0,015663783528943;0,025996673256953;UHE Monte Claro - CAV SNIRH.xlsx;b8f0487a-df73-4f8d-8b22-bb49cf9f3683;https://metadados.snirh.gov.br/files/b8f0487a-df73-4f8d-8b22-bb49cf9f3683/Monte_Claro.zip
Monte Claro;124,37999999999957;124,24999999999957;0,016647209093878;0,027610490662811002;UHE Monte Claro - CAV SNIRH.xlsx;b8f0487a-df73-4f8d-8b22-bb49cf9f3683;https://metadados.snirh.gov.br/files/b8f0487a-df73-4f8d-8b22-bb49cf9f3683/Monte_Claro.zip
Monte Claro;124,47999999999956;124,34999999999957;0,017661660981881;0,029325807228278;UHE Monte Claro - CAV SNIRH.xlsx;b8f0487a-df73-4f8d-8b22-bb49cf9f3683;https://metadados.snirh.gov.br/files/b8f0487a-df73-4f8d-8b22-bb49cf9f3683/Monte_Claro.zip
Monte Claro;124,57999999999956;124,44999999999956;0,018652272142738;0,031141066031114998;UHE Monte Claro - CAV SNIRH.xlsx;b8f0487a-df73-4f8d-8b22-bb49cf9f3683;https://metadados.snirh.gov.br/files/b8f0487a-df73-4f8d-8b22-bb49cf9f3683/Monte_Claro.zip
Monte Claro;124,67999999999955;124,54999999999956;0,019629877525787;0,033054557864877;UHE Monte Claro - CAV SNIRH.xlsx;b8f0487a-df73-4f8d-8b22-bb49cf9f3683;https://metadados.snirh.gov.br/files/b8f0487a-df73-4f8d-8b22-bb49cf9f3683/Monte_Claro.zip
Monte Claro;124,77999999999955;124,64999999999955;0,020605727460167;0,035066054361410005;UHE Monte Claro - CAV SNIRH.xlsx;b8f0487a-df73-4f8d-8b22-bb49cf9f3683;https://metadados.snirh.gov.br/files/b8f0487a-df73-4f8d-8b22-bb49cf9f3683/Monte_Claro.zip
Monte Claro;124,87999999999954;124,74999999999955;0,0215431722254;0,037172499233648;UHE Monte Claro - CAV SNIRH.xlsx;b8f0487a-df73-4f8d-8b22-bb49cf9f3683;https://metadados.snirh.gov.br/files/b8f0487a-df73-4f8d-8b22-bb49cf9f3683/Monte_Claro.zip
Monte Claro;124,97999999999954;124,84999999999954;0,022501371605937997;0,039374046807225;UHE Monte Claro - CAV SNIRH.xlsx;b8f0487a-df73-4f8d-8b22-bb49cf9f3683;https://metadados.snirh.gov.br/files/b8f0487a-df73-4f8d-8b22-bb49cf9f3683/Monte_Claro.zip
Monte Claro;125,07999999999953;124,94999999999953;0,023526088626171;0,041674162543058;UHE Monte Claro - CAV SNIRH.xlsx;b8f0487a-df73-4f8d-8b22-bb49cf9f3683;https://metadados.snirh.gov.br/files/b8f0487a-df73-4f8d-8b22-bb49cf9f3683/Monte_Claro.zip
Monte Claro;125,17999999999952;125,04999999999953;0,024613161969811;0,044079916311747;UHE Monte Claro - CAV SNIRH.xlsx;b8f0487a-df73-4f8d-8b22-bb49cf9f3683;https://metadados.snirh.gov.br/files/b8f0487a-df73-4f8d-8b22-bb49cf9f3683/Monte_Claro.zip
Monte Claro;125,27999999999952;125,14999999999952;0,025727308699681997;0,046595984286895;UHE Monte Claro - CAV SNIRH.xlsx;b8f0487a-df73-4f8d-8b22-bb49cf9f3683;https://metadados.snirh.gov.br/files/b8f0487a-df73-4f8d-8b22-bb49cf9f3683/Monte_Claro.zip
Monte Claro;125,37999999999951;125,24999999999952;0,026888780222401;0,049225187335553;UHE Monte Claro - CAV SNIRH.xlsx;b8f0487a-df73-4f8d-8b22-bb49cf9f3683;https://metadados.snirh.gov.br/files/b8f0487a-df73-4f8d-8b22-bb49cf9f3683/Monte_Claro.zip
Monte Claro;125,4799999999995;125,34999999999951;0,028141864496771;0,051976205300213;UHE Monte Claro - CAV SNIRH.xlsx;b8f0487a-df73-4f8d-8b22-bb49cf9f3683;https://metadados.snirh.gov.br/files/b8f0487a-df73-4f8d-8b22-bb49cf9f3683/Monte_Claro.zip
Monte Claro;125,5799999999995;125,4499999999995;0,029414224812998;0,054853771237004;UHE Monte Claro - CAV SNIRH.xlsx;b8f0487a-df73-4f8d-8b22-bb49cf9f3683;https://metadados.snirh.gov.br/files/b8f0487a-df73-4f8d-8b22-bb49cf9f3683/Monte_Claro.zip
Monte Claro;125,6799999999995;125,5499999999995;0,030679759788843998;0,057858138326178;UHE Monte Claro - CAV SNIRH.xlsx;b8f0487a-df73-4f8d-8b22-bb49cf9f3683;https://metadados.snirh.gov.br/files/b8f0487a-df73-4f8d-8b22-bb49cf9f3683/Monte_Claro.zip
Monte Claro;125,77999999999949;125,6499999999995;0,031942073948586;0,0609882478466;UHE Monte Claro - CAV SNIRH.xlsx;b8f0487a-df73-4f8d-8b22-bb49cf9f3683;https://metadados.snirh.gov.br/files/b8f0487a-df73-4f8d-8b22-bb49cf9f3683/Monte_Claro.zip
Monte Claro;125,87999999999948;125,74999999999949;0,033236249214384;0,064246244405656;UHE Monte Claro - CAV SNIRH.xlsx;b8f0487a-df73-4f8d-8b22-bb49cf9f3683;https://metadados.snirh.gov.br/files/b8f0487a-df73-4f8d-8b22-bb49cf9f3683/Monte_Claro.zip
Monte Claro;125,97999999999948;125,84999999999948;0,034663091090148;0,067638372823645;UHE Monte Claro - CAV SNIRH.xlsx;b8f0487a-df73-4f8d-8b22-bb49cf9f3683;https://metadados.snirh.gov.br/files/b8f0487a-df73-4f8d-8b22-bb49cf9f3683/Monte_Claro.zip
Monte Claro;126,07999999999947;125,94999999999948;0,036166930578952;0,071178227524963;UHE Monte Claro - CAV SNIRH.xlsx;b8f0487a-df73-4f8d-8b22-bb49cf9f3683;https://metadados.snirh.gov.br/files/b8f0487a-df73-4f8d-8b22-bb49cf9f3683/Monte_Claro.zip
Monte Claro;126,17999999999947;126,04999999999947;0,037752156501268;0,074873574881931;UHE Monte Claro - CAV SNIRH.xlsx;b8f0487a-df73-4f8d-8b22-bb49cf9f3683;https://metadados.snirh.gov.br/files/b8f0487a-df73-4f8d-8b22-bb49cf9f3683/Monte_Claro.zip
Monte Claro;126,27999999999946;126,14999999999947;0,039356763428833;0,078727903765458;UHE Monte Claro - CAV SNIRH.xlsx;b8f0487a-df73-4f8d-8b22-bb49cf9f3683;https://metadados.snirh.gov.br/files/b8f0487a-df73-4f8d-8b22-bb49cf9f3683/Monte_Claro.zip
Monte Claro;126,37999999999946;126,24999999999946;0,04116001368167;0,08275262973117499;UHE Monte Claro - CAV SNIRH.xlsx;b8f0487a-df73-4f8d-8b22-bb49cf9f3683;https://metadados.snirh.gov.br/files/b8f0487a-df73-4f8d-8b22-bb49cf9f3683/Monte_Claro.zip
Monte Claro;126,47999999999945;126,34999999999945;0,043016583793637;0,086960293707343;UHE Monte Claro - CAV SNIRH.xlsx;b8f0487a-df73-4f8d-8b22-bb49cf9f3683;https://metadados.snirh.gov.br/files/b8f0487a-df73-4f8d-8b22-bb49cf9f3683/Monte_Claro.zip
Monte Claro;126,57999999999944;126,44999999999945;0,044948435510723;0,091356435042208;UHE Monte Claro - CAV SNIRH.xlsx;b8f0487a-df73-4f8d-8b22-bb49cf9f3683;https://metadados.snirh.gov.br/files/b8f0487a-df73-4f8d-8b22-bb49cf9f3683/Monte_Claro.zip
Monte Claro;126,67999999999944;126,54999999999944;0,047152789752275;0,095959407534247;UHE Monte Claro - CAV SNIRH.xlsx;b8f0487a-df73-4f8d-8b22-bb49cf9f3683;https://metadados.snirh.gov.br/files/b8f0487a-df73-4f8d-8b22-bb49cf9f3683/Monte_Claro.zip
Monte Claro;126,77999999999943;126,64999999999944;0,049580061508053;0,10079358014535;UHE Monte Claro - CAV SNIRH.xlsx;b8f0487a-df73-4f8d-8b22-bb49cf9f3683;https://metadados.snirh.gov.br/files/b8f0487a-df73-4f8d-8b22-bb49cf9f3683/Monte_Claro.zip
Monte Claro;126,87999999999943;126,74999999999943;0,052213094185478;0,10587907532488;UHE Monte Claro - CAV SNIRH.xlsx;b8f0487a-df73-4f8d-8b22-bb49cf9f3683;https://metadados.snirh.gov.br/files/b8f0487a-df73-4f8d-8b22-bb49cf9f3683/Monte_Claro.zip
Monte Claro;126,97999999999942;126,84999999999943;0,05518777636691;0,11124973426261;UHE Monte Claro - CAV SNIRH.xlsx;b8f0487a-df73-4f8d-8b22-bb49cf9f3683;https://metadados.snirh.gov.br/files/b8f0487a-df73-4f8d-8b22-bb49cf9f3683/Monte_Claro.zip
Monte Claro;127,07999999999942;126,94999999999942;0,058108774329719996;0,11691289474823;UHE Monte Claro - CAV SNIRH.xlsx;b8f0487a-df73-4f8d-8b22-bb49cf9f3683;https://metadados.snirh.gov.br/files/b8f0487a-df73-4f8d-8b22-bb49cf9f3683/Monte_Claro.zip
Monte Claro;127,17999999999941;127,04999999999941;0,061284921919883;0,12287750167992;UHE Monte Claro - CAV SNIRH.xlsx;b8f0487a-df73-4f8d-8b22-bb49cf9f3683;https://metadados.snirh.gov.br/files/b8f0487a-df73-4f8d-8b22-bb49cf9f3683/Monte_Claro.zip
Monte Claro;127,2799999999994;127,14999999999941;0,06493405515140001;0,12918442219169998;UHE Monte Claro - CAV SNIRH.xlsx;b8f0487a-df73-4f8d-8b22-bb49cf9f3683;https://metadados.snirh.gov.br/files/b8f0487a-df73-4f8d-8b22-bb49cf9f3683/Monte_Claro.zip
Monte Claro;127,3799999999994;127,2499999999994;0,06879528847919;0,13587023824571;UHE Monte Claro - CAV SNIRH.xlsx;b8f0487a-df73-4f8d-8b22-bb49cf9f3683;https://metadados.snirh.gov.br/files/b8f0487a-df73-4f8d-8b22-bb49cf9f3683/Monte_Claro.zip
Monte Claro;127,4799999999994;127,3499999999994;0,07250780806802;0,14293412400875;UHE Monte Claro - CAV SNIRH.xlsx;b8f0487a-df73-4f8d-8b22-bb49cf9f3683;https://metadados.snirh.gov.br/files/b8f0487a-df73-4f8d-8b22-bb49cf9f3683/Monte_Claro.zip
Monte Claro;127,57999999999939;127,44999999999939;0,076403500027742;0,15038138073850998;UHE Monte Claro - CAV SNIRH.xlsx;b8f0487a-df73-4f8d-8b22-bb49cf9f3683;https://metadados.snirh.gov.br/files/b8f0487a-df73-4f8d-8b22-bb49cf9f3683/Monte_Claro.zip
Monte Claro;127,67999999999938;127,54999999999939;0,079927272959398;0,15819873530515002;UHE Monte Claro - CAV SNIRH.xlsx;b8f0487a-df73-4f8d-8b22-bb49cf9f3683;https://metadados.snirh.gov.br/files/b8f0487a-df73-4f8d-8b22-bb49cf9f3683/Monte_Claro.zip
Monte Claro;127,77999999999938;127,64999999999938;0,083611104590859;0,16637209288854998;UHE Monte Claro - CAV SNIRH.xlsx;b8f0487a-df73-4f8d-8b22-bb49cf9f3683;https://metadados.snirh.gov.br/files/b8f0487a-df73-4f8d-8b22-bb49cf9f3683/Monte_Claro.zip
Monte Claro;127,87999999999937;127,74999999999937;0,087541964795231;0,17492563151534002;UHE Monte Claro - CAV SNIRH.xlsx;b8f0487a-df73-4f8d-8b22-bb49cf9f3683;https://metadados.snirh.gov.br/files/b8f0487a-df73-4f8d-8b22-bb49cf9f3683/Monte_Claro.zip
Monte Claro;127,97999999999936;127,84999999999937;0,091485889813974;0,18387849754222;UHE Monte Claro - CAV SNIRH.xlsx;b8f0487a-df73-4f8d-8b22-bb49cf9f3683;https://metadados.snirh.gov.br/files/b8f0487a-df73-4f8d-8b22-bb49cf9f3683/Monte_Claro.zip
Monte Claro;128,07999999999936;127,94999999999936;0,095305268360679;0,19321746701528;UHE Monte Claro - CAV SNIRH.xlsx;b8f0487a-df73-4f8d-8b22-bb49cf9f3683;https://metadados.snirh.gov.br/files/b8f0487a-df73-4f8d-8b22-bb49cf9f3683/Monte_Claro.zip
Monte Claro;128,17999999999935;128,04999999999936;0,09905656897285;0,20293501576795;UHE Monte Claro - CAV SNIRH.xlsx;b8f0487a-df73-4f8d-8b22-bb49cf9f3683;https://metadados.snirh.gov.br/files/b8f0487a-df73-4f8d-8b22-bb49cf9f3683/Monte_Claro.zip
Monte Claro;128,27999999999935;128,14999999999935;0,10277807512118;0,21302589746047002;UHE Monte Claro - CAV SNIRH.xlsx;b8f0487a-df73-4f8d-8b22-bb49cf9f3683;https://metadados.snirh.gov.br/files/b8f0487a-df73-4f8d-8b22-bb49cf9f3683/Monte_Claro.zip
Monte Claro;128,37999999999934;128,24999999999935;0,10659240775493;0,22349315251836;UHE Monte Claro - CAV SNIRH.xlsx;b8f0487a-df73-4f8d-8b22-bb49cf9f3683;https://metadados.snirh.gov.br/files/b8f0487a-df73-4f8d-8b22-bb49cf9f3683/Monte_Claro.zip
Monte Claro;128,47999999999934;128,34999999999934;0,11048089263088;0,23434332035458;UHE Monte Claro - CAV SNIRH.xlsx;b8f0487a-df73-4f8d-8b22-bb49cf9f3683;https://metadados.snirh.gov.br/files/b8f0487a-df73-4f8d-8b22-bb49cf9f3683/Monte_Claro.zip
Monte Claro;128,57999999999933;128,44999999999933;0,11453450007722;0,24559477724620002;UHE Monte Claro - CAV SNIRH.xlsx;b8f0487a-df73-4f8d-8b22-bb49cf9f3683;https://metadados.snirh.gov.br/files/b8f0487a-df73-4f8d-8b22-bb49cf9f3683/Monte_Claro.zip
Monte Claro;128,67999999999932;128,54999999999933;0,11867864364196001;0,25725315677328;UHE Monte Claro - CAV SNIRH.xlsx;b8f0487a-df73-4f8d-8b22-bb49cf9f3683;https://metadados.snirh.gov.br/files/b8f0487a-df73-4f8d-8b22-bb49cf9f3683/Monte_Claro.zip
Monte Claro;128,77999999999932;128,64999999999932;0,12288592574455999;0,26933115636414;UHE Monte Claro - CAV SNIRH.xlsx;b8f0487a-df73-4f8d-8b22-bb49cf9f3683;https://metadados.snirh.gov.br/files/b8f0487a-df73-4f8d-8b22-bb49cf9f3683/Monte_Claro.zip
Monte Claro;128,8799999999993;128,74999999999932;0,12694553775393;0,28182248837708;UHE Monte Claro - CAV SNIRH.xlsx;b8f0487a-df73-4f8d-8b22-bb49cf9f3683;https://metadados.snirh.gov.br/files/b8f0487a-df73-4f8d-8b22-bb49cf9f3683/Monte_Claro.zip
Monte Claro;128,9799999999993;128,8499999999993;0,13104773980882;0,2947194774135;UHE Monte Claro - CAV SNIRH.xlsx;b8f0487a-df73-4f8d-8b22-bb49cf9f3683;https://metadados.snirh.gov.br/files/b8f0487a-df73-4f8d-8b22-bb49cf9f3683/Monte_Claro.zip
Monte Claro;129,0799999999993;128,9499999999993;0,13502870367827;0,30802663168475003;UHE Monte Claro - CAV SNIRH.xlsx;b8f0487a-df73-4f8d-8b22-bb49cf9f3683;https://metadados.snirh.gov.br/files/b8f0487a-df73-4f8d-8b22-bb49cf9f3683/Monte_Claro.zip
Monte Claro;129,1799999999993;129,0499999999993;0,13890756488181;0,32172220521975;UHE Monte Claro - CAV SNIRH.xlsx;b8f0487a-df73-4f8d-8b22-bb49cf9f3683;https://metadados.snirh.gov.br/files/b8f0487a-df73-4f8d-8b22-bb49cf9f3683/Monte_Claro.zip
Monte Claro;129,2799999999993;129,1499999999993;0,14292515869462002;0,33581227597024;UHE Monte Claro - CAV SNIRH.xlsx;b8f0487a-df73-4f8d-8b22-bb49cf9f3683;https://metadados.snirh.gov.br/files/b8f0487a-df73-4f8d-8b22-bb49cf9f3683/Monte_Claro.zip
Monte Claro;129,37999999999928;129,2499999999993;0,14698833880432;0,35030716241339;UHE Monte Claro - CAV SNIRH.xlsx;b8f0487a-df73-4f8d-8b22-bb49cf9f3683;https://metadados.snirh.gov.br/files/b8f0487a-df73-4f8d-8b22-bb49cf9f3683/Monte_Claro.zip
Monte Claro;129,47999999999928;129,34999999999928;0,15125395596473;0,36521476950662;UHE Monte Claro - CAV SNIRH.xlsx;b8f0487a-df73-4f8d-8b22-bb49cf9f3683;https://metadados.snirh.gov.br/files/b8f0487a-df73-4f8d-8b22-bb49cf9f3683/Monte_Claro.zip
Monte Claro;129,57999999999927;129,44999999999928;0,15573822701501;0,3805635735129;UHE Monte Claro - CAV SNIRH.xlsx;b8f0487a-df73-4f8d-8b22-bb49cf9f3683;https://metadados.snirh.gov.br/files/b8f0487a-df73-4f8d-8b22-bb49cf9f3683/Monte_Claro.zip
Monte Claro;129,67999999999927;129,54999999999927;0,16027277926958;0,39636281692924;UHE Monte Claro - CAV SNIRH.xlsx;b8f0487a-df73-4f8d-8b22-bb49cf9f3683;https://metadados.snirh.gov.br/files/b8f0487a-df73-4f8d-8b22-bb49cf9f3683/Monte_Claro.zip
Monte Claro;129,77999999999926;129,64999999999927;0,16509732076265;0,41262510118166;UHE Monte Claro - CAV SNIRH.xlsx;b8f0487a-df73-4f8d-8b22-bb49cf9f3683;https://metadados.snirh.gov.br/files/b8f0487a-df73-4f8d-8b22-bb49cf9f3683/Monte_Claro.zip
Monte Claro;129,87999999999926;129,74999999999926;0,17080167639939;0,42941429007976;UHE Monte Claro - CAV SNIRH.xlsx;b8f0487a-df73-4f8d-8b22-bb49cf9f3683;https://metadados.snirh.gov.br/files/b8f0487a-df73-4f8d-8b22-bb49cf9f3683/Monte_Claro.zip
Monte Claro;129,97999999999925;129,84999999999926;0,17654768657729;0,44678606198213;UHE Monte Claro - CAV SNIRH.xlsx;b8f0487a-df73-4f8d-8b22-bb49cf9f3683;https://metadados.snirh.gov.br/files/b8f0487a-df73-4f8d-8b22-bb49cf9f3683/Monte_Claro.zip
Monte Claro;130,07999999999925;129,94999999999925;0,18201553809461002;0,46471238111279;UHE Monte Claro - CAV SNIRH.xlsx;b8f0487a-df73-4f8d-8b22-bb49cf9f3683;https://metadados.snirh.gov.br/files/b8f0487a-df73-4f8d-8b22-bb49cf9f3683/Monte_Claro.zip
Monte Claro;130,17999999999924;130,04999999999924;0,18751881419767;0,48318692441447;UHE Monte Claro - CAV SNIRH.xlsx;b8f0487a-df73-4f8d-8b22-bb49cf9f3683;https://metadados.snirh.gov.br/files/b8f0487a-df73-4f8d-8b22-bb49cf9f3683/Monte_Claro.zip
Monte Claro;130,27999999999923;130,14999999999924;0,19326695081151;0,50221877054382;UHE Monte Claro - CAV SNIRH.xlsx;b8f0487a-df73-4f8d-8b22-bb49cf9f3683;https://metadados.snirh.gov.br/files/b8f0487a-df73-4f8d-8b22-bb49cf9f3683/Monte_Claro.zip
Monte Claro;130,37999999999923;130,24999999999923;0,19987196642347999;0,52187039450627;UHE Monte Claro - CAV SNIRH.xlsx;b8f0487a-df73-4f8d-8b22-bb49cf9f3683;https://metadados.snirh.gov.br/files/b8f0487a-df73-4f8d-8b22-bb49cf9f3683/Monte_Claro.zip
Monte Claro;130,47999999999922;130,34999999999923;0,20660567333990998;0,5421949761229;UHE Monte Claro - CAV SNIRH.xlsx;b8f0487a-df73-4f8d-8b22-bb49cf9f3683;https://metadados.snirh.gov.br/files/b8f0487a-df73-4f8d-8b22-bb49cf9f3683/Monte_Claro.zip
Monte Claro;130,57999999999922;130,44999999999922;0,213315401221;0,5631918636309;UHE Monte Claro - CAV SNIRH.xlsx;b8f0487a-df73-4f8d-8b22-bb49cf9f3683;https://metadados.snirh.gov.br/files/b8f0487a-df73-4f8d-8b22-bb49cf9f3683/Monte_Claro.zip
Monte Claro;130,6799999999992;130,54999999999922;0,21987817895711;0,58484902729116;UHE Monte Claro - CAV SNIRH.xlsx;b8f0487a-df73-4f8d-8b22-bb49cf9f3683;https://metadados.snirh.gov.br/files/b8f0487a-df73-4f8d-8b22-bb49cf9f3683/Monte_Claro.zip
Monte Claro;130,7799999999992;130,6499999999992;0,22678644301362;0,60717831535633;UHE Monte Claro - CAV SNIRH.xlsx;b8f0487a-df73-4f8d-8b22-bb49cf9f3683;https://metadados.snirh.gov.br/files/b8f0487a-df73-4f8d-8b22-bb49cf9f3683/Monte_Claro.zip
Monte Claro;130,8799999999992;130,7499999999992;0,23403778087476998;0,63021701571789;UHE Monte Claro - CAV SNIRH.xlsx;b8f0487a-df73-4f8d-8b22-bb49cf9f3683;https://metadados.snirh.gov.br/files/b8f0487a-df73-4f8d-8b22-bb49cf9f3683/Monte_Claro.zip
Monte Claro;130,9799999999992;130,8499999999992;0,2417667931866;0,65400136425194;UHE Monte Claro - CAV SNIRH.xlsx;b8f0487a-df73-4f8d-8b22-bb49cf9f3683;https://metadados.snirh.gov.br/files/b8f0487a-df73-4f8d-8b22-bb49cf9f3683/Monte_Claro.zip
Monte Claro;131,0799999999992;130,9499999999992;0,24981095392522998;0,6785793610530501;UHE Monte Claro - CAV SNIRH.xlsx;b8f0487a-df73-4f8d-8b22-bb49cf9f3683;https://metadados.snirh.gov.br/files/b8f0487a-df73-4f8d-8b22-bb49cf9f3683/Monte_Claro.zip
Monte Claro;131,17999999999918;131,0499999999992;0,25787639807232;0,70396473012533;UHE Monte Claro - CAV SNIRH.xlsx;b8f0487a-df73-4f8d-8b22-bb49cf9f3683;https://metadados.snirh.gov.br/files/b8f0487a-df73-4f8d-8b22-bb49cf9f3683/Monte_Claro.zip
Monte Claro;131,27999999999918;131,14999999999918;0,26585794697969;0,73015154773677;UHE Monte Claro - CAV SNIRH.xlsx;b8f0487a-df73-4f8d-8b22-bb49cf9f3683;https://metadados.snirh.gov.br/files/b8f0487a-df73-4f8d-8b22-bb49cf9f3683/Monte_Claro.zip
Monte Claro;131,37999999999917;131,24999999999918;0,27378287347817004;0,7571337068277301;UHE Monte Claro - CAV SNIRH.xlsx;b8f0487a-df73-4f8d-8b22-bb49cf9f3683;https://metadados.snirh.gov.br/files/b8f0487a-df73-4f8d-8b22-bb49cf9f3683/Monte_Claro.zip
Monte Claro;131,47999999999917;131,34999999999917;0,28192265317636;0,78491355833602;UHE Monte Claro - CAV SNIRH.xlsx;b8f0487a-df73-4f8d-8b22-bb49cf9f3683;https://metadados.snirh.gov.br/files/b8f0487a-df73-4f8d-8b22-bb49cf9f3683/Monte_Claro.zip
Monte Claro;131,57999999999916;131,44999999999916;0,29030915232361;0,81352032393369;UHE Monte Claro - CAV SNIRH.xlsx;b8f0487a-df73-4f8d-8b22-bb49cf9f3683;https://metadados.snirh.gov.br/files/b8f0487a-df73-4f8d-8b22-bb49cf9f3683/Monte_Claro.zip
Monte Claro;131,67999999999915;131,54999999999916;0,29892067236713;0,8429784642524;UHE Monte Claro - CAV SNIRH.xlsx;b8f0487a-df73-4f8d-8b22-bb49cf9f3683;https://metadados.snirh.gov.br/files/b8f0487a-df73-4f8d-8b22-bb49cf9f3683/Monte_Claro.zip
Monte Claro;131,77999999999915;131,64999999999915;0,30782696957193;0,87331287085743;UHE Monte Claro - CAV SNIRH.xlsx;b8f0487a-df73-4f8d-8b22-bb49cf9f3683;https://metadados.snirh.gov.br/files/b8f0487a-df73-4f8d-8b22-bb49cf9f3683/Monte_Claro.zip
Monte Claro;131,87999999999914;131,74999999999915;0,31719120658161004;0,90456098471936;UHE Monte Claro - CAV SNIRH.xlsx;b8f0487a-df73-4f8d-8b22-bb49cf9f3683;https://metadados.snirh.gov.br/files/b8f0487a-df73-4f8d-8b22-bb49cf9f3683/Monte_Claro.zip
Monte Claro;131,97999999999914;131,84999999999914;0,32668109105769;0,93675293186472;UHE Monte Claro - CAV SNIRH.xlsx;b8f0487a-df73-4f8d-8b22-bb49cf9f3683;https://metadados.snirh.gov.br/files/b8f0487a-df73-4f8d-8b22-bb49cf9f3683/Monte_Claro.zip
Monte Claro;132,07999999999913;131,94999999999914;0,33614587381618;0,96989358668716;UHE Monte Claro - CAV SNIRH.xlsx;b8f0487a-df73-4f8d-8b22-bb49cf9f3683;https://metadados.snirh.gov.br/files/b8f0487a-df73-4f8d-8b22-bb49cf9f3683/Monte_Claro.zip
Monte Claro;132,17999999999913;132,04999999999913;0,34582914868112;1,0039881736688;UHE Monte Claro - CAV SNIRH.xlsx;b8f0487a-df73-4f8d-8b22-bb49cf9f3683;https://metadados.snirh.gov.br/files/b8f0487a-df73-4f8d-8b22-bb49cf9f3683/Monte_Claro.zip
Monte Claro;132,27999999999912;132,14999999999912;0,35564246953087997;1,0390613890616;UHE Monte Claro - CAV SNIRH.xlsx;b8f0487a-df73-4f8d-8b22-bb49cf9f3683;https://metadados.snirh.gov.br/files/b8f0487a-df73-4f8d-8b22-bb49cf9f3683/Monte_Claro.zip
Monte Claro;132,37999999999911;132,24999999999912;0,36545703587386;1,0751159763547;UHE Monte Claro - CAV SNIRH.xlsx;b8f0487a-df73-4f8d-8b22-bb49cf9f3683;https://metadados.snirh.gov.br/files/b8f0487a-df73-4f8d-8b22-bb49cf9f3683/Monte_Claro.zip
Monte Claro;132,4799999999991;132,3499999999991;0,37540722240635;1,1121633243481;UHE Monte Claro - CAV SNIRH.xlsx;b8f0487a-df73-4f8d-8b22-bb49cf9f3683;https://metadados.snirh.gov.br/files/b8f0487a-df73-4f8d-8b22-bb49cf9f3683/Monte_Claro.zip
Monte Claro;132,5799999999991;132,4499999999991;0,38521870545274;1,150194397848;UHE Monte Claro - CAV SNIRH.xlsx;b8f0487a-df73-4f8d-8b22-bb49cf9f3683;https://metadados.snirh.gov.br/files/b8f0487a-df73-4f8d-8b22-bb49cf9f3683/Monte_Claro.zip
Monte Claro;132,6799999999991;132,5499999999991;0,39494502371007;1,189199268793;UHE Monte Claro - CAV SNIRH.xlsx;b8f0487a-df73-4f8d-8b22-bb49cf9f3683;https://metadados.snirh.gov.br/files/b8f0487a-df73-4f8d-8b22-bb49cf9f3683/Monte_Claro.zip
Monte Claro;132,7799999999991;132,6499999999991;0,40472149443325;1,2291811341841;UHE Monte Claro - CAV SNIRH.xlsx;b8f0487a-df73-4f8d-8b22-bb49cf9f3683;https://metadados.snirh.gov.br/files/b8f0487a-df73-4f8d-8b22-bb49cf9f3683/Monte_Claro.zip
Monte Claro;132,8799999999991;132,7499999999991;0,41448326987129;1,2701413908361001;UHE Monte Claro - CAV SNIRH.xlsx;b8f0487a-df73-4f8d-8b22-bb49cf9f3683;https://metadados.snirh.gov.br/files/b8f0487a-df73-4f8d-8b22-bb49cf9f3683/Monte_Claro.zip
Monte Claro;132,97999999999908;132,84999999999908;0,42405115879497995;1,3120677632775;UHE Monte Claro - CAV SNIRH.xlsx;b8f0487a-df73-4f8d-8b22-bb49cf9f3683;https://metadados.snirh.gov.br/files/b8f0487a-df73-4f8d-8b22-bb49cf9f3683/Monte_Claro.zip
Monte Claro;133,07999999999907;132,94999999999908;0,43349689956325;1,354948766156;UHE Monte Claro - CAV SNIRH.xlsx;b8f0487a-df73-4f8d-8b22-bb49cf9f3683;https://metadados.snirh.gov.br/files/b8f0487a-df73-4f8d-8b22-bb49cf9f3683/Monte_Claro.zip
Monte Claro;133,17999999999907;133,04999999999907;0,44240992496484;1,3987458491924;UHE Monte Claro - CAV SNIRH.xlsx;b8f0487a-df73-4f8d-8b22-bb49cf9f3683;https://metadados.snirh.gov.br/files/b8f0487a-df73-4f8d-8b22-bb49cf9f3683/Monte_Claro.zip
Monte Claro;133,27999999999906;133,14999999999907;0,45119372147318;1,4434285233755;UHE Monte Claro - CAV SNIRH.xlsx;b8f0487a-df73-4f8d-8b22-bb49cf9f3683;https://metadados.snirh.gov.br/files/b8f0487a-df73-4f8d-8b22-bb49cf9f3683/Monte_Claro.zip
Monte Claro;133,37999999999906;133,24999999999906;0,45975830269687;1,4889771567437;UHE Monte Claro - CAV SNIRH.xlsx;b8f0487a-df73-4f8d-8b22-bb49cf9f3683;https://metadados.snirh.gov.br/files/b8f0487a-df73-4f8d-8b22-bb49cf9f3683/Monte_Claro.zip
Monte Claro;133,47999999999905;133,34999999999906;0,46838233435262;1,5353852457194999;UHE Monte Claro - CAV SNIRH.xlsx;b8f0487a-df73-4f8d-8b22-bb49cf9f3683;https://metadados.snirh.gov.br/files/b8f0487a-df73-4f8d-8b22-bb49cf9f3683/Monte_Claro.zip
Monte Claro;133,57999999999905;133,44999999999905;0,47660668142442;1,5826355723755001;UHE Monte Claro - CAV SNIRH.xlsx;b8f0487a-df73-4f8d-8b22-bb49cf9f3683;https://metadados.snirh.gov.br/files/b8f0487a-df73-4f8d-8b22-bb49cf9f3683/Monte_Claro.zip
Monte Claro;133,67999999999904;133,54999999999905;0,48485851592804996;1,6307057010516999;UHE Monte Claro - CAV SNIRH.xlsx;b8f0487a-df73-4f8d-8b22-bb49cf9f3683;https://metadados.snirh.gov.br/files/b8f0487a-df73-4f8d-8b22-bb49cf9f3683/Monte_Claro.zip
Monte Claro;133,77999999999903;133,64999999999904;0,49315494039576;1,6796079434309001;UHE Monte Claro - CAV SNIRH.xlsx;b8f0487a-df73-4f8d-8b22-bb49cf9f3683;https://metadados.snirh.gov.br/files/b8f0487a-df73-4f8d-8b22-bb49cf9f3683/Monte_Claro.zip
Monte Claro;133,87999999999903;133,74999999999903;0,50107157612589;1,7293236022769;UHE Monte Claro - CAV SNIRH.xlsx;b8f0487a-df73-4f8d-8b22-bb49cf9f3683;https://metadados.snirh.gov.br/files/b8f0487a-df73-4f8d-8b22-bb49cf9f3683/Monte_Claro.zip
Monte Claro;133,97999999999902;133,84999999999903;0,50872118546285;1,7798109212181;UHE Monte Claro - CAV SNIRH.xlsx;b8f0487a-df73-4f8d-8b22-bb49cf9f3683;https://metadados.snirh.gov.br/files/b8f0487a-df73-4f8d-8b22-bb49cf9f3683/Monte_Claro.zip
Monte Claro;134,07999999999902;133,94999999999902;0,51630366512314;1,8310601850441999;UHE Monte Claro - CAV SNIRH.xlsx;b8f0487a-df73-4f8d-8b22-bb49cf9f3683;https://metadados.snirh.gov.br/files/b8f0487a-df73-4f8d-8b22-bb49cf9f3683/Monte_Claro.zip
Monte Claro;134,179999999999;134,04999999999902;0,52381191621832;1,8830693592818;UHE Monte Claro - CAV SNIRH.xlsx;b8f0487a-df73-4f8d-8b22-bb49cf9f3683;https://metadados.snirh.gov.br/files/b8f0487a-df73-4f8d-8b22-bb49cf9f3683/Monte_Claro.zip
Monte Claro;134,279999999999;134,149999999999;0,53091974113975;1,9358082332342;UHE Monte Claro - CAV SNIRH.xlsx;b8f0487a-df73-4f8d-8b22-bb49cf9f3683;https://metadados.snirh.gov.br/files/b8f0487a-df73-4f8d-8b22-bb49cf9f3683/Monte_Claro.zip
Monte Claro;134,379999999999;134,249999999999;0,53774613396604;1,9892412470007002;UHE Monte Claro - CAV SNIRH.xlsx;b8f0487a-df73-4f8d-8b22-bb49cf9f3683;https://metadados.snirh.gov.br/files/b8f0487a-df73-4f8d-8b22-bb49cf9f3683/Monte_Claro.zip
Monte Claro;134,479999999999;134,349999999999;0,54435940798427;2,0433469059496;UHE Monte Claro - CAV SNIRH.xlsx;b8f0487a-df73-4f8d-8b22-bb49cf9f3683;https://metadados.snirh.gov.br/files/b8f0487a-df73-4f8d-8b22-bb49cf9f3683/Monte_Claro.zip
Monte Claro;134,579999999999;134,449999999999;0,55104071499311;2,0981142849706003;UHE Monte Claro - CAV SNIRH.xlsx;b8f0487a-df73-4f8d-8b22-bb49cf9f3683;https://metadados.snirh.gov.br/files/b8f0487a-df73-4f8d-8b22-bb49cf9f3683/Monte_Claro.zip
Monte Claro;134,67999999999898;134,549999999999;0,55778417845197;2,1535547232716;UHE Monte Claro - CAV SNIRH.xlsx;b8f0487a-df73-4f8d-8b22-bb49cf9f3683;https://metadados.snirh.gov.br/files/b8f0487a-df73-4f8d-8b22-bb49cf9f3683/Monte_Claro.zip
Monte Claro;134,77999999999898;134,64999999999898;0,5645566743076;2,2096694074550003;UHE Monte Claro - CAV SNIRH.xlsx;b8f0487a-df73-4f8d-8b22-bb49cf9f3683;https://metadados.snirh.gov.br/files/b8f0487a-df73-4f8d-8b22-bb49cf9f3683/Monte_Claro.zip
Monte Claro;134,87999999999897;134,74999999999898;0,5713427878671;2,2664615947814997;UHE Monte Claro - CAV SNIRH.xlsx;b8f0487a-df73-4f8d-8b22-bb49cf9f3683;https://metadados.snirh.gov.br/files/b8f0487a-df73-4f8d-8b22-bb49cf9f3683/Monte_Claro.zip
Monte Claro;134,97999999999897;134,84999999999897;0,5781414657476;2,3239327339567;UHE Monte Claro - CAV SNIRH.xlsx;b8f0487a-df73-4f8d-8b22-bb49cf9f3683;https://metadados.snirh.gov.br/files/b8f0487a-df73-4f8d-8b22-bb49cf9f3683/Monte_Claro.zip
Monte Claro;135,07999999999896;134,94999999999897;0,5852570543427801;2,3821010557674;UHE Monte Claro - CAV SNIRH.xlsx;b8f0487a-df73-4f8d-8b22-bb49cf9f3683;https://metadados.snirh.gov.br/files/b8f0487a-df73-4f8d-8b22-bb49cf9f3683/Monte_Claro.zip
Monte Claro;135,17999999999896;135,04999999999896;0,5924697380884799;2,4409868798655996;UHE Monte Claro - CAV SNIRH.xlsx;b8f0487a-df73-4f8d-8b22-bb49cf9f3683;https://metadados.snirh.gov.br/files/b8f0487a-df73-4f8d-8b22-bb49cf9f3683/Monte_Claro.zip
Monte Claro;135,27999999999895;135,14999999999895;0,5997809986828899;2,5005958941624997;UHE Monte Claro - CAV SNIRH.xlsx;b8f0487a-df73-4f8d-8b22-bb49cf9f3683;https://metadados.snirh.gov.br/files/b8f0487a-df73-4f8d-8b22-bb49cf9f3683/Monte_Claro.zip
Monte Claro;135,37999999999894;135,24999999999895;0,60715549243124;2,5609391264486;UHE Monte Claro - CAV SNIRH.xlsx;b8f0487a-df73-4f8d-8b22-bb49cf9f3683;https://metadados.snirh.gov.br/files/b8f0487a-df73-4f8d-8b22-bb49cf9f3683/Monte_Claro.zip
Monte Claro;135,47999999999894;135,34999999999894;0,61473071295894;2,6220318568119003;UHE Monte Claro - CAV SNIRH.xlsx;b8f0487a-df73-4f8d-8b22-bb49cf9f3683;https://metadados.snirh.gov.br/files/b8f0487a-df73-4f8d-8b22-bb49cf9f3683/Monte_Claro.zip
Monte Claro;135,57999999999893;135,44999999999894;0,62235143845819;2,6838831660762;UHE Monte Claro - CAV SNIRH.xlsx;b8f0487a-df73-4f8d-8b22-bb49cf9f3683;https://metadados.snirh.gov.br/files/b8f0487a-df73-4f8d-8b22-bb49cf9f3683/Monte_Claro.zip
Monte Claro;135,67999999999893;135,54999999999893;0,6300076597148;2,7464990457622;UHE Monte Claro - CAV SNIRH.xlsx;b8f0487a-df73-4f8d-8b22-bb49cf9f3683;https://metadados.snirh.gov.br/files/b8f0487a-df73-4f8d-8b22-bb49cf9f3683/Monte_Claro.zip
Monte Claro;135,77999999999892;135,64999999999893;0,63803132585237;2,8098993569327;UHE Monte Claro - CAV SNIRH.xlsx;b8f0487a-df73-4f8d-8b22-bb49cf9f3683;https://metadados.snirh.gov.br/files/b8f0487a-df73-4f8d-8b22-bb49cf9f3683/Monte_Claro.zip
Monte Claro;135,87999999999892;135,74999999999892;0,64612581202621;2,8741020549781;UHE Monte Claro - CAV SNIRH.xlsx;b8f0487a-df73-4f8d-8b22-bb49cf9f3683;https://metadados.snirh.gov.br/files/b8f0487a-df73-4f8d-8b22-bb49cf9f3683/Monte_Claro.zip
Monte Claro;135,9799999999989;135,84999999999891;0,65415269775316;2,9391195209956003;UHE Monte Claro - CAV SNIRH.xlsx;b8f0487a-df73-4f8d-8b22-bb49cf9f3683;https://metadados.snirh.gov.br/files/b8f0487a-df73-4f8d-8b22-bb49cf9f3683/Monte_Claro.zip
Monte Claro;136,0799999999989;135,9499999999989;0,6622685411003201;3,0049333468534;UHE Monte Claro - CAV SNIRH.xlsx;b8f0487a-df73-4f8d-8b22-bb49cf9f3683;https://metadados.snirh.gov.br/files/b8f0487a-df73-4f8d-8b22-bb49cf9f3683/Monte_Claro.zip
Monte Claro;136,1799999999989;136,0499999999989;0,6711649068133699;3,0716016454229003;UHE Monte Claro - CAV SNIRH.xlsx;b8f0487a-df73-4f8d-8b22-bb49cf9f3683;https://metadados.snirh.gov.br/files/b8f0487a-df73-4f8d-8b22-bb49cf9f3683/Monte_Claro.zip
Monte Claro;136,2799999999989;136,1499999999989;0,67994828093378;3,1391549691483998;UHE Monte Claro - CAV SNIRH.xlsx;b8f0487a-df73-4f8d-8b22-bb49cf9f3683;https://metadados.snirh.gov.br/files/b8f0487a-df73-4f8d-8b22-bb49cf9f3683/Monte_Claro.zip
Monte Claro;136,3799999999989;136,2499999999989;0,6887663600619599;3,207592769924;UHE Monte Claro - CAV SNIRH.xlsx;b8f0487a-df73-4f8d-8b22-bb49cf9f3683;https://metadados.snirh.gov.br/files/b8f0487a-df73-4f8d-8b22-bb49cf9f3683/Monte_Claro.zip
Monte Claro;136,47999999999888;136,3499999999989;0,69720926233537;3,2768912786578;UHE Monte Claro - CAV SNIRH.xlsx;b8f0487a-df73-4f8d-8b22-bb49cf9f3683;https://metadados.snirh.gov.br/files/b8f0487a-df73-4f8d-8b22-bb49cf9f3683/Monte_Claro.zip
Monte Claro;136,57999999999888;136,44999999999888;0,70558975394441;3,3470272196724;UHE Monte Claro - CAV SNIRH.xlsx;b8f0487a-df73-4f8d-8b22-bb49cf9f3683;https://metadados.snirh.gov.br/files/b8f0487a-df73-4f8d-8b22-bb49cf9f3683/Monte_Claro.zip
Monte Claro;136,67999999999887;136,54999999999887;0,71451380330335;3,4180298886699996;UHE Monte Claro - CAV SNIRH.xlsx;b8f0487a-df73-4f8d-8b22-bb49cf9f3683;https://metadados.snirh.gov.br/files/b8f0487a-df73-4f8d-8b22-bb49cf9f3683/Monte_Claro.zip
Monte Claro;136,77999999999886;136,64999999999887;0,72307988756272;3,4899104968506;UHE Monte Claro - CAV SNIRH.xlsx;b8f0487a-df73-4f8d-8b22-bb49cf9f3683;https://metadados.snirh.gov.br/files/b8f0487a-df73-4f8d-8b22-bb49cf9f3683/Monte_Claro.zip
Monte Claro;136,87999999999886;136,74999999999886;0,73188921936199;3,5626511509957997;UHE Monte Claro - CAV SNIRH.xlsx;b8f0487a-df73-4f8d-8b22-bb49cf9f3683;https://metadados.snirh.gov.br/files/b8f0487a-df73-4f8d-8b22-bb49cf9f3683/Monte_Claro.zip
Monte Claro;136,97999999999885;136,84999999999886;0,7410894352307099;3,6363019088699;UHE Monte Claro - CAV SNIRH.xlsx;b8f0487a-df73-4f8d-8b22-bb49cf9f3683;https://metadados.snirh.gov.br/files/b8f0487a-df73-4f8d-8b22-bb49cf9f3683/Monte_Claro.zip
Monte Claro;137,07999999999885;136,94999999999885;0,74990802735039;3,7108507613365;UHE Monte Claro - CAV SNIRH.xlsx;b8f0487a-df73-4f8d-8b22-bb49cf9f3683;https://metadados.snirh.gov.br/files/b8f0487a-df73-4f8d-8b22-bb49cf9f3683/Monte_Claro.zip
Monte Claro;137,17999999999884;137,04999999999885;0,7585555840472199;3,7862717602536;UHE Monte Claro - CAV SNIRH.xlsx;b8f0487a-df73-4f8d-8b22-bb49cf9f3683;https://metadados.snirh.gov.br/files/b8f0487a-df73-4f8d-8b22-bb49cf9f3683/Monte_Claro.zip
Monte Claro;137,27999999999884;137,14999999999884;0,76722556610139;3,8625579783728003;UHE Monte Claro - CAV SNIRH.xlsx;b8f0487a-df73-4f8d-8b22-bb49cf9f3683;https://metadados.snirh.gov.br/files/b8f0487a-df73-4f8d-8b22-bb49cf9f3683/Monte_Claro.zip
Monte Claro;137,37999999999883;137,24999999999883;0,77622826631336;3,9397223334634;UHE Monte Claro - CAV SNIRH.xlsx;b8f0487a-df73-4f8d-8b22-bb49cf9f3683;https://metadados.snirh.gov.br/files/b8f0487a-df73-4f8d-8b22-bb49cf9f3683/Monte_Claro.zip
Monte Claro;137,47999999999882;137,34999999999883;0,7852630874263;4,0177984129031;UHE Monte Claro - CAV SNIRH.xlsx;b8f0487a-df73-4f8d-8b22-bb49cf9f3683;https://metadados.snirh.gov.br/files/b8f0487a-df73-4f8d-8b22-bb49cf9f3683/Monte_Claro.zip
Monte Claro;137,57999999999882;137,44999999999882;0,79425710905657;4,0967746352978;UHE Monte Claro - CAV SNIRH.xlsx;b8f0487a-df73-4f8d-8b22-bb49cf9f3683;https://metadados.snirh.gov.br/files/b8f0487a-df73-4f8d-8b22-bb49cf9f3683/Monte_Claro.zip
Monte Claro;137,6799999999988;137,54999999999882;0,803023281603;4,1766359002747;UHE Monte Claro - CAV SNIRH.xlsx;b8f0487a-df73-4f8d-8b22-bb49cf9f3683;https://metadados.snirh.gov.br/files/b8f0487a-df73-4f8d-8b22-bb49cf9f3683/Monte_Claro.zip
Monte Claro;137,7799999999988;137,6499999999988;0,8116333477712799;4,2573715876006;UHE Monte Claro - CAV SNIRH.xlsx;b8f0487a-df73-4f8d-8b22-bb49cf9f3683;https://metadados.snirh.gov.br/files/b8f0487a-df73-4f8d-8b22-bb49cf9f3683/Monte_Claro.zip
Monte Claro;137,8799999999988;137,7499999999988;0,81995608861847;4,3389480400718;UHE Monte Claro - CAV SNIRH.xlsx;b8f0487a-df73-4f8d-8b22-bb49cf9f3683;https://metadados.snirh.gov.br/files/b8f0487a-df73-4f8d-8b22-bb49cf9f3683/Monte_Claro.zip
Monte Claro;137,9799999999988;137,8499999999988;0,82839654236923;4,4213604764034;UHE Monte Claro - CAV SNIRH.xlsx;b8f0487a-df73-4f8d-8b22-bb49cf9f3683;https://metadados.snirh.gov.br/files/b8f0487a-df73-4f8d-8b22-bb49cf9f3683/Monte_Claro.zip
Monte Claro;138,0799999999988;137,9499999999988;0,83700182459257;4,504630061167901;UHE Monte Claro - CAV SNIRH.xlsx;b8f0487a-df73-4f8d-8b22-bb49cf9f3683;https://metadados.snirh.gov.br/files/b8f0487a-df73-4f8d-8b22-bb49cf9f3683/Monte_Claro.zip
Monte Claro;138,17999999999878;138,0499999999988;0,84543813332176;4,5887514166928;UHE Monte Claro - CAV SNIRH.xlsx;b8f0487a-df73-4f8d-8b22-bb49cf9f3683;https://metadados.snirh.gov.br/files/b8f0487a-df73-4f8d-8b22-bb49cf9f3683/Monte_Claro.zip
Monte Claro;138,27999999999878;138,14999999999878;0,85388500507252;4,6737135155347;UHE Monte Claro - CAV SNIRH.xlsx;b8f0487a-df73-4f8d-8b22-bb49cf9f3683;https://metadados.snirh.gov.br/files/b8f0487a-df73-4f8d-8b22-bb49cf9f3683/Monte_Claro.zip
Monte Claro;138,37999999999877;138,24999999999878;0,86263749786318;4,7595380620756;UHE Monte Claro - CAV SNIRH.xlsx;b8f0487a-df73-4f8d-8b22-bb49cf9f3683;https://metadados.snirh.gov.br/files/b8f0487a-df73-4f8d-8b22-bb49cf9f3683/Monte_Claro.zip
Monte Claro;138,47999999999877;138,34999999999877;0,8712796435789201;4,8462327370846;UHE Monte Claro - CAV SNIRH.xlsx;b8f0487a-df73-4f8d-8b22-bb49cf9f3683;https://metadados.snirh.gov.br/files/b8f0487a-df73-4f8d-8b22-bb49cf9f3683/Monte_Claro.zip
Monte Claro;138,57999999999876;138,44999999999877;0,8799663014670001;4,9337912646311;UHE Monte Claro - CAV SNIRH.xlsx;b8f0487a-df73-4f8d-8b22-bb49cf9f3683;https://metadados.snirh.gov.br/files/b8f0487a-df73-4f8d-8b22-bb49cf9f3683/Monte_Claro.zip
Monte Claro;138,67999999999876;138,54999999999876;0,88852236724699;5,022215728733;UHE Monte Claro - CAV SNIRH.xlsx;b8f0487a-df73-4f8d-8b22-bb49cf9f3683;https://metadados.snirh.gov.br/files/b8f0487a-df73-4f8d-8b22-bb49cf9f3683/Monte_Claro.zip
Monte Claro;138,77999999999875;138,64999999999876;0,89699950254295;5,1114899341567;UHE Monte Claro - CAV SNIRH.xlsx;b8f0487a-df73-4f8d-8b22-bb49cf9f3683;https://metadados.snirh.gov.br/files/b8f0487a-df73-4f8d-8b22-bb49cf9f3683/Monte_Claro.zip
Monte Claro;138,87999999999874;138,74999999999875;0,905350121455;5,2016063159233;UHE Monte Claro - CAV SNIRH.xlsx;b8f0487a-df73-4f8d-8b22-bb49cf9f3683;https://metadados.snirh.gov.br/files/b8f0487a-df73-4f8d-8b22-bb49cf9f3683/Monte_Claro.zip
Monte Claro;138,97999999999874;138,84999999999874;0,9136438719526501;5,2925544899539;UHE Monte Claro - CAV SNIRH.xlsx;b8f0487a-df73-4f8d-8b22-bb49cf9f3683;https://metadados.snirh.gov.br/files/b8f0487a-df73-4f8d-8b22-bb49cf9f3683/Monte_Claro.zip
Monte Claro;139,07999999999873;138,94999999999874;0,92176051142312;5,3843233073738;UHE Monte Claro - CAV SNIRH.xlsx;b8f0487a-df73-4f8d-8b22-bb49cf9f3683;https://metadados.snirh.gov.br/files/b8f0487a-df73-4f8d-8b22-bb49cf9f3683/Monte_Claro.zip
Monte Claro;139,17999999999873;139,04999999999873;0,92981308233939;5,4769015210984;UHE Monte Claro - CAV SNIRH.xlsx;b8f0487a-df73-4f8d-8b22-bb49cf9f3683;https://metadados.snirh.gov.br/files/b8f0487a-df73-4f8d-8b22-bb49cf9f3683/Monte_Claro.zip
Monte Claro;139,27999999999872;139,14999999999873;0,93795030815781;5,5702886050085;UHE Monte Claro - CAV SNIRH.xlsx;b8f0487a-df73-4f8d-8b22-bb49cf9f3683;https://metadados.snirh.gov.br/files/b8f0487a-df73-4f8d-8b22-bb49cf9f3683/Monte_Claro.zip
Monte Claro;139,37999999999872;139,24999999999872;0,94632628186863;5,6644980831038;UHE Monte Claro - CAV SNIRH.xlsx;b8f0487a-df73-4f8d-8b22-bb49cf9f3683;https://metadados.snirh.gov.br/files/b8f0487a-df73-4f8d-8b22-bb49cf9f3683/Monte_Claro.zip
Monte Claro;139,4799999999987;139,34999999999872;0,9549945629321299;5,7595610884582;UHE Monte Claro - CAV SNIRH.xlsx;b8f0487a-df73-4f8d-8b22-bb49cf9f3683;https://metadados.snirh.gov.br/files/b8f0487a-df73-4f8d-8b22-bb49cf9f3683/Monte_Claro.zip
Monte Claro;139,5799999999987;139,4499999999987;0,96368217150351;5,8554927920659;UHE Monte Claro - CAV SNIRH.xlsx;b8f0487a-df73-4f8d-8b22-bb49cf9f3683;https://metadados.snirh.gov.br/files/b8f0487a-df73-4f8d-8b22-bb49cf9f3683/Monte_Claro.zip
Monte Claro;139,6799999999987;139,5499999999987;0,97231343674298;5,952292771322;UHE Monte Claro - CAV SNIRH.xlsx;b8f0487a-df73-4f8d-8b22-bb49cf9f3683;https://metadados.snirh.gov.br/files/b8f0487a-df73-4f8d-8b22-bb49cf9f3683/Monte_Claro.zip
Monte Claro;139,7799999999987;139,6499999999987;0,98105163906369;6,049958518897101;UHE Monte Claro - CAV SNIRH.xlsx;b8f0487a-df73-4f8d-8b22-bb49cf9f3683;https://metadados.snirh.gov.br/files/b8f0487a-df73-4f8d-8b22-bb49cf9f3683/Monte_Claro.zip
Monte Claro;139,8799999999987;139,7499999999987;0,98992463769726;6,1485062208928;UHE Monte Claro - CAV SNIRH.xlsx;b8f0487a-df73-4f8d-8b22-bb49cf9f3683;https://metadados.snirh.gov.br/files/b8f0487a-df73-4f8d-8b22-bb49cf9f3683/Monte_Claro.zip
Monte Claro;139,97999999999868;139,8499999999987;0,99898386726238;6,2479477696123995;UHE Monte Claro - CAV SNIRH.xlsx;b8f0487a-df73-4f8d-8b22-bb49cf9f3683;https://metadados.snirh.gov.br/files/b8f0487a-df73-4f8d-8b22-bb49cf9f3683/Monte_Claro.zip
Monte Claro;140,07999999999868;139,94999999999868;1,0079942638778;6,3482997787375;UHE Monte Claro - CAV SNIRH.xlsx;b8f0487a-df73-4f8d-8b22-bb49cf9f3683;https://metadados.snirh.gov.br/files/b8f0487a-df73-4f8d-8b22-bb49cf9f3683/Monte_Claro.zip
Monte Claro;140,17999999999867;140,04999999999868;1,0169435627354;6,449548180710599;UHE Monte Claro - CAV SNIRH.xlsx;b8f0487a-df73-4f8d-8b22-bb49cf9f3683;https://metadados.snirh.gov.br/files/b8f0487a-df73-4f8d-8b22-bb49cf9f3683/Monte_Claro.zip
Monte Claro;140,27999999999867;140,14999999999867;1,0257894504886;6,5516839903569;UHE Monte Claro - CAV SNIRH.xlsx;b8f0487a-df73-4f8d-8b22-bb49cf9f3683;https://metadados.snirh.gov.br/files/b8f0487a-df73-4f8d-8b22-bb49cf9f3683/Monte_Claro.zip
Monte Claro;140,37999999999866;140,24999999999866;1,0344663092971;6,6546961008544;UHE Monte Claro - CAV SNIRH.xlsx;b8f0487a-df73-4f8d-8b22-bb49cf9f3683;https://metadados.snirh.gov.br/files/b8f0487a-df73-4f8d-8b22-bb49cf9f3683/Monte_Claro.zip
Monte Claro;140,47999999999865;140,34999999999866;1,0432708677352;6,758579125128899;UHE Monte Claro - CAV SNIRH.xlsx;b8f0487a-df73-4f8d-8b22-bb49cf9f3683;https://metadados.snirh.gov.br/files/b8f0487a-df73-4f8d-8b22-bb49cf9f3683/Monte_Claro.zip
Monte Claro;140,57999999999865;140,44999999999865;1,052105540133;6,8633472410023;UHE Monte Claro - CAV SNIRH.xlsx;b8f0487a-df73-4f8d-8b22-bb49cf9f3683;https://metadados.snirh.gov.br/files/b8f0487a-df73-4f8d-8b22-bb49cf9f3683/Monte_Claro.zip
Monte Claro;140,67999999999864;140,54999999999865;1,0608872835629;6,9689950969766;UHE Monte Claro - CAV SNIRH.xlsx;b8f0487a-df73-4f8d-8b22-bb49cf9f3683;https://metadados.snirh.gov.br/files/b8f0487a-df73-4f8d-8b22-bb49cf9f3683/Monte_Claro.zip
Monte Claro;140,77999999999864;140,64999999999864;1,0696078568898;7,07551944219;UHE Monte Claro - CAV SNIRH.xlsx;b8f0487a-df73-4f8d-8b22-bb49cf9f3683;https://metadados.snirh.gov.br/files/b8f0487a-df73-4f8d-8b22-bb49cf9f3683/Monte_Claro.zip
Monte Claro;140,87999999999863;140,74999999999864;1,0780123099467;7,182901099742099;UHE Monte Claro - CAV SNIRH.xlsx;b8f0487a-df73-4f8d-8b22-bb49cf9f3683;https://metadados.snirh.gov.br/files/b8f0487a-df73-4f8d-8b22-bb49cf9f3683/Monte_Claro.zip
Monte Claro;140,97999999999863;140,84999999999863;1,0863298772027;7,2911189781317;UHE Monte Claro - CAV SNIRH.xlsx;b8f0487a-df73-4f8d-8b22-bb49cf9f3683;https://metadados.snirh.gov.br/files/b8f0487a-df73-4f8d-8b22-bb49cf9f3683/Monte_Claro.zip
Monte Claro;141,07999999999862;140,94999999999862;1,0947037545805;7,400167085149801;UHE Monte Claro - CAV SNIRH.xlsx;b8f0487a-df73-4f8d-8b22-bb49cf9f3683;https://metadados.snirh.gov.br/files/b8f0487a-df73-4f8d-8b22-bb49cf9f3683/Monte_Claro.zip
Monte Claro;141,1799999999986;141,04999999999862;1,1032684863848;7,5100616806116;UHE Monte Claro - CAV SNIRH.xlsx;b8f0487a-df73-4f8d-8b22-bb49cf9f3683;https://metadados.snirh.gov.br/files/b8f0487a-df73-4f8d-8b22-bb49cf9f3683/Monte_Claro.zip
Monte Claro;141,2799999999986;141,1499999999986;1,1117969588852001;7,620815443478699;UHE Monte Claro - CAV SNIRH.xlsx;b8f0487a-df73-4f8d-8b22-bb49cf9f3683;https://metadados.snirh.gov.br/files/b8f0487a-df73-4f8d-8b22-bb49cf9f3683/Monte_Claro.zip
Monte Claro;141,3799999999986;141,2499999999986;1,1203526022345;7,732419086872801;UHE Monte Claro - CAV SNIRH.xlsx;b8f0487a-df73-4f8d-8b22-bb49cf9f3683;https://metadados.snirh.gov.br/files/b8f0487a-df73-4f8d-8b22-bb49cf9f3683/Monte_Claro.zip
Monte Claro;141,4799999999986;141,3499999999986;1,1291805812685;7,8448916077211;UHE Monte Claro - CAV SNIRH.xlsx;b8f0487a-df73-4f8d-8b22-bb49cf9f3683;https://metadados.snirh.gov.br/files/b8f0487a-df73-4f8d-8b22-bb49cf9f3683/Monte_Claro.zip
Monte Claro;141,5799999999986;141,4499999999986;1,137970605645;7,958250786043499;UHE Monte Claro - CAV SNIRH.xlsx;b8f0487a-df73-4f8d-8b22-bb49cf9f3683;https://metadados.snirh.gov.br/files/b8f0487a-df73-4f8d-8b22-bb49cf9f3683/Monte_Claro.zip
Monte Claro;141,67999999999859;141,5499999999986;1,1466089180643;8,0724766151996;UHE Monte Claro - CAV SNIRH.xlsx;b8f0487a-df73-4f8d-8b22-bb49cf9f3683;https://metadados.snirh.gov.br/files/b8f0487a-df73-4f8d-8b22-bb49cf9f3683/Monte_Claro.zip
Monte Claro;141,77999999999858;141,64999999999858;1,1553111034101;8,1875678685319;UHE Monte Claro - CAV SNIRH.xlsx;b8f0487a-df73-4f8d-8b22-bb49cf9f3683;https://metadados.snirh.gov.br/files/b8f0487a-df73-4f8d-8b22-bb49cf9f3683/Monte_Claro.zip
Monte Claro;141,87999999999857;141,74999999999858;1,163981842433;8,3035334481532;UHE Monte Claro - CAV SNIRH.xlsx;b8f0487a-df73-4f8d-8b22-bb49cf9f3683;https://metadados.snirh.gov.br/files/b8f0487a-df73-4f8d-8b22-bb49cf9f3683/Monte_Claro.zip
Monte Claro;141,97999999999857;141,84999999999857;1,1726518083909;8,4203618391487;UHE Monte Claro - CAV SNIRH.xlsx;b8f0487a-df73-4f8d-8b22-bb49cf9f3683;https://metadados.snirh.gov.br/files/b8f0487a-df73-4f8d-8b22-bb49cf9f3683/Monte_Claro.zip
Monte Claro;142,07999999999856;141,94999999999857;1,1814733143218;8,5380679639569;UHE Monte Claro - CAV SNIRH.xlsx;b8f0487a-df73-4f8d-8b22-bb49cf9f3683;https://metadados.snirh.gov.br/files/b8f0487a-df73-4f8d-8b22-bb49cf9f3683/Monte_Claro.zip
Monte Claro;142,17999999999856;142,04999999999856;1,190359393639;8,656657427703399;UHE Monte Claro - CAV SNIRH.xlsx;b8f0487a-df73-4f8d-8b22-bb49cf9f3683;https://metadados.snirh.gov.br/files/b8f0487a-df73-4f8d-8b22-bb49cf9f3683/Monte_Claro.zip
Monte Claro;142,27999999999855;142,14999999999856;1,1991495938132999;8,7761326593048;UHE Monte Claro - CAV SNIRH.xlsx;b8f0487a-df73-4f8d-8b22-bb49cf9f3683;https://metadados.snirh.gov.br/files/b8f0487a-df73-4f8d-8b22-bb49cf9f3683/Monte_Claro.zip
Monte Claro;142,37999999999855;142,24999999999855;1,2080291618718;8,8964901439942;UHE Monte Claro - CAV SNIRH.xlsx;b8f0487a-df73-4f8d-8b22-bb49cf9f3683;https://metadados.snirh.gov.br/files/b8f0487a-df73-4f8d-8b22-bb49cf9f3683/Monte_Claro.zip
Monte Claro;142,47999999999854;142,34999999999854;1,2169128366442;9,0177384120676;UHE Monte Claro - CAV SNIRH.xlsx;b8f0487a-df73-4f8d-8b22-bb49cf9f3683;https://metadados.snirh.gov.br/files/b8f0487a-df73-4f8d-8b22-bb49cf9f3683/Monte_Claro.zip
Monte Claro;142,57999999999853;142,44999999999854;1,2257771090503;9,139870162691;UHE Monte Claro - CAV SNIRH.xlsx;b8f0487a-df73-4f8d-8b22-bb49cf9f3683;https://metadados.snirh.gov.br/files/b8f0487a-df73-4f8d-8b22-bb49cf9f3683/Monte_Claro.zip
Monte Claro;142,67999999999853;142,54999999999853;1,2345599452745;9,262888619193001;UHE Monte Claro - CAV SNIRH.xlsx;b8f0487a-df73-4f8d-8b22-bb49cf9f3683;https://metadados.snirh.gov.br/files/b8f0487a-df73-4f8d-8b22-bb49cf9f3683/Monte_Claro.zip
Monte Claro;142,77999999999852;142,64999999999853;1,2431939248897;9,3867739856141;UHE Monte Claro - CAV SNIRH.xlsx;b8f0487a-df73-4f8d-8b22-bb49cf9f3683;https://metadados.snirh.gov.br/files/b8f0487a-df73-4f8d-8b22-bb49cf9f3683/Monte_Claro.zip
Monte Claro;142,87999999999852;142,74999999999852;1,2517509848203001;9,511521479318;UHE Monte Claro - CAV SNIRH.xlsx;b8f0487a-df73-4f8d-8b22-bb49cf9f3683;https://metadados.snirh.gov.br/files/b8f0487a-df73-4f8d-8b22-bb49cf9f3683/Monte_Claro.zip
Monte Claro;142,9799999999985;142,84999999999852;1,2604795904047;9,6371309336352;UHE Monte Claro - CAV SNIRH.xlsx;b8f0487a-df73-4f8d-8b22-bb49cf9f3683;https://metadados.snirh.gov.br/files/b8f0487a-df73-4f8d-8b22-bb49cf9f3683/Monte_Claro.zip
Monte Claro;143,0799999999985;142,9499999999985;1,2691567373355999;9,7636113793946;UHE Monte Claro - CAV SNIRH.xlsx;b8f0487a-df73-4f8d-8b22-bb49cf9f3683;https://metadados.snirh.gov.br/files/b8f0487a-df73-4f8d-8b22-bb49cf9f3683/Monte_Claro.zip
Monte Claro;143,1799999999985;143,0499999999985;1,2779148408216001;9,890962709859702;UHE Monte Claro - CAV SNIRH.xlsx;b8f0487a-df73-4f8d-8b22-bb49cf9f3683;https://metadados.snirh.gov.br/files/b8f0487a-df73-4f8d-8b22-bb49cf9f3683/Monte_Claro.zip
Monte Claro;143,2799999999985;143,1499999999985;1,2866969687004002;10,019192932872999;UHE Monte Claro - CAV SNIRH.xlsx;b8f0487a-df73-4f8d-8b22-bb49cf9f3683;https://metadados.snirh.gov.br/files/b8f0487a-df73-4f8d-8b22-bb49cf9f3683/Monte_Claro.zip
Monte Claro;143,3799999999985;143,2499999999985;1,2956223254479;10,148305790921999;UHE Monte Claro - CAV SNIRH.xlsx;b8f0487a-df73-4f8d-8b22-bb49cf9f3683;https://metadados.snirh.gov.br/files/b8f0487a-df73-4f8d-8b22-bb49cf9f3683/Monte_Claro.zip
Monte Claro;143,47999999999848;143,3499999999985;1,304407140538;10,278308124393;UHE Monte Claro - CAV SNIRH.xlsx;b8f0487a-df73-4f8d-8b22-bb49cf9f3683;https://metadados.snirh.gov.br/files/b8f0487a-df73-4f8d-8b22-bb49cf9f3683/Monte_Claro.zip
Monte Claro;143,57999999999848;143,44999999999848;1,3130624644148001;10,409179331029;UHE Monte Claro - CAV SNIRH.xlsx;b8f0487a-df73-4f8d-8b22-bb49cf9f3683;https://metadados.snirh.gov.br/files/b8f0487a-df73-4f8d-8b22-bb49cf9f3683/Monte_Claro.zip
Monte Claro;143,67999999999847;143,54999999999848;1,3216507507857;10,54091472579;UHE Monte Claro - CAV SNIRH.xlsx;b8f0487a-df73-4f8d-8b22-bb49cf9f3683;https://metadados.snirh.gov.br/files/b8f0487a-df73-4f8d-8b22-bb49cf9f3683/Monte_Claro.zip
Monte Claro;143,77999999999847;143,64999999999847;1,3301890292928;10,67350466739;UHE Monte Claro - CAV SNIRH.xlsx;b8f0487a-df73-4f8d-8b22-bb49cf9f3683;https://metadados.snirh.gov.br/files/b8f0487a-df73-4f8d-8b22-bb49cf9f3683/Monte_Claro.zip
Monte Claro;143,87999999999846;143,74999999999847;1,3388687752799;10,806960507889;UHE Monte Claro - CAV SNIRH.xlsx;b8f0487a-df73-4f8d-8b22-bb49cf9f3683;https://metadados.snirh.gov.br/files/b8f0487a-df73-4f8d-8b22-bb49cf9f3683/Monte_Claro.zip
Monte Claro;143,97999999999845;143,84999999999846;1,3469812468915;10,94125522807;UHE Monte Claro - CAV SNIRH.xlsx;b8f0487a-df73-4f8d-8b22-bb49cf9f3683;https://metadados.snirh.gov.br/files/b8f0487a-df73-4f8d-8b22-bb49cf9f3683/Monte_Claro.zip
Monte Claro;144,07999999999845;143,94999999999845;1,3547388330699;11,0763415939;UHE Monte Claro - CAV SNIRH.xlsx;b8f0487a-df73-4f8d-8b22-bb49cf9f3683;https://metadados.snirh.gov.br/files/b8f0487a-df73-4f8d-8b22-bb49cf9f3683/Monte_Claro.zip
Monte Claro;144,17999999999844;144,04999999999845;1,3624720746101;11,212201550129;UHE Monte Claro - CAV SNIRH.xlsx;b8f0487a-df73-4f8d-8b22-bb49cf9f3683;https://metadados.snirh.gov.br/files/b8f0487a-df73-4f8d-8b22-bb49cf9f3683/Monte_Claro.zip
Monte Claro;144,27999999999844;144,14999999999844;1,3702022719943;11,348832953358;UHE Monte Claro - CAV SNIRH.xlsx;b8f0487a-df73-4f8d-8b22-bb49cf9f3683;https://metadados.snirh.gov.br/files/b8f0487a-df73-4f8d-8b22-bb49cf9f3683/Monte_Claro.zip
Monte Claro;144,37999999999843;144,24999999999844;1,3779152347212;11,486238417127;UHE Monte Claro - CAV SNIRH.xlsx;b8f0487a-df73-4f8d-8b22-bb49cf9f3683;https://metadados.snirh.gov.br/files/b8f0487a-df73-4f8d-8b22-bb49cf9f3683/Monte_Claro.zip
Monte Claro;144,47999999999843;144,34999999999843;1,3854962677587999;11,624409747903;UHE Monte Claro - CAV SNIRH.xlsx;b8f0487a-df73-4f8d-8b22-bb49cf9f3683;https://metadados.snirh.gov.br/files/b8f0487a-df73-4f8d-8b22-bb49cf9f3683/Monte_Claro.zip
Monte Claro;144,57999999999842;144,44999999999843;1,3930307317314;11,763333148598;UHE Monte Claro - CAV SNIRH.xlsx;b8f0487a-df73-4f8d-8b22-bb49cf9f3683;https://metadados.snirh.gov.br/files/b8f0487a-df73-4f8d-8b22-bb49cf9f3683/Monte_Claro.zip
Monte Claro;144,67999999999842;144,54999999999842;1,4006957686117;11,903018872239999;UHE Monte Claro - CAV SNIRH.xlsx;b8f0487a-df73-4f8d-8b22-bb49cf9f3683;https://metadados.snirh.gov.br/files/b8f0487a-df73-4f8d-8b22-bb49cf9f3683/Monte_Claro.zip
Monte Claro;144,7799999999984;144,6499999999984;1,4083709539589;12,043471524140001;UHE Monte Claro - CAV SNIRH.xlsx;b8f0487a-df73-4f8d-8b22-bb49cf9f3683;https://metadados.snirh.gov.br/files/b8f0487a-df73-4f8d-8b22-bb49cf9f3683/Monte_Claro.zip
Monte Claro;144,8799999999984;144,7499999999984;1,4161370787743;12,184692874881;UHE Monte Claro - CAV SNIRH.xlsx;b8f0487a-df73-4f8d-8b22-bb49cf9f3683;https://metadados.snirh.gov.br/files/b8f0487a-df73-4f8d-8b22-bb49cf9f3683/Monte_Claro.zip
Monte Claro;144,9799999999984;144,8499999999984;1,4239789180089;12,326695043502;UHE Monte Claro - CAV SNIRH.xlsx;b8f0487a-df73-4f8d-8b22-bb49cf9f3683;https://metadados.snirh.gov.br/files/b8f0487a-df73-4f8d-8b22-bb49cf9f3683/Monte_Claro.zip
Monte Claro;145,0799999999984;144,9499999999984;1,4319748542982;12,469489349135;UHE Monte Claro - CAV SNIRH.xlsx;b8f0487a-df73-4f8d-8b22-bb49cf9f3683;https://metadados.snirh.gov.br/files/b8f0487a-df73-4f8d-8b22-bb49cf9f3683/Monte_Claro.zip
Monte Claro;145,1799999999984;145,0499999999984;1,4399948679271;12,613085922633;UHE Monte Claro - CAV SNIRH.xlsx;b8f0487a-df73-4f8d-8b22-bb49cf9f3683;https://metadados.snirh.gov.br/files/b8f0487a-df73-4f8d-8b22-bb49cf9f3683/Monte_Claro.zip
Monte Claro;145,27999999999838;145,14999999999839;1,4478952555885;12,757480105909;UHE Monte Claro - CAV SNIRH.xlsx;b8f0487a-df73-4f8d-8b22-bb49cf9f3683;https://metadados.snirh.gov.br/files/b8f0487a-df73-4f8d-8b22-bb49cf9f3683/Monte_Claro.zip
Monte Claro;145,37999999999838;145,24999999999838;1,4559422222867;12,902671291784;UHE Monte Claro - CAV SNIRH.xlsx;b8f0487a-df73-4f8d-8b22-bb49cf9f3683;https://metadados.snirh.gov.br/files/b8f0487a-df73-4f8d-8b22-bb49cf9f3683/Monte_Claro.zip
Monte Claro;145,47999999999837;145,34999999999837;1,4636084009862;13,048650722606;UHE Monte Claro - CAV SNIRH.xlsx;b8f0487a-df73-4f8d-8b22-bb49cf9f3683;https://metadados.snirh.gov.br/files/b8f0487a-df73-4f8d-8b22-bb49cf9f3683/Monte_Claro.zip
Monte Claro;145,57999999999836;145,44999999999837;1,4711916800006;13,195386430952;UHE Monte Claro - CAV SNIRH.xlsx;b8f0487a-df73-4f8d-8b22-bb49cf9f3683;https://metadados.snirh.gov.br/files/b8f0487a-df73-4f8d-8b22-bb49cf9f3683/Monte_Claro.zip
Monte Claro;145,67999999999836;145,54999999999836;1,4786538387602;13,342877571389002;UHE Monte Claro - CAV SNIRH.xlsx;b8f0487a-df73-4f8d-8b22-bb49cf9f3683;https://metadados.snirh.gov.br/files/b8f0487a-df73-4f8d-8b22-bb49cf9f3683/Monte_Claro.zip
Monte Claro;145,77999999999835;145,64999999999836;1,4859054024306;13,491103644614;UHE Monte Claro - CAV SNIRH.xlsx;b8f0487a-df73-4f8d-8b22-bb49cf9f3683;https://metadados.snirh.gov.br/files/b8f0487a-df73-4f8d-8b22-bb49cf9f3683/Monte_Claro.zip
Monte Claro;145,87999999999835;145,74999999999835;1,4931023764263;13,640053984985;UHE Monte Claro - CAV SNIRH.xlsx;b8f0487a-df73-4f8d-8b22-bb49cf9f3683;https://metadados.snirh.gov.br/files/b8f0487a-df73-4f8d-8b22-bb49cf9f3683/Monte_Claro.zip
Monte Claro;145,97999999999834;145,84999999999835;1,5002790265516999;13,789720167346001;UHE Monte Claro - CAV SNIRH.xlsx;b8f0487a-df73-4f8d-8b22-bb49cf9f3683;https://metadados.snirh.gov.br/files/b8f0487a-df73-4f8d-8b22-bb49cf9f3683/Monte_Claro.zip
Monte Claro;146,07999999999834;145,94999999999834;1,5074356688645998;13,940103755836;UHE Monte Claro - CAV SNIRH.xlsx;b8f0487a-df73-4f8d-8b22-bb49cf9f3683;https://metadados.snirh.gov.br/files/b8f0487a-df73-4f8d-8b22-bb49cf9f3683/Monte_Claro.zip
Monte Claro;146,17999999999833;146,04999999999833;1,5143603110315;14,091187620352;UHE Monte Claro - CAV SNIRH.xlsx;b8f0487a-df73-4f8d-8b22-bb49cf9f3683;https://metadados.snirh.gov.br/files/b8f0487a-df73-4f8d-8b22-bb49cf9f3683/Monte_Claro.zip
Monte Claro;146,27999999999832;146,14999999999833;1,5211030146764;14,242960232865;UHE Monte Claro - CAV SNIRH.xlsx;b8f0487a-df73-4f8d-8b22-bb49cf9f3683;https://metadados.snirh.gov.br/files/b8f0487a-df73-4f8d-8b22-bb49cf9f3683/Monte_Claro.zip
Monte Claro;146,37999999999832;146,24999999999832;1,5276418504468;14,395396807969;UHE Monte Claro - CAV SNIRH.xlsx;b8f0487a-df73-4f8d-8b22-bb49cf9f3683;https://metadados.snirh.gov.br/files/b8f0487a-df73-4f8d-8b22-bb49cf9f3683/Monte_Claro.zip
Monte Claro;146,4799999999983;146,34999999999832;1,5339530891224;14,548473522092;UHE Monte Claro - CAV SNIRH.xlsx;b8f0487a-df73-4f8d-8b22-bb49cf9f3683;https://metadados.snirh.gov.br/files/b8f0487a-df73-4f8d-8b22-bb49cf9f3683/Monte_Claro.zip
Monte Claro;146,5799999999983;146,4499999999983;1,5401806422022;14,702178215088;UHE Monte Claro - CAV SNIRH.xlsx;b8f0487a-df73-4f8d-8b22-bb49cf9f3683;https://metadados.snirh.gov.br/files/b8f0487a-df73-4f8d-8b22-bb49cf9f3683/Monte_Claro.zip
Monte Claro;146,6799999999983;146,5499999999983;1,5461504890959;14,856493383954;UHE Monte Claro - CAV SNIRH.xlsx;b8f0487a-df73-4f8d-8b22-bb49cf9f3683;https://metadados.snirh.gov.br/files/b8f0487a-df73-4f8d-8b22-bb49cf9f3683/Monte_Claro.zip
Monte Claro;146,7799999999983;146,6499999999983;1,5517599069024999;15,011387271213001;UHE Monte Claro - CAV SNIRH.xlsx;b8f0487a-df73-4f8d-8b22-bb49cf9f3683;https://metadados.snirh.gov.br/files/b8f0487a-df73-4f8d-8b22-bb49cf9f3683/Monte_Claro.zip
Monte Claro;146,8799999999983;146,7499999999983;1,5570380906747;15,166824693399;UHE Monte Claro - CAV SNIRH.xlsx;b8f0487a-df73-4f8d-8b22-bb49cf9f3683;https://metadados.snirh.gov.br/files/b8f0487a-df73-4f8d-8b22-bb49cf9f3683/Monte_Claro.zip
Monte Claro;146,97999999999828;146,8499999999983;1,5621222470652;15,322779764282;UHE Monte Claro - CAV SNIRH.xlsx;b8f0487a-df73-4f8d-8b22-bb49cf9f3683;https://metadados.snirh.gov.br/files/b8f0487a-df73-4f8d-8b22-bb49cf9f3683/Monte_Claro.zip
Monte Claro;147,0;146,87;1,563118472064;15,354030962254999;UHE Monte Claro - CAV SNIRH.xlsx;b8f0487a-df73-4f8d-8b22-bb49cf9f3683;https://metadados.snirh.gov.br/files/b8f0487a-df73-4f8d-8b22-bb49cf9f3683/Monte_Claro.zip
Monte Claro;147,01;146,88;1,5636143129106;15,369664426823;UHE Monte Claro - CAV SNIRH.xlsx;b8f0487a-df73-4f8d-8b22-bb49cf9f3683;https://metadados.snirh.gov.br/files/b8f0487a-df73-4f8d-8b22-bb49cf9f3683/Monte_Claro.zip
Monte Claro;147,01999999999998;146,89;1,5641088006657;15,385302542502;UHE Monte Claro - CAV SNIRH.xlsx;b8f0487a-df73-4f8d-8b22-bb49cf9f3683;https://metadados.snirh.gov.br/files/b8f0487a-df73-4f8d-8b22-bb49cf9f3683/Monte_Claro.zip
Monte Claro;147,03;146,9;1,5646020307913;15,40094485662;UHE Monte Claro - CAV SNIRH.xlsx;b8f0487a-df73-4f8d-8b22-bb49cf9f3683;https://metadados.snirh.gov.br/files/b8f0487a-df73-4f8d-8b22-bb49cf9f3683/Monte_Claro.zip
Monte Claro;147,04;146,91;1,5650939808969;15,416593451008;UHE Monte Claro - CAV SNIRH.xlsx;b8f0487a-df73-4f8d-8b22-bb49cf9f3683;https://metadados.snirh.gov.br/files/b8f0487a-df73-4f8d-8b22-bb49cf9f3683/Monte_Claro.zip
Monte Claro;147,04999999999998;146,92;1,5655845052705;15,432246764828;UHE Monte Claro - CAV SNIRH.xlsx;b8f0487a-df73-4f8d-8b22-bb49cf9f3683;https://metadados.snirh.gov.br/files/b8f0487a-df73-4f8d-8b22-bb49cf9f3683/Monte_Claro.zip
Monte Claro;147,06;146,93;1,5660736509269;15,447905408555;UHE Monte Claro - CAV SNIRH.xlsx;b8f0487a-df73-4f8d-8b22-bb49cf9f3683;https://metadados.snirh.gov.br/files/b8f0487a-df73-4f8d-8b22-bb49cf9f3683/Monte_Claro.zip
Monte Claro;147,07;146,94;1,5665616360575;15,463568185723;UHE Monte Claro - CAV SNIRH.xlsx;b8f0487a-df73-4f8d-8b22-bb49cf9f3683;https://metadados.snirh.gov.br/files/b8f0487a-df73-4f8d-8b22-bb49cf9f3683/Monte_Claro.zip
Monte Claro;147,07999999999828;146,94999999999828;1,5670486105593;15,479236192263;UHE Monte Claro - CAV SNIRH.xlsx;b8f0487a-df73-4f8d-8b22-bb49cf9f3683;https://metadados.snirh.gov.br/files/b8f0487a-df73-4f8d-8b22-bb49cf9f3683/Monte_Claro.zip
Monte Claro;147,089999999997;146,959999999997;1,5675344101238;15,494909152392;UHE Monte Claro - CAV SNIRH.xlsx;b8f0487a-df73-4f8d-8b22-bb49cf9f3683;https://metadados.snirh.gov.br/files/b8f0487a-df73-4f8d-8b22-bb49cf9f3683/Monte_Claro.zip
Monte Claro;147,099999999995;146,969999999995;1,5680191912167;15,51058724595;UHE Monte Claro - CAV SNIRH.xlsx;b8f0487a-df73-4f8d-8b22-bb49cf9f3683;https://metadados.snirh.gov.br/files/b8f0487a-df73-4f8d-8b22-bb49cf9f3683/Monte_Claro.zip
Monte Claro;147,109999999993;146,979999999993;1,5685029824729;15,526269948981;UHE Monte Claro - CAV SNIRH.xlsx;b8f0487a-df73-4f8d-8b22-bb49cf9f3683;https://metadados.snirh.gov.br/files/b8f0487a-df73-4f8d-8b22-bb49cf9f3683/Monte_Claro.zip
Monte Claro;147,119999999991;146,989999999991;1,5689855973209;15,541957162294;UHE Monte Claro - CAV SNIRH.xlsx;b8f0487a-df73-4f8d-8b22-bb49cf9f3683;https://metadados.snirh.gov.br/files/b8f0487a-df73-4f8d-8b22-bb49cf9f3683/Monte_Claro.zip
Monte Claro;147,13;147,0;1,5694669942844999;15,557649464024;UHE Monte Claro - CAV SNIRH.xlsx;b8f0487a-df73-4f8d-8b22-bb49cf9f3683;https://metadados.snirh.gov.br/files/b8f0487a-df73-4f8d-8b22-bb49cf9f3683/Monte_Claro.zip
Monte Claro;147,14;147,01;1,5699469221353;15,573345203861;UHE Monte Claro - CAV SNIRH.xlsx;b8f0487a-df73-4f8d-8b22-bb49cf9f3683;https://metadados.snirh.gov.br/files/b8f0487a-df73-4f8d-8b22-bb49cf9f3683/Monte_Claro.zip
Monte Claro;147,14999999999998;147,01999999999998;1,5704253515317;15,589046591784001;UHE Monte Claro - CAV SNIRH.xlsx;b8f0487a-df73-4f8d-8b22-bb49cf9f3683;https://metadados.snirh.gov.br/files/b8f0487a-df73-4f8d-8b22-bb49cf9f3683/Monte_Claro.zip
Monte Claro;147,15999999999997;147,02999999999997;1,5709027589203;15,604753161075;UHE Monte Claro - CAV SNIRH.xlsx;b8f0487a-df73-4f8d-8b22-bb49cf9f3683;https://metadados.snirh.gov.br/files/b8f0487a-df73-4f8d-8b22-bb49cf9f3683/Monte_Claro.zip
Monte Claro;147,16999999999996;147,03999999999996;1,5713791306022;15,620463905388;UHE Monte Claro - CAV SNIRH.xlsx;b8f0487a-df73-4f8d-8b22-bb49cf9f3683;https://metadados.snirh.gov.br/files/b8f0487a-df73-4f8d-8b22-bb49cf9f3683/Monte_Claro.zip
Monte Claro;147,17999999999995;147,04999999999995;1,5718542921534;15,636179129571;UHE Monte Claro - CAV SNIRH.xlsx;b8f0487a-df73-4f8d-8b22-bb49cf9f3683;https://metadados.snirh.gov.br/files/b8f0487a-df73-4f8d-8b22-bb49cf9f3683/Monte_Claro.zip
Monte Claro;147,18999999999994;147,05999999999995;1,5723284472564;15,65189902346;UHE Monte Claro - CAV SNIRH.xlsx;b8f0487a-df73-4f8d-8b22-bb49cf9f3683;https://metadados.snirh.gov.br/files/b8f0487a-df73-4f8d-8b22-bb49cf9f3683/Monte_Claro.zip
Monte Claro;147,19999999999993;147,06999999999994;1,572801637323;15,667624284752;UHE Monte Claro - CAV SNIRH.xlsx;b8f0487a-df73-4f8d-8b22-bb49cf9f3683;https://metadados.snirh.gov.br/files/b8f0487a-df73-4f8d-8b22-bb49cf9f3683/Monte_Claro.zip
Monte Claro;147,20999999999992;147,07999999999993;1,5732738951010001;15,683354402283;UHE Monte Claro - CAV SNIRH.xlsx;b8f0487a-df73-4f8d-8b22-bb49cf9f3683;https://metadados.snirh.gov.br/files/b8f0487a-df73-4f8d-8b22-bb49cf9f3683/Monte_Claro.zip
Monte Claro;147,2199999999999;147,08999999999992;1,5737450792724;15,69908915317;UHE Monte Claro - CAV SNIRH.xlsx;b8f0487a-df73-4f8d-8b22-bb49cf9f3683;https://metadados.snirh.gov.br/files/b8f0487a-df73-4f8d-8b22-bb49cf9f3683/Monte_Claro.zip
Monte Claro;147,2299999999999;147,0999999999999;1,5742152820415;15,714828635098;UHE Monte Claro - CAV SNIRH.xlsx;b8f0487a-df73-4f8d-8b22-bb49cf9f3683;https://metadados.snirh.gov.br/files/b8f0487a-df73-4f8d-8b22-bb49cf9f3683/Monte_Claro.zip
Monte Claro;147,2399999999999;147,1099999999999;1,5746845584917002;15,730572468407999;UHE Monte Claro - CAV SNIRH.xlsx;b8f0487a-df73-4f8d-8b22-bb49cf9f3683;https://metadados.snirh.gov.br/files/b8f0487a-df73-4f8d-8b22-bb49cf9f3683/Monte_Claro.zip
Monte Claro;147,2499999999999;147,1199999999999;1,5751529473515;15,746320393957;UHE Monte Claro - CAV SNIRH.xlsx;b8f0487a-df73-4f8d-8b22-bb49cf9f3683;https://metadados.snirh.gov.br/files/b8f0487a-df73-4f8d-8b22-bb49cf9f3683/Monte_Claro.zip
Monte Claro;147,25999999999988;147,12999999999988;1,575620440592;15,762074404882;UHE Monte Claro - CAV SNIRH.xlsx;b8f0487a-df73-4f8d-8b22-bb49cf9f3683;https://metadados.snirh.gov.br/files/b8f0487a-df73-4f8d-8b22-bb49cf9f3683/Monte_Claro.zip
Monte Claro;147,26999999999987;147,13999999999987;1,5760870808899;15,777832099446;UHE Monte Claro - CAV SNIRH.xlsx;b8f0487a-df73-4f8d-8b22-bb49cf9f3683;https://metadados.snirh.gov.br/files/b8f0487a-df73-4f8d-8b22-bb49cf9f3683/Monte_Claro.zip
Monte Claro;147,27999999999986;147,14999999999986;1,5765529081849;15,793594778788;UHE Monte Claro - CAV SNIRH.xlsx;b8f0487a-df73-4f8d-8b22-bb49cf9f3683;https://metadados.snirh.gov.br/files/b8f0487a-df73-4f8d-8b22-bb49cf9f3683/Monte_Claro.zip
Monte Claro;147,28999999999985;147,15999999999985;1,5770180126177;15,809362942608999;UHE Monte Claro - CAV SNIRH.xlsx;b8f0487a-df73-4f8d-8b22-bb49cf9f3683;https://metadados.snirh.gov.br/files/b8f0487a-df73-4f8d-8b22-bb49cf9f3683/Monte_Claro.zip
Monte Claro;147,29999999999984;147,16999999999985;1,5774823242073999;15,825134330759001;UHE Monte Claro - CAV SNIRH.xlsx;b8f0487a-df73-4f8d-8b22-bb49cf9f3683;https://metadados.snirh.gov.br/files/b8f0487a-df73-4f8d-8b22-bb49cf9f3683/Monte_Claro.zip
Monte Claro;147,30999999999983;147,17999999999984;1,5779456984797;15,840910974357;UHE Monte Claro - CAV SNIRH.xlsx;b8f0487a-df73-4f8d-8b22-bb49cf9f3683;https://metadados.snirh.gov.br/files/b8f0487a-df73-4f8d-8b22-bb49cf9f3683/Monte_Claro.zip
Monte Claro;147,31999999999982;147,18999999999983;1,5784083474319;15,856691926044;UHE Monte Claro - CAV SNIRH.xlsx;b8f0487a-df73-4f8d-8b22-bb49cf9f3683;https://metadados.snirh.gov.br/files/b8f0487a-df73-4f8d-8b22-bb49cf9f3683/Monte_Claro.zip
Monte Claro;147,3299999999998;147,19999999999982;1,5788701815744;15,872478008239;UHE Monte Claro - CAV SNIRH.xlsx;b8f0487a-df73-4f8d-8b22-bb49cf9f3683;https://metadados.snirh.gov.br/files/b8f0487a-df73-4f8d-8b22-bb49cf9f3683/Monte_Claro.zip
Monte Claro;147,3399999999998;147,2099999999998;1,5793311779104;15,888269431847;UHE Monte Claro - CAV SNIRH.xlsx;b8f0487a-df73-4f8d-8b22-bb49cf9f3683;https://metadados.snirh.gov.br/files/b8f0487a-df73-4f8d-8b22-bb49cf9f3683/Monte_Claro.zip
Monte Claro;147,3499999999998;147,2199999999998;1,579791342173;15,904064836097;UHE Monte Claro - CAV SNIRH.xlsx;b8f0487a-df73-4f8d-8b22-bb49cf9f3683;https://metadados.snirh.gov.br/files/b8f0487a-df73-4f8d-8b22-bb49cf9f3683/Monte_Claro.zip
Monte Claro;147,3599999999998;147,2299999999998;1,5802507388068;15,919865298225;UHE Monte Claro - CAV SNIRH.xlsx;b8f0487a-df73-4f8d-8b22-bb49cf9f3683;https://metadados.snirh.gov.br/files/b8f0487a-df73-4f8d-8b22-bb49cf9f3683/Monte_Claro.zip
Monte Claro;147,36999999999978;147,23999999999978;1,580709400774;15,935669830889;UHE Monte Claro - CAV SNIRH.xlsx;b8f0487a-df73-4f8d-8b22-bb49cf9f3683;https://metadados.snirh.gov.br/files/b8f0487a-df73-4f8d-8b22-bb49cf9f3683/Monte_Claro.zip
Monte Claro;147,37999999999977;147,24999999999977;1,5811675714803;15,951478708307;UHE Monte Claro - CAV SNIRH.xlsx;b8f0487a-df73-4f8d-8b22-bb49cf9f3683;https://metadados.snirh.gov.br/files/b8f0487a-df73-4f8d-8b22-bb49cf9f3683/Monte_Claro.zip
Monte Claro;147,38999999999976;147,25999999999976;1,5816252377599;15,967293256881;UHE Monte Claro - CAV SNIRH.xlsx;b8f0487a-df73-4f8d-8b22-bb49cf9f3683;https://metadados.snirh.gov.br/files/b8f0487a-df73-4f8d-8b22-bb49cf9f3683/Monte_Claro.zip
Monte Claro;147,39999999999975;147,26999999999975;1,5820818601442;15,983111283923;UHE Monte Claro - CAV SNIRH.xlsx;b8f0487a-df73-4f8d-8b22-bb49cf9f3683;https://metadados.snirh.gov.br/files/b8f0487a-df73-4f8d-8b22-bb49cf9f3683/Monte_Claro.zip
Monte Claro;147,40999999999974;147,27999999999975;1,5825378000616999;15,998934264986;UHE Monte Claro - CAV SNIRH.xlsx;b8f0487a-df73-4f8d-8b22-bb49cf9f3683;https://metadados.snirh.gov.br/files/b8f0487a-df73-4f8d-8b22-bb49cf9f3683/Monte_Claro.zip
Monte Claro;147,41999999999973;147,28999999999974;1,5829931090314;16,014761149111997;UHE Monte Claro - CAV SNIRH.xlsx;b8f0487a-df73-4f8d-8b22-bb49cf9f3683;https://metadados.snirh.gov.br/files/b8f0487a-df73-4f8d-8b22-bb49cf9f3683/Monte_Claro.zip
Monte Claro;147,42999999999972;147,29999999999973;1,5834478363892999;16,030593663544998;UHE Monte Claro - CAV SNIRH.xlsx;b8f0487a-df73-4f8d-8b22-bb49cf9f3683;https://metadados.snirh.gov.br/files/b8f0487a-df73-4f8d-8b22-bb49cf9f3683/Monte_Claro.zip
Monte Claro;147,4399999999997;147,30999999999972;1,5839015363264;16,046430237356;UHE Monte Claro - CAV SNIRH.xlsx;b8f0487a-df73-4f8d-8b22-bb49cf9f3683;https://metadados.snirh.gov.br/files/b8f0487a-df73-4f8d-8b22-bb49cf9f3683/Monte_Claro.zip
Monte Claro;147,4499999999997;147,3199999999997;1,5843540691835;16,062270883745;UHE Monte Claro - CAV SNIRH.xlsx;b8f0487a-df73-4f8d-8b22-bb49cf9f3683;https://metadados.snirh.gov.br/files/b8f0487a-df73-4f8d-8b22-bb49cf9f3683/Monte_Claro.zip
Monte Claro;147,4599999999997;147,3299999999997;1,5848055791903002;16,078116292461;UHE Monte Claro - CAV SNIRH.xlsx;b8f0487a-df73-4f8d-8b22-bb49cf9f3683;https://metadados.snirh.gov.br/files/b8f0487a-df73-4f8d-8b22-bb49cf9f3683/Monte_Claro.zip
Monte Claro;147,4699999999997;147,3399999999997;1,5852560444467998;16,093965667369;UHE Monte Claro - CAV SNIRH.xlsx;b8f0487a-df73-4f8d-8b22-bb49cf9f3683;https://metadados.snirh.gov.br/files/b8f0487a-df73-4f8d-8b22-bb49cf9f3683/Monte_Claro.zip
Monte Claro;147,47999999999968;147,34999999999968;1,5857054127254;16,109819869549;UHE Monte Claro - CAV SNIRH.xlsx;b8f0487a-df73-4f8d-8b22-bb49cf9f3683;https://metadados.snirh.gov.br/files/b8f0487a-df73-4f8d-8b22-bb49cf9f3683/Monte_Claro.zip
Monte Claro;147,48999999999967;147,35999999999967;1,5861539146966002;16,125678226565;UHE Monte Claro - CAV SNIRH.xlsx;b8f0487a-df73-4f8d-8b22-bb49cf9f3683;https://metadados.snirh.gov.br/files/b8f0487a-df73-4f8d-8b22-bb49cf9f3683/Monte_Claro.zip
Monte Claro;147,49999999999966;147,36999999999966;1,5866015409701002;16,141541700511;UHE Monte Claro - CAV SNIRH.xlsx;b8f0487a-df73-4f8d-8b22-bb49cf9f3683;https://metadados.snirh.gov.br/files/b8f0487a-df73-4f8d-8b22-bb49cf9f3683/Monte_Claro.zip
Monte Claro;147,50999999999965;147,37999999999965;1,5870482533896;16,157409905485;UHE Monte Claro - CAV SNIRH.xlsx;b8f0487a-df73-4f8d-8b22-bb49cf9f3683;https://metadados.snirh.gov.br/files/b8f0487a-df73-4f8d-8b22-bb49cf9f3683/Monte_Claro.zip
Monte Claro;147,51999999999964;147,38999999999965;1,5874940804751;16,173281919321;UHE Monte Claro - CAV SNIRH.xlsx;b8f0487a-df73-4f8d-8b22-bb49cf9f3683;https://metadados.snirh.gov.br/files/b8f0487a-df73-4f8d-8b22-bb49cf9f3683/Monte_Claro.zip
Monte Claro;147,52999999999963;147,39999999999964;1,5879390419415;16,18915825264;UHE Monte Claro - CAV SNIRH.xlsx;b8f0487a-df73-4f8d-8b22-bb49cf9f3683;https://metadados.snirh.gov.br/files/b8f0487a-df73-4f8d-8b22-bb49cf9f3683/Monte_Claro.zip
Monte Claro;147,53999999999962;147,40999999999963;1,5883831854713;16,205040335676;UHE Monte Claro - CAV SNIRH.xlsx;b8f0487a-df73-4f8d-8b22-bb49cf9f3683;https://metadados.snirh.gov.br/files/b8f0487a-df73-4f8d-8b22-bb49cf9f3683/Monte_Claro.zip
Monte Claro;147,5499999999996;147,41999999999962;1,5888265466637;16,220926146163;UHE Monte Claro - CAV SNIRH.xlsx;b8f0487a-df73-4f8d-8b22-bb49cf9f3683;https://metadados.snirh.gov.br/files/b8f0487a-df73-4f8d-8b22-bb49cf9f3683/Monte_Claro.zip
Monte Claro;147,5599999999996;147,4299999999996;1,5892692017347998;16,236817043515;UHE Monte Claro - CAV SNIRH.xlsx;b8f0487a-df73-4f8d-8b22-bb49cf9f3683;https://metadados.snirh.gov.br/files/b8f0487a-df73-4f8d-8b22-bb49cf9f3683/Monte_Claro.zip
Monte Claro;147,5699999999996;147,4399999999996;1,5897111372048;16,252711229762;UHE Monte Claro - CAV SNIRH.xlsx;b8f0487a-df73-4f8d-8b22-bb49cf9f3683;https://metadados.snirh.gov.br/files/b8f0487a-df73-4f8d-8b22-bb49cf9f3683/Monte_Claro.zip
Monte Claro;147,5799999999996;147,4499999999996;1,5901523483267;16,268610988071;UHE Monte Claro - CAV SNIRH.xlsx;b8f0487a-df73-4f8d-8b22-bb49cf9f3683;https://metadados.snirh.gov.br/files/b8f0487a-df73-4f8d-8b22-bb49cf9f3683/Monte_Claro.zip
Monte Claro;147,58999999999958;147,45999999999958;1,5905928576977;16,284514871442;UHE Monte Claro - CAV SNIRH.xlsx;b8f0487a-df73-4f8d-8b22-bb49cf9f3683;https://metadados.snirh.gov.br/files/b8f0487a-df73-4f8d-8b22-bb49cf9f3683/Monte_Claro.zip
Monte Claro;147,59999999999957;147,46999999999957;1,5910326948548;16,300422734496;UHE Monte Claro - CAV SNIRH.xlsx;b8f0487a-df73-4f8d-8b22-bb49cf9f3683;https://metadados.snirh.gov.br/files/b8f0487a-df73-4f8d-8b22-bb49cf9f3683/Monte_Claro.zip
Monte Claro;147,60999999999956;147,47999999999956;1,5914718449412;16,316335119677;UHE Monte Claro - CAV SNIRH.xlsx;b8f0487a-df73-4f8d-8b22-bb49cf9f3683;https://metadados.snirh.gov.br/files/b8f0487a-df73-4f8d-8b22-bb49cf9f3683/Monte_Claro.zip
Monte Claro;147,61999999999955;147,48999999999955;1,5919102939484;16,332251740594;UHE Monte Claro - CAV SNIRH.xlsx;b8f0487a-df73-4f8d-8b22-bb49cf9f3683;https://metadados.snirh.gov.br/files/b8f0487a-df73-4f8d-8b22-bb49cf9f3683/Monte_Claro.zip
Monte Claro;147,62999999999954;147,49999999999955;1,5923480386484;16,348173189944;UHE Monte Claro - CAV SNIRH.xlsx;b8f0487a-df73-4f8d-8b22-bb49cf9f3683;https://metadados.snirh.gov.br/files/b8f0487a-df73-4f8d-8b22-bb49cf9f3683/Monte_Claro.zip
Monte Claro;147,63999999999953;147,50999999999954;1,5927851076093;16,364099485227;UHE Monte Claro - CAV SNIRH.xlsx;b8f0487a-df73-4f8d-8b22-bb49cf9f3683;https://metadados.snirh.gov.br/files/b8f0487a-df73-4f8d-8b22-bb49cf9f3683/Monte_Claro.zip
Monte Claro;147,64999999999952;147,51999999999953;1,5932215023608;16,380029028533002;UHE Monte Claro - CAV SNIRH.xlsx;b8f0487a-df73-4f8d-8b22-bb49cf9f3683;https://metadados.snirh.gov.br/files/b8f0487a-df73-4f8d-8b22-bb49cf9f3683/Monte_Claro.zip
Monte Claro;147,6599999999995;147,52999999999952;1,5936572556962;16,395963313366998;UHE Monte Claro - CAV SNIRH.xlsx;b8f0487a-df73-4f8d-8b22-bb49cf9f3683;https://metadados.snirh.gov.br/files/b8f0487a-df73-4f8d-8b22-bb49cf9f3683/Monte_Claro.zip
Monte Claro;147,6699999999995;147,5399999999995;1,5940923875313;16,411900937017;UHE Monte Claro - CAV SNIRH.xlsx;b8f0487a-df73-4f8d-8b22-bb49cf9f3683;https://metadados.snirh.gov.br/files/b8f0487a-df73-4f8d-8b22-bb49cf9f3683/Monte_Claro.zip
Monte Claro;147,6799999999995;147,5499999999995;1,5945268977824;16,427842514803;UHE Monte Claro - CAV SNIRH.xlsx;b8f0487a-df73-4f8d-8b22-bb49cf9f3683;https://metadados.snirh.gov.br/files/b8f0487a-df73-4f8d-8b22-bb49cf9f3683/Monte_Claro.zip
Monte Claro;147,6899999999995;147,5599999999995;1,5949607908842;16,443789747693;UHE Monte Claro - CAV SNIRH.xlsx;b8f0487a-df73-4f8d-8b22-bb49cf9f3683;https://metadados.snirh.gov.br/files/b8f0487a-df73-4f8d-8b22-bb49cf9f3683/Monte_Claro.zip
Monte Claro;147,69999999999948;147,56999999999948;1,5953940803932;16,459740865194;UHE Monte Claro - CAV SNIRH.xlsx;b8f0487a-df73-4f8d-8b22-bb49cf9f3683;https://metadados.snirh.gov.br/files/b8f0487a-df73-4f8d-8b22-bb49cf9f3683/Monte_Claro.zip
Monte Claro;147,70999999999947;147,57999999999947;1,5958267635806;16,475696189337;UHE Monte Claro - CAV SNIRH.xlsx;b8f0487a-df73-4f8d-8b22-bb49cf9f3683;https://metadados.snirh.gov.br/files/b8f0487a-df73-4f8d-8b22-bb49cf9f3683/Monte_Claro.zip
Monte Claro;147,71999999999946;147,58999999999946;1,5962588497012;16,491656603504;UHE Monte Claro - CAV SNIRH.xlsx;b8f0487a-df73-4f8d-8b22-bb49cf9f3683;https://metadados.snirh.gov.br/files/b8f0487a-df73-4f8d-8b22-bb49cf9f3683/Monte_Claro.zip
Monte Claro;147,72999999999945;147,59999999999945;1,5966903456952;16,507620980548;UHE Monte Claro - CAV SNIRH.xlsx;b8f0487a-df73-4f8d-8b22-bb49cf9f3683;https://metadados.snirh.gov.br/files/b8f0487a-df73-4f8d-8b22-bb49cf9f3683/Monte_Claro.zip
Monte Claro;147,73999999999944;147,60999999999945;1,5971212844114;16,523590290824;UHE Monte Claro - CAV SNIRH.xlsx;b8f0487a-df73-4f8d-8b22-bb49cf9f3683;https://metadados.snirh.gov.br/files/b8f0487a-df73-4f8d-8b22-bb49cf9f3683/Monte_Claro.zip
Monte Claro;147,74999999999943;147,61999999999944;1,5975516887941;16,539563571520002;UHE Monte Claro - CAV SNIRH.xlsx;b8f0487a-df73-4f8d-8b22-bb49cf9f3683;https://metadados.snirh.gov.br/files/b8f0487a-df73-4f8d-8b22-bb49cf9f3683/Monte_Claro.zip
Monte Claro;147,75999999999942;147,62999999999943;1,5979815621152;16,555540949370002;UHE Monte Claro - CAV SNIRH.xlsx;b8f0487a-df73-4f8d-8b22-bb49cf9f3683;https://metadados.snirh.gov.br/files/b8f0487a-df73-4f8d-8b22-bb49cf9f3683/Monte_Claro.zip
Monte Claro;147,7699999999994;147,63999999999942;1,5984108669463999;16,571522892279;UHE Monte Claro - CAV SNIRH.xlsx;b8f0487a-df73-4f8d-8b22-bb49cf9f3683;https://metadados.snirh.gov.br/files/b8f0487a-df73-4f8d-8b22-bb49cf9f3683/Monte_Claro.zip
Monte Claro;147,7799999999994;147,6499999999994;1,5988395713837;16,587509677086;UHE Monte Claro - CAV SNIRH.xlsx;b8f0487a-df73-4f8d-8b22-bb49cf9f3683;https://metadados.snirh.gov.br/files/b8f0487a-df73-4f8d-8b22-bb49cf9f3683/Monte_Claro.zip
Monte Claro;147,7899999999994;147,6599999999994;1,5992676651604;16,603499480369;UHE Monte Claro - CAV SNIRH.xlsx;b8f0487a-df73-4f8d-8b22-bb49cf9f3683;https://metadados.snirh.gov.br/files/b8f0487a-df73-4f8d-8b22-bb49cf9f3683/Monte_Claro.zip
Monte Claro;147,7999999999994;147,6699999999994;1,5996952022649;16,619493563368;UHE Monte Claro - CAV SNIRH.xlsx;b8f0487a-df73-4f8d-8b22-bb49cf9f3683;https://metadados.snirh.gov.br/files/b8f0487a-df73-4f8d-8b22-bb49cf9f3683/Monte_Claro.zip
Monte Claro;147,80999999999938;147,67999999999938;1,6001222086683;16,635492225537;UHE Monte Claro - CAV SNIRH.xlsx;b8f0487a-df73-4f8d-8b22-bb49cf9f3683;https://metadados.snirh.gov.br/files/b8f0487a-df73-4f8d-8b22-bb49cf9f3683/Monte_Claro.zip
Monte Claro;147,81999999999937;147,68999999999937;1,6005487062219;16,651494729076;UHE Monte Claro - CAV SNIRH.xlsx;b8f0487a-df73-4f8d-8b22-bb49cf9f3683;https://metadados.snirh.gov.br/files/b8f0487a-df73-4f8d-8b22-bb49cf9f3683/Monte_Claro.zip
Monte Claro;147,82999999999936;147,69999999999936;1,6009746840076;16,667502557608998;UHE Monte Claro - CAV SNIRH.xlsx;b8f0487a-df73-4f8d-8b22-bb49cf9f3683;https://metadados.snirh.gov.br/files/b8f0487a-df73-4f8d-8b22-bb49cf9f3683/Monte_Claro.zip
Monte Claro;147,83999999999935;147,70999999999935;1,6014001263776998;16,68351418946;UHE Monte Claro - CAV SNIRH.xlsx;b8f0487a-df73-4f8d-8b22-bb49cf9f3683;https://metadados.snirh.gov.br/files/b8f0487a-df73-4f8d-8b22-bb49cf9f3683/Monte_Claro.zip
Monte Claro;147,84999999999934;147,71999999999935;1,6018250207442002;16,699530541512;UHE Monte Claro - CAV SNIRH.xlsx;b8f0487a-df73-4f8d-8b22-bb49cf9f3683;https://metadados.snirh.gov.br/files/b8f0487a-df73-4f8d-8b22-bb49cf9f3683/Monte_Claro.zip
Monte Claro;147,85999999999933;147,72999999999934;1,6022493928599;16,715550496649;UHE Monte Claro - CAV SNIRH.xlsx;b8f0487a-df73-4f8d-8b22-bb49cf9f3683;https://metadados.snirh.gov.br/files/b8f0487a-df73-4f8d-8b22-bb49cf9f3683/Monte_Claro.zip
Monte Claro;147,86999999999932;147,73999999999933;1,6026732606486;16,731574478885;UHE Monte Claro - CAV SNIRH.xlsx;b8f0487a-df73-4f8d-8b22-bb49cf9f3683;https://metadados.snirh.gov.br/files/b8f0487a-df73-4f8d-8b22-bb49cf9f3683/Monte_Claro.zip
Monte Claro;147,8799999999993;147,74999999999932;1,6030966156246;16,747603022268;UHE Monte Claro - CAV SNIRH.xlsx;b8f0487a-df73-4f8d-8b22-bb49cf9f3683;https://metadados.snirh.gov.br/files/b8f0487a-df73-4f8d-8b22-bb49cf9f3683/Monte_Claro.zip
Monte Claro;147,8899999999993;147,7599999999993;1,6035194719012;16,763635505479;UHE Monte Claro - CAV SNIRH.xlsx;b8f0487a-df73-4f8d-8b22-bb49cf9f3683;https://metadados.snirh.gov.br/files/b8f0487a-df73-4f8d-8b22-bb49cf9f3683/Monte_Claro.zip
Monte Claro;147,8999999999993;147,7699999999993;1,6039418432996;16,779672165795;UHE Monte Claro - CAV SNIRH.xlsx;b8f0487a-df73-4f8d-8b22-bb49cf9f3683;https://metadados.snirh.gov.br/files/b8f0487a-df73-4f8d-8b22-bb49cf9f3683/Monte_Claro.zip
Monte Claro;147,9099999999993;147,7799999999993;1,6043637185118;16,795713218951;UHE Monte Claro - CAV SNIRH.xlsx;b8f0487a-df73-4f8d-8b22-bb49cf9f3683;https://metadados.snirh.gov.br/files/b8f0487a-df73-4f8d-8b22-bb49cf9f3683/Monte_Claro.zip
Monte Claro;147,91999999999928;147,78999999999928;1,6047851092914;16,811758870574998;UHE Monte Claro - CAV SNIRH.xlsx;b8f0487a-df73-4f8d-8b22-bb49cf9f3683;https://metadados.snirh.gov.br/files/b8f0487a-df73-4f8d-8b22-bb49cf9f3683/Monte_Claro.zip
Monte Claro;147,92999999999927;147,79999999999927;1,6052060233972;16,827807485877997;UHE Monte Claro - CAV SNIRH.xlsx;b8f0487a-df73-4f8d-8b22-bb49cf9f3683;https://metadados.snirh.gov.br/files/b8f0487a-df73-4f8d-8b22-bb49cf9f3683/Monte_Claro.zip
Monte Claro;147,93999999999926;147,80999999999926;1,6056264441057;16,843860985858;UHE Monte Claro - CAV SNIRH.xlsx;b8f0487a-df73-4f8d-8b22-bb49cf9f3683;https://metadados.snirh.gov.br/files/b8f0487a-df73-4f8d-8b22-bb49cf9f3683/Monte_Claro.zip
Monte Claro;147,94999999999925;147,81999999999925;1,6060463799705;16,859918817461;UHE Monte Claro - CAV SNIRH.xlsx;b8f0487a-df73-4f8d-8b22-bb49cf9f3683;https://metadados.snirh.gov.br/files/b8f0487a-df73-4f8d-8b22-bb49cf9f3683/Monte_Claro.zip
Monte Claro;147,95999999999924;147,82999999999925;1,6064658390305;16,875981410411;UHE Monte Claro - CAV SNIRH.xlsx;b8f0487a-df73-4f8d-8b22-bb49cf9f3683;https://metadados.snirh.gov.br/files/b8f0487a-df73-4f8d-8b22-bb49cf9f3683/Monte_Claro.zip
Monte Claro;147,96999999999923;147,83999999999924;1,6068848231518;16,892047760645;UHE Monte Claro - CAV SNIRH.xlsx;b8f0487a-df73-4f8d-8b22-bb49cf9f3683;https://metadados.snirh.gov.br/files/b8f0487a-df73-4f8d-8b22-bb49cf9f3683/Monte_Claro.zip
Monte Claro;147,97999999999922;147,84999999999923;1,6073033359371;16,908118580258;UHE Monte Claro - CAV SNIRH.xlsx;b8f0487a-df73-4f8d-8b22-bb49cf9f3683;https://metadados.snirh.gov.br/files/b8f0487a-df73-4f8d-8b22-bb49cf9f3683/Monte_Claro.zip
Monte Claro;147,9899999999992;147,85999999999922;1,6077213788884999;16,924193593214003;UHE Monte Claro - CAV SNIRH.xlsx;b8f0487a-df73-4f8d-8b22-bb49cf9f3683;https://metadados.snirh.gov.br/files/b8f0487a-df73-4f8d-8b22-bb49cf9f3683/Monte_Claro.zip
Monte Claro;147,9999999999992;147,8699999999992;1,6081389586742;16,940272743948;UHE Monte Claro - CAV SNIRH.xlsx;b8f0487a-df73-4f8d-8b22-bb49cf9f3683;https://metadados.snirh.gov.br/files/b8f0487a-df73-4f8d-8b22-bb49cf9f3683/Monte_Claro.zip
Monte Claro;148,0099999999992;147,8799999999992;1,608556095628;16,956356441845998;UHE Monte Claro - CAV SNIRH.xlsx;b8f0487a-df73-4f8d-8b22-bb49cf9f3683;https://metadados.snirh.gov.br/files/b8f0487a-df73-4f8d-8b22-bb49cf9f3683/Monte_Claro.zip
Monte Claro;148,0199999999992;147,8899999999992;1,6089727825752;16,972443694253002;UHE Monte Claro - CAV SNIRH.xlsx;b8f0487a-df73-4f8d-8b22-bb49cf9f3683;https://metadados.snirh.gov.br/files/b8f0487a-df73-4f8d-8b22-bb49cf9f3683/Monte_Claro.zip
Monte Claro;148,02999999999918;147,89999999999918;1,6093890123224;16,988534792157;UHE Monte Claro - CAV SNIRH.xlsx;b8f0487a-df73-4f8d-8b22-bb49cf9f3683;https://metadados.snirh.gov.br/files/b8f0487a-df73-4f8d-8b22-bb49cf9f3683/Monte_Claro.zip
Monte Claro;148,03999999999917;147,90999999999917;1,6098047883971;17,004629903271002;UHE Monte Claro - CAV SNIRH.xlsx;b8f0487a-df73-4f8d-8b22-bb49cf9f3683;https://metadados.snirh.gov.br/files/b8f0487a-df73-4f8d-8b22-bb49cf9f3683/Monte_Claro.zip
Monte Claro;148,04999999999916;147,91999999999916;1,6102200973979;17,020729881201;UHE Monte Claro - CAV SNIRH.xlsx;b8f0487a-df73-4f8d-8b22-bb49cf9f3683;https://metadados.snirh.gov.br/files/b8f0487a-df73-4f8d-8b22-bb49cf9f3683/Monte_Claro.zip
Monte Claro;148,05999999999915;147,92999999999915;1,6106349691856001;17,036834412500003;UHE Monte Claro - CAV SNIRH.xlsx;b8f0487a-df73-4f8d-8b22-bb49cf9f3683;https://metadados.snirh.gov.br/files/b8f0487a-df73-4f8d-8b22-bb49cf9f3683/Monte_Claro.zip
Monte Claro;148,06999999999914;147,93999999999915;1,6110494263647999;17,052942355512002;UHE Monte Claro - CAV SNIRH.xlsx;b8f0487a-df73-4f8d-8b22-bb49cf9f3683;https://metadados.snirh.gov.br/files/b8f0487a-df73-4f8d-8b22-bb49cf9f3683/Monte_Claro.zip
Monte Claro;148,07999999999913;147,94999999999914;1,6114634149884;17,069055056745;UHE Monte Claro - CAV SNIRH.xlsx;b8f0487a-df73-4f8d-8b22-bb49cf9f3683;https://metadados.snirh.gov.br/files/b8f0487a-df73-4f8d-8b22-bb49cf9f3683/Monte_Claro.zip
Monte Claro;148,08999999999912;147,95999999999913;1,6118769410582001;17,085171327364;UHE Monte Claro - CAV SNIRH.xlsx;b8f0487a-df73-4f8d-8b22-bb49cf9f3683;https://metadados.snirh.gov.br/files/b8f0487a-df73-4f8d-8b22-bb49cf9f3683/Monte_Claro.zip
Monte Claro;148,0999999999991;147,96999999999912;1,6122900179427;17,101292347984;UHE Monte Claro - CAV SNIRH.xlsx;b8f0487a-df73-4f8d-8b22-bb49cf9f3683;https://metadados.snirh.gov.br/files/b8f0487a-df73-4f8d-8b22-bb49cf9f3683/Monte_Claro.zip
Monte Claro;148,1099999999991;147,9799999999991;1,6127026546828;17,117417012544;UHE Monte Claro - CAV SNIRH.xlsx;b8f0487a-df73-4f8d-8b22-bb49cf9f3683;https://metadados.snirh.gov.br/files/b8f0487a-df73-4f8d-8b22-bb49cf9f3683/Monte_Claro.zip
Monte Claro;148,1199999999991;147,9899999999991;1,6131148563447002;17,133545833895003;UHE Monte Claro - CAV SNIRH.xlsx;b8f0487a-df73-4f8d-8b22-bb49cf9f3683;https://metadados.snirh.gov.br/files/b8f0487a-df73-4f8d-8b22-bb49cf9f3683/Monte_Claro.zip
Monte Claro;148,1299999999991;147,9999999999991;1,6135266410326001;17,149678980046;UHE Monte Claro - CAV SNIRH.xlsx;b8f0487a-df73-4f8d-8b22-bb49cf9f3683;https://metadados.snirh.gov.br/files/b8f0487a-df73-4f8d-8b22-bb49cf9f3683/Monte_Claro.zip
Monte Claro;148,13999999999908;148,00999999999908;1,6139380241238;17,165815987849;UHE Monte Claro - CAV SNIRH.xlsx;b8f0487a-df73-4f8d-8b22-bb49cf9f3683;https://metadados.snirh.gov.br/files/b8f0487a-df73-4f8d-8b22-bb49cf9f3683/Monte_Claro.zip
Monte Claro;148,14999999999907;148,01999999999907;1,6143490061094;17,181957453797;UHE Monte Claro - CAV SNIRH.xlsx;b8f0487a-df73-4f8d-8b22-bb49cf9f3683;https://metadados.snirh.gov.br/files/b8f0487a-df73-4f8d-8b22-bb49cf9f3683/Monte_Claro.zip
Monte Claro;148,15999999999906;148,02999999999906;1,6147595893212001;17,198102444626;UHE Monte Claro - CAV SNIRH.xlsx;b8f0487a-df73-4f8d-8b22-bb49cf9f3683;https://metadados.snirh.gov.br/files/b8f0487a-df73-4f8d-8b22-bb49cf9f3683/Monte_Claro.zip
Monte Claro;148,16999999999905;148,03999999999905;1,6151697796872;17,214251380441;UHE Monte Claro - CAV SNIRH.xlsx;b8f0487a-df73-4f8d-8b22-bb49cf9f3683;https://metadados.snirh.gov.br/files/b8f0487a-df73-4f8d-8b22-bb49cf9f3683/Monte_Claro.zip
Monte Claro;148,17999999999904;148,04999999999905;1,6155795722378001;17,230404458285;UHE Monte Claro - CAV SNIRH.xlsx;b8f0487a-df73-4f8d-8b22-bb49cf9f3683;https://metadados.snirh.gov.br/files/b8f0487a-df73-4f8d-8b22-bb49cf9f3683/Monte_Claro.zip
Monte Claro;148,18999999999903;148,05999999999904;1,6159889925851998;17,246561673250998;UHE Monte Claro - CAV SNIRH.xlsx;b8f0487a-df73-4f8d-8b22-bb49cf9f3683;https://metadados.snirh.gov.br/files/b8f0487a-df73-4f8d-8b22-bb49cf9f3683/Monte_Claro.zip
Monte Claro;148,19999999999902;148,06999999999903;1,6163980481222;17,262722758432;UHE Monte Claro - CAV SNIRH.xlsx;b8f0487a-df73-4f8d-8b22-bb49cf9f3683;https://metadados.snirh.gov.br/files/b8f0487a-df73-4f8d-8b22-bb49cf9f3683/Monte_Claro.zip
Monte Claro;148,209999999999;148,07999999999902;1,6168067456159;17,278888520265003;UHE Monte Claro - CAV SNIRH.xlsx;b8f0487a-df73-4f8d-8b22-bb49cf9f3683;https://metadados.snirh.gov.br/files/b8f0487a-df73-4f8d-8b22-bb49cf9f3683/Monte_Claro.zip
Monte Claro;148,219999999999;148,089999999999;1,61721509515;17,295058226059002;UHE Monte Claro - CAV SNIRH.xlsx;b8f0487a-df73-4f8d-8b22-bb49cf9f3683;https://metadados.snirh.gov.br/files/b8f0487a-df73-4f8d-8b22-bb49cf9f3683/Monte_Claro.zip
Monte Claro;148,229999999999;148,099999999999;1,6176230887835998;17,311231201024;UHE Monte Claro - CAV SNIRH.xlsx;b8f0487a-df73-4f8d-8b22-bb49cf9f3683;https://metadados.snirh.gov.br/files/b8f0487a-df73-4f8d-8b22-bb49cf9f3683/Monte_Claro.zip
Monte Claro;148,239999999999;148,109999999999;1,6180307251734;17,327408804498;UHE Monte Claro - CAV SNIRH.xlsx;b8f0487a-df73-4f8d-8b22-bb49cf9f3683;https://metadados.snirh.gov.br/files/b8f0487a-df73-4f8d-8b22-bb49cf9f3683/Monte_Claro.zip
Monte Claro;148,24999999999898;148,11999999999898;1,6184380027349;17,343591062646002;UHE Monte Claro - CAV SNIRH.xlsx;b8f0487a-df73-4f8d-8b22-bb49cf9f3683;https://metadados.snirh.gov.br/files/b8f0487a-df73-4f8d-8b22-bb49cf9f3683/Monte_Claro.zip
Monte Claro;148,25999999999897;148,12999999999897;1,6188449080464;17,359777362501;UHE Monte Claro - CAV SNIRH.xlsx;b8f0487a-df73-4f8d-8b22-bb49cf9f3683;https://metadados.snirh.gov.br/files/b8f0487a-df73-4f8d-8b22-bb49cf9f3683/Monte_Claro.zip
Monte Claro;148,26999999999896;148,13999999999896;1,6192514440663;17,375968321517004;UHE Monte Claro - CAV SNIRH.xlsx;b8f0487a-df73-4f8d-8b22-bb49cf9f3683;https://metadados.snirh.gov.br/files/b8f0487a-df73-4f8d-8b22-bb49cf9f3683/Monte_Claro.zip
Monte Claro;148,27999999999895;148,14999999999895;1,6196576071901998;17,392162766297;UHE Monte Claro - CAV SNIRH.xlsx;b8f0487a-df73-4f8d-8b22-bb49cf9f3683;https://metadados.snirh.gov.br/files/b8f0487a-df73-4f8d-8b22-bb49cf9f3683/Monte_Claro.zip
Monte Claro;148,28999999999894;148,15999999999894;1,6200634028147;17,408362229266;UHE Monte Claro - CAV SNIRH.xlsx;b8f0487a-df73-4f8d-8b22-bb49cf9f3683;https://metadados.snirh.gov.br/files/b8f0487a-df73-4f8d-8b22-bb49cf9f3683/Monte_Claro.zip
Monte Claro;148,29999999999893;148,16999999999894;1,6204688478576001;17,424565048238;UHE Monte Claro - CAV SNIRH.xlsx;b8f0487a-df73-4f8d-8b22-bb49cf9f3683;https://metadados.snirh.gov.br/files/b8f0487a-df73-4f8d-8b22-bb49cf9f3683/Monte_Claro.zip
Monte Claro;148,30999999999892;148,17999999999893;1,6208739326378;17,440771557186;UHE Monte Claro - CAV SNIRH.xlsx;b8f0487a-df73-4f8d-8b22-bb49cf9f3683;https://metadados.snirh.gov.br/files/b8f0487a-df73-4f8d-8b22-bb49cf9f3683/Monte_Claro.zip
Monte Claro;148,3199999999989;148,18999999999892;1,6212786226425;17,456982284181;UHE Monte Claro - CAV SNIRH.xlsx;b8f0487a-df73-4f8d-8b22-bb49cf9f3683;https://metadados.snirh.gov.br/files/b8f0487a-df73-4f8d-8b22-bb49cf9f3683/Monte_Claro.zip
Monte Claro;148,3299999999989;148,1999999999989;1,6216829186191;17,473197177937;UHE Monte Claro - CAV SNIRH.xlsx;b8f0487a-df73-4f8d-8b22-bb49cf9f3683;https://metadados.snirh.gov.br/files/b8f0487a-df73-4f8d-8b22-bb49cf9f3683/Monte_Claro.zip
Monte Claro;148,3399999999989;148,2099999999989;1,6220868209914;17,48941588914;UHE Monte Claro - CAV SNIRH.xlsx;b8f0487a-df73-4f8d-8b22-bb49cf9f3683;https://metadados.snirh.gov.br/files/b8f0487a-df73-4f8d-8b22-bb49cf9f3683/Monte_Claro.zip
Monte Claro;148,3499999999989;148,2199999999989;1,6224903517268;17,505638177853;UHE Monte Claro - CAV SNIRH.xlsx;b8f0487a-df73-4f8d-8b22-bb49cf9f3683;https://metadados.snirh.gov.br/files/b8f0487a-df73-4f8d-8b22-bb49cf9f3683/Monte_Claro.zip
Monte Claro;148,35999999999888;148,22999999999888;1,6228935149916999;17,521864867799;UHE Monte Claro - CAV SNIRH.xlsx;b8f0487a-df73-4f8d-8b22-bb49cf9f3683;https://metadados.snirh.gov.br/files/b8f0487a-df73-4f8d-8b22-bb49cf9f3683/Monte_Claro.zip
Monte Claro;148,36999999999887;148,23999999999887;1,6232963053736;17,538095338782;UHE Monte Claro - CAV SNIRH.xlsx;b8f0487a-df73-4f8d-8b22-bb49cf9f3683;https://metadados.snirh.gov.br/files/b8f0487a-df73-4f8d-8b22-bb49cf9f3683/Monte_Claro.zip
Monte Claro;148,37999999999886;148,24999999999886;1,6236987266857;17,554330213823;UHE Monte Claro - CAV SNIRH.xlsx;b8f0487a-df73-4f8d-8b22-bb49cf9f3683;https://metadados.snirh.gov.br/files/b8f0487a-df73-4f8d-8b22-bb49cf9f3683/Monte_Claro.zip
Monte Claro;148,38999999999885;148,25999999999885;1,6241007833699;17,570568571652;UHE Monte Claro - CAV SNIRH.xlsx;b8f0487a-df73-4f8d-8b22-bb49cf9f3683;https://metadados.snirh.gov.br/files/b8f0487a-df73-4f8d-8b22-bb49cf9f3683/Monte_Claro.zip
Monte Claro;148,39999999999884;148,26999999999884;1,6245024755597;17,586811020985998;UHE Monte Claro - CAV SNIRH.xlsx;b8f0487a-df73-4f8d-8b22-bb49cf9f3683;https://metadados.snirh.gov.br/files/b8f0487a-df73-4f8d-8b22-bb49cf9f3683/Monte_Claro.zip
Monte Claro;148,40999999999883;148,27999999999884;1,6249038253352;17,60305788494;UHE Monte Claro - CAV SNIRH.xlsx;b8f0487a-df73-4f8d-8b22-bb49cf9f3683;https://metadados.snirh.gov.br/files/b8f0487a-df73-4f8d-8b22-bb49cf9f3683/Monte_Claro.zip
Monte Claro;148,41999999999882;148,28999999999883;1,6253048260452;17,619308850701998;UHE Monte Claro - CAV SNIRH.xlsx;b8f0487a-df73-4f8d-8b22-bb49cf9f3683;https://metadados.snirh.gov.br/files/b8f0487a-df73-4f8d-8b22-bb49cf9f3683/Monte_Claro.zip
Monte Claro;148,4299999999988;148,29999999999882;1,6257054849741999;17,635563545807;UHE Monte Claro - CAV SNIRH.xlsx;b8f0487a-df73-4f8d-8b22-bb49cf9f3683;https://metadados.snirh.gov.br/files/b8f0487a-df73-4f8d-8b22-bb49cf9f3683/Monte_Claro.zip
Monte Claro;148,4399999999988;148,3099999999988;1,6261058089706;17,651821353819003;UHE Monte Claro - CAV SNIRH.xlsx;b8f0487a-df73-4f8d-8b22-bb49cf9f3683;https://metadados.snirh.gov.br/files/b8f0487a-df73-4f8d-8b22-bb49cf9f3683/Monte_Claro.zip
Monte Claro;148,4499999999988;148,3199999999988;1,6265057990353;17,668084261029;UHE Monte Claro - CAV SNIRH.xlsx;b8f0487a-df73-4f8d-8b22-bb49cf9f3683;https://metadados.snirh.gov.br/files/b8f0487a-df73-4f8d-8b22-bb49cf9f3683/Monte_Claro.zip
Monte Claro;148,4599999999988;148,3299999999988;1,6269054714154;17,684350836118;UHE Monte Claro - CAV SNIRH.xlsx;b8f0487a-df73-4f8d-8b22-bb49cf9f3683;https://metadados.snirh.gov.br/files/b8f0487a-df73-4f8d-8b22-bb49cf9f3683/Monte_Claro.zip
Monte Claro;148,46999999999878;148,33999999999878;1,6273048026515;17,700621452104;UHE Monte Claro - CAV SNIRH.xlsx;b8f0487a-df73-4f8d-8b22-bb49cf9f3683;https://metadados.snirh.gov.br/files/b8f0487a-df73-4f8d-8b22-bb49cf9f3683/Monte_Claro.zip
Monte Claro;148,47999999999877;148,34999999999877;1,6277037948304;17,716896352267;UHE Monte Claro - CAV SNIRH.xlsx;b8f0487a-df73-4f8d-8b22-bb49cf9f3683;https://metadados.snirh.gov.br/files/b8f0487a-df73-4f8d-8b22-bb49cf9f3683/Monte_Claro.zip
Monte Claro;148,48999999999876;148,35999999999876;1,6281024703569;17,733175412108;UHE Monte Claro - CAV SNIRH.xlsx;b8f0487a-df73-4f8d-8b22-bb49cf9f3683;https://metadados.snirh.gov.br/files/b8f0487a-df73-4f8d-8b22-bb49cf9f3683/Monte_Claro.zip
Monte Claro;148,49999999999875;148,36999999999875;1,6285008501712999;17,74945768156;UHE Monte Claro - CAV SNIRH.xlsx;b8f0487a-df73-4f8d-8b22-bb49cf9f3683;https://metadados.snirh.gov.br/files/b8f0487a-df73-4f8d-8b22-bb49cf9f3683/Monte_Claro.zip
Monte Claro;148,50999999999874;148,37999999999874;1,6288989160057;17,765744118578002;UHE Monte Claro - CAV SNIRH.xlsx;b8f0487a-df73-4f8d-8b22-bb49cf9f3683;https://metadados.snirh.gov.br/files/b8f0487a-df73-4f8d-8b22-bb49cf9f3683/Monte_Claro.zip
Monte Claro;148,51999999999873;148,38999999999874;1,6292966551033;17,782034783664;UHE Monte Claro - CAV SNIRH.xlsx;b8f0487a-df73-4f8d-8b22-bb49cf9f3683;https://metadados.snirh.gov.br/files/b8f0487a-df73-4f8d-8b22-bb49cf9f3683/Monte_Claro.zip
Monte Claro;148,52999999999872;148,39999999999873;1,6296940524476;17,798329402618;UHE Monte Claro - CAV SNIRH.xlsx;b8f0487a-df73-4f8d-8b22-bb49cf9f3683;https://metadados.snirh.gov.br/files/b8f0487a-df73-4f8d-8b22-bb49cf9f3683/Monte_Claro.zip
Monte Claro;148,5399999999987;148,40999999999872;1,6300911259953998;17,814627793767002;UHE Monte Claro - CAV SNIRH.xlsx;b8f0487a-df73-4f8d-8b22-bb49cf9f3683;https://metadados.snirh.gov.br/files/b8f0487a-df73-4f8d-8b22-bb49cf9f3683/Monte_Claro.zip
Monte Claro;148,5499999999987;148,4199999999987;1,630487873929;17,830930267902;UHE Monte Claro - CAV SNIRH.xlsx;b8f0487a-df73-4f8d-8b22-bb49cf9f3683;https://metadados.snirh.gov.br/files/b8f0487a-df73-4f8d-8b22-bb49cf9f3683/Monte_Claro.zip
Monte Claro;148,5599999999987;148,4299999999987;1,6308843001335;17,847236711568;UHE Monte Claro - CAV SNIRH.xlsx;b8f0487a-df73-4f8d-8b22-bb49cf9f3683;https://metadados.snirh.gov.br/files/b8f0487a-df73-4f8d-8b22-bb49cf9f3683/Monte_Claro.zip
Monte Claro;148,56999999999869;148,4399999999987;1,6312804058363;17,863547257993;UHE Monte Claro - CAV SNIRH.xlsx;b8f0487a-df73-4f8d-8b22-bb49cf9f3683;https://metadados.snirh.gov.br/files/b8f0487a-df73-4f8d-8b22-bb49cf9f3683/Monte_Claro.zip
Monte Claro;148,57999999999868;148,44999999999868;1,6316761813323;17,87986215409;UHE Monte Claro - CAV SNIRH.xlsx;b8f0487a-df73-4f8d-8b22-bb49cf9f3683;https://metadados.snirh.gov.br/files/b8f0487a-df73-4f8d-8b22-bb49cf9f3683/Monte_Claro.zip
Monte Claro;148,58999999999867;148,45999999999867;1,6320716382028;17,896180911736998;UHE Monte Claro - CAV SNIRH.xlsx;b8f0487a-df73-4f8d-8b22-bb49cf9f3683;https://metadados.snirh.gov.br/files/b8f0487a-df73-4f8d-8b22-bb49cf9f3683/Monte_Claro.zip
Monte Claro;148,59999999999866;148,46999999999866;1,6324667818593002;17,912502661565;UHE Monte Claro - CAV SNIRH.xlsx;b8f0487a-df73-4f8d-8b22-bb49cf9f3683;https://metadados.snirh.gov.br/files/b8f0487a-df73-4f8d-8b22-bb49cf9f3683/Monte_Claro.zip
Monte Claro;148,60999999999865;148,47999999999865;1,6328616147211001;17,928829425166;UHE Monte Claro - CAV SNIRH.xlsx;b8f0487a-df73-4f8d-8b22-bb49cf9f3683;https://metadados.snirh.gov.br/files/b8f0487a-df73-4f8d-8b22-bb49cf9f3683/Monte_Claro.zip
Monte Claro;148,61999999999864;148,48999999999864;1,6332561416312;17,945159924238;UHE Monte Claro - CAV SNIRH.xlsx;b8f0487a-df73-4f8d-8b22-bb49cf9f3683;https://metadados.snirh.gov.br/files/b8f0487a-df73-4f8d-8b22-bb49cf9f3683/Monte_Claro.zip
Monte Claro;148,62999999999863;148,49999999999864;1,6336503691144;17,961493225088997;UHE Monte Claro - CAV SNIRH.xlsx;b8f0487a-df73-4f8d-8b22-bb49cf9f3683;https://metadados.snirh.gov.br/files/b8f0487a-df73-4f8d-8b22-bb49cf9f3683/Monte_Claro.zip
Monte Claro;148,63999999999862;148,50999999999863;1,6340442903292;17,977831549589002;UHE Monte Claro - CAV SNIRH.xlsx;b8f0487a-df73-4f8d-8b22-bb49cf9f3683;https://metadados.snirh.gov.br/files/b8f0487a-df73-4f8d-8b22-bb49cf9f3683/Monte_Claro.zip
Monte Claro;148,6499999999986;148,51999999999862;1,6344379113474;17,994173948732;UHE Monte Claro - CAV SNIRH.xlsx;b8f0487a-df73-4f8d-8b22-bb49cf9f3683;https://metadados.snirh.gov.br/files/b8f0487a-df73-4f8d-8b22-bb49cf9f3683/Monte_Claro.zip
Monte Claro;148,6599999999986;148,5299999999986;1,6348312493718;18,010518877898;UHE Monte Claro - CAV SNIRH.xlsx;b8f0487a-df73-4f8d-8b22-bb49cf9f3683;https://metadados.snirh.gov.br/files/b8f0487a-df73-4f8d-8b22-bb49cf9f3683/Monte_Claro.zip
Monte Claro;148,6699999999986;148,5399999999986;1,6352243053218;18,026869537211002;UHE Monte Claro - CAV SNIRH.xlsx;b8f0487a-df73-4f8d-8b22-bb49cf9f3683;https://metadados.snirh.gov.br/files/b8f0487a-df73-4f8d-8b22-bb49cf9f3683/Monte_Claro.zip
Monte Claro;148,67999999999859;148,5499999999986;1,6356170414325;18,043224123621002;UHE Monte Claro - CAV SNIRH.xlsx;b8f0487a-df73-4f8d-8b22-bb49cf9f3683;https://metadados.snirh.gov.br/files/b8f0487a-df73-4f8d-8b22-bb49cf9f3683/Monte_Claro.zip
Monte Claro;148,68999999999858;148,55999999999858;1,6360094573361001;18,059582440137;UHE Monte Claro - CAV SNIRH.xlsx;b8f0487a-df73-4f8d-8b22-bb49cf9f3683;https://metadados.snirh.gov.br/files/b8f0487a-df73-4f8d-8b22-bb49cf9f3683/Monte_Claro.zip
Monte Claro;148,69999999999857;148,56999999999857;1,6364015634008;18,075944206886998;UHE Monte Claro - CAV SNIRH.xlsx;b8f0487a-df73-4f8d-8b22-bb49cf9f3683;https://metadados.snirh.gov.br/files/b8f0487a-df73-4f8d-8b22-bb49cf9f3683/Monte_Claro.zip
Monte Claro;148,70999999999856;148,57999999999856;1,6367933527039;18,092310767621;UHE Monte Claro - CAV SNIRH.xlsx;b8f0487a-df73-4f8d-8b22-bb49cf9f3683;https://metadados.snirh.gov.br/files/b8f0487a-df73-4f8d-8b22-bb49cf9f3683/Monte_Claro.zip
Monte Claro;148,71999999999855;148,58999999999855;1,637184816178;18,108680166461;UHE Monte Claro - CAV SNIRH.xlsx;b8f0487a-df73-4f8d-8b22-bb49cf9f3683;https://metadados.snirh.gov.br/files/b8f0487a-df73-4f8d-8b22-bb49cf9f3683/Monte_Claro.zip
Monte Claro;148,72999999999854;148,59999999999854;1,6375759651365;18,125053106533;UHE Monte Claro - CAV SNIRH.xlsx;b8f0487a-df73-4f8d-8b22-bb49cf9f3683;https://metadados.snirh.gov.br/files/b8f0487a-df73-4f8d-8b22-bb49cf9f3683/Monte_Claro.zip
Monte Claro;148,73999999999853;148,60999999999854;1,6379668001307;18,141430908498002;UHE Monte Claro - CAV SNIRH.xlsx;b8f0487a-df73-4f8d-8b22-bb49cf9f3683;https://metadados.snirh.gov.br/files/b8f0487a-df73-4f8d-8b22-bb49cf9f3683/Monte_Claro.zip
Monte Claro;148,74999999999852;148,61999999999853;1,6383573337572999;18,15781217063;UHE Monte Claro - CAV SNIRH.xlsx;b8f0487a-df73-4f8d-8b22-bb49cf9f3683;https://metadados.snirh.gov.br/files/b8f0487a-df73-4f8d-8b22-bb49cf9f3683/Monte_Claro.zip
Monte Claro;148,7599999999985;148,62999999999852;1,638747548345;18,174197702753997;UHE Monte Claro - CAV SNIRH.xlsx;b8f0487a-df73-4f8d-8b22-bb49cf9f3683;https://metadados.snirh.gov.br/files/b8f0487a-df73-4f8d-8b22-bb49cf9f3683/Monte_Claro.zip
Monte Claro;148,7699999999985;148,6399999999985;1,639137447795;18,190586816256;UHE Monte Claro - CAV SNIRH.xlsx;b8f0487a-df73-4f8d-8b22-bb49cf9f3683;https://metadados.snirh.gov.br/files/b8f0487a-df73-4f8d-8b22-bb49cf9f3683/Monte_Claro.zip
Monte Claro;148,7799999999985;148,6499999999985;1,6395270306249998;18,206978181860997;UHE Monte Claro - CAV SNIRH.xlsx;b8f0487a-df73-4f8d-8b22-bb49cf9f3683;https://metadados.snirh.gov.br/files/b8f0487a-df73-4f8d-8b22-bb49cf9f3683/Monte_Claro.zip
Monte Claro;148,78999999999849;148,6599999999985;1,6399163054929;18,223375314096;UHE Monte Claro - CAV SNIRH.xlsx;b8f0487a-df73-4f8d-8b22-bb49cf9f3683;https://metadados.snirh.gov.br/files/b8f0487a-df73-4f8d-8b22-bb49cf9f3683/Monte_Claro.zip
Monte Claro;148,79999999999848;148,66999999999848;1,6403052898527;18,239778156459998;UHE Monte Claro - CAV SNIRH.xlsx;b8f0487a-df73-4f8d-8b22-bb49cf9f3683;https://metadados.snirh.gov.br/files/b8f0487a-df73-4f8d-8b22-bb49cf9f3683/Monte_Claro.zip
Monte Claro;148,80999999999847;148,67999999999847;1,6406939829571001;18,256183575425;UHE Monte Claro - CAV SNIRH.xlsx;b8f0487a-df73-4f8d-8b22-bb49cf9f3683;https://metadados.snirh.gov.br/files/b8f0487a-df73-4f8d-8b22-bb49cf9f3683/Monte_Claro.zip
Monte Claro;148,81999999999846;148,68999999999846;1,6410823730392;18,272592401886;UHE Monte Claro - CAV SNIRH.xlsx;b8f0487a-df73-4f8d-8b22-bb49cf9f3683;https://metadados.snirh.gov.br/files/b8f0487a-df73-4f8d-8b22-bb49cf9f3683/Monte_Claro.zip
Monte Claro;148,82999999999845;148,69999999999845;1,6414704551830999;18,289005024589;UHE Monte Claro - CAV SNIRH.xlsx;b8f0487a-df73-4f8d-8b22-bb49cf9f3683;https://metadados.snirh.gov.br/files/b8f0487a-df73-4f8d-8b22-bb49cf9f3683/Monte_Claro.zip
Monte Claro;148,83999999999844;148,70999999999844;1,6418582442677998;18,305421739834;UHE Monte Claro - CAV SNIRH.xlsx;b8f0487a-df73-4f8d-8b22-bb49cf9f3683;https://metadados.snirh.gov.br/files/b8f0487a-df73-4f8d-8b22-bb49cf9f3683/Monte_Claro.zip
Monte Claro;148,84999999999843;148,71999999999844;1,6422457467052;18,321841424773;UHE Monte Claro - CAV SNIRH.xlsx;b8f0487a-df73-4f8d-8b22-bb49cf9f3683;https://metadados.snirh.gov.br/files/b8f0487a-df73-4f8d-8b22-bb49cf9f3683/Monte_Claro.zip
Monte Claro;148,85999999999842;148,72999999999843;1,6426329584785;18,338265897994;UHE Monte Claro - CAV SNIRH.xlsx;b8f0487a-df73-4f8d-8b22-bb49cf9f3683;https://metadados.snirh.gov.br/files/b8f0487a-df73-4f8d-8b22-bb49cf9f3683/Monte_Claro.zip
Monte Claro;148,8699999999984;148,73999999999842;1,6430198694488;18,354693329558998;UHE Monte Claro - CAV SNIRH.xlsx;b8f0487a-df73-4f8d-8b22-bb49cf9f3683;https://metadados.snirh.gov.br/files/b8f0487a-df73-4f8d-8b22-bb49cf9f3683/Monte_Claro.zip
Monte Claro;148,8799999999984;148,7499999999984;1,6434064931142;18,371125516593;UHE Monte Claro - CAV SNIRH.xlsx;b8f0487a-df73-4f8d-8b22-bb49cf9f3683;https://metadados.snirh.gov.br/files/b8f0487a-df73-4f8d-8b22-bb49cf9f3683/Monte_Claro.zip
Monte Claro;148,8899999999984;148,7599999999984;1,6437928288387;18,387561694667998;UHE Monte Claro - CAV SNIRH.xlsx;b8f0487a-df73-4f8d-8b22-bb49cf9f3683;https://metadados.snirh.gov.br/files/b8f0487a-df73-4f8d-8b22-bb49cf9f3683/Monte_Claro.zip
Monte Claro;148,89999999999839;148,7699999999984;1,6441788655657;18,404001013723;UHE Monte Claro - CAV SNIRH.xlsx;b8f0487a-df73-4f8d-8b22-bb49cf9f3683;https://metadados.snirh.gov.br/files/b8f0487a-df73-4f8d-8b22-bb49cf9f3683/Monte_Claro.zip
Monte Claro;148,90999999999838;148,77999999999838;1,6445645905631001;18,420444134739;UHE Monte Claro - CAV SNIRH.xlsx;b8f0487a-df73-4f8d-8b22-bb49cf9f3683;https://metadados.snirh.gov.br/files/b8f0487a-df73-4f8d-8b22-bb49cf9f3683/Monte_Claro.zip
Monte Claro;148,91999999999837;148,78999999999837;1,6449500125416001;18,436891753552;UHE Monte Claro - CAV SNIRH.xlsx;b8f0487a-df73-4f8d-8b22-bb49cf9f3683;https://metadados.snirh.gov.br/files/b8f0487a-df73-4f8d-8b22-bb49cf9f3683/Monte_Claro.zip
Monte Claro;148,92999999999836;148,79999999999836;1,6453351446961;18,453343265307;UHE Monte Claro - CAV SNIRH.xlsx;b8f0487a-df73-4f8d-8b22-bb49cf9f3683;https://metadados.snirh.gov.br/files/b8f0487a-df73-4f8d-8b22-bb49cf9f3683/Monte_Claro.zip
Monte Claro;148,93999999999835;148,80999999999835;1,6457199773783;18,469797604688;UHE Monte Claro - CAV SNIRH.xlsx;b8f0487a-df73-4f8d-8b22-bb49cf9f3683;https://metadados.snirh.gov.br/files/b8f0487a-df73-4f8d-8b22-bb49cf9f3683/Monte_Claro.zip
Monte Claro;148,94999999999834;148,81999999999834;1,6461044981424;18,486256159630997;UHE Monte Claro - CAV SNIRH.xlsx;b8f0487a-df73-4f8d-8b22-bb49cf9f3683;https://metadados.snirh.gov.br/files/b8f0487a-df73-4f8d-8b22-bb49cf9f3683/Monte_Claro.zip
Monte Claro;148,95999999999833;148,82999999999834;1,6464887339316001;18,502719341677;UHE Monte Claro - CAV SNIRH.xlsx;b8f0487a-df73-4f8d-8b22-bb49cf9f3683;https://metadados.snirh.gov.br/files/b8f0487a-df73-4f8d-8b22-bb49cf9f3683/Monte_Claro.zip
Monte Claro;148,96999999999832;148,83999999999833;1,6468726954418;18,51918569998;UHE Monte Claro - CAV SNIRH.xlsx;b8f0487a-df73-4f8d-8b22-bb49cf9f3683;https://metadados.snirh.gov.br/files/b8f0487a-df73-4f8d-8b22-bb49cf9f3683/Monte_Claro.zip
Monte Claro;148,9799999999983;148,84999999999832;1,6472563844578;18,535656969759;UHE Monte Claro - CAV SNIRH.xlsx;b8f0487a-df73-4f8d-8b22-bb49cf9f3683;https://metadados.snirh.gov.br/files/b8f0487a-df73-4f8d-8b22-bb49cf9f3683/Monte_Claro.zip
Monte Claro;148,9899999999983;148,8599999999983;1,6476397857867;18,552131041444998;UHE Monte Claro - CAV SNIRH.xlsx;b8f0487a-df73-4f8d-8b22-bb49cf9f3683;https://metadados.snirh.gov.br/files/b8f0487a-df73-4f8d-8b22-bb49cf9f3683/Monte_Claro.zip
Monte Claro;148,9999999999983;148,8699999999983;1,6480229098710002;18,568609329806;UHE Monte Claro - CAV SNIRH.xlsx;b8f0487a-df73-4f8d-8b22-bb49cf9f3683;https://metadados.snirh.gov.br/files/b8f0487a-df73-4f8d-8b22-bb49cf9f3683/Monte_Claro.zip
Monte Claro;149,00999999999829;148,8799999999983;1,6484057604255;18,585091214401;UHE Monte Claro - CAV SNIRH.xlsx;b8f0487a-df73-4f8d-8b22-bb49cf9f3683;https://metadados.snirh.gov.br/files/b8f0487a-df73-4f8d-8b22-bb49cf9f3683/Monte_Claro.zip
Monte Claro;149,01999999999828;148,88999999999828;1,6487883285095999;18,601576094714;UHE Monte Claro - CAV SNIRH.xlsx;b8f0487a-df73-4f8d-8b22-bb49cf9f3683;https://metadados.snirh.gov.br/files/b8f0487a-df73-4f8d-8b22-bb49cf9f3683/Monte_Claro.zip
Monte Claro;149,02999999999827;148,89999999999827;1,6491706059492;18,618066168525;UHE Monte Claro - CAV SNIRH.xlsx;b8f0487a-df73-4f8d-8b22-bb49cf9f3683;https://metadados.snirh.gov.br/files/b8f0487a-df73-4f8d-8b22-bb49cf9f3683/Monte_Claro.zip
Monte Claro;149,03999999999826;148,90999999999826;1,6495525883605;18,634559714839998;UHE Monte Claro - CAV SNIRH.xlsx;b8f0487a-df73-4f8d-8b22-bb49cf9f3683;https://metadados.snirh.gov.br/files/b8f0487a-df73-4f8d-8b22-bb49cf9f3683/Monte_Claro.zip
Monte Claro;149,04999999999825;148,91999999999825;1,6499342827291;18,651055486531998;UHE Monte Claro - CAV SNIRH.xlsx;b8f0487a-df73-4f8d-8b22-bb49cf9f3683;https://metadados.snirh.gov.br/files/b8f0487a-df73-4f8d-8b22-bb49cf9f3683/Monte_Claro.zip
Monte Claro;149,05999999999824;148,92999999999824;1,6503156960207999;18,667556740885;UHE Monte Claro - CAV SNIRH.xlsx;b8f0487a-df73-4f8d-8b22-bb49cf9f3683;https://metadados.snirh.gov.br/files/b8f0487a-df73-4f8d-8b22-bb49cf9f3683/Monte_Claro.zip
Monte Claro;149,06999999999823;148,93999999999824;1,6506968219376;18,684061996177;UHE Monte Claro - CAV SNIRH.xlsx;b8f0487a-df73-4f8d-8b22-bb49cf9f3683;https://metadados.snirh.gov.br/files/b8f0487a-df73-4f8d-8b22-bb49cf9f3683/Monte_Claro.zip
Monte Claro;149,07999999999822;148,94999999999823;1,6510776705000998;18,700570945199;UHE Monte Claro - CAV SNIRH.xlsx;b8f0487a-df73-4f8d-8b22-bb49cf9f3683;https://metadados.snirh.gov.br/files/b8f0487a-df73-4f8d-8b22-bb49cf9f3683/Monte_Claro.zip
Monte Claro;149,0899999999982;148,95999999999822;1,6514582544143;18,717084022947;UHE Monte Claro - CAV SNIRH.xlsx;b8f0487a-df73-4f8d-8b22-bb49cf9f3683;https://metadados.snirh.gov.br/files/b8f0487a-df73-4f8d-8b22-bb49cf9f3683/Monte_Claro.zip
Monte Claro;149,0999999999982;148,9699999999982;1,6518385820787;18,733600566307;UHE Monte Claro - CAV SNIRH.xlsx;b8f0487a-df73-4f8d-8b22-bb49cf9f3683;https://metadados.snirh.gov.br/files/b8f0487a-df73-4f8d-8b22-bb49cf9f3683/Monte_Claro.zip
Monte Claro;149,1099999999982;148,9799999999982;1,6522186545672;18,750120809656;UHE Monte Claro - CAV SNIRH.xlsx;b8f0487a-df73-4f8d-8b22-bb49cf9f3683;https://metadados.snirh.gov.br/files/b8f0487a-df73-4f8d-8b22-bb49cf9f3683/Monte_Claro.zip
Monte Claro;149,11999999999819;148,9899999999982;1,6525984747881;18,766644569540002;UHE Monte Claro - CAV SNIRH.xlsx;b8f0487a-df73-4f8d-8b22-bb49cf9f3683;https://metadados.snirh.gov.br/files/b8f0487a-df73-4f8d-8b22-bb49cf9f3683/Monte_Claro.zip
Monte Claro;149,12999999999818;148,99999999999818;1,6529780452999;18,783172689556;UHE Monte Claro - CAV SNIRH.xlsx;b8f0487a-df73-4f8d-8b22-bb49cf9f3683;https://metadados.snirh.gov.br/files/b8f0487a-df73-4f8d-8b22-bb49cf9f3683/Monte_Claro.zip
Monte Claro;149,13999999999817;149,00999999999817;1,6533573721622001;18,799704639441;UHE Monte Claro - CAV SNIRH.xlsx;b8f0487a-df73-4f8d-8b22-bb49cf9f3683;https://metadados.snirh.gov.br/files/b8f0487a-df73-4f8d-8b22-bb49cf9f3683/Monte_Claro.zip
Monte Claro;149,14999999999816;149,01999999999816;1,6537364601001;18,816239718225;UHE Monte Claro - CAV SNIRH.xlsx;b8f0487a-df73-4f8d-8b22-bb49cf9f3683;https://metadados.snirh.gov.br/files/b8f0487a-df73-4f8d-8b22-bb49cf9f3683/Monte_Claro.zip
Monte Claro;149,15999999999815;149,02999999999815;1,6541153191448001;18,832778080474;UHE Monte Claro - CAV SNIRH.xlsx;b8f0487a-df73-4f8d-8b22-bb49cf9f3683;https://metadados.snirh.gov.br/files/b8f0487a-df73-4f8d-8b22-bb49cf9f3683/Monte_Claro.zip
Monte Claro;149,16999999999814;149,03999999999814;1,6544939404962;18,849320755002;UHE Monte Claro - CAV SNIRH.xlsx;b8f0487a-df73-4f8d-8b22-bb49cf9f3683;https://metadados.snirh.gov.br/files/b8f0487a-df73-4f8d-8b22-bb49cf9f3683/Monte_Claro.zip
Monte Claro;149,17999999999813;149,04999999999814;1,6548723220272;18,865867404613;UHE Monte Claro - CAV SNIRH.xlsx;b8f0487a-df73-4f8d-8b22-bb49cf9f3683;https://metadados.snirh.gov.br/files/b8f0487a-df73-4f8d-8b22-bb49cf9f3683/Monte_Claro.zip
Monte Claro;149,18999999999812;149,05999999999813;1,6552504575516;18,882418100993;UHE Monte Claro - CAV SNIRH.xlsx;b8f0487a-df73-4f8d-8b22-bb49cf9f3683;https://metadados.snirh.gov.br/files/b8f0487a-df73-4f8d-8b22-bb49cf9f3683/Monte_Claro.zip
Monte Claro;149,1999999999981;149,06999999999812;1,6556283507126;18,898972615594;UHE Monte Claro - CAV SNIRH.xlsx;b8f0487a-df73-4f8d-8b22-bb49cf9f3683;https://metadados.snirh.gov.br/files/b8f0487a-df73-4f8d-8b22-bb49cf9f3683/Monte_Claro.zip
Monte Claro;149,2099999999981;149,0799999999981;1,6560059998735999;18,915530060389003;UHE Monte Claro - CAV SNIRH.xlsx;b8f0487a-df73-4f8d-8b22-bb49cf9f3683;https://metadados.snirh.gov.br/files/b8f0487a-df73-4f8d-8b22-bb49cf9f3683/Monte_Claro.zip
Monte Claro;149,2199999999981;149,0899999999981;1,6563834014771999;18,932091753004;UHE Monte Claro - CAV SNIRH.xlsx;b8f0487a-df73-4f8d-8b22-bb49cf9f3683;https://metadados.snirh.gov.br/files/b8f0487a-df73-4f8d-8b22-bb49cf9f3683/Monte_Claro.zip
Monte Claro;149,22999999999809;149,0999999999981;1,6567605519419;18,948657904691;UHE Monte Claro - CAV SNIRH.xlsx;b8f0487a-df73-4f8d-8b22-bb49cf9f3683;https://metadados.snirh.gov.br/files/b8f0487a-df73-4f8d-8b22-bb49cf9f3683/Monte_Claro.zip
Monte Claro;149,23999999999808;149,10999999999808;1,6571374537616;18,965226750712;UHE Monte Claro - CAV SNIRH.xlsx;b8f0487a-df73-4f8d-8b22-bb49cf9f3683;https://metadados.snirh.gov.br/files/b8f0487a-df73-4f8d-8b22-bb49cf9f3683/Monte_Claro.zip
Monte Claro;149,24999999999807;149,11999999999807;1,6575141074087;18,981799266190997;UHE Monte Claro - CAV SNIRH.xlsx;b8f0487a-df73-4f8d-8b22-bb49cf9f3683;https://metadados.snirh.gov.br/files/b8f0487a-df73-4f8d-8b22-bb49cf9f3683/Monte_Claro.zip
Monte Claro;149,25999999999806;149,12999999999806;1,6578905188551;18,998375548159;UHE Monte Claro - CAV SNIRH.xlsx;b8f0487a-df73-4f8d-8b22-bb49cf9f3683;https://metadados.snirh.gov.br/files/b8f0487a-df73-4f8d-8b22-bb49cf9f3683/Monte_Claro.zip
Monte Claro;149,26999999999805;149,13999999999805;1,6582666819804002;19,014956259475998;UHE Monte Claro - CAV SNIRH.xlsx;b8f0487a-df73-4f8d-8b22-bb49cf9f3683;https://metadados.snirh.gov.br/files/b8f0487a-df73-4f8d-8b22-bb49cf9f3683/Monte_Claro.zip
Monte Claro;149,27999999999804;149,14999999999804;1,6586425930189;19,031539765909002;UHE Monte Claro - CAV SNIRH.xlsx;b8f0487a-df73-4f8d-8b22-bb49cf9f3683;https://metadados.snirh.gov.br/files/b8f0487a-df73-4f8d-8b22-bb49cf9f3683/Monte_Claro.zip
Monte Claro;149,28999999999803;149,15999999999804;1,6590182544255;19,048127189264;UHE Monte Claro - CAV SNIRH.xlsx;b8f0487a-df73-4f8d-8b22-bb49cf9f3683;https://metadados.snirh.gov.br/files/b8f0487a-df73-4f8d-8b22-bb49cf9f3683/Monte_Claro.zip
Monte Claro;149,29999999999802;149,16999999999803;1,6593936718542999;19,064719120198;UHE Monte Claro - CAV SNIRH.xlsx;b8f0487a-df73-4f8d-8b22-bb49cf9f3683;https://metadados.snirh.gov.br/files/b8f0487a-df73-4f8d-8b22-bb49cf9f3683/Monte_Claro.zip
Monte Claro;149,309999999998;149,17999999999802;1,6597688477753;19,081314596782;UHE Monte Claro - CAV SNIRH.xlsx;b8f0487a-df73-4f8d-8b22-bb49cf9f3683;https://metadados.snirh.gov.br/files/b8f0487a-df73-4f8d-8b22-bb49cf9f3683/Monte_Claro.zip
Monte Claro;149,319999999998;149,189999999998;1,6601437890403001;19,097914130139;UHE Monte Claro - CAV SNIRH.xlsx;b8f0487a-df73-4f8d-8b22-bb49cf9f3683;https://metadados.snirh.gov.br/files/b8f0487a-df73-4f8d-8b22-bb49cf9f3683/Monte_Claro.zip
Monte Claro;149,329999999998;149,199999999998;1,6605185044077;19,114516700657;UHE Monte Claro - CAV SNIRH.xlsx;b8f0487a-df73-4f8d-8b22-bb49cf9f3683;https://metadados.snirh.gov.br/files/b8f0487a-df73-4f8d-8b22-bb49cf9f3683/Monte_Claro.zip
Monte Claro;149,33999999999799;149,209999999998;1,6608929906356;19,131123138082;UHE Monte Claro - CAV SNIRH.xlsx;b8f0487a-df73-4f8d-8b22-bb49cf9f3683;https://metadados.snirh.gov.br/files/b8f0487a-df73-4f8d-8b22-bb49cf9f3683/Monte_Claro.zip
Monte Claro;149,34999999999798;149,21999999999798;1,6612672516174;19,147733664605;UHE Monte Claro - CAV SNIRH.xlsx;b8f0487a-df73-4f8d-8b22-bb49cf9f3683;https://metadados.snirh.gov.br/files/b8f0487a-df73-4f8d-8b22-bb49cf9f3683/Monte_Claro.zip
Monte Claro;149,35999999999797;149,22999999999797;1,6616412857506;19,164349141478;UHE Monte Claro - CAV SNIRH.xlsx;b8f0487a-df73-4f8d-8b22-bb49cf9f3683;https://metadados.snirh.gov.br/files/b8f0487a-df73-4f8d-8b22-bb49cf9f3683/Monte_Claro.zip
Monte Claro;149,36999999999796;149,23999999999796;1,6620150988040001;19,180966565512;UHE Monte Claro - CAV SNIRH.xlsx;b8f0487a-df73-4f8d-8b22-bb49cf9f3683;https://metadados.snirh.gov.br/files/b8f0487a-df73-4f8d-8b22-bb49cf9f3683/Monte_Claro.zip
Monte Claro;149,37999999999795;149,24999999999795;1,6623886912571;19,197588466379003;UHE Monte Claro - CAV SNIRH.xlsx;b8f0487a-df73-4f8d-8b22-bb49cf9f3683;https://metadados.snirh.gov.br/files/b8f0487a-df73-4f8d-8b22-bb49cf9f3683/Monte_Claro.zip
Monte Claro;149,38999999999794;149,25999999999794;1,6627620617749;19,214214070348;UHE Monte Claro - CAV SNIRH.xlsx;b8f0487a-df73-4f8d-8b22-bb49cf9f3683;https://metadados.snirh.gov.br/files/b8f0487a-df73-4f8d-8b22-bb49cf9f3683/Monte_Claro.zip
Monte Claro;149,39999999999793;149,26999999999794;1,6631352074594;19,230843806561;UHE Monte Claro - CAV SNIRH.xlsx;b8f0487a-df73-4f8d-8b22-bb49cf9f3683;https://metadados.snirh.gov.br/files/b8f0487a-df73-4f8d-8b22-bb49cf9f3683/Monte_Claro.zip
Monte Claro;149,40999999999792;149,27999999999793;1,6635081297452998;19,247476919136;UHE Monte Claro - CAV SNIRH.xlsx;b8f0487a-df73-4f8d-8b22-bb49cf9f3683;https://metadados.snirh.gov.br/files/b8f0487a-df73-4f8d-8b22-bb49cf9f3683/Monte_Claro.zip
Monte Claro;149,4199999999979;149,28999999999792;1,6638808303933;19,264113271421;UHE Monte Claro - CAV SNIRH.xlsx;b8f0487a-df73-4f8d-8b22-bb49cf9f3683;https://metadados.snirh.gov.br/files/b8f0487a-df73-4f8d-8b22-bb49cf9f3683/Monte_Claro.zip
Monte Claro;149,4299999999979;149,2999999999979;1,6642533086792999;19,280753647488;UHE Monte Claro - CAV SNIRH.xlsx;b8f0487a-df73-4f8d-8b22-bb49cf9f3683;https://metadados.snirh.gov.br/files/b8f0487a-df73-4f8d-8b22-bb49cf9f3683/Monte_Claro.zip
Monte Claro;149,4399999999979;149,3099999999979;1,6646255659521;19,297398796941;UHE Monte Claro - CAV SNIRH.xlsx;b8f0487a-df73-4f8d-8b22-bb49cf9f3683;https://metadados.snirh.gov.br/files/b8f0487a-df73-4f8d-8b22-bb49cf9f3683/Monte_Claro.zip
Monte Claro;149,44999999999789;149,3199999999979;1,6649976048518;19,314047236405;UHE Monte Claro - CAV SNIRH.xlsx;b8f0487a-df73-4f8d-8b22-bb49cf9f3683;https://metadados.snirh.gov.br/files/b8f0487a-df73-4f8d-8b22-bb49cf9f3683/Monte_Claro.zip
Monte Claro;149,45999999999788;149,32999999999788;1,6653694269181;19,33069810579;UHE Monte Claro - CAV SNIRH.xlsx;b8f0487a-df73-4f8d-8b22-bb49cf9f3683;https://metadados.snirh.gov.br/files/b8f0487a-df73-4f8d-8b22-bb49cf9f3683/Monte_Claro.zip
Monte Claro;149,46999999999787;149,33999999999787;1,6657410319322001;19,347353643328;UHE Monte Claro - CAV SNIRH.xlsx;b8f0487a-df73-4f8d-8b22-bb49cf9f3683;https://metadados.snirh.gov.br/files/b8f0487a-df73-4f8d-8b22-bb49cf9f3683/Monte_Claro.zip
Monte Claro;149,47999999999786;149,34999999999786;1,6661124190668;19,364013269563998;UHE Monte Claro - CAV SNIRH.xlsx;b8f0487a-df73-4f8d-8b22-bb49cf9f3683;https://metadados.snirh.gov.br/files/b8f0487a-df73-4f8d-8b22-bb49cf9f3683/Monte_Claro.zip
Monte Claro;149,48999999999785;149,35999999999785;1,6664835967561;19,38067602575;UHE Monte Claro - CAV SNIRH.xlsx;b8f0487a-df73-4f8d-8b22-bb49cf9f3683;https://metadados.snirh.gov.br/files/b8f0487a-df73-4f8d-8b22-bb49cf9f3683/Monte_Claro.zip
Monte Claro;149,49999999999784;149,36999999999784;1,6668545729527;19,397342288361003;UHE Monte Claro - CAV SNIRH.xlsx;b8f0487a-df73-4f8d-8b22-bb49cf9f3683;https://metadados.snirh.gov.br/files/b8f0487a-df73-4f8d-8b22-bb49cf9f3683/Monte_Claro.zip
Monte Claro;149,50999999999783;149,37999999999784;1,6672253496489;19,414011529285;UHE Monte Claro - CAV SNIRH.xlsx;b8f0487a-df73-4f8d-8b22-bb49cf9f3683;https://metadados.snirh.gov.br/files/b8f0487a-df73-4f8d-8b22-bb49cf9f3683/Monte_Claro.zip
Monte Claro;149,51999999999782;149,38999999999783;1,6675959248162;19,430684806705003;UHE Monte Claro - CAV SNIRH.xlsx;b8f0487a-df73-4f8d-8b22-bb49cf9f3683;https://metadados.snirh.gov.br/files/b8f0487a-df73-4f8d-8b22-bb49cf9f3683/Monte_Claro.zip
Monte Claro;149,5299999999978;149,39999999999782;1,6679662958625001;19,447362395845;UHE Monte Claro - CAV SNIRH.xlsx;b8f0487a-df73-4f8d-8b22-bb49cf9f3683;https://metadados.snirh.gov.br/files/b8f0487a-df73-4f8d-8b22-bb49cf9f3683/Monte_Claro.zip
Monte Claro;149,5399999999978;149,4099999999978;1,6683364550679;19,464044487695002;UHE Monte Claro - CAV SNIRH.xlsx;b8f0487a-df73-4f8d-8b22-bb49cf9f3683;https://metadados.snirh.gov.br/files/b8f0487a-df73-4f8d-8b22-bb49cf9f3683/Monte_Claro.zip
Monte Claro;149,5499999999978;149,4199999999978;1,6687064004257;19,480729819379;UHE Monte Claro - CAV SNIRH.xlsx;b8f0487a-df73-4f8d-8b22-bb49cf9f3683;https://metadados.snirh.gov.br/files/b8f0487a-df73-4f8d-8b22-bb49cf9f3683/Monte_Claro.zip
Monte Claro;149,55999999999779;149,4299999999978;1,6690761330632;19,497419593286;UHE Monte Claro - CAV SNIRH.xlsx;b8f0487a-df73-4f8d-8b22-bb49cf9f3683;https://metadados.snirh.gov.br/files/b8f0487a-df73-4f8d-8b22-bb49cf9f3683/Monte_Claro.zip
Monte Claro;149,56999999999778;149,43999999999778;1,6694456601401;19,514111227609;UHE Monte Claro - CAV SNIRH.xlsx;b8f0487a-df73-4f8d-8b22-bb49cf9f3683;https://metadados.snirh.gov.br/files/b8f0487a-df73-4f8d-8b22-bb49cf9f3683/Monte_Claro.zip
Monte Claro;149,57999999999777;149,44999999999777;1,6698149832504001;19,530807336572;UHE Monte Claro - CAV SNIRH.xlsx;b8f0487a-df73-4f8d-8b22-bb49cf9f3683;https://metadados.snirh.gov.br/files/b8f0487a-df73-4f8d-8b22-bb49cf9f3683/Monte_Claro.zip
Monte Claro;149,58999999999776;149,45999999999776;1,6701841005779;19,547506722004;UHE Monte Claro - CAV SNIRH.xlsx;b8f0487a-df73-4f8d-8b22-bb49cf9f3683;https://metadados.snirh.gov.br/files/b8f0487a-df73-4f8d-8b22-bb49cf9f3683/Monte_Claro.zip
Monte Claro;149,59999999999775;149,46999999999775;1,6705530089414;19,564209384661;UHE Monte Claro - CAV SNIRH.xlsx;b8f0487a-df73-4f8d-8b22-bb49cf9f3683;https://metadados.snirh.gov.br/files/b8f0487a-df73-4f8d-8b22-bb49cf9f3683/Monte_Claro.zip
Monte Claro;149,60999999999774;149,47999999999774;1,6709217083835002;19,58091625737;UHE Monte Claro - CAV SNIRH.xlsx;b8f0487a-df73-4f8d-8b22-bb49cf9f3683;https://metadados.snirh.gov.br/files/b8f0487a-df73-4f8d-8b22-bb49cf9f3683/Monte_Claro.zip
Monte Claro;149,61999999999773;149,48999999999774;1,6712901976896;19,597626177669998;UHE Monte Claro - CAV SNIRH.xlsx;b8f0487a-df73-4f8d-8b22-bb49cf9f3683;https://metadados.snirh.gov.br/files/b8f0487a-df73-4f8d-8b22-bb49cf9f3683/Monte_Claro.zip
Monte Claro;149,62999999999772;149,49999999999773;1,6716584782868;19,614340487763;UHE Monte Claro - CAV SNIRH.xlsx;b8f0487a-df73-4f8d-8b22-bb49cf9f3683;https://metadados.snirh.gov.br/files/b8f0487a-df73-4f8d-8b22-bb49cf9f3683/Monte_Claro.zip
Monte Claro;149,6399999999977;149,50999999999772;1,6720265561714;19,631058495662;UHE Monte Claro - CAV SNIRH.xlsx;b8f0487a-df73-4f8d-8b22-bb49cf9f3683;https://metadados.snirh.gov.br/files/b8f0487a-df73-4f8d-8b22-bb49cf9f3683/Monte_Claro.zip
Monte Claro;149,6499999999977;149,5199999999977;1,6723944364805001;19,647781610885;UHE Monte Claro - CAV SNIRH.xlsx;b8f0487a-df73-4f8d-8b22-bb49cf9f3683;https://metadados.snirh.gov.br/files/b8f0487a-df73-4f8d-8b22-bb49cf9f3683/Monte_Claro.zip
Monte Claro;149,6599999999977;149,5299999999977;1,6727621167456;19,664507426095;UHE Monte Claro - CAV SNIRH.xlsx;b8f0487a-df73-4f8d-8b22-bb49cf9f3683;https://metadados.snirh.gov.br/files/b8f0487a-df73-4f8d-8b22-bb49cf9f3683/Monte_Claro.zip
Monte Claro;149,66999999999769;149,5399999999977;1,6731296001219;19,681237349707;UHE Monte Claro - CAV SNIRH.xlsx;b8f0487a-df73-4f8d-8b22-bb49cf9f3683;https://metadados.snirh.gov.br/files/b8f0487a-df73-4f8d-8b22-bb49cf9f3683/Monte_Claro.zip
Monte Claro;149,67999999999768;149,54999999999768;1,6734968888941;19,69797069451;UHE Monte Claro - CAV SNIRH.xlsx;b8f0487a-df73-4f8d-8b22-bb49cf9f3683;https://metadados.snirh.gov.br/files/b8f0487a-df73-4f8d-8b22-bb49cf9f3683/Monte_Claro.zip
Monte Claro;149,68999999999767;149,55999999999767;1,6738639860457;19,714707291976;UHE Monte Claro - CAV SNIRH.xlsx;b8f0487a-df73-4f8d-8b22-bb49cf9f3683;https://metadados.snirh.gov.br/files/b8f0487a-df73-4f8d-8b22-bb49cf9f3683/Monte_Claro.zip
Monte Claro;149,69999999999766;149,56999999999766;1,6742308865614999;19,731447219772;UHE Monte Claro - CAV SNIRH.xlsx;b8f0487a-df73-4f8d-8b22-bb49cf9f3683;https://metadados.snirh.gov.br/files/b8f0487a-df73-4f8d-8b22-bb49cf9f3683/Monte_Claro.zip
Monte Claro;149,70999999999765;149,57999999999765;1,6745975911481001;19,74819159446;UHE Monte Claro - CAV SNIRH.xlsx;b8f0487a-df73-4f8d-8b22-bb49cf9f3683;https://metadados.snirh.gov.br/files/b8f0487a-df73-4f8d-8b22-bb49cf9f3683/Monte_Claro.zip
Monte Claro;149,71999999999764;149,58999999999764;1,6749641001313;19,764938084616002;UHE Monte Claro - CAV SNIRH.xlsx;b8f0487a-df73-4f8d-8b22-bb49cf9f3683;https://metadados.snirh.gov.br/files/b8f0487a-df73-4f8d-8b22-bb49cf9f3683/Monte_Claro.zip
Monte Claro;149,72999999999763;149,59999999999764;1,6753304133758;19,781688813529;UHE Monte Claro - CAV SNIRH.xlsx;b8f0487a-df73-4f8d-8b22-bb49cf9f3683;https://metadados.snirh.gov.br/files/b8f0487a-df73-4f8d-8b22-bb49cf9f3683/Monte_Claro.zip
Monte Claro;149,73999999999762;149,60999999999763;1,6756965331553;19,798443804965;UHE Monte Claro - CAV SNIRH.xlsx;b8f0487a-df73-4f8d-8b22-bb49cf9f3683;https://metadados.snirh.gov.br/files/b8f0487a-df73-4f8d-8b22-bb49cf9f3683/Monte_Claro.zip
Monte Claro;149,7499999999976;149,61999999999762;1,6760624583932;19,815202636530998;UHE Monte Claro - CAV SNIRH.xlsx;b8f0487a-df73-4f8d-8b22-bb49cf9f3683;https://metadados.snirh.gov.br/files/b8f0487a-df73-4f8d-8b22-bb49cf9f3683/Monte_Claro.zip
Monte Claro;149,7599999999976;149,6299999999976;1,6764281894365;19,831965643966;UHE Monte Claro - CAV SNIRH.xlsx;b8f0487a-df73-4f8d-8b22-bb49cf9f3683;https://metadados.snirh.gov.br/files/b8f0487a-df73-4f8d-8b22-bb49cf9f3683/Monte_Claro.zip
Monte Claro;149,7699999999976;149,6399999999976;1,6767937296819;19,848731477527;UHE Monte Claro - CAV SNIRH.xlsx;b8f0487a-df73-4f8d-8b22-bb49cf9f3683;https://metadados.snirh.gov.br/files/b8f0487a-df73-4f8d-8b22-bb49cf9f3683/Monte_Claro.zip
Monte Claro;149,77999999999759;149,6499999999976;1,6771590776654;19,865501732616;UHE Monte Claro - CAV SNIRH.xlsx;b8f0487a-df73-4f8d-8b22-bb49cf9f3683;https://metadados.snirh.gov.br/files/b8f0487a-df73-4f8d-8b22-bb49cf9f3683/Monte_Claro.zip
Monte Claro;149,78999999999758;149,65999999999758;1,6775242346429;19,882275154504;UHE Monte Claro - CAV SNIRH.xlsx;b8f0487a-df73-4f8d-8b22-bb49cf9f3683;https://metadados.snirh.gov.br/files/b8f0487a-df73-4f8d-8b22-bb49cf9f3683/Monte_Claro.zip
Monte Claro;149,79999999999757;149,66999999999757;1,6778892005707;19,899051108526;UHE Monte Claro - CAV SNIRH.xlsx;b8f0487a-df73-4f8d-8b22-bb49cf9f3683;https://metadados.snirh.gov.br/files/b8f0487a-df73-4f8d-8b22-bb49cf9f3683/Monte_Claro.zip
Monte Claro;149,80999999999756;149,67999999999756;1,6782539723973;19,915831047007;UHE Monte Claro - CAV SNIRH.xlsx;b8f0487a-df73-4f8d-8b22-bb49cf9f3683;https://metadados.snirh.gov.br/files/b8f0487a-df73-4f8d-8b22-bb49cf9f3683/Monte_Claro.zip
Monte Claro;149,81999999999755;149,68999999999755;1,6786185506709;19,932614819655;UHE Monte Claro - CAV SNIRH.xlsx;b8f0487a-df73-4f8d-8b22-bb49cf9f3683;https://metadados.snirh.gov.br/files/b8f0487a-df73-4f8d-8b22-bb49cf9f3683/Monte_Claro.zip
Monte Claro;149,82999999999754;149,69999999999754;1,678982930077;19,949402114758;UHE Monte Claro - CAV SNIRH.xlsx;b8f0487a-df73-4f8d-8b22-bb49cf9f3683;https://metadados.snirh.gov.br/files/b8f0487a-df73-4f8d-8b22-bb49cf9f3683/Monte_Claro.zip
Monte Claro;149,83999999999753;149,70999999999754;1,6793471113723;19,966193649328;UHE Monte Claro - CAV SNIRH.xlsx;b8f0487a-df73-4f8d-8b22-bb49cf9f3683;https://metadados.snirh.gov.br/files/b8f0487a-df73-4f8d-8b22-bb49cf9f3683/Monte_Claro.zip
Monte Claro;149,84999999999752;149,71999999999753;1,679711099959;19,982988981317;UHE Monte Claro - CAV SNIRH.xlsx;b8f0487a-df73-4f8d-8b22-bb49cf9f3683;https://metadados.snirh.gov.br/files/b8f0487a-df73-4f8d-8b22-bb49cf9f3683/Monte_Claro.zip
Monte Claro;149,8599999999975;149,72999999999752;1,6800748930897;19,999789044082;UHE Monte Claro - CAV SNIRH.xlsx;b8f0487a-df73-4f8d-8b22-bb49cf9f3683;https://metadados.snirh.gov.br/files/b8f0487a-df73-4f8d-8b22-bb49cf9f3683/Monte_Claro.zip
Monte Claro;149,8699999999975;149,7399999999975;1,6804384902216;20,016592522325002;UHE Monte Claro - CAV SNIRH.xlsx;b8f0487a-df73-4f8d-8b22-bb49cf9f3683;https://metadados.snirh.gov.br/files/b8f0487a-df73-4f8d-8b22-bb49cf9f3683/Monte_Claro.zip
Monte Claro;149,8799999999975;149,7499999999975;1,6808018901452;20,033398058009;UHE Monte Claro - CAV SNIRH.xlsx;b8f0487a-df73-4f8d-8b22-bb49cf9f3683;https://metadados.snirh.gov.br/files/b8f0487a-df73-4f8d-8b22-bb49cf9f3683/Monte_Claro.zip
Monte Claro;149,88999999999749;149,7599999999975;1,6811650952688;20,050207707826;UHE Monte Claro - CAV SNIRH.xlsx;b8f0487a-df73-4f8d-8b22-bb49cf9f3683;https://metadados.snirh.gov.br/files/b8f0487a-df73-4f8d-8b22-bb49cf9f3683/Monte_Claro.zip
Monte Claro;149,89999999999748;149,76999999999748;1,681528108976;20,067020666864998;UHE Monte Claro - CAV SNIRH.xlsx;b8f0487a-df73-4f8d-8b22-bb49cf9f3683;https://metadados.snirh.gov.br/files/b8f0487a-df73-4f8d-8b22-bb49cf9f3683/Monte_Claro.zip
Monte Claro;149,90999999999747;149,77999999999747;1,6818909321533;20,083837334052998;UHE Monte Claro - CAV SNIRH.xlsx;b8f0487a-df73-4f8d-8b22-bb49cf9f3683;https://metadados.snirh.gov.br/files/b8f0487a-df73-4f8d-8b22-bb49cf9f3683/Monte_Claro.zip
Monte Claro;149,91999999999746;149,78999999999746;1,6822535620918;20,100658533103;UHE Monte Claro - CAV SNIRH.xlsx;b8f0487a-df73-4f8d-8b22-bb49cf9f3683;https://metadados.snirh.gov.br/files/b8f0487a-df73-4f8d-8b22-bb49cf9f3683/Monte_Claro.zip
Monte Claro;149,92999999999745;149,79999999999745;1,6826159951275;20,117482397381;UHE Monte Claro - CAV SNIRH.xlsx;b8f0487a-df73-4f8d-8b22-bb49cf9f3683;https://metadados.snirh.gov.br/files/b8f0487a-df73-4f8d-8b22-bb49cf9f3683/Monte_Claro.zip
Monte Claro;149,93999999999744;149,80999999999744;1,6829782411747;20,13431038595;UHE Monte Claro - CAV SNIRH.xlsx;b8f0487a-df73-4f8d-8b22-bb49cf9f3683;https://metadados.snirh.gov.br/files/b8f0487a-df73-4f8d-8b22-bb49cf9f3683/Monte_Claro.zip
Monte Claro;149,94999999999743;149,81999999999744;1,6833403033356;20,151141663469;UHE Monte Claro - CAV SNIRH.xlsx;b8f0487a-df73-4f8d-8b22-bb49cf9f3683;https://metadados.snirh.gov.br/files/b8f0487a-df73-4f8d-8b22-bb49cf9f3683/Monte_Claro.zip
Monte Claro;149,95999999999742;149,82999999999743;1,6837021820366;20,167977119251002;UHE Monte Claro - CAV SNIRH.xlsx;b8f0487a-df73-4f8d-8b22-bb49cf9f3683;https://metadados.snirh.gov.br/files/b8f0487a-df73-4f8d-8b22-bb49cf9f3683/Monte_Claro.zip
Monte Claro;149,9699999999974;149,83999999999742;1,6840638779992998;20,184815389165;UHE Monte Claro - CAV SNIRH.xlsx;b8f0487a-df73-4f8d-8b22-bb49cf9f3683;https://metadados.snirh.gov.br/files/b8f0487a-df73-4f8d-8b22-bb49cf9f3683/Monte_Claro.zip
Monte Claro;149,9799999999974;149,8499999999974;1,6844253930236002;20,201657831372998;UHE Monte Claro - CAV SNIRH.xlsx;b8f0487a-df73-4f8d-8b22-bb49cf9f3683;https://metadados.snirh.gov.br/files/b8f0487a-df73-4f8d-8b22-bb49cf9f3683/Monte_Claro.zip
Monte Claro;149,9899999999974;149,8599999999974;1,6847867273156;20,218503459702998;UHE Monte Claro - CAV SNIRH.xlsx;b8f0487a-df73-4f8d-8b22-bb49cf9f3683;https://metadados.snirh.gov.br/files/b8f0487a-df73-4f8d-8b22-bb49cf9f3683/Monte_Claro.zip
Monte Claro;149,99999999999739;149,8699999999974;1,6851478869057;20,235352639115;UHE Monte Claro - CAV SNIRH.xlsx;b8f0487a-df73-4f8d-8b22-bb49cf9f3683;https://metadados.snirh.gov.br/files/b8f0487a-df73-4f8d-8b22-bb49cf9f3683/Monte_Claro.zip
Monte Claro;150,00999999999738;149,87999999999738;1,6855088681656;20,252205342543;UHE Monte Claro - CAV SNIRH.xlsx;b8f0487a-df73-4f8d-8b22-bb49cf9f3683;https://metadados.snirh.gov.br/files/b8f0487a-df73-4f8d-8b22-bb49cf9f3683/Monte_Claro.zip
Monte Claro;150,01999999999737;149,88999999999737;1,6858696595104;20,269062689357;UHE Monte Claro - CAV SNIRH.xlsx;b8f0487a-df73-4f8d-8b22-bb49cf9f3683;https://metadados.snirh.gov.br/files/b8f0487a-df73-4f8d-8b22-bb49cf9f3683/Monte_Claro.zip
Monte Claro;150,02999999999736;149,89999999999736;1,6862302611078999;20,285923525518;UHE Monte Claro - CAV SNIRH.xlsx;b8f0487a-df73-4f8d-8b22-bb49cf9f3683;https://metadados.snirh.gov.br/files/b8f0487a-df73-4f8d-8b22-bb49cf9f3683/Monte_Claro.zip
Monte Claro;150,03999999999735;149,90999999999735;1,6865906735407;20,302787459716;UHE Monte Claro - CAV SNIRH.xlsx;b8f0487a-df73-4f8d-8b22-bb49cf9f3683;https://metadados.snirh.gov.br/files/b8f0487a-df73-4f8d-8b22-bb49cf9f3683/Monte_Claro.zip
Monte Claro;150,04999999999734;149,91999999999734;1,6869509011250001;20,319655026903;UHE Monte Claro - CAV SNIRH.xlsx;b8f0487a-df73-4f8d-8b22-bb49cf9f3683;https://metadados.snirh.gov.br/files/b8f0487a-df73-4f8d-8b22-bb49cf9f3683/Monte_Claro.zip
Monte Claro;150,05999999999733;149,92999999999734;1,6873109380273;20,33652558381;UHE Monte Claro - CAV SNIRH.xlsx;b8f0487a-df73-4f8d-8b22-bb49cf9f3683;https://metadados.snirh.gov.br/files/b8f0487a-df73-4f8d-8b22-bb49cf9f3683/Monte_Claro.zip
Monte Claro;150,06999999999732;149,93999999999733;1,6876707860967999;20,353400518529;UHE Monte Claro - CAV SNIRH.xlsx;b8f0487a-df73-4f8d-8b22-bb49cf9f3683;https://metadados.snirh.gov.br/files/b8f0487a-df73-4f8d-8b22-bb49cf9f3683/Monte_Claro.zip
Monte Claro;150,0799999999973;149,94999999999732;1,6880304460642999;20,370279159232002;UHE Monte Claro - CAV SNIRH.xlsx;b8f0487a-df73-4f8d-8b22-bb49cf9f3683;https://metadados.snirh.gov.br/files/b8f0487a-df73-4f8d-8b22-bb49cf9f3683/Monte_Claro.zip
Monte Claro;150,0899999999973;149,9599999999973;1,6883899226643;20,387160951576;UHE Monte Claro - CAV SNIRH.xlsx;b8f0487a-df73-4f8d-8b22-bb49cf9f3683;https://metadados.snirh.gov.br/files/b8f0487a-df73-4f8d-8b22-bb49cf9f3683/Monte_Claro.zip
Monte Claro;150,0999999999973;149,9699999999973;1,6887492173226;20,404045911525998;UHE Monte Claro - CAV SNIRH.xlsx;b8f0487a-df73-4f8d-8b22-bb49cf9f3683;https://metadados.snirh.gov.br/files/b8f0487a-df73-4f8d-8b22-bb49cf9f3683/Monte_Claro.zip
Monte Claro;150,10999999999729;149,9799999999973;1,6891083330596002;20,420935779312;UHE Monte Claro - CAV SNIRH.xlsx;b8f0487a-df73-4f8d-8b22-bb49cf9f3683;https://metadados.snirh.gov.br/files/b8f0487a-df73-4f8d-8b22-bb49cf9f3683/Monte_Claro.zip
Monte Claro;150,11999999999728;149,98999999999728;1,6894672651269;20,437829281951;UHE Monte Claro - CAV SNIRH.xlsx;b8f0487a-df73-4f8d-8b22-bb49cf9f3683;https://metadados.snirh.gov.br/files/b8f0487a-df73-4f8d-8b22-bb49cf9f3683/Monte_Claro.zip
Monte Claro;150,12999999999727;149,99999999999727;1,6898260166608;20,454725386599;UHE Monte Claro - CAV SNIRH.xlsx;b8f0487a-df73-4f8d-8b22-bb49cf9f3683;https://metadados.snirh.gov.br/files/b8f0487a-df73-4f8d-8b22-bb49cf9f3683/Monte_Claro.zip
Monte Claro;150,13999999999726;150,00999999999726;1,6901845899558;20,471624750316;UHE Monte Claro - CAV SNIRH.xlsx;b8f0487a-df73-4f8d-8b22-bb49cf9f3683;https://metadados.snirh.gov.br/files/b8f0487a-df73-4f8d-8b22-bb49cf9f3683/Monte_Claro.zip
Monte Claro;150,14999999999725;150,01999999999725;1,6905429854860001;20,488529171757;UHE Monte Claro - CAV SNIRH.xlsx;b8f0487a-df73-4f8d-8b22-bb49cf9f3683;https://metadados.snirh.gov.br/files/b8f0487a-df73-4f8d-8b22-bb49cf9f3683/Monte_Claro.zip
Monte Claro;150,15999999999724;150,02999999999724;1,6909012114529;20,505435832066;UHE Monte Claro - CAV SNIRH.xlsx;b8f0487a-df73-4f8d-8b22-bb49cf9f3683;https://metadados.snirh.gov.br/files/b8f0487a-df73-4f8d-8b22-bb49cf9f3683/Monte_Claro.zip
Monte Claro;150,16999999999723;150,03999999999724;1,6912592672136;20,522345465285;UHE Monte Claro - CAV SNIRH.xlsx;b8f0487a-df73-4f8d-8b22-bb49cf9f3683;https://metadados.snirh.gov.br/files/b8f0487a-df73-4f8d-8b22-bb49cf9f3683/Monte_Claro.zip
Monte Claro;150,17999999999722;150,04999999999723;1,6916171529854;20,539260097655;UHE Monte Claro - CAV SNIRH.xlsx;b8f0487a-df73-4f8d-8b22-bb49cf9f3683;https://metadados.snirh.gov.br/files/b8f0487a-df73-4f8d-8b22-bb49cf9f3683/Monte_Claro.zip
Monte Claro;150,1899999999972;150,05999999999722;1,6919748684854;20,556176603518;UHE Monte Claro - CAV SNIRH.xlsx;b8f0487a-df73-4f8d-8b22-bb49cf9f3683;https://metadados.snirh.gov.br/files/b8f0487a-df73-4f8d-8b22-bb49cf9f3683/Monte_Claro.zip
Monte Claro;150,1999999999972;150,0699999999972;1,6923324109432;20,57309718227;UHE Monte Claro - CAV SNIRH.xlsx;b8f0487a-df73-4f8d-8b22-bb49cf9f3683;https://metadados.snirh.gov.br/files/b8f0487a-df73-4f8d-8b22-bb49cf9f3683/Monte_Claro.zip
Monte Claro;150,2099999999972;150,0799999999972;1,6926897796372;20,590022098563;UHE Monte Claro - CAV SNIRH.xlsx;b8f0487a-df73-4f8d-8b22-bb49cf9f3683;https://metadados.snirh.gov.br/files/b8f0487a-df73-4f8d-8b22-bb49cf9f3683/Monte_Claro.zip
Monte Claro;150,21999999999719;150,0899999999972;1,6930469824382;20,606951513151;UHE Monte Claro - CAV SNIRH.xlsx;b8f0487a-df73-4f8d-8b22-bb49cf9f3683;https://metadados.snirh.gov.br/files/b8f0487a-df73-4f8d-8b22-bb49cf9f3683/Monte_Claro.zip
Monte Claro;150,22999999999718;150,09999999999718;1,6934040255645;20,623883944562;UHE Monte Claro - CAV SNIRH.xlsx;b8f0487a-df73-4f8d-8b22-bb49cf9f3683;https://metadados.snirh.gov.br/files/b8f0487a-df73-4f8d-8b22-bb49cf9f3683/Monte_Claro.zip
Monte Claro;150,23999999999717;150,10999999999717;1,693760908142;20,640820082508;UHE Monte Claro - CAV SNIRH.xlsx;b8f0487a-df73-4f8d-8b22-bb49cf9f3683;https://metadados.snirh.gov.br/files/b8f0487a-df73-4f8d-8b22-bb49cf9f3683/Monte_Claro.zip
Monte Claro;150,24999999999716;150,11999999999716;1,6941176255889;20,657759088619002;UHE Monte Claro - CAV SNIRH.xlsx;b8f0487a-df73-4f8d-8b22-bb49cf9f3683;https://metadados.snirh.gov.br/files/b8f0487a-df73-4f8d-8b22-bb49cf9f3683/Monte_Claro.zip
Monte Claro;150,25999999999715;150,12999999999715;1,6944741782700001;20,674702348936;UHE Monte Claro - CAV SNIRH.xlsx;b8f0487a-df73-4f8d-8b22-bb49cf9f3683;https://metadados.snirh.gov.br/files/b8f0487a-df73-4f8d-8b22-bb49cf9f3683/Monte_Claro.zip
Monte Claro;150,26999999999714;150,13999999999714;1,6948305629735;20,691648945534;UHE Monte Claro - CAV SNIRH.xlsx;b8f0487a-df73-4f8d-8b22-bb49cf9f3683;https://metadados.snirh.gov.br/files/b8f0487a-df73-4f8d-8b22-bb49cf9f3683/Monte_Claro.zip
Monte Claro;150,27999999999713;150,14999999999714;1,6951867832986;20,708598326254;UHE Monte Claro - CAV SNIRH.xlsx;b8f0487a-df73-4f8d-8b22-bb49cf9f3683;https://metadados.snirh.gov.br/files/b8f0487a-df73-4f8d-8b22-bb49cf9f3683/Monte_Claro.zip
Monte Claro;150,28999999999712;150,15999999999713;1,695542841491;20,725552226608002;UHE Monte Claro - CAV SNIRH.xlsx;b8f0487a-df73-4f8d-8b22-bb49cf9f3683;https://metadados.snirh.gov.br/files/b8f0487a-df73-4f8d-8b22-bb49cf9f3683/Monte_Claro.zip
Monte Claro;150,2999999999971;150,16999999999712;1,695898742172;20,742509050413002;UHE Monte Claro - CAV SNIRH.xlsx;b8f0487a-df73-4f8d-8b22-bb49cf9f3683;https://metadados.snirh.gov.br/files/b8f0487a-df73-4f8d-8b22-bb49cf9f3683/Monte_Claro.zip
Monte Claro;150,3099999999971;150,1799999999971;1,6962544844982;20,759469519815003;UHE Monte Claro - CAV SNIRH.xlsx;b8f0487a-df73-4f8d-8b22-bb49cf9f3683;https://metadados.snirh.gov.br/files/b8f0487a-df73-4f8d-8b22-bb49cf9f3683/Monte_Claro.zip
Monte Claro;150,3199999999971;150,1899999999971;1,6966100674270999;20,776432627055;UHE Monte Claro - CAV SNIRH.xlsx;b8f0487a-df73-4f8d-8b22-bb49cf9f3683;https://metadados.snirh.gov.br/files/b8f0487a-df73-4f8d-8b22-bb49cf9f3683/Monte_Claro.zip
Monte Claro;150,32999999999709;150,1999999999971;1,696965488475;20,793400830111;UHE Monte Claro - CAV SNIRH.xlsx;b8f0487a-df73-4f8d-8b22-bb49cf9f3683;https://metadados.snirh.gov.br/files/b8f0487a-df73-4f8d-8b22-bb49cf9f3683/Monte_Claro.zip
Monte Claro;150,33999999999708;150,20999999999708;1,6973207461456;20,81037252859;UHE Monte Claro - CAV SNIRH.xlsx;b8f0487a-df73-4f8d-8b22-bb49cf9f3683;https://metadados.snirh.gov.br/files/b8f0487a-df73-4f8d-8b22-bb49cf9f3683/Monte_Claro.zip
Monte Claro;150,34999999999707;150,21999999999707;1,697675833317;20,827347345844;UHE Monte Claro - CAV SNIRH.xlsx;b8f0487a-df73-4f8d-8b22-bb49cf9f3683;https://metadados.snirh.gov.br/files/b8f0487a-df73-4f8d-8b22-bb49cf9f3683/Monte_Claro.zip
Monte Claro;150,35999999999706;150,22999999999706;1,6980307531961;20,844325734859;UHE Monte Claro - CAV SNIRH.xlsx;b8f0487a-df73-4f8d-8b22-bb49cf9f3683;https://metadados.snirh.gov.br/files/b8f0487a-df73-4f8d-8b22-bb49cf9f3683/Monte_Claro.zip
Monte Claro;150,36999999999705;150,23999999999705;1,6983855105153;20,861306855133;UHE Monte Claro - CAV SNIRH.xlsx;b8f0487a-df73-4f8d-8b22-bb49cf9f3683;https://metadados.snirh.gov.br/files/b8f0487a-df73-4f8d-8b22-bb49cf9f3683/Monte_Claro.zip
Monte Claro;150,37999999999704;150,24999999999704;1,6987401043014;20,878291667822;UHE Monte Claro - CAV SNIRH.xlsx;b8f0487a-df73-4f8d-8b22-bb49cf9f3683;https://metadados.snirh.gov.br/files/b8f0487a-df73-4f8d-8b22-bb49cf9f3683/Monte_Claro.zip
Monte Claro;150,38999999999703;150,25999999999704;1,6990945368273;20,895281551244;UHE Monte Claro - CAV SNIRH.xlsx;b8f0487a-df73-4f8d-8b22-bb49cf9f3683;https://metadados.snirh.gov.br/files/b8f0487a-df73-4f8d-8b22-bb49cf9f3683/Monte_Claro.zip
Monte Claro;150,39999999999702;150,26999999999703;1,6994488124561;20,912273908390002;UHE Monte Claro - CAV SNIRH.xlsx;b8f0487a-df73-4f8d-8b22-bb49cf9f3683;https://metadados.snirh.gov.br/files/b8f0487a-df73-4f8d-8b22-bb49cf9f3683/Monte_Claro.zip
Monte Claro;150,409999999997;150,27999999999702;1,6998029345468002;20,929270313699;UHE Monte Claro - CAV SNIRH.xlsx;b8f0487a-df73-4f8d-8b22-bb49cf9f3683;https://metadados.snirh.gov.br/files/b8f0487a-df73-4f8d-8b22-bb49cf9f3683/Monte_Claro.zip
Monte Claro;150,419999999997;150,289999999997;1,7001569053349;20,946270189175;UHE Monte Claro - CAV SNIRH.xlsx;b8f0487a-df73-4f8d-8b22-bb49cf9f3683;https://metadados.snirh.gov.br/files/b8f0487a-df73-4f8d-8b22-bb49cf9f3683/Monte_Claro.zip
Monte Claro;150,429999999997;150,299999999997;1,7005107248646;20,963273672851;UHE Monte Claro - CAV SNIRH.xlsx;b8f0487a-df73-4f8d-8b22-bb49cf9f3683;https://metadados.snirh.gov.br/files/b8f0487a-df73-4f8d-8b22-bb49cf9f3683/Monte_Claro.zip
Monte Claro;150,43999999999699;150,309999999997;1,7008643927346;20,980281333217;UHE Monte Claro - CAV SNIRH.xlsx;b8f0487a-df73-4f8d-8b22-bb49cf9f3683;https://metadados.snirh.gov.br/files/b8f0487a-df73-4f8d-8b22-bb49cf9f3683/Monte_Claro.zip
Monte Claro;150,44999999999698;150,31999999999698;1,7012179060941999;20,99729110853;UHE Monte Claro - CAV SNIRH.xlsx;b8f0487a-df73-4f8d-8b22-bb49cf9f3683;https://metadados.snirh.gov.br/files/b8f0487a-df73-4f8d-8b22-bb49cf9f3683/Monte_Claro.zip
Monte Claro;150,45999999999697;150,32999999999697;1,7015712618505998;21,01430533936;UHE Monte Claro - CAV SNIRH.xlsx;b8f0487a-df73-4f8d-8b22-bb49cf9f3683;https://metadados.snirh.gov.br/files/b8f0487a-df73-4f8d-8b22-bb49cf9f3683/Monte_Claro.zip
Monte Claro;150,46999999999696;150,33999999999696;1,7019244568814;21,031323945003;UHE Monte Claro - CAV SNIRH.xlsx;b8f0487a-df73-4f8d-8b22-bb49cf9f3683;https://metadados.snirh.gov.br/files/b8f0487a-df73-4f8d-8b22-bb49cf9f3683/Monte_Claro.zip
Monte Claro;150,47999999999695;150,34999999999695;1,7022774947621;21,048345270343;UHE Monte Claro - CAV SNIRH.xlsx;b8f0487a-df73-4f8d-8b22-bb49cf9f3683;https://metadados.snirh.gov.br/files/b8f0487a-df73-4f8d-8b22-bb49cf9f3683/Monte_Claro.zip
Monte Claro;150,48999999999694;150,35999999999694;1,7026303742506002;21,065369700929;UHE Monte Claro - CAV SNIRH.xlsx;b8f0487a-df73-4f8d-8b22-bb49cf9f3683;https://metadados.snirh.gov.br/files/b8f0487a-df73-4f8d-8b22-bb49cf9f3683/Monte_Claro.zip
Monte Claro;150,49999999999693;150,36999999999694;1,7029830940622999;21,082397488481;UHE Monte Claro - CAV SNIRH.xlsx;b8f0487a-df73-4f8d-8b22-bb49cf9f3683;https://metadados.snirh.gov.br/files/b8f0487a-df73-4f8d-8b22-bb49cf9f3683/Monte_Claro.zip
Monte Claro;150,50999999999692;150,37999999999693;1,7033356545353;21,099428417161;UHE Monte Claro - CAV SNIRH.xlsx;b8f0487a-df73-4f8d-8b22-bb49cf9f3683;https://metadados.snirh.gov.br/files/b8f0487a-df73-4f8d-8b22-bb49cf9f3683/Monte_Claro.zip
Monte Claro;150,5199999999969;150,38999999999692;1,7036880590847;21,116463783642;UHE Monte Claro - CAV SNIRH.xlsx;b8f0487a-df73-4f8d-8b22-bb49cf9f3683;https://metadados.snirh.gov.br/files/b8f0487a-df73-4f8d-8b22-bb49cf9f3683/Monte_Claro.zip
Monte Claro;150,5299999999969;150,3999999999969;1,7040403075166;21,133501898800002;UHE Monte Claro - CAV SNIRH.xlsx;b8f0487a-df73-4f8d-8b22-bb49cf9f3683;https://metadados.snirh.gov.br/files/b8f0487a-df73-4f8d-8b22-bb49cf9f3683/Monte_Claro.zip
Monte Claro;150,5399999999969;150,4099999999969;1,7043924017171002;21,150544155187;UHE Monte Claro - CAV SNIRH.xlsx;b8f0487a-df73-4f8d-8b22-bb49cf9f3683;https://metadados.snirh.gov.br/files/b8f0487a-df73-4f8d-8b22-bb49cf9f3683/Monte_Claro.zip
Monte Claro;150,54999999999688;150,4199999999969;1,7047443414184;21,167588460106998;UHE Monte Claro - CAV SNIRH.xlsx;b8f0487a-df73-4f8d-8b22-bb49cf9f3683;https://metadados.snirh.gov.br/files/b8f0487a-df73-4f8d-8b22-bb49cf9f3683/Monte_Claro.zip
Monte Claro;150,55999999999688;150,42999999999688;1,7050961281412;21,184637654438;UHE Monte Claro - CAV SNIRH.xlsx;b8f0487a-df73-4f8d-8b22-bb49cf9f3683;https://metadados.snirh.gov.br/files/b8f0487a-df73-4f8d-8b22-bb49cf9f3683/Monte_Claro.zip
Monte Claro;150,56999999999687;150,43999999999687;1,7054477655878;21,201690037012;UHE Monte Claro - CAV SNIRH.xlsx;b8f0487a-df73-4f8d-8b22-bb49cf9f3683;https://metadados.snirh.gov.br/files/b8f0487a-df73-4f8d-8b22-bb49cf9f3683/Monte_Claro.zip
Monte Claro;150,57999999999686;150,44999999999686;1,7057992582171;21,218746587125;UHE Monte Claro - CAV SNIRH.xlsx;b8f0487a-df73-4f8d-8b22-bb49cf9f3683;https://metadados.snirh.gov.br/files/b8f0487a-df73-4f8d-8b22-bb49cf9f3683/Monte_Claro.zip
Monte Claro;150,58999999999685;150,45999999999685;1,7061506057744;21,235804811281;UHE Monte Claro - CAV SNIRH.xlsx;b8f0487a-df73-4f8d-8b22-bb49cf9f3683;https://metadados.snirh.gov.br/files/b8f0487a-df73-4f8d-8b22-bb49cf9f3683/Monte_Claro.zip
Monte Claro;150,59999999999684;150,46999999999684;1,7065018070622;21,252868572431;UHE Monte Claro - CAV SNIRH.xlsx;b8f0487a-df73-4f8d-8b22-bb49cf9f3683;https://metadados.snirh.gov.br/files/b8f0487a-df73-4f8d-8b22-bb49cf9f3683/Monte_Claro.zip
Monte Claro;150,60999999999683;150,47999999999683;1,7068528685066;21,269935145093;UHE Monte Claro - CAV SNIRH.xlsx;b8f0487a-df73-4f8d-8b22-bb49cf9f3683;https://metadados.snirh.gov.br/files/b8f0487a-df73-4f8d-8b22-bb49cf9f3683/Monte_Claro.zip
Monte Claro;150,61999999999682;150,48999999999683;1,7072037931152;21,287005216596;UHE Monte Claro - CAV SNIRH.xlsx;b8f0487a-df73-4f8d-8b22-bb49cf9f3683;https://metadados.snirh.gov.br/files/b8f0487a-df73-4f8d-8b22-bb49cf9f3683/Monte_Claro.zip
Monte Claro;150,6299999999968;150,49999999999682;1,7075545784772;21,304080548515;UHE Monte Claro - CAV SNIRH.xlsx;b8f0487a-df73-4f8d-8b22-bb49cf9f3683;https://metadados.snirh.gov.br/files/b8f0487a-df73-4f8d-8b22-bb49cf9f3683/Monte_Claro.zip
Monte Claro;150,6399999999968;150,5099999999968;1,7079052231433;21,321157720229998;UHE Monte Claro - CAV SNIRH.xlsx;b8f0487a-df73-4f8d-8b22-bb49cf9f3683;https://metadados.snirh.gov.br/files/b8f0487a-df73-4f8d-8b22-bb49cf9f3683/Monte_Claro.zip
Monte Claro;150,6499999999968;150,5199999999968;1,7082557283695001;21,338237990609002;UHE Monte Claro - CAV SNIRH.xlsx;b8f0487a-df73-4f8d-8b22-bb49cf9f3683;https://metadados.snirh.gov.br/files/b8f0487a-df73-4f8d-8b22-bb49cf9f3683/Monte_Claro.zip
Monte Claro;150,65999999999678;150,5299999999968;1,7086060924525;21,355322604287;UHE Monte Claro - CAV SNIRH.xlsx;b8f0487a-df73-4f8d-8b22-bb49cf9f3683;https://metadados.snirh.gov.br/files/b8f0487a-df73-4f8d-8b22-bb49cf9f3683/Monte_Claro.zip
Monte Claro;150,66999999999678;150,53999999999678;1,7089563145578002;21,372410370708;UHE Monte Claro - CAV SNIRH.xlsx;b8f0487a-df73-4f8d-8b22-bb49cf9f3683;https://metadados.snirh.gov.br/files/b8f0487a-df73-4f8d-8b22-bb49cf9f3683/Monte_Claro.zip
Monte Claro;150,67999999999677;150,54999999999677;1,7093063990031;21,389501553248;UHE Monte Claro - CAV SNIRH.xlsx;b8f0487a-df73-4f8d-8b22-bb49cf9f3683;https://metadados.snirh.gov.br/files/b8f0487a-df73-4f8d-8b22-bb49cf9f3683/Monte_Claro.zip
Monte Claro;150,68999999999676;150,55999999999676;1,709656349201;21,406596266102;UHE Monte Claro - CAV SNIRH.xlsx;b8f0487a-df73-4f8d-8b22-bb49cf9f3683;https://metadados.snirh.gov.br/files/b8f0487a-df73-4f8d-8b22-bb49cf9f3683/Monte_Claro.zip
Monte Claro;150,69999999999675;150,56999999999675;1,7100061637758999;21,42369410273;UHE Monte Claro - CAV SNIRH.xlsx;b8f0487a-df73-4f8d-8b22-bb49cf9f3683;https://metadados.snirh.gov.br/files/b8f0487a-df73-4f8d-8b22-bb49cf9f3683/Monte_Claro.zip
Monte Claro;150,70999999999674;150,57999999999674;1,710355844982;21,440795336101;UHE Monte Claro - CAV SNIRH.xlsx;b8f0487a-df73-4f8d-8b22-bb49cf9f3683;https://metadados.snirh.gov.br/files/b8f0487a-df73-4f8d-8b22-bb49cf9f3683/Monte_Claro.zip
Monte Claro;150,71999999999673;150,58999999999673;1,7107053892144;21,45790018186;UHE Monte Claro - CAV SNIRH.xlsx;b8f0487a-df73-4f8d-8b22-bb49cf9f3683;https://metadados.snirh.gov.br/files/b8f0487a-df73-4f8d-8b22-bb49cf9f3683/Monte_Claro.zip
Monte Claro;150,72999999999672;150,59999999999673;1,7110547975297;21,475008915426002;UHE Monte Claro - CAV SNIRH.xlsx;b8f0487a-df73-4f8d-8b22-bb49cf9f3683;https://metadados.snirh.gov.br/files/b8f0487a-df73-4f8d-8b22-bb49cf9f3683/Monte_Claro.zip
Monte Claro;150,7399999999967;150,60999999999672;1,7114040716662;21,492120891913;UHE Monte Claro - CAV SNIRH.xlsx;b8f0487a-df73-4f8d-8b22-bb49cf9f3683;https://metadados.snirh.gov.br/files/b8f0487a-df73-4f8d-8b22-bb49cf9f3683/Monte_Claro.zip
Monte Claro;150,7499999999967;150,6199999999967;1,7117532094244998;21,5092365366;UHE Monte Claro - CAV SNIRH.xlsx;b8f0487a-df73-4f8d-8b22-bb49cf9f3683;https://metadados.snirh.gov.br/files/b8f0487a-df73-4f8d-8b22-bb49cf9f3683/Monte_Claro.zip
Monte Claro;150,7599999999967;150,6299999999967;1,7121022063851998;21,526355930758;UHE Monte Claro - CAV SNIRH.xlsx;b8f0487a-df73-4f8d-8b22-bb49cf9f3683;https://metadados.snirh.gov.br/files/b8f0487a-df73-4f8d-8b22-bb49cf9f3683/Monte_Claro.zip
Monte Claro;150,76999999999668;150,6399999999967;1,7124510593047;21,543477185472998;UHE Monte Claro - CAV SNIRH.xlsx;b8f0487a-df73-4f8d-8b22-bb49cf9f3683;https://metadados.snirh.gov.br/files/b8f0487a-df73-4f8d-8b22-bb49cf9f3683/Monte_Claro.zip
Monte Claro;150,77999999999668;150,64999999999668;1,712799770108;21,560602427598;UHE Monte Claro - CAV SNIRH.xlsx;b8f0487a-df73-4f8d-8b22-bb49cf9f3683;https://metadados.snirh.gov.br/files/b8f0487a-df73-4f8d-8b22-bb49cf9f3683/Monte_Claro.zip
Monte Claro;150,78999999999667;150,65999999999667;1,7131483426510998;21,57773176391;UHE Monte Claro - CAV SNIRH.xlsx;b8f0487a-df73-4f8d-8b22-bb49cf9f3683;https://metadados.snirh.gov.br/files/b8f0487a-df73-4f8d-8b22-bb49cf9f3683/Monte_Claro.zip
Monte Claro;150,79999999999666;150,66999999999666;1,7134967745653;21,594865297701002;UHE Monte Claro - CAV SNIRH.xlsx;b8f0487a-df73-4f8d-8b22-bb49cf9f3683;https://metadados.snirh.gov.br/files/b8f0487a-df73-4f8d-8b22-bb49cf9f3683/Monte_Claro.zip
Monte Claro;150,80999999999665;150,67999999999665;1,7138450686007;21,612002203571;UHE Monte Claro - CAV SNIRH.xlsx;b8f0487a-df73-4f8d-8b22-bb49cf9f3683;https://metadados.snirh.gov.br/files/b8f0487a-df73-4f8d-8b22-bb49cf9f3683/Monte_Claro.zip
Monte Claro;150,81999999999664;150,68999999999664;1,7141932300275;21,62914177783;UHE Monte Claro - CAV SNIRH.xlsx;b8f0487a-df73-4f8d-8b22-bb49cf9f3683;https://metadados.snirh.gov.br/files/b8f0487a-df73-4f8d-8b22-bb49cf9f3683/Monte_Claro.zip
Monte Claro;150,82999999999663;150,69999999999663;1,7145412503757;21,64628545778;UHE Monte Claro - CAV SNIRH.xlsx;b8f0487a-df73-4f8d-8b22-bb49cf9f3683;https://metadados.snirh.gov.br/files/b8f0487a-df73-4f8d-8b22-bb49cf9f3683/Monte_Claro.zip
Monte Claro;150,83999999999662;150,70999999999663;1,714889129285;21,663433428511002;UHE Monte Claro - CAV SNIRH.xlsx;b8f0487a-df73-4f8d-8b22-bb49cf9f3683;https://metadados.snirh.gov.br/files/b8f0487a-df73-4f8d-8b22-bb49cf9f3683/Monte_Claro.zip
Monte Claro;150,8499999999966;150,71999999999662;1,7152368672748999;21,680583447596;UHE Monte Claro - CAV SNIRH.xlsx;b8f0487a-df73-4f8d-8b22-bb49cf9f3683;https://metadados.snirh.gov.br/files/b8f0487a-df73-4f8d-8b22-bb49cf9f3683/Monte_Claro.zip
Monte Claro;150,8599999999966;150,7299999999966;1,7155844659291;21,697736854041;UHE Monte Claro - CAV SNIRH.xlsx;b8f0487a-df73-4f8d-8b22-bb49cf9f3683;https://metadados.snirh.gov.br/files/b8f0487a-df73-4f8d-8b22-bb49cf9f3683/Monte_Claro.zip
Monte Claro;150,8699999999966;150,7399999999966;1,7159319303093001;21,714893981672997;UHE Monte Claro - CAV SNIRH.xlsx;b8f0487a-df73-4f8d-8b22-bb49cf9f3683;https://metadados.snirh.gov.br/files/b8f0487a-df73-4f8d-8b22-bb49cf9f3683/Monte_Claro.zip
Monte Claro;150,87999999999658;150,7499999999966;1,71627925697;21,732054893995;UHE Monte Claro - CAV SNIRH.xlsx;b8f0487a-df73-4f8d-8b22-bb49cf9f3683;https://metadados.snirh.gov.br/files/b8f0487a-df73-4f8d-8b22-bb49cf9f3683/Monte_Claro.zip
Monte Claro;150,88999999999658;150,75999999999658;1,7166264519135;21,749220408863;UHE Monte Claro - CAV SNIRH.xlsx;b8f0487a-df73-4f8d-8b22-bb49cf9f3683;https://metadados.snirh.gov.br/files/b8f0487a-df73-4f8d-8b22-bb49cf9f3683/Monte_Claro.zip
Monte Claro;150,89999999999657;150,76999999999657;1,7169735218838;21,766388208109;UHE Monte Claro - CAV SNIRH.xlsx;b8f0487a-df73-4f8d-8b22-bb49cf9f3683;https://metadados.snirh.gov.br/files/b8f0487a-df73-4f8d-8b22-bb49cf9f3683/Monte_Claro.zip
Monte Claro;150,90999999999656;150,77999999999656;1,7173204675845002;21,783559469992;UHE Monte Claro - CAV SNIRH.xlsx;b8f0487a-df73-4f8d-8b22-bb49cf9f3683;https://metadados.snirh.gov.br/files/b8f0487a-df73-4f8d-8b22-bb49cf9f3683/Monte_Claro.zip
Monte Claro;150,91999999999655;150,78999999999655;1,7176672863604001;21,800734019912;UHE Monte Claro - CAV SNIRH.xlsx;b8f0487a-df73-4f8d-8b22-bb49cf9f3683;https://metadados.snirh.gov.br/files/b8f0487a-df73-4f8d-8b22-bb49cf9f3683/Monte_Claro.zip
Monte Claro;150,92999999999654;150,79999999999654;1,7180139716615;21,817911982976998;UHE Monte Claro - CAV SNIRH.xlsx;b8f0487a-df73-4f8d-8b22-bb49cf9f3683;https://metadados.snirh.gov.br/files/b8f0487a-df73-4f8d-8b22-bb49cf9f3683/Monte_Claro.zip
Monte Claro;150,93999999999653;150,80999999999653;1,718360532524;21,835093380879997;UHE Monte Claro - CAV SNIRH.xlsx;b8f0487a-df73-4f8d-8b22-bb49cf9f3683;https://metadados.snirh.gov.br/files/b8f0487a-df73-4f8d-8b22-bb49cf9f3683/Monte_Claro.zip
Monte Claro;150,94999999999652;150,81999999999653;1,7187069792513;21,852278468853;UHE Monte Claro - CAV SNIRH.xlsx;b8f0487a-df73-4f8d-8b22-bb49cf9f3683;https://metadados.snirh.gov.br/files/b8f0487a-df73-4f8d-8b22-bb49cf9f3683/Monte_Claro.zip
Monte Claro;150,9599999999965;150,82999999999652;1,7190533085125;21,869466797243;UHE Monte Claro - CAV SNIRH.xlsx;b8f0487a-df73-4f8d-8b22-bb49cf9f3683;https://metadados.snirh.gov.br/files/b8f0487a-df73-4f8d-8b22-bb49cf9f3683/Monte_Claro.zip
Monte Claro;150,9699999999965;150,8399999999965;1,7193995183743;21,886659098989;UHE Monte Claro - CAV SNIRH.xlsx;b8f0487a-df73-4f8d-8b22-bb49cf9f3683;https://metadados.snirh.gov.br/files/b8f0487a-df73-4f8d-8b22-bb49cf9f3683/Monte_Claro.zip
Monte Claro;150,9799999999965;150,8499999999965;1,719745608544;21,903854735043;UHE Monte Claro - CAV SNIRH.xlsx;b8f0487a-df73-4f8d-8b22-bb49cf9f3683;https://metadados.snirh.gov.br/files/b8f0487a-df73-4f8d-8b22-bb49cf9f3683/Monte_Claro.zip
Monte Claro;150,98999999999648;150,8599999999965;1,7200915769764;21,921053772717;UHE Monte Claro - CAV SNIRH.xlsx;b8f0487a-df73-4f8d-8b22-bb49cf9f3683;https://metadados.snirh.gov.br/files/b8f0487a-df73-4f8d-8b22-bb49cf9f3683/Monte_Claro.zip
Monte Claro;150,99999999999648;150,86999999999648;1,7204374209947;21,938256349983;UHE Monte Claro - CAV SNIRH.xlsx;b8f0487a-df73-4f8d-8b22-bb49cf9f3683;https://metadados.snirh.gov.br/files/b8f0487a-df73-4f8d-8b22-bb49cf9f3683/Monte_Claro.zip
Monte Claro;151,00999999999647;150,87999999999647;1,7207831372326;21,955463407162;UHE Monte Claro - CAV SNIRH.xlsx;b8f0487a-df73-4f8d-8b22-bb49cf9f3683;https://metadados.snirh.gov.br/files/b8f0487a-df73-4f8d-8b22-bb49cf9f3683/Monte_Claro.zip
Monte Claro;151,01999999999646;150,88999999999646;1,7211287259137;21,972674081806;UHE Monte Claro - CAV SNIRH.xlsx;b8f0487a-df73-4f8d-8b22-bb49cf9f3683;https://metadados.snirh.gov.br/files/b8f0487a-df73-4f8d-8b22-bb49cf9f3683/Monte_Claro.zip
Monte Claro;151,02999999999645;150,89999999999645;1,7214741910431999;21,989888298686;UHE Monte Claro - CAV SNIRH.xlsx;b8f0487a-df73-4f8d-8b22-bb49cf9f3683;https://metadados.snirh.gov.br/files/b8f0487a-df73-4f8d-8b22-bb49cf9f3683/Monte_Claro.zip
Monte Claro;151,03999999999644;150,90999999999644;1,7218195350693002;22,007104978793;UHE Monte Claro - CAV SNIRH.xlsx;b8f0487a-df73-4f8d-8b22-bb49cf9f3683;https://metadados.snirh.gov.br/files/b8f0487a-df73-4f8d-8b22-bb49cf9f3683/Monte_Claro.zip
Monte Claro;151,04999999999643;150,91999999999643;1,722164754832;22,024324935889;UHE Monte Claro - CAV SNIRH.xlsx;b8f0487a-df73-4f8d-8b22-bb49cf9f3683;https://metadados.snirh.gov.br/files/b8f0487a-df73-4f8d-8b22-bb49cf9f3683/Monte_Claro.zip
Monte Claro;151,05999999999642;150,92999999999643;1,7225098475843;22,041548289756;UHE Monte Claro - CAV SNIRH.xlsx;b8f0487a-df73-4f8d-8b22-bb49cf9f3683;https://metadados.snirh.gov.br/files/b8f0487a-df73-4f8d-8b22-bb49cf9f3683/Monte_Claro.zip
Monte Claro;151,0699999999964;150,93999999999642;1,7228548139994;22,058774820714;UHE Monte Claro - CAV SNIRH.xlsx;b8f0487a-df73-4f8d-8b22-bb49cf9f3683;https://metadados.snirh.gov.br/files/b8f0487a-df73-4f8d-8b22-bb49cf9f3683/Monte_Claro.zip
Monte Claro;151,0799999999964;150,9499999999964;1,7231996540673;22,076005884481003;UHE Monte Claro - CAV SNIRH.xlsx;b8f0487a-df73-4f8d-8b22-bb49cf9f3683;https://metadados.snirh.gov.br/files/b8f0487a-df73-4f8d-8b22-bb49cf9f3683/Monte_Claro.zip
Monte Claro;151,0899999999964;150,9599999999964;1,7235443691995;22,093240056039;UHE Monte Claro - CAV SNIRH.xlsx;b8f0487a-df73-4f8d-8b22-bb49cf9f3683;https://metadados.snirh.gov.br/files/b8f0487a-df73-4f8d-8b22-bb49cf9f3683/Monte_Claro.zip
Monte Claro;151,09999999999638;150,9699999999964;1,7238889597864;22,110476361156003;UHE Monte Claro - CAV SNIRH.xlsx;b8f0487a-df73-4f8d-8b22-bb49cf9f3683;https://metadados.snirh.gov.br/files/b8f0487a-df73-4f8d-8b22-bb49cf9f3683/Monte_Claro.zip
Monte Claro;151,10999999999638;150,97999999999638;1,724233425359;22,127716314534002;UHE Monte Claro - CAV SNIRH.xlsx;b8f0487a-df73-4f8d-8b22-bb49cf9f3683;https://metadados.snirh.gov.br/files/b8f0487a-df73-4f8d-8b22-bb49cf9f3683/Monte_Claro.zip
Monte Claro;151,11999999999637;150,98999999999637;1,7245777660626;22,144959882339002;UHE Monte Claro - CAV SNIRH.xlsx;b8f0487a-df73-4f8d-8b22-bb49cf9f3683;https://metadados.snirh.gov.br/files/b8f0487a-df73-4f8d-8b22-bb49cf9f3683/Monte_Claro.zip
Monte Claro;151,12999999999636;150,99999999999636;1,7249219831239;22,162206763282;UHE Monte Claro - CAV SNIRH.xlsx;b8f0487a-df73-4f8d-8b22-bb49cf9f3683;https://metadados.snirh.gov.br/files/b8f0487a-df73-4f8d-8b22-bb49cf9f3683/Monte_Claro.zip
Monte Claro;151,13999999999635;151,00999999999635;1,7252660755031;22,179456887129998;UHE Monte Claro - CAV SNIRH.xlsx;b8f0487a-df73-4f8d-8b22-bb49cf9f3683;https://metadados.snirh.gov.br/files/b8f0487a-df73-4f8d-8b22-bb49cf9f3683/Monte_Claro.zip
Monte Claro;151,14999999999634;151,01999999999634;1,7256100463335;22,196710655476;UHE Monte Claro - CAV SNIRH.xlsx;b8f0487a-df73-4f8d-8b22-bb49cf9f3683;https://metadados.snirh.gov.br/files/b8f0487a-df73-4f8d-8b22-bb49cf9f3683/Monte_Claro.zip
Monte Claro;151,15999999999633;151,02999999999633;1,7259539003842999;22,213967879641;UHE Monte Claro - CAV SNIRH.xlsx;b8f0487a-df73-4f8d-8b22-bb49cf9f3683;https://metadados.snirh.gov.br/files/b8f0487a-df73-4f8d-8b22-bb49cf9f3683/Monte_Claro.zip
Monte Claro;151,16999999999632;151,03999999999633;1,7262976376483001;22,231229637364;UHE Monte Claro - CAV SNIRH.xlsx;b8f0487a-df73-4f8d-8b22-bb49cf9f3683;https://metadados.snirh.gov.br/files/b8f0487a-df73-4f8d-8b22-bb49cf9f3683/Monte_Claro.zip
Monte Claro;151,1799999999963;151,04999999999632;1,7266412650223;22,248493297368;UHE Monte Claro - CAV SNIRH.xlsx;b8f0487a-df73-4f8d-8b22-bb49cf9f3683;https://metadados.snirh.gov.br/files/b8f0487a-df73-4f8d-8b22-bb49cf9f3683/Monte_Claro.zip
Monte Claro;151,1899999999963;151,0599999999963;1,7269847820839;22,265761840373;UHE Monte Claro - CAV SNIRH.xlsx;b8f0487a-df73-4f8d-8b22-bb49cf9f3683;https://metadados.snirh.gov.br/files/b8f0487a-df73-4f8d-8b22-bb49cf9f3683/Monte_Claro.zip
Monte Claro;151,1999999999963;151,0699999999963;1,7273281815122998;22,283032787204;UHE Monte Claro - CAV SNIRH.xlsx;b8f0487a-df73-4f8d-8b22-bb49cf9f3683;https://metadados.snirh.gov.br/files/b8f0487a-df73-4f8d-8b22-bb49cf9f3683/Monte_Claro.zip
Monte Claro;151,20999999999628;151,0799999999963;1,7276714607311001;22,300308517620998;UHE Monte Claro - CAV SNIRH.xlsx;b8f0487a-df73-4f8d-8b22-bb49cf9f3683;https://metadados.snirh.gov.br/files/b8f0487a-df73-4f8d-8b22-bb49cf9f3683/Monte_Claro.zip
Monte Claro;151,21999999999628;151,08999999999628;1,7280146148327;22,317586548151002;UHE Monte Claro - CAV SNIRH.xlsx;b8f0487a-df73-4f8d-8b22-bb49cf9f3683;https://metadados.snirh.gov.br/files/b8f0487a-df73-4f8d-8b22-bb49cf9f3683/Monte_Claro.zip
Monte Claro;151,22999999999627;151,09999999999627;1,7283576526550002;22,334867500959003;UHE Monte Claro - CAV SNIRH.xlsx;b8f0487a-df73-4f8d-8b22-bb49cf9f3683;https://metadados.snirh.gov.br/files/b8f0487a-df73-4f8d-8b22-bb49cf9f3683/Monte_Claro.zip
Monte Claro;151,23999999999626;151,10999999999626;1,7287005779084;22,352152884974;UHE Monte Claro - CAV SNIRH.xlsx;b8f0487a-df73-4f8d-8b22-bb49cf9f3683;https://metadados.snirh.gov.br/files/b8f0487a-df73-4f8d-8b22-bb49cf9f3683/Monte_Claro.zip
Monte Claro;151,24999999999625;151,11999999999625;1,7290433905998;22,369442063609;UHE Monte Claro - CAV SNIRH.xlsx;b8f0487a-df73-4f8d-8b22-bb49cf9f3683;https://metadados.snirh.gov.br/files/b8f0487a-df73-4f8d-8b22-bb49cf9f3683/Monte_Claro.zip
Monte Claro;151,25999999999624;151,12999999999624;1,7293860902714;22,386734579066;UHE Monte Claro - CAV SNIRH.xlsx;b8f0487a-df73-4f8d-8b22-bb49cf9f3683;https://metadados.snirh.gov.br/files/b8f0487a-df73-4f8d-8b22-bb49cf9f3683/Monte_Claro.zip
Monte Claro;151,26999999999623;151,13999999999623;1,7297286794046;22,404029285588997;UHE Monte Claro - CAV SNIRH.xlsx;b8f0487a-df73-4f8d-8b22-bb49cf9f3683;https://metadados.snirh.gov.br/files/b8f0487a-df73-4f8d-8b22-bb49cf9f3683/Monte_Claro.zip
Monte Claro;151,27999999999622;151,14999999999623;1,730071158106;22,421327337845998;UHE Monte Claro - CAV SNIRH.xlsx;b8f0487a-df73-4f8d-8b22-bb49cf9f3683;https://metadados.snirh.gov.br/files/b8f0487a-df73-4f8d-8b22-bb49cf9f3683/Monte_Claro.zip
Monte Claro;151,2899999999962;151,15999999999622;1,7304135263636;22,438629834043997;UHE Monte Claro - CAV SNIRH.xlsx;b8f0487a-df73-4f8d-8b22-bb49cf9f3683;https://metadados.snirh.gov.br/files/b8f0487a-df73-4f8d-8b22-bb49cf9f3683/Monte_Claro.zip
Monte Claro;151,2999999999962;151,1699999999962;1,7307557853125002;22,455935490367;UHE Monte Claro - CAV SNIRH.xlsx;b8f0487a-df73-4f8d-8b22-bb49cf9f3683;https://metadados.snirh.gov.br/files/b8f0487a-df73-4f8d-8b22-bb49cf9f3683/Monte_Claro.zip
Monte Claro;151,3099999999962;151,1799999999962;1,7310979345517;22,473244951787;UHE Monte Claro - CAV SNIRH.xlsx;b8f0487a-df73-4f8d-8b22-bb49cf9f3683;https://metadados.snirh.gov.br/files/b8f0487a-df73-4f8d-8b22-bb49cf9f3683/Monte_Claro.zip
Monte Claro;151,31999999999618;151,1899999999962;1,7314399730394001;22,490556742800003;UHE Monte Claro - CAV SNIRH.xlsx;b8f0487a-df73-4f8d-8b22-bb49cf9f3683;https://metadados.snirh.gov.br/files/b8f0487a-df73-4f8d-8b22-bb49cf9f3683/Monte_Claro.zip
Monte Claro;151,32999999999618;151,19999999999618;1,7317819017431;22,507872140687997;UHE Monte Claro - CAV SNIRH.xlsx;b8f0487a-df73-4f8d-8b22-bb49cf9f3683;https://metadados.snirh.gov.br/files/b8f0487a-df73-4f8d-8b22-bb49cf9f3683/Monte_Claro.zip
Monte Claro;151,33999999999617;151,20999999999617;1,7321237197377;22,525191700161;UHE Monte Claro - CAV SNIRH.xlsx;b8f0487a-df73-4f8d-8b22-bb49cf9f3683;https://metadados.snirh.gov.br/files/b8f0487a-df73-4f8d-8b22-bb49cf9f3683/Monte_Claro.zip
Monte Claro;151,34999999999616;151,21999999999616;1,7324654270752;22,542514806103;UHE Monte Claro - CAV SNIRH.xlsx;b8f0487a-df73-4f8d-8b22-bb49cf9f3683;https://metadados.snirh.gov.br/files/b8f0487a-df73-4f8d-8b22-bb49cf9f3683/Monte_Claro.zip
Monte Claro;151,35999999999615;151,22999999999615;1,732807024851;22,559840826671;UHE Monte Claro - CAV SNIRH.xlsx;b8f0487a-df73-4f8d-8b22-bb49cf9f3683;https://metadados.snirh.gov.br/files/b8f0487a-df73-4f8d-8b22-bb49cf9f3683/Monte_Claro.zip
Monte Claro;151,36999999999614;151,23999999999614;1,7331485162446;22,577171068242;UHE Monte Claro - CAV SNIRH.xlsx;b8f0487a-df73-4f8d-8b22-bb49cf9f3683;https://metadados.snirh.gov.br/files/b8f0487a-df73-4f8d-8b22-bb49cf9f3683/Monte_Claro.zip
Monte Claro;151,37999999999613;151,24999999999613;1,7334898997013999;22,594505471149002;UHE Monte Claro - CAV SNIRH.xlsx;b8f0487a-df73-4f8d-8b22-bb49cf9f3683;https://metadados.snirh.gov.br/files/b8f0487a-df73-4f8d-8b22-bb49cf9f3683/Monte_Claro.zip
Monte Claro;151,38999999999612;151,25999999999613;1,733831172917;22,611841313963;UHE Monte Claro - CAV SNIRH.xlsx;b8f0487a-df73-4f8d-8b22-bb49cf9f3683;https://metadados.snirh.gov.br/files/b8f0487a-df73-4f8d-8b22-bb49cf9f3683/Monte_Claro.zip
Monte Claro;151,3999999999961;151,26999999999612;1,7341723380976999;22,629180944727;UHE Monte Claro - CAV SNIRH.xlsx;b8f0487a-df73-4f8d-8b22-bb49cf9f3683;https://metadados.snirh.gov.br/files/b8f0487a-df73-4f8d-8b22-bb49cf9f3683/Monte_Claro.zip
Monte Claro;151,4099999999961;151,2799999999961;1,7345133957563001;22,646523958745;UHE Monte Claro - CAV SNIRH.xlsx;b8f0487a-df73-4f8d-8b22-bb49cf9f3683;https://metadados.snirh.gov.br/files/b8f0487a-df73-4f8d-8b22-bb49cf9f3683/Monte_Claro.zip
Monte Claro;151,4199999999961;151,2899999999961;1,7348543486998;22,663870341912002;UHE Monte Claro - CAV SNIRH.xlsx;b8f0487a-df73-4f8d-8b22-bb49cf9f3683;https://metadados.snirh.gov.br/files/b8f0487a-df73-4f8d-8b22-bb49cf9f3683/Monte_Claro.zip
Monte Claro;151,42999999999608;151,2999999999961;1,7351952000202;22,681220061011;UHE Monte Claro - CAV SNIRH.xlsx;b8f0487a-df73-4f8d-8b22-bb49cf9f3683;https://metadados.snirh.gov.br/files/b8f0487a-df73-4f8d-8b22-bb49cf9f3683/Monte_Claro.zip
Monte Claro;151,43999999999608;151,30999999999608;1,7355359455416;22,698573465239;UHE Monte Claro - CAV SNIRH.xlsx;b8f0487a-df73-4f8d-8b22-bb49cf9f3683;https://metadados.snirh.gov.br/files/b8f0487a-df73-4f8d-8b22-bb49cf9f3683/Monte_Claro.zip
Monte Claro;151,44999999999607;151,31999999999607;1,7358765900131001;22,715930778392;UHE Monte Claro - CAV SNIRH.xlsx;b8f0487a-df73-4f8d-8b22-bb49cf9f3683;https://metadados.snirh.gov.br/files/b8f0487a-df73-4f8d-8b22-bb49cf9f3683/Monte_Claro.zip
Monte Claro;151,45999999999606;151,32999999999606;1,736217136466;22,733291219468;UHE Monte Claro - CAV SNIRH.xlsx;b8f0487a-df73-4f8d-8b22-bb49cf9f3683;https://metadados.snirh.gov.br/files/b8f0487a-df73-4f8d-8b22-bb49cf9f3683/Monte_Claro.zip
Monte Claro;151,46999999999605;151,33999999999605;1,7365575899111;22,750655210742;UHE Monte Claro - CAV SNIRH.xlsx;b8f0487a-df73-4f8d-8b22-bb49cf9f3683;https://metadados.snirh.gov.br/files/b8f0487a-df73-4f8d-8b22-bb49cf9f3683/Monte_Claro.zip
Monte Claro;151,47999999999604;151,34999999999604;1,7368979480365;22,768022984961;UHE Monte Claro - CAV SNIRH.xlsx;b8f0487a-df73-4f8d-8b22-bb49cf9f3683;https://metadados.snirh.gov.br/files/b8f0487a-df73-4f8d-8b22-bb49cf9f3683/Monte_Claro.zip
Monte Claro;151,48999999999603;151,35999999999603;1,7372382128011;22,785393518061998;UHE Monte Claro - CAV SNIRH.xlsx;b8f0487a-df73-4f8d-8b22-bb49cf9f3683;https://metadados.snirh.gov.br/files/b8f0487a-df73-4f8d-8b22-bb49cf9f3683/Monte_Claro.zip
Monte Claro;151,49999999999602;151,36999999999603;1,7375783839466;22,802768651363;UHE Monte Claro - CAV SNIRH.xlsx;b8f0487a-df73-4f8d-8b22-bb49cf9f3683;https://metadados.snirh.gov.br/files/b8f0487a-df73-4f8d-8b22-bb49cf9f3683/Monte_Claro.zip
Monte Claro;151,509999999996;151,37999999999602;1,7379184606413;22,820145918001;UHE Monte Claro - CAV SNIRH.xlsx;b8f0487a-df73-4f8d-8b22-bb49cf9f3683;https://metadados.snirh.gov.br/files/b8f0487a-df73-4f8d-8b22-bb49cf9f3683/Monte_Claro.zip
Monte Claro;151,519999999996;151,389999999996;1,7382584461329;22,837526315459;UHE Monte Claro - CAV SNIRH.xlsx;b8f0487a-df73-4f8d-8b22-bb49cf9f3683;https://metadados.snirh.gov.br/files/b8f0487a-df73-4f8d-8b22-bb49cf9f3683/Monte_Claro.zip
Monte Claro;151,529999999996;151,399999999996;1,7385983427237;22,854909840759003;UHE Monte Claro - CAV SNIRH.xlsx;b8f0487a-df73-4f8d-8b22-bb49cf9f3683;https://metadados.snirh.gov.br/files/b8f0487a-df73-4f8d-8b22-bb49cf9f3683/Monte_Claro.zip
Monte Claro;151,53999999999598;151,409999999996;1,7389381483447;22,8722969056;UHE Monte Claro - CAV SNIRH.xlsx;b8f0487a-df73-4f8d-8b22-bb49cf9f3683;https://metadados.snirh.gov.br/files/b8f0487a-df73-4f8d-8b22-bb49cf9f3683/Monte_Claro.zip
Monte Claro;151,54999999999598;151,41999999999598;1,7392778638309;22,889688544995;UHE Monte Claro - CAV SNIRH.xlsx;b8f0487a-df73-4f8d-8b22-bb49cf9f3683;https://metadados.snirh.gov.br/files/b8f0487a-df73-4f8d-8b22-bb49cf9f3683/Monte_Claro.zip
Monte Claro;151,55999999999597;151,42999999999597;1,7396174889605;22,907082837956;UHE Monte Claro - CAV SNIRH.xlsx;b8f0487a-df73-4f8d-8b22-bb49cf9f3683;https://metadados.snirh.gov.br/files/b8f0487a-df73-4f8d-8b22-bb49cf9f3683/Monte_Claro.zip
Monte Claro;151,56999999999596;151,43999999999596;1,739957021384;22,924481067296;UHE Monte Claro - CAV SNIRH.xlsx;b8f0487a-df73-4f8d-8b22-bb49cf9f3683;https://metadados.snirh.gov.br/files/b8f0487a-df73-4f8d-8b22-bb49cf9f3683/Monte_Claro.zip
Monte Claro;151,57999999999595;151,44999999999595;1,7402964609631;22,941882030583002;UHE Monte Claro - CAV SNIRH.xlsx;b8f0487a-df73-4f8d-8b22-bb49cf9f3683;https://metadados.snirh.gov.br/files/b8f0487a-df73-4f8d-8b22-bb49cf9f3683/Monte_Claro.zip
Monte Claro;151,58999999999594;151,45999999999594;1,7406358058415;22,959286909762;UHE Monte Claro - CAV SNIRH.xlsx;b8f0487a-df73-4f8d-8b22-bb49cf9f3683;https://metadados.snirh.gov.br/files/b8f0487a-df73-4f8d-8b22-bb49cf9f3683/Monte_Claro.zip
Monte Claro;151,59999999999593;151,46999999999593;1,740975051828;22,976694280855998;UHE Monte Claro - CAV SNIRH.xlsx;b8f0487a-df73-4f8d-8b22-bb49cf9f3683;https://metadados.snirh.gov.br/files/b8f0487a-df73-4f8d-8b22-bb49cf9f3683/Monte_Claro.zip
Monte Claro;151,60999999999592;151,47999999999593;1,7413141987293;22,994105320267;UHE Monte Claro - CAV SNIRH.xlsx;b8f0487a-df73-4f8d-8b22-bb49cf9f3683;https://metadados.snirh.gov.br/files/b8f0487a-df73-4f8d-8b22-bb49cf9f3683/Monte_Claro.zip
Monte Claro;151,6199999999959;151,48999999999592;1,7416532459164;23,011519711926;UHE Monte Claro - CAV SNIRH.xlsx;b8f0487a-df73-4f8d-8b22-bb49cf9f3683;https://metadados.snirh.gov.br/files/b8f0487a-df73-4f8d-8b22-bb49cf9f3683/Monte_Claro.zip
Monte Claro;151,6299999999959;151,4999999999959;1,7419921913689;23,028937642480003;UHE Monte Claro - CAV SNIRH.xlsx;b8f0487a-df73-4f8d-8b22-bb49cf9f3683;https://metadados.snirh.gov.br/files/b8f0487a-df73-4f8d-8b22-bb49cf9f3683/Monte_Claro.zip
Monte Claro;151,6399999999959;151,5099999999959;1,7423310365812001;23,046359236321;UHE Monte Claro - CAV SNIRH.xlsx;b8f0487a-df73-4f8d-8b22-bb49cf9f3683;https://metadados.snirh.gov.br/files/b8f0487a-df73-4f8d-8b22-bb49cf9f3683/Monte_Claro.zip
Monte Claro;151,64999999999588;151,5199999999959;1,7426697875005;23,063784167932997;UHE Monte Claro - CAV SNIRH.xlsx;b8f0487a-df73-4f8d-8b22-bb49cf9f3683;https://metadados.snirh.gov.br/files/b8f0487a-df73-4f8d-8b22-bb49cf9f3683/Monte_Claro.zip
Monte Claro;151,65999999999588;151,52999999999588;1,7430084424209;23,081212593885002;UHE Monte Claro - CAV SNIRH.xlsx;b8f0487a-df73-4f8d-8b22-bb49cf9f3683;https://metadados.snirh.gov.br/files/b8f0487a-df73-4f8d-8b22-bb49cf9f3683/Monte_Claro.zip
Monte Claro;151,66999999999587;151,53999999999587;1,7433470043235;23,098643589595998;UHE Monte Claro - CAV SNIRH.xlsx;b8f0487a-df73-4f8d-8b22-bb49cf9f3683;https://metadados.snirh.gov.br/files/b8f0487a-df73-4f8d-8b22-bb49cf9f3683/Monte_Claro.zip
Monte Claro;151,67999999999586;151,54999999999586;1,7436854732378;23,116078032511;UHE Monte Claro - CAV SNIRH.xlsx;b8f0487a-df73-4f8d-8b22-bb49cf9f3683;https://metadados.snirh.gov.br/files/b8f0487a-df73-4f8d-8b22-bb49cf9f3683/Monte_Claro.zip
Monte Claro;151,68999999999585;151,55999999999585;1,7440238528014;23,133516387995;UHE Monte Claro - CAV SNIRH.xlsx;b8f0487a-df73-4f8d-8b22-bb49cf9f3683;https://metadados.snirh.gov.br/files/b8f0487a-df73-4f8d-8b22-bb49cf9f3683/Monte_Claro.zip
Monte Claro;151,69999999999584;151,56999999999584;1,7443621403151002;23,150958425530998;UHE Monte Claro - CAV SNIRH.xlsx;b8f0487a-df73-4f8d-8b22-bb49cf9f3683;https://metadados.snirh.gov.br/files/b8f0487a-df73-4f8d-8b22-bb49cf9f3683/Monte_Claro.zip
Monte Claro;151,70999999999583;151,57999999999583;1,7447003332604;23,168402885575997;UHE Monte Claro - CAV SNIRH.xlsx;b8f0487a-df73-4f8d-8b22-bb49cf9f3683;https://metadados.snirh.gov.br/files/b8f0487a-df73-4f8d-8b22-bb49cf9f3683/Monte_Claro.zip
Monte Claro;151,71999999999582;151,58999999999583;1,7450384300442998;23,185851814800003;UHE Monte Claro - CAV SNIRH.xlsx;b8f0487a-df73-4f8d-8b22-bb49cf9f3683;https://metadados.snirh.gov.br/files/b8f0487a-df73-4f8d-8b22-bb49cf9f3683/Monte_Claro.zip
Monte Claro;151,7299999999958;151,59999999999582;1,74537643422;23,203303844025;UHE Monte Claro - CAV SNIRH.xlsx;b8f0487a-df73-4f8d-8b22-bb49cf9f3683;https://metadados.snirh.gov.br/files/b8f0487a-df73-4f8d-8b22-bb49cf9f3683/Monte_Claro.zip
Monte Claro;151,7399999999958;151,6099999999958;1,7457143470588001;23,220759949060998;UHE Monte Claro - CAV SNIRH.xlsx;b8f0487a-df73-4f8d-8b22-bb49cf9f3683;https://metadados.snirh.gov.br/files/b8f0487a-df73-4f8d-8b22-bb49cf9f3683/Monte_Claro.zip
Monte Claro;151,7499999999958;151,6199999999958;1,7460521702742;23,238219541522;UHE Monte Claro - CAV SNIRH.xlsx;b8f0487a-df73-4f8d-8b22-bb49cf9f3683;https://metadados.snirh.gov.br/files/b8f0487a-df73-4f8d-8b22-bb49cf9f3683/Monte_Claro.zip
Monte Claro;151,75999999999578;151,6299999999958;1,7463899030474002;23,255682842045;UHE Monte Claro - CAV SNIRH.xlsx;b8f0487a-df73-4f8d-8b22-bb49cf9f3683;https://metadados.snirh.gov.br/files/b8f0487a-df73-4f8d-8b22-bb49cf9f3683/Monte_Claro.zip
Monte Claro;151,76999999999578;151,63999999999578;1,7467275412757999;23,273148094897;UHE Monte Claro - CAV SNIRH.xlsx;b8f0487a-df73-4f8d-8b22-bb49cf9f3683;https://metadados.snirh.gov.br/files/b8f0487a-df73-4f8d-8b22-bb49cf9f3683/Monte_Claro.zip
Monte Claro;151,77999999999577;151,64999999999577;1,7470650853854002;23,290617259879;UHE Monte Claro - CAV SNIRH.xlsx;b8f0487a-df73-4f8d-8b22-bb49cf9f3683;https://metadados.snirh.gov.br/files/b8f0487a-df73-4f8d-8b22-bb49cf9f3683/Monte_Claro.zip
Monte Claro;151,78999999999576;151,65999999999576;1,7474025374185;23,308089305815;UHE Monte Claro - CAV SNIRH.xlsx;b8f0487a-df73-4f8d-8b22-bb49cf9f3683;https://metadados.snirh.gov.br/files/b8f0487a-df73-4f8d-8b22-bb49cf9f3683/Monte_Claro.zip
Monte Claro;151,79999999999575;151,66999999999575;1,7477399019935;23,325564361791;UHE Monte Claro - CAV SNIRH.xlsx;b8f0487a-df73-4f8d-8b22-bb49cf9f3683;https://metadados.snirh.gov.br/files/b8f0487a-df73-4f8d-8b22-bb49cf9f3683/Monte_Claro.zip
Monte Claro;151,80999999999574;151,67999999999574;1,7480771775595;23,343042694397;UHE Monte Claro - CAV SNIRH.xlsx;b8f0487a-df73-4f8d-8b22-bb49cf9f3683;https://metadados.snirh.gov.br/files/b8f0487a-df73-4f8d-8b22-bb49cf9f3683/Monte_Claro.zip
Monte Claro;151,81999999999573;151,68999999999573;1,7484143617844;23,360526676070002;UHE Monte Claro - CAV SNIRH.xlsx;b8f0487a-df73-4f8d-8b22-bb49cf9f3683;https://metadados.snirh.gov.br/files/b8f0487a-df73-4f8d-8b22-bb49cf9f3683/Monte_Claro.zip
Monte Claro;151,82999999999572;151,69999999999573;1,7487514574325;23,378013030942;UHE Monte Claro - CAV SNIRH.xlsx;b8f0487a-df73-4f8d-8b22-bb49cf9f3683;https://metadados.snirh.gov.br/files/b8f0487a-df73-4f8d-8b22-bb49cf9f3683/Monte_Claro.zip
Monte Claro;151,8399999999957;151,70999999999572;1,7490884660839001;23,395501960708998;UHE Monte Claro - CAV SNIRH.xlsx;b8f0487a-df73-4f8d-8b22-bb49cf9f3683;https://metadados.snirh.gov.br/files/b8f0487a-df73-4f8d-8b22-bb49cf9f3683/Monte_Claro.zip
Monte Claro;151,8499999999957;151,7199999999957;1,74942539165;23,412995080631;UHE Monte Claro - CAV SNIRH.xlsx;b8f0487a-df73-4f8d-8b22-bb49cf9f3683;https://metadados.snirh.gov.br/files/b8f0487a-df73-4f8d-8b22-bb49cf9f3683/Monte_Claro.zip
Monte Claro;151,8599999999957;151,7299999999957;1,7497622403506001;23,430490621679002;UHE Monte Claro - CAV SNIRH.xlsx;b8f0487a-df73-4f8d-8b22-bb49cf9f3683;https://metadados.snirh.gov.br/files/b8f0487a-df73-4f8d-8b22-bb49cf9f3683/Monte_Claro.zip
Monte Claro;151,86999999999568;151,7399999999957;1,7500990095098998;23,447989010862997;UHE Monte Claro - CAV SNIRH.xlsx;b8f0487a-df73-4f8d-8b22-bb49cf9f3683;https://metadados.snirh.gov.br/files/b8f0487a-df73-4f8d-8b22-bb49cf9f3683/Monte_Claro.zip
Monte Claro;151,87999999999568;151,74999999999568;1,7504356962491;23,465491304648;UHE Monte Claro - CAV SNIRH.xlsx;b8f0487a-df73-4f8d-8b22-bb49cf9f3683;https://metadados.snirh.gov.br/files/b8f0487a-df73-4f8d-8b22-bb49cf9f3683/Monte_Claro.zip
Monte Claro;151,88999999999567;151,75999999999567;1,7507722982051;23,482996807641;UHE Monte Claro - CAV SNIRH.xlsx;b8f0487a-df73-4f8d-8b22-bb49cf9f3683;https://metadados.snirh.gov.br/files/b8f0487a-df73-4f8d-8b22-bb49cf9f3683/Monte_Claro.zip
Monte Claro;151,89999999999566;151,76999999999566;1,7511088162991;23,50050526956;UHE Monte Claro - CAV SNIRH.xlsx;b8f0487a-df73-4f8d-8b22-bb49cf9f3683;https://metadados.snirh.gov.br/files/b8f0487a-df73-4f8d-8b22-bb49cf9f3683/Monte_Claro.zip
Monte Claro;151,90999999999565;151,77999999999565;1,7514452513659;23,518017283760997;UHE Monte Claro - CAV SNIRH.xlsx;b8f0487a-df73-4f8d-8b22-bb49cf9f3683;https://metadados.snirh.gov.br/files/b8f0487a-df73-4f8d-8b22-bb49cf9f3683/Monte_Claro.zip
Monte Claro;151,91999999999564;151,78999999999564;1,751781602249;23,535533601292;UHE Monte Claro - CAV SNIRH.xlsx;b8f0487a-df73-4f8d-8b22-bb49cf9f3683;https://metadados.snirh.gov.br/files/b8f0487a-df73-4f8d-8b22-bb49cf9f3683/Monte_Claro.zip
Monte Claro;151,92999999999563;151,79999999999563;1,7521178664091;23,553053263316002;UHE Monte Claro - CAV SNIRH.xlsx;b8f0487a-df73-4f8d-8b22-bb49cf9f3683;https://metadados.snirh.gov.br/files/b8f0487a-df73-4f8d-8b22-bb49cf9f3683/Monte_Claro.zip
Monte Claro;151,93999999999562;151,80999999999563;1,752454044269;23,570575542109;UHE Monte Claro - CAV SNIRH.xlsx;b8f0487a-df73-4f8d-8b22-bb49cf9f3683;https://metadados.snirh.gov.br/files/b8f0487a-df73-4f8d-8b22-bb49cf9f3683/Monte_Claro.zip
Monte Claro;151,9499999999956;151,81999999999562;1,7527901357201001;23,58810082531;UHE Monte Claro - CAV SNIRH.xlsx;b8f0487a-df73-4f8d-8b22-bb49cf9f3683;https://metadados.snirh.gov.br/files/b8f0487a-df73-4f8d-8b22-bb49cf9f3683/Monte_Claro.zip
Monte Claro;151,9599999999956;151,8299999999956;1,7531261415386;23,605630556278;UHE Monte Claro - CAV SNIRH.xlsx;b8f0487a-df73-4f8d-8b22-bb49cf9f3683;https://metadados.snirh.gov.br/files/b8f0487a-df73-4f8d-8b22-bb49cf9f3683/Monte_Claro.zip
Monte Claro;151,9699999999956;151,8399999999956;1,7534620646553;23,623163501710998;UHE Monte Claro - CAV SNIRH.xlsx;b8f0487a-df73-4f8d-8b22-bb49cf9f3683;https://metadados.snirh.gov.br/files/b8f0487a-df73-4f8d-8b22-bb49cf9f3683/Monte_Claro.zip
Monte Claro;151,97999999999558;151,8499999999956;1,7537979039692;23,640699675082;UHE Monte Claro - CAV SNIRH.xlsx;b8f0487a-df73-4f8d-8b22-bb49cf9f3683;https://metadados.snirh.gov.br/files/b8f0487a-df73-4f8d-8b22-bb49cf9f3683/Monte_Claro.zip
Monte Claro;151,98999999999558;151,85999999999558;1,7541336569819002;23,658239012893;UHE Monte Claro - CAV SNIRH.xlsx;b8f0487a-df73-4f8d-8b22-bb49cf9f3683;https://metadados.snirh.gov.br/files/b8f0487a-df73-4f8d-8b22-bb49cf9f3683/Monte_Claro.zip
Monte Claro;151,99999999999557;151,86999999999557;1,754469320362;23,675782556632;UHE Monte Claro - CAV SNIRH.xlsx;b8f0487a-df73-4f8d-8b22-bb49cf9f3683;https://metadados.snirh.gov.br/files/b8f0487a-df73-4f8d-8b22-bb49cf9f3683/Monte_Claro.zip
Monte Claro;152,00999999999556;151,87999999999556;1,7548049002582;23,693327926962;UHE Monte Claro - CAV SNIRH.xlsx;b8f0487a-df73-4f8d-8b22-bb49cf9f3683;https://metadados.snirh.gov.br/files/b8f0487a-df73-4f8d-8b22-bb49cf9f3683/Monte_Claro.zip
Monte Claro;152,01999999999555;151,88999999999555;1,7551403985347;23,710877236133;UHE Monte Claro - CAV SNIRH.xlsx;b8f0487a-df73-4f8d-8b22-bb49cf9f3683;https://metadados.snirh.gov.br/files/b8f0487a-df73-4f8d-8b22-bb49cf9f3683/Monte_Claro.zip
Monte Claro;152,02999999999554;151,89999999999554;1,7554758166142;23,728429688687;UHE Monte Claro - CAV SNIRH.xlsx;b8f0487a-df73-4f8d-8b22-bb49cf9f3683;https://metadados.snirh.gov.br/files/b8f0487a-df73-4f8d-8b22-bb49cf9f3683/Monte_Claro.zip
Monte Claro;152,03999999999553;151,90999999999553;1,7558111508748;23,745986532783;UHE Monte Claro - CAV SNIRH.xlsx;b8f0487a-df73-4f8d-8b22-bb49cf9f3683;https://metadados.snirh.gov.br/files/b8f0487a-df73-4f8d-8b22-bb49cf9f3683/Monte_Claro.zip
Monte Claro;152,04999999999552;151,91999999999553;1,7561464030502;23,763546531253;UHE Monte Claro - CAV SNIRH.xlsx;b8f0487a-df73-4f8d-8b22-bb49cf9f3683;https://metadados.snirh.gov.br/files/b8f0487a-df73-4f8d-8b22-bb49cf9f3683/Monte_Claro.zip
Monte Claro;152,0599999999955;151,92999999999552;1,7564815767413;23,781109279941997;UHE Monte Claro - CAV SNIRH.xlsx;b8f0487a-df73-4f8d-8b22-bb49cf9f3683;https://metadados.snirh.gov.br/files/b8f0487a-df73-4f8d-8b22-bb49cf9f3683/Monte_Claro.zip
Monte Claro;152,0699999999955;151,9399999999955;1,7568166754872;23,798676321309998;UHE Monte Claro - CAV SNIRH.xlsx;b8f0487a-df73-4f8d-8b22-bb49cf9f3683;https://metadados.snirh.gov.br/files/b8f0487a-df73-4f8d-8b22-bb49cf9f3683/Monte_Claro.zip
Monte Claro;152,0799999999955;151,9499999999955;1,7571516989909999;23,816245951484;UHE Monte Claro - CAV SNIRH.xlsx;b8f0487a-df73-4f8d-8b22-bb49cf9f3683;https://metadados.snirh.gov.br/files/b8f0487a-df73-4f8d-8b22-bb49cf9f3683/Monte_Claro.zip
Monte Claro;152,08999999999548;151,9599999999955;1,757486642106;23,833819017193;UHE Monte Claro - CAV SNIRH.xlsx;b8f0487a-df73-4f8d-8b22-bb49cf9f3683;https://metadados.snirh.gov.br/files/b8f0487a-df73-4f8d-8b22-bb49cf9f3683/Monte_Claro.zip
Monte Claro;152,09999999999548;151,96999999999548;1,7578215033342999;23,85139626145;UHE Monte Claro - CAV SNIRH.xlsx;b8f0487a-df73-4f8d-8b22-bb49cf9f3683;https://metadados.snirh.gov.br/files/b8f0487a-df73-4f8d-8b22-bb49cf9f3683/Monte_Claro.zip
Monte Claro;152,10999999999547;151,97999999999547;1,7581562875185;23,868976061749997;UHE Monte Claro - CAV SNIRH.xlsx;b8f0487a-df73-4f8d-8b22-bb49cf9f3683;https://metadados.snirh.gov.br/files/b8f0487a-df73-4f8d-8b22-bb49cf9f3683/Monte_Claro.zip
Monte Claro;152,11999999999546;151,98999999999546;1,7584909908926;23,886559377285;UHE Monte Claro - CAV SNIRH.xlsx;b8f0487a-df73-4f8d-8b22-bb49cf9f3683;https://metadados.snirh.gov.br/files/b8f0487a-df73-4f8d-8b22-bb49cf9f3683/Monte_Claro.zip
Monte Claro;152,12999999999545;151,99999999999545;1,7588256123925998;23,904145989459998;UHE Monte Claro - CAV SNIRH.xlsx;b8f0487a-df73-4f8d-8b22-bb49cf9f3683;https://metadados.snirh.gov.br/files/b8f0487a-df73-4f8d-8b22-bb49cf9f3683/Monte_Claro.zip
Monte Claro;152,13999999999544;152,00999999999544;1,7591601521258;23,921735853875;UHE Monte Claro - CAV SNIRH.xlsx;b8f0487a-df73-4f8d-8b22-bb49cf9f3683;https://metadados.snirh.gov.br/files/b8f0487a-df73-4f8d-8b22-bb49cf9f3683/Monte_Claro.zip
Monte Claro;152,14999999999543;152,01999999999543;1,7594946136543002;23,939329101941002;UHE Monte Claro - CAV SNIRH.xlsx;b8f0487a-df73-4f8d-8b22-bb49cf9f3683;https://metadados.snirh.gov.br/files/b8f0487a-df73-4f8d-8b22-bb49cf9f3683/Monte_Claro.zip
Monte Claro;152,15999999999542;152,02999999999543;1,7598290027874999;23,956925791159;UHE Monte Claro - CAV SNIRH.xlsx;b8f0487a-df73-4f8d-8b22-bb49cf9f3683;https://metadados.snirh.gov.br/files/b8f0487a-df73-4f8d-8b22-bb49cf9f3683/Monte_Claro.zip
Monte Claro;152,1699999999954;152,03999999999542;1,7601633228561;23,974525936662;UHE Monte Claro - CAV SNIRH.xlsx;b8f0487a-df73-4f8d-8b22-bb49cf9f3683;https://metadados.snirh.gov.br/files/b8f0487a-df73-4f8d-8b22-bb49cf9f3683/Monte_Claro.zip
Monte Claro;152,1799999999954;152,0499999999954;1,7604975709128001;23,992129772548;UHE Monte Claro - CAV SNIRH.xlsx;b8f0487a-df73-4f8d-8b22-bb49cf9f3683;https://metadados.snirh.gov.br/files/b8f0487a-df73-4f8d-8b22-bb49cf9f3683/Monte_Claro.zip
Monte Claro;152,1899999999954;152,0599999999954;1,7608517785604998;24,009736681424;UHE Monte Claro - CAV SNIRH.xlsx;b8f0487a-df73-4f8d-8b22-bb49cf9f3683;https://metadados.snirh.gov.br/files/b8f0487a-df73-4f8d-8b22-bb49cf9f3683/Monte_Claro.zip
Monte Claro;152,19999999999538;152,0699999999954;1,7612243424946;24,02734779958;UHE Monte Claro - CAV SNIRH.xlsx;b8f0487a-df73-4f8d-8b22-bb49cf9f3683;https://metadados.snirh.gov.br/files/b8f0487a-df73-4f8d-8b22-bb49cf9f3683/Monte_Claro.zip
Monte Claro;152,20999999999538;152,07999999999538;1,7615954037269;24,044961181361998;UHE Monte Claro - CAV SNIRH.xlsx;b8f0487a-df73-4f8d-8b22-bb49cf9f3683;https://metadados.snirh.gov.br/files/b8f0487a-df73-4f8d-8b22-bb49cf9f3683/Monte_Claro.zip
Monte Claro;152,21999999999537;152,08999999999537;1,7619684050409;24,062579279911997;UHE Monte Claro - CAV SNIRH.xlsx;b8f0487a-df73-4f8d-8b22-bb49cf9f3683;https://metadados.snirh.gov.br/files/b8f0487a-df73-4f8d-8b22-bb49cf9f3683/Monte_Claro.zip
Monte Claro;152,22999999999536;152,09999999999536;1,7623412663186;24,080200829626;UHE Monte Claro - CAV SNIRH.xlsx;b8f0487a-df73-4f8d-8b22-bb49cf9f3683;https://metadados.snirh.gov.br/files/b8f0487a-df73-4f8d-8b22-bb49cf9f3683/Monte_Claro.zip
Monte Claro;152,23999999999535;152,10999999999535;1,7627144582447;24,097826007818;UHE Monte Claro - CAV SNIRH.xlsx;b8f0487a-df73-4f8d-8b22-bb49cf9f3683;https://metadados.snirh.gov.br/files/b8f0487a-df73-4f8d-8b22-bb49cf9f3683/Monte_Claro.zip
Monte Claro;152,24999999999534;152,11999999999534;1,7630901154640999;24,115455759566;UHE Monte Claro - CAV SNIRH.xlsx;b8f0487a-df73-4f8d-8b22-bb49cf9f3683;https://metadados.snirh.gov.br/files/b8f0487a-df73-4f8d-8b22-bb49cf9f3683/Monte_Claro.zip
Monte Claro;152,25999999999533;152,12999999999533;1,7634659795409;24,133088371101;UHE Monte Claro - CAV SNIRH.xlsx;b8f0487a-df73-4f8d-8b22-bb49cf9f3683;https://metadados.snirh.gov.br/files/b8f0487a-df73-4f8d-8b22-bb49cf9f3683/Monte_Claro.zip
Monte Claro;152,26999999999532;152,13999999999533;1,7638408013455;24,150724858670998;UHE Monte Claro - CAV SNIRH.xlsx;b8f0487a-df73-4f8d-8b22-bb49cf9f3683;https://metadados.snirh.gov.br/files/b8f0487a-df73-4f8d-8b22-bb49cf9f3683/Monte_Claro.zip
Monte Claro;152,2799999999953;152,14999999999532;1,7642157282773998;24,168364539669;UHE Monte Claro - CAV SNIRH.xlsx;b8f0487a-df73-4f8d-8b22-bb49cf9f3683;https://metadados.snirh.gov.br/files/b8f0487a-df73-4f8d-8b22-bb49cf9f3683/Monte_Claro.zip
Monte Claro;152,2899999999953;152,1599999999953;1,7645915804644;24,186009157965;UHE Monte Claro - CAV SNIRH.xlsx;b8f0487a-df73-4f8d-8b22-bb49cf9f3683;https://metadados.snirh.gov.br/files/b8f0487a-df73-4f8d-8b22-bb49cf9f3683/Monte_Claro.zip
Monte Claro;152,2999999999953;152,1699999999953;1,7649677543754;24,203656735342;UHE Monte Claro - CAV SNIRH.xlsx;b8f0487a-df73-4f8d-8b22-bb49cf9f3683;https://metadados.snirh.gov.br/files/b8f0487a-df73-4f8d-8b22-bb49cf9f3683/Monte_Claro.zip
Monte Claro;152,30999999999528;152,1799999999953;1,7653433705836;24,221307895275;UHE Monte Claro - CAV SNIRH.xlsx;b8f0487a-df73-4f8d-8b22-bb49cf9f3683;https://metadados.snirh.gov.br/files/b8f0487a-df73-4f8d-8b22-bb49cf9f3683/Monte_Claro.zip
Monte Claro;152,31999999999528;152,18999999999528;1,7657187207889;24,238964579506;UHE Monte Claro - CAV SNIRH.xlsx;b8f0487a-df73-4f8d-8b22-bb49cf9f3683;https://metadados.snirh.gov.br/files/b8f0487a-df73-4f8d-8b22-bb49cf9f3683/Monte_Claro.zip
Monte Claro;152,32999999999527;152,19999999999527;1,7660942553016001;24,256623613614;UHE Monte Claro - CAV SNIRH.xlsx;b8f0487a-df73-4f8d-8b22-bb49cf9f3683;https://metadados.snirh.gov.br/files/b8f0487a-df73-4f8d-8b22-bb49cf9f3683/Monte_Claro.zip
Monte Claro;152,33999999999526;152,20999999999526;1,7664700570054999;24,2742855088;UHE Monte Claro - CAV SNIRH.xlsx;b8f0487a-df73-4f8d-8b22-bb49cf9f3683;https://metadados.snirh.gov.br/files/b8f0487a-df73-4f8d-8b22-bb49cf9f3683/Monte_Claro.zip
Monte Claro;152,34999999999525;152,21999999999525;1,7668455093498;24,291952121955998;UHE Monte Claro - CAV SNIRH.xlsx;b8f0487a-df73-4f8d-8b22-bb49cf9f3683;https://metadados.snirh.gov.br/files/b8f0487a-df73-4f8d-8b22-bb49cf9f3683/Monte_Claro.zip
Monte Claro;152,35999999999524;152,22999999999524;1,7672207037301;24,309621730272;UHE Monte Claro - CAV SNIRH.xlsx;b8f0487a-df73-4f8d-8b22-bb49cf9f3683;https://metadados.snirh.gov.br/files/b8f0487a-df73-4f8d-8b22-bb49cf9f3683/Monte_Claro.zip
Monte Claro;152,36999999999523;152,23999999999523;1,7675959068703;24,327295744660002;UHE Monte Claro - CAV SNIRH.xlsx;b8f0487a-df73-4f8d-8b22-bb49cf9f3683;https://metadados.snirh.gov.br/files/b8f0487a-df73-4f8d-8b22-bb49cf9f3683/Monte_Claro.zip
Monte Claro;152,37999999999522;152,24999999999523;1,7679708612471;24,344973173482998;UHE Monte Claro - CAV SNIRH.xlsx;b8f0487a-df73-4f8d-8b22-bb49cf9f3683;https://metadados.snirh.gov.br/files/b8f0487a-df73-4f8d-8b22-bb49cf9f3683/Monte_Claro.zip
Monte Claro;152,3899999999952;152,25999999999522;1,768345998744;24,362654309927002;UHE Monte Claro - CAV SNIRH.xlsx;b8f0487a-df73-4f8d-8b22-bb49cf9f3683;https://metadados.snirh.gov.br/files/b8f0487a-df73-4f8d-8b22-bb49cf9f3683/Monte_Claro.zip
Monte Claro;152,3999999999952;152,2699999999952;1,7687211418399;24,380338906612;UHE Monte Claro - CAV SNIRH.xlsx;b8f0487a-df73-4f8d-8b22-bb49cf9f3683;https://metadados.snirh.gov.br/files/b8f0487a-df73-4f8d-8b22-bb49cf9f3683/Monte_Claro.zip
Monte Claro;152,4099999999952;152,2799999999952;1,7690959209437;24,398026985442;UHE Monte Claro - CAV SNIRH.xlsx;b8f0487a-df73-4f8d-8b22-bb49cf9f3683;https://metadados.snirh.gov.br/files/b8f0487a-df73-4f8d-8b22-bb49cf9f3683/Monte_Claro.zip
Monte Claro;152,41999999999518;152,2899999999952;1,7694704835975;24,415720154212003;UHE Monte Claro - CAV SNIRH.xlsx;b8f0487a-df73-4f8d-8b22-bb49cf9f3683;https://metadados.snirh.gov.br/files/b8f0487a-df73-4f8d-8b22-bb49cf9f3683/Monte_Claro.zip
Monte Claro;152,42999999999518;152,29999999999518;1,7698446799531;24,43341723802;UHE Monte Claro - CAV SNIRH.xlsx;b8f0487a-df73-4f8d-8b22-bb49cf9f3683;https://metadados.snirh.gov.br/files/b8f0487a-df73-4f8d-8b22-bb49cf9f3683/Monte_Claro.zip
Monte Claro;152,43999999999517;152,30999999999517;1,7702185435943;24,451117796753;UHE Monte Claro - CAV SNIRH.xlsx;b8f0487a-df73-4f8d-8b22-bb49cf9f3683;https://metadados.snirh.gov.br/files/b8f0487a-df73-4f8d-8b22-bb49cf9f3683/Monte_Claro.zip
Monte Claro;152,44999999999516;152,31999999999516;1,7705923947079998;24,468821334267002;UHE Monte Claro - CAV SNIRH.xlsx;b8f0487a-df73-4f8d-8b22-bb49cf9f3683;https://metadados.snirh.gov.br/files/b8f0487a-df73-4f8d-8b22-bb49cf9f3683/Monte_Claro.zip
Monte Claro;152,45999999999515;152,32999999999515;1,7709664023483;24,486529370877;UHE Monte Claro - CAV SNIRH.xlsx;b8f0487a-df73-4f8d-8b22-bb49cf9f3683;https://metadados.snirh.gov.br/files/b8f0487a-df73-4f8d-8b22-bb49cf9f3683/Monte_Claro.zip
Monte Claro;152,46999999999514;152,33999999999514;1,7713402980486002;24,504240812726;UHE Monte Claro - CAV SNIRH.xlsx;b8f0487a-df73-4f8d-8b22-bb49cf9f3683;https://metadados.snirh.gov.br/files/b8f0487a-df73-4f8d-8b22-bb49cf9f3683/Monte_Claro.zip
Monte Claro;152,47999999999513;152,34999999999513;1,7717136961164;24,521955721751002;UHE Monte Claro - CAV SNIRH.xlsx;b8f0487a-df73-4f8d-8b22-bb49cf9f3683;https://metadados.snirh.gov.br/files/b8f0487a-df73-4f8d-8b22-bb49cf9f3683/Monte_Claro.zip
Monte Claro;152,48999999999512;152,35999999999513;1,7720869823324998;24,539673561285998;UHE Monte Claro - CAV SNIRH.xlsx;b8f0487a-df73-4f8d-8b22-bb49cf9f3683;https://metadados.snirh.gov.br/files/b8f0487a-df73-4f8d-8b22-bb49cf9f3683/Monte_Claro.zip
Monte Claro;152,4999999999951;152,36999999999512;1,7724601896401002;24,557396099742;UHE Monte Claro - CAV SNIRH.xlsx;b8f0487a-df73-4f8d-8b22-bb49cf9f3683;https://metadados.snirh.gov.br/files/b8f0487a-df73-4f8d-8b22-bb49cf9f3683/Monte_Claro.zip
Monte Claro;152,5099999999951;152,3799999999951;1,7728334079899999;24,575122760324;UHE Monte Claro - CAV SNIRH.xlsx;b8f0487a-df73-4f8d-8b22-bb49cf9f3683;https://metadados.snirh.gov.br/files/b8f0487a-df73-4f8d-8b22-bb49cf9f3683/Monte_Claro.zip
Monte Claro;152,5199999999951;152,3899999999951;1,7732065744519;24,592852314387002;UHE Monte Claro - CAV SNIRH.xlsx;b8f0487a-df73-4f8d-8b22-bb49cf9f3683;https://metadados.snirh.gov.br/files/b8f0487a-df73-4f8d-8b22-bb49cf9f3683/Monte_Claro.zip
Monte Claro;152,52999999999508;152,3999999999951;1,7735793129266;24,610586094757;UHE Monte Claro - CAV SNIRH.xlsx;b8f0487a-df73-4f8d-8b22-bb49cf9f3683;https://metadados.snirh.gov.br/files/b8f0487a-df73-4f8d-8b22-bb49cf9f3683/Monte_Claro.zip
Monte Claro;152,53999999999508;152,40999999999508;1,7739516657834;24,628323524132;UHE Monte Claro - CAV SNIRH.xlsx;b8f0487a-df73-4f8d-8b22-bb49cf9f3683;https://metadados.snirh.gov.br/files/b8f0487a-df73-4f8d-8b22-bb49cf9f3683/Monte_Claro.zip
Monte Claro;152,54999999999507;152,41999999999507;1,7743238147331;24,646066616421;UHE Monte Claro - CAV SNIRH.xlsx;b8f0487a-df73-4f8d-8b22-bb49cf9f3683;https://metadados.snirh.gov.br/files/b8f0487a-df73-4f8d-8b22-bb49cf9f3683/Monte_Claro.zip
Monte Claro;152,55999999999506;152,42999999999506;1,7746959088377998;24,663811710433;UHE Monte Claro - CAV SNIRH.xlsx;b8f0487a-df73-4f8d-8b22-bb49cf9f3683;https://metadados.snirh.gov.br/files/b8f0487a-df73-4f8d-8b22-bb49cf9f3683/Monte_Claro.zip
Monte Claro;152,56999999999505;152,43999999999505;1,7750678852079;24,681560708875;UHE Monte Claro - CAV SNIRH.xlsx;b8f0487a-df73-4f8d-8b22-bb49cf9f3683;https://metadados.snirh.gov.br/files/b8f0487a-df73-4f8d-8b22-bb49cf9f3683/Monte_Claro.zip
Monte Claro;152,57999999999504;152,44999999999504;1,7754398218151;24,699312790934002;UHE Monte Claro - CAV SNIRH.xlsx;b8f0487a-df73-4f8d-8b22-bb49cf9f3683;https://metadados.snirh.gov.br/files/b8f0487a-df73-4f8d-8b22-bb49cf9f3683/Monte_Claro.zip
Monte Claro;152,58999999999503;152,45999999999503;1,7758115028426;24,717068791979;UHE Monte Claro - CAV SNIRH.xlsx;b8f0487a-df73-4f8d-8b22-bb49cf9f3683;https://metadados.snirh.gov.br/files/b8f0487a-df73-4f8d-8b22-bb49cf9f3683/Monte_Claro.zip
Monte Claro;152,59999999999502;152,46999999999503;1,7761829961561;24,734828699834;UHE Monte Claro - CAV SNIRH.xlsx;b8f0487a-df73-4f8d-8b22-bb49cf9f3683;https://metadados.snirh.gov.br/files/b8f0487a-df73-4f8d-8b22-bb49cf9f3683/Monte_Claro.zip
Monte Claro;152,609999999995;152,47999999999502;1,7765543094131;24,752592170503;UHE Monte Claro - CAV SNIRH.xlsx;b8f0487a-df73-4f8d-8b22-bb49cf9f3683;https://metadados.snirh.gov.br/files/b8f0487a-df73-4f8d-8b22-bb49cf9f3683/Monte_Claro.zip
Monte Claro;152,619999999995;152,489999999995;1,7769253745376;24,770359377643;UHE Monte Claro - CAV SNIRH.xlsx;b8f0487a-df73-4f8d-8b22-bb49cf9f3683;https://metadados.snirh.gov.br/files/b8f0487a-df73-4f8d-8b22-bb49cf9f3683/Monte_Claro.zip
Monte Claro;152,629999999995;152,499999999995;1,7772961865068;24,788131001892;UHE Monte Claro - CAV SNIRH.xlsx;b8f0487a-df73-4f8d-8b22-bb49cf9f3683;https://metadados.snirh.gov.br/files/b8f0487a-df73-4f8d-8b22-bb49cf9f3683/Monte_Claro.zip
Monte Claro;152,63999999999498;152,509999999995;1,7776668275374;24,805905042114002;UHE Monte Claro - CAV SNIRH.xlsx;b8f0487a-df73-4f8d-8b22-bb49cf9f3683;https://metadados.snirh.gov.br/files/b8f0487a-df73-4f8d-8b22-bb49cf9f3683/Monte_Claro.zip
Monte Claro;152,64999999999498;152,51999999999498;1,778037320682;24,823683879781;UHE Monte Claro - CAV SNIRH.xlsx;b8f0487a-df73-4f8d-8b22-bb49cf9f3683;https://metadados.snirh.gov.br/files/b8f0487a-df73-4f8d-8b22-bb49cf9f3683/Monte_Claro.zip
Monte Claro;152,65999999999497;152,52999999999497;1,7784077207534;24,841466158874002;UHE Monte Claro - CAV SNIRH.xlsx;b8f0487a-df73-4f8d-8b22-bb49cf9f3683;https://metadados.snirh.gov.br/files/b8f0487a-df73-4f8d-8b22-bb49cf9f3683/Monte_Claro.zip
Monte Claro;152,66999999999496;152,53999999999496;1,7787779767493;24,859251912999;UHE Monte Claro - CAV SNIRH.xlsx;b8f0487a-df73-4f8d-8b22-bb49cf9f3683;https://metadados.snirh.gov.br/files/b8f0487a-df73-4f8d-8b22-bb49cf9f3683/Monte_Claro.zip
Monte Claro;152,67999999999495;152,54999999999495;1,7791480919999;24,877040759346002;UHE Monte Claro - CAV SNIRH.xlsx;b8f0487a-df73-4f8d-8b22-bb49cf9f3683;https://metadados.snirh.gov.br/files/b8f0487a-df73-4f8d-8b22-bb49cf9f3683/Monte_Claro.zip
Monte Claro;152,68999999999494;152,55999999999494;1,7795180668500001;24,894835552129997;UHE Monte Claro - CAV SNIRH.xlsx;b8f0487a-df73-4f8d-8b22-bb49cf9f3683;https://metadados.snirh.gov.br/files/b8f0487a-df73-4f8d-8b22-bb49cf9f3683/Monte_Claro.zip
Monte Claro;152,69999999999493;152,56999999999493;1,7798879769848999;24,912632082317;UHE Monte Claro - CAV SNIRH.xlsx;b8f0487a-df73-4f8d-8b22-bb49cf9f3683;https://metadados.snirh.gov.br/files/b8f0487a-df73-4f8d-8b22-bb49cf9f3683/Monte_Claro.zip
Monte Claro;152,70999999999492;152,57999999999493;1,7802576833763;24,930433245524;UHE Monte Claro - CAV SNIRH.xlsx;b8f0487a-df73-4f8d-8b22-bb49cf9f3683;https://metadados.snirh.gov.br/files/b8f0487a-df73-4f8d-8b22-bb49cf9f3683/Monte_Claro.zip
Monte Claro;152,7199999999949;152,58999999999492;1,7806272276075998;24,948238030315;UHE Monte Claro - CAV SNIRH.xlsx;b8f0487a-df73-4f8d-8b22-bb49cf9f3683;https://metadados.snirh.gov.br/files/b8f0487a-df73-4f8d-8b22-bb49cf9f3683/Monte_Claro.zip
Monte Claro;152,7299999999949;152,5999999999949;1,7809966191326;24,966045547219;UHE Monte Claro - CAV SNIRH.xlsx;b8f0487a-df73-4f8d-8b22-bb49cf9f3683;https://metadados.snirh.gov.br/files/b8f0487a-df73-4f8d-8b22-bb49cf9f3683/Monte_Claro.zip
Monte Claro;152,7399999999949;152,6099999999949;1,7813658503689;24,983856479796998;UHE Monte Claro - CAV SNIRH.xlsx;b8f0487a-df73-4f8d-8b22-bb49cf9f3683;https://metadados.snirh.gov.br/files/b8f0487a-df73-4f8d-8b22-bb49cf9f3683/Monte_Claro.zip
Monte Claro;152,74999999999488;152,6199999999949;1,7817349507255;25,001671968646;UHE Monte Claro - CAV SNIRH.xlsx;b8f0487a-df73-4f8d-8b22-bb49cf9f3683;https://metadados.snirh.gov.br/files/b8f0487a-df73-4f8d-8b22-bb49cf9f3683/Monte_Claro.zip
Monte Claro;152,75999999999487;152,62999999999488;1,7821039300116;25,019491132747;UHE Monte Claro - CAV SNIRH.xlsx;b8f0487a-df73-4f8d-8b22-bb49cf9f3683;https://metadados.snirh.gov.br/files/b8f0487a-df73-4f8d-8b22-bb49cf9f3683/Monte_Claro.zip
Monte Claro;152,76999999999487;152,63999999999487;1,7824727843166999;25,037313390845;UHE Monte Claro - CAV SNIRH.xlsx;b8f0487a-df73-4f8d-8b22-bb49cf9f3683;https://metadados.snirh.gov.br/files/b8f0487a-df73-4f8d-8b22-bb49cf9f3683/Monte_Claro.zip
Monte Claro;152,77999999999486;152,64999999999486;1,7828414667149;25,055139068352;UHE Monte Claro - CAV SNIRH.xlsx;b8f0487a-df73-4f8d-8b22-bb49cf9f3683;https://metadados.snirh.gov.br/files/b8f0487a-df73-4f8d-8b22-bb49cf9f3683/Monte_Claro.zip
Monte Claro;152,78999999999485;152,65999999999485;1,7832099652583;25,072968720633998;UHE Monte Claro - CAV SNIRH.xlsx;b8f0487a-df73-4f8d-8b22-bb49cf9f3683;https://metadados.snirh.gov.br/files/b8f0487a-df73-4f8d-8b22-bb49cf9f3683/Monte_Claro.zip
Monte Claro;152,79999999999484;152,66999999999484;1,783578443387;25,090803410148;UHE Monte Claro - CAV SNIRH.xlsx;b8f0487a-df73-4f8d-8b22-bb49cf9f3683;https://metadados.snirh.gov.br/files/b8f0487a-df73-4f8d-8b22-bb49cf9f3683/Monte_Claro.zip
Monte Claro;152,80999999999483;152,67999999999483;1,7839468884425;25,108640660457997;UHE Monte Claro - CAV SNIRH.xlsx;b8f0487a-df73-4f8d-8b22-bb49cf9f3683;https://metadados.snirh.gov.br/files/b8f0487a-df73-4f8d-8b22-bb49cf9f3683/Monte_Claro.zip
Monte Claro;152,81999999999482;152,68999999999482;1,7843153035211;25,126481909343998;UHE Monte Claro - CAV SNIRH.xlsx;b8f0487a-df73-4f8d-8b22-bb49cf9f3683;https://metadados.snirh.gov.br/files/b8f0487a-df73-4f8d-8b22-bb49cf9f3683/Monte_Claro.zip
Monte Claro;152,8299999999948;152,69999999999482;1,7846836760813;25,144325941861997;UHE Monte Claro - CAV SNIRH.xlsx;b8f0487a-df73-4f8d-8b22-bb49cf9f3683;https://metadados.snirh.gov.br/files/b8f0487a-df73-4f8d-8b22-bb49cf9f3683/Monte_Claro.zip
Monte Claro;152,8399999999948;152,7099999999948;1,7850519659435;25,162174237454998;UHE Monte Claro - CAV SNIRH.xlsx;b8f0487a-df73-4f8d-8b22-bb49cf9f3683;https://metadados.snirh.gov.br/files/b8f0487a-df73-4f8d-8b22-bb49cf9f3683/Monte_Claro.zip
Monte Claro;152,8499999999948;152,7199999999948;1,7854201454284;25,180027142226;UHE Monte Claro - CAV SNIRH.xlsx;b8f0487a-df73-4f8d-8b22-bb49cf9f3683;https://metadados.snirh.gov.br/files/b8f0487a-df73-4f8d-8b22-bb49cf9f3683/Monte_Claro.zip
Monte Claro;152,85999999999478;152,7299999999948;1,7857882746776;25,197883922837;UHE Monte Claro - CAV SNIRH.xlsx;b8f0487a-df73-4f8d-8b22-bb49cf9f3683;https://metadados.snirh.gov.br/files/b8f0487a-df73-4f8d-8b22-bb49cf9f3683/Monte_Claro.zip
Monte Claro;152,86999999999477;152,73999999999478;1,7861562760503;25,215744192145;UHE Monte Claro - CAV SNIRH.xlsx;b8f0487a-df73-4f8d-8b22-bb49cf9f3683;https://metadados.snirh.gov.br/files/b8f0487a-df73-4f8d-8b22-bb49cf9f3683/Monte_Claro.zip
Monte Claro;152,87999999999477;152,74999999999477;1,7865242097638;25,233607107653;UHE Monte Claro - CAV SNIRH.xlsx;b8f0487a-df73-4f8d-8b22-bb49cf9f3683;https://metadados.snirh.gov.br/files/b8f0487a-df73-4f8d-8b22-bb49cf9f3683/Monte_Claro.zip
Monte Claro;152,88999999999476;152,75999999999476;1,7868920983518002;25,251474540676;UHE Monte Claro - CAV SNIRH.xlsx;b8f0487a-df73-4f8d-8b22-bb49cf9f3683;https://metadados.snirh.gov.br/files/b8f0487a-df73-4f8d-8b22-bb49cf9f3683/Monte_Claro.zip
Monte Claro;152,89999999999475;152,76999999999475;1,7872599138346;25,269345282963002;UHE Monte Claro - CAV SNIRH.xlsx;b8f0487a-df73-4f8d-8b22-bb49cf9f3683;https://metadados.snirh.gov.br/files/b8f0487a-df73-4f8d-8b22-bb49cf9f3683/Monte_Claro.zip
Monte Claro;152,90999999999474;152,77999999999474;1,7876276373733;25,28721916051;UHE Monte Claro - CAV SNIRH.xlsx;b8f0487a-df73-4f8d-8b22-bb49cf9f3683;https://metadados.snirh.gov.br/files/b8f0487a-df73-4f8d-8b22-bb49cf9f3683/Monte_Claro.zip
Monte Claro;152,91999999999473;152,78999999999473;1,7879952672098;25,305096740156;UHE Monte Claro - CAV SNIRH.xlsx;b8f0487a-df73-4f8d-8b22-bb49cf9f3683;https://metadados.snirh.gov.br/files/b8f0487a-df73-4f8d-8b22-bb49cf9f3683/Monte_Claro.zip
Monte Claro;152,92999999999472;152,79999999999472;1,7883628791205;25,322977829505;UHE Monte Claro - CAV SNIRH.xlsx;b8f0487a-df73-4f8d-8b22-bb49cf9f3683;https://metadados.snirh.gov.br/files/b8f0487a-df73-4f8d-8b22-bb49cf9f3683/Monte_Claro.zip
Monte Claro;152,9399999999947;152,80999999999472;1,7887304501188;25,340862980672004;UHE Monte Claro - CAV SNIRH.xlsx;b8f0487a-df73-4f8d-8b22-bb49cf9f3683;https://metadados.snirh.gov.br/files/b8f0487a-df73-4f8d-8b22-bb49cf9f3683/Monte_Claro.zip
Monte Claro;152,9499999999947;152,8199999999947;1,789098053777;25,358752775773997;UHE Monte Claro - CAV SNIRH.xlsx;b8f0487a-df73-4f8d-8b22-bb49cf9f3683;https://metadados.snirh.gov.br/files/b8f0487a-df73-4f8d-8b22-bb49cf9f3683/Monte_Claro.zip
Monte Claro;152,9599999999947;152,8299999999947;1,7894656615238;25,376646846212;UHE Monte Claro - CAV SNIRH.xlsx;b8f0487a-df73-4f8d-8b22-bb49cf9f3683;https://metadados.snirh.gov.br/files/b8f0487a-df73-4f8d-8b22-bb49cf9f3683/Monte_Claro.zip
Monte Claro;152,96999999999468;152,8399999999947;1,7898332698709;25,394543758639998;UHE Monte Claro - CAV SNIRH.xlsx;b8f0487a-df73-4f8d-8b22-bb49cf9f3683;https://metadados.snirh.gov.br/files/b8f0487a-df73-4f8d-8b22-bb49cf9f3683/Monte_Claro.zip
Monte Claro;152,97999999999467;152,84999999999468;1,7902008099724;25,412443711410003;UHE Monte Claro - CAV SNIRH.xlsx;b8f0487a-df73-4f8d-8b22-bb49cf9f3683;https://metadados.snirh.gov.br/files/b8f0487a-df73-4f8d-8b22-bb49cf9f3683/Monte_Claro.zip
Monte Claro;152,98999999999467;152,85999999999467;1,790568338551;25,430347158351;UHE Monte Claro - CAV SNIRH.xlsx;b8f0487a-df73-4f8d-8b22-bb49cf9f3683;https://metadados.snirh.gov.br/files/b8f0487a-df73-4f8d-8b22-bb49cf9f3683/Monte_Claro.zip
Monte Claro;152,99999999999466;152,86999999999466;1,7909358221026;25,448255551803;UHE Monte Claro - CAV SNIRH.xlsx;b8f0487a-df73-4f8d-8b22-bb49cf9f3683;https://metadados.snirh.gov.br/files/b8f0487a-df73-4f8d-8b22-bb49cf9f3683/Monte_Claro.zip
Monte Claro;153,00999999999465;152,87999999999465;1,7913032334245;25,466167904091;UHE Monte Claro - CAV SNIRH.xlsx;b8f0487a-df73-4f8d-8b22-bb49cf9f3683;https://metadados.snirh.gov.br/files/b8f0487a-df73-4f8d-8b22-bb49cf9f3683/Monte_Claro.zip
Monte Claro;153,01999999999464;152,88999999999464;1,7916705732679;25,484083331066;UHE Monte Claro - CAV SNIRH.xlsx;b8f0487a-df73-4f8d-8b22-bb49cf9f3683;https://metadados.snirh.gov.br/files/b8f0487a-df73-4f8d-8b22-bb49cf9f3683/Monte_Claro.zip
Monte Claro;153,02999999999463;152,89999999999463;1,7920378464921;25,502001408507002;UHE Monte Claro - CAV SNIRH.xlsx;b8f0487a-df73-4f8d-8b22-bb49cf9f3683;https://metadados.snirh.gov.br/files/b8f0487a-df73-4f8d-8b22-bb49cf9f3683/Monte_Claro.zip
Monte Claro;153,03999999999462;152,90999999999462;1,7924050679230001;25,51992282256;UHE Monte Claro - CAV SNIRH.xlsx;b8f0487a-df73-4f8d-8b22-bb49cf9f3683;https://metadados.snirh.gov.br/files/b8f0487a-df73-4f8d-8b22-bb49cf9f3683/Monte_Claro.zip
Monte Claro;153,0499999999946;152,91999999999462;1,7927722569343;25,537849447880998;UHE Monte Claro - CAV SNIRH.xlsx;b8f0487a-df73-4f8d-8b22-bb49cf9f3683;https://metadados.snirh.gov.br/files/b8f0487a-df73-4f8d-8b22-bb49cf9f3683/Monte_Claro.zip
Monte Claro;153,0599999999946;152,9299999999946;1,7931394385301;25,555779259125003;UHE Monte Claro - CAV SNIRH.xlsx;b8f0487a-df73-4f8d-8b22-bb49cf9f3683;https://metadados.snirh.gov.br/files/b8f0487a-df73-4f8d-8b22-bb49cf9f3683/Monte_Claro.zip
Monte Claro;153,0699999999946;152,9399999999946;1,7935066602413998;25,57371075603;UHE Monte Claro - CAV SNIRH.xlsx;b8f0487a-df73-4f8d-8b22-bb49cf9f3683;https://metadados.snirh.gov.br/files/b8f0487a-df73-4f8d-8b22-bb49cf9f3683/Monte_Claro.zip
Monte Claro;153,07999999999458;152,9499999999946;1,7938740205548;25,591647538156;UHE Monte Claro - CAV SNIRH.xlsx;b8f0487a-df73-4f8d-8b22-bb49cf9f3683;https://metadados.snirh.gov.br/files/b8f0487a-df73-4f8d-8b22-bb49cf9f3683/Monte_Claro.zip
Monte Claro;153,08999999999457;152,95999999999458;1,7942413697357;25,609588418766;UHE Monte Claro - CAV SNIRH.xlsx;b8f0487a-df73-4f8d-8b22-bb49cf9f3683;https://metadados.snirh.gov.br/files/b8f0487a-df73-4f8d-8b22-bb49cf9f3683/Monte_Claro.zip
Monte Claro;153,09999999999457;152,96999999999457;1,7946086971908;25,627531455146;UHE Monte Claro - CAV SNIRH.xlsx;b8f0487a-df73-4f8d-8b22-bb49cf9f3683;https://metadados.snirh.gov.br/files/b8f0487a-df73-4f8d-8b22-bb49cf9f3683/Monte_Claro.zip
Monte Claro;153,10999999999456;152,97999999999456;1,7949759352432;25,645479993277;UHE Monte Claro - CAV SNIRH.xlsx;b8f0487a-df73-4f8d-8b22-bb49cf9f3683;https://metadados.snirh.gov.br/files/b8f0487a-df73-4f8d-8b22-bb49cf9f3683/Monte_Claro.zip
Monte Claro;153,11999999999455;152,98999999999455;1,795343201971;25,663431773036;UHE Monte Claro - CAV SNIRH.xlsx;b8f0487a-df73-4f8d-8b22-bb49cf9f3683;https://metadados.snirh.gov.br/files/b8f0487a-df73-4f8d-8b22-bb49cf9f3683/Monte_Claro.zip
Monte Claro;153,12999999999454;152,99999999999454;1,7957104972190001;25,681387025118998;UHE Monte Claro - CAV SNIRH.xlsx;b8f0487a-df73-4f8d-8b22-bb49cf9f3683;https://metadados.snirh.gov.br/files/b8f0487a-df73-4f8d-8b22-bb49cf9f3683/Monte_Claro.zip
Monte Claro;153,13999999999453;153,00999999999453;1,7960778421696;25,69934672578;UHE Monte Claro - CAV SNIRH.xlsx;b8f0487a-df73-4f8d-8b22-bb49cf9f3683;https://metadados.snirh.gov.br/files/b8f0487a-df73-4f8d-8b22-bb49cf9f3683/Monte_Claro.zip
Monte Claro;153,14999999999452;153,01999999999452;1,7964451030784;25,717309352347;UHE Monte Claro - CAV SNIRH.xlsx;b8f0487a-df73-4f8d-8b22-bb49cf9f3683;https://metadados.snirh.gov.br/files/b8f0487a-df73-4f8d-8b22-bb49cf9f3683/Monte_Claro.zip
Monte Claro;153,1599999999945;153,02999999999452;1,7968124101038998;25,735276087277;UHE Monte Claro - CAV SNIRH.xlsx;b8f0487a-df73-4f8d-8b22-bb49cf9f3683;https://metadados.snirh.gov.br/files/b8f0487a-df73-4f8d-8b22-bb49cf9f3683/Monte_Claro.zip
Monte Claro;153,1699999999945;153,0399999999945;1,7971796891615;25,753245687878003;UHE Monte Claro - CAV SNIRH.xlsx;b8f0487a-df73-4f8d-8b22-bb49cf9f3683;https://metadados.snirh.gov.br/files/b8f0487a-df73-4f8d-8b22-bb49cf9f3683/Monte_Claro.zip
Monte Claro;153,1799999999945;153,0499999999945;1,7975469619533;25,771219471131;UHE Monte Claro - CAV SNIRH.xlsx;b8f0487a-df73-4f8d-8b22-bb49cf9f3683;https://metadados.snirh.gov.br/files/b8f0487a-df73-4f8d-8b22-bb49cf9f3683/Monte_Claro.zip
Monte Claro;153,18999999999448;153,0599999999945;1,7979141944595;25,789196844994002;UHE Monte Claro - CAV SNIRH.xlsx;b8f0487a-df73-4f8d-8b22-bb49cf9f3683;https://metadados.snirh.gov.br/files/b8f0487a-df73-4f8d-8b22-bb49cf9f3683/Monte_Claro.zip
Monte Claro;153,19999999999447;153,06999999999448;1,7982814587086;25,807176813477;UHE Monte Claro - CAV SNIRH.xlsx;b8f0487a-df73-4f8d-8b22-bb49cf9f3683;https://metadados.snirh.gov.br/files/b8f0487a-df73-4f8d-8b22-bb49cf9f3683/Monte_Claro.zip
Monte Claro;153,20999999999447;153,07999999999447;1,7986487305743;25,825161523821;UHE Monte Claro - CAV SNIRH.xlsx;b8f0487a-df73-4f8d-8b22-bb49cf9f3683;https://metadados.snirh.gov.br/files/b8f0487a-df73-4f8d-8b22-bb49cf9f3683/Monte_Claro.zip
Monte Claro;153,21999999999446;153,08999999999446;1,7990159284912999;25,84314919018;UHE Monte Claro - CAV SNIRH.xlsx;b8f0487a-df73-4f8d-8b22-bb49cf9f3683;https://metadados.snirh.gov.br/files/b8f0487a-df73-4f8d-8b22-bb49cf9f3683/Monte_Claro.zip
Monte Claro;153,22999999999445;153,09999999999445;1,7993830802180002;25,861140388336;UHE Monte Claro - CAV SNIRH.xlsx;b8f0487a-df73-4f8d-8b22-bb49cf9f3683;https://metadados.snirh.gov.br/files/b8f0487a-df73-4f8d-8b22-bb49cf9f3683/Monte_Claro.zip
Monte Claro;153,23999999999444;153,10999999999444;1,7997501723301002;25,879136155759;UHE Monte Claro - CAV SNIRH.xlsx;b8f0487a-df73-4f8d-8b22-bb49cf9f3683;https://metadados.snirh.gov.br/files/b8f0487a-df73-4f8d-8b22-bb49cf9f3683/Monte_Claro.zip
Monte Claro;153,24999999999443;153,11999999999443;1,8001172451472;25,897134967581998;UHE Monte Claro - CAV SNIRH.xlsx;b8f0487a-df73-4f8d-8b22-bb49cf9f3683;https://metadados.snirh.gov.br/files/b8f0487a-df73-4f8d-8b22-bb49cf9f3683/Monte_Claro.zip
Monte Claro;153,25999999999442;153,12999999999442;1,8004843652268;25,915137953591998;UHE Monte Claro - CAV SNIRH.xlsx;b8f0487a-df73-4f8d-8b22-bb49cf9f3683;https://metadados.snirh.gov.br/files/b8f0487a-df73-4f8d-8b22-bb49cf9f3683/Monte_Claro.zip
Monte Claro;153,2699999999944;153,13999999999442;1,8008514733438001;25,933144766539;UHE Monte Claro - CAV SNIRH.xlsx;b8f0487a-df73-4f8d-8b22-bb49cf9f3683;https://metadados.snirh.gov.br/files/b8f0487a-df73-4f8d-8b22-bb49cf9f3683/Monte_Claro.zip
Monte Claro;153,2799999999944;153,1499999999944;1,8012185137916;25,951154980408003;UHE Monte Claro - CAV SNIRH.xlsx;b8f0487a-df73-4f8d-8b22-bb49cf9f3683;https://metadados.snirh.gov.br/files/b8f0487a-df73-4f8d-8b22-bb49cf9f3683/Monte_Claro.zip
Monte Claro;153,2899999999944;153,1599999999944;1,8015856008841;25,969169356124;UHE Monte Claro - CAV SNIRH.xlsx;b8f0487a-df73-4f8d-8b22-bb49cf9f3683;https://metadados.snirh.gov.br/files/b8f0487a-df73-4f8d-8b22-bb49cf9f3683/Monte_Claro.zip
Monte Claro;153,29999999999438;153,1699999999944;1,8019526929976;25,987186473001;UHE Monte Claro - CAV SNIRH.xlsx;b8f0487a-df73-4f8d-8b22-bb49cf9f3683;https://metadados.snirh.gov.br/files/b8f0487a-df73-4f8d-8b22-bb49cf9f3683/Monte_Claro.zip
Monte Claro;153,30999999999437;153,17999999999438;1,8023197824359;26,005207308352002;UHE Monte Claro - CAV SNIRH.xlsx;b8f0487a-df73-4f8d-8b22-bb49cf9f3683;https://metadados.snirh.gov.br/files/b8f0487a-df73-4f8d-8b22-bb49cf9f3683/Monte_Claro.zip
Monte Claro;153,31999999999437;153,18999999999437;1,8026868305209;26,023231252522;UHE Monte Claro - CAV SNIRH.xlsx;b8f0487a-df73-4f8d-8b22-bb49cf9f3683;https://metadados.snirh.gov.br/files/b8f0487a-df73-4f8d-8b22-bb49cf9f3683/Monte_Claro.zip
Monte Claro;153,32999999999436;153,19999999999436;1,8030539647625998;26,041260464676;UHE Monte Claro - CAV SNIRH.xlsx;b8f0487a-df73-4f8d-8b22-bb49cf9f3683;https://metadados.snirh.gov.br/files/b8f0487a-df73-4f8d-8b22-bb49cf9f3683/Monte_Claro.zip
Monte Claro;153,33999999999435;153,20999999999435;1,8034210567886;26,059292482118;UHE Monte Claro - CAV SNIRH.xlsx;b8f0487a-df73-4f8d-8b22-bb49cf9f3683;https://metadados.snirh.gov.br/files/b8f0487a-df73-4f8d-8b22-bb49cf9f3683/Monte_Claro.zip
Monte Claro;153,34999999999434;153,21999999999434;1,8037881112585;26,07732819387;UHE Monte Claro - CAV SNIRH.xlsx;b8f0487a-df73-4f8d-8b22-bb49cf9f3683;https://metadados.snirh.gov.br/files/b8f0487a-df73-4f8d-8b22-bb49cf9f3683/Monte_Claro.zip
Monte Claro;153,35999999999433;153,22999999999433;1,804155119706;26,095367649329;UHE Monte Claro - CAV SNIRH.xlsx;b8f0487a-df73-4f8d-8b22-bb49cf9f3683;https://metadados.snirh.gov.br/files/b8f0487a-df73-4f8d-8b22-bb49cf9f3683/Monte_Claro.zip
Monte Claro;153,36999999999432;153,23999999999432;1,8045220992379;26,113411407245;UHE Monte Claro - CAV SNIRH.xlsx;b8f0487a-df73-4f8d-8b22-bb49cf9f3683;https://metadados.snirh.gov.br/files/b8f0487a-df73-4f8d-8b22-bb49cf9f3683/Monte_Claro.zip
Monte Claro;153,3799999999943;153,24999999999432;1,8048890727901998;26,131458473201;UHE Monte Claro - CAV SNIRH.xlsx;b8f0487a-df73-4f8d-8b22-bb49cf9f3683;https://metadados.snirh.gov.br/files/b8f0487a-df73-4f8d-8b22-bb49cf9f3683/Monte_Claro.zip
Monte Claro;153,3899999999943;153,2599999999943;1,805255989417;26,149509066867;UHE Monte Claro - CAV SNIRH.xlsx;b8f0487a-df73-4f8d-8b22-bb49cf9f3683;https://metadados.snirh.gov.br/files/b8f0487a-df73-4f8d-8b22-bb49cf9f3683/Monte_Claro.zip
Monte Claro;153,3999999999943;153,2699999999943;1,8056228525405;26,167563611517;UHE Monte Claro - CAV SNIRH.xlsx;b8f0487a-df73-4f8d-8b22-bb49cf9f3683;https://metadados.snirh.gov.br/files/b8f0487a-df73-4f8d-8b22-bb49cf9f3683/Monte_Claro.zip
Monte Claro;153,40999999999428;153,2799999999943;1,805989705901;26,185621850933998;UHE Monte Claro - CAV SNIRH.xlsx;b8f0487a-df73-4f8d-8b22-bb49cf9f3683;https://metadados.snirh.gov.br/files/b8f0487a-df73-4f8d-8b22-bb49cf9f3683/Monte_Claro.zip
Monte Claro;153,41999999999427;153,28999999999428;1,8063565992755999;26,203684078984;UHE Monte Claro - CAV SNIRH.xlsx;b8f0487a-df73-4f8d-8b22-bb49cf9f3683;https://metadados.snirh.gov.br/files/b8f0487a-df73-4f8d-8b22-bb49cf9f3683/Monte_Claro.zip
Monte Claro;153,42999999999427;153,29999999999427;1,806723499508;26,221749778438;UHE Monte Claro - CAV SNIRH.xlsx;b8f0487a-df73-4f8d-8b22-bb49cf9f3683;https://metadados.snirh.gov.br/files/b8f0487a-df73-4f8d-8b22-bb49cf9f3683/Monte_Claro.zip
Monte Claro;153,43999999999426;153,30999999999426;1,8070903980387;26,23981935654;UHE Monte Claro - CAV SNIRH.xlsx;b8f0487a-df73-4f8d-8b22-bb49cf9f3683;https://metadados.snirh.gov.br/files/b8f0487a-df73-4f8d-8b22-bb49cf9f3683/Monte_Claro.zip
Monte Claro;153,44999999999425;153,31999999999425;1,8074573037694002;26,257892134962997;UHE Monte Claro - CAV SNIRH.xlsx;b8f0487a-df73-4f8d-8b22-bb49cf9f3683;https://metadados.snirh.gov.br/files/b8f0487a-df73-4f8d-8b22-bb49cf9f3683/Monte_Claro.zip
Monte Claro;153,45999999999424;153,32999999999424;1,8078242108211;26,275968995882998;UHE Monte Claro - CAV SNIRH.xlsx;b8f0487a-df73-4f8d-8b22-bb49cf9f3683;https://metadados.snirh.gov.br/files/b8f0487a-df73-4f8d-8b22-bb49cf9f3683/Monte_Claro.zip
Monte Claro;153,46999999999423;153,33999999999423;1,8081910887316;26,294050204330002;UHE Monte Claro - CAV SNIRH.xlsx;b8f0487a-df73-4f8d-8b22-bb49cf9f3683;https://metadados.snirh.gov.br/files/b8f0487a-df73-4f8d-8b22-bb49cf9f3683/Monte_Claro.zip
Monte Claro;153,47999999999422;153,34999999999422;1,8085579429288;26,312133792243;UHE Monte Claro - CAV SNIRH.xlsx;b8f0487a-df73-4f8d-8b22-bb49cf9f3683;https://metadados.snirh.gov.br/files/b8f0487a-df73-4f8d-8b22-bb49cf9f3683/Monte_Claro.zip
Monte Claro;153,4899999999942;153,35999999999422;1,8089247259906;26,330221151181;UHE Monte Claro - CAV SNIRH.xlsx;b8f0487a-df73-4f8d-8b22-bb49cf9f3683;https://metadados.snirh.gov.br/files/b8f0487a-df73-4f8d-8b22-bb49cf9f3683/Monte_Claro.zip
Monte Claro;153,4999999999942;153,3699999999942;1,8092915247982;26,348312151337;UHE Monte Claro - CAV SNIRH.xlsx;b8f0487a-df73-4f8d-8b22-bb49cf9f3683;https://metadados.snirh.gov.br/files/b8f0487a-df73-4f8d-8b22-bb49cf9f3683/Monte_Claro.zip
Monte Claro;153,5099999999942;153,3799999999942;1,8096583582774999;26,366406905848;UHE Monte Claro - CAV SNIRH.xlsx;b8f0487a-df73-4f8d-8b22-bb49cf9f3683;https://metadados.snirh.gov.br/files/b8f0487a-df73-4f8d-8b22-bb49cf9f3683/Monte_Claro.zip
Monte Claro;153,51999999999418;153,3899999999942;1,8100252161863;26,384504499132998;UHE Monte Claro - CAV SNIRH.xlsx;b8f0487a-df73-4f8d-8b22-bb49cf9f3683;https://metadados.snirh.gov.br/files/b8f0487a-df73-4f8d-8b22-bb49cf9f3683/Monte_Claro.zip
Monte Claro;153,52999999999417;153,39999999999418;1,8103920887309999;26,402606663465;UHE Monte Claro - CAV SNIRH.xlsx;b8f0487a-df73-4f8d-8b22-bb49cf9f3683;https://metadados.snirh.gov.br/files/b8f0487a-df73-4f8d-8b22-bb49cf9f3683/Monte_Claro.zip
Monte Claro;153,53999999999417;153,40999999999417;1,8107589517113;26,420712032814;UHE Monte Claro - CAV SNIRH.xlsx;b8f0487a-df73-4f8d-8b22-bb49cf9f3683;https://metadados.snirh.gov.br/files/b8f0487a-df73-4f8d-8b22-bb49cf9f3683/Monte_Claro.zip
Monte Claro;153,54999999999416;153,41999999999416;1,8111257615932;26,438822471787;UHE Monte Claro - CAV SNIRH.xlsx;b8f0487a-df73-4f8d-8b22-bb49cf9f3683;https://metadados.snirh.gov.br/files/b8f0487a-df73-4f8d-8b22-bb49cf9f3683/Monte_Claro.zip
Monte Claro;153,55999999999415;153,42999999999415;1,8114925410972;26,456935352277;UHE Monte Claro - CAV SNIRH.xlsx;b8f0487a-df73-4f8d-8b22-bb49cf9f3683;https://metadados.snirh.gov.br/files/b8f0487a-df73-4f8d-8b22-bb49cf9f3683/Monte_Claro.zip
Monte Claro;153,56999999999414;153,43999999999414;1,8118592469829;26,47505235754;UHE Monte Claro - CAV SNIRH.xlsx;b8f0487a-df73-4f8d-8b22-bb49cf9f3683;https://metadados.snirh.gov.br/files/b8f0487a-df73-4f8d-8b22-bb49cf9f3683/Monte_Claro.zip
Monte Claro;153,57999999999413;153,44999999999413;1,8122258699889;26,493172667553;UHE Monte Claro - CAV SNIRH.xlsx;b8f0487a-df73-4f8d-8b22-bb49cf9f3683;https://metadados.snirh.gov.br/files/b8f0487a-df73-4f8d-8b22-bb49cf9f3683/Monte_Claro.zip
Monte Claro;153,58999999999412;153,45999999999412;1,8125924910385;26,511295901310998;UHE Monte Claro - CAV SNIRH.xlsx;b8f0487a-df73-4f8d-8b22-bb49cf9f3683;https://metadados.snirh.gov.br/files/b8f0487a-df73-4f8d-8b22-bb49cf9f3683/Monte_Claro.zip
Monte Claro;153,5999999999941;153,46999999999412;1,812959158237;26,529423108885002;UHE Monte Claro - CAV SNIRH.xlsx;b8f0487a-df73-4f8d-8b22-bb49cf9f3683;https://metadados.snirh.gov.br/files/b8f0487a-df73-4f8d-8b22-bb49cf9f3683/Monte_Claro.zip
Monte Claro;153,6099999999941;153,4799999999941;1,8133258771634;26,547554439798002;UHE Monte Claro - CAV SNIRH.xlsx;b8f0487a-df73-4f8d-8b22-bb49cf9f3683;https://metadados.snirh.gov.br/files/b8f0487a-df73-4f8d-8b22-bb49cf9f3683/Monte_Claro.zip
Monte Claro;153,6199999999941;153,4899999999941;1,8136926315186;26,565689826642;UHE Monte Claro - CAV SNIRH.xlsx;b8f0487a-df73-4f8d-8b22-bb49cf9f3683;https://metadados.snirh.gov.br/files/b8f0487a-df73-4f8d-8b22-bb49cf9f3683/Monte_Claro.zip
Monte Claro;153,62999999999408;153,4999999999941;1,8140594064388;26,583829317067;UHE Monte Claro - CAV SNIRH.xlsx;b8f0487a-df73-4f8d-8b22-bb49cf9f3683;https://metadados.snirh.gov.br/files/b8f0487a-df73-4f8d-8b22-bb49cf9f3683/Monte_Claro.zip
Monte Claro;153,63999999999407;153,50999999999408;1,8144261766523;26,601971793775;UHE Monte Claro - CAV SNIRH.xlsx;b8f0487a-df73-4f8d-8b22-bb49cf9f3683;https://metadados.snirh.gov.br/files/b8f0487a-df73-4f8d-8b22-bb49cf9f3683/Monte_Claro.zip
Monte Claro;153,64999999999407;153,51999999999407;1,8147929226976;26,620117798444;UHE Monte Claro - CAV SNIRH.xlsx;b8f0487a-df73-4f8d-8b22-bb49cf9f3683;https://metadados.snirh.gov.br/files/b8f0487a-df73-4f8d-8b22-bb49cf9f3683/Monte_Claro.zip
Monte Claro;153,65999999999406;153,52999999999406;1,8151596926654;26,63826774689;UHE Monte Claro - CAV SNIRH.xlsx;b8f0487a-df73-4f8d-8b22-bb49cf9f3683;https://metadados.snirh.gov.br/files/b8f0487a-df73-4f8d-8b22-bb49cf9f3683/Monte_Claro.zip
Monte Claro;153,66999999999405;153,53999999999405;1,8155264994349;26,656421420079997;UHE Monte Claro - CAV SNIRH.xlsx;b8f0487a-df73-4f8d-8b22-bb49cf9f3683;https://metadados.snirh.gov.br/files/b8f0487a-df73-4f8d-8b22-bb49cf9f3683/Monte_Claro.zip
Monte Claro;153,67999999999404;153,54999999999404;1,8158933906449999;26,674578065103;UHE Monte Claro - CAV SNIRH.xlsx;b8f0487a-df73-4f8d-8b22-bb49cf9f3683;https://metadados.snirh.gov.br/files/b8f0487a-df73-4f8d-8b22-bb49cf9f3683/Monte_Claro.zip
Monte Claro;153,68999999999403;153,55999999999403;1,8162604084093998;26,69273804842;UHE Monte Claro - CAV SNIRH.xlsx;b8f0487a-df73-4f8d-8b22-bb49cf9f3683;https://metadados.snirh.gov.br/files/b8f0487a-df73-4f8d-8b22-bb49cf9f3683/Monte_Claro.zip
Monte Claro;153,69999999999402;153,56999999999402;1,8166274520791998;26,710903166517998;UHE Monte Claro - CAV SNIRH.xlsx;b8f0487a-df73-4f8d-8b22-bb49cf9f3683;https://metadados.snirh.gov.br/files/b8f0487a-df73-4f8d-8b22-bb49cf9f3683/Monte_Claro.zip
Monte Claro;153,709999999994;153,57999999999402;1,8169944617021998;26,729070896531002;UHE Monte Claro - CAV SNIRH.xlsx;b8f0487a-df73-4f8d-8b22-bb49cf9f3683;https://metadados.snirh.gov.br/files/b8f0487a-df73-4f8d-8b22-bb49cf9f3683/Monte_Claro.zip
Monte Claro;153,719999999994;153,589999999994;1,817361369926;26,747242791372003;UHE Monte Claro - CAV SNIRH.xlsx;b8f0487a-df73-4f8d-8b22-bb49cf9f3683;https://metadados.snirh.gov.br/files/b8f0487a-df73-4f8d-8b22-bb49cf9f3683/Monte_Claro.zip
Monte Claro;153,729999999994;153,599999999994;1,8177283006912;26,765418893236;UHE Monte Claro - CAV SNIRH.xlsx;b8f0487a-df73-4f8d-8b22-bb49cf9f3683;https://metadados.snirh.gov.br/files/b8f0487a-df73-4f8d-8b22-bb49cf9f3683/Monte_Claro.zip
Monte Claro;153,73999999999398;153,609999999994;1,8180952142082;26,783598781753;UHE Monte Claro - CAV SNIRH.xlsx;b8f0487a-df73-4f8d-8b22-bb49cf9f3683;https://metadados.snirh.gov.br/files/b8f0487a-df73-4f8d-8b22-bb49cf9f3683/Monte_Claro.zip
Monte Claro;153,74999999999397;153,61999999999398;1,8184621330033999;26,801782435674998;UHE Monte Claro - CAV SNIRH.xlsx;b8f0487a-df73-4f8d-8b22-bb49cf9f3683;https://metadados.snirh.gov.br/files/b8f0487a-df73-4f8d-8b22-bb49cf9f3683/Monte_Claro.zip
Monte Claro;153,75999999999397;153,62999999999397;1,8188290989226001;26,81996916816;UHE Monte Claro - CAV SNIRH.xlsx;b8f0487a-df73-4f8d-8b22-bb49cf9f3683;https://metadados.snirh.gov.br/files/b8f0487a-df73-4f8d-8b22-bb49cf9f3683/Monte_Claro.zip
Monte Claro;153,76999999999396;153,63999999999396;1,8191961103437;26,838159376876998;UHE Monte Claro - CAV SNIRH.xlsx;b8f0487a-df73-4f8d-8b22-bb49cf9f3683;https://metadados.snirh.gov.br/files/b8f0487a-df73-4f8d-8b22-bb49cf9f3683/Monte_Claro.zip
Monte Claro;153,77999999999395;153,64999999999395;1,8195631821155;26,856353211927;UHE Monte Claro - CAV SNIRH.xlsx;b8f0487a-df73-4f8d-8b22-bb49cf9f3683;https://metadados.snirh.gov.br/files/b8f0487a-df73-4f8d-8b22-bb49cf9f3683/Monte_Claro.zip
Monte Claro;153,78999999999394;153,65999999999394;1,8199302662899999;26,874549935538003;UHE Monte Claro - CAV SNIRH.xlsx;b8f0487a-df73-4f8d-8b22-bb49cf9f3683;https://metadados.snirh.gov.br/files/b8f0487a-df73-4f8d-8b22-bb49cf9f3683/Monte_Claro.zip
Monte Claro;153,79999999999393;153,66999999999393;1,8202974253607;26,892750171768;UHE Monte Claro - CAV SNIRH.xlsx;b8f0487a-df73-4f8d-8b22-bb49cf9f3683;https://metadados.snirh.gov.br/files/b8f0487a-df73-4f8d-8b22-bb49cf9f3683/Monte_Claro.zip
Monte Claro;153,80999999999392;153,67999999999392;1,8206645948129;26,910954397682;UHE Monte Claro - CAV SNIRH.xlsx;b8f0487a-df73-4f8d-8b22-bb49cf9f3683;https://metadados.snirh.gov.br/files/b8f0487a-df73-4f8d-8b22-bb49cf9f3683/Monte_Claro.zip
Monte Claro;153,8199999999939;153,68999999999392;1,8210317561786;26,92916412101;UHE Monte Claro - CAV SNIRH.xlsx;b8f0487a-df73-4f8d-8b22-bb49cf9f3683;https://metadados.snirh.gov.br/files/b8f0487a-df73-4f8d-8b22-bb49cf9f3683/Monte_Claro.zip
Monte Claro;153,8299999999939;153,6999999999939;1,8213989314961;26,947375675988997;UHE Monte Claro - CAV SNIRH.xlsx;b8f0487a-df73-4f8d-8b22-bb49cf9f3683;https://metadados.snirh.gov.br/files/b8f0487a-df73-4f8d-8b22-bb49cf9f3683/Monte_Claro.zip
Monte Claro;153,8399999999939;153,7099999999939;1,8217661687181999;26,965591251936;UHE Monte Claro - CAV SNIRH.xlsx;b8f0487a-df73-4f8d-8b22-bb49cf9f3683;https://metadados.snirh.gov.br/files/b8f0487a-df73-4f8d-8b22-bb49cf9f3683/Monte_Claro.zip
Monte Claro;153,84999999999388;153,7199999999939;1,8221333901452998;26,983810233823;UHE Monte Claro - CAV SNIRH.xlsx;b8f0487a-df73-4f8d-8b22-bb49cf9f3683;https://metadados.snirh.gov.br/files/b8f0487a-df73-4f8d-8b22-bb49cf9f3683/Monte_Claro.zip
Monte Claro;153,85999999999387;153,72999999999388;1,8225005690748999;27,002032667098;UHE Monte Claro - CAV SNIRH.xlsx;b8f0487a-df73-4f8d-8b22-bb49cf9f3683;https://metadados.snirh.gov.br/files/b8f0487a-df73-4f8d-8b22-bb49cf9f3683/Monte_Claro.zip
Monte Claro;153,86999999999387;153,73999999999387;1,8228677443005;27,02025959989;UHE Monte Claro - CAV SNIRH.xlsx;b8f0487a-df73-4f8d-8b22-bb49cf9f3683;https://metadados.snirh.gov.br/files/b8f0487a-df73-4f8d-8b22-bb49cf9f3683/Monte_Claro.zip
Monte Claro;153,87999999999386;153,74999999999386;1,8232349358433;27,038490089532;UHE Monte Claro - CAV SNIRH.xlsx;b8f0487a-df73-4f8d-8b22-bb49cf9f3683;https://metadados.snirh.gov.br/files/b8f0487a-df73-4f8d-8b22-bb49cf9f3683/Monte_Claro.zip
Monte Claro;153,88999999999385;153,75999999999385;1,8236022025776;27,056724622182;UHE Monte Claro - CAV SNIRH.xlsx;b8f0487a-df73-4f8d-8b22-bb49cf9f3683;https://metadados.snirh.gov.br/files/b8f0487a-df73-4f8d-8b22-bb49cf9f3683/Monte_Claro.zip
Monte Claro;153,89999999999384;153,76999999999384;1,8239695541677998;27,074962140767997;UHE Monte Claro - CAV SNIRH.xlsx;b8f0487a-df73-4f8d-8b22-bb49cf9f3683;https://metadados.snirh.gov.br/files/b8f0487a-df73-4f8d-8b22-bb49cf9f3683/Monte_Claro.zip
Monte Claro;153,90999999999383;153,77999999999383;1,8243370294516001;27,093204176729;UHE Monte Claro - CAV SNIRH.xlsx;b8f0487a-df73-4f8d-8b22-bb49cf9f3683;https://metadados.snirh.gov.br/files/b8f0487a-df73-4f8d-8b22-bb49cf9f3683/Monte_Claro.zip
Monte Claro;153,91999999999382;153,78999999999382;1,8247046576535;27,111448785165997;UHE Monte Claro - CAV SNIRH.xlsx;b8f0487a-df73-4f8d-8b22-bb49cf9f3683;https://metadados.snirh.gov.br/files/b8f0487a-df73-4f8d-8b22-bb49cf9f3683/Monte_Claro.zip
Monte Claro;153,9299999999938;153,79999999999382;1,8250723468759;27,129697651584;UHE Monte Claro - CAV SNIRH.xlsx;b8f0487a-df73-4f8d-8b22-bb49cf9f3683;https://metadados.snirh.gov.br/files/b8f0487a-df73-4f8d-8b22-bb49cf9f3683/Monte_Claro.zip
Monte Claro;153,9399999999938;153,8099999999938;1,8254401247957;27,147950245674;UHE Monte Claro - CAV SNIRH.xlsx;b8f0487a-df73-4f8d-8b22-bb49cf9f3683;https://metadados.snirh.gov.br/files/b8f0487a-df73-4f8d-8b22-bb49cf9f3683/Monte_Claro.zip
Monte Claro;153,9499999999938;153,8199999999938;1,8258079863235999;27,166207187594;UHE Monte Claro - CAV SNIRH.xlsx;b8f0487a-df73-4f8d-8b22-bb49cf9f3683;https://metadados.snirh.gov.br/files/b8f0487a-df73-4f8d-8b22-bb49cf9f3683/Monte_Claro.zip
Monte Claro;153,95999999999378;153,8299999999938;1,8261758993627;27,184467344251;UHE Monte Claro - CAV SNIRH.xlsx;b8f0487a-df73-4f8d-8b22-bb49cf9f3683;https://metadados.snirh.gov.br/files/b8f0487a-df73-4f8d-8b22-bb49cf9f3683/Monte_Claro.zip
Monte Claro;153,96999999999377;153,83999999999378;1,8265438708734;27,202730715101;UHE Monte Claro - CAV SNIRH.xlsx;b8f0487a-df73-4f8d-8b22-bb49cf9f3683;https://metadados.snirh.gov.br/files/b8f0487a-df73-4f8d-8b22-bb49cf9f3683/Monte_Claro.zip
Monte Claro;153,97999999999377;153,84999999999377;1,8269119513087;27,220996964607;UHE Monte Claro - CAV SNIRH.xlsx;b8f0487a-df73-4f8d-8b22-bb49cf9f3683;https://metadados.snirh.gov.br/files/b8f0487a-df73-4f8d-8b22-bb49cf9f3683/Monte_Claro.zip
Monte Claro;153,98999999999376;153,85999999999376;1,8272800891714;27,239269107818;UHE Monte Claro - CAV SNIRH.xlsx;b8f0487a-df73-4f8d-8b22-bb49cf9f3683;https://metadados.snirh.gov.br/files/b8f0487a-df73-4f8d-8b22-bb49cf9f3683/Monte_Claro.zip
Monte Claro;153,99999999999375;153,86999999999375;1,8276482345990002;27,257542636413;UHE Monte Claro - CAV SNIRH.xlsx;b8f0487a-df73-4f8d-8b22-bb49cf9f3683;https://metadados.snirh.gov.br/files/b8f0487a-df73-4f8d-8b22-bb49cf9f3683/Monte_Claro.zip
Monte Claro;154,00999999999374;153,87999999999374;1,8280164701447;27,275821083217;UHE Monte Claro - CAV SNIRH.xlsx;b8f0487a-df73-4f8d-8b22-bb49cf9f3683;https://metadados.snirh.gov.br/files/b8f0487a-df73-4f8d-8b22-bb49cf9f3683/Monte_Claro.zip
Monte Claro;154,01999999999373;153,88999999999373;1,8283848120734998;27,294103394359997;UHE Monte Claro - CAV SNIRH.xlsx;b8f0487a-df73-4f8d-8b22-bb49cf9f3683;https://metadados.snirh.gov.br/files/b8f0487a-df73-4f8d-8b22-bb49cf9f3683/Monte_Claro.zip
Monte Claro;154,02999999999372;153,89999999999372;1,8287532554793;27,312388904725;UHE Monte Claro - CAV SNIRH.xlsx;b8f0487a-df73-4f8d-8b22-bb49cf9f3683;https://metadados.snirh.gov.br/files/b8f0487a-df73-4f8d-8b22-bb49cf9f3683/Monte_Claro.zip
Monte Claro;154,0399999999937;153,90999999999372;1,8291217710760002;27,330678739251;UHE Monte Claro - CAV SNIRH.xlsx;b8f0487a-df73-4f8d-8b22-bb49cf9f3683;https://metadados.snirh.gov.br/files/b8f0487a-df73-4f8d-8b22-bb49cf9f3683/Monte_Claro.zip
Monte Claro;154,0499999999937;153,9199999999937;1,8294903661225999;27,348972329174;UHE Monte Claro - CAV SNIRH.xlsx;b8f0487a-df73-4f8d-8b22-bb49cf9f3683;https://metadados.snirh.gov.br/files/b8f0487a-df73-4f8d-8b22-bb49cf9f3683/Monte_Claro.zip
Monte Claro;154,0599999999937;153,9299999999937;1,829859116053;27,367269105917;UHE Monte Claro - CAV SNIRH.xlsx;b8f0487a-df73-4f8d-8b22-bb49cf9f3683;https://metadados.snirh.gov.br/files/b8f0487a-df73-4f8d-8b22-bb49cf9f3683/Monte_Claro.zip
Monte Claro;154,06999999999368;153,9399999999937;1,8302279924087002;27,385569425148;UHE Monte Claro - CAV SNIRH.xlsx;b8f0487a-df73-4f8d-8b22-bb49cf9f3683;https://metadados.snirh.gov.br/files/b8f0487a-df73-4f8d-8b22-bb49cf9f3683/Monte_Claro.zip
Monte Claro;154,07999999999367;153,94999999999368;1,8305969925122;27,403873770517;UHE Monte Claro - CAV SNIRH.xlsx;b8f0487a-df73-4f8d-8b22-bb49cf9f3683;https://metadados.snirh.gov.br/files/b8f0487a-df73-4f8d-8b22-bb49cf9f3683/Monte_Claro.zip
Monte Claro;154,08999999999367;153,95999999999367;1,8309661938936;27,422181151868998;UHE Monte Claro - CAV SNIRH.xlsx;b8f0487a-df73-4f8d-8b22-bb49cf9f3683;https://metadados.snirh.gov.br/files/b8f0487a-df73-4f8d-8b22-bb49cf9f3683/Monte_Claro.zip
Monte Claro;154,09999999999366;153,96999999999366;1,8313356151178;27,440492440868002;UHE Monte Claro - CAV SNIRH.xlsx;b8f0487a-df73-4f8d-8b22-bb49cf9f3683;https://metadados.snirh.gov.br/files/b8f0487a-df73-4f8d-8b22-bb49cf9f3683/Monte_Claro.zip
Monte Claro;154,10999999999365;153,97999999999365;1,8317051393033001;27,458807316065;UHE Monte Claro - CAV SNIRH.xlsx;b8f0487a-df73-4f8d-8b22-bb49cf9f3683;https://metadados.snirh.gov.br/files/b8f0487a-df73-4f8d-8b22-bb49cf9f3683/Monte_Claro.zip
Monte Claro;154,11999999999364;153,98999999999364;1,8320747347854;27,477126592542998;UHE Monte Claro - CAV SNIRH.xlsx;b8f0487a-df73-4f8d-8b22-bb49cf9f3683;https://metadados.snirh.gov.br/files/b8f0487a-df73-4f8d-8b22-bb49cf9f3683/Monte_Claro.zip
Monte Claro;154,12999999999363;153,99999999999363;1,8324443371776;27,495450291194;UHE Monte Claro - CAV SNIRH.xlsx;b8f0487a-df73-4f8d-8b22-bb49cf9f3683;https://metadados.snirh.gov.br/files/b8f0487a-df73-4f8d-8b22-bb49cf9f3683/Monte_Claro.zip
Monte Claro;154,13999999999362;154,00999999999362;1,832814185858;27,513776606807;UHE Monte Claro - CAV SNIRH.xlsx;b8f0487a-df73-4f8d-8b22-bb49cf9f3683;https://metadados.snirh.gov.br/files/b8f0487a-df73-4f8d-8b22-bb49cf9f3683/Monte_Claro.zip
Monte Claro;154,1499999999936;154,01999999999362;1,8331842427360001;27,532106480196;UHE Monte Claro - CAV SNIRH.xlsx;b8f0487a-df73-4f8d-8b22-bb49cf9f3683;https://metadados.snirh.gov.br/files/b8f0487a-df73-4f8d-8b22-bb49cf9f3683/Monte_Claro.zip
Monte Claro;154,1599999999936;154,0299999999936;1,8335544697197002;27,550440348827998;UHE Monte Claro - CAV SNIRH.xlsx;b8f0487a-df73-4f8d-8b22-bb49cf9f3683;https://metadados.snirh.gov.br/files/b8f0487a-df73-4f8d-8b22-bb49cf9f3683/Monte_Claro.zip
Monte Claro;154,1699999999936;154,0399999999936;1,8339248526425;27,568777772136;UHE Monte Claro - CAV SNIRH.xlsx;b8f0487a-df73-4f8d-8b22-bb49cf9f3683;https://metadados.snirh.gov.br/files/b8f0487a-df73-4f8d-8b22-bb49cf9f3683/Monte_Claro.zip
Monte Claro;154,17999999999358;154,0499999999936;1,834295446171;27,587118434778002;UHE Monte Claro - CAV SNIRH.xlsx;b8f0487a-df73-4f8d-8b22-bb49cf9f3683;https://metadados.snirh.gov.br/files/b8f0487a-df73-4f8d-8b22-bb49cf9f3683/Monte_Claro.zip
Monte Claro;154,18999999999357;154,05999999999358;1,8346662409031;27,605463183132997;UHE Monte Claro - CAV SNIRH.xlsx;b8f0487a-df73-4f8d-8b22-bb49cf9f3683;https://metadados.snirh.gov.br/files/b8f0487a-df73-4f8d-8b22-bb49cf9f3683/Monte_Claro.zip
Monte Claro;154,19999999999357;154,06999999999357;1,8350371855262002;27,623811754902;UHE Monte Claro - CAV SNIRH.xlsx;b8f0487a-df73-4f8d-8b22-bb49cf9f3683;https://metadados.snirh.gov.br/files/b8f0487a-df73-4f8d-8b22-bb49cf9f3683/Monte_Claro.zip
Monte Claro;154,20999999999356;154,07999999999356;1,8354082512842;27,642163626881;UHE Monte Claro - CAV SNIRH.xlsx;b8f0487a-df73-4f8d-8b22-bb49cf9f3683;https://metadados.snirh.gov.br/files/b8f0487a-df73-4f8d-8b22-bb49cf9f3683/Monte_Claro.zip
Monte Claro;154,21999999999355;154,08999999999355;1,8357797510212999;27,660520599017;UHE Monte Claro - CAV SNIRH.xlsx;b8f0487a-df73-4f8d-8b22-bb49cf9f3683;https://metadados.snirh.gov.br/files/b8f0487a-df73-4f8d-8b22-bb49cf9f3683/Monte_Claro.zip
Monte Claro;154,22999999999354;154,09999999999354;1,8361516196192;27,678880004333998;UHE Monte Claro - CAV SNIRH.xlsx;b8f0487a-df73-4f8d-8b22-bb49cf9f3683;https://metadados.snirh.gov.br/files/b8f0487a-df73-4f8d-8b22-bb49cf9f3683/Monte_Claro.zip
Monte Claro;154,23999999999353;154,10999999999353;1,8365237730621;27,697243362098;UHE Monte Claro - CAV SNIRH.xlsx;b8f0487a-df73-4f8d-8b22-bb49cf9f3683;https://metadados.snirh.gov.br/files/b8f0487a-df73-4f8d-8b22-bb49cf9f3683/Monte_Claro.zip
Monte Claro;154,24999999999352;154,11999999999352;1,8368961072903;27,715611030252;UHE Monte Claro - CAV SNIRH.xlsx;b8f0487a-df73-4f8d-8b22-bb49cf9f3683;https://metadados.snirh.gov.br/files/b8f0487a-df73-4f8d-8b22-bb49cf9f3683/Monte_Claro.zip
Monte Claro;154,2599999999935;154,12999999999352;1,8372686572431;27,733981538393;UHE Monte Claro - CAV SNIRH.xlsx;b8f0487a-df73-4f8d-8b22-bb49cf9f3683;https://metadados.snirh.gov.br/files/b8f0487a-df73-4f8d-8b22-bb49cf9f3683/Monte_Claro.zip
Monte Claro;154,2699999999935;154,1399999999935;1,8376414128159;27,75235583767;UHE Monte Claro - CAV SNIRH.xlsx;b8f0487a-df73-4f8d-8b22-bb49cf9f3683;https://metadados.snirh.gov.br/files/b8f0487a-df73-4f8d-8b22-bb49cf9f3683/Monte_Claro.zip
Monte Claro;154,2799999999935;154,1499999999935;1,8380144700131;27,770734251508003;UHE Monte Claro - CAV SNIRH.xlsx;b8f0487a-df73-4f8d-8b22-bb49cf9f3683;https://metadados.snirh.gov.br/files/b8f0487a-df73-4f8d-8b22-bb49cf9f3683/Monte_Claro.zip
Monte Claro;154,28999999999348;154,1599999999935;1,8383882874509;27,789116301511;UHE Monte Claro - CAV SNIRH.xlsx;b8f0487a-df73-4f8d-8b22-bb49cf9f3683;https://metadados.snirh.gov.br/files/b8f0487a-df73-4f8d-8b22-bb49cf9f3683/Monte_Claro.zip
Monte Claro;154,29999999999347;154,16999999999348;1,8387627462108;27,807501274438998;UHE Monte Claro - CAV SNIRH.xlsx;b8f0487a-df73-4f8d-8b22-bb49cf9f3683;https://metadados.snirh.gov.br/files/b8f0487a-df73-4f8d-8b22-bb49cf9f3683/Monte_Claro.zip
Monte Claro;154,30999999999347;154,17999999999347;1,8391376733131;27,825890041148;UHE Monte Claro - CAV SNIRH.xlsx;b8f0487a-df73-4f8d-8b22-bb49cf9f3683;https://metadados.snirh.gov.br/files/b8f0487a-df73-4f8d-8b22-bb49cf9f3683/Monte_Claro.zip
Monte Claro;154,31999999999346;154,18999999999346;1,8395130800249;27,844282310261;UHE Monte Claro - CAV SNIRH.xlsx;b8f0487a-df73-4f8d-8b22-bb49cf9f3683;https://metadados.snirh.gov.br/files/b8f0487a-df73-4f8d-8b22-bb49cf9f3683/Monte_Claro.zip
Monte Claro;154,32999999999345;154,19999999999345;1,8398888818006;27,862679214830997;UHE Monte Claro - CAV SNIRH.xlsx;b8f0487a-df73-4f8d-8b22-bb49cf9f3683;https://metadados.snirh.gov.br/files/b8f0487a-df73-4f8d-8b22-bb49cf9f3683/Monte_Claro.zip
Monte Claro;154,33999999999344;154,20999999999344;1,8402650921935;27,881079796102;UHE Monte Claro - CAV SNIRH.xlsx;b8f0487a-df73-4f8d-8b22-bb49cf9f3683;https://metadados.snirh.gov.br/files/b8f0487a-df73-4f8d-8b22-bb49cf9f3683/Monte_Claro.zip
Monte Claro;154,34999999999343;154,21999999999343;1,8406423870055;27,899484038287;UHE Monte Claro - CAV SNIRH.xlsx;b8f0487a-df73-4f8d-8b22-bb49cf9f3683;https://metadados.snirh.gov.br/files/b8f0487a-df73-4f8d-8b22-bb49cf9f3683/Monte_Claro.zip
Monte Claro;154,35999999999342;154,22999999999342;1,8410210681199999;27,917892435193;UHE Monte Claro - CAV SNIRH.xlsx;b8f0487a-df73-4f8d-8b22-bb49cf9f3683;https://metadados.snirh.gov.br/files/b8f0487a-df73-4f8d-8b22-bb49cf9f3683/Monte_Claro.zip
Monte Claro;154,3699999999934;154,23999999999342;1,8414005863904999;27,936305198537;UHE Monte Claro - CAV SNIRH.xlsx;b8f0487a-df73-4f8d-8b22-bb49cf9f3683;https://metadados.snirh.gov.br/files/b8f0487a-df73-4f8d-8b22-bb49cf9f3683/Monte_Claro.zip
Monte Claro;154,3799999999934;154,2499999999934;1,8417807373548;27,954721592096;UHE Monte Claro - CAV SNIRH.xlsx;b8f0487a-df73-4f8d-8b22-bb49cf9f3683;https://metadados.snirh.gov.br/files/b8f0487a-df73-4f8d-8b22-bb49cf9f3683/Monte_Claro.zip
Monte Claro;154,3899999999934;154,2599999999934;1,8421625268888;27,973142241319;UHE Monte Claro - CAV SNIRH.xlsx;b8f0487a-df73-4f8d-8b22-bb49cf9f3683;https://metadados.snirh.gov.br/files/b8f0487a-df73-4f8d-8b22-bb49cf9f3683/Monte_Claro.zip
Monte Claro;154,39999999999338;154,2699999999934;1,8425471918599001;27,991564708347;UHE Monte Claro - CAV SNIRH.xlsx;b8f0487a-df73-4f8d-8b22-bb49cf9f3683;https://metadados.snirh.gov.br/files/b8f0487a-df73-4f8d-8b22-bb49cf9f3683/Monte_Claro.zip
Monte Claro;154,40999999999337;154,27999999999338;1,842935090396;28,009992516375;UHE Monte Claro - CAV SNIRH.xlsx;b8f0487a-df73-4f8d-8b22-bb49cf9f3683;https://metadados.snirh.gov.br/files/b8f0487a-df73-4f8d-8b22-bb49cf9f3683/Monte_Claro.zip
Monte Claro;154,41999999999337;154,28999999999337;1,8433325091502;28,028423952615;UHE Monte Claro - CAV SNIRH.xlsx;b8f0487a-df73-4f8d-8b22-bb49cf9f3683;https://metadados.snirh.gov.br/files/b8f0487a-df73-4f8d-8b22-bb49cf9f3683/Monte_Claro.zip
Monte Claro;154,42999999999336;154,29999999999336;1,8437280084566;28,046861105185;UHE Monte Claro - CAV SNIRH.xlsx;b8f0487a-df73-4f8d-8b22-bb49cf9f3683;https://metadados.snirh.gov.br/files/b8f0487a-df73-4f8d-8b22-bb49cf9f3683/Monte_Claro.zip
Monte Claro;154,43999999999335;154,30999999999335;1,8441150088336;28,065300388372002;UHE Monte Claro - CAV SNIRH.xlsx;b8f0487a-df73-4f8d-8b22-bb49cf9f3683;https://metadados.snirh.gov.br/files/b8f0487a-df73-4f8d-8b22-bb49cf9f3683/Monte_Claro.zip
Monte Claro;154,44999999999334;154,31999999999334;1,844499342812;28,0837430412;UHE Monte Claro - CAV SNIRH.xlsx;b8f0487a-df73-4f8d-8b22-bb49cf9f3683;https://metadados.snirh.gov.br/files/b8f0487a-df73-4f8d-8b22-bb49cf9f3683/Monte_Claro.zip
Monte Claro;154,45999999999333;154,32999999999333;1,8448811334623;28,102189789142002;UHE Monte Claro - CAV SNIRH.xlsx;b8f0487a-df73-4f8d-8b22-bb49cf9f3683;https://metadados.snirh.gov.br/files/b8f0487a-df73-4f8d-8b22-bb49cf9f3683/Monte_Claro.zip
Monte Claro;154,46999999999332;154,33999999999332;1,8452612870857001;28,120640734943;UHE Monte Claro - CAV SNIRH.xlsx;b8f0487a-df73-4f8d-8b22-bb49cf9f3683;https://metadados.snirh.gov.br/files/b8f0487a-df73-4f8d-8b22-bb49cf9f3683/Monte_Claro.zip
Monte Claro;154,4799999999933;154,34999999999332;1,8456405206379;28,13909577744;UHE Monte Claro - CAV SNIRH.xlsx;b8f0487a-df73-4f8d-8b22-bb49cf9f3683;https://metadados.snirh.gov.br/files/b8f0487a-df73-4f8d-8b22-bb49cf9f3683/Monte_Claro.zip
Monte Claro;154,4899999999933;154,3599999999933;1,8460184969608;28,157555018208;UHE Monte Claro - CAV SNIRH.xlsx;b8f0487a-df73-4f8d-8b22-bb49cf9f3683;https://metadados.snirh.gov.br/files/b8f0487a-df73-4f8d-8b22-bb49cf9f3683/Monte_Claro.zip
Monte Claro;154,4999999999933;154,3699999999933;1,8463955404287;28,176017122722;UHE Monte Claro - CAV SNIRH.xlsx;b8f0487a-df73-4f8d-8b22-bb49cf9f3683;https://metadados.snirh.gov.br/files/b8f0487a-df73-4f8d-8b22-bb49cf9f3683/Monte_Claro.zip
Monte Claro;154,50999999999328;154,3799999999933;1,8467719246427998;28,194483019816;UHE Monte Claro - CAV SNIRH.xlsx;b8f0487a-df73-4f8d-8b22-bb49cf9f3683;https://metadados.snirh.gov.br/files/b8f0487a-df73-4f8d-8b22-bb49cf9f3683/Monte_Claro.zip
Monte Claro;154,51999999999327;154,38999999999328;1,8471474116903002;28,212952973165002;UHE Monte Claro - CAV SNIRH.xlsx;b8f0487a-df73-4f8d-8b22-bb49cf9f3683;https://metadados.snirh.gov.br/files/b8f0487a-df73-4f8d-8b22-bb49cf9f3683/Monte_Claro.zip
Monte Claro;154,52999999999327;154,39999999999327;1,8475222179351;28,231426445866;UHE Monte Claro - CAV SNIRH.xlsx;b8f0487a-df73-4f8d-8b22-bb49cf9f3683;https://metadados.snirh.gov.br/files/b8f0487a-df73-4f8d-8b22-bb49cf9f3683/Monte_Claro.zip
Monte Claro;154,53999999999326;154,40999999999326;1,8478963143253;28,249903254496;UHE Monte Claro - CAV SNIRH.xlsx;b8f0487a-df73-4f8d-8b22-bb49cf9f3683;https://metadados.snirh.gov.br/files/b8f0487a-df73-4f8d-8b22-bb49cf9f3683/Monte_Claro.zip
Monte Claro;154,54999999999325;154,41999999999325;1,8482697292983001;28,26838491742;UHE Monte Claro - CAV SNIRH.xlsx;b8f0487a-df73-4f8d-8b22-bb49cf9f3683;https://metadados.snirh.gov.br/files/b8f0487a-df73-4f8d-8b22-bb49cf9f3683/Monte_Claro.zip
Monte Claro;154,55999999999324;154,42999999999324;1,8486426949254;28,28686899402;UHE Monte Claro - CAV SNIRH.xlsx;b8f0487a-df73-4f8d-8b22-bb49cf9f3683;https://metadados.snirh.gov.br/files/b8f0487a-df73-4f8d-8b22-bb49cf9f3683/Monte_Claro.zip
Monte Claro;154,56999999999323;154,43999999999323;1,8490153384016;28,305358210852003;UHE Monte Claro - CAV SNIRH.xlsx;b8f0487a-df73-4f8d-8b22-bb49cf9f3683;https://metadados.snirh.gov.br/files/b8f0487a-df73-4f8d-8b22-bb49cf9f3683/Monte_Claro.zip
Monte Claro;154,57999999999322;154,44999999999322;1,8493876546273;28,323850720489;UHE Monte Claro - CAV SNIRH.xlsx;b8f0487a-df73-4f8d-8b22-bb49cf9f3683;https://metadados.snirh.gov.br/files/b8f0487a-df73-4f8d-8b22-bb49cf9f3683/Monte_Claro.zip
Monte Claro;154,5899999999932;154,45999999999322;1,8497595921332;28,342345972847;UHE Monte Claro - CAV SNIRH.xlsx;b8f0487a-df73-4f8d-8b22-bb49cf9f3683;https://metadados.snirh.gov.br/files/b8f0487a-df73-4f8d-8b22-bb49cf9f3683/Monte_Claro.zip
Monte Claro;154,5999999999932;154,4699999999932;1,850131054975;28,360845443389;UHE Monte Claro - CAV SNIRH.xlsx;b8f0487a-df73-4f8d-8b22-bb49cf9f3683;https://metadados.snirh.gov.br/files/b8f0487a-df73-4f8d-8b22-bb49cf9f3683/Monte_Claro.zip
Monte Claro;154,6099999999932;154,4799999999932;1,8505021411724;28,379348767758;UHE Monte Claro - CAV SNIRH.xlsx;b8f0487a-df73-4f8d-8b22-bb49cf9f3683;https://metadados.snirh.gov.br/files/b8f0487a-df73-4f8d-8b22-bb49cf9f3683/Monte_Claro.zip
Monte Claro;154,61999999999318;154,4899999999932;1,8508728590681;28,397855108523;UHE Monte Claro - CAV SNIRH.xlsx;b8f0487a-df73-4f8d-8b22-bb49cf9f3683;https://metadados.snirh.gov.br/files/b8f0487a-df73-4f8d-8b22-bb49cf9f3683/Monte_Claro.zip
Monte Claro;154,62999999999317;154,49999999999318;1,8512432530149001;28,416364988545002;UHE Monte Claro - CAV SNIRH.xlsx;b8f0487a-df73-4f8d-8b22-bb49cf9f3683;https://metadados.snirh.gov.br/files/b8f0487a-df73-4f8d-8b22-bb49cf9f3683/Monte_Claro.zip
Monte Claro;154,63999999999317;154,50999999999317;1,8516133499931;28,434879025152;UHE Monte Claro - CAV SNIRH.xlsx;b8f0487a-df73-4f8d-8b22-bb49cf9f3683;https://metadados.snirh.gov.br/files/b8f0487a-df73-4f8d-8b22-bb49cf9f3683/Monte_Claro.zip
Monte Claro;154,64999999999316;154,51999999999316;1,8519830865145;28,453396760447;UHE Monte Claro - CAV SNIRH.xlsx;b8f0487a-df73-4f8d-8b22-bb49cf9f3683;https://metadados.snirh.gov.br/files/b8f0487a-df73-4f8d-8b22-bb49cf9f3683/Monte_Claro.zip
Monte Claro;154,65999999999315;154,52999999999315;1,8523524359127;28,471918998681;UHE Monte Claro - CAV SNIRH.xlsx;b8f0487a-df73-4f8d-8b22-bb49cf9f3683;https://metadados.snirh.gov.br/files/b8f0487a-df73-4f8d-8b22-bb49cf9f3683/Monte_Claro.zip
Monte Claro;154,66999999999314;154,53999999999314;1,8527214858982;28,49044436155;UHE Monte Claro - CAV SNIRH.xlsx;b8f0487a-df73-4f8d-8b22-bb49cf9f3683;https://metadados.snirh.gov.br/files/b8f0487a-df73-4f8d-8b22-bb49cf9f3683/Monte_Claro.zip
Monte Claro;154,67999999999313;154,54999999999313;1,8530903100353;28,508973543758;UHE Monte Claro - CAV SNIRH.xlsx;b8f0487a-df73-4f8d-8b22-bb49cf9f3683;https://metadados.snirh.gov.br/files/b8f0487a-df73-4f8d-8b22-bb49cf9f3683/Monte_Claro.zip
Monte Claro;154,68999999999312;154,55999999999312;1,8534589644604;28,52750624064;UHE Monte Claro - CAV SNIRH.xlsx;b8f0487a-df73-4f8d-8b22-bb49cf9f3683;https://metadados.snirh.gov.br/files/b8f0487a-df73-4f8d-8b22-bb49cf9f3683/Monte_Claro.zip
Monte Claro;154,6999999999931;154,56999999999312;1,8538274252498002;28,54604292959;UHE Monte Claro - CAV SNIRH.xlsx;b8f0487a-df73-4f8d-8b22-bb49cf9f3683;https://metadados.snirh.gov.br/files/b8f0487a-df73-4f8d-8b22-bb49cf9f3683/Monte_Claro.zip
Monte Claro;154,7099999999931;154,5799999999931;1,8541956729162998;28,564582738267;UHE Monte Claro - CAV SNIRH.xlsx;b8f0487a-df73-4f8d-8b22-bb49cf9f3683;https://metadados.snirh.gov.br/files/b8f0487a-df73-4f8d-8b22-bb49cf9f3683/Monte_Claro.zip
Monte Claro;154,7199999999931;154,5899999999931;1,8545636947280002;28,583127524948;UHE Monte Claro - CAV SNIRH.xlsx;b8f0487a-df73-4f8d-8b22-bb49cf9f3683;https://metadados.snirh.gov.br/files/b8f0487a-df73-4f8d-8b22-bb49cf9f3683/Monte_Claro.zip
Monte Claro;154,72999999999308;154,5999999999931;1,8549314124193002;28,601675034338;UHE Monte Claro - CAV SNIRH.xlsx;b8f0487a-df73-4f8d-8b22-bb49cf9f3683;https://metadados.snirh.gov.br/files/b8f0487a-df73-4f8d-8b22-bb49cf9f3683/Monte_Claro.zip
Monte Claro;154,73999999999307;154,60999999999308;1,8552989238524;28,62022685255;UHE Monte Claro - CAV SNIRH.xlsx;b8f0487a-df73-4f8d-8b22-bb49cf9f3683;https://metadados.snirh.gov.br/files/b8f0487a-df73-4f8d-8b22-bb49cf9f3683/Monte_Claro.zip
Monte Claro;154,74999999999307;154,61999999999307;1,8556662499027001;28,638781712528;UHE Monte Claro - CAV SNIRH.xlsx;b8f0487a-df73-4f8d-8b22-bb49cf9f3683;https://metadados.snirh.gov.br/files/b8f0487a-df73-4f8d-8b22-bb49cf9f3683/Monte_Claro.zip
Monte Claro;154,75999999999306;154,62999999999306;1,8560334024923;28,657339508093;UHE Monte Claro - CAV SNIRH.xlsx;b8f0487a-df73-4f8d-8b22-bb49cf9f3683;https://metadados.snirh.gov.br/files/b8f0487a-df73-4f8d-8b22-bb49cf9f3683/Monte_Claro.zip
Monte Claro;154,76999999999305;154,63999999999305;1,8564003737608001;28,675901819581;UHE Monte Claro - CAV SNIRH.xlsx;b8f0487a-df73-4f8d-8b22-bb49cf9f3683;https://metadados.snirh.gov.br/files/b8f0487a-df73-4f8d-8b22-bb49cf9f3683/Monte_Claro.zip
Monte Claro;154,77999999999304;154,64999999999304;1,8567672072021;28,694466947814;UHE Monte Claro - CAV SNIRH.xlsx;b8f0487a-df73-4f8d-8b22-bb49cf9f3683;https://metadados.snirh.gov.br/files/b8f0487a-df73-4f8d-8b22-bb49cf9f3683/Monte_Claro.zip
Monte Claro;154,78999999999303;154,65999999999303;1,8571338675299;28,713036028668;UHE Monte Claro - CAV SNIRH.xlsx;b8f0487a-df73-4f8d-8b22-bb49cf9f3683;https://metadados.snirh.gov.br/files/b8f0487a-df73-4f8d-8b22-bb49cf9f3683/Monte_Claro.zip
Monte Claro;154,79999999999302;154,66999999999302;1,8575003145776;28,731608552319003;UHE Monte Claro - CAV SNIRH.xlsx;b8f0487a-df73-4f8d-8b22-bb49cf9f3683;https://metadados.snirh.gov.br/files/b8f0487a-df73-4f8d-8b22-bb49cf9f3683/Monte_Claro.zip
Monte Claro;154,809999999993;154,67999999999302;1,8578665513426;28,750185912347;UHE Monte Claro - CAV SNIRH.xlsx;b8f0487a-df73-4f8d-8b22-bb49cf9f3683;https://metadados.snirh.gov.br/files/b8f0487a-df73-4f8d-8b22-bb49cf9f3683/Monte_Claro.zip
Monte Claro;154,819999999993;154,689999999993;1,8582325985007;28,768766494417;UHE Monte Claro - CAV SNIRH.xlsx;b8f0487a-df73-4f8d-8b22-bb49cf9f3683;https://metadados.snirh.gov.br/files/b8f0487a-df73-4f8d-8b22-bb49cf9f3683/Monte_Claro.zip
Monte Claro;154,829999999993;154,699999999993;1,8585985014881998;28,787350135727;UHE Monte Claro - CAV SNIRH.xlsx;b8f0487a-df73-4f8d-8b22-bb49cf9f3683;https://metadados.snirh.gov.br/files/b8f0487a-df73-4f8d-8b22-bb49cf9f3683/Monte_Claro.zip
Monte Claro;154,83999999999298;154,709999999993;1,8589642463477;28,805938377608;UHE Monte Claro - CAV SNIRH.xlsx;b8f0487a-df73-4f8d-8b22-bb49cf9f3683;https://metadados.snirh.gov.br/files/b8f0487a-df73-4f8d-8b22-bb49cf9f3683/Monte_Claro.zip
Monte Claro;154,84999999999297;154,71999999999298;1,859329831643;28,824530264602;UHE Monte Claro - CAV SNIRH.xlsx;b8f0487a-df73-4f8d-8b22-bb49cf9f3683;https://metadados.snirh.gov.br/files/b8f0487a-df73-4f8d-8b22-bb49cf9f3683/Monte_Claro.zip
Monte Claro;154,85999999999297;154,72999999999297;1,8596952126638;28,843125401558;UHE Monte Claro - CAV SNIRH.xlsx;b8f0487a-df73-4f8d-8b22-bb49cf9f3683;https://metadados.snirh.gov.br/files/b8f0487a-df73-4f8d-8b22-bb49cf9f3683/Monte_Claro.zip
Monte Claro;154,86999999999296;154,73999999999296;1,8600604261197;28,861724131345;UHE Monte Claro - CAV SNIRH.xlsx;b8f0487a-df73-4f8d-8b22-bb49cf9f3683;https://metadados.snirh.gov.br/files/b8f0487a-df73-4f8d-8b22-bb49cf9f3683/Monte_Claro.zip
Monte Claro;154,87999999999295;154,74999999999295;1,8604255300946;28,880326585905;UHE Monte Claro - CAV SNIRH.xlsx;b8f0487a-df73-4f8d-8b22-bb49cf9f3683;https://metadados.snirh.gov.br/files/b8f0487a-df73-4f8d-8b22-bb49cf9f3683/Monte_Claro.zip
Monte Claro;154,88999999999294;154,75999999999294;1,8607905274228;28,898932019262002;UHE Monte Claro - CAV SNIRH.xlsx;b8f0487a-df73-4f8d-8b22-bb49cf9f3683;https://metadados.snirh.gov.br/files/b8f0487a-df73-4f8d-8b22-bb49cf9f3683/Monte_Claro.zip
Monte Claro;154,89999999999293;154,76999999999293;1,8611553965816;28,917543040372;UHE Monte Claro - CAV SNIRH.xlsx;b8f0487a-df73-4f8d-8b22-bb49cf9f3683;https://metadados.snirh.gov.br/files/b8f0487a-df73-4f8d-8b22-bb49cf9f3683/Monte_Claro.zip
Monte Claro;154,90999999999292;154,77999999999292;1,8615201207642;28,936155732168;UHE Monte Claro - CAV SNIRH.xlsx;b8f0487a-df73-4f8d-8b22-bb49cf9f3683;https://metadados.snirh.gov.br/files/b8f0487a-df73-4f8d-8b22-bb49cf9f3683/Monte_Claro.zip
Monte Claro;154,9199999999929;154,78999999999292;1,8618846917857;28,954772504519;UHE Monte Claro - CAV SNIRH.xlsx;b8f0487a-df73-4f8d-8b22-bb49cf9f3683;https://metadados.snirh.gov.br/files/b8f0487a-df73-4f8d-8b22-bb49cf9f3683/Monte_Claro.zip
Monte Claro;154,9299999999929;154,7999999999929;1,8622491331669;28,973393329319002;UHE Monte Claro - CAV SNIRH.xlsx;b8f0487a-df73-4f8d-8b22-bb49cf9f3683;https://metadados.snirh.gov.br/files/b8f0487a-df73-4f8d-8b22-bb49cf9f3683/Monte_Claro.zip
Monte Claro;154,9399999999929;154,8099999999929;1,8626134627541;28,992018530458;UHE Monte Claro - CAV SNIRH.xlsx;b8f0487a-df73-4f8d-8b22-bb49cf9f3683;https://metadados.snirh.gov.br/files/b8f0487a-df73-4f8d-8b22-bb49cf9f3683/Monte_Claro.zip
Monte Claro;154,94999999999288;154,8199999999929;1,8629776917042;29,010647161847;UHE Monte Claro - CAV SNIRH.xlsx;b8f0487a-df73-4f8d-8b22-bb49cf9f3683;https://metadados.snirh.gov.br/files/b8f0487a-df73-4f8d-8b22-bb49cf9f3683/Monte_Claro.zip
Monte Claro;154,95999999999287;154,82999999999288;1,8633418290236001;29,029278397758;UHE Monte Claro - CAV SNIRH.xlsx;b8f0487a-df73-4f8d-8b22-bb49cf9f3683;https://metadados.snirh.gov.br/files/b8f0487a-df73-4f8d-8b22-bb49cf9f3683/Monte_Claro.zip
Monte Claro;154,96999999999287;154,83999999999287;1,8637058835069;29,047913413379;UHE Monte Claro - CAV SNIRH.xlsx;b8f0487a-df73-4f8d-8b22-bb49cf9f3683;https://metadados.snirh.gov.br/files/b8f0487a-df73-4f8d-8b22-bb49cf9f3683/Monte_Claro.zip
Monte Claro;154,97999999999286;154,84999999999286;1,8640698540292;29,066552228385003;UHE Monte Claro - CAV SNIRH.xlsx;b8f0487a-df73-4f8d-8b22-bb49cf9f3683;https://metadados.snirh.gov.br/files/b8f0487a-df73-4f8d-8b22-bb49cf9f3683/Monte_Claro.zip
Monte Claro;154,98999999999285;154,85999999999285;1,8644337367823;29,085194978998;UHE Monte Claro - CAV SNIRH.xlsx;b8f0487a-df73-4f8d-8b22-bb49cf9f3683;https://metadados.snirh.gov.br/files/b8f0487a-df73-4f8d-8b22-bb49cf9f3683/Monte_Claro.zip
Monte Claro;154,99999999999284;154,86999999999284;1,8647975003754;29,103840322467;UHE Monte Claro - CAV SNIRH.xlsx;b8f0487a-df73-4f8d-8b22-bb49cf9f3683;https://metadados.snirh.gov.br/files/b8f0487a-df73-4f8d-8b22-bb49cf9f3683/Monte_Claro.zip
Monte Claro;155,00999999999283;154,87999999999283;1,8651611452996;29,122489865144;UHE Monte Claro - CAV SNIRH.xlsx;b8f0487a-df73-4f8d-8b22-bb49cf9f3683;https://metadados.snirh.gov.br/files/b8f0487a-df73-4f8d-8b22-bb49cf9f3683/Monte_Claro.zip
Monte Claro;155,01999999999282;154,88999999999282;1,8655246172867002;29,141144521565998;UHE Monte Claro - CAV SNIRH.xlsx;b8f0487a-df73-4f8d-8b22-bb49cf9f3683;https://metadados.snirh.gov.br/files/b8f0487a-df73-4f8d-8b22-bb49cf9f3683/Monte_Claro.zip
Monte Claro;155,0299999999928;154,89999999999281;1,8658879438558;29,159802190075;UHE Monte Claro - CAV SNIRH.xlsx;b8f0487a-df73-4f8d-8b22-bb49cf9f3683;https://metadados.snirh.gov.br/files/b8f0487a-df73-4f8d-8b22-bb49cf9f3683/Monte_Claro.zip
Monte Claro;155,0399999999928;154,9099999999928;1,8662511793406;29,178462809621;UHE Monte Claro - CAV SNIRH.xlsx;b8f0487a-df73-4f8d-8b22-bb49cf9f3683;https://metadados.snirh.gov.br/files/b8f0487a-df73-4f8d-8b22-bb49cf9f3683/Monte_Claro.zip
Monte Claro;155,0499999999928;154,9199999999928;1,8666347787478001;29,197127929901;UHE Monte Claro - CAV SNIRH.xlsx;b8f0487a-df73-4f8d-8b22-bb49cf9f3683;https://metadados.snirh.gov.br/files/b8f0487a-df73-4f8d-8b22-bb49cf9f3683/Monte_Claro.zip
Monte Claro;155,05999999999278;154,9299999999928;1,8670234111180999;29,215797481348;UHE Monte Claro - CAV SNIRH.xlsx;b8f0487a-df73-4f8d-8b22-bb49cf9f3683;https://metadados.snirh.gov.br/files/b8f0487a-df73-4f8d-8b22-bb49cf9f3683/Monte_Claro.zip
Monte Claro;155,06999999999277;154,93999999999278;1,8674135296332;29,234469274634;UHE Monte Claro - CAV SNIRH.xlsx;b8f0487a-df73-4f8d-8b22-bb49cf9f3683;https://metadados.snirh.gov.br/files/b8f0487a-df73-4f8d-8b22-bb49cf9f3683/Monte_Claro.zip
Monte Claro;155,07999999999276;154,94999999999277;1,867805939535;29,253146927172;UHE Monte Claro - CAV SNIRH.xlsx;b8f0487a-df73-4f8d-8b22-bb49cf9f3683;https://metadados.snirh.gov.br/files/b8f0487a-df73-4f8d-8b22-bb49cf9f3683/Monte_Claro.zip
Monte Claro;155,08999999999276;154,95999999999276;1,8681985698579;29,271827943031003;UHE Monte Claro - CAV SNIRH.xlsx;b8f0487a-df73-4f8d-8b22-bb49cf9f3683;https://metadados.snirh.gov.br/files/b8f0487a-df73-4f8d-8b22-bb49cf9f3683/Monte_Claro.zip
Monte Claro;155,09999999999275;154,96999999999275;1,8685929010067999;29,290511901829998;UHE Monte Claro - CAV SNIRH.xlsx;b8f0487a-df73-4f8d-8b22-bb49cf9f3683;https://metadados.snirh.gov.br/files/b8f0487a-df73-4f8d-8b22-bb49cf9f3683/Monte_Claro.zip
Monte Claro;155,10999999999274;154,97999999999274;1,8689871663770998;29,30919890366;UHE Monte Claro - CAV SNIRH.xlsx;b8f0487a-df73-4f8d-8b22-bb49cf9f3683;https://metadados.snirh.gov.br/files/b8f0487a-df73-4f8d-8b22-bb49cf9f3683/Monte_Claro.zip
Monte Claro;155,11999999999273;154,98999999999273;1,8693801399664;29,327891654305997;UHE Monte Claro - CAV SNIRH.xlsx;b8f0487a-df73-4f8d-8b22-bb49cf9f3683;https://metadados.snirh.gov.br/files/b8f0487a-df73-4f8d-8b22-bb49cf9f3683/Monte_Claro.zip
Monte Claro;155,12999999999272;154,99999999999272;1,8697729600514;29,346588043243;UHE Monte Claro - CAV SNIRH.xlsx;b8f0487a-df73-4f8d-8b22-bb49cf9f3683;https://metadados.snirh.gov.br/files/b8f0487a-df73-4f8d-8b22-bb49cf9f3683/Monte_Claro.zip
Monte Claro;155,1399999999927;155,00999999999271;1,8701659966878;29,365287760605;UHE Monte Claro - CAV SNIRH.xlsx;b8f0487a-df73-4f8d-8b22-bb49cf9f3683;https://metadados.snirh.gov.br/files/b8f0487a-df73-4f8d-8b22-bb49cf9f3683/Monte_Claro.zip
Monte Claro;155,1499999999927;155,0199999999927;1,8705584020438002;29,383991292141;UHE Monte Claro - CAV SNIRH.xlsx;b8f0487a-df73-4f8d-8b22-bb49cf9f3683;https://metadados.snirh.gov.br/files/b8f0487a-df73-4f8d-8b22-bb49cf9f3683/Monte_Claro.zip
Monte Claro;155,1599999999927;155,0299999999927;1,8709503856771;29,402698788391003;UHE Monte Claro - CAV SNIRH.xlsx;b8f0487a-df73-4f8d-8b22-bb49cf9f3683;https://metadados.snirh.gov.br/files/b8f0487a-df73-4f8d-8b22-bb49cf9f3683/Monte_Claro.zip
Monte Claro;155,16999999999268;155,0399999999927;1,8713416480245002;29,421410135453;UHE Monte Claro - CAV SNIRH.xlsx;b8f0487a-df73-4f8d-8b22-bb49cf9f3683;https://metadados.snirh.gov.br/files/b8f0487a-df73-4f8d-8b22-bb49cf9f3683/Monte_Claro.zip
Monte Claro;155,17999999999267;155,04999999999268;1,8717324611944;29,440125391313;UHE Monte Claro - CAV SNIRH.xlsx;b8f0487a-df73-4f8d-8b22-bb49cf9f3683;https://metadados.snirh.gov.br/files/b8f0487a-df73-4f8d-8b22-bb49cf9f3683/Monte_Claro.zip
Monte Claro;155,18999999999266;155,05999999999267;1,8721232630443;29,458844579612002;UHE Monte Claro - CAV SNIRH.xlsx;b8f0487a-df73-4f8d-8b22-bb49cf9f3683;https://metadados.snirh.gov.br/files/b8f0487a-df73-4f8d-8b22-bb49cf9f3683/Monte_Claro.zip
Monte Claro;155,19999999999266;155,06999999999266;1,8725142299867;29,477567384068003;UHE Monte Claro - CAV SNIRH.xlsx;b8f0487a-df73-4f8d-8b22-bb49cf9f3683;https://metadados.snirh.gov.br/files/b8f0487a-df73-4f8d-8b22-bb49cf9f3683/Monte_Claro.zip
Monte Claro;155,20999999999265;155,07999999999265;1,8729050579470998;29,496294196059;UHE Monte Claro - CAV SNIRH.xlsx;b8f0487a-df73-4f8d-8b22-bb49cf9f3683;https://metadados.snirh.gov.br/files/b8f0487a-df73-4f8d-8b22-bb49cf9f3683/Monte_Claro.zip
Monte Claro;155,21999999999264;155,08999999999264;1,8732954892856;29,515025189774;UHE Monte Claro - CAV SNIRH.xlsx;b8f0487a-df73-4f8d-8b22-bb49cf9f3683;https://metadados.snirh.gov.br/files/b8f0487a-df73-4f8d-8b22-bb49cf9f3683/Monte_Claro.zip
Monte Claro;155,22999999999263;155,09999999999263;1,8736856344389001;29,533760587587;UHE Monte Claro - CAV SNIRH.xlsx;b8f0487a-df73-4f8d-8b22-bb49cf9f3683;https://metadados.snirh.gov.br/files/b8f0487a-df73-4f8d-8b22-bb49cf9f3683/Monte_Claro.zip
Monte Claro;155,23999999999262;155,10999999999262;1,8740755925054;29,552499575311998;UHE Monte Claro - CAV SNIRH.xlsx;b8f0487a-df73-4f8d-8b22-bb49cf9f3683;https://metadados.snirh.gov.br/files/b8f0487a-df73-4f8d-8b22-bb49cf9f3683/Monte_Claro.zip
Monte Claro;155,2499999999926;155,11999999999261;1,8744655286438;29,571241386496;UHE Monte Claro - CAV SNIRH.xlsx;b8f0487a-df73-4f8d-8b22-bb49cf9f3683;https://metadados.snirh.gov.br/files/b8f0487a-df73-4f8d-8b22-bb49cf9f3683/Monte_Claro.zip
Monte Claro;155,2599999999926;155,1299999999926;1,8748554865729001;29,589987137326;UHE Monte Claro - CAV SNIRH.xlsx;b8f0487a-df73-4f8d-8b22-bb49cf9f3683;https://metadados.snirh.gov.br/files/b8f0487a-df73-4f8d-8b22-bb49cf9f3683/Monte_Claro.zip
Monte Claro;155,2699999999926;155,1399999999926;1,8752455331935;29,608736679293;UHE Monte Claro - CAV SNIRH.xlsx;b8f0487a-df73-4f8d-8b22-bb49cf9f3683;https://metadados.snirh.gov.br/files/b8f0487a-df73-4f8d-8b22-bb49cf9f3683/Monte_Claro.zip
Monte Claro;155,27999999999258;155,1499999999926;1,8756356756905002;29,627491486175998;UHE Monte Claro - CAV SNIRH.xlsx;b8f0487a-df73-4f8d-8b22-bb49cf9f3683;https://metadados.snirh.gov.br/files/b8f0487a-df73-4f8d-8b22-bb49cf9f3683/Monte_Claro.zip
Monte Claro;155,28999999999257;155,15999999999258;1,8760259180485999;29,646250507979;UHE Monte Claro - CAV SNIRH.xlsx;b8f0487a-df73-4f8d-8b22-bb49cf9f3683;https://metadados.snirh.gov.br/files/b8f0487a-df73-4f8d-8b22-bb49cf9f3683/Monte_Claro.zip
Monte Claro;155,29999999999256;155,16999999999257;1,876416155028;29,665012925309;UHE Monte Claro - CAV SNIRH.xlsx;b8f0487a-df73-4f8d-8b22-bb49cf9f3683;https://metadados.snirh.gov.br/files/b8f0487a-df73-4f8d-8b22-bb49cf9f3683/Monte_Claro.zip
Monte Claro;155,30999999999256;155,17999999999256;1,8768063795525;29,683779891068;UHE Monte Claro - CAV SNIRH.xlsx;b8f0487a-df73-4f8d-8b22-bb49cf9f3683;https://metadados.snirh.gov.br/files/b8f0487a-df73-4f8d-8b22-bb49cf9f3683/Monte_Claro.zip
Monte Claro;155,31999999999255;155,18999999999255;1,8771965715581;29,702550122093;UHE Monte Claro - CAV SNIRH.xlsx;b8f0487a-df73-4f8d-8b22-bb49cf9f3683;https://metadados.snirh.gov.br/files/b8f0487a-df73-4f8d-8b22-bb49cf9f3683/Monte_Claro.zip
Monte Claro;155,32999999999254;155,19999999999254;1,8775866489186002;29,721324465383002;UHE Monte Claro - CAV SNIRH.xlsx;b8f0487a-df73-4f8d-8b22-bb49cf9f3683;https://metadados.snirh.gov.br/files/b8f0487a-df73-4f8d-8b22-bb49cf9f3683/Monte_Claro.zip
Monte Claro;155,33999999999253;155,20999999999253;1,8779767828186;29,740101677113998;UHE Monte Claro - CAV SNIRH.xlsx;b8f0487a-df73-4f8d-8b22-bb49cf9f3683;https://metadados.snirh.gov.br/files/b8f0487a-df73-4f8d-8b22-bb49cf9f3683/Monte_Claro.zip
Monte Claro;155,34999999999252;155,21999999999252;1,8783669735681001;29,758883763609;UHE Monte Claro - CAV SNIRH.xlsx;b8f0487a-df73-4f8d-8b22-bb49cf9f3683;https://metadados.snirh.gov.br/files/b8f0487a-df73-4f8d-8b22-bb49cf9f3683/Monte_Claro.zip
Monte Claro;155,3599999999925;155,22999999999251;1,8787572319598;29,777669335756997;UHE Monte Claro - CAV SNIRH.xlsx;b8f0487a-df73-4f8d-8b22-bb49cf9f3683;https://metadados.snirh.gov.br/files/b8f0487a-df73-4f8d-8b22-bb49cf9f3683/Monte_Claro.zip
Monte Claro;155,3699999999925;155,2399999999925;1,8791475601423;29,796459019078;UHE Monte Claro - CAV SNIRH.xlsx;b8f0487a-df73-4f8d-8b22-bb49cf9f3683;https://metadados.snirh.gov.br/files/b8f0487a-df73-4f8d-8b22-bb49cf9f3683/Monte_Claro.zip
Monte Claro;155,3799999999925;155,2499999999925;1,8795380809161;29,815253075256003;UHE Monte Claro - CAV SNIRH.xlsx;b8f0487a-df73-4f8d-8b22-bb49cf9f3683;https://metadados.snirh.gov.br/files/b8f0487a-df73-4f8d-8b22-bb49cf9f3683/Monte_Claro.zip
Monte Claro;155,38999999999248;155,2599999999925;1,8799287746069;29,834050570942;UHE Monte Claro - CAV SNIRH.xlsx;b8f0487a-df73-4f8d-8b22-bb49cf9f3683;https://metadados.snirh.gov.br/files/b8f0487a-df73-4f8d-8b22-bb49cf9f3683/Monte_Claro.zip
Monte Claro;155,39999999999247;155,26999999999248;1,8803196258752;29,852851810536002;UHE Monte Claro - CAV SNIRH.xlsx;b8f0487a-df73-4f8d-8b22-bb49cf9f3683;https://metadados.snirh.gov.br/files/b8f0487a-df73-4f8d-8b22-bb49cf9f3683/Monte_Claro.zip
Monte Claro;155,40999999999246;155,27999999999247;1,8807105905530002;29,871657205046002;UHE Monte Claro - CAV SNIRH.xlsx;b8f0487a-df73-4f8d-8b22-bb49cf9f3683;https://metadados.snirh.gov.br/files/b8f0487a-df73-4f8d-8b22-bb49cf9f3683/Monte_Claro.zip
Monte Claro;155,41999999999246;155,28999999999246;1,8811016005818002;29,890467084664;UHE Monte Claro - CAV SNIRH.xlsx;b8f0487a-df73-4f8d-8b22-bb49cf9f3683;https://metadados.snirh.gov.br/files/b8f0487a-df73-4f8d-8b22-bb49cf9f3683/Monte_Claro.zip
Monte Claro;155,42999999999245;155,29999999999245;1,8814927115187998;29,909280631187;UHE Monte Claro - CAV SNIRH.xlsx;b8f0487a-df73-4f8d-8b22-bb49cf9f3683;https://metadados.snirh.gov.br/files/b8f0487a-df73-4f8d-8b22-bb49cf9f3683/Monte_Claro.zip
Monte Claro;155,43999999999244;155,30999999999244;1,8818839574492001;29,928097819278;UHE Monte Claro - CAV SNIRH.xlsx;b8f0487a-df73-4f8d-8b22-bb49cf9f3683;https://metadados.snirh.gov.br/files/b8f0487a-df73-4f8d-8b22-bb49cf9f3683/Monte_Claro.zip
Monte Claro;155,44999999999243;155,31999999999243;1,8822754214067998;29,946918794592;UHE Monte Claro - CAV SNIRH.xlsx;b8f0487a-df73-4f8d-8b22-bb49cf9f3683;https://metadados.snirh.gov.br/files/b8f0487a-df73-4f8d-8b22-bb49cf9f3683/Monte_Claro.zip
Monte Claro;155,45999999999242;155,32999999999242;1,8826669582859001;29,965743363168002;UHE Monte Claro - CAV SNIRH.xlsx;b8f0487a-df73-4f8d-8b22-bb49cf9f3683;https://metadados.snirh.gov.br/files/b8f0487a-df73-4f8d-8b22-bb49cf9f3683/Monte_Claro.zip
Monte Claro;155,4699999999924;155,33999999999241;1,8830584326447;29,984572101313;UHE Monte Claro - CAV SNIRH.xlsx;b8f0487a-df73-4f8d-8b22-bb49cf9f3683;https://metadados.snirh.gov.br/files/b8f0487a-df73-4f8d-8b22-bb49cf9f3683/Monte_Claro.zip
Monte Claro;155,4799999999924;155,3499999999924;1,8834499343848001;30,003405434811;UHE Monte Claro - CAV SNIRH.xlsx;b8f0487a-df73-4f8d-8b22-bb49cf9f3683;https://metadados.snirh.gov.br/files/b8f0487a-df73-4f8d-8b22-bb49cf9f3683/Monte_Claro.zip
Monte Claro;155,4899999999924;155,3599999999924;1,8838415560880999;30,022241794638997;UHE Monte Claro - CAV SNIRH.xlsx;b8f0487a-df73-4f8d-8b22-bb49cf9f3683;https://metadados.snirh.gov.br/files/b8f0487a-df73-4f8d-8b22-bb49cf9f3683/Monte_Claro.zip
Monte Claro;155,49999999999238;155,3699999999924;1,8842333571444998;30,041081782255002;UHE Monte Claro - CAV SNIRH.xlsx;b8f0487a-df73-4f8d-8b22-bb49cf9f3683;https://metadados.snirh.gov.br/files/b8f0487a-df73-4f8d-8b22-bb49cf9f3683/Monte_Claro.zip
Monte Claro;155,50999999999237;155,37999999999238;1,8846252288213;30,059926107080003;UHE Monte Claro - CAV SNIRH.xlsx;b8f0487a-df73-4f8d-8b22-bb49cf9f3683;https://metadados.snirh.gov.br/files/b8f0487a-df73-4f8d-8b22-bb49cf9f3683/Monte_Claro.zip
Monte Claro;155,51999999999236;155,38999999999237;1,8850172517534;30,078774403039002;UHE Monte Claro - CAV SNIRH.xlsx;b8f0487a-df73-4f8d-8b22-bb49cf9f3683;https://metadados.snirh.gov.br/files/b8f0487a-df73-4f8d-8b22-bb49cf9f3683/Monte_Claro.zip
Monte Claro;155,52999999999236;155,39999999999236;1,8854096127011999;30,097626341733;UHE Monte Claro - CAV SNIRH.xlsx;b8f0487a-df73-4f8d-8b22-bb49cf9f3683;https://metadados.snirh.gov.br/files/b8f0487a-df73-4f8d-8b22-bb49cf9f3683/Monte_Claro.zip
Monte Claro;155,53999999999235;155,40999999999235;1,8858022188385002;30,116482691369;UHE Monte Claro - CAV SNIRH.xlsx;b8f0487a-df73-4f8d-8b22-bb49cf9f3683;https://metadados.snirh.gov.br/files/b8f0487a-df73-4f8d-8b22-bb49cf9f3683/Monte_Claro.zip
Monte Claro;155,54999999999234;155,41999999999234;1,8861950452852998;30,135343174058;UHE Monte Claro - CAV SNIRH.xlsx;b8f0487a-df73-4f8d-8b22-bb49cf9f3683;https://metadados.snirh.gov.br/files/b8f0487a-df73-4f8d-8b22-bb49cf9f3683/Monte_Claro.zip
Monte Claro;155,55999999999233;155,42999999999233;1,8865880124093999;30,154206738433;UHE Monte Claro - CAV SNIRH.xlsx;b8f0487a-df73-4f8d-8b22-bb49cf9f3683;https://metadados.snirh.gov.br/files/b8f0487a-df73-4f8d-8b22-bb49cf9f3683/Monte_Claro.zip
Monte Claro;155,56999999999232;155,43999999999232;1,8869810520057;30,173074645309;UHE Monte Claro - CAV SNIRH.xlsx;b8f0487a-df73-4f8d-8b22-bb49cf9f3683;https://metadados.snirh.gov.br/files/b8f0487a-df73-4f8d-8b22-bb49cf9f3683/Monte_Claro.zip
Monte Claro;155,5799999999923;155,44999999999231;1,8873742522001;30,191946476189;UHE Monte Claro - CAV SNIRH.xlsx;b8f0487a-df73-4f8d-8b22-bb49cf9f3683;https://metadados.snirh.gov.br/files/b8f0487a-df73-4f8d-8b22-bb49cf9f3683/Monte_Claro.zip
Monte Claro;155,5899999999923;155,4599999999923;1,8877676957262;30,210821449104;UHE Monte Claro - CAV SNIRH.xlsx;b8f0487a-df73-4f8d-8b22-bb49cf9f3683;https://metadados.snirh.gov.br/files/b8f0487a-df73-4f8d-8b22-bb49cf9f3683/Monte_Claro.zip
Monte Claro;155,5999999999923;155,4699999999923;1,8881613157881;30,22970080918;UHE Monte Claro - CAV SNIRH.xlsx;b8f0487a-df73-4f8d-8b22-bb49cf9f3683;https://metadados.snirh.gov.br/files/b8f0487a-df73-4f8d-8b22-bb49cf9f3683/Monte_Claro.zip
Monte Claro;155,60999999999228;155,4799999999923;1,8885551018268;30,248584234765;UHE Monte Claro - CAV SNIRH.xlsx;b8f0487a-df73-4f8d-8b22-bb49cf9f3683;https://metadados.snirh.gov.br/files/b8f0487a-df73-4f8d-8b22-bb49cf9f3683/Monte_Claro.zip
Monte Claro;155,61999999999227;155,48999999999228;1,8889492006591;30,26747095703;UHE Monte Claro - CAV SNIRH.xlsx;b8f0487a-df73-4f8d-8b22-bb49cf9f3683;https://metadados.snirh.gov.br/files/b8f0487a-df73-4f8d-8b22-bb49cf9f3683/Monte_Claro.zip
Monte Claro;155,62999999999226;155,49999999999227;1,8893435227793;30,28636309814;UHE Monte Claro - CAV SNIRH.xlsx;b8f0487a-df73-4f8d-8b22-bb49cf9f3683;https://metadados.snirh.gov.br/files/b8f0487a-df73-4f8d-8b22-bb49cf9f3683/Monte_Claro.zip
Monte Claro;155,63999999999226;155,50999999999226;1,8897380328705;30,305257986256;UHE Monte Claro - CAV SNIRH.xlsx;b8f0487a-df73-4f8d-8b22-bb49cf9f3683;https://metadados.snirh.gov.br/files/b8f0487a-df73-4f8d-8b22-bb49cf9f3683/Monte_Claro.zip
Monte Claro;155,64999999999225;155,51999999999225;1,8901328401008;30,324157421406998;UHE Monte Claro - CAV SNIRH.xlsx;b8f0487a-df73-4f8d-8b22-bb49cf9f3683;https://metadados.snirh.gov.br/files/b8f0487a-df73-4f8d-8b22-bb49cf9f3683/Monte_Claro.zip
Monte Claro;155,65999999999224;155,52999999999224;1,8905278199016;30,343061201249;UHE Monte Claro - CAV SNIRH.xlsx;b8f0487a-df73-4f8d-8b22-bb49cf9f3683;https://metadados.snirh.gov.br/files/b8f0487a-df73-4f8d-8b22-bb49cf9f3683/Monte_Claro.zip
Monte Claro;155,66999999999223;155,53999999999223;1,8909230329211;30,361968466499;UHE Monte Claro - CAV SNIRH.xlsx;b8f0487a-df73-4f8d-8b22-bb49cf9f3683;https://metadados.snirh.gov.br/files/b8f0487a-df73-4f8d-8b22-bb49cf9f3683/Monte_Claro.zip
Monte Claro;155,67999999999222;155,54999999999222;1,8913186503022001;30,380880453366;UHE Monte Claro - CAV SNIRH.xlsx;b8f0487a-df73-4f8d-8b22-bb49cf9f3683;https://metadados.snirh.gov.br/files/b8f0487a-df73-4f8d-8b22-bb49cf9f3683/Monte_Claro.zip
Monte Claro;155,6899999999922;155,55999999999221;1,8917145747298;30,399796571097003;UHE Monte Claro - CAV SNIRH.xlsx;b8f0487a-df73-4f8d-8b22-bb49cf9f3683;https://metadados.snirh.gov.br/files/b8f0487a-df73-4f8d-8b22-bb49cf9f3683/Monte_Claro.zip
Monte Claro;155,6999999999922;155,5699999999922;1,8921108507939;30,418715723214;UHE Monte Claro - CAV SNIRH.xlsx;b8f0487a-df73-4f8d-8b22-bb49cf9f3683;https://metadados.snirh.gov.br/files/b8f0487a-df73-4f8d-8b22-bb49cf9f3683/Monte_Claro.zip
Monte Claro;155,7099999999922;155,5799999999922;1,8925075650005;30,437639347109002;UHE Monte Claro - CAV SNIRH.xlsx;b8f0487a-df73-4f8d-8b22-bb49cf9f3683;https://metadados.snirh.gov.br/files/b8f0487a-df73-4f8d-8b22-bb49cf9f3683/Monte_Claro.zip
Monte Claro;155,71999999999218;155,5899999999922;1,8929047601978;30,456565823762;UHE Monte Claro - CAV SNIRH.xlsx;b8f0487a-df73-4f8d-8b22-bb49cf9f3683;https://metadados.snirh.gov.br/files/b8f0487a-df73-4f8d-8b22-bb49cf9f3683/Monte_Claro.zip
Monte Claro;155,72999999999217;155,59999999999218;1,893302735002;30,475496977097002;UHE Monte Claro - CAV SNIRH.xlsx;b8f0487a-df73-4f8d-8b22-bb49cf9f3683;https://metadados.snirh.gov.br/files/b8f0487a-df73-4f8d-8b22-bb49cf9f3683/Monte_Claro.zip
Monte Claro;155,73999999999216;155,60999999999217;1,8937011901465;30,494432489239998;UHE Monte Claro - CAV SNIRH.xlsx;b8f0487a-df73-4f8d-8b22-bb49cf9f3683;https://metadados.snirh.gov.br/files/b8f0487a-df73-4f8d-8b22-bb49cf9f3683/Monte_Claro.zip
Monte Claro;155,74999999999216;155,61999999999216;1,8941001737312;30,513371883894;UHE Monte Claro - CAV SNIRH.xlsx;b8f0487a-df73-4f8d-8b22-bb49cf9f3683;https://metadados.snirh.gov.br/files/b8f0487a-df73-4f8d-8b22-bb49cf9f3683/Monte_Claro.zip
Monte Claro;155,75999999999215;155,62999999999215;1,8944994706609;30,532315871349;UHE Monte Claro - CAV SNIRH.xlsx;b8f0487a-df73-4f8d-8b22-bb49cf9f3683;https://metadados.snirh.gov.br/files/b8f0487a-df73-4f8d-8b22-bb49cf9f3683/Monte_Claro.zip
Monte Claro;155,76999999999214;155,63999999999214;1,8948991686435;30,551263923016002;UHE Monte Claro - CAV SNIRH.xlsx;b8f0487a-df73-4f8d-8b22-bb49cf9f3683;https://metadados.snirh.gov.br/files/b8f0487a-df73-4f8d-8b22-bb49cf9f3683/Monte_Claro.zip
Monte Claro;155,77999999999213;155,64999999999213;1,8953144097561;30,570215329899;UHE Monte Claro - CAV SNIRH.xlsx;b8f0487a-df73-4f8d-8b22-bb49cf9f3683;https://metadados.snirh.gov.br/files/b8f0487a-df73-4f8d-8b22-bb49cf9f3683/Monte_Claro.zip
Monte Claro;155,78999999999212;155,65999999999212;1,8957434369794;30,589171551692;UHE Monte Claro - CAV SNIRH.xlsx;b8f0487a-df73-4f8d-8b22-bb49cf9f3683;https://metadados.snirh.gov.br/files/b8f0487a-df73-4f8d-8b22-bb49cf9f3683/Monte_Claro.zip
Monte Claro;155,7999999999921;155,66999999999211;1,8961725703531;30,608131574638;UHE Monte Claro - CAV SNIRH.xlsx;b8f0487a-df73-4f8d-8b22-bb49cf9f3683;https://metadados.snirh.gov.br/files/b8f0487a-df73-4f8d-8b22-bb49cf9f3683/Monte_Claro.zip
Monte Claro;155,8099999999921;155,6799999999921;1,8966041136358;30,627094501393003;UHE Monte Claro - CAV SNIRH.xlsx;b8f0487a-df73-4f8d-8b22-bb49cf9f3683;https://metadados.snirh.gov.br/files/b8f0487a-df73-4f8d-8b22-bb49cf9f3683/Monte_Claro.zip
Monte Claro;155,8199999999921;155,6899999999921;1,8970363702700999;30,646062883551;UHE Monte Claro - CAV SNIRH.xlsx;b8f0487a-df73-4f8d-8b22-bb49cf9f3683;https://metadados.snirh.gov.br/files/b8f0487a-df73-4f8d-8b22-bb49cf9f3683/Monte_Claro.zip
Monte Claro;155,82999999999208;155,6999999999921;1,8974714042718999;30,665035326613;UHE Monte Claro - CAV SNIRH.xlsx;b8f0487a-df73-4f8d-8b22-bb49cf9f3683;https://metadados.snirh.gov.br/files/b8f0487a-df73-4f8d-8b22-bb49cf9f3683/Monte_Claro.zip
Monte Claro;155,83999999999207;155,70999999999208;1,8979088932672001;30,684011856363;UHE Monte Claro - CAV SNIRH.xlsx;b8f0487a-df73-4f8d-8b22-bb49cf9f3683;https://metadados.snirh.gov.br/files/b8f0487a-df73-4f8d-8b22-bb49cf9f3683/Monte_Claro.zip
Monte Claro;155,84999999999206;155,71999999999207;1,8983476655937999;30,702994296849003;UHE Monte Claro - CAV SNIRH.xlsx;b8f0487a-df73-4f8d-8b22-bb49cf9f3683;https://metadados.snirh.gov.br/files/b8f0487a-df73-4f8d-8b22-bb49cf9f3683/Monte_Claro.zip
Monte Claro;155,85999999999206;155,72999999999206;1,8987862009521002;30,721980614703;UHE Monte Claro - CAV SNIRH.xlsx;b8f0487a-df73-4f8d-8b22-bb49cf9f3683;https://metadados.snirh.gov.br/files/b8f0487a-df73-4f8d-8b22-bb49cf9f3683/Monte_Claro.zip
Monte Claro;155,86999999999205;155,73999999999205;1,8992258395123;30,740970452353;UHE Monte Claro - CAV SNIRH.xlsx;b8f0487a-df73-4f8d-8b22-bb49cf9f3683;https://metadados.snirh.gov.br/files/b8f0487a-df73-4f8d-8b22-bb49cf9f3683/Monte_Claro.zip
Monte Claro;155,87999999999204;155,74999999999204;1,8996669815702;30,759964561326;UHE Monte Claro - CAV SNIRH.xlsx;b8f0487a-df73-4f8d-8b22-bb49cf9f3683;https://metadados.snirh.gov.br/files/b8f0487a-df73-4f8d-8b22-bb49cf9f3683/Monte_Claro.zip
Monte Claro;155,88999999999203;155,75999999999203;1,9001077028845;30,778964208041;UHE Monte Claro - CAV SNIRH.xlsx;b8f0487a-df73-4f8d-8b22-bb49cf9f3683;https://metadados.snirh.gov.br/files/b8f0487a-df73-4f8d-8b22-bb49cf9f3683/Monte_Claro.zip
Monte Claro;155,89999999999202;155,76999999999202;1,9005482691861;30,797967446114;UHE Monte Claro - CAV SNIRH.xlsx;b8f0487a-df73-4f8d-8b22-bb49cf9f3683;https://metadados.snirh.gov.br/files/b8f0487a-df73-4f8d-8b22-bb49cf9f3683/Monte_Claro.zip
Monte Claro;155,909999999992;155,77999999999201;1,9009890276015;30,816975334269;UHE Monte Claro - CAV SNIRH.xlsx;b8f0487a-df73-4f8d-8b22-bb49cf9f3683;https://metadados.snirh.gov.br/files/b8f0487a-df73-4f8d-8b22-bb49cf9f3683/Monte_Claro.zip
Monte Claro;155,919999999992;155,789999999992;1,9014295737582;30,835987875732002;UHE Monte Claro - CAV SNIRH.xlsx;b8f0487a-df73-4f8d-8b22-bb49cf9f3683;https://metadados.snirh.gov.br/files/b8f0487a-df73-4f8d-8b22-bb49cf9f3683/Monte_Claro.zip
Monte Claro;155,929999999992;155,799999999992;1,9018703015528;30,855004260115003;UHE Monte Claro - CAV SNIRH.xlsx;b8f0487a-df73-4f8d-8b22-bb49cf9f3683;https://metadados.snirh.gov.br/files/b8f0487a-df73-4f8d-8b22-bb49cf9f3683/Monte_Claro.zip
Monte Claro;155,93999999999198;155,809999999992;1,9023116301749;30,874024879384;UHE Monte Claro - CAV SNIRH.xlsx;b8f0487a-df73-4f8d-8b22-bb49cf9f3683;https://metadados.snirh.gov.br/files/b8f0487a-df73-4f8d-8b22-bb49cf9f3683/Monte_Claro.zip
Monte Claro;155,94999999999197;155,81999999999198;1,9027533802052001;30,89305040613;UHE Monte Claro - CAV SNIRH.xlsx;b8f0487a-df73-4f8d-8b22-bb49cf9f3683;https://metadados.snirh.gov.br/files/b8f0487a-df73-4f8d-8b22-bb49cf9f3683/Monte_Claro.zip
Monte Claro;155,95999999999196;155,82999999999197;1,9031950126288;30,912080438437997;UHE Monte Claro - CAV SNIRH.xlsx;b8f0487a-df73-4f8d-8b22-bb49cf9f3683;https://metadados.snirh.gov.br/files/b8f0487a-df73-4f8d-8b22-bb49cf9f3683/Monte_Claro.zip
Monte Claro;155,96999999999196;155,83999999999196;1,9036370058627001;30,931114959842;UHE Monte Claro - CAV SNIRH.xlsx;b8f0487a-df73-4f8d-8b22-bb49cf9f3683;https://metadados.snirh.gov.br/files/b8f0487a-df73-4f8d-8b22-bb49cf9f3683/Monte_Claro.zip
Monte Claro;155,97999999999195;155,84999999999195;1,9040797895474;30,950154625508;UHE Monte Claro - CAV SNIRH.xlsx;b8f0487a-df73-4f8d-8b22-bb49cf9f3683;https://metadados.snirh.gov.br/files/b8f0487a-df73-4f8d-8b22-bb49cf9f3683/Monte_Claro.zip
Monte Claro;155,98999999999194;155,85999999999194;1,9045228165838;30,96919766093;UHE Monte Claro - CAV SNIRH.xlsx;b8f0487a-df73-4f8d-8b22-bb49cf9f3683;https://metadados.snirh.gov.br/files/b8f0487a-df73-4f8d-8b22-bb49cf9f3683/Monte_Claro.zip
Monte Claro;155,99999999999193;155,86999999999193;1,9049659731048;30,988244445151;UHE Monte Claro - CAV SNIRH.xlsx;b8f0487a-df73-4f8d-8b22-bb49cf9f3683;https://metadados.snirh.gov.br/files/b8f0487a-df73-4f8d-8b22-bb49cf9f3683/Monte_Claro.zip
Monte Claro;156,00999999999192;155,87999999999192;1,9054095050167;31,007296260414;UHE Monte Claro - CAV SNIRH.xlsx;b8f0487a-df73-4f8d-8b22-bb49cf9f3683;https://metadados.snirh.gov.br/files/b8f0487a-df73-4f8d-8b22-bb49cf9f3683/Monte_Claro.zip
Monte Claro;156,0199999999919;155,88999999999191;1,9058533261919999;31,026353178092;UHE Monte Claro - CAV SNIRH.xlsx;b8f0487a-df73-4f8d-8b22-bb49cf9f3683;https://metadados.snirh.gov.br/files/b8f0487a-df73-4f8d-8b22-bb49cf9f3683/Monte_Claro.zip
Monte Claro;156,0299999999919;155,8999999999919;1,9062975942454001;31,045413979691;UHE Monte Claro - CAV SNIRH.xlsx;b8f0487a-df73-4f8d-8b22-bb49cf9f3683;https://metadados.snirh.gov.br/files/b8f0487a-df73-4f8d-8b22-bb49cf9f3683/Monte_Claro.zip
Monte Claro;156,0399999999919;155,9099999999919;1,9067421777376;31,064479069755;UHE Monte Claro - CAV SNIRH.xlsx;b8f0487a-df73-4f8d-8b22-bb49cf9f3683;https://metadados.snirh.gov.br/files/b8f0487a-df73-4f8d-8b22-bb49cf9f3683/Monte_Claro.zip
Monte Claro;156,04999999999188;155,9199999999919;1,9071872768425;31,083548006744998;UHE Monte Claro - CAV SNIRH.xlsx;b8f0487a-df73-4f8d-8b22-bb49cf9f3683;https://metadados.snirh.gov.br/files/b8f0487a-df73-4f8d-8b22-bb49cf9f3683/Monte_Claro.zip
Monte Claro;156,05999999999187;155,92999999999188;1,9076336346043;31,102621278593;UHE Monte Claro - CAV SNIRH.xlsx;b8f0487a-df73-4f8d-8b22-bb49cf9f3683;https://metadados.snirh.gov.br/files/b8f0487a-df73-4f8d-8b22-bb49cf9f3683/Monte_Claro.zip
Monte Claro;156,06999999999186;155,93999999999187;1,9080806281651999;31,121700557799;UHE Monte Claro - CAV SNIRH.xlsx;b8f0487a-df73-4f8d-8b22-bb49cf9f3683;https://metadados.snirh.gov.br/files/b8f0487a-df73-4f8d-8b22-bb49cf9f3683/Monte_Claro.zip
Monte Claro;156,07999999999186;155,94999999999186;1,908528428288;31,140783435863;UHE Monte Claro - CAV SNIRH.xlsx;b8f0487a-df73-4f8d-8b22-bb49cf9f3683;https://metadados.snirh.gov.br/files/b8f0487a-df73-4f8d-8b22-bb49cf9f3683/Monte_Claro.zip
Monte Claro;156,08999999999185;155,95999999999185;1,9089767596088;31,159870114502002;UHE Monte Claro - CAV SNIRH.xlsx;b8f0487a-df73-4f8d-8b22-bb49cf9f3683;https://metadados.snirh.gov.br/files/b8f0487a-df73-4f8d-8b22-bb49cf9f3683/Monte_Claro.zip
Monte Claro;156,09999999999184;155,96999999999184;1,9094253906971;31,178961975029;UHE Monte Claro - CAV SNIRH.xlsx;b8f0487a-df73-4f8d-8b22-bb49cf9f3683;https://metadados.snirh.gov.br/files/b8f0487a-df73-4f8d-8b22-bb49cf9f3683/Monte_Claro.zip
Monte Claro;156,10999999999183;155,97999999999183;1,9098744032402;31,198058931074;UHE Monte Claro - CAV SNIRH.xlsx;b8f0487a-df73-4f8d-8b22-bb49cf9f3683;https://metadados.snirh.gov.br/files/b8f0487a-df73-4f8d-8b22-bb49cf9f3683/Monte_Claro.zip
Monte Claro;156,11999999999182;155,98999999999182;1,9103240780912;31,217160240002;UHE Monte Claro - CAV SNIRH.xlsx;b8f0487a-df73-4f8d-8b22-bb49cf9f3683;https://metadados.snirh.gov.br/files/b8f0487a-df73-4f8d-8b22-bb49cf9f3683/Monte_Claro.zip
Monte Claro;156,1299999999918;155,99999999999181;1,9107750005192;31,236266665789998;UHE Monte Claro - CAV SNIRH.xlsx;b8f0487a-df73-4f8d-8b22-bb49cf9f3683;https://metadados.snirh.gov.br/files/b8f0487a-df73-4f8d-8b22-bb49cf9f3683/Monte_Claro.zip
Monte Claro;156,1399999999918;156,0099999999918;1,9112269810802;31,255377069472;UHE Monte Claro - CAV SNIRH.xlsx;b8f0487a-df73-4f8d-8b22-bb49cf9f3683;https://metadados.snirh.gov.br/files/b8f0487a-df73-4f8d-8b22-bb49cf9f3683/Monte_Claro.zip
Monte Claro;156,1499999999918;156,0199999999918;1,9116799167388998;31,274491500046;UHE Monte Claro - CAV SNIRH.xlsx;b8f0487a-df73-4f8d-8b22-bb49cf9f3683;https://metadados.snirh.gov.br/files/b8f0487a-df73-4f8d-8b22-bb49cf9f3683/Monte_Claro.zip
Monte Claro;156,15999999999178;156,0299999999918;1,9121345323516;31,293610681033;UHE Monte Claro - CAV SNIRH.xlsx;b8f0487a-df73-4f8d-8b22-bb49cf9f3683;https://metadados.snirh.gov.br/files/b8f0487a-df73-4f8d-8b22-bb49cf9f3683/Monte_Claro.zip
Monte Claro;156,16999999999177;156,03999999999178;1,9125912060341;31,312734701087003;UHE Monte Claro - CAV SNIRH.xlsx;b8f0487a-df73-4f8d-8b22-bb49cf9f3683;https://metadados.snirh.gov.br/files/b8f0487a-df73-4f8d-8b22-bb49cf9f3683/Monte_Claro.zip
Monte Claro;156,17999999999176;156,04999999999177;1,9130492439634;31,331862740295;UHE Monte Claro - CAV SNIRH.xlsx;b8f0487a-df73-4f8d-8b22-bb49cf9f3683;https://metadados.snirh.gov.br/files/b8f0487a-df73-4f8d-8b22-bb49cf9f3683/Monte_Claro.zip
Monte Claro;156,18999999999176;156,05999999999176;1,9135100802962;31,350995854383;UHE Monte Claro - CAV SNIRH.xlsx;b8f0487a-df73-4f8d-8b22-bb49cf9f3683;https://metadados.snirh.gov.br/files/b8f0487a-df73-4f8d-8b22-bb49cf9f3683/Monte_Claro.zip
Monte Claro;156,19999999999175;156,06999999999175;1,9139741790266;31,370133140868997;UHE Monte Claro - CAV SNIRH.xlsx;b8f0487a-df73-4f8d-8b22-bb49cf9f3683;https://metadados.snirh.gov.br/files/b8f0487a-df73-4f8d-8b22-bb49cf9f3683/Monte_Claro.zip
Monte Claro;156,20999999999174;156,07999999999174;1,9144426615136;31,389275933053003;UHE Monte Claro - CAV SNIRH.xlsx;b8f0487a-df73-4f8d-8b22-bb49cf9f3683;https://metadados.snirh.gov.br/files/b8f0487a-df73-4f8d-8b22-bb49cf9f3683/Monte_Claro.zip
Monte Claro;156,21999999999173;156,08999999999173;1,9149243688663;31,408423070088;UHE Monte Claro - CAV SNIRH.xlsx;b8f0487a-df73-4f8d-8b22-bb49cf9f3683;https://metadados.snirh.gov.br/files/b8f0487a-df73-4f8d-8b22-bb49cf9f3683/Monte_Claro.zip
Monte Claro;156,22999999999172;156,09999999999172;1,915397096074;31,427575747793;UHE Monte Claro - CAV SNIRH.xlsx;b8f0487a-df73-4f8d-8b22-bb49cf9f3683;https://metadados.snirh.gov.br/files/b8f0487a-df73-4f8d-8b22-bb49cf9f3683/Monte_Claro.zip
Monte Claro;156,2399999999917;156,10999999999171;1,9158636087598;31,446732760364;UHE Monte Claro - CAV SNIRH.xlsx;b8f0487a-df73-4f8d-8b22-bb49cf9f3683;https://metadados.snirh.gov.br/files/b8f0487a-df73-4f8d-8b22-bb49cf9f3683/Monte_Claro.zip
Monte Claro;156,2499999999917;156,1199999999917;1,9163287965179;31,465893813287998;UHE Monte Claro - CAV SNIRH.xlsx;b8f0487a-df73-4f8d-8b22-bb49cf9f3683;https://metadados.snirh.gov.br/files/b8f0487a-df73-4f8d-8b22-bb49cf9f3683/Monte_Claro.zip
Monte Claro;156,2599999999917;156,1299999999917;1,9167923101995998;31,485059216135;UHE Monte Claro - CAV SNIRH.xlsx;b8f0487a-df73-4f8d-8b22-bb49cf9f3683;https://metadados.snirh.gov.br/files/b8f0487a-df73-4f8d-8b22-bb49cf9f3683/Monte_Claro.zip
Monte Claro;156,26999999999168;156,1399999999917;1,9172557282768;31,504230230955002;UHE Monte Claro - CAV SNIRH.xlsx;b8f0487a-df73-4f8d-8b22-bb49cf9f3683;https://metadados.snirh.gov.br/files/b8f0487a-df73-4f8d-8b22-bb49cf9f3683/Monte_Claro.zip
Monte Claro;156,27999999999167;156,14999999999168;1,9177198765859;31,523404724804;UHE Monte Claro - CAV SNIRH.xlsx;b8f0487a-df73-4f8d-8b22-bb49cf9f3683;https://metadados.snirh.gov.br/files/b8f0487a-df73-4f8d-8b22-bb49cf9f3683/Monte_Claro.zip
Monte Claro;156,28999999999166;156,15999999999167;1,9181849915915;31,54258429338;UHE Monte Claro - CAV SNIRH.xlsx;b8f0487a-df73-4f8d-8b22-bb49cf9f3683;https://metadados.snirh.gov.br/files/b8f0487a-df73-4f8d-8b22-bb49cf9f3683/Monte_Claro.zip
Monte Claro;156,29999999999166;156,16999999999166;1,9186512008793999;31,561768074741;UHE Monte Claro - CAV SNIRH.xlsx;b8f0487a-df73-4f8d-8b22-bb49cf9f3683;https://metadados.snirh.gov.br/files/b8f0487a-df73-4f8d-8b22-bb49cf9f3683/Monte_Claro.zip
Monte Claro;156,30999999999165;156,17999999999165;1,9191184988080998;31,580956847435;UHE Monte Claro - CAV SNIRH.xlsx;b8f0487a-df73-4f8d-8b22-bb49cf9f3683;https://metadados.snirh.gov.br/files/b8f0487a-df73-4f8d-8b22-bb49cf9f3683/Monte_Claro.zip
Monte Claro;156,31999999999164;156,18999999999164;1,919588029833;31,600151622014998;UHE Monte Claro - CAV SNIRH.xlsx;b8f0487a-df73-4f8d-8b22-bb49cf9f3683;https://metadados.snirh.gov.br/files/b8f0487a-df73-4f8d-8b22-bb49cf9f3683/Monte_Claro.zip
Monte Claro;156,32999999999163;156,19999999999163;1,9200604977117;31,61934913414;UHE Monte Claro - CAV SNIRH.xlsx;b8f0487a-df73-4f8d-8b22-bb49cf9f3683;https://metadados.snirh.gov.br/files/b8f0487a-df73-4f8d-8b22-bb49cf9f3683/Monte_Claro.zip
Monte Claro;156,33999999999162;156,20999999999162;1,9205369422919;31,638552073063;UHE Monte Claro - CAV SNIRH.xlsx;b8f0487a-df73-4f8d-8b22-bb49cf9f3683;https://metadados.snirh.gov.br/files/b8f0487a-df73-4f8d-8b22-bb49cf9f3683/Monte_Claro.zip
Monte Claro;156,3499999999916;156,21999999999161;1,9210206274958;31,657759765032;UHE Monte Claro - CAV SNIRH.xlsx;b8f0487a-df73-4f8d-8b22-bb49cf9f3683;https://metadados.snirh.gov.br/files/b8f0487a-df73-4f8d-8b22-bb49cf9f3683/Monte_Claro.zip
Monte Claro;156,3599999999916;156,2299999999916;1,9215215970858;31,676973017086;UHE Monte Claro - CAV SNIRH.xlsx;b8f0487a-df73-4f8d-8b22-bb49cf9f3683;https://metadados.snirh.gov.br/files/b8f0487a-df73-4f8d-8b22-bb49cf9f3683/Monte_Claro.zip
Monte Claro;156,3699999999916;156,2399999999916;1,9220020525725;31,696189831864;UHE Monte Claro - CAV SNIRH.xlsx;b8f0487a-df73-4f8d-8b22-bb49cf9f3683;https://metadados.snirh.gov.br/files/b8f0487a-df73-4f8d-8b22-bb49cf9f3683/Monte_Claro.zip
Monte Claro;156,37999999999158;156,2499999999916;1,9224729091095998;31,715412685591;UHE Monte Claro - CAV SNIRH.xlsx;b8f0487a-df73-4f8d-8b22-bb49cf9f3683;https://metadados.snirh.gov.br/files/b8f0487a-df73-4f8d-8b22-bb49cf9f3683/Monte_Claro.zip
Monte Claro;156,38999999999157;156,25999999999158;1,9229393803344002;31,734639845446;UHE Monte Claro - CAV SNIRH.xlsx;b8f0487a-df73-4f8d-8b22-bb49cf9f3683;https://metadados.snirh.gov.br/files/b8f0487a-df73-4f8d-8b22-bb49cf9f3683/Monte_Claro.zip
Monte Claro;156,39999999999156;156,26999999999157;1,9234015593948002;31,753872638276;UHE Monte Claro - CAV SNIRH.xlsx;b8f0487a-df73-4f8d-8b22-bb49cf9f3683;https://metadados.snirh.gov.br/files/b8f0487a-df73-4f8d-8b22-bb49cf9f3683/Monte_Claro.zip
Monte Claro;156,40999999999156;156,27999999999156;1,9238597236347001;31,773108974922998;UHE Monte Claro - CAV SNIRH.xlsx;b8f0487a-df73-4f8d-8b22-bb49cf9f3683;https://metadados.snirh.gov.br/files/b8f0487a-df73-4f8d-8b22-bb49cf9f3683/Monte_Claro.zip
Monte Claro;156,41999999999155;156,28999999999155;1,9243150890873;31,79235027904;UHE Monte Claro - CAV SNIRH.xlsx;b8f0487a-df73-4f8d-8b22-bb49cf9f3683;https://metadados.snirh.gov.br/files/b8f0487a-df73-4f8d-8b22-bb49cf9f3683/Monte_Claro.zip
Monte Claro;156,42999999999154;156,29999999999154;1,9247681633184;31,811595346357;UHE Monte Claro - CAV SNIRH.xlsx;b8f0487a-df73-4f8d-8b22-bb49cf9f3683;https://metadados.snirh.gov.br/files/b8f0487a-df73-4f8d-8b22-bb49cf9f3683/Monte_Claro.zip
Monte Claro;156,43999999999153;156,30999999999153;1,9252190346884002;31,830846389603998;UHE Monte Claro - CAV SNIRH.xlsx;b8f0487a-df73-4f8d-8b22-bb49cf9f3683;https://metadados.snirh.gov.br/files/b8f0487a-df73-4f8d-8b22-bb49cf9f3683/Monte_Claro.zip
Monte Claro;156,44999999999152;156,31999999999152;1,9256674834976;31,850101446345;UHE Monte Claro - CAV SNIRH.xlsx;b8f0487a-df73-4f8d-8b22-bb49cf9f3683;https://metadados.snirh.gov.br/files/b8f0487a-df73-4f8d-8b22-bb49cf9f3683/Monte_Claro.zip
Monte Claro;156,4599999999915;156,32999999999151;1,9261138780454;31,869360333000998;UHE Monte Claro - CAV SNIRH.xlsx;b8f0487a-df73-4f8d-8b22-bb49cf9f3683;https://metadados.snirh.gov.br/files/b8f0487a-df73-4f8d-8b22-bb49cf9f3683/Monte_Claro.zip
Monte Claro;156,4699999999915;156,3399999999915;1,9265584378663;31,888624381895;UHE Monte Claro - CAV SNIRH.xlsx;b8f0487a-df73-4f8d-8b22-bb49cf9f3683;https://metadados.snirh.gov.br/files/b8f0487a-df73-4f8d-8b22-bb49cf9f3683/Monte_Claro.zip
Monte Claro;156,4799999999915;156,3499999999915;1,9270013575446998;31,907892970659;UHE Monte Claro - CAV SNIRH.xlsx;b8f0487a-df73-4f8d-8b22-bb49cf9f3683;https://metadados.snirh.gov.br/files/b8f0487a-df73-4f8d-8b22-bb49cf9f3683/Monte_Claro.zip
Monte Claro;156,48999999999148;156,3599999999915;1,9274427666386;31,927165855714;UHE Monte Claro - CAV SNIRH.xlsx;b8f0487a-df73-4f8d-8b22-bb49cf9f3683;https://metadados.snirh.gov.br/files/b8f0487a-df73-4f8d-8b22-bb49cf9f3683/Monte_Claro.zip
Monte Claro;156,49999999999147;156,36999999999148;1,9278825414640999;31,946444357267;UHE Monte Claro - CAV SNIRH.xlsx;b8f0487a-df73-4f8d-8b22-bb49cf9f3683;https://metadados.snirh.gov.br/files/b8f0487a-df73-4f8d-8b22-bb49cf9f3683/Monte_Claro.zip
Monte Claro;156,50999999999146;156,37999999999147;1,9283205039943;31,965725452373;UHE Monte Claro - CAV SNIRH.xlsx;b8f0487a-df73-4f8d-8b22-bb49cf9f3683;https://metadados.snirh.gov.br/files/b8f0487a-df73-4f8d-8b22-bb49cf9f3683/Monte_Claro.zip
Monte Claro;156,51999999999146;156,38999999999146;1,9287568187628;31,985011146843;UHE Monte Claro - CAV SNIRH.xlsx;b8f0487a-df73-4f8d-8b22-bb49cf9f3683;https://metadados.snirh.gov.br/files/b8f0487a-df73-4f8d-8b22-bb49cf9f3683/Monte_Claro.zip
Monte Claro;156,52999999999145;156,39999999999145;1,9291915677866;32,00430111395;UHE Monte Claro - CAV SNIRH.xlsx;b8f0487a-df73-4f8d-8b22-bb49cf9f3683;https://metadados.snirh.gov.br/files/b8f0487a-df73-4f8d-8b22-bb49cf9f3683/Monte_Claro.zip
Monte Claro;156,53999999999144;156,40999999999144;1,9296248977667998;32,023596265512;UHE Monte Claro - CAV SNIRH.xlsx;b8f0487a-df73-4f8d-8b22-bb49cf9f3683;https://metadados.snirh.gov.br/files/b8f0487a-df73-4f8d-8b22-bb49cf9f3683/Monte_Claro.zip
Monte Claro;156,54999999999143;156,41999999999143;1,9300569172219;32,04289584797;UHE Monte Claro - CAV SNIRH.xlsx;b8f0487a-df73-4f8d-8b22-bb49cf9f3683;https://metadados.snirh.gov.br/files/b8f0487a-df73-4f8d-8b22-bb49cf9f3683/Monte_Claro.zip
Monte Claro;156,55999999999142;156,42999999999142;1,9304875525592;32,062198963268;UHE Monte Claro - CAV SNIRH.xlsx;b8f0487a-df73-4f8d-8b22-bb49cf9f3683;https://metadados.snirh.gov.br/files/b8f0487a-df73-4f8d-8b22-bb49cf9f3683/Monte_Claro.zip
Monte Claro;156,5699999999914;156,43999999999141;1,9309166397902;32,081506336217004;UHE Monte Claro - CAV SNIRH.xlsx;b8f0487a-df73-4f8d-8b22-bb49cf9f3683;https://metadados.snirh.gov.br/files/b8f0487a-df73-4f8d-8b22-bb49cf9f3683/Monte_Claro.zip
Monte Claro;156,5799999999914;156,4499999999914;1,9313442010715;32,100818329283;UHE Monte Claro - CAV SNIRH.xlsx;b8f0487a-df73-4f8d-8b22-bb49cf9f3683;https://metadados.snirh.gov.br/files/b8f0487a-df73-4f8d-8b22-bb49cf9f3683/Monte_Claro.zip
Monte Claro;156,5899999999914;156,4599999999914;1,9317702225126998;32,120134943307;UHE Monte Claro - CAV SNIRH.xlsx;b8f0487a-df73-4f8d-8b22-bb49cf9f3683;https://metadados.snirh.gov.br/files/b8f0487a-df73-4f8d-8b22-bb49cf9f3683/Monte_Claro.zip
Monte Claro;156,59999999999138;156,4699999999914;1,9321945058393002;32,139456520437;UHE Monte Claro - CAV SNIRH.xlsx;b8f0487a-df73-4f8d-8b22-bb49cf9f3683;https://metadados.snirh.gov.br/files/b8f0487a-df73-4f8d-8b22-bb49cf9f3683/Monte_Claro.zip
Monte Claro;156,60999999999137;156,47999999999138;1,9326170231296;32,158781502257;UHE Monte Claro - CAV SNIRH.xlsx;b8f0487a-df73-4f8d-8b22-bb49cf9f3683;https://metadados.snirh.gov.br/files/b8f0487a-df73-4f8d-8b22-bb49cf9f3683/Monte_Claro.zip
Monte Claro;156,61999999999136;156,48999999999137;1,933037946555;32,178110611473;UHE Monte Claro - CAV SNIRH.xlsx;b8f0487a-df73-4f8d-8b22-bb49cf9f3683;https://metadados.snirh.gov.br/files/b8f0487a-df73-4f8d-8b22-bb49cf9f3683/Monte_Claro.zip
Monte Claro;156,62999999999136;156,49999999999136;1,9334571966698;32,197444455875;UHE Monte Claro - CAV SNIRH.xlsx;b8f0487a-df73-4f8d-8b22-bb49cf9f3683;https://metadados.snirh.gov.br/files/b8f0487a-df73-4f8d-8b22-bb49cf9f3683/Monte_Claro.zip
Monte Claro;156,63999999999135;156,50999999999135;1,9338748781162;32,216782280977;UHE Monte Claro - CAV SNIRH.xlsx;b8f0487a-df73-4f8d-8b22-bb49cf9f3683;https://metadados.snirh.gov.br/files/b8f0487a-df73-4f8d-8b22-bb49cf9f3683/Monte_Claro.zip
Monte Claro;156,64999999999134;156,51999999999134;1,9342908932484;32,236124266676;UHE Monte Claro - CAV SNIRH.xlsx;b8f0487a-df73-4f8d-8b22-bb49cf9f3683;https://metadados.snirh.gov.br/files/b8f0487a-df73-4f8d-8b22-bb49cf9f3683/Monte_Claro.zip
Monte Claro;156,65999999999133;156,52999999999133;1,9347051899949;32,255470483991;UHE Monte Claro - CAV SNIRH.xlsx;b8f0487a-df73-4f8d-8b22-bb49cf9f3683;https://metadados.snirh.gov.br/files/b8f0487a-df73-4f8d-8b22-bb49cf9f3683/Monte_Claro.zip
Monte Claro;156,66999999999132;156,53999999999132;1,9351177202227;32,274821217475;UHE Monte Claro - CAV SNIRH.xlsx;b8f0487a-df73-4f8d-8b22-bb49cf9f3683;https://metadados.snirh.gov.br/files/b8f0487a-df73-4f8d-8b22-bb49cf9f3683/Monte_Claro.zip
Monte Claro;156,6799999999913;156,54999999999131;1,9355284651487;32,294175190572;UHE Monte Claro - CAV SNIRH.xlsx;b8f0487a-df73-4f8d-8b22-bb49cf9f3683;https://metadados.snirh.gov.br/files/b8f0487a-df73-4f8d-8b22-bb49cf9f3683/Monte_Claro.zip
Monte Claro;156,6899999999913;156,5599999999913;1,9359371949177;32,313533021003;UHE Monte Claro - CAV SNIRH.xlsx;b8f0487a-df73-4f8d-8b22-bb49cf9f3683;https://metadados.snirh.gov.br/files/b8f0487a-df73-4f8d-8b22-bb49cf9f3683/Monte_Claro.zip
Monte Claro;156,6999999999913;156,5699999999913;1,9363438678765;32,33289584401;UHE Monte Claro - CAV SNIRH.xlsx;b8f0487a-df73-4f8d-8b22-bb49cf9f3683;https://metadados.snirh.gov.br/files/b8f0487a-df73-4f8d-8b22-bb49cf9f3683/Monte_Claro.zip
Monte Claro;156,70999999999128;156,5799999999913;1,9367484383898;32,352262124060005;UHE Monte Claro - CAV SNIRH.xlsx;b8f0487a-df73-4f8d-8b22-bb49cf9f3683;https://metadados.snirh.gov.br/files/b8f0487a-df73-4f8d-8b22-bb49cf9f3683/Monte_Claro.zip
Monte Claro;156,71999999999127;156,58999999999128;1,9371508293158;32,371633073264;UHE Monte Claro - CAV SNIRH.xlsx;b8f0487a-df73-4f8d-8b22-bb49cf9f3683;https://metadados.snirh.gov.br/files/b8f0487a-df73-4f8d-8b22-bb49cf9f3683/Monte_Claro.zip
Monte Claro;156,72999999999126;156,59999999999127;1,9375509416346999;32,391008781334;UHE Monte Claro - CAV SNIRH.xlsx;b8f0487a-df73-4f8d-8b22-bb49cf9f3683;https://metadados.snirh.gov.br/files/b8f0487a-df73-4f8d-8b22-bb49cf9f3683/Monte_Claro.zip
Monte Claro;156,73999999999126;156,60999999999126;1,9379487366239;32,410388171836;UHE Monte Claro - CAV SNIRH.xlsx;b8f0487a-df73-4f8d-8b22-bb49cf9f3683;https://metadados.snirh.gov.br/files/b8f0487a-df73-4f8d-8b22-bb49cf9f3683/Monte_Claro.zip
Monte Claro;156,74999999999125;156,61999999999125;1,9383441218916;32,429771890576;UHE Monte Claro - CAV SNIRH.xlsx;b8f0487a-df73-4f8d-8b22-bb49cf9f3683;https://metadados.snirh.gov.br/files/b8f0487a-df73-4f8d-8b22-bb49cf9f3683/Monte_Claro.zip
Monte Claro;156,75999999999124;156,62999999999124;1,9387370695791;32,449158967684;UHE Monte Claro - CAV SNIRH.xlsx;b8f0487a-df73-4f8d-8b22-bb49cf9f3683;https://metadados.snirh.gov.br/files/b8f0487a-df73-4f8d-8b22-bb49cf9f3683/Monte_Claro.zip
Monte Claro;156,76999999999123;156,63999999999123;1,9391275795475;32,46855004305;UHE Monte Claro - CAV SNIRH.xlsx;b8f0487a-df73-4f8d-8b22-bb49cf9f3683;https://metadados.snirh.gov.br/files/b8f0487a-df73-4f8d-8b22-bb49cf9f3683/Monte_Claro.zip
Monte Claro;156,77999999999122;156,64999999999122;1,9395154852415;32,487946336902;UHE Monte Claro - CAV SNIRH.xlsx;b8f0487a-df73-4f8d-8b22-bb49cf9f3683;https://metadados.snirh.gov.br/files/b8f0487a-df73-4f8d-8b22-bb49cf9f3683/Monte_Claro.zip
Monte Claro;156,7899999999912;156,65999999999121;1,9399006429712;32,507346484374004;UHE Monte Claro - CAV SNIRH.xlsx;b8f0487a-df73-4f8d-8b22-bb49cf9f3683;https://metadados.snirh.gov.br/files/b8f0487a-df73-4f8d-8b22-bb49cf9f3683/Monte_Claro.zip
Monte Claro;156,7999999999912;156,6699999999912;1,9402828633024;32,526749870817;UHE Monte Claro - CAV SNIRH.xlsx;b8f0487a-df73-4f8d-8b22-bb49cf9f3683;https://metadados.snirh.gov.br/files/b8f0487a-df73-4f8d-8b22-bb49cf9f3683/Monte_Claro.zip
Monte Claro;156,8099999999912;156,6799999999912;1,9406619494632;32,546156962967004;UHE Monte Claro - CAV SNIRH.xlsx;b8f0487a-df73-4f8d-8b22-bb49cf9f3683;https://metadados.snirh.gov.br/files/b8f0487a-df73-4f8d-8b22-bb49cf9f3683/Monte_Claro.zip
Monte Claro;156,81999999999118;156,6899999999912;1,9410377914652999;32,56556878227;UHE Monte Claro - CAV SNIRH.xlsx;b8f0487a-df73-4f8d-8b22-bb49cf9f3683;https://metadados.snirh.gov.br/files/b8f0487a-df73-4f8d-8b22-bb49cf9f3683/Monte_Claro.zip
Monte Claro;156,82999999999117;156,69999999999118;1,9414101713576;32,584983948630004;UHE Monte Claro - CAV SNIRH.xlsx;b8f0487a-df73-4f8d-8b22-bb49cf9f3683;https://metadados.snirh.gov.br/files/b8f0487a-df73-4f8d-8b22-bb49cf9f3683/Monte_Claro.zip
Monte Claro;156,83999999999116;156,70999999999117;1,9417788671361;32,604403100749;UHE Monte Claro - CAV SNIRH.xlsx;b8f0487a-df73-4f8d-8b22-bb49cf9f3683;https://metadados.snirh.gov.br/files/b8f0487a-df73-4f8d-8b22-bb49cf9f3683/Monte_Claro.zip
Monte Claro;156,84999999999116;156,71999999999116;1,9421437616625;32,623827050687;UHE Monte Claro - CAV SNIRH.xlsx;b8f0487a-df73-4f8d-8b22-bb49cf9f3683;https://metadados.snirh.gov.br/files/b8f0487a-df73-4f8d-8b22-bb49cf9f3683/Monte_Claro.zip
Monte Claro;156,85999999999115;156,72999999999115;1,9425045730277;32,643254458872;UHE Monte Claro - CAV SNIRH.xlsx;b8f0487a-df73-4f8d-8b22-bb49cf9f3683;https://metadados.snirh.gov.br/files/b8f0487a-df73-4f8d-8b22-bb49cf9f3683/Monte_Claro.zip
Monte Claro;156,86999999999114;156,73999999999114;1,9428612060533998;32,662684850736;UHE Monte Claro - CAV SNIRH.xlsx;b8f0487a-df73-4f8d-8b22-bb49cf9f3683;https://metadados.snirh.gov.br/files/b8f0487a-df73-4f8d-8b22-bb49cf9f3683/Monte_Claro.zip
Monte Claro;156,87999999999113;156,74999999999113;1,9432136363074;32,682118596692;UHE Monte Claro - CAV SNIRH.xlsx;b8f0487a-df73-4f8d-8b22-bb49cf9f3683;https://metadados.snirh.gov.br/files/b8f0487a-df73-4f8d-8b22-bb49cf9f3683/Monte_Claro.zip
Monte Claro;156,88999999999112;156,75999999999112;1,9435616601132;32,701557248816;UHE Monte Claro - CAV SNIRH.xlsx;b8f0487a-df73-4f8d-8b22-bb49cf9f3683;https://metadados.snirh.gov.br/files/b8f0487a-df73-4f8d-8b22-bb49cf9f3683/Monte_Claro.zip
Monte Claro;156,8999999999911;156,76999999999111;1,9439051880079998;32,720998730105;UHE Monte Claro - CAV SNIRH.xlsx;b8f0487a-df73-4f8d-8b22-bb49cf9f3683;https://metadados.snirh.gov.br/files/b8f0487a-df73-4f8d-8b22-bb49cf9f3683/Monte_Claro.zip
Monte Claro;156,9099999999911;156,7799999999911;1,9442440353047998;32,740444444081;UHE Monte Claro - CAV SNIRH.xlsx;b8f0487a-df73-4f8d-8b22-bb49cf9f3683;https://metadados.snirh.gov.br/files/b8f0487a-df73-4f8d-8b22-bb49cf9f3683/Monte_Claro.zip
Monte Claro;156,9199999999911;156,7899999999911;1,9445779521778999;32,759893511014;UHE Monte Claro - CAV SNIRH.xlsx;b8f0487a-df73-4f8d-8b22-bb49cf9f3683;https://metadados.snirh.gov.br/files/b8f0487a-df73-4f8d-8b22-bb49cf9f3683/Monte_Claro.zip
Monte Claro;156,92999999999108;156,7999999999911;1,9449068181989;32,779346678329;UHE Monte Claro - CAV SNIRH.xlsx;b8f0487a-df73-4f8d-8b22-bb49cf9f3683;https://metadados.snirh.gov.br/files/b8f0487a-df73-4f8d-8b22-bb49cf9f3683/Monte_Claro.zip
Monte Claro;156,93999999999107;156,80999999999108;1,9452305326606;32,798803282318;UHE Monte Claro - CAV SNIRH.xlsx;b8f0487a-df73-4f8d-8b22-bb49cf9f3683;https://metadados.snirh.gov.br/files/b8f0487a-df73-4f8d-8b22-bb49cf9f3683/Monte_Claro.zip
Monte Claro;156,94999999999106;156,81999999999107;1,9455488413595001;32,818262280578;UHE Monte Claro - CAV SNIRH.xlsx;b8f0487a-df73-4f8d-8b22-bb49cf9f3683;https://metadados.snirh.gov.br/files/b8f0487a-df73-4f8d-8b22-bb49cf9f3683/Monte_Claro.zip
Monte Claro;156,95999999999106;156,82999999999106;1,9458615937602999;32,837725507736;UHE Monte Claro - CAV SNIRH.xlsx;b8f0487a-df73-4f8d-8b22-bb49cf9f3683;https://metadados.snirh.gov.br/files/b8f0487a-df73-4f8d-8b22-bb49cf9f3683/Monte_Claro.zip
Monte Claro;156,96999999999105;156,83999999999105;1,946168816777;32,857191697649;UHE Monte Claro - CAV SNIRH.xlsx;b8f0487a-df73-4f8d-8b22-bb49cf9f3683;https://metadados.snirh.gov.br/files/b8f0487a-df73-4f8d-8b22-bb49cf9f3683/Monte_Claro.zip
Monte Claro;156,97999999999104;156,84999999999104;1,9464702746182;32,876660545316;UHE Monte Claro - CAV SNIRH.xlsx;b8f0487a-df73-4f8d-8b22-bb49cf9f3683;https://metadados.snirh.gov.br/files/b8f0487a-df73-4f8d-8b22-bb49cf9f3683/Monte_Claro.zip
Monte Claro;156,98999999999103;156,85999999999103;1,946765735012;32,896133026174;UHE Monte Claro - CAV SNIRH.xlsx;b8f0487a-df73-4f8d-8b22-bb49cf9f3683;https://metadados.snirh.gov.br/files/b8f0487a-df73-4f8d-8b22-bb49cf9f3683/Monte_Claro.zip
Monte Claro;156,99999999999102;156,86999999999102;1,9470549664508;32,91560892086;UHE Monte Claro - CAV SNIRH.xlsx;b8f0487a-df73-4f8d-8b22-bb49cf9f3683;https://metadados.snirh.gov.br/files/b8f0487a-df73-4f8d-8b22-bb49cf9f3683/Monte_Claro.zip
Monte Claro;157,009999999991;156,879999999991;1,9473376858069;32,935087118260995;UHE Monte Claro - CAV SNIRH.xlsx;b8f0487a-df73-4f8d-8b22-bb49cf9f3683;https://metadados.snirh.gov.br/files/b8f0487a-df73-4f8d-8b22-bb49cf9f3683/Monte_Claro.zip
Monte Claro;157,019999999991;156,889999999991;1,9476135343165;32,954568943257996;UHE Monte Claro - CAV SNIRH.xlsx;b8f0487a-df73-4f8d-8b22-bb49cf9f3683;https://metadados.snirh.gov.br/files/b8f0487a-df73-4f8d-8b22-bb49cf9f3683/Monte_Claro.zip
Monte Claro;157,029999999991;156,899999999991;1,9478822985581;32,974053510549;UHE Monte Claro - CAV SNIRH.xlsx;b8f0487a-df73-4f8d-8b22-bb49cf9f3683;https://metadados.snirh.gov.br/files/b8f0487a-df73-4f8d-8b22-bb49cf9f3683/Monte_Claro.zip
Monte Claro;157,03999999999098;156,909999999991;1,9481437108332;32,993539999982;UHE Monte Claro - CAV SNIRH.xlsx;b8f0487a-df73-4f8d-8b22-bb49cf9f3683;https://metadados.snirh.gov.br/files/b8f0487a-df73-4f8d-8b22-bb49cf9f3683/Monte_Claro.zip
Monte Claro;157,04999999999097;156,91999999999098;1,9483975561045999;33,013030169317;UHE Monte Claro - CAV SNIRH.xlsx;b8f0487a-df73-4f8d-8b22-bb49cf9f3683;https://metadados.snirh.gov.br/files/b8f0487a-df73-4f8d-8b22-bb49cf9f3683/Monte_Claro.zip
Monte Claro;157,05999999999096;156,92999999999097;1,9486434813831;33,032522970862004;UHE Monte Claro - CAV SNIRH.xlsx;b8f0487a-df73-4f8d-8b22-bb49cf9f3683;https://metadados.snirh.gov.br/files/b8f0487a-df73-4f8d-8b22-bb49cf9f3683/Monte_Claro.zip
Monte Claro;157,06999999999096;156,93999999999096;1,9488811741767;33,052017916819;UHE Monte Claro - CAV SNIRH.xlsx;b8f0487a-df73-4f8d-8b22-bb49cf9f3683;https://metadados.snirh.gov.br/files/b8f0487a-df73-4f8d-8b22-bb49cf9f3683/Monte_Claro.zip
Monte Claro;157,07999999999095;156,94999999999095;1,9491104771362;33,071515501385;UHE Monte Claro - CAV SNIRH.xlsx;b8f0487a-df73-4f8d-8b22-bb49cf9f3683;https://metadados.snirh.gov.br/files/b8f0487a-df73-4f8d-8b22-bb49cf9f3683/Monte_Claro.zip
Monte Claro;157,08999999999094;156,95999999999094;1,9493312409861;33,091015164454;UHE Monte Claro - CAV SNIRH.xlsx;b8f0487a-df73-4f8d-8b22-bb49cf9f3683;https://metadados.snirh.gov.br/files/b8f0487a-df73-4f8d-8b22-bb49cf9f3683/Monte_Claro.zip
Monte Claro;157,09999999999093;156,96999999999093;1,9495431612365;33,110516527946;UHE Monte Claro - CAV SNIRH.xlsx;b8f0487a-df73-4f8d-8b22-bb49cf9f3683;https://metadados.snirh.gov.br/files/b8f0487a-df73-4f8d-8b22-bb49cf9f3683/Monte_Claro.zip
Monte Claro;157,10999999999092;156,97999999999092;1,9497464980829;33,130019740423;UHE Monte Claro - CAV SNIRH.xlsx;b8f0487a-df73-4f8d-8b22-bb49cf9f3683;https://metadados.snirh.gov.br/files/b8f0487a-df73-4f8d-8b22-bb49cf9f3683/Monte_Claro.zip
Monte Claro;157,1199999999909;156,9899999999909;1,9499411696456999;33,149525238329;UHE Monte Claro - CAV SNIRH.xlsx;b8f0487a-df73-4f8d-8b22-bb49cf9f3683;https://metadados.snirh.gov.br/files/b8f0487a-df73-4f8d-8b22-bb49cf9f3683/Monte_Claro.zip
Monte Claro;157,1299999999909;156,9999999999909;1,9501273200284999;33,169032537546;UHE Monte Claro - CAV SNIRH.xlsx;b8f0487a-df73-4f8d-8b22-bb49cf9f3683;https://metadados.snirh.gov.br/files/b8f0487a-df73-4f8d-8b22-bb49cf9f3683/Monte_Claro.zip
Monte Claro;157,1399999999909;157,0099999999909;1,9503050703765;33,188541664395004;UHE Monte Claro - CAV SNIRH.xlsx;b8f0487a-df73-4f8d-8b22-bb49cf9f3683;https://metadados.snirh.gov.br/files/b8f0487a-df73-4f8d-8b22-bb49cf9f3683/Monte_Claro.zip
Monte Claro;157,14999999999088;157,0199999999909;1,9504744147859;33,20805192959;UHE Monte Claro - CAV SNIRH.xlsx;b8f0487a-df73-4f8d-8b22-bb49cf9f3683;https://metadados.snirh.gov.br/files/b8f0487a-df73-4f8d-8b22-bb49cf9f3683/Monte_Claro.zip
Monte Claro;157,15999999999087;157,02999999999088;1,9506353081435;33,227564113523;UHE Monte Claro - CAV SNIRH.xlsx;b8f0487a-df73-4f8d-8b22-bb49cf9f3683;https://metadados.snirh.gov.br/files/b8f0487a-df73-4f8d-8b22-bb49cf9f3683/Monte_Claro.zip
Monte Claro;157,16999999999086;157,03999999999087;1,9507877270189;33,247077447491996;UHE Monte Claro - CAV SNIRH.xlsx;b8f0487a-df73-4f8d-8b22-bb49cf9f3683;https://metadados.snirh.gov.br/files/b8f0487a-df73-4f8d-8b22-bb49cf9f3683/Monte_Claro.zip
Monte Claro;157,17999999999086;157,04999999999086;1,9509310100334;33,266591878527;UHE Monte Claro - CAV SNIRH.xlsx;b8f0487a-df73-4f8d-8b22-bb49cf9f3683;https://metadados.snirh.gov.br/files/b8f0487a-df73-4f8d-8b22-bb49cf9f3683/Monte_Claro.zip
Monte Claro;157,18999999999085;157,05999999999085;1,9510645477514;33,286108652306;UHE Monte Claro - CAV SNIRH.xlsx;b8f0487a-df73-4f8d-8b22-bb49cf9f3683;https://metadados.snirh.gov.br/files/b8f0487a-df73-4f8d-8b22-bb49cf9f3683/Monte_Claro.zip
Monte Claro;157,19999999999084;157,06999999999084;1,9511879446624;33,305625874262;UHE Monte Claro - CAV SNIRH.xlsx;b8f0487a-df73-4f8d-8b22-bb49cf9f3683;https://metadados.snirh.gov.br/files/b8f0487a-df73-4f8d-8b22-bb49cf9f3683/Monte_Claro.zip
Monte Claro;157,20999999999083;157,07999999999083;1,9513010385146;33,325143841801;UHE Monte Claro - CAV SNIRH.xlsx;b8f0487a-df73-4f8d-8b22-bb49cf9f3683;https://metadados.snirh.gov.br/files/b8f0487a-df73-4f8d-8b22-bb49cf9f3683/Monte_Claro.zip
Monte Claro;157,21999999999082;157,08999999999082;1,9514026399363;33,344663440777;UHE Monte Claro - CAV SNIRH.xlsx;b8f0487a-df73-4f8d-8b22-bb49cf9f3683;https://metadados.snirh.gov.br/files/b8f0487a-df73-4f8d-8b22-bb49cf9f3683/Monte_Claro.zip
Monte Claro;157,2299999999908;157,0999999999908;1,9514897780188;33,364183423011;UHE Monte Claro - CAV SNIRH.xlsx;b8f0487a-df73-4f8d-8b22-bb49cf9f3683;https://metadados.snirh.gov.br/files/b8f0487a-df73-4f8d-8b22-bb49cf9f3683/Monte_Claro.zip
Monte Claro;157,2399999999908;157,1099999999908;1,9515595220674;33,38370453283;UHE Monte Claro - CAV SNIRH.xlsx;b8f0487a-df73-4f8d-8b22-bb49cf9f3683;https://metadados.snirh.gov.br/files/b8f0487a-df73-4f8d-8b22-bb49cf9f3683/Monte_Claro.zip
Monte Claro;157,2499999999908;157,1199999999908;1,9516116348726;33,403226140719;UHE Monte Claro - CAV SNIRH.xlsx;b8f0487a-df73-4f8d-8b22-bb49cf9f3683;https://metadados.snirh.gov.br/files/b8f0487a-df73-4f8d-8b22-bb49cf9f3683/Monte_Claro.zip
