usina;cota_sl_m;cota_sgb_m;area_km2;volume_hm3;arquivo_fonte;registro_snirh;url_download
Castro Alves;187,05;186,9;0,0;0,0;UHE Castro Alves - CAV SNIRH.xlsx;b8f0487a-df73-4f8d-8b22-bb49cf9f3683;https://metadados.snirh.gov.br/files/b8f0487a-df73-4f8d-8b22-bb49cf9f3683/Castro_Alves.zip
Castro Alves;187,15;187,0;1,2556193862434e-05;1,4174184250687e-07;UHE Castro Alves - CAV SNIRH.xlsx;b8f0487a-df73-4f8d-8b22-bb49cf9f3683;https://metadados.snirh.gov.br/files/b8f0487a-df73-4f8d-8b22-bb49cf9f3683/Castro_Alves.zip
Castro Alves;187,25;187,1;0,00020669130910664;8,989330255234699e-06;UHE Castro Alves - CAV SNIRH.xlsx;b8f0487a-df73-4f8d-8b22-bb49cf9f3683;https://metadados.snirh.gov.br/files/b8f0487a-df73-4f8d-8b22-bb49cf9f3683/Castro_Alves.zip
Castro Alves;187,35;187,2;0,00040622974441911996;3,9479017494142e-05;UHE Castro Alves - CAV SNIRH.xlsx;b8f0487a-df73-4f8d-8b22-bb49cf9f3683;https://metadados.snirh.gov.br/files/b8f0487a-df73-4f8d-8b22-bb49cf9f3683/Castro_Alves.zip
Castro Alves;187,45;187,29999999999998;0,00062515427139172;9,015690119649599e-05;UHE Castro Alves - CAV SNIRH.xlsx;b8f0487a-df73-4f8d-8b22-bb49cf9f3683;https://metadados.snirh.gov.br/files/b8f0487a-df73-4f8d-8b22-bb49cf9f3683/Castro_Alves.zip
Castro Alves;187,54999999999998;187,39999999999998;0,00089749048447012;0,0001651743937521;UHE Castro Alves - CAV SNIRH.xlsx;b8f0487a-df73-4f8d-8b22-bb49cf9f3683;https://metadados.snirh.gov.br/files/b8f0487a-df73-4f8d-8b22-bb49cf9f3683/Castro_Alves.zip
Castro Alves;187,64999999999998;187,49999999999997;0,0012337766681801;0,00027130509043079003;UHE Castro Alves - CAV SNIRH.xlsx;b8f0487a-df73-4f8d-8b22-bb49cf9f3683;https://metadados.snirh.gov.br/files/b8f0487a-df73-4f8d-8b22-bb49cf9f3683/Castro_Alves.zip
Castro Alves;187,74999999999997;187,59999999999997;0,0016249259049920999;0,00041204942102523;UHE Castro Alves - CAV SNIRH.xlsx;b8f0487a-df73-4f8d-8b22-bb49cf9f3683;https://metadados.snirh.gov.br/files/b8f0487a-df73-4f8d-8b22-bb49cf9f3683/Castro_Alves.zip
Castro Alves;187,84999999999997;187,69999999999996;0,0021497020933394003;0,00060010418697444;UHE Castro Alves - CAV SNIRH.xlsx;b8f0487a-df73-4f8d-8b22-bb49cf9f3683;https://metadados.snirh.gov.br/files/b8f0487a-df73-4f8d-8b22-bb49cf9f3683/Castro_Alves.zip
Castro Alves;187,94999999999996;187,79999999999995;0,0027174064364701997;0,0008428848894137399;UHE Castro Alves - CAV SNIRH.xlsx;b8f0487a-df73-4f8d-8b22-bb49cf9f3683;https://metadados.snirh.gov.br/files/b8f0487a-df73-4f8d-8b22-bb49cf9f3683/Castro_Alves.zip
Castro Alves;188,04999999999995;187,89999999999995;0,0032737096677389;0,0011417490697062;UHE Castro Alves - CAV SNIRH.xlsx;b8f0487a-df73-4f8d-8b22-bb49cf9f3683;https://metadados.snirh.gov.br/files/b8f0487a-df73-4f8d-8b22-bb49cf9f3683/Castro_Alves.zip
Castro Alves;188,14999999999995;187,99999999999994;0,0038266501999771;0,001496744797245;UHE Castro Alves - CAV SNIRH.xlsx;b8f0487a-df73-4f8d-8b22-bb49cf9f3683;https://metadados.snirh.gov.br/files/b8f0487a-df73-4f8d-8b22-bb49cf9f3683/Castro_Alves.zip
Castro Alves;188,24999999999994;188,09999999999994;0,0042803450511371;0,0019018717459994;UHE Castro Alves - CAV SNIRH.xlsx;b8f0487a-df73-4f8d-8b22-bb49cf9f3683;https://metadados.snirh.gov.br/files/b8f0487a-df73-4f8d-8b22-bb49cf9f3683/Castro_Alves.zip
Castro Alves;188,34999999999994;188,19999999999993;0,004674980672626499;0,0023494492232788004;UHE Castro Alves - CAV SNIRH.xlsx;b8f0487a-df73-4f8d-8b22-bb49cf9f3683;https://metadados.snirh.gov.br/files/b8f0487a-df73-4f8d-8b22-bb49cf9f3683/Castro_Alves.zip
Castro Alves;188,44999999999993;188,29999999999993;0,0051025707505641;0,0028371468673719;UHE Castro Alves - CAV SNIRH.xlsx;b8f0487a-df73-4f8d-8b22-bb49cf9f3683;https://metadados.snirh.gov.br/files/b8f0487a-df73-4f8d-8b22-bb49cf9f3683/Castro_Alves.zip
Castro Alves;188,54999999999993;188,39999999999992;0,0055702705855893;0,0033690318138789;UHE Castro Alves - CAV SNIRH.xlsx;b8f0487a-df73-4f8d-8b22-bb49cf9f3683;https://metadados.snirh.gov.br/files/b8f0487a-df73-4f8d-8b22-bb49cf9f3683/Castro_Alves.zip
Castro Alves;188,64999999999992;188,49999999999991;0,0063076337669089;0,0039629168381922;UHE Castro Alves - CAV SNIRH.xlsx;b8f0487a-df73-4f8d-8b22-bb49cf9f3683;https://metadados.snirh.gov.br/files/b8f0487a-df73-4f8d-8b22-bb49cf9f3683/Castro_Alves.zip
Castro Alves;188,74999999999991;188,5999999999999;0,0069808433253144;0,0046278652411249005;UHE Castro Alves - CAV SNIRH.xlsx;b8f0487a-df73-4f8d-8b22-bb49cf9f3683;https://metadados.snirh.gov.br/files/b8f0487a-df73-4f8d-8b22-bb49cf9f3683/Castro_Alves.zip
Castro Alves;188,8499999999999;188,6999999999999;0,007631439266569301;0,0053561886636549;UHE Castro Alves - CAV SNIRH.xlsx;b8f0487a-df73-4f8d-8b22-bb49cf9f3683;https://metadados.snirh.gov.br/files/b8f0487a-df73-4f8d-8b22-bb49cf9f3683/Castro_Alves.zip
Castro Alves;188,9499999999999;188,7999999999999;0,0082972024941856;0,0061522498032024996;UHE Castro Alves - CAV SNIRH.xlsx;b8f0487a-df73-4f8d-8b22-bb49cf9f3683;https://metadados.snirh.gov.br/files/b8f0487a-df73-4f8d-8b22-bb49cf9f3683/Castro_Alves.zip
Castro Alves;189,0499999999999;188,8999999999999;0,0090672163992812;0,0070182898725233;UHE Castro Alves - CAV SNIRH.xlsx;b8f0487a-df73-4f8d-8b22-bb49cf9f3683;https://metadados.snirh.gov.br/files/b8f0487a-df73-4f8d-8b22-bb49cf9f3683/Castro_Alves.zip
Castro Alves;189,1499999999999;188,9999999999999;0,0099064515047163;0,007965153050247399;UHE Castro Alves - CAV SNIRH.xlsx;b8f0487a-df73-4f8d-8b22-bb49cf9f3683;https://metadados.snirh.gov.br/files/b8f0487a-df73-4f8d-8b22-bb49cf9f3683/Castro_Alves.zip
Castro Alves;189,2499999999999;189,09999999999988;0,010697274879857;0,0089946505359508;UHE Castro Alves - CAV SNIRH.xlsx;b8f0487a-df73-4f8d-8b22-bb49cf9f3683;https://metadados.snirh.gov.br/files/b8f0487a-df73-4f8d-8b22-bb49cf9f3683/Castro_Alves.zip
Castro Alves;189,34999999999988;189,19999999999987;0,011493873711737001;0,010102914887077;UHE Castro Alves - CAV SNIRH.xlsx;b8f0487a-df73-4f8d-8b22-bb49cf9f3683;https://metadados.snirh.gov.br/files/b8f0487a-df73-4f8d-8b22-bb49cf9f3683/Castro_Alves.zip
Castro Alves;189,44999999999987;189,29999999999987;0,012401298166274;0,011294038947853;UHE Castro Alves - CAV SNIRH.xlsx;b8f0487a-df73-4f8d-8b22-bb49cf9f3683;https://metadados.snirh.gov.br/files/b8f0487a-df73-4f8d-8b22-bb49cf9f3683/Castro_Alves.zip
Castro Alves;189,54999999999987;189,39999999999986;0,013639267278711;0,01259447871036;UHE Castro Alves - CAV SNIRH.xlsx;b8f0487a-df73-4f8d-8b22-bb49cf9f3683;https://metadados.snirh.gov.br/files/b8f0487a-df73-4f8d-8b22-bb49cf9f3683/Castro_Alves.zip
Castro Alves;189,64999999999986;189,49999999999986;0,014882787614482;0,014018433773383;UHE Castro Alves - CAV SNIRH.xlsx;b8f0487a-df73-4f8d-8b22-bb49cf9f3683;https://metadados.snirh.gov.br/files/b8f0487a-df73-4f8d-8b22-bb49cf9f3683/Castro_Alves.zip
Castro Alves;189,74999999999986;189,59999999999985;0,016127244584208;0,015567797430459001;UHE Castro Alves - CAV SNIRH.xlsx;b8f0487a-df73-4f8d-8b22-bb49cf9f3683;https://metadados.snirh.gov.br/files/b8f0487a-df73-4f8d-8b22-bb49cf9f3683/Castro_Alves.zip
Castro Alves;189,84999999999985;189,69999999999985;0,017481445386224002;0,017245040495185;UHE Castro Alves - CAV SNIRH.xlsx;b8f0487a-df73-4f8d-8b22-bb49cf9f3683;https://metadados.snirh.gov.br/files/b8f0487a-df73-4f8d-8b22-bb49cf9f3683/Castro_Alves.zip
Castro Alves;189,94999999999985;189,79999999999984;0,018864967191969;0,019060075827756998;UHE Castro Alves - CAV SNIRH.xlsx;b8f0487a-df73-4f8d-8b22-bb49cf9f3683;https://metadados.snirh.gov.br/files/b8f0487a-df73-4f8d-8b22-bb49cf9f3683/Castro_Alves.zip
Castro Alves;190,04999999999984;189,89999999999984;0,020269393572709;0,021013983686294;UHE Castro Alves - CAV SNIRH.xlsx;b8f0487a-df73-4f8d-8b22-bb49cf9f3683;https://metadados.snirh.gov.br/files/b8f0487a-df73-4f8d-8b22-bb49cf9f3683/Castro_Alves.zip
Castro Alves;190,14999999999984;189,99999999999983;0,021685926052838;0,023111359715777997;UHE Castro Alves - CAV SNIRH.xlsx;b8f0487a-df73-4f8d-8b22-bb49cf9f3683;https://metadados.snirh.gov.br/files/b8f0487a-df73-4f8d-8b22-bb49cf9f3683/Castro_Alves.zip
Castro Alves;190,24999999999983;190,09999999999982;0,023115880166075;0,02534858555759;UHE Castro Alves - CAV SNIRH.xlsx;b8f0487a-df73-4f8d-8b22-bb49cf9f3683;https://metadados.snirh.gov.br/files/b8f0487a-df73-4f8d-8b22-bb49cf9f3683/Castro_Alves.zip
Castro Alves;190,34999999999982;190,19999999999982;0,024648311799485;0,027734103085348;UHE Castro Alves - CAV SNIRH.xlsx;b8f0487a-df73-4f8d-8b22-bb49cf9f3683;https://metadados.snirh.gov.br/files/b8f0487a-df73-4f8d-8b22-bb49cf9f3683/Castro_Alves.zip
Castro Alves;190,44999999999982;190,2999999999998;0,026294955880967003;0,03027895559649;UHE Castro Alves - CAV SNIRH.xlsx;b8f0487a-df73-4f8d-8b22-bb49cf9f3683;https://metadados.snirh.gov.br/files/b8f0487a-df73-4f8d-8b22-bb49cf9f3683/Castro_Alves.zip
Castro Alves;190,5499999999998;190,3999999999998;0,027907051569441;0,032986297150248;UHE Castro Alves - CAV SNIRH.xlsx;b8f0487a-df73-4f8d-8b22-bb49cf9f3683;https://metadados.snirh.gov.br/files/b8f0487a-df73-4f8d-8b22-bb49cf9f3683/Castro_Alves.zip
Castro Alves;190,6499999999998;190,4999999999998;0,029600163735057;0,035860388281246;UHE Castro Alves - CAV SNIRH.xlsx;b8f0487a-df73-4f8d-8b22-bb49cf9f3683;https://metadados.snirh.gov.br/files/b8f0487a-df73-4f8d-8b22-bb49cf9f3683/Castro_Alves.zip
Castro Alves;190,7499999999998;190,5999999999998;0,031406196852195;0,038906268016488;UHE Castro Alves - CAV SNIRH.xlsx;b8f0487a-df73-4f8d-8b22-bb49cf9f3683;https://metadados.snirh.gov.br/files/b8f0487a-df73-4f8d-8b22-bb49cf9f3683/Castro_Alves.zip
Castro Alves;190,8499999999998;190,6999999999998;0,033315419273079;0,042137913002848;UHE Castro Alves - CAV SNIRH.xlsx;b8f0487a-df73-4f8d-8b22-bb49cf9f3683;https://metadados.snirh.gov.br/files/b8f0487a-df73-4f8d-8b22-bb49cf9f3683/Castro_Alves.zip
Castro Alves;190,9499999999998;190,79999999999978;0,035297523065137;0,045568333172838996;UHE Castro Alves - CAV SNIRH.xlsx;b8f0487a-df73-4f8d-8b22-bb49cf9f3683;https://metadados.snirh.gov.br/files/b8f0487a-df73-4f8d-8b22-bb49cf9f3683/Castro_Alves.zip
Castro Alves;191,04999999999978;190,89999999999978;0,037171114430923996;0,049189093353714;UHE Castro Alves - CAV SNIRH.xlsx;b8f0487a-df73-4f8d-8b22-bb49cf9f3683;https://metadados.snirh.gov.br/files/b8f0487a-df73-4f8d-8b22-bb49cf9f3683/Castro_Alves.zip
Castro Alves;191,14999999999978;190,99999999999977;0,039116088287810005;0,053000717171952;UHE Castro Alves - CAV SNIRH.xlsx;b8f0487a-df73-4f8d-8b22-bb49cf9f3683;https://metadados.snirh.gov.br/files/b8f0487a-df73-4f8d-8b22-bb49cf9f3683/Castro_Alves.zip
Castro Alves;191,24999999999977;191,09999999999977;0,041117051197386;0,057011761355605;UHE Castro Alves - CAV SNIRH.xlsx;b8f0487a-df73-4f8d-8b22-bb49cf9f3683;https://metadados.snirh.gov.br/files/b8f0487a-df73-4f8d-8b22-bb49cf9f3683/Castro_Alves.zip
Castro Alves;191,34999999999977;191,19999999999976;0,043311043781034;0,061227186139534005;UHE Castro Alves - CAV SNIRH.xlsx;b8f0487a-df73-4f8d-8b22-bb49cf9f3683;https://metadados.snirh.gov.br/files/b8f0487a-df73-4f8d-8b22-bb49cf9f3683/Castro_Alves.zip
Castro Alves;191,44999999999976;191,29999999999976;0,045766282481354;0,065677906842804;UHE Castro Alves - CAV SNIRH.xlsx;b8f0487a-df73-4f8d-8b22-bb49cf9f3683;https://metadados.snirh.gov.br/files/b8f0487a-df73-4f8d-8b22-bb49cf9f3683/Castro_Alves.zip
Castro Alves;191,54999999999976;191,39999999999975;0,048392445254715;0,070387472197914;UHE Castro Alves - CAV SNIRH.xlsx;b8f0487a-df73-4f8d-8b22-bb49cf9f3683;https://metadados.snirh.gov.br/files/b8f0487a-df73-4f8d-8b22-bb49cf9f3683/Castro_Alves.zip
Castro Alves;191,64999999999975;191,49999999999974;0,050913994320595;0,075349452446225;UHE Castro Alves - CAV SNIRH.xlsx;b8f0487a-df73-4f8d-8b22-bb49cf9f3683;https://metadados.snirh.gov.br/files/b8f0487a-df73-4f8d-8b22-bb49cf9f3683/Castro_Alves.zip
Castro Alves;191,74999999999974;191,59999999999974;0,053423954597103;0,080565534762737;UHE Castro Alves - CAV SNIRH.xlsx;b8f0487a-df73-4f8d-8b22-bb49cf9f3683;https://metadados.snirh.gov.br/files/b8f0487a-df73-4f8d-8b22-bb49cf9f3683/Castro_Alves.zip
Castro Alves;191,84999999999974;191,69999999999973;0,055974750062259;0,086029217176648;UHE Castro Alves - CAV SNIRH.xlsx;b8f0487a-df73-4f8d-8b22-bb49cf9f3683;https://metadados.snirh.gov.br/files/b8f0487a-df73-4f8d-8b22-bb49cf9f3683/Castro_Alves.zip
Castro Alves;191,94999999999973;191,79999999999973;0,058830203644927;0,09176893142721801;UHE Castro Alves - CAV SNIRH.xlsx;b8f0487a-df73-4f8d-8b22-bb49cf9f3683;https://metadados.snirh.gov.br/files/b8f0487a-df73-4f8d-8b22-bb49cf9f3683/Castro_Alves.zip
Castro Alves;192,04999999999973;191,89999999999972;0,06169596180424;0,097793199498106;UHE Castro Alves - CAV SNIRH.xlsx;b8f0487a-df73-4f8d-8b22-bb49cf9f3683;https://metadados.snirh.gov.br/files/b8f0487a-df73-4f8d-8b22-bb49cf9f3683/Castro_Alves.zip
Castro Alves;192,14999999999972;191,99999999999972;0,06459594582372;0,10410610677860001;UHE Castro Alves - CAV SNIRH.xlsx;b8f0487a-df73-4f8d-8b22-bb49cf9f3683;https://metadados.snirh.gov.br/files/b8f0487a-df73-4f8d-8b22-bb49cf9f3683/Castro_Alves.zip
Castro Alves;192,24999999999972;192,0999999999997;0,067484704018933;0,11070783499437001;UHE Castro Alves - CAV SNIRH.xlsx;b8f0487a-df73-4f8d-8b22-bb49cf9f3683;https://metadados.snirh.gov.br/files/b8f0487a-df73-4f8d-8b22-bb49cf9f3683/Castro_Alves.zip
Castro Alves;192,3499999999997;192,1999999999997;0,07053943426933999;0,11760592116481;UHE Castro Alves - CAV SNIRH.xlsx;b8f0487a-df73-4f8d-8b22-bb49cf9f3683;https://metadados.snirh.gov.br/files/b8f0487a-df73-4f8d-8b22-bb49cf9f3683/Castro_Alves.zip
Castro Alves;192,4499999999997;192,2999999999997;0,073558177744323;0,12480959899713;UHE Castro Alves - CAV SNIRH.xlsx;b8f0487a-df73-4f8d-8b22-bb49cf9f3683;https://metadados.snirh.gov.br/files/b8f0487a-df73-4f8d-8b22-bb49cf9f3683/Castro_Alves.zip
Castro Alves;192,5499999999997;192,3999999999997;0,076903524170055;0,13232799230938;UHE Castro Alves - CAV SNIRH.xlsx;b8f0487a-df73-4f8d-8b22-bb49cf9f3683;https://metadados.snirh.gov.br/files/b8f0487a-df73-4f8d-8b22-bb49cf9f3683/Castro_Alves.zip
Castro Alves;192,6499999999997;192,4999999999997;0,08048632134584201;0,1401928660401;UHE Castro Alves - CAV SNIRH.xlsx;b8f0487a-df73-4f8d-8b22-bb49cf9f3683;https://metadados.snirh.gov.br/files/b8f0487a-df73-4f8d-8b22-bb49cf9f3683/Castro_Alves.zip
Castro Alves;192,7499999999997;192,59999999999968;0,08402043245749;0,14841701244453;UHE Castro Alves - CAV SNIRH.xlsx;b8f0487a-df73-4f8d-8b22-bb49cf9f3683;https://metadados.snirh.gov.br/files/b8f0487a-df73-4f8d-8b22-bb49cf9f3683/Castro_Alves.zip
Castro Alves;192,84999999999968;192,69999999999968;0,08748298472020699;0,1569945541157;UHE Castro Alves - CAV SNIRH.xlsx;b8f0487a-df73-4f8d-8b22-bb49cf9f3683;https://metadados.snirh.gov.br/files/b8f0487a-df73-4f8d-8b22-bb49cf9f3683/Castro_Alves.zip
Castro Alves;192,94999999999968;192,79999999999967;0,090883780741076;0,16590824947253;UHE Castro Alves - CAV SNIRH.xlsx;b8f0487a-df73-4f8d-8b22-bb49cf9f3683;https://metadados.snirh.gov.br/files/b8f0487a-df73-4f8d-8b22-bb49cf9f3683/Castro_Alves.zip
Castro Alves;193,04999999999967;192,89999999999966;0,094234037585798;0,17516220185049;UHE Castro Alves - CAV SNIRH.xlsx;b8f0487a-df73-4f8d-8b22-bb49cf9f3683;https://metadados.snirh.gov.br/files/b8f0487a-df73-4f8d-8b22-bb49cf9f3683/Castro_Alves.zip
Castro Alves;193,14999999999966;192,99999999999966;0,09764395451078099;0,18475382446702;UHE Castro Alves - CAV SNIRH.xlsx;b8f0487a-df73-4f8d-8b22-bb49cf9f3683;https://metadados.snirh.gov.br/files/b8f0487a-df73-4f8d-8b22-bb49cf9f3683/Castro_Alves.zip
Castro Alves;193,24999999999966;193,09999999999965;0,1010064286838;0,19468729438422;UHE Castro Alves - CAV SNIRH.xlsx;b8f0487a-df73-4f8d-8b22-bb49cf9f3683;https://metadados.snirh.gov.br/files/b8f0487a-df73-4f8d-8b22-bb49cf9f3683/Castro_Alves.zip
Castro Alves;193,34999999999965;193,19999999999965;0,10431247299398;0,20495113325874;UHE Castro Alves - CAV SNIRH.xlsx;b8f0487a-df73-4f8d-8b22-bb49cf9f3683;https://metadados.snirh.gov.br/files/b8f0487a-df73-4f8d-8b22-bb49cf9f3683/Castro_Alves.zip
Castro Alves;193,44999999999965;193,29999999999964;0,1076620347436;0,21554653679448;UHE Castro Alves - CAV SNIRH.xlsx;b8f0487a-df73-4f8d-8b22-bb49cf9f3683;https://metadados.snirh.gov.br/files/b8f0487a-df73-4f8d-8b22-bb49cf9f3683/Castro_Alves.zip
Castro Alves;193,54999999999964;193,39999999999964;0,11098986841960999;0,2264799042646;UHE Castro Alves - CAV SNIRH.xlsx;b8f0487a-df73-4f8d-8b22-bb49cf9f3683;https://metadados.snirh.gov.br/files/b8f0487a-df73-4f8d-8b22-bb49cf9f3683/Castro_Alves.zip
Castro Alves;193,64999999999964;193,49999999999963;0,11412737326419;0,23773349309385;UHE Castro Alves - CAV SNIRH.xlsx;b8f0487a-df73-4f8d-8b22-bb49cf9f3683;https://metadados.snirh.gov.br/files/b8f0487a-df73-4f8d-8b22-bb49cf9f3683/Castro_Alves.zip
Castro Alves;193,74999999999963;193,59999999999962;0,11725107092534;0,24930034175586;UHE Castro Alves - CAV SNIRH.xlsx;b8f0487a-df73-4f8d-8b22-bb49cf9f3683;https://metadados.snirh.gov.br/files/b8f0487a-df73-4f8d-8b22-bb49cf9f3683/Castro_Alves.zip
Castro Alves;193,84999999999962;193,69999999999962;0,12041865227354001;0,26118051848457;UHE Castro Alves - CAV SNIRH.xlsx;b8f0487a-df73-4f8d-8b22-bb49cf9f3683;https://metadados.snirh.gov.br/files/b8f0487a-df73-4f8d-8b22-bb49cf9f3683/Castro_Alves.zip
Castro Alves;193,94999999999962;193,7999999999996;0,12342468047042;0,27337518535629;UHE Castro Alves - CAV SNIRH.xlsx;b8f0487a-df73-4f8d-8b22-bb49cf9f3683;https://metadados.snirh.gov.br/files/b8f0487a-df73-4f8d-8b22-bb49cf9f3683/Castro_Alves.zip
Castro Alves;194,0499999999996;193,8999999999996;0,12632379669618998;0,28586226900720996;UHE Castro Alves - CAV SNIRH.xlsx;b8f0487a-df73-4f8d-8b22-bb49cf9f3683;https://metadados.snirh.gov.br/files/b8f0487a-df73-4f8d-8b22-bb49cf9f3683/Castro_Alves.zip
Castro Alves;194,1499999999996;193,9999999999996;0,1291465203776;0,29863040156566;UHE Castro Alves - CAV SNIRH.xlsx;b8f0487a-df73-4f8d-8b22-bb49cf9f3683;https://metadados.snirh.gov.br/files/b8f0487a-df73-4f8d-8b22-bb49cf9f3683/Castro_Alves.zip
Castro Alves;194,2499999999996;194,0999999999996;0,13194121135572998;0,31168508461155997;UHE Castro Alves - CAV SNIRH.xlsx;b8f0487a-df73-4f8d-8b22-bb49cf9f3683;https://metadados.snirh.gov.br/files/b8f0487a-df73-4f8d-8b22-bb49cf9f3683/Castro_Alves.zip
Castro Alves;194,3499999999996;194,1999999999996;0,13476591115283;0,32501628699455004;UHE Castro Alves - CAV SNIRH.xlsx;b8f0487a-df73-4f8d-8b22-bb49cf9f3683;https://metadados.snirh.gov.br/files/b8f0487a-df73-4f8d-8b22-bb49cf9f3683/Castro_Alves.zip
Castro Alves;194,4499999999996;194,29999999999959;0,13758702131089998;0,33862848263326;UHE Castro Alves - CAV SNIRH.xlsx;b8f0487a-df73-4f8d-8b22-bb49cf9f3683;https://metadados.snirh.gov.br/files/b8f0487a-df73-4f8d-8b22-bb49cf9f3683/Castro_Alves.zip
Castro Alves;194,54999999999959;194,39999999999958;0,1403707173504;0,35252573947889004;UHE Castro Alves - CAV SNIRH.xlsx;b8f0487a-df73-4f8d-8b22-bb49cf9f3683;https://metadados.snirh.gov.br/files/b8f0487a-df73-4f8d-8b22-bb49cf9f3683/Castro_Alves.zip
Castro Alves;194,64999999999958;194,49999999999957;0,14310774271126;0,36669931159534996;UHE Castro Alves - CAV SNIRH.xlsx;b8f0487a-df73-4f8d-8b22-bb49cf9f3683;https://metadados.snirh.gov.br/files/b8f0487a-df73-4f8d-8b22-bb49cf9f3683/Castro_Alves.zip
Castro Alves;194,74999999999957;194,59999999999957;0,14578662896044;0,38113844873715;UHE Castro Alves - CAV SNIRH.xlsx;b8f0487a-df73-4f8d-8b22-bb49cf9f3683;https://metadados.snirh.gov.br/files/b8f0487a-df73-4f8d-8b22-bb49cf9f3683/Castro_Alves.zip
Castro Alves;194,84999999999957;194,69999999999956;0,14912794039807;0,39586667815643994;UHE Castro Alves - CAV SNIRH.xlsx;b8f0487a-df73-4f8d-8b22-bb49cf9f3683;https://metadados.snirh.gov.br/files/b8f0487a-df73-4f8d-8b22-bb49cf9f3683/Castro_Alves.zip
Castro Alves;194,94999999999956;194,79999999999956;0,15323092401257;0,41098815823964;UHE Castro Alves - CAV SNIRH.xlsx;b8f0487a-df73-4f8d-8b22-bb49cf9f3683;https://metadados.snirh.gov.br/files/b8f0487a-df73-4f8d-8b22-bb49cf9f3683/Castro_Alves.zip
Castro Alves;195,04999999999956;194,89999999999955;0,15682013756089;0,42649112362333996;UHE Castro Alves - CAV SNIRH.xlsx;b8f0487a-df73-4f8d-8b22-bb49cf9f3683;https://metadados.snirh.gov.br/files/b8f0487a-df73-4f8d-8b22-bb49cf9f3683/Castro_Alves.zip
Castro Alves;195,14999999999955;194,99999999999955;0,16073663827032;0,44235381291093;UHE Castro Alves - CAV SNIRH.xlsx;b8f0487a-df73-4f8d-8b22-bb49cf9f3683;https://metadados.snirh.gov.br/files/b8f0487a-df73-4f8d-8b22-bb49cf9f3683/Castro_Alves.zip
Castro Alves;195,24999999999955;195,09999999999954;0,16460213613283;0,45862081003403;UHE Castro Alves - CAV SNIRH.xlsx;b8f0487a-df73-4f8d-8b22-bb49cf9f3683;https://metadados.snirh.gov.br/files/b8f0487a-df73-4f8d-8b22-bb49cf9f3683/Castro_Alves.zip
Castro Alves;195,34999999999954;195,19999999999953;0,16841888066271;0,47526484405391;UHE Castro Alves - CAV SNIRH.xlsx;b8f0487a-df73-4f8d-8b22-bb49cf9f3683;https://metadados.snirh.gov.br/files/b8f0487a-df73-4f8d-8b22-bb49cf9f3683/Castro_Alves.zip
Castro Alves;195,44999999999953;195,29999999999953;0,17253072177581;0,49230482927543;UHE Castro Alves - CAV SNIRH.xlsx;b8f0487a-df73-4f8d-8b22-bb49cf9f3683;https://metadados.snirh.gov.br/files/b8f0487a-df73-4f8d-8b22-bb49cf9f3683/Castro_Alves.zip
Castro Alves;195,54999999999953;195,39999999999952;0,17705574665215001;0,50977238488844;UHE Castro Alves - CAV SNIRH.xlsx;b8f0487a-df73-4f8d-8b22-bb49cf9f3683;https://metadados.snirh.gov.br/files/b8f0487a-df73-4f8d-8b22-bb49cf9f3683/Castro_Alves.zip
Castro Alves;195,64999999999952;195,49999999999952;0,18200735405893;0,52772243008634;UHE Castro Alves - CAV SNIRH.xlsx;b8f0487a-df73-4f8d-8b22-bb49cf9f3683;https://metadados.snirh.gov.br/files/b8f0487a-df73-4f8d-8b22-bb49cf9f3683/Castro_Alves.zip
Castro Alves;195,74999999999952;195,5999999999995;0,18698415778661;0,54617114383053;UHE Castro Alves - CAV SNIRH.xlsx;b8f0487a-df73-4f8d-8b22-bb49cf9f3683;https://metadados.snirh.gov.br/files/b8f0487a-df73-4f8d-8b22-bb49cf9f3683/Castro_Alves.zip
Castro Alves;195,8499999999995;195,6999999999995;0,19200568455209002;0,56511107470448;UHE Castro Alves - CAV SNIRH.xlsx;b8f0487a-df73-4f8d-8b22-bb49cf9f3683;https://metadados.snirh.gov.br/files/b8f0487a-df73-4f8d-8b22-bb49cf9f3683/Castro_Alves.zip
Castro Alves;195,9499999999995;195,7999999999995;0,1970943196768;0,5845587440184601;UHE Castro Alves - CAV SNIRH.xlsx;b8f0487a-df73-4f8d-8b22-bb49cf9f3683;https://metadados.snirh.gov.br/files/b8f0487a-df73-4f8d-8b22-bb49cf9f3683/Castro_Alves.zip
Castro Alves;196,0499999999995;195,8999999999995;0,20234710019719002;0,6045251241424401;UHE Castro Alves - CAV SNIRH.xlsx;b8f0487a-df73-4f8d-8b22-bb49cf9f3683;https://metadados.snirh.gov.br/files/b8f0487a-df73-4f8d-8b22-bb49cf9f3683/Castro_Alves.zip
Castro Alves;196,1499999999995;195,9999999999995;0,20816682077270998;0,6250437753531399;UHE Castro Alves - CAV SNIRH.xlsx;b8f0487a-df73-4f8d-8b22-bb49cf9f3683;https://metadados.snirh.gov.br/files/b8f0487a-df73-4f8d-8b22-bb49cf9f3683/Castro_Alves.zip
Castro Alves;196,2499999999995;196,09999999999948;0,21400581246064002;0,64614635202618;UHE Castro Alves - CAV SNIRH.xlsx;b8f0487a-df73-4f8d-8b22-bb49cf9f3683;https://metadados.snirh.gov.br/files/b8f0487a-df73-4f8d-8b22-bb49cf9f3683/Castro_Alves.zip
Castro Alves;196,34999999999948;196,19999999999948;0,21977811932434;0,66783460740508;UHE Castro Alves - CAV SNIRH.xlsx;b8f0487a-df73-4f8d-8b22-bb49cf9f3683;https://metadados.snirh.gov.br/files/b8f0487a-df73-4f8d-8b22-bb49cf9f3683/Castro_Alves.zip
Castro Alves;196,44999999999948;196,29999999999947;0,22572611604817;0,69010532049457;UHE Castro Alves - CAV SNIRH.xlsx;b8f0487a-df73-4f8d-8b22-bb49cf9f3683;https://metadados.snirh.gov.br/files/b8f0487a-df73-4f8d-8b22-bb49cf9f3683/Castro_Alves.zip
Castro Alves;196,54999999999947;196,39999999999947;0,23144201906892;0,71295885299861;UHE Castro Alves - CAV SNIRH.xlsx;b8f0487a-df73-4f8d-8b22-bb49cf9f3683;https://metadados.snirh.gov.br/files/b8f0487a-df73-4f8d-8b22-bb49cf9f3683/Castro_Alves.zip
Castro Alves;196,64999999999947;196,49999999999946;0,23707756724579998;0,7363843894473;UHE Castro Alves - CAV SNIRH.xlsx;b8f0487a-df73-4f8d-8b22-bb49cf9f3683;https://metadados.snirh.gov.br/files/b8f0487a-df73-4f8d-8b22-bb49cf9f3683/Castro_Alves.zip
Castro Alves;196,74999999999946;196,59999999999945;0,24284236895981;0,76037310540418;UHE Castro Alves - CAV SNIRH.xlsx;b8f0487a-df73-4f8d-8b22-bb49cf9f3683;https://metadados.snirh.gov.br/files/b8f0487a-df73-4f8d-8b22-bb49cf9f3683/Castro_Alves.zip
Castro Alves;196,84999999999945;196,69999999999945;0,24863513784768;0,7849443029601401;UHE Castro Alves - CAV SNIRH.xlsx;b8f0487a-df73-4f8d-8b22-bb49cf9f3683;https://metadados.snirh.gov.br/files/b8f0487a-df73-4f8d-8b22-bb49cf9f3683/Castro_Alves.zip
Castro Alves;196,94999999999945;196,79999999999944;0,25445668781148;0,81009476908719;UHE Castro Alves - CAV SNIRH.xlsx;b8f0487a-df73-4f8d-8b22-bb49cf9f3683;https://metadados.snirh.gov.br/files/b8f0487a-df73-4f8d-8b22-bb49cf9f3683/Castro_Alves.zip
Castro Alves;197,04999999999944;196,89999999999944;0,26013146556103;0,83581921371524;UHE Castro Alves - CAV SNIRH.xlsx;b8f0487a-df73-4f8d-8b22-bb49cf9f3683;https://metadados.snirh.gov.br/files/b8f0487a-df73-4f8d-8b22-bb49cf9f3683/Castro_Alves.zip
Castro Alves;197,14999999999944;196,99999999999943;0,26562198172317997;0,8621069781877599;UHE Castro Alves - CAV SNIRH.xlsx;b8f0487a-df73-4f8d-8b22-bb49cf9f3683;https://metadados.snirh.gov.br/files/b8f0487a-df73-4f8d-8b22-bb49cf9f3683/Castro_Alves.zip
Castro Alves;197,24999999999943;197,09999999999943;0,27099909570239;0,88893407159677;UHE Castro Alves - CAV SNIRH.xlsx;b8f0487a-df73-4f8d-8b22-bb49cf9f3683;https://metadados.snirh.gov.br/files/b8f0487a-df73-4f8d-8b22-bb49cf9f3683/Castro_Alves.zip
Castro Alves;197,34999999999943;197,19999999999942;0,27657757272694;0,9163081807083799;UHE Castro Alves - CAV SNIRH.xlsx;b8f0487a-df73-4f8d-8b22-bb49cf9f3683;https://metadados.snirh.gov.br/files/b8f0487a-df73-4f8d-8b22-bb49cf9f3683/Castro_Alves.zip
Castro Alves;197,44999999999942;197,29999999999941;0,28233043762017;0,9442524297783;UHE Castro Alves - CAV SNIRH.xlsx;b8f0487a-df73-4f8d-8b22-bb49cf9f3683;https://metadados.snirh.gov.br/files/b8f0487a-df73-4f8d-8b22-bb49cf9f3683/Castro_Alves.zip
Castro Alves;197,54999999999941;197,3999999999994;0,28803081314171003;0,97275903132389;UHE Castro Alves - CAV SNIRH.xlsx;b8f0487a-df73-4f8d-8b22-bb49cf9f3683;https://metadados.snirh.gov.br/files/b8f0487a-df73-4f8d-8b22-bb49cf9f3683/Castro_Alves.zip
Castro Alves;197,6499999999994;197,4999999999994;0,29363158305017;1,0018387984557;UHE Castro Alves - CAV SNIRH.xlsx;b8f0487a-df73-4f8d-8b22-bb49cf9f3683;https://metadados.snirh.gov.br/files/b8f0487a-df73-4f8d-8b22-bb49cf9f3683/Castro_Alves.zip
Castro Alves;197,7499999999994;197,5999999999994;0,29893052072174997;1,0314686784966;UHE Castro Alves - CAV SNIRH.xlsx;b8f0487a-df73-4f8d-8b22-bb49cf9f3683;https://metadados.snirh.gov.br/files/b8f0487a-df73-4f8d-8b22-bb49cf9f3683/Castro_Alves.zip
Castro Alves;197,8499999999994;197,6999999999994;0,30416629667919;1,0616225280336;UHE Castro Alves - CAV SNIRH.xlsx;b8f0487a-df73-4f8d-8b22-bb49cf9f3683;https://metadados.snirh.gov.br/files/b8f0487a-df73-4f8d-8b22-bb49cf9f3683/Castro_Alves.zip
Castro Alves;197,9499999999994;197,7999999999994;0,30929795208684;1,0922923144145;UHE Castro Alves - CAV SNIRH.xlsx;b8f0487a-df73-4f8d-8b22-bb49cf9f3683;https://metadados.snirh.gov.br/files/b8f0487a-df73-4f8d-8b22-bb49cf9f3683/Castro_Alves.zip
Castro Alves;198,0499999999994;197,89999999999938;0,31427581363256996;1,1234669449592;UHE Castro Alves - CAV SNIRH.xlsx;b8f0487a-df73-4f8d-8b22-bb49cf9f3683;https://metadados.snirh.gov.br/files/b8f0487a-df73-4f8d-8b22-bb49cf9f3683/Castro_Alves.zip
Castro Alves;198,14999999999938;197,99999999999937;0,31914277531476;1,1551325807063;UHE Castro Alves - CAV SNIRH.xlsx;b8f0487a-df73-4f8d-8b22-bb49cf9f3683;https://metadados.snirh.gov.br/files/b8f0487a-df73-4f8d-8b22-bb49cf9f3683/Castro_Alves.zip
Castro Alves;198,24999999999937;198,09999999999937;0,32394007531955;1,1872868625955;UHE Castro Alves - CAV SNIRH.xlsx;b8f0487a-df73-4f8d-8b22-bb49cf9f3683;https://metadados.snirh.gov.br/files/b8f0487a-df73-4f8d-8b22-bb49cf9f3683/Castro_Alves.zip
Castro Alves;198,34999999999937;198,19999999999936;0,32860674364257;1,219914154112;UHE Castro Alves - CAV SNIRH.xlsx;b8f0487a-df73-4f8d-8b22-bb49cf9f3683;https://metadados.snirh.gov.br/files/b8f0487a-df73-4f8d-8b22-bb49cf9f3683/Castro_Alves.zip
Castro Alves;198,44999999999936;198,29999999999936;0,33324013598848;1,2529977150976;UHE Castro Alves - CAV SNIRH.xlsx;b8f0487a-df73-4f8d-8b22-bb49cf9f3683;https://metadados.snirh.gov.br/files/b8f0487a-df73-4f8d-8b22-bb49cf9f3683/Castro_Alves.zip
Castro Alves;198,54999999999936;198,39999999999935;0,33788132849468;1,286549076312;UHE Castro Alves - CAV SNIRH.xlsx;b8f0487a-df73-4f8d-8b22-bb49cf9f3683;https://metadados.snirh.gov.br/files/b8f0487a-df73-4f8d-8b22-bb49cf9f3683/Castro_Alves.zip
Castro Alves;198,64999999999935;198,49999999999935;0,34253222469185;1,3205684524868;UHE Castro Alves - CAV SNIRH.xlsx;b8f0487a-df73-4f8d-8b22-bb49cf9f3683;https://metadados.snirh.gov.br/files/b8f0487a-df73-4f8d-8b22-bb49cf9f3683/Castro_Alves.zip
Castro Alves;198,74999999999935;198,59999999999934;0,3472299326197;1,3550562373408;UHE Castro Alves - CAV SNIRH.xlsx;b8f0487a-df73-4f8d-8b22-bb49cf9f3683;https://metadados.snirh.gov.br/files/b8f0487a-df73-4f8d-8b22-bb49cf9f3683/Castro_Alves.zip
Castro Alves;198,84999999999934;198,69999999999933;0,35207518188444004;1,3900140947124;UHE Castro Alves - CAV SNIRH.xlsx;b8f0487a-df73-4f8d-8b22-bb49cf9f3683;https://metadados.snirh.gov.br/files/b8f0487a-df73-4f8d-8b22-bb49cf9f3683/Castro_Alves.zip
Castro Alves;198,94999999999933;198,79999999999933;0,35685103881772;1,4254572252105;UHE Castro Alves - CAV SNIRH.xlsx;b8f0487a-df73-4f8d-8b22-bb49cf9f3683;https://metadados.snirh.gov.br/files/b8f0487a-df73-4f8d-8b22-bb49cf9f3683/Castro_Alves.zip
Castro Alves;199,04999999999933;198,89999999999932;0,3617871057527;1,4613814824143;UHE Castro Alves - CAV SNIRH.xlsx;b8f0487a-df73-4f8d-8b22-bb49cf9f3683;https://metadados.snirh.gov.br/files/b8f0487a-df73-4f8d-8b22-bb49cf9f3683/Castro_Alves.zip
Castro Alves;199,14999999999932;198,99999999999932;0,36689457904032;1,4978106563575;UHE Castro Alves - CAV SNIRH.xlsx;b8f0487a-df73-4f8d-8b22-bb49cf9f3683;https://metadados.snirh.gov.br/files/b8f0487a-df73-4f8d-8b22-bb49cf9f3683/Castro_Alves.zip
Castro Alves;199,24999999999932;199,0999999999993;0,37201559180353;1,5347553478121;UHE Castro Alves - CAV SNIRH.xlsx;b8f0487a-df73-4f8d-8b22-bb49cf9f3683;https://metadados.snirh.gov.br/files/b8f0487a-df73-4f8d-8b22-bb49cf9f3683/Castro_Alves.zip
Castro Alves;199,3499999999993;199,1999999999993;0,37735764325065996;1,5722175595885;UHE Castro Alves - CAV SNIRH.xlsx;b8f0487a-df73-4f8d-8b22-bb49cf9f3683;https://metadados.snirh.gov.br/files/b8f0487a-df73-4f8d-8b22-bb49cf9f3683/Castro_Alves.zip
Castro Alves;199,4499999999993;199,2999999999993;0,38281692616225;1,6102245455326;UHE Castro Alves - CAV SNIRH.xlsx;b8f0487a-df73-4f8d-8b22-bb49cf9f3683;https://metadados.snirh.gov.br/files/b8f0487a-df73-4f8d-8b22-bb49cf9f3683/Castro_Alves.zip
Castro Alves;199,5499999999993;199,3999999999993;0,3883359011118;1,6487742913269001;UHE Castro Alves - CAV SNIRH.xlsx;b8f0487a-df73-4f8d-8b22-bb49cf9f3683;https://metadados.snirh.gov.br/files/b8f0487a-df73-4f8d-8b22-bb49cf9f3683/Castro_Alves.zip
Castro Alves;199,6499999999993;199,4999999999993;0,39412926448087;1,6878851037801;UHE Castro Alves - CAV SNIRH.xlsx;b8f0487a-df73-4f8d-8b22-bb49cf9f3683;https://metadados.snirh.gov.br/files/b8f0487a-df73-4f8d-8b22-bb49cf9f3683/Castro_Alves.zip
Castro Alves;199,7499999999993;199,59999999999928;0,40025556369021;1,7276072192901;UHE Castro Alves - CAV SNIRH.xlsx;b8f0487a-df73-4f8d-8b22-bb49cf9f3683;https://metadados.snirh.gov.br/files/b8f0487a-df73-4f8d-8b22-bb49cf9f3683/Castro_Alves.zip
Castro Alves;199,84999999999928;199,69999999999928;0,40619307912194;1,7679281475986999;UHE Castro Alves - CAV SNIRH.xlsx;b8f0487a-df73-4f8d-8b22-bb49cf9f3683;https://metadados.snirh.gov.br/files/b8f0487a-df73-4f8d-8b22-bb49cf9f3683/Castro_Alves.zip
Castro Alves;199,94999999999928;199,79999999999927;0,41194861833071;1,8088323157267001;UHE Castro Alves - CAV SNIRH.xlsx;b8f0487a-df73-4f8d-8b22-bb49cf9f3683;https://metadados.snirh.gov.br/files/b8f0487a-df73-4f8d-8b22-bb49cf9f3683/Castro_Alves.zip
Castro Alves;200,04999999999927;199,89999999999927;0,41771365144823996;1,8503134510951;UHE Castro Alves - CAV SNIRH.xlsx;b8f0487a-df73-4f8d-8b22-bb49cf9f3683;https://metadados.snirh.gov.br/files/b8f0487a-df73-4f8d-8b22-bb49cf9f3683/Castro_Alves.zip
Castro Alves;200,14999999999927;199,99999999999926;0,42356059984694;1,8923723127617;UHE Castro Alves - CAV SNIRH.xlsx;b8f0487a-df73-4f8d-8b22-bb49cf9f3683;https://metadados.snirh.gov.br/files/b8f0487a-df73-4f8d-8b22-bb49cf9f3683/Castro_Alves.zip
Castro Alves;200,24999999999926;200,09999999999926;0,42959711386957;1,935023981686;UHE Castro Alves - CAV SNIRH.xlsx;b8f0487a-df73-4f8d-8b22-bb49cf9f3683;https://metadados.snirh.gov.br/files/b8f0487a-df73-4f8d-8b22-bb49cf9f3683/Castro_Alves.zip
Castro Alves;200,34999999999926;200,19999999999925;0,43562455214801;1,9782857684764001;UHE Castro Alves - CAV SNIRH.xlsx;b8f0487a-df73-4f8d-8b22-bb49cf9f3683;https://metadados.snirh.gov.br/files/b8f0487a-df73-4f8d-8b22-bb49cf9f3683/Castro_Alves.zip
Castro Alves;200,44999999999925;200,29999999999924;0,44153940019018;2,0221503338585;UHE Castro Alves - CAV SNIRH.xlsx;b8f0487a-df73-4f8d-8b22-bb49cf9f3683;https://metadados.snirh.gov.br/files/b8f0487a-df73-4f8d-8b22-bb49cf9f3683/Castro_Alves.zip
Castro Alves;200,54999999999924;200,39999999999924;0,44741446352336;2,066585960873;UHE Castro Alves - CAV SNIRH.xlsx;b8f0487a-df73-4f8d-8b22-bb49cf9f3683;https://metadados.snirh.gov.br/files/b8f0487a-df73-4f8d-8b22-bb49cf9f3683/Castro_Alves.zip
Castro Alves;200,64999999999924;200,49999999999923;0,45338234417386997;2,111620882339;UHE Castro Alves - CAV SNIRH.xlsx;b8f0487a-df73-4f8d-8b22-bb49cf9f3683;https://metadados.snirh.gov.br/files/b8f0487a-df73-4f8d-8b22-bb49cf9f3683/Castro_Alves.zip
Castro Alves;200,74999999999923;200,59999999999923;0,45947717621529;2,1572631073878;UHE Castro Alves - CAV SNIRH.xlsx;b8f0487a-df73-4f8d-8b22-bb49cf9f3683;https://metadados.snirh.gov.br/files/b8f0487a-df73-4f8d-8b22-bb49cf9f3683/Castro_Alves.zip
Castro Alves;200,84999999999923;200,69999999999922;0,46544672513392;2,2035087941054;UHE Castro Alves - CAV SNIRH.xlsx;b8f0487a-df73-4f8d-8b22-bb49cf9f3683;https://metadados.snirh.gov.br/files/b8f0487a-df73-4f8d-8b22-bb49cf9f3683/Castro_Alves.zip
Castro Alves;200,94999999999922;200,79999999999922;0,47137882044044;2,2503462784445003;UHE Castro Alves - CAV SNIRH.xlsx;b8f0487a-df73-4f8d-8b22-bb49cf9f3683;https://metadados.snirh.gov.br/files/b8f0487a-df73-4f8d-8b22-bb49cf9f3683/Castro_Alves.zip
Castro Alves;201,04999999999922;200,8999999999992;0,47731705795533;2,2977784736881;UHE Castro Alves - CAV SNIRH.xlsx;b8f0487a-df73-4f8d-8b22-bb49cf9f3683;https://metadados.snirh.gov.br/files/b8f0487a-df73-4f8d-8b22-bb49cf9f3683/Castro_Alves.zip
Castro Alves;201,1499999999992;200,9999999999992;0,48322746417201;2,3458018501320996;UHE Castro Alves - CAV SNIRH.xlsx;b8f0487a-df73-4f8d-8b22-bb49cf9f3683;https://metadados.snirh.gov.br/files/b8f0487a-df73-4f8d-8b22-bb49cf9f3683/Castro_Alves.zip
Castro Alves;201,2499999999992;201,0999999999992;0,4893272437241;2,3944302506018;UHE Castro Alves - CAV SNIRH.xlsx;b8f0487a-df73-4f8d-8b22-bb49cf9f3683;https://metadados.snirh.gov.br/files/b8f0487a-df73-4f8d-8b22-bb49cf9f3683/Castro_Alves.zip
Castro Alves;201,3499999999992;201,1999999999992;0,49538917131772003;2,4436577859949;UHE Castro Alves - CAV SNIRH.xlsx;b8f0487a-df73-4f8d-8b22-bb49cf9f3683;https://metadados.snirh.gov.br/files/b8f0487a-df73-4f8d-8b22-bb49cf9f3683/Castro_Alves.zip
Castro Alves;201,4499999999992;201,2999999999992;0,50164551782081;2,4935103251119;UHE Castro Alves - CAV SNIRH.xlsx;b8f0487a-df73-4f8d-8b22-bb49cf9f3683;https://metadados.snirh.gov.br/files/b8f0487a-df73-4f8d-8b22-bb49cf9f3683/Castro_Alves.zip
Castro Alves;201,5499999999992;201,39999999999918;0,50789357393314;2,5439858417717;UHE Castro Alves - CAV SNIRH.xlsx;b8f0487a-df73-4f8d-8b22-bb49cf9f3683;https://metadados.snirh.gov.br/files/b8f0487a-df73-4f8d-8b22-bb49cf9f3683/Castro_Alves.zip
Castro Alves;201,64999999999918;201,49999999999918;0,51438292756201;2,595093015782;UHE Castro Alves - CAV SNIRH.xlsx;b8f0487a-df73-4f8d-8b22-bb49cf9f3683;https://metadados.snirh.gov.br/files/b8f0487a-df73-4f8d-8b22-bb49cf9f3683/Castro_Alves.zip
Castro Alves;201,74999999999918;201,59999999999917;0,52086018781271;2,6468537256475;UHE Castro Alves - CAV SNIRH.xlsx;b8f0487a-df73-4f8d-8b22-bb49cf9f3683;https://metadados.snirh.gov.br/files/b8f0487a-df73-4f8d-8b22-bb49cf9f3683/Castro_Alves.zip
Castro Alves;201,84999999999917;201,69999999999916;0,52731762616946;2,6992635643206;UHE Castro Alves - CAV SNIRH.xlsx;b8f0487a-df73-4f8d-8b22-bb49cf9f3683;https://metadados.snirh.gov.br/files/b8f0487a-df73-4f8d-8b22-bb49cf9f3683/Castro_Alves.zip
Castro Alves;201,94999999999916;201,79999999999916;0,53365830378681;2,7523123341552003;UHE Castro Alves - CAV SNIRH.xlsx;b8f0487a-df73-4f8d-8b22-bb49cf9f3683;https://metadados.snirh.gov.br/files/b8f0487a-df73-4f8d-8b22-bb49cf9f3683/Castro_Alves.zip
Castro Alves;202,04999999999916;201,89999999999915;0,53996470969114;2,8059881345455;UHE Castro Alves - CAV SNIRH.xlsx;b8f0487a-df73-4f8d-8b22-bb49cf9f3683;https://metadados.snirh.gov.br/files/b8f0487a-df73-4f8d-8b22-bb49cf9f3683/Castro_Alves.zip
Castro Alves;202,14999999999915;201,99999999999915;0,5462425010392999;2,860295952692;UHE Castro Alves - CAV SNIRH.xlsx;b8f0487a-df73-4f8d-8b22-bb49cf9f3683;https://metadados.snirh.gov.br/files/b8f0487a-df73-4f8d-8b22-bb49cf9f3683/Castro_Alves.zip
Castro Alves;202,24999999999915;202,09999999999914;0,55251481464212;2,9152308097684;UHE Castro Alves - CAV SNIRH.xlsx;b8f0487a-df73-4f8d-8b22-bb49cf9f3683;https://metadados.snirh.gov.br/files/b8f0487a-df73-4f8d-8b22-bb49cf9f3683/Castro_Alves.zip
Castro Alves;202,34999999999914;202,19999999999914;0,55862147569096;2,9707919684129;UHE Castro Alves - CAV SNIRH.xlsx;b8f0487a-df73-4f8d-8b22-bb49cf9f3683;https://metadados.snirh.gov.br/files/b8f0487a-df73-4f8d-8b22-bb49cf9f3683/Castro_Alves.zip
Castro Alves;202,44999999999914;202,29999999999913;0,5646179370859;3,0269493753415;UHE Castro Alves - CAV SNIRH.xlsx;b8f0487a-df73-4f8d-8b22-bb49cf9f3683;https://metadados.snirh.gov.br/files/b8f0487a-df73-4f8d-8b22-bb49cf9f3683/Castro_Alves.zip
Castro Alves;202,54999999999913;202,39999999999912;0,5707010990545;3,0837115745106;UHE Castro Alves - CAV SNIRH.xlsx;b8f0487a-df73-4f8d-8b22-bb49cf9f3683;https://metadados.snirh.gov.br/files/b8f0487a-df73-4f8d-8b22-bb49cf9f3683/Castro_Alves.zip
Castro Alves;202,64999999999912;202,49999999999912;0,57646630675902;3,1410658356342;UHE Castro Alves - CAV SNIRH.xlsx;b8f0487a-df73-4f8d-8b22-bb49cf9f3683;https://metadados.snirh.gov.br/files/b8f0487a-df73-4f8d-8b22-bb49cf9f3683/Castro_Alves.zip
Castro Alves;202,74999999999912;202,5999999999991;0,58203492508446;3,1989945481617;UHE Castro Alves - CAV SNIRH.xlsx;b8f0487a-df73-4f8d-8b22-bb49cf9f3683;https://metadados.snirh.gov.br/files/b8f0487a-df73-4f8d-8b22-bb49cf9f3683/Castro_Alves.zip
Castro Alves;202,8499999999991;202,6999999999991;0,58761029465848;3,2574777606020002;UHE Castro Alves - CAV SNIRH.xlsx;b8f0487a-df73-4f8d-8b22-bb49cf9f3683;https://metadados.snirh.gov.br/files/b8f0487a-df73-4f8d-8b22-bb49cf9f3683/Castro_Alves.zip
Castro Alves;202,9499999999991;202,7999999999991;0,5931552797212499;3,3165092845685;UHE Castro Alves - CAV SNIRH.xlsx;b8f0487a-df73-4f8d-8b22-bb49cf9f3683;https://metadados.snirh.gov.br/files/b8f0487a-df73-4f8d-8b22-bb49cf9f3683/Castro_Alves.zip
Castro Alves;203,0499999999991;202,8999999999991;0,59862919096636;3,3760978422599996;UHE Castro Alves - CAV SNIRH.xlsx;b8f0487a-df73-4f8d-8b22-bb49cf9f3683;https://metadados.snirh.gov.br/files/b8f0487a-df73-4f8d-8b22-bb49cf9f3683/Castro_Alves.zip
Castro Alves;203,1499999999991;202,9999999999991;0,60413161478698;3,4362310389543;UHE Castro Alves - CAV SNIRH.xlsx;b8f0487a-df73-4f8d-8b22-bb49cf9f3683;https://metadados.snirh.gov.br/files/b8f0487a-df73-4f8d-8b22-bb49cf9f3683/Castro_Alves.zip
Castro Alves;203,2499999999991;203,09999999999908;0,6096480215847501;3,4969202927183;UHE Castro Alves - CAV SNIRH.xlsx;b8f0487a-df73-4f8d-8b22-bb49cf9f3683;https://metadados.snirh.gov.br/files/b8f0487a-df73-4f8d-8b22-bb49cf9f3683/Castro_Alves.zip
Castro Alves;203,34999999999908;203,19999999999908;0,61517579978488;3,5581552205036;UHE Castro Alves - CAV SNIRH.xlsx;b8f0487a-df73-4f8d-8b22-bb49cf9f3683;https://metadados.snirh.gov.br/files/b8f0487a-df73-4f8d-8b22-bb49cf9f3683/Castro_Alves.zip
Castro Alves;203,44999999999908;203,29999999999907;0,6207183375683;3,619949161623;UHE Castro Alves - CAV SNIRH.xlsx;b8f0487a-df73-4f8d-8b22-bb49cf9f3683;https://metadados.snirh.gov.br/files/b8f0487a-df73-4f8d-8b22-bb49cf9f3683/Castro_Alves.zip
Castro Alves;203,54999999999907;203,39999999999907;0,62628893933394;3,6822969415217;UHE Castro Alves - CAV SNIRH.xlsx;b8f0487a-df73-4f8d-8b22-bb49cf9f3683;https://metadados.snirh.gov.br/files/b8f0487a-df73-4f8d-8b22-bb49cf9f3683/Castro_Alves.zip
Castro Alves;203,64999999999907;203,49999999999906;0,63191341900474;3,7452056883978;UHE Castro Alves - CAV SNIRH.xlsx;b8f0487a-df73-4f8d-8b22-bb49cf9f3683;https://metadados.snirh.gov.br/files/b8f0487a-df73-4f8d-8b22-bb49cf9f3683/Castro_Alves.zip
Castro Alves;203,74999999999906;203,59999999999906;0,63757513684762;3,8086715169528;UHE Castro Alves - CAV SNIRH.xlsx;b8f0487a-df73-4f8d-8b22-bb49cf9f3683;https://metadados.snirh.gov.br/files/b8f0487a-df73-4f8d-8b22-bb49cf9f3683/Castro_Alves.zip
Castro Alves;203,84999999999906;203,69999999999905;0,6432698137461901;3,8727120225385;UHE Castro Alves - CAV SNIRH.xlsx;b8f0487a-df73-4f8d-8b22-bb49cf9f3683;https://metadados.snirh.gov.br/files/b8f0487a-df73-4f8d-8b22-bb49cf9f3683/Castro_Alves.zip
Castro Alves;203,94999999999905;203,79999999999905;0,64897348376939;3,9373242236801;UHE Castro Alves - CAV SNIRH.xlsx;b8f0487a-df73-4f8d-8b22-bb49cf9f3683;https://metadados.snirh.gov.br/files/b8f0487a-df73-4f8d-8b22-bb49cf9f3683/Castro_Alves.zip
Castro Alves;204,04999999999905;203,89999999999904;0,65471194257279;4,0025053968242;UHE Castro Alves - CAV SNIRH.xlsx;b8f0487a-df73-4f8d-8b22-bb49cf9f3683;https://metadados.snirh.gov.br/files/b8f0487a-df73-4f8d-8b22-bb49cf9f3683/Castro_Alves.zip
Castro Alves;204,14999999999904;203,99999999999903;0,66040343204493;4,0682562515613;UHE Castro Alves - CAV SNIRH.xlsx;b8f0487a-df73-4f8d-8b22-bb49cf9f3683;https://metadados.snirh.gov.br/files/b8f0487a-df73-4f8d-8b22-bb49cf9f3683/Castro_Alves.zip
Castro Alves;204,24999999999903;204,09999999999903;0,6661395565313899;4,1345772335433;UHE Castro Alves - CAV SNIRH.xlsx;b8f0487a-df73-4f8d-8b22-bb49cf9f3683;https://metadados.snirh.gov.br/files/b8f0487a-df73-4f8d-8b22-bb49cf9f3683/Castro_Alves.zip
Castro Alves;204,34999999999903;204,19999999999902;0,67201833566536;4,201483486559;UHE Castro Alves - CAV SNIRH.xlsx;b8f0487a-df73-4f8d-8b22-bb49cf9f3683;https://metadados.snirh.gov.br/files/b8f0487a-df73-4f8d-8b22-bb49cf9f3683/Castro_Alves.zip
Castro Alves;204,44999999999902;204,29999999999902;0,6782323228224301;4,2689921589297;UHE Castro Alves - CAV SNIRH.xlsx;b8f0487a-df73-4f8d-8b22-bb49cf9f3683;https://metadados.snirh.gov.br/files/b8f0487a-df73-4f8d-8b22-bb49cf9f3683/Castro_Alves.zip
Castro Alves;204,54999999999902;204,399999999999;0,68466880380804;4,3371350469498005;UHE Castro Alves - CAV SNIRH.xlsx;b8f0487a-df73-4f8d-8b22-bb49cf9f3683;https://metadados.snirh.gov.br/files/b8f0487a-df73-4f8d-8b22-bb49cf9f3683/Castro_Alves.zip
Castro Alves;204,649999999999;204,499999999999;0,6911244335414201;4,4059209382466005;UHE Castro Alves - CAV SNIRH.xlsx;b8f0487a-df73-4f8d-8b22-bb49cf9f3683;https://metadados.snirh.gov.br/files/b8f0487a-df73-4f8d-8b22-bb49cf9f3683/Castro_Alves.zip
Castro Alves;204,749999999999;204,599999999999;0,69761496747632;4,47535090794;UHE Castro Alves - CAV SNIRH.xlsx;b8f0487a-df73-4f8d-8b22-bb49cf9f3683;https://metadados.snirh.gov.br/files/b8f0487a-df73-4f8d-8b22-bb49cf9f3683/Castro_Alves.zip
Castro Alves;204,849999999999;204,699999999999;0,70433482476028;4,5454405976695;UHE Castro Alves - CAV SNIRH.xlsx;b8f0487a-df73-4f8d-8b22-bb49cf9f3683;https://metadados.snirh.gov.br/files/b8f0487a-df73-4f8d-8b22-bb49cf9f3683/Castro_Alves.zip
Castro Alves;204,949999999999;204,799999999999;0,71098520731309;4,6162076653967;UHE Castro Alves - CAV SNIRH.xlsx;b8f0487a-df73-4f8d-8b22-bb49cf9f3683;https://metadados.snirh.gov.br/files/b8f0487a-df73-4f8d-8b22-bb49cf9f3683/Castro_Alves.zip
Castro Alves;205,049999999999;204,89999999999898;0,71769516522047;4,6876380144026;UHE Castro Alves - CAV SNIRH.xlsx;b8f0487a-df73-4f8d-8b22-bb49cf9f3683;https://metadados.snirh.gov.br/files/b8f0487a-df73-4f8d-8b22-bb49cf9f3683/Castro_Alves.zip
Castro Alves;205,14999999999898;204,99999999999898;0,72464005043998;4,759752262289;UHE Castro Alves - CAV SNIRH.xlsx;b8f0487a-df73-4f8d-8b22-bb49cf9f3683;https://metadados.snirh.gov.br/files/b8f0487a-df73-4f8d-8b22-bb49cf9f3683/Castro_Alves.zip
Castro Alves;205,24999999999898;205,09999999999897;0,73173904424125;4,832558865635;UHE Castro Alves - CAV SNIRH.xlsx;b8f0487a-df73-4f8d-8b22-bb49cf9f3683;https://metadados.snirh.gov.br/files/b8f0487a-df73-4f8d-8b22-bb49cf9f3683/Castro_Alves.zip
Castro Alves;205,34999999999897;205,19999999999897;0,73930968857836;4,906106940936899;UHE Castro Alves - CAV SNIRH.xlsx;b8f0487a-df73-4f8d-8b22-bb49cf9f3683;https://metadados.snirh.gov.br/files/b8f0487a-df73-4f8d-8b22-bb49cf9f3683/Castro_Alves.zip
Castro Alves;205,44999999999897;205,29999999999896;0,7473127489258701;4,9804287408728;UHE Castro Alves - CAV SNIRH.xlsx;b8f0487a-df73-4f8d-8b22-bb49cf9f3683;https://metadados.snirh.gov.br/files/b8f0487a-df73-4f8d-8b22-bb49cf9f3683/Castro_Alves.zip
Castro Alves;205,54999999999896;205,39999999999895;0,7559345804923899;5,0555849565752;UHE Castro Alves - CAV SNIRH.xlsx;b8f0487a-df73-4f8d-8b22-bb49cf9f3683;https://metadados.snirh.gov.br/files/b8f0487a-df73-4f8d-8b22-bb49cf9f3683/Castro_Alves.zip
Castro Alves;205,64999999999895;205,49999999999895;0,7648635505963199;5,1316225518809;UHE Castro Alves - CAV SNIRH.xlsx;b8f0487a-df73-4f8d-8b22-bb49cf9f3683;https://metadados.snirh.gov.br/files/b8f0487a-df73-4f8d-8b22-bb49cf9f3683/Castro_Alves.zip
Castro Alves;205,74999999999895;205,59999999999894;0,77387622378088;5,2085545380798;UHE Castro Alves - CAV SNIRH.xlsx;b8f0487a-df73-4f8d-8b22-bb49cf9f3683;https://metadados.snirh.gov.br/files/b8f0487a-df73-4f8d-8b22-bb49cf9f3683/Castro_Alves.zip
Castro Alves;205,84999999999894;205,69999999999894;0,7829013751521899;5,2863906127211004;UHE Castro Alves - CAV SNIRH.xlsx;b8f0487a-df73-4f8d-8b22-bb49cf9f3683;https://metadados.snirh.gov.br/files/b8f0487a-df73-4f8d-8b22-bb49cf9f3683/Castro_Alves.zip
Castro Alves;205,94999999999894;205,79999999999893;0,79187379501056;5,3651293773333;UHE Castro Alves - CAV SNIRH.xlsx;b8f0487a-df73-4f8d-8b22-bb49cf9f3683;https://metadados.snirh.gov.br/files/b8f0487a-df73-4f8d-8b22-bb49cf9f3683/Castro_Alves.zip
Castro Alves;206,04999999999893;205,89999999999893;0,8009721635899201;5,4447774669595;UHE Castro Alves - CAV SNIRH.xlsx;b8f0487a-df73-4f8d-8b22-bb49cf9f3683;https://metadados.snirh.gov.br/files/b8f0487a-df73-4f8d-8b22-bb49cf9f3683/Castro_Alves.zip
Castro Alves;206,14999999999893;205,99999999999892;0,81015005587209;5,5253201869815;UHE Castro Alves - CAV SNIRH.xlsx;b8f0487a-df73-4f8d-8b22-bb49cf9f3683;https://metadados.snirh.gov.br/files/b8f0487a-df73-4f8d-8b22-bb49cf9f3683/Castro_Alves.zip
Castro Alves;206,24999999999892;206,09999999999891;0,81997371999649;5,6068226332678;UHE Castro Alves - CAV SNIRH.xlsx;b8f0487a-df73-4f8d-8b22-bb49cf9f3683;https://metadados.snirh.gov.br/files/b8f0487a-df73-4f8d-8b22-bb49cf9f3683/Castro_Alves.zip
Castro Alves;206,34999999999891;206,1999999999989;0,8293668110112701;5,6892874476966;UHE Castro Alves - CAV SNIRH.xlsx;b8f0487a-df73-4f8d-8b22-bb49cf9f3683;https://metadados.snirh.gov.br/files/b8f0487a-df73-4f8d-8b22-bb49cf9f3683/Castro_Alves.zip
Castro Alves;206,4499999999989;206,2999999999989;0,8389855205290601;5,7726979229131;UHE Castro Alves - CAV SNIRH.xlsx;b8f0487a-df73-4f8d-8b22-bb49cf9f3683;https://metadados.snirh.gov.br/files/b8f0487a-df73-4f8d-8b22-bb49cf9f3683/Castro_Alves.zip
Castro Alves;206,5499999999989;206,3999999999989;0,84840850137484;5,8570691499303;UHE Castro Alves - CAV SNIRH.xlsx;b8f0487a-df73-4f8d-8b22-bb49cf9f3683;https://metadados.snirh.gov.br/files/b8f0487a-df73-4f8d-8b22-bb49cf9f3683/Castro_Alves.zip
Castro Alves;206,6499999999989;206,4999999999989;0,85805025052229;5,9423852341281;UHE Castro Alves - CAV SNIRH.xlsx;b8f0487a-df73-4f8d-8b22-bb49cf9f3683;https://metadados.snirh.gov.br/files/b8f0487a-df73-4f8d-8b22-bb49cf9f3683/Castro_Alves.zip
Castro Alves;206,7499999999989;206,5999999999989;0,867645800562;6,0286727105623;UHE Castro Alves - CAV SNIRH.xlsx;b8f0487a-df73-4f8d-8b22-bb49cf9f3683;https://metadados.snirh.gov.br/files/b8f0487a-df73-4f8d-8b22-bb49cf9f3683/Castro_Alves.zip
Castro Alves;206,8499999999989;206,69999999999888;0,87727076333606;6,1159109994189;UHE Castro Alves - CAV SNIRH.xlsx;b8f0487a-df73-4f8d-8b22-bb49cf9f3683;https://metadados.snirh.gov.br/files/b8f0487a-df73-4f8d-8b22-bb49cf9f3683/Castro_Alves.zip
Castro Alves;206,94999999999888;206,79999999999887;0,88672496596149;6,2041139867282;UHE Castro Alves - CAV SNIRH.xlsx;b8f0487a-df73-4f8d-8b22-bb49cf9f3683;https://metadados.snirh.gov.br/files/b8f0487a-df73-4f8d-8b22-bb49cf9f3683/Castro_Alves.zip
Castro Alves;207,04999999999887;206,89999999999887;0,8960348523064601;6,2932487859909;UHE Castro Alves - CAV SNIRH.xlsx;b8f0487a-df73-4f8d-8b22-bb49cf9f3683;https://metadados.snirh.gov.br/files/b8f0487a-df73-4f8d-8b22-bb49cf9f3683/Castro_Alves.zip
Castro Alves;207,14999999999887;206,99999999999886;0,9059313081742201;6,3833344933733995;UHE Castro Alves - CAV SNIRH.xlsx;b8f0487a-df73-4f8d-8b22-bb49cf9f3683;https://metadados.snirh.gov.br/files/b8f0487a-df73-4f8d-8b22-bb49cf9f3683/Castro_Alves.zip
Castro Alves;207,24999999999886;207,09999999999886;0,9164422266889299;6,4744386123307;UHE Castro Alves - CAV SNIRH.xlsx;b8f0487a-df73-4f8d-8b22-bb49cf9f3683;https://metadados.snirh.gov.br/files/b8f0487a-df73-4f8d-8b22-bb49cf9f3683/Castro_Alves.zip
Castro Alves;207,34999999999886;207,19999999999885;0,92709557172213;6,5666244495254995;UHE Castro Alves - CAV SNIRH.xlsx;b8f0487a-df73-4f8d-8b22-bb49cf9f3683;https://metadados.snirh.gov.br/files/b8f0487a-df73-4f8d-8b22-bb49cf9f3683/Castro_Alves.zip
Castro Alves;207,44999999999885;207,29999999999885;0,93696912488525;6,6598255596047;UHE Castro Alves - CAV SNIRH.xlsx;b8f0487a-df73-4f8d-8b22-bb49cf9f3683;https://metadados.snirh.gov.br/files/b8f0487a-df73-4f8d-8b22-bb49cf9f3683/Castro_Alves.zip
Castro Alves;207,54999999999885;207,39999999999884;0,94663554131312;6,754003403478199;UHE Castro Alves - CAV SNIRH.xlsx;b8f0487a-df73-4f8d-8b22-bb49cf9f3683;https://metadados.snirh.gov.br/files/b8f0487a-df73-4f8d-8b22-bb49cf9f3683/Castro_Alves.zip
Castro Alves;207,64999999999884;207,49999999999883;0,9560102915390699;6,8491296875601995;UHE Castro Alves - CAV SNIRH.xlsx;b8f0487a-df73-4f8d-8b22-bb49cf9f3683;https://metadados.snirh.gov.br/files/b8f0487a-df73-4f8d-8b22-bb49cf9f3683/Castro_Alves.zip
Castro Alves;207,74999999999883;207,59999999999883;0,96544935076927;6,9451989674015;UHE Castro Alves - CAV SNIRH.xlsx;b8f0487a-df73-4f8d-8b22-bb49cf9f3683;https://metadados.snirh.gov.br/files/b8f0487a-df73-4f8d-8b22-bb49cf9f3683/Castro_Alves.zip
Castro Alves;207,84999999999883;207,69999999999882;0,9752260329775301;7,042229811552501;UHE Castro Alves - CAV SNIRH.xlsx;b8f0487a-df73-4f8d-8b22-bb49cf9f3683;https://metadados.snirh.gov.br/files/b8f0487a-df73-4f8d-8b22-bb49cf9f3683/Castro_Alves.zip
Castro Alves;207,94999999999882;207,79999999999882;0,9849206084475399;7,1402310035573;UHE Castro Alves - CAV SNIRH.xlsx;b8f0487a-df73-4f8d-8b22-bb49cf9f3683;https://metadados.snirh.gov.br/files/b8f0487a-df73-4f8d-8b22-bb49cf9f3683/Castro_Alves.zip
Castro Alves;208,04999999999882;207,8999999999988;0,9945274360862;7,2392058365073995;UHE Castro Alves - CAV SNIRH.xlsx;b8f0487a-df73-4f8d-8b22-bb49cf9f3683;https://metadados.snirh.gov.br/files/b8f0487a-df73-4f8d-8b22-bb49cf9f3683/Castro_Alves.zip
Castro Alves;208,1499999999988;207,9999999999988;1,0042217684894001;7,3391287653946;UHE Castro Alves - CAV SNIRH.xlsx;b8f0487a-df73-4f8d-8b22-bb49cf9f3683;https://metadados.snirh.gov.br/files/b8f0487a-df73-4f8d-8b22-bb49cf9f3683/Castro_Alves.zip
Castro Alves;208,2499999999988;208,0999999999988;1,0145666333143;7,4400639273677;UHE Castro Alves - CAV SNIRH.xlsx;b8f0487a-df73-4f8d-8b22-bb49cf9f3683;https://metadados.snirh.gov.br/files/b8f0487a-df73-4f8d-8b22-bb49cf9f3683/Castro_Alves.zip
Castro Alves;208,3499999999988;208,1999999999988;1,0255154761998;7,5420582681459;UHE Castro Alves - CAV SNIRH.xlsx;b8f0487a-df73-4f8d-8b22-bb49cf9f3683;https://metadados.snirh.gov.br/files/b8f0487a-df73-4f8d-8b22-bb49cf9f3683/Castro_Alves.zip
Castro Alves;208,4499999999988;208,2999999999988;1,0368871398193;7,645167409658599;UHE Castro Alves - CAV SNIRH.xlsx;b8f0487a-df73-4f8d-8b22-bb49cf9f3683;https://metadados.snirh.gov.br/files/b8f0487a-df73-4f8d-8b22-bb49cf9f3683/Castro_Alves.zip
Castro Alves;208,5499999999988;208,39999999999878;1,0483921751603;7,7494259999891;UHE Castro Alves - CAV SNIRH.xlsx;b8f0487a-df73-4f8d-8b22-bb49cf9f3683;https://metadados.snirh.gov.br/files/b8f0487a-df73-4f8d-8b22-bb49cf9f3683/Castro_Alves.zip
Castro Alves;208,64999999999878;208,49999999999878;1,0600396472034;7,8548395530507;UHE Castro Alves - CAV SNIRH.xlsx;b8f0487a-df73-4f8d-8b22-bb49cf9f3683;https://metadados.snirh.gov.br/files/b8f0487a-df73-4f8d-8b22-bb49cf9f3683/Castro_Alves.zip
Castro Alves;208,74999999999878;208,59999999999877;1,0717092947125;7,9614303966186;UHE Castro Alves - CAV SNIRH.xlsx;b8f0487a-df73-4f8d-8b22-bb49cf9f3683;https://metadados.snirh.gov.br/files/b8f0487a-df73-4f8d-8b22-bb49cf9f3683/Castro_Alves.zip
Castro Alves;208,84999999999877;208,69999999999877;1,0831366287424;8,0691627998942;UHE Castro Alves - CAV SNIRH.xlsx;b8f0487a-df73-4f8d-8b22-bb49cf9f3683;https://metadados.snirh.gov.br/files/b8f0487a-df73-4f8d-8b22-bb49cf9f3683/Castro_Alves.zip
Castro Alves;208,94999999999877;208,79999999999876;1,0948661723558;8,1780558834846;UHE Castro Alves - CAV SNIRH.xlsx;b8f0487a-df73-4f8d-8b22-bb49cf9f3683;https://metadados.snirh.gov.br/files/b8f0487a-df73-4f8d-8b22-bb49cf9f3683/Castro_Alves.zip
Castro Alves;209,04999999999876;208,89999999999876;1,1073916314065;8,2881564116015;UHE Castro Alves - CAV SNIRH.xlsx;b8f0487a-df73-4f8d-8b22-bb49cf9f3683;https://metadados.snirh.gov.br/files/b8f0487a-df73-4f8d-8b22-bb49cf9f3683/Castro_Alves.zip
Castro Alves;209,14999999999876;208,99999999999875;1,1204216580591;8,3995359980291;UHE Castro Alves - CAV SNIRH.xlsx;b8f0487a-df73-4f8d-8b22-bb49cf9f3683;https://metadados.snirh.gov.br/files/b8f0487a-df73-4f8d-8b22-bb49cf9f3683/Castro_Alves.zip
Castro Alves;209,24999999999875;209,09999999999874;1,1343199606966;8,5122565745679;UHE Castro Alves - CAV SNIRH.xlsx;b8f0487a-df73-4f8d-8b22-bb49cf9f3683;https://metadados.snirh.gov.br/files/b8f0487a-df73-4f8d-8b22-bb49cf9f3683/Castro_Alves.zip
Castro Alves;209,34999999999874;209,19999999999874;1,1484860077338;8,6263951320879;UHE Castro Alves - CAV SNIRH.xlsx;b8f0487a-df73-4f8d-8b22-bb49cf9f3683;https://metadados.snirh.gov.br/files/b8f0487a-df73-4f8d-8b22-bb49cf9f3683/Castro_Alves.zip
Castro Alves;209,44999999999874;209,29999999999873;1,1628818929715001;8,741958501708002;UHE Castro Alves - CAV SNIRH.xlsx;b8f0487a-df73-4f8d-8b22-bb49cf9f3683;https://metadados.snirh.gov.br/files/b8f0487a-df73-4f8d-8b22-bb49cf9f3683/Castro_Alves.zip
Castro Alves;209,54999999999873;209,39999999999873;1,1765372319912;8,8589323543482;UHE Castro Alves - CAV SNIRH.xlsx;b8f0487a-df73-4f8d-8b22-bb49cf9f3683;https://metadados.snirh.gov.br/files/b8f0487a-df73-4f8d-8b22-bb49cf9f3683/Castro_Alves.zip
Castro Alves;209,64999999999873;209,49999999999872;1,1894037619908;8,9772245502265;UHE Castro Alves - CAV SNIRH.xlsx;b8f0487a-df73-4f8d-8b22-bb49cf9f3683;https://metadados.snirh.gov.br/files/b8f0487a-df73-4f8d-8b22-bb49cf9f3683/Castro_Alves.zip
Castro Alves;209,74999999999872;209,59999999999872;1,2017109030709;9,096784579577399;UHE Castro Alves - CAV SNIRH.xlsx;b8f0487a-df73-4f8d-8b22-bb49cf9f3683;https://metadados.snirh.gov.br/files/b8f0487a-df73-4f8d-8b22-bb49cf9f3683/Castro_Alves.zip
Castro Alves;209,84999999999872;209,6999999999987;1,2138109012957001;9,217556946087699;UHE Castro Alves - CAV SNIRH.xlsx;b8f0487a-df73-4f8d-8b22-bb49cf9f3683;https://metadados.snirh.gov.br/files/b8f0487a-df73-4f8d-8b22-bb49cf9f3683/Castro_Alves.zip
Castro Alves;209,9499999999987;209,7999999999987;1,2258908878494001;9,339541466686901;UHE Castro Alves - CAV SNIRH.xlsx;b8f0487a-df73-4f8d-8b22-bb49cf9f3683;https://metadados.snirh.gov.br/files/b8f0487a-df73-4f8d-8b22-bb49cf9f3683/Castro_Alves.zip
Castro Alves;210,0499999999987;209,8999999999987;1,2379946757708;9,462721624518501;UHE Castro Alves - CAV SNIRH.xlsx;b8f0487a-df73-4f8d-8b22-bb49cf9f3683;https://metadados.snirh.gov.br/files/b8f0487a-df73-4f8d-8b22-bb49cf9f3683/Castro_Alves.zip
Castro Alves;210,1499999999987;209,9999999999987;1,2502562362311;9,5871391370818;UHE Castro Alves - CAV SNIRH.xlsx;b8f0487a-df73-4f8d-8b22-bb49cf9f3683;https://metadados.snirh.gov.br/files/b8f0487a-df73-4f8d-8b22-bb49cf9f3683/Castro_Alves.zip
Castro Alves;210,2499999999987;210,0999999999987;1,2620804729534;9,7127475838092;UHE Castro Alves - CAV SNIRH.xlsx;b8f0487a-df73-4f8d-8b22-bb49cf9f3683;https://metadados.snirh.gov.br/files/b8f0487a-df73-4f8d-8b22-bb49cf9f3683/Castro_Alves.zip
Castro Alves;210,3499999999987;210,19999999999868;1,2736860277253002;9,8395361659702;UHE Castro Alves - CAV SNIRH.xlsx;b8f0487a-df73-4f8d-8b22-bb49cf9f3683;https://metadados.snirh.gov.br/files/b8f0487a-df73-4f8d-8b22-bb49cf9f3683/Castro_Alves.zip
Castro Alves;210,44999999999868;210,29999999999868;1,2852896611959999;9,9674828018732;UHE Castro Alves - CAV SNIRH.xlsx;b8f0487a-df73-4f8d-8b22-bb49cf9f3683;https://metadados.snirh.gov.br/files/b8f0487a-df73-4f8d-8b22-bb49cf9f3683/Castro_Alves.zip
Castro Alves;210,54999999999868;210,39999999999867;1,2968181885634;10,096586507546;UHE Castro Alves - CAV SNIRH.xlsx;b8f0487a-df73-4f8d-8b22-bb49cf9f3683;https://metadados.snirh.gov.br/files/b8f0487a-df73-4f8d-8b22-bb49cf9f3683/Castro_Alves.zip
Castro Alves;210,64999999999867;210,49999999999866;1,3083012368611;10,226835454719;UHE Castro Alves - CAV SNIRH.xlsx;b8f0487a-df73-4f8d-8b22-bb49cf9f3683;https://metadados.snirh.gov.br/files/b8f0487a-df73-4f8d-8b22-bb49cf9f3683/Castro_Alves.zip
Castro Alves;210,74999999999866;210,59999999999866;1,3197139016435;10,358230520195;UHE Castro Alves - CAV SNIRH.xlsx;b8f0487a-df73-4f8d-8b22-bb49cf9f3683;https://metadados.snirh.gov.br/files/b8f0487a-df73-4f8d-8b22-bb49cf9f3683/Castro_Alves.zip
Castro Alves;210,84999999999866;210,69999999999865;1,3310134712701;10,490756843582;UHE Castro Alves - CAV SNIRH.xlsx;b8f0487a-df73-4f8d-8b22-bb49cf9f3683;https://metadados.snirh.gov.br/files/b8f0487a-df73-4f8d-8b22-bb49cf9f3683/Castro_Alves.zip
Castro Alves;210,94999999999865;210,79999999999865;1,34244016806;10,624430181907;UHE Castro Alves - CAV SNIRH.xlsx;b8f0487a-df73-4f8d-8b22-bb49cf9f3683;https://metadados.snirh.gov.br/files/b8f0487a-df73-4f8d-8b22-bb49cf9f3683/Castro_Alves.zip
Castro Alves;211,04999999999865;210,89999999999864;1,3536642311038;10,759236389672;UHE Castro Alves - CAV SNIRH.xlsx;b8f0487a-df73-4f8d-8b22-bb49cf9f3683;https://metadados.snirh.gov.br/files/b8f0487a-df73-4f8d-8b22-bb49cf9f3683/Castro_Alves.zip
Castro Alves;211,14999999999864;210,99999999999864;1,3649226595694;10,895156692072;UHE Castro Alves - CAV SNIRH.xlsx;b8f0487a-df73-4f8d-8b22-bb49cf9f3683;https://metadados.snirh.gov.br/files/b8f0487a-df73-4f8d-8b22-bb49cf9f3683/Castro_Alves.zip
Castro Alves;211,24999999999864;211,09999999999863;1,3759763847826;11,032197699347;UHE Castro Alves - CAV SNIRH.xlsx;b8f0487a-df73-4f8d-8b22-bb49cf9f3683;https://metadados.snirh.gov.br/files/b8f0487a-df73-4f8d-8b22-bb49cf9f3683/Castro_Alves.zip
Castro Alves;211,34999999999863;211,19999999999862;1,3869353161442999;11,170336935435001;UHE Castro Alves - CAV SNIRH.xlsx;b8f0487a-df73-4f8d-8b22-bb49cf9f3683;https://metadados.snirh.gov.br/files/b8f0487a-df73-4f8d-8b22-bb49cf9f3683/Castro_Alves.zip
Castro Alves;211,44999999999862;211,29999999999862;1,3978284026837;11,309573330770998;UHE Castro Alves - CAV SNIRH.xlsx;b8f0487a-df73-4f8d-8b22-bb49cf9f3683;https://metadados.snirh.gov.br/files/b8f0487a-df73-4f8d-8b22-bb49cf9f3683/Castro_Alves.zip
Castro Alves;211,54999999999862;211,3999999999986;1,4089208254988999;11,449903929116;UHE Castro Alves - CAV SNIRH.xlsx;b8f0487a-df73-4f8d-8b22-bb49cf9f3683;https://metadados.snirh.gov.br/files/b8f0487a-df73-4f8d-8b22-bb49cf9f3683/Castro_Alves.zip
Castro Alves;211,6499999999986;211,4999999999986;1,419937844637;11,591342572518;UHE Castro Alves - CAV SNIRH.xlsx;b8f0487a-df73-4f8d-8b22-bb49cf9f3683;https://metadados.snirh.gov.br/files/b8f0487a-df73-4f8d-8b22-bb49cf9f3683/Castro_Alves.zip
Castro Alves;211,7499999999986;211,5999999999986;1,4311191351266999;11,733887972929999;UHE Castro Alves - CAV SNIRH.xlsx;b8f0487a-df73-4f8d-8b22-bb49cf9f3683;https://metadados.snirh.gov.br/files/b8f0487a-df73-4f8d-8b22-bb49cf9f3683/Castro_Alves.zip
Castro Alves;211,8499999999986;211,6999999999986;1,4427362439681999;11,877571100389;UHE Castro Alves - CAV SNIRH.xlsx;b8f0487a-df73-4f8d-8b22-bb49cf9f3683;https://metadados.snirh.gov.br/files/b8f0487a-df73-4f8d-8b22-bb49cf9f3683/Castro_Alves.zip
Castro Alves;211,9499999999986;211,7999999999986;1,4545157013608;12,022421661792;UHE Castro Alves - CAV SNIRH.xlsx;b8f0487a-df73-4f8d-8b22-bb49cf9f3683;https://metadados.snirh.gov.br/files/b8f0487a-df73-4f8d-8b22-bb49cf9f3683/Castro_Alves.zip
Castro Alves;212,0499999999986;211,89999999999858;1,4671617613105001;12,16849530451;UHE Castro Alves - CAV SNIRH.xlsx;b8f0487a-df73-4f8d-8b22-bb49cf9f3683;https://metadados.snirh.gov.br/files/b8f0487a-df73-4f8d-8b22-bb49cf9f3683/Castro_Alves.zip
Castro Alves;212,14999999999858;211,99999999999858;1,4803484980087;12,31586583333;UHE Castro Alves - CAV SNIRH.xlsx;b8f0487a-df73-4f8d-8b22-bb49cf9f3683;https://metadados.snirh.gov.br/files/b8f0487a-df73-4f8d-8b22-bb49cf9f3683/Castro_Alves.zip
Castro Alves;212,24999999999858;212,09999999999857;1,4937899637593002;12,464561026353;UHE Castro Alves - CAV SNIRH.xlsx;b8f0487a-df73-4f8d-8b22-bb49cf9f3683;https://metadados.snirh.gov.br/files/b8f0487a-df73-4f8d-8b22-bb49cf9f3683/Castro_Alves.zip
Castro Alves;212,34999999999857;212,19999999999857;1,5072882870535;12,614605223678;UHE Castro Alves - CAV SNIRH.xlsx;b8f0487a-df73-4f8d-8b22-bb49cf9f3683;https://metadados.snirh.gov.br/files/b8f0487a-df73-4f8d-8b22-bb49cf9f3683/Castro_Alves.zip
Castro Alves;212,44999999999857;212,29999999999856;1,520765303755;12,766001869305;UHE Castro Alves - CAV SNIRH.xlsx;b8f0487a-df73-4f8d-8b22-bb49cf9f3683;https://metadados.snirh.gov.br/files/b8f0487a-df73-4f8d-8b22-bb49cf9f3683/Castro_Alves.zip
Castro Alves;212,54999999999856;212,39999999999856;1,5344883627802002;12,918749936938001;UHE Castro Alves - CAV SNIRH.xlsx;b8f0487a-df73-4f8d-8b22-bb49cf9f3683;https://metadados.snirh.gov.br/files/b8f0487a-df73-4f8d-8b22-bb49cf9f3683/Castro_Alves.zip
Castro Alves;212,64999999999856;212,49999999999855;1,5488062397669;13,072905139229;UHE Castro Alves - CAV SNIRH.xlsx;b8f0487a-df73-4f8d-8b22-bb49cf9f3683;https://metadados.snirh.gov.br/files/b8f0487a-df73-4f8d-8b22-bb49cf9f3683/Castro_Alves.zip
Castro Alves;212,74999999999855;212,59999999999854;1,563835436761;13,228516710002;UHE Castro Alves - CAV SNIRH.xlsx;b8f0487a-df73-4f8d-8b22-bb49cf9f3683;https://metadados.snirh.gov.br/files/b8f0487a-df73-4f8d-8b22-bb49cf9f3683/Castro_Alves.zip
Castro Alves;212,84999999999854;212,69999999999854;1,5783987379948001;13,385626601964;UHE Castro Alves - CAV SNIRH.xlsx;b8f0487a-df73-4f8d-8b22-bb49cf9f3683;https://metadados.snirh.gov.br/files/b8f0487a-df73-4f8d-8b22-bb49cf9f3683/Castro_Alves.zip
Castro Alves;212,94999999999854;212,79999999999853;1,5930090585389;13,544189377939;UHE Castro Alves - CAV SNIRH.xlsx;b8f0487a-df73-4f8d-8b22-bb49cf9f3683;https://metadados.snirh.gov.br/files/b8f0487a-df73-4f8d-8b22-bb49cf9f3683/Castro_Alves.zip
Castro Alves;213,04999999999853;212,89999999999853;1,6074241126303;13,704205542534;UHE Castro Alves - CAV SNIRH.xlsx;b8f0487a-df73-4f8d-8b22-bb49cf9f3683;https://metadados.snirh.gov.br/files/b8f0487a-df73-4f8d-8b22-bb49cf9f3683/Castro_Alves.zip
Castro Alves;213,14999999999853;212,99999999999852;1,6225799003104;13,865685448700999;UHE Castro Alves - CAV SNIRH.xlsx;b8f0487a-df73-4f8d-8b22-bb49cf9f3683;https://metadados.snirh.gov.br/files/b8f0487a-df73-4f8d-8b22-bb49cf9f3683/Castro_Alves.zip
Castro Alves;213,24999999999852;213,09999999999852;1,6379067392236;14,02871099192;UHE Castro Alves - CAV SNIRH.xlsx;b8f0487a-df73-4f8d-8b22-bb49cf9f3683;https://metadados.snirh.gov.br/files/b8f0487a-df73-4f8d-8b22-bb49cf9f3683/Castro_Alves.zip
Castro Alves;213,34999999999852;213,1999999999985;1,6525295164461;14,193231966774;UHE Castro Alves - CAV SNIRH.xlsx;b8f0487a-df73-4f8d-8b22-bb49cf9f3683;https://metadados.snirh.gov.br/files/b8f0487a-df73-4f8d-8b22-bb49cf9f3683/Castro_Alves.zip
Castro Alves;213,4499999999985;213,2999999999985;1,6661714445097;14,359160752659001;UHE Castro Alves - CAV SNIRH.xlsx;b8f0487a-df73-4f8d-8b22-bb49cf9f3683;https://metadados.snirh.gov.br/files/b8f0487a-df73-4f8d-8b22-bb49cf9f3683/Castro_Alves.zip
Castro Alves;213,5499999999985;213,3999999999985;1,6793548487641001;14,526428308886;UHE Castro Alves - CAV SNIRH.xlsx;b8f0487a-df73-4f8d-8b22-bb49cf9f3683;https://metadados.snirh.gov.br/files/b8f0487a-df73-4f8d-8b22-bb49cf9f3683/Castro_Alves.zip
Castro Alves;213,6499999999985;213,4999999999985;1,6927244495965;14,695022374568001;UHE Castro Alves - CAV SNIRH.xlsx;b8f0487a-df73-4f8d-8b22-bb49cf9f3683;https://metadados.snirh.gov.br/files/b8f0487a-df73-4f8d-8b22-bb49cf9f3683/Castro_Alves.zip
Castro Alves;213,7499999999985;213,5999999999985;1,7062475580080998;14,864957792072;UHE Castro Alves - CAV SNIRH.xlsx;b8f0487a-df73-4f8d-8b22-bb49cf9f3683;https://metadados.snirh.gov.br/files/b8f0487a-df73-4f8d-8b22-bb49cf9f3683/Castro_Alves.zip
Castro Alves;213,8499999999985;213,69999999999848;1,7192958036875001;15,036231479900001;UHE Castro Alves - CAV SNIRH.xlsx;b8f0487a-df73-4f8d-8b22-bb49cf9f3683;https://metadados.snirh.gov.br/files/b8f0487a-df73-4f8d-8b22-bb49cf9f3683/Castro_Alves.zip
Castro Alves;213,94999999999848;213,79999999999848;1,7324428422922;15,208804878737999;UHE Castro Alves - CAV SNIRH.xlsx;b8f0487a-df73-4f8d-8b22-bb49cf9f3683;https://metadados.snirh.gov.br/files/b8f0487a-df73-4f8d-8b22-bb49cf9f3683/Castro_Alves.zip
Castro Alves;214,04999999999848;213,89999999999847;1,7456079447722;15,382706922247;UHE Castro Alves - CAV SNIRH.xlsx;b8f0487a-df73-4f8d-8b22-bb49cf9f3683;https://metadados.snirh.gov.br/files/b8f0487a-df73-4f8d-8b22-bb49cf9f3683/Castro_Alves.zip
Castro Alves;214,14999999999847;213,99999999999847;1,7585836968043;15,557896649574001;UHE Castro Alves - CAV SNIRH.xlsx;b8f0487a-df73-4f8d-8b22-bb49cf9f3683;https://metadados.snirh.gov.br/files/b8f0487a-df73-4f8d-8b22-bb49cf9f3683/Castro_Alves.zip
Castro Alves;214,24999999999847;214,09999999999846;1,7715551619736;15,734402043467;UHE Castro Alves - CAV SNIRH.xlsx;b8f0487a-df73-4f8d-8b22-bb49cf9f3683;https://metadados.snirh.gov.br/files/b8f0487a-df73-4f8d-8b22-bb49cf9f3683/Castro_Alves.zip
Castro Alves;214,34999999999846;214,19999999999845;1,7844290219580998;15,912195092148;UHE Castro Alves - CAV SNIRH.xlsx;b8f0487a-df73-4f8d-8b22-bb49cf9f3683;https://metadados.snirh.gov.br/files/b8f0487a-df73-4f8d-8b22-bb49cf9f3683/Castro_Alves.zip
Castro Alves;214,44999999999845;214,29999999999845;1,7969062586671;16,091246041374;UHE Castro Alves - CAV SNIRH.xlsx;b8f0487a-df73-4f8d-8b22-bb49cf9f3683;https://metadados.snirh.gov.br/files/b8f0487a-df73-4f8d-8b22-bb49cf9f3683/Castro_Alves.zip
Castro Alves;214,54999999999845;214,39999999999844;1,8090356670113001;16,271532814232998;UHE Castro Alves - CAV SNIRH.xlsx;b8f0487a-df73-4f8d-8b22-bb49cf9f3683;https://metadados.snirh.gov.br/files/b8f0487a-df73-4f8d-8b22-bb49cf9f3683/Castro_Alves.zip
Castro Alves;214,64999999999844;214,49999999999844;1,8209390105168;16,453024156194;UHE Castro Alves - CAV SNIRH.xlsx;b8f0487a-df73-4f8d-8b22-bb49cf9f3683;https://metadados.snirh.gov.br/files/b8f0487a-df73-4f8d-8b22-bb49cf9f3683/Castro_Alves.zip
Castro Alves;214,74999999999844;214,59999999999843;1,8322996498441;16,635686085756;UHE Castro Alves - CAV SNIRH.xlsx;b8f0487a-df73-4f8d-8b22-bb49cf9f3683;https://metadados.snirh.gov.br/files/b8f0487a-df73-4f8d-8b22-bb49cf9f3683/Castro_Alves.zip
Castro Alves;214,84999999999843;214,69999999999843;1,8434462927822;16,819466842291;UHE Castro Alves - CAV SNIRH.xlsx;b8f0487a-df73-4f8d-8b22-bb49cf9f3683;https://metadados.snirh.gov.br/files/b8f0487a-df73-4f8d-8b22-bb49cf9f3683/Castro_Alves.zip
Castro Alves;214,94999999999843;214,79999999999842;1,8543360024738;17,004344766331;UHE Castro Alves - CAV SNIRH.xlsx;b8f0487a-df73-4f8d-8b22-bb49cf9f3683;https://metadados.snirh.gov.br/files/b8f0487a-df73-4f8d-8b22-bb49cf9f3683/Castro_Alves.zip
Castro Alves;215,04999999999842;214,8999999999984;1,8651292287204;17,190312025837;UHE Castro Alves - CAV SNIRH.xlsx;b8f0487a-df73-4f8d-8b22-bb49cf9f3683;https://metadados.snirh.gov.br/files/b8f0487a-df73-4f8d-8b22-bb49cf9f3683/Castro_Alves.zip
Castro Alves;215,1499999999984;214,9999999999984;1,8758476629026;17,377349885703;UHE Castro Alves - CAV SNIRH.xlsx;b8f0487a-df73-4f8d-8b22-bb49cf9f3683;https://metadados.snirh.gov.br/files/b8f0487a-df73-4f8d-8b22-bb49cf9f3683/Castro_Alves.zip
Castro Alves;215,2499999999984;215,0999999999984;1,8865504463655;17,565456794183998;UHE Castro Alves - CAV SNIRH.xlsx;b8f0487a-df73-4f8d-8b22-bb49cf9f3683;https://metadados.snirh.gov.br/files/b8f0487a-df73-4f8d-8b22-bb49cf9f3683/Castro_Alves.zip
Castro Alves;215,3499999999984;215,1999999999984;1,8971992561023001;17,75463611903;UHE Castro Alves - CAV SNIRH.xlsx;b8f0487a-df73-4f8d-8b22-bb49cf9f3683;https://metadados.snirh.gov.br/files/b8f0487a-df73-4f8d-8b22-bb49cf9f3683/Castro_Alves.zip
Castro Alves;215,4499999999984;215,2999999999984;1,9078011667343;17,944877227903998;UHE Castro Alves - CAV SNIRH.xlsx;b8f0487a-df73-4f8d-8b22-bb49cf9f3683;https://metadados.snirh.gov.br/files/b8f0487a-df73-4f8d-8b22-bb49cf9f3683/Castro_Alves.zip
Castro Alves;215,5499999999984;215,39999999999839;1,9183757444411;18,136178117865;UHE Castro Alves - CAV SNIRH.xlsx;b8f0487a-df73-4f8d-8b22-bb49cf9f3683;https://metadados.snirh.gov.br/files/b8f0487a-df73-4f8d-8b22-bb49cf9f3683/Castro_Alves.zip
Castro Alves;215,64999999999839;215,49999999999838;1,9288432626196;18,328536518251003;UHE Castro Alves - CAV SNIRH.xlsx;b8f0487a-df73-4f8d-8b22-bb49cf9f3683;https://metadados.snirh.gov.br/files/b8f0487a-df73-4f8d-8b22-bb49cf9f3683/Castro_Alves.zip
Castro Alves;215,74999999999838;215,59999999999837;1,939251115125;18,521927753715;UHE Castro Alves - CAV SNIRH.xlsx;b8f0487a-df73-4f8d-8b22-bb49cf9f3683;https://metadados.snirh.gov.br/files/b8f0487a-df73-4f8d-8b22-bb49cf9f3683/Castro_Alves.zip
Castro Alves;215,84999999999837;215,69999999999837;1,9497746743394;18,716364880303;UHE Castro Alves - CAV SNIRH.xlsx;b8f0487a-df73-4f8d-8b22-bb49cf9f3683;https://metadados.snirh.gov.br/files/b8f0487a-df73-4f8d-8b22-bb49cf9f3683/Castro_Alves.zip
Castro Alves;215,94999999999837;215,79999999999836;1,960413862467;18,911873462065;UHE Castro Alves - CAV SNIRH.xlsx;b8f0487a-df73-4f8d-8b22-bb49cf9f3683;https://metadados.snirh.gov.br/files/b8f0487a-df73-4f8d-8b22-bb49cf9f3683/Castro_Alves.zip
Castro Alves;216,04999999999836;215,89999999999836;1,9709293696402;19,108426643263;UHE Castro Alves - CAV SNIRH.xlsx;b8f0487a-df73-4f8d-8b22-bb49cf9f3683;https://metadados.snirh.gov.br/files/b8f0487a-df73-4f8d-8b22-bb49cf9f3683/Castro_Alves.zip
Castro Alves;216,14999999999836;215,99999999999835;1,9813544859535;19,306023992723;UHE Castro Alves - CAV SNIRH.xlsx;b8f0487a-df73-4f8d-8b22-bb49cf9f3683;https://metadados.snirh.gov.br/files/b8f0487a-df73-4f8d-8b22-bb49cf9f3683/Castro_Alves.zip
Castro Alves;216,24999999999835;216,09999999999835;1,9917081805641;19,504677025919;UHE Castro Alves - CAV SNIRH.xlsx;b8f0487a-df73-4f8d-8b22-bb49cf9f3683;https://metadados.snirh.gov.br/files/b8f0487a-df73-4f8d-8b22-bb49cf9f3683/Castro_Alves.zip
Castro Alves;216,34999999999835;216,19999999999834;2,0018747485501;19,704346422352;UHE Castro Alves - CAV SNIRH.xlsx;b8f0487a-df73-4f8d-8b22-bb49cf9f3683;https://metadados.snirh.gov.br/files/b8f0487a-df73-4f8d-8b22-bb49cf9f3683/Castro_Alves.zip
Castro Alves;216,44999999999834;216,29999999999833;2,0120112249771;19,905032344559;UHE Castro Alves - CAV SNIRH.xlsx;b8f0487a-df73-4f8d-8b22-bb49cf9f3683;https://metadados.snirh.gov.br/files/b8f0487a-df73-4f8d-8b22-bb49cf9f3683/Castro_Alves.zip
Castro Alves;216,54999999999833;216,39999999999833;2,0221857242349;20,106729734843;UHE Castro Alves - CAV SNIRH.xlsx;b8f0487a-df73-4f8d-8b22-bb49cf9f3683;https://metadados.snirh.gov.br/files/b8f0487a-df73-4f8d-8b22-bb49cf9f3683/Castro_Alves.zip
Castro Alves;216,64999999999833;216,49999999999832;2,0322819788866;20,309453947117;UHE Castro Alves - CAV SNIRH.xlsx;b8f0487a-df73-4f8d-8b22-bb49cf9f3683;https://metadados.snirh.gov.br/files/b8f0487a-df73-4f8d-8b22-bb49cf9f3683/Castro_Alves.zip
Castro Alves;216,74999999999832;216,59999999999832;2,0424550134933;20,513173181924;UHE Castro Alves - CAV SNIRH.xlsx;b8f0487a-df73-4f8d-8b22-bb49cf9f3683;https://metadados.snirh.gov.br/files/b8f0487a-df73-4f8d-8b22-bb49cf9f3683/Castro_Alves.zip
Castro Alves;216,84999999999832;216,6999999999983;2,0526874497904;20,717936058859003;UHE Castro Alves - CAV SNIRH.xlsx;b8f0487a-df73-4f8d-8b22-bb49cf9f3683;https://metadados.snirh.gov.br/files/b8f0487a-df73-4f8d-8b22-bb49cf9f3683/Castro_Alves.zip
Castro Alves;216,9499999999983;216,7999999999983;2,0628702375906;20,923699581121003;UHE Castro Alves - CAV SNIRH.xlsx;b8f0487a-df73-4f8d-8b22-bb49cf9f3683;https://metadados.snirh.gov.br/files/b8f0487a-df73-4f8d-8b22-bb49cf9f3683/Castro_Alves.zip
Castro Alves;217,0499999999983;216,8999999999983;2,0732793283824003;21,1304848602;UHE Castro Alves - CAV SNIRH.xlsx;b8f0487a-df73-4f8d-8b22-bb49cf9f3683;https://metadados.snirh.gov.br/files/b8f0487a-df73-4f8d-8b22-bb49cf9f3683/Castro_Alves.zip
Castro Alves;217,1499999999983;216,9999999999983;2,0839429191069;21,338337095697;UHE Castro Alves - CAV SNIRH.xlsx;b8f0487a-df73-4f8d-8b22-bb49cf9f3683;https://metadados.snirh.gov.br/files/b8f0487a-df73-4f8d-8b22-bb49cf9f3683/Castro_Alves.zip
Castro Alves;217,2499999999983;217,0999999999983;2,0947062005704002;21,547274211559003;UHE Castro Alves - CAV SNIRH.xlsx;b8f0487a-df73-4f8d-8b22-bb49cf9f3683;https://metadados.snirh.gov.br/files/b8f0487a-df73-4f8d-8b22-bb49cf9f3683/Castro_Alves.zip
Castro Alves;217,3499999999983;217,19999999999828;2,1055056777754;21,757272004706;UHE Castro Alves - CAV SNIRH.xlsx;b8f0487a-df73-4f8d-8b22-bb49cf9f3683;https://metadados.snirh.gov.br/files/b8f0487a-df73-4f8d-8b22-bb49cf9f3683/Castro_Alves.zip
Castro Alves;217,44999999999828;217,29999999999828;2,1163611047922;21,968351430693;UHE Castro Alves - CAV SNIRH.xlsx;b8f0487a-df73-4f8d-8b22-bb49cf9f3683;https://metadados.snirh.gov.br/files/b8f0487a-df73-4f8d-8b22-bb49cf9f3683/Castro_Alves.zip
Castro Alves;217,54999999999828;217,39999999999827;2,1273310989851;22,180533650302998;UHE Castro Alves - CAV SNIRH.xlsx;b8f0487a-df73-4f8d-8b22-bb49cf9f3683;https://metadados.snirh.gov.br/files/b8f0487a-df73-4f8d-8b22-bb49cf9f3683/Castro_Alves.zip
Castro Alves;217,64999999999827;217,49999999999827;2,1384578807446;22,393815528647004;UHE Castro Alves - CAV SNIRH.xlsx;b8f0487a-df73-4f8d-8b22-bb49cf9f3683;https://metadados.snirh.gov.br/files/b8f0487a-df73-4f8d-8b22-bb49cf9f3683/Castro_Alves.zip
Castro Alves;217,74999999999827;217,59999999999826;2,1495593536724997;22,608205039615;UHE Castro Alves - CAV SNIRH.xlsx;b8f0487a-df73-4f8d-8b22-bb49cf9f3683;https://metadados.snirh.gov.br/files/b8f0487a-df73-4f8d-8b22-bb49cf9f3683/Castro_Alves.zip
Castro Alves;217,84999999999826;217,69999999999825;2,1606490129213998;22,823710894957;UHE Castro Alves - CAV SNIRH.xlsx;b8f0487a-df73-4f8d-8b22-bb49cf9f3683;https://metadados.snirh.gov.br/files/b8f0487a-df73-4f8d-8b22-bb49cf9f3683/Castro_Alves.zip
Castro Alves;217,94999999999825;217,79999999999825;2,1719403819966;23,040339690032003;UHE Castro Alves - CAV SNIRH.xlsx;b8f0487a-df73-4f8d-8b22-bb49cf9f3683;https://metadados.snirh.gov.br/files/b8f0487a-df73-4f8d-8b22-bb49cf9f3683/Castro_Alves.zip
Castro Alves;218,04999999999825;217,89999999999824;2,1834447847361003;23,258087901510997;UHE Castro Alves - CAV SNIRH.xlsx;b8f0487a-df73-4f8d-8b22-bb49cf9f3683;https://metadados.snirh.gov.br/files/b8f0487a-df73-4f8d-8b22-bb49cf9f3683/Castro_Alves.zip
Castro Alves;218,14999999999824;217,99999999999824;2,1952377361626003;23,477014520073002;UHE Castro Alves - CAV SNIRH.xlsx;b8f0487a-df73-4f8d-8b22-bb49cf9f3683;https://metadados.snirh.gov.br/files/b8f0487a-df73-4f8d-8b22-bb49cf9f3683/Castro_Alves.zip
Castro Alves;218,24999999999824;218,09999999999823;2,2068958330946002;23,697113693967;UHE Castro Alves - CAV SNIRH.xlsx;b8f0487a-df73-4f8d-8b22-bb49cf9f3683;https://metadados.snirh.gov.br/files/b8f0487a-df73-4f8d-8b22-bb49cf9f3683/Castro_Alves.zip
Castro Alves;218,34999999999823;218,19999999999823;2,2188427137021;23,918382630464;UHE Castro Alves - CAV SNIRH.xlsx;b8f0487a-df73-4f8d-8b22-bb49cf9f3683;https://metadados.snirh.gov.br/files/b8f0487a-df73-4f8d-8b22-bb49cf9f3683/Castro_Alves.zip
Castro Alves;218,44999999999823;218,29999999999822;2,2308326419457;24,140866776419;UHE Castro Alves - CAV SNIRH.xlsx;b8f0487a-df73-4f8d-8b22-bb49cf9f3683;https://metadados.snirh.gov.br/files/b8f0487a-df73-4f8d-8b22-bb49cf9f3683/Castro_Alves.zip
Castro Alves;218,54999999999822;218,39999999999822;2,2426601396342;24,364529177251;UHE Castro Alves - CAV SNIRH.xlsx;b8f0487a-df73-4f8d-8b22-bb49cf9f3683;https://metadados.snirh.gov.br/files/b8f0487a-df73-4f8d-8b22-bb49cf9f3683/Castro_Alves.zip
Castro Alves;218,64999999999822;218,4999999999982;2,2545808639537;24,589386461660002;UHE Castro Alves - CAV SNIRH.xlsx;b8f0487a-df73-4f8d-8b22-bb49cf9f3683;https://metadados.snirh.gov.br/files/b8f0487a-df73-4f8d-8b22-bb49cf9f3683/Castro_Alves.zip
Castro Alves;218,7499999999982;218,5999999999982;2,266397414859;24,815425713948;UHE Castro Alves - CAV SNIRH.xlsx;b8f0487a-df73-4f8d-8b22-bb49cf9f3683;https://metadados.snirh.gov.br/files/b8f0487a-df73-4f8d-8b22-bb49cf9f3683/Castro_Alves.zip
Castro Alves;218,8499999999982;218,6999999999982;2,2786047195252;25,042669866713;UHE Castro Alves - CAV SNIRH.xlsx;b8f0487a-df73-4f8d-8b22-bb49cf9f3683;https://metadados.snirh.gov.br/files/b8f0487a-df73-4f8d-8b22-bb49cf9f3683/Castro_Alves.zip
Castro Alves;218,9499999999982;218,7999999999982;2,2912513849343;25,271151636156997;UHE Castro Alves - CAV SNIRH.xlsx;b8f0487a-df73-4f8d-8b22-bb49cf9f3683;https://metadados.snirh.gov.br/files/b8f0487a-df73-4f8d-8b22-bb49cf9f3683/Castro_Alves.zip
Castro Alves;219,0499999999982;218,8999999999982;2,3041387034353;25,500912213259;UHE Castro Alves - CAV SNIRH.xlsx;b8f0487a-df73-4f8d-8b22-bb49cf9f3683;https://metadados.snirh.gov.br/files/b8f0487a-df73-4f8d-8b22-bb49cf9f3683/Castro_Alves.zip
Castro Alves;219,1499999999982;218,99999999999818;2,3174397661704997;25,731975827773002;UHE Castro Alves - CAV SNIRH.xlsx;b8f0487a-df73-4f8d-8b22-bb49cf9f3683;https://metadados.snirh.gov.br/files/b8f0487a-df73-4f8d-8b22-bb49cf9f3683/Castro_Alves.zip
Castro Alves;219,24999999999818;219,09999999999818;2,3305239217518;25,964364164663;UHE Castro Alves - CAV SNIRH.xlsx;b8f0487a-df73-4f8d-8b22-bb49cf9f3683;https://metadados.snirh.gov.br/files/b8f0487a-df73-4f8d-8b22-bb49cf9f3683/Castro_Alves.zip
Castro Alves;219,34999999999818;219,19999999999817;2,3433967430003;26,198054676966997;UHE Castro Alves - CAV SNIRH.xlsx;b8f0487a-df73-4f8d-8b22-bb49cf9f3683;https://metadados.snirh.gov.br/files/b8f0487a-df73-4f8d-8b22-bb49cf9f3683/Castro_Alves.zip
Castro Alves;219,44999999999817;219,29999999999816;2,3560190322383;26,433019898382998;UHE Castro Alves - CAV SNIRH.xlsx;b8f0487a-df73-4f8d-8b22-bb49cf9f3683;https://metadados.snirh.gov.br/files/b8f0487a-df73-4f8d-8b22-bb49cf9f3683/Castro_Alves.zip
Castro Alves;219,54999999999816;219,39999999999816;2,3686868206334997;26,669253161607;UHE Castro Alves - CAV SNIRH.xlsx;b8f0487a-df73-4f8d-8b22-bb49cf9f3683;https://metadados.snirh.gov.br/files/b8f0487a-df73-4f8d-8b22-bb49cf9f3683/Castro_Alves.zip
Castro Alves;219,64999999999816;219,49999999999815;2,3814918032989;26,906751760644998;UHE Castro Alves - CAV SNIRH.xlsx;b8f0487a-df73-4f8d-8b22-bb49cf9f3683;https://metadados.snirh.gov.br/files/b8f0487a-df73-4f8d-8b22-bb49cf9f3683/Castro_Alves.zip
Castro Alves;219,74999999999815;219,59999999999815;2,3936665250461;27,145501096116;UHE Castro Alves - CAV SNIRH.xlsx;b8f0487a-df73-4f8d-8b22-bb49cf9f3683;https://metadados.snirh.gov.br/files/b8f0487a-df73-4f8d-8b22-bb49cf9f3683/Castro_Alves.zip
Castro Alves;219,84999999999815;219,69999999999814;2,4057373604333;27,385462811743;UHE Castro Alves - CAV SNIRH.xlsx;b8f0487a-df73-4f8d-8b22-bb49cf9f3683;https://metadados.snirh.gov.br/files/b8f0487a-df73-4f8d-8b22-bb49cf9f3683/Castro_Alves.zip
Castro Alves;219,94999999999814;219,79999999999814;2,4179058980704;27,626646262093;UHE Castro Alves - CAV SNIRH.xlsx;b8f0487a-df73-4f8d-8b22-bb49cf9f3683;https://metadados.snirh.gov.br/files/b8f0487a-df73-4f8d-8b22-bb49cf9f3683/Castro_Alves.zip
Castro Alves;220,04999999999814;219,89999999999813;2,4301342909490002;27,869036449476;UHE Castro Alves - CAV SNIRH.xlsx;b8f0487a-df73-4f8d-8b22-bb49cf9f3683;https://metadados.snirh.gov.br/files/b8f0487a-df73-4f8d-8b22-bb49cf9f3683/Castro_Alves.zip
Castro Alves;220,14999999999813;219,99999999999812;2,4425457839278;28,112662087;UHE Castro Alves - CAV SNIRH.xlsx;b8f0487a-df73-4f8d-8b22-bb49cf9f3683;https://metadados.snirh.gov.br/files/b8f0487a-df73-4f8d-8b22-bb49cf9f3683/Castro_Alves.zip
Castro Alves;220,24999999999812;220,09999999999812;2,4550299867349996;28,357533602479;UHE Castro Alves - CAV SNIRH.xlsx;b8f0487a-df73-4f8d-8b22-bb49cf9f3683;https://metadados.snirh.gov.br/files/b8f0487a-df73-4f8d-8b22-bb49cf9f3683/Castro_Alves.zip
Castro Alves;220,34999999999812;220,1999999999981;2,4677098939396;28,60365326414;UHE Castro Alves - CAV SNIRH.xlsx;b8f0487a-df73-4f8d-8b22-bb49cf9f3683;https://metadados.snirh.gov.br/files/b8f0487a-df73-4f8d-8b22-bb49cf9f3683/Castro_Alves.zip
Castro Alves;220,4499999999981;220,2999999999981;2,4807003034831;28,851063295352002;UHE Castro Alves - CAV SNIRH.xlsx;b8f0487a-df73-4f8d-8b22-bb49cf9f3683;https://metadados.snirh.gov.br/files/b8f0487a-df73-4f8d-8b22-bb49cf9f3683/Castro_Alves.zip
Castro Alves;220,5499999999981;220,3999999999981;2,4937811631139;29,099778633611002;UHE Castro Alves - CAV SNIRH.xlsx;b8f0487a-df73-4f8d-8b22-bb49cf9f3683;https://metadados.snirh.gov.br/files/b8f0487a-df73-4f8d-8b22-bb49cf9f3683/Castro_Alves.zip
Castro Alves;220,6499999999981;220,4999999999981;2,5067018984236;29,349801210684003;UHE Castro Alves - CAV SNIRH.xlsx;b8f0487a-df73-4f8d-8b22-bb49cf9f3683;https://metadados.snirh.gov.br/files/b8f0487a-df73-4f8d-8b22-bb49cf9f3683/Castro_Alves.zip
Castro Alves;220,7499999999981;220,5999999999981;2,5201911725328;29,601126425775;UHE Castro Alves - CAV SNIRH.xlsx;b8f0487a-df73-4f8d-8b22-bb49cf9f3683;https://metadados.snirh.gov.br/files/b8f0487a-df73-4f8d-8b22-bb49cf9f3683/Castro_Alves.zip
Castro Alves;220,8499999999981;220,69999999999808;2,5340685938900998;29,853830461984998;UHE Castro Alves - CAV SNIRH.xlsx;b8f0487a-df73-4f8d-8b22-bb49cf9f3683;https://metadados.snirh.gov.br/files/b8f0487a-df73-4f8d-8b22-bb49cf9f3683/Castro_Alves.zip
Castro Alves;220,94999999999808;220,79999999999808;2,5480496302287;30,107932028762;UHE Castro Alves - CAV SNIRH.xlsx;b8f0487a-df73-4f8d-8b22-bb49cf9f3683;https://metadados.snirh.gov.br/files/b8f0487a-df73-4f8d-8b22-bb49cf9f3683/Castro_Alves.zip
Castro Alves;221,04999999999808;220,89999999999807;2,5625356255246;30,363446074035;UHE Castro Alves - CAV SNIRH.xlsx;b8f0487a-df73-4f8d-8b22-bb49cf9f3683;https://metadados.snirh.gov.br/files/b8f0487a-df73-4f8d-8b22-bb49cf9f3683/Castro_Alves.zip
Castro Alves;221,14999999999807;220,99999999999807;2,5775488078791002;30,620450454533;UHE Castro Alves - CAV SNIRH.xlsx;b8f0487a-df73-4f8d-8b22-bb49cf9f3683;https://metadados.snirh.gov.br/files/b8f0487a-df73-4f8d-8b22-bb49cf9f3683/Castro_Alves.zip
Castro Alves;221,24999999999807;221,09999999999806;2,5925609001177;30,878944516439;UHE Castro Alves - CAV SNIRH.xlsx;b8f0487a-df73-4f8d-8b22-bb49cf9f3683;https://metadados.snirh.gov.br/files/b8f0487a-df73-4f8d-8b22-bb49cf9f3683/Castro_Alves.zip
Castro Alves;221,34999999999806;221,19999999999806;2,6074286323794;31,138940406333;UHE Castro Alves - CAV SNIRH.xlsx;b8f0487a-df73-4f8d-8b22-bb49cf9f3683;https://metadados.snirh.gov.br/files/b8f0487a-df73-4f8d-8b22-bb49cf9f3683/Castro_Alves.zip
Castro Alves;221,44999999999806;221,29999999999805;2,6219707247143997;31,40039923849;UHE Castro Alves - CAV SNIRH.xlsx;b8f0487a-df73-4f8d-8b22-bb49cf9f3683;https://metadados.snirh.gov.br/files/b8f0487a-df73-4f8d-8b22-bb49cf9f3683/Castro_Alves.zip
Castro Alves;221,54999999999805;221,39999999999804;2,6362581359134;31,663300988177003;UHE Castro Alves - CAV SNIRH.xlsx;b8f0487a-df73-4f8d-8b22-bb49cf9f3683;https://metadados.snirh.gov.br/files/b8f0487a-df73-4f8d-8b22-bb49cf9f3683/Castro_Alves.zip
Castro Alves;221,64999999999804;221,49999999999804;2,6508994919686;31,92765703867;UHE Castro Alves - CAV SNIRH.xlsx;b8f0487a-df73-4f8d-8b22-bb49cf9f3683;https://metadados.snirh.gov.br/files/b8f0487a-df73-4f8d-8b22-bb49cf9f3683/Castro_Alves.zip
Castro Alves;221,74999999999804;221,59999999999803;2,6653935939256;32,193461678386;UHE Castro Alves - CAV SNIRH.xlsx;b8f0487a-df73-4f8d-8b22-bb49cf9f3683;https://metadados.snirh.gov.br/files/b8f0487a-df73-4f8d-8b22-bb49cf9f3683/Castro_Alves.zip
Castro Alves;221,84999999999803;221,69999999999803;2,6796106825339;32,460705945432;UHE Castro Alves - CAV SNIRH.xlsx;b8f0487a-df73-4f8d-8b22-bb49cf9f3683;https://metadados.snirh.gov.br/files/b8f0487a-df73-4f8d-8b22-bb49cf9f3683/Castro_Alves.zip
Castro Alves;221,94999999999803;221,79999999999802;2,6940045536417;32,729374332973;UHE Castro Alves - CAV SNIRH.xlsx;b8f0487a-df73-4f8d-8b22-bb49cf9f3683;https://metadados.snirh.gov.br/files/b8f0487a-df73-4f8d-8b22-bb49cf9f3683/Castro_Alves.zip
Castro Alves;222,04999999999802;221,89999999999802;2,7093240000475998;32,999543600217;UHE Castro Alves - CAV SNIRH.xlsx;b8f0487a-df73-4f8d-8b22-bb49cf9f3683;https://metadados.snirh.gov.br/files/b8f0487a-df73-4f8d-8b22-bb49cf9f3683/Castro_Alves.zip
Castro Alves;222,14999999999802;221,999999999998;2,7236997888015;33,271176696402;UHE Castro Alves - CAV SNIRH.xlsx;b8f0487a-df73-4f8d-8b22-bb49cf9f3683;https://metadados.snirh.gov.br/files/b8f0487a-df73-4f8d-8b22-bb49cf9f3683/Castro_Alves.zip
Castro Alves;222,249999999998;222,099999999998;2,7377052004773;33,544249050732;UHE Castro Alves - CAV SNIRH.xlsx;b8f0487a-df73-4f8d-8b22-bb49cf9f3683;https://metadados.snirh.gov.br/files/b8f0487a-df73-4f8d-8b22-bb49cf9f3683/Castro_Alves.zip
Castro Alves;222,349999999998;222,199999999998;2,7515829859043;33,818705587242995;UHE Castro Alves - CAV SNIRH.xlsx;b8f0487a-df73-4f8d-8b22-bb49cf9f3683;https://metadados.snirh.gov.br/files/b8f0487a-df73-4f8d-8b22-bb49cf9f3683/Castro_Alves.zip
Castro Alves;222,449999999998;222,299999999998;2,7651805920106;34,094550491364004;UHE Castro Alves - CAV SNIRH.xlsx;b8f0487a-df73-4f8d-8b22-bb49cf9f3683;https://metadados.snirh.gov.br/files/b8f0487a-df73-4f8d-8b22-bb49cf9f3683/Castro_Alves.zip
Castro Alves;222,549999999998;222,399999999998;2,7787723670389;34,371730139657;UHE Castro Alves - CAV SNIRH.xlsx;b8f0487a-df73-4f8d-8b22-bb49cf9f3683;https://metadados.snirh.gov.br/files/b8f0487a-df73-4f8d-8b22-bb49cf9f3683/Castro_Alves.zip
Castro Alves;222,649999999998;222,49999999999798;2,7921337380306;34,650271686022;UHE Castro Alves - CAV SNIRH.xlsx;b8f0487a-df73-4f8d-8b22-bb49cf9f3683;https://metadados.snirh.gov.br/files/b8f0487a-df73-4f8d-8b22-bb49cf9f3683/Castro_Alves.zip
Castro Alves;222,74999999999798;222,59999999999798;2,8053588042566;34,930137319009994;UHE Castro Alves - CAV SNIRH.xlsx;b8f0487a-df73-4f8d-8b22-bb49cf9f3683;https://metadados.snirh.gov.br/files/b8f0487a-df73-4f8d-8b22-bb49cf9f3683/Castro_Alves.zip
Castro Alves;222,84999999999798;222,69999999999797;2,8184339772234;35,211322658613;UHE Castro Alves - CAV SNIRH.xlsx;b8f0487a-df73-4f8d-8b22-bb49cf9f3683;https://metadados.snirh.gov.br/files/b8f0487a-df73-4f8d-8b22-bb49cf9f3683/Castro_Alves.zip
Castro Alves;222,94999999999797;222,79999999999797;2,8315263800254;35,493808599172006;UHE Castro Alves - CAV SNIRH.xlsx;b8f0487a-df73-4f8d-8b22-bb49cf9f3683;https://metadados.snirh.gov.br/files/b8f0487a-df73-4f8d-8b22-bb49cf9f3683/Castro_Alves.zip
Castro Alves;223,04999999999797;222,89999999999796;2,8447909455713;35,777616229572;UHE Castro Alves - CAV SNIRH.xlsx;b8f0487a-df73-4f8d-8b22-bb49cf9f3683;https://metadados.snirh.gov.br/files/b8f0487a-df73-4f8d-8b22-bb49cf9f3683/Castro_Alves.zip
Castro Alves;223,14999999999796;222,99999999999795;2,8581877087525;36,062759239592;UHE Castro Alves - CAV SNIRH.xlsx;b8f0487a-df73-4f8d-8b22-bb49cf9f3683;https://metadados.snirh.gov.br/files/b8f0487a-df73-4f8d-8b22-bb49cf9f3683/Castro_Alves.zip
Castro Alves;223,24999999999795;223,09999999999795;2,8715906702795;36,349232676152994;UHE Castro Alves - CAV SNIRH.xlsx;b8f0487a-df73-4f8d-8b22-bb49cf9f3683;https://metadados.snirh.gov.br/files/b8f0487a-df73-4f8d-8b22-bb49cf9f3683/Castro_Alves.zip
Castro Alves;223,34999999999795;223,19999999999794;2,8849520440926;36,637053785988;UHE Castro Alves - CAV SNIRH.xlsx;b8f0487a-df73-4f8d-8b22-bb49cf9f3683;https://metadados.snirh.gov.br/files/b8f0487a-df73-4f8d-8b22-bb49cf9f3683/Castro_Alves.zip
Castro Alves;223,44999999999794;223,29999999999794;2,8982426635081;36,92621218479;UHE Castro Alves - CAV SNIRH.xlsx;b8f0487a-df73-4f8d-8b22-bb49cf9f3683;https://metadados.snirh.gov.br/files/b8f0487a-df73-4f8d-8b22-bb49cf9f3683/Castro_Alves.zip
Castro Alves;223,54999999999794;223,39999999999793;2,9112984050202;37,216688041585;UHE Castro Alves - CAV SNIRH.xlsx;b8f0487a-df73-4f8d-8b22-bb49cf9f3683;https://metadados.snirh.gov.br/files/b8f0487a-df73-4f8d-8b22-bb49cf9f3683/Castro_Alves.zip
Castro Alves;223,64999999999793;223,49999999999793;2,9242071241147998;37,50844889149101;UHE Castro Alves - CAV SNIRH.xlsx;b8f0487a-df73-4f8d-8b22-bb49cf9f3683;https://metadados.snirh.gov.br/files/b8f0487a-df73-4f8d-8b22-bb49cf9f3683/Castro_Alves.zip
Castro Alves;223,74999999999793;223,59999999999792;2,9372140633482;37,801525910423;UHE Castro Alves - CAV SNIRH.xlsx;b8f0487a-df73-4f8d-8b22-bb49cf9f3683;https://metadados.snirh.gov.br/files/b8f0487a-df73-4f8d-8b22-bb49cf9f3683/Castro_Alves.zip
Castro Alves;223,84999999999792;223,6999999999979;2,950146537405;38,095886039309;UHE Castro Alves - CAV SNIRH.xlsx;b8f0487a-df73-4f8d-8b22-bb49cf9f3683;https://metadados.snirh.gov.br/files/b8f0487a-df73-4f8d-8b22-bb49cf9f3683/Castro_Alves.zip
Castro Alves;223,9499999999979;223,7999999999979;2,9628768966006;38,391527820895;UHE Castro Alves - CAV SNIRH.xlsx;b8f0487a-df73-4f8d-8b22-bb49cf9f3683;https://metadados.snirh.gov.br/files/b8f0487a-df73-4f8d-8b22-bb49cf9f3683/Castro_Alves.zip
Castro Alves;224,0499999999979;223,8999999999979;2,9755827458381;38,688438817167;UHE Castro Alves - CAV SNIRH.xlsx;b8f0487a-df73-4f8d-8b22-bb49cf9f3683;https://metadados.snirh.gov.br/files/b8f0487a-df73-4f8d-8b22-bb49cf9f3683/Castro_Alves.zip
Castro Alves;224,1499999999979;223,9999999999979;2,9883578451451998;38,986628707725;UHE Castro Alves - CAV SNIRH.xlsx;b8f0487a-df73-4f8d-8b22-bb49cf9f3683;https://metadados.snirh.gov.br/files/b8f0487a-df73-4f8d-8b22-bb49cf9f3683/Castro_Alves.zip
Castro Alves;224,2499999999979;224,0999999999979;3,0012037569589;39,286090018022996;UHE Castro Alves - CAV SNIRH.xlsx;b8f0487a-df73-4f8d-8b22-bb49cf9f3683;https://metadados.snirh.gov.br/files/b8f0487a-df73-4f8d-8b22-bb49cf9f3683/Castro_Alves.zip
Castro Alves;224,3499999999979;224,19999999999789;3,0140769772177;39,586856178618994;UHE Castro Alves - CAV SNIRH.xlsx;b8f0487a-df73-4f8d-8b22-bb49cf9f3683;https://metadados.snirh.gov.br/files/b8f0487a-df73-4f8d-8b22-bb49cf9f3683/Castro_Alves.zip
Castro Alves;224,44999999999789;224,29999999999788;3,0270408408610003;39,888896744972;UHE Castro Alves - CAV SNIRH.xlsx;b8f0487a-df73-4f8d-8b22-bb49cf9f3683;https://metadados.snirh.gov.br/files/b8f0487a-df73-4f8d-8b22-bb49cf9f3683/Castro_Alves.zip
Castro Alves;224,54999999999788;224,39999999999787;3,0400011561285996;40,192234542828004;UHE Castro Alves - CAV SNIRH.xlsx;b8f0487a-df73-4f8d-8b22-bb49cf9f3683;https://metadados.snirh.gov.br/files/b8f0487a-df73-4f8d-8b22-bb49cf9f3683/Castro_Alves.zip
Castro Alves;224,64999999999787;224,49999999999787;3,0528825944599003;40,496883737145;UHE Castro Alves - CAV SNIRH.xlsx;b8f0487a-df73-4f8d-8b22-bb49cf9f3683;https://metadados.snirh.gov.br/files/b8f0487a-df73-4f8d-8b22-bb49cf9f3683/Castro_Alves.zip
Castro Alves;224,74999999999787;224,59999999999786;3,0658776562278;40,802808697154;UHE Castro Alves - CAV SNIRH.xlsx;b8f0487a-df73-4f8d-8b22-bb49cf9f3683;https://metadados.snirh.gov.br/files/b8f0487a-df73-4f8d-8b22-bb49cf9f3683/Castro_Alves.zip
Castro Alves;224,84999999999786;224,69999999999786;3,0789067599049003;41,110045656593;UHE Castro Alves - CAV SNIRH.xlsx;b8f0487a-df73-4f8d-8b22-bb49cf9f3683;https://metadados.snirh.gov.br/files/b8f0487a-df73-4f8d-8b22-bb49cf9f3683/Castro_Alves.zip
Castro Alves;224,94999999999786;224,79999999999785;3,0919282449259;41,418577619158;UHE Castro Alves - CAV SNIRH.xlsx;b8f0487a-df73-4f8d-8b22-bb49cf9f3683;https://metadados.snirh.gov.br/files/b8f0487a-df73-4f8d-8b22-bb49cf9f3683/Castro_Alves.zip
Castro Alves;225,04999999999785;224,89999999999785;3,1049583300873;41,728422029487;UHE Castro Alves - CAV SNIRH.xlsx;b8f0487a-df73-4f8d-8b22-bb49cf9f3683;https://metadados.snirh.gov.br/files/b8f0487a-df73-4f8d-8b22-bb49cf9f3683/Castro_Alves.zip
Castro Alves;225,14999999999785;224,99999999999784;3,1179666511826;42,039549685499;UHE Castro Alves - CAV SNIRH.xlsx;b8f0487a-df73-4f8d-8b22-bb49cf9f3683;https://metadados.snirh.gov.br/files/b8f0487a-df73-4f8d-8b22-bb49cf9f3683/Castro_Alves.zip
Castro Alves;225,24999999999784;225,09999999999783;3,1308555237398;42,35198919565;UHE Castro Alves - CAV SNIRH.xlsx;b8f0487a-df73-4f8d-8b22-bb49cf9f3683;https://metadados.snirh.gov.br/files/b8f0487a-df73-4f8d-8b22-bb49cf9f3683/Castro_Alves.zip
Castro Alves;225,34999999999783;225,19999999999783;3,1437415710999;42,66571131448;UHE Castro Alves - CAV SNIRH.xlsx;b8f0487a-df73-4f8d-8b22-bb49cf9f3683;https://metadados.snirh.gov.br/files/b8f0487a-df73-4f8d-8b22-bb49cf9f3683/Castro_Alves.zip
Castro Alves;225,44999999999783;225,29999999999782;3,1567408097361;42,980727744168;UHE Castro Alves - CAV SNIRH.xlsx;b8f0487a-df73-4f8d-8b22-bb49cf9f3683;https://metadados.snirh.gov.br/files/b8f0487a-df73-4f8d-8b22-bb49cf9f3683/Castro_Alves.zip
Castro Alves;225,54999999999782;225,39999999999782;3,1700493423043;43,297050071631;UHE Castro Alves - CAV SNIRH.xlsx;b8f0487a-df73-4f8d-8b22-bb49cf9f3683;https://metadados.snirh.gov.br/files/b8f0487a-df73-4f8d-8b22-bb49cf9f3683/Castro_Alves.zip
Castro Alves;225,64999999999782;225,4999999999978;3,1836789743188;43,61473231153;UHE Castro Alves - CAV SNIRH.xlsx;b8f0487a-df73-4f8d-8b22-bb49cf9f3683;https://metadados.snirh.gov.br/files/b8f0487a-df73-4f8d-8b22-bb49cf9f3683/Castro_Alves.zip
Castro Alves;225,7499999999978;225,5999999999978;3,1974153614116;43,933783872191;UHE Castro Alves - CAV SNIRH.xlsx;b8f0487a-df73-4f8d-8b22-bb49cf9f3683;https://metadados.snirh.gov.br/files/b8f0487a-df73-4f8d-8b22-bb49cf9f3683/Castro_Alves.zip
Castro Alves;225,8499999999978;225,6999999999978;3,2116578801988;44,254221571493;UHE Castro Alves - CAV SNIRH.xlsx;b8f0487a-df73-4f8d-8b22-bb49cf9f3683;https://metadados.snirh.gov.br/files/b8f0487a-df73-4f8d-8b22-bb49cf9f3683/Castro_Alves.zip
Castro Alves;225,9499999999978;225,7999999999978;3,2259440002826;44,576091524954;UHE Castro Alves - CAV SNIRH.xlsx;b8f0487a-df73-4f8d-8b22-bb49cf9f3683;https://metadados.snirh.gov.br/files/b8f0487a-df73-4f8d-8b22-bb49cf9f3683/Castro_Alves.zip
Castro Alves;226,0499999999978;225,8999999999978;3,2401703778859;44,899395192873996;UHE Castro Alves - CAV SNIRH.xlsx;b8f0487a-df73-4f8d-8b22-bb49cf9f3683;https://metadados.snirh.gov.br/files/b8f0487a-df73-4f8d-8b22-bb49cf9f3683/Castro_Alves.zip
Castro Alves;226,1499999999978;225,99999999999778;3,2544648388949;45,224109573258;UHE Castro Alves - CAV SNIRH.xlsx;b8f0487a-df73-4f8d-8b22-bb49cf9f3683;https://metadados.snirh.gov.br/files/b8f0487a-df73-4f8d-8b22-bb49cf9f3683/Castro_Alves.zip
Castro Alves;226,24999999999778;226,09999999999778;3,2688391633919;45,550273463197996;UHE Castro Alves - CAV SNIRH.xlsx;b8f0487a-df73-4f8d-8b22-bb49cf9f3683;https://metadados.snirh.gov.br/files/b8f0487a-df73-4f8d-8b22-bb49cf9f3683/Castro_Alves.zip
Castro Alves;226,34999999999778;226,19999999999777;3,2831055518088;45,877868857665;UHE Castro Alves - CAV SNIRH.xlsx;b8f0487a-df73-4f8d-8b22-bb49cf9f3683;https://metadados.snirh.gov.br/files/b8f0487a-df73-4f8d-8b22-bb49cf9f3683/Castro_Alves.zip
Castro Alves;226,44999999999777;226,29999999999777;3,2969968288313;46,206876729555006;UHE Castro Alves - CAV SNIRH.xlsx;b8f0487a-df73-4f8d-8b22-bb49cf9f3683;https://metadados.snirh.gov.br/files/b8f0487a-df73-4f8d-8b22-bb49cf9f3683/Castro_Alves.zip
Castro Alves;226,54999999999777;226,39999999999776;3,3108335756531;46,537246292736;UHE Castro Alves - CAV SNIRH.xlsx;b8f0487a-df73-4f8d-8b22-bb49cf9f3683;https://metadados.snirh.gov.br/files/b8f0487a-df73-4f8d-8b22-bb49cf9f3683/Castro_Alves.zip
Castro Alves;226,64999999999776;226,49999999999775;3,3248718825419;46,869035647570996;UHE Castro Alves - CAV SNIRH.xlsx;b8f0487a-df73-4f8d-8b22-bb49cf9f3683;https://metadados.snirh.gov.br/files/b8f0487a-df73-4f8d-8b22-bb49cf9f3683/Castro_Alves.zip
Castro Alves;226,74999999999775;226,59999999999775;3,3389627509973;47,202219072127;UHE Castro Alves - CAV SNIRH.xlsx;b8f0487a-df73-4f8d-8b22-bb49cf9f3683;https://metadados.snirh.gov.br/files/b8f0487a-df73-4f8d-8b22-bb49cf9f3683/Castro_Alves.zip
Castro Alves;226,84999999999775;226,69999999999774;3,3530907885245003;47,536815266542;UHE Castro Alves - CAV SNIRH.xlsx;b8f0487a-df73-4f8d-8b22-bb49cf9f3683;https://metadados.snirh.gov.br/files/b8f0487a-df73-4f8d-8b22-bb49cf9f3683/Castro_Alves.zip
Castro Alves;226,94999999999774;226,79999999999774;3,3673020266772;47,872823433791;UHE Castro Alves - CAV SNIRH.xlsx;b8f0487a-df73-4f8d-8b22-bb49cf9f3683;https://metadados.snirh.gov.br/files/b8f0487a-df73-4f8d-8b22-bb49cf9f3683/Castro_Alves.zip
Castro Alves;227,04999999999774;226,89999999999773;3,3821167394577;48,210272126011;UHE Castro Alves - CAV SNIRH.xlsx;b8f0487a-df73-4f8d-8b22-bb49cf9f3683;https://metadados.snirh.gov.br/files/b8f0487a-df73-4f8d-8b22-bb49cf9f3683/Castro_Alves.zip
Castro Alves;227,14999999999773;226,99999999999773;3,39679176209;48,549219937085006;UHE Castro Alves - CAV SNIRH.xlsx;b8f0487a-df73-4f8d-8b22-bb49cf9f3683;https://metadados.snirh.gov.br/files/b8f0487a-df73-4f8d-8b22-bb49cf9f3683/Castro_Alves.zip
Castro Alves;227,24999999999773;227,09999999999772;3,4113286064733;48,889620852331;UHE Castro Alves - CAV SNIRH.xlsx;b8f0487a-df73-4f8d-8b22-bb49cf9f3683;https://metadados.snirh.gov.br/files/b8f0487a-df73-4f8d-8b22-bb49cf9f3683/Castro_Alves.zip
Castro Alves;227,34999999999772;227,19999999999771;3,4256287599959;49,231462833761995;UHE Castro Alves - CAV SNIRH.xlsx;b8f0487a-df73-4f8d-8b22-bb49cf9f3683;https://metadados.snirh.gov.br/files/b8f0487a-df73-4f8d-8b22-bb49cf9f3683/Castro_Alves.zip
Castro Alves;227,44999999999771;227,2999999999977;3,4398857169457;49,574735965973;UHE Castro Alves - CAV SNIRH.xlsx;b8f0487a-df73-4f8d-8b22-bb49cf9f3683;https://metadados.snirh.gov.br/files/b8f0487a-df73-4f8d-8b22-bb49cf9f3683/Castro_Alves.zip
Castro Alves;227,5499999999977;227,3999999999977;3,4542328059844003;49,919432484937;UHE Castro Alves - CAV SNIRH.xlsx;b8f0487a-df73-4f8d-8b22-bb49cf9f3683;https://metadados.snirh.gov.br/files/b8f0487a-df73-4f8d-8b22-bb49cf9f3683/Castro_Alves.zip
Castro Alves;227,6499999999977;227,4999999999977;3,468968516301;50,265587711005004;UHE Castro Alves - CAV SNIRH.xlsx;b8f0487a-df73-4f8d-8b22-bb49cf9f3683;https://metadados.snirh.gov.br/files/b8f0487a-df73-4f8d-8b22-bb49cf9f3683/Castro_Alves.zip
Castro Alves;227,7499999999977;227,5999999999977;3,4840732639995;50,613230292107;UHE Castro Alves - CAV SNIRH.xlsx;b8f0487a-df73-4f8d-8b22-bb49cf9f3683;https://metadados.snirh.gov.br/files/b8f0487a-df73-4f8d-8b22-bb49cf9f3683/Castro_Alves.zip
Castro Alves;227,8499999999977;227,6999999999977;3,4992327590582;50,962380048309;UHE Castro Alves - CAV SNIRH.xlsx;b8f0487a-df73-4f8d-8b22-bb49cf9f3683;https://metadados.snirh.gov.br/files/b8f0487a-df73-4f8d-8b22-bb49cf9f3683/Castro_Alves.zip
Castro Alves;227,9499999999977;227,79999999999768;3,5145539155073;51,313047329942;UHE Castro Alves - CAV SNIRH.xlsx;b8f0487a-df73-4f8d-8b22-bb49cf9f3683;https://metadados.snirh.gov.br/files/b8f0487a-df73-4f8d-8b22-bb49cf9f3683/Castro_Alves.zip
Castro Alves;228,04999999999768;227,89999999999768;3,5300633726157002;51,665287385767996;UHE Castro Alves - CAV SNIRH.xlsx;b8f0487a-df73-4f8d-8b22-bb49cf9f3683;https://metadados.snirh.gov.br/files/b8f0487a-df73-4f8d-8b22-bb49cf9f3683/Castro_Alves.zip
Castro Alves;228,14999999999768;227,99999999999767;3,5456529674672;52,019074990388994;UHE Castro Alves - CAV SNIRH.xlsx;b8f0487a-df73-4f8d-8b22-bb49cf9f3683;https://metadados.snirh.gov.br/files/b8f0487a-df73-4f8d-8b22-bb49cf9f3683/Castro_Alves.zip
Castro Alves;228,24999999999767;228,09999999999766;3,5613053284318;52,374417282477;UHE Castro Alves - CAV SNIRH.xlsx;b8f0487a-df73-4f8d-8b22-bb49cf9f3683;https://metadados.snirh.gov.br/files/b8f0487a-df73-4f8d-8b22-bb49cf9f3683/Castro_Alves.zip
Castro Alves;228,34999999999766;228,19999999999766;3,5773983143396;52,731321900439;UHE Castro Alves - CAV SNIRH.xlsx;b8f0487a-df73-4f8d-8b22-bb49cf9f3683;https://metadados.snirh.gov.br/files/b8f0487a-df73-4f8d-8b22-bb49cf9f3683/Castro_Alves.zip
Castro Alves;228,44999999999766;228,29999999999765;3,5934919605345;53,089868099284004;UHE Castro Alves - CAV SNIRH.xlsx;b8f0487a-df73-4f8d-8b22-bb49cf9f3683;https://metadados.snirh.gov.br/files/b8f0487a-df73-4f8d-8b22-bb49cf9f3683/Castro_Alves.zip
Castro Alves;228,54999999999765;228,39999999999765;3,609063815138;53,450000310911;UHE Castro Alves - CAV SNIRH.xlsx;b8f0487a-df73-4f8d-8b22-bb49cf9f3683;https://metadados.snirh.gov.br/files/b8f0487a-df73-4f8d-8b22-bb49cf9f3683/Castro_Alves.zip
Castro Alves;228,64999999999765;228,49999999999764;3,6242960555999;53,81167649369;UHE Castro Alves - CAV SNIRH.xlsx;b8f0487a-df73-4f8d-8b22-bb49cf9f3683;https://metadados.snirh.gov.br/files/b8f0487a-df73-4f8d-8b22-bb49cf9f3683/Castro_Alves.zip
Castro Alves;228,74999999999764;228,59999999999764;3,6395158675155;54,174847322275;UHE Castro Alves - CAV SNIRH.xlsx;b8f0487a-df73-4f8d-8b22-bb49cf9f3683;https://metadados.snirh.gov.br/files/b8f0487a-df73-4f8d-8b22-bb49cf9f3683/Castro_Alves.zip
Castro Alves;228,84999999999764;228,69999999999763;3,6547342001829;54,539559895337;UHE Castro Alves - CAV SNIRH.xlsx;b8f0487a-df73-4f8d-8b22-bb49cf9f3683;https://metadados.snirh.gov.br/files/b8f0487a-df73-4f8d-8b22-bb49cf9f3683/Castro_Alves.zip
Castro Alves;228,94999999999763;228,79999999999762;3,6697544417935;54,905771332825;UHE Castro Alves - CAV SNIRH.xlsx;b8f0487a-df73-4f8d-8b22-bb49cf9f3683;https://metadados.snirh.gov.br/files/b8f0487a-df73-4f8d-8b22-bb49cf9f3683/Castro_Alves.zip
Castro Alves;229,04999999999762;228,89999999999762;3,6847656027348;55,273492577434006;UHE Castro Alves - CAV SNIRH.xlsx;b8f0487a-df73-4f8d-8b22-bb49cf9f3683;https://metadados.snirh.gov.br/files/b8f0487a-df73-4f8d-8b22-bb49cf9f3683/Castro_Alves.zip
Castro Alves;229,14999999999762;228,9999999999976;3,7001345863015;55,642735514257;UHE Castro Alves - CAV SNIRH.xlsx;b8f0487a-df73-4f8d-8b22-bb49cf9f3683;https://metadados.snirh.gov.br/files/b8f0487a-df73-4f8d-8b22-bb49cf9f3683/Castro_Alves.zip
Castro Alves;229,2499999999976;229,0999999999976;3,7153768262768003;56,01351144281;UHE Castro Alves - CAV SNIRH.xlsx;b8f0487a-df73-4f8d-8b22-bb49cf9f3683;https://metadados.snirh.gov.br/files/b8f0487a-df73-4f8d-8b22-bb49cf9f3683/Castro_Alves.zip
Castro Alves;229,3499999999976;229,1999999999976;3,7306318092728;56,385807859683;UHE Castro Alves - CAV SNIRH.xlsx;b8f0487a-df73-4f8d-8b22-bb49cf9f3683;https://metadados.snirh.gov.br/files/b8f0487a-df73-4f8d-8b22-bb49cf9f3683/Castro_Alves.zip
Castro Alves;229,4499999999976;229,2999999999976;3,7458949820554;56,759624388668996;UHE Castro Alves - CAV SNIRH.xlsx;b8f0487a-df73-4f8d-8b22-bb49cf9f3683;https://metadados.snirh.gov.br/files/b8f0487a-df73-4f8d-8b22-bb49cf9f3683/Castro_Alves.zip
Castro Alves;229,5499999999976;229,3999999999976;3,7612532439053;57,134970673957;UHE Castro Alves - CAV SNIRH.xlsx;b8f0487a-df73-4f8d-8b22-bb49cf9f3683;https://metadados.snirh.gov.br/files/b8f0487a-df73-4f8d-8b22-bb49cf9f3683/Castro_Alves.zip
Castro Alves;229,6499999999976;229,49999999999758;3,7767261920651998;57,51187203834;UHE Castro Alves - CAV SNIRH.xlsx;b8f0487a-df73-4f8d-8b22-bb49cf9f3683;https://metadados.snirh.gov.br/files/b8f0487a-df73-4f8d-8b22-bb49cf9f3683/Castro_Alves.zip
Castro Alves;229,74999999999758;229,59999999999758;3,7923703674089;57,890321685981995;UHE Castro Alves - CAV SNIRH.xlsx;b8f0487a-df73-4f8d-8b22-bb49cf9f3683;https://metadados.snirh.gov.br/files/b8f0487a-df73-4f8d-8b22-bb49cf9f3683/Castro_Alves.zip
Castro Alves;229,84999999999758;229,69999999999757;3,8081877419381;58,270328568112;UHE Castro Alves - CAV SNIRH.xlsx;b8f0487a-df73-4f8d-8b22-bb49cf9f3683;https://metadados.snirh.gov.br/files/b8f0487a-df73-4f8d-8b22-bb49cf9f3683/Castro_Alves.zip
Castro Alves;229,94999999999757;229,79999999999757;3,8243883289084;58,65196760860999;UHE Castro Alves - CAV SNIRH.xlsx;b8f0487a-df73-4f8d-8b22-bb49cf9f3683;https://metadados.snirh.gov.br/files/b8f0487a-df73-4f8d-8b22-bb49cf9f3683/Castro_Alves.zip
Castro Alves;230,04999999999757;229,89999999999756;3,8409143470375997;59,035227796948;UHE Castro Alves - CAV SNIRH.xlsx;b8f0487a-df73-4f8d-8b22-bb49cf9f3683;https://metadados.snirh.gov.br/files/b8f0487a-df73-4f8d-8b22-bb49cf9f3683/Castro_Alves.zip
Castro Alves;230,14999999999756;229,99999999999756;3,8572902006798;59,420140934721;UHE Castro Alves - CAV SNIRH.xlsx;b8f0487a-df73-4f8d-8b22-bb49cf9f3683;https://metadados.snirh.gov.br/files/b8f0487a-df73-4f8d-8b22-bb49cf9f3683/Castro_Alves.zip
Castro Alves;230,24999999999756;230,09999999999755;3,8739256528611;59,80668371217;UHE Castro Alves - CAV SNIRH.xlsx;b8f0487a-df73-4f8d-8b22-bb49cf9f3683;https://metadados.snirh.gov.br/files/b8f0487a-df73-4f8d-8b22-bb49cf9f3683/Castro_Alves.zip
Castro Alves;230,34999999999755;230,19999999999754;3,8906995435811997;60,194921788597;UHE Castro Alves - CAV SNIRH.xlsx;b8f0487a-df73-4f8d-8b22-bb49cf9f3683;https://metadados.snirh.gov.br/files/b8f0487a-df73-4f8d-8b22-bb49cf9f3683/Castro_Alves.zip
Castro Alves;230,44999999999754;230,29999999999754;3,90733403584;60,584815761391;UHE Castro Alves - CAV SNIRH.xlsx;b8f0487a-df73-4f8d-8b22-bb49cf9f3683;https://metadados.snirh.gov.br/files/b8f0487a-df73-4f8d-8b22-bb49cf9f3683/Castro_Alves.zip
Castro Alves;230,54999999999754;230,39999999999753;3,9237449319923;60,976380585935;UHE Castro Alves - CAV SNIRH.xlsx;b8f0487a-df73-4f8d-8b22-bb49cf9f3683;https://metadados.snirh.gov.br/files/b8f0487a-df73-4f8d-8b22-bb49cf9f3683/Castro_Alves.zip
Castro Alves;230,64999999999753;230,49999999999753;3,9400674567361;61,36957278230901;UHE Castro Alves - CAV SNIRH.xlsx;b8f0487a-df73-4f8d-8b22-bb49cf9f3683;https://metadados.snirh.gov.br/files/b8f0487a-df73-4f8d-8b22-bb49cf9f3683/Castro_Alves.zip
Castro Alves;230,74999999999753;230,59999999999752;3,9563924876284;61,764407507762;UHE Castro Alves - CAV SNIRH.xlsx;b8f0487a-df73-4f8d-8b22-bb49cf9f3683;https://metadados.snirh.gov.br/files/b8f0487a-df73-4f8d-8b22-bb49cf9f3683/Castro_Alves.zip
Castro Alves;230,84999999999752;230,69999999999752;3,9727062190103;62,160848963206;UHE Castro Alves - CAV SNIRH.xlsx;b8f0487a-df73-4f8d-8b22-bb49cf9f3683;https://metadados.snirh.gov.br/files/b8f0487a-df73-4f8d-8b22-bb49cf9f3683/Castro_Alves.zip
Castro Alves;230,94999999999752;230,7999999999975;3,9887134612753;62,558914219353;UHE Castro Alves - CAV SNIRH.xlsx;b8f0487a-df73-4f8d-8b22-bb49cf9f3683;https://metadados.snirh.gov.br/files/b8f0487a-df73-4f8d-8b22-bb49cf9f3683/Castro_Alves.zip
Castro Alves;231,0499999999975;230,8999999999975;4,004789779634399;62,958593386033996;UHE Castro Alves - CAV SNIRH.xlsx;b8f0487a-df73-4f8d-8b22-bb49cf9f3683;https://metadados.snirh.gov.br/files/b8f0487a-df73-4f8d-8b22-bb49cf9f3683/Castro_Alves.zip
Castro Alves;231,1499999999975;230,9999999999975;4,020837381686;63,359874084040996;UHE Castro Alves - CAV SNIRH.xlsx;b8f0487a-df73-4f8d-8b22-bb49cf9f3683;https://metadados.snirh.gov.br/files/b8f0487a-df73-4f8d-8b22-bb49cf9f3683/Castro_Alves.zip
Castro Alves;231,2499999999975;231,0999999999975;4,0370206180901;63,762765971517;UHE Castro Alves - CAV SNIRH.xlsx;b8f0487a-df73-4f8d-8b22-bb49cf9f3683;https://metadados.snirh.gov.br/files/b8f0487a-df73-4f8d-8b22-bb49cf9f3683/Castro_Alves.zip
Castro Alves;231,3499999999975;231,1999999999975;4,0531925849035;64,167277396861;UHE Castro Alves - CAV SNIRH.xlsx;b8f0487a-df73-4f8d-8b22-bb49cf9f3683;https://metadados.snirh.gov.br/files/b8f0487a-df73-4f8d-8b22-bb49cf9f3683/Castro_Alves.zip
Castro Alves;231,4499999999975;231,29999999999748;4,0696363591565;64,573404989113;UHE Castro Alves - CAV SNIRH.xlsx;b8f0487a-df73-4f8d-8b22-bb49cf9f3683;https://metadados.snirh.gov.br/files/b8f0487a-df73-4f8d-8b22-bb49cf9f3683/Castro_Alves.zip
Castro Alves;231,54999999999748;231,39999999999748;4,086087076606701;64,98121021412099;UHE Castro Alves - CAV SNIRH.xlsx;b8f0487a-df73-4f8d-8b22-bb49cf9f3683;https://metadados.snirh.gov.br/files/b8f0487a-df73-4f8d-8b22-bb49cf9f3683/Castro_Alves.zip
Castro Alves;231,64999999999748;231,49999999999747;4,10218158366;65,390618533934;UHE Castro Alves - CAV SNIRH.xlsx;b8f0487a-df73-4f8d-8b22-bb49cf9f3683;https://metadados.snirh.gov.br/files/b8f0487a-df73-4f8d-8b22-bb49cf9f3683/Castro_Alves.zip
Castro Alves;231,74999999999747;231,59999999999746;4,1181342110924;65,801640880461;UHE Castro Alves - CAV SNIRH.xlsx;b8f0487a-df73-4f8d-8b22-bb49cf9f3683;https://metadados.snirh.gov.br/files/b8f0487a-df73-4f8d-8b22-bb49cf9f3683/Castro_Alves.zip
Castro Alves;231,84999999999746;231,69999999999746;4,1339916701835;66,21425091384;UHE Castro Alves - CAV SNIRH.xlsx;b8f0487a-df73-4f8d-8b22-bb49cf9f3683;https://metadados.snirh.gov.br/files/b8f0487a-df73-4f8d-8b22-bb49cf9f3683/Castro_Alves.zip
Castro Alves;231,94999999999746;231,79999999999745;4,1497867346073;66,628427141797;UHE Castro Alves - CAV SNIRH.xlsx;b8f0487a-df73-4f8d-8b22-bb49cf9f3683;https://metadados.snirh.gov.br/files/b8f0487a-df73-4f8d-8b22-bb49cf9f3683/Castro_Alves.zip
Castro Alves;232,04999999999745;231,89999999999745;4,1657251718171;67,04419968881601;UHE Castro Alves - CAV SNIRH.xlsx;b8f0487a-df73-4f8d-8b22-bb49cf9f3683;https://metadados.snirh.gov.br/files/b8f0487a-df73-4f8d-8b22-bb49cf9f3683/Castro_Alves.zip
Castro Alves;232,14999999999745;231,99999999999744;4,1816515851207;67,461575187758;UHE Castro Alves - CAV SNIRH.xlsx;b8f0487a-df73-4f8d-8b22-bb49cf9f3683;https://metadados.snirh.gov.br/files/b8f0487a-df73-4f8d-8b22-bb49cf9f3683/Castro_Alves.zip
Castro Alves;232,24999999999744;232,09999999999744;4,1973313097011;67,88052860817;UHE Castro Alves - CAV SNIRH.xlsx;b8f0487a-df73-4f8d-8b22-bb49cf9f3683;https://metadados.snirh.gov.br/files/b8f0487a-df73-4f8d-8b22-bb49cf9f3683/Castro_Alves.zip
Castro Alves;232,34999999999744;232,19999999999743;4,2130014231033;68,301038622018;UHE Castro Alves - CAV SNIRH.xlsx;b8f0487a-df73-4f8d-8b22-bb49cf9f3683;https://metadados.snirh.gov.br/files/b8f0487a-df73-4f8d-8b22-bb49cf9f3683/Castro_Alves.zip
Castro Alves;232,44999999999743;232,29999999999742;4,2288017684798;68,72312644499401;UHE Castro Alves - CAV SNIRH.xlsx;b8f0487a-df73-4f8d-8b22-bb49cf9f3683;https://metadados.snirh.gov.br/files/b8f0487a-df73-4f8d-8b22-bb49cf9f3683/Castro_Alves.zip
Castro Alves;232,54999999999742;232,39999999999742;4,2446483385033;69,146810016527;UHE Castro Alves - CAV SNIRH.xlsx;b8f0487a-df73-4f8d-8b22-bb49cf9f3683;https://metadados.snirh.gov.br/files/b8f0487a-df73-4f8d-8b22-bb49cf9f3683/Castro_Alves.zip
Castro Alves;232,64999999999742;232,4999999999974;4,260399123337;69,572068271346;UHE Castro Alves - CAV SNIRH.xlsx;b8f0487a-df73-4f8d-8b22-bb49cf9f3683;https://metadados.snirh.gov.br/files/b8f0487a-df73-4f8d-8b22-bb49cf9f3683/Castro_Alves.zip
Castro Alves;232,7499999999974;232,5999999999974;4,2759299726242;69,99888386639;UHE Castro Alves - CAV SNIRH.xlsx;b8f0487a-df73-4f8d-8b22-bb49cf9f3683;https://metadados.snirh.gov.br/files/b8f0487a-df73-4f8d-8b22-bb49cf9f3683/Castro_Alves.zip
Castro Alves;232,8499999999974;232,6999999999974;4,2914065637909;70,427244830724;UHE Castro Alves - CAV SNIRH.xlsx;b8f0487a-df73-4f8d-8b22-bb49cf9f3683;https://metadados.snirh.gov.br/files/b8f0487a-df73-4f8d-8b22-bb49cf9f3683/Castro_Alves.zip
Castro Alves;232,9499999999974;232,7999999999974;4,3068072214812005;70,85715810717801;UHE Castro Alves - CAV SNIRH.xlsx;b8f0487a-df73-4f8d-8b22-bb49cf9f3683;https://metadados.snirh.gov.br/files/b8f0487a-df73-4f8d-8b22-bb49cf9f3683/Castro_Alves.zip
Castro Alves;233,0499999999974;232,8999999999974;4,3222015709478;71,288608020839;UHE Castro Alves - CAV SNIRH.xlsx;b8f0487a-df73-4f8d-8b22-bb49cf9f3683;https://metadados.snirh.gov.br/files/b8f0487a-df73-4f8d-8b22-bb49cf9f3683/Castro_Alves.zip
Castro Alves;233,1499999999974;232,99999999999739;4,3376643487772;71,72160193793701;UHE Castro Alves - CAV SNIRH.xlsx;b8f0487a-df73-4f8d-8b22-bb49cf9f3683;https://metadados.snirh.gov.br/files/b8f0487a-df73-4f8d-8b22-bb49cf9f3683/Castro_Alves.zip
Castro Alves;233,24999999999739;233,09999999999738;4,3531889909756;72,156155019306;UHE Castro Alves - CAV SNIRH.xlsx;b8f0487a-df73-4f8d-8b22-bb49cf9f3683;https://metadados.snirh.gov.br/files/b8f0487a-df73-4f8d-8b22-bb49cf9f3683/Castro_Alves.zip
Castro Alves;233,34999999999738;233,19999999999737;4,3686137372719;72,59224392271399;UHE Castro Alves - CAV SNIRH.xlsx;b8f0487a-df73-4f8d-8b22-bb49cf9f3683;https://metadados.snirh.gov.br/files/b8f0487a-df73-4f8d-8b22-bb49cf9f3683/Castro_Alves.zip
Castro Alves;233,44999999999737;233,29999999999737;4,3840856413825;73,029871967376;UHE Castro Alves - CAV SNIRH.xlsx;b8f0487a-df73-4f8d-8b22-bb49cf9f3683;https://metadados.snirh.gov.br/files/b8f0487a-df73-4f8d-8b22-bb49cf9f3683/Castro_Alves.zip
Castro Alves;233,54999999999737;233,39999999999736;4,3996164258116;73,469060386777;UHE Castro Alves - CAV SNIRH.xlsx;b8f0487a-df73-4f8d-8b22-bb49cf9f3683;https://metadados.snirh.gov.br/files/b8f0487a-df73-4f8d-8b22-bb49cf9f3683/Castro_Alves.zip
Castro Alves;233,64999999999736;233,49999999999736;4,4152885538173;73,909808868845;UHE Castro Alves - CAV SNIRH.xlsx;b8f0487a-df73-4f8d-8b22-bb49cf9f3683;https://metadados.snirh.gov.br/files/b8f0487a-df73-4f8d-8b22-bb49cf9f3683/Castro_Alves.zip
Castro Alves;233,74999999999736;233,59999999999735;4,4312070464443;74,352134287214;UHE Castro Alves - CAV SNIRH.xlsx;b8f0487a-df73-4f8d-8b22-bb49cf9f3683;https://metadados.snirh.gov.br/files/b8f0487a-df73-4f8d-8b22-bb49cf9f3683/Castro_Alves.zip
Castro Alves;233,84999999999735;233,69999999999735;4,447056249048201;74,79604793823101;UHE Castro Alves - CAV SNIRH.xlsx;b8f0487a-df73-4f8d-8b22-bb49cf9f3683;https://metadados.snirh.gov.br/files/b8f0487a-df73-4f8d-8b22-bb49cf9f3683/Castro_Alves.zip
Castro Alves;233,94999999999735;233,79999999999734;4,4628636837978;75,24154076948801;UHE Castro Alves - CAV SNIRH.xlsx;b8f0487a-df73-4f8d-8b22-bb49cf9f3683;https://metadados.snirh.gov.br/files/b8f0487a-df73-4f8d-8b22-bb49cf9f3683/Castro_Alves.zip
Castro Alves;234,04999999999734;233,89999999999733;4,4787403340667;75,688631103437;UHE Castro Alves - CAV SNIRH.xlsx;b8f0487a-df73-4f8d-8b22-bb49cf9f3683;https://metadados.snirh.gov.br/files/b8f0487a-df73-4f8d-8b22-bb49cf9f3683/Castro_Alves.zip
Castro Alves;234,14999999999733;233,99999999999733;4,4944413816283;76,137293796766;UHE Castro Alves - CAV SNIRH.xlsx;b8f0487a-df73-4f8d-8b22-bb49cf9f3683;https://metadados.snirh.gov.br/files/b8f0487a-df73-4f8d-8b22-bb49cf9f3683/Castro_Alves.zip
Castro Alves;234,24999999999733;234,09999999999732;4,5100833705958;76,587522291173;UHE Castro Alves - CAV SNIRH.xlsx;b8f0487a-df73-4f8d-8b22-bb49cf9f3683;https://metadados.snirh.gov.br/files/b8f0487a-df73-4f8d-8b22-bb49cf9f3683/Castro_Alves.zip
Castro Alves;234,34999999999732;234,19999999999732;4,5258663737309;77,039322631629;UHE Castro Alves - CAV SNIRH.xlsx;b8f0487a-df73-4f8d-8b22-bb49cf9f3683;https://metadados.snirh.gov.br/files/b8f0487a-df73-4f8d-8b22-bb49cf9f3683/Castro_Alves.zip
Castro Alves;234,44999999999732;234,2999999999973;4,5416778259012;77,49269325497801;UHE Castro Alves - CAV SNIRH.xlsx;b8f0487a-df73-4f8d-8b22-bb49cf9f3683;https://metadados.snirh.gov.br/files/b8f0487a-df73-4f8d-8b22-bb49cf9f3683/Castro_Alves.zip
Castro Alves;234,5499999999973;234,3999999999973;4,5575272141331;77,947636692546;UHE Castro Alves - CAV SNIRH.xlsx;b8f0487a-df73-4f8d-8b22-bb49cf9f3683;https://metadados.snirh.gov.br/files/b8f0487a-df73-4f8d-8b22-bb49cf9f3683/Castro_Alves.zip
Castro Alves;234,6499999999973;234,4999999999973;4,5733225073704995;78,40418447895401;UHE Castro Alves - CAV SNIRH.xlsx;b8f0487a-df73-4f8d-8b22-bb49cf9f3683;https://metadados.snirh.gov.br/files/b8f0487a-df73-4f8d-8b22-bb49cf9f3683/Castro_Alves.zip
Castro Alves;234,7499999999973;234,5999999999973;4,5891398093509;78,86231682488699;UHE Castro Alves - CAV SNIRH.xlsx;b8f0487a-df73-4f8d-8b22-bb49cf9f3683;https://metadados.snirh.gov.br/files/b8f0487a-df73-4f8d-8b22-bb49cf9f3683/Castro_Alves.zip
Castro Alves;234,8499999999973;234,6999999999973;4,6050944128165;79,322031140209;UHE Castro Alves - CAV SNIRH.xlsx;b8f0487a-df73-4f8d-8b22-bb49cf9f3683;https://metadados.snirh.gov.br/files/b8f0487a-df73-4f8d-8b22-bb49cf9f3683/Castro_Alves.zip
Castro Alves;234,9499999999973;234,79999999999728;4,621122765354;79,783336447412;UHE Castro Alves - CAV SNIRH.xlsx;b8f0487a-df73-4f8d-8b22-bb49cf9f3683;https://metadados.snirh.gov.br/files/b8f0487a-df73-4f8d-8b22-bb49cf9f3683/Castro_Alves.zip
Castro Alves;235,04999999999728;234,89999999999728;4,6373911456961;80,246249071437;UHE Castro Alves - CAV SNIRH.xlsx;b8f0487a-df73-4f8d-8b22-bb49cf9f3683;https://metadados.snirh.gov.br/files/b8f0487a-df73-4f8d-8b22-bb49cf9f3683/Castro_Alves.zip
Castro Alves;235,14999999999728;234,99999999999727;4,6538378863592;80,710817477207;UHE Castro Alves - CAV SNIRH.xlsx;b8f0487a-df73-4f8d-8b22-bb49cf9f3683;https://metadados.snirh.gov.br/files/b8f0487a-df73-4f8d-8b22-bb49cf9f3683/Castro_Alves.zip
Castro Alves;235,24999999999727;235,09999999999727;4,670218272219801;81,177004596487;UHE Castro Alves - CAV SNIRH.xlsx;b8f0487a-df73-4f8d-8b22-bb49cf9f3683;https://metadados.snirh.gov.br/files/b8f0487a-df73-4f8d-8b22-bb49cf9f3683/Castro_Alves.zip
Castro Alves;235,34999999999727;235,19999999999726;4,6865329156262;81,644849950687;UHE Castro Alves - CAV SNIRH.xlsx;b8f0487a-df73-4f8d-8b22-bb49cf9f3683;https://metadados.snirh.gov.br/files/b8f0487a-df73-4f8d-8b22-bb49cf9f3683/Castro_Alves.zip
Castro Alves;235,44999999999726;235,29999999999725;4,7028826734532;82,11431631612099;UHE Castro Alves - CAV SNIRH.xlsx;b8f0487a-df73-4f8d-8b22-bb49cf9f3683;https://metadados.snirh.gov.br/files/b8f0487a-df73-4f8d-8b22-bb49cf9f3683/Castro_Alves.zip
Castro Alves;235,54999999999725;235,39999999999725;4,719299928785899;82,58541571959101;UHE Castro Alves - CAV SNIRH.xlsx;b8f0487a-df73-4f8d-8b22-bb49cf9f3683;https://metadados.snirh.gov.br/files/b8f0487a-df73-4f8d-8b22-bb49cf9f3683/Castro_Alves.zip
Castro Alves;235,64999999999725;235,49999999999724;4,7357953552484995;83,058170829478;UHE Castro Alves - CAV SNIRH.xlsx;b8f0487a-df73-4f8d-8b22-bb49cf9f3683;https://metadados.snirh.gov.br/files/b8f0487a-df73-4f8d-8b22-bb49cf9f3683/Castro_Alves.zip
Castro Alves;235,74999999999724;235,59999999999724;4,7524504182957;83,532585739859;UHE Castro Alves - CAV SNIRH.xlsx;b8f0487a-df73-4f8d-8b22-bb49cf9f3683;https://metadados.snirh.gov.br/files/b8f0487a-df73-4f8d-8b22-bb49cf9f3683/Castro_Alves.zip
Castro Alves;235,84999999999724;235,69999999999723;4,7691800357198;84,008648127068;UHE Castro Alves - CAV SNIRH.xlsx;b8f0487a-df73-4f8d-8b22-bb49cf9f3683;https://metadados.snirh.gov.br/files/b8f0487a-df73-4f8d-8b22-bb49cf9f3683/Castro_Alves.zip
Castro Alves;235,94999999999723;235,79999999999723;4,7859110165186;84,486401101235;UHE Castro Alves - CAV SNIRH.xlsx;b8f0487a-df73-4f8d-8b22-bb49cf9f3683;https://metadados.snirh.gov.br/files/b8f0487a-df73-4f8d-8b22-bb49cf9f3683/Castro_Alves.zip
Castro Alves;236,04999999999723;235,89999999999722;4,8025898917847;84,965813154019;UHE Castro Alves - CAV SNIRH.xlsx;b8f0487a-df73-4f8d-8b22-bb49cf9f3683;https://metadados.snirh.gov.br/files/b8f0487a-df73-4f8d-8b22-bb49cf9f3683/Castro_Alves.zip
Castro Alves;236,14999999999722;235,99999999999721;4,8192834996435;85,446902060226;UHE Castro Alves - CAV SNIRH.xlsx;b8f0487a-df73-4f8d-8b22-bb49cf9f3683;https://metadados.snirh.gov.br/files/b8f0487a-df73-4f8d-8b22-bb49cf9f3683/Castro_Alves.zip
Castro Alves;236,24999999999721;236,0999999999972;4,8361692886203;85,929666388794;UHE Castro Alves - CAV SNIRH.xlsx;b8f0487a-df73-4f8d-8b22-bb49cf9f3683;https://metadados.snirh.gov.br/files/b8f0487a-df73-4f8d-8b22-bb49cf9f3683/Castro_Alves.zip
Castro Alves;236,3499999999972;236,1999999999972;4,8528040531425;86,41409645533;UHE Castro Alves - CAV SNIRH.xlsx;b8f0487a-df73-4f8d-8b22-bb49cf9f3683;https://metadados.snirh.gov.br/files/b8f0487a-df73-4f8d-8b22-bb49cf9f3683/Castro_Alves.zip
Castro Alves;236,4499999999972;236,2999999999972;4,8697028686651;86,900216627663;UHE Castro Alves - CAV SNIRH.xlsx;b8f0487a-df73-4f8d-8b22-bb49cf9f3683;https://metadados.snirh.gov.br/files/b8f0487a-df73-4f8d-8b22-bb49cf9f3683/Castro_Alves.zip
Castro Alves;236,5499999999972;236,3999999999972;4,8860972253113;87,387987601002;UHE Castro Alves - CAV SNIRH.xlsx;b8f0487a-df73-4f8d-8b22-bb49cf9f3683;https://metadados.snirh.gov.br/files/b8f0487a-df73-4f8d-8b22-bb49cf9f3683/Castro_Alves.zip
Castro Alves;236,6499999999972;236,4999999999972;4,9021656829469995;87,87738366244;UHE Castro Alves - CAV SNIRH.xlsx;b8f0487a-df73-4f8d-8b22-bb49cf9f3683;https://metadados.snirh.gov.br/files/b8f0487a-df73-4f8d-8b22-bb49cf9f3683/Castro_Alves.zip
Castro Alves;236,7499999999972;236,59999999999718;4,9179768732623;88,368367280613;UHE Castro Alves - CAV SNIRH.xlsx;b8f0487a-df73-4f8d-8b22-bb49cf9f3683;https://metadados.snirh.gov.br/files/b8f0487a-df73-4f8d-8b22-bb49cf9f3683/Castro_Alves.zip
Castro Alves;236,84999999999718;236,69999999999717;4,9336456750469;88,860923728515;UHE Castro Alves - CAV SNIRH.xlsx;b8f0487a-df73-4f8d-8b22-bb49cf9f3683;https://metadados.snirh.gov.br/files/b8f0487a-df73-4f8d-8b22-bb49cf9f3683/Castro_Alves.zip
Castro Alves;236,94999999999717;236,79999999999717;4,9491406289985;89,355050158188;UHE Castro Alves - CAV SNIRH.xlsx;b8f0487a-df73-4f8d-8b22-bb49cf9f3683;https://metadados.snirh.gov.br/files/b8f0487a-df73-4f8d-8b22-bb49cf9f3683/Castro_Alves.zip
Castro Alves;237,04999999999717;236,89999999999716;4,9643859983829;89,85071434687599;UHE Castro Alves - CAV SNIRH.xlsx;b8f0487a-df73-4f8d-8b22-bb49cf9f3683;https://metadados.snirh.gov.br/files/b8f0487a-df73-4f8d-8b22-bb49cf9f3683/Castro_Alves.zip
Castro Alves;237,14999999999716;236,99999999999716;4,9793163196266;90,34788761669401;UHE Castro Alves - CAV SNIRH.xlsx;b8f0487a-df73-4f8d-8b22-bb49cf9f3683;https://metadados.snirh.gov.br/files/b8f0487a-df73-4f8d-8b22-bb49cf9f3683/Castro_Alves.zip
Castro Alves;237,24999999999716;237,09999999999715;4,9939103793761;90,84651217755399;UHE Castro Alves - CAV SNIRH.xlsx;b8f0487a-df73-4f8d-8b22-bb49cf9f3683;https://metadados.snirh.gov.br/files/b8f0487a-df73-4f8d-8b22-bb49cf9f3683/Castro_Alves.zip
Castro Alves;237,34999999999715;237,19999999999715;5,0082504061449;91,346595064044;UHE Castro Alves - CAV SNIRH.xlsx;b8f0487a-df73-4f8d-8b22-bb49cf9f3683;https://metadados.snirh.gov.br/files/b8f0487a-df73-4f8d-8b22-bb49cf9f3683/Castro_Alves.zip
Castro Alves;237,44999999999715;237,29999999999714;5,0224233288009;91,84810039709801;UHE Castro Alves - CAV SNIRH.xlsx;b8f0487a-df73-4f8d-8b22-bb49cf9f3683;https://metadados.snirh.gov.br/files/b8f0487a-df73-4f8d-8b22-bb49cf9f3683/Castro_Alves.zip
Castro Alves;237,54999999999714;237,39999999999714;5,036267927089201;92,35101874077199;UHE Castro Alves - CAV SNIRH.xlsx;b8f0487a-df73-4f8d-8b22-bb49cf9f3683;https://metadados.snirh.gov.br/files/b8f0487a-df73-4f8d-8b22-bb49cf9f3683/Castro_Alves.zip
Castro Alves;237,64999999999714;237,49999999999713;5,049791854056401;92,855308467588;UHE Castro Alves - CAV SNIRH.xlsx;b8f0487a-df73-4f8d-8b22-bb49cf9f3683;https://metadados.snirh.gov.br/files/b8f0487a-df73-4f8d-8b22-bb49cf9f3683/Castro_Alves.zip
Castro Alves;237,74999999999713;237,59999999999712;5,0630311802552;93,360941723211;UHE Castro Alves - CAV SNIRH.xlsx;b8f0487a-df73-4f8d-8b22-bb49cf9f3683;https://metadados.snirh.gov.br/files/b8f0487a-df73-4f8d-8b22-bb49cf9f3683/Castro_Alves.zip
Castro Alves;237,84999999999712;237,69999999999712;5,0759920834439;93,86786778636099;UHE Castro Alves - CAV SNIRH.xlsx;b8f0487a-df73-4f8d-8b22-bb49cf9f3683;https://metadados.snirh.gov.br/files/b8f0487a-df73-4f8d-8b22-bb49cf9f3683/Castro_Alves.zip
Castro Alves;237,94999999999712;237,7999999999971;5,0887621059309005;94,37607216728499;UHE Castro Alves - CAV SNIRH.xlsx;b8f0487a-df73-4f8d-8b22-bb49cf9f3683;https://metadados.snirh.gov.br/files/b8f0487a-df73-4f8d-8b22-bb49cf9f3683/Castro_Alves.zip
Castro Alves;238,0499999999971;237,8999999999971;5,1013886517481;94,885552095522;UHE Castro Alves - CAV SNIRH.xlsx;b8f0487a-df73-4f8d-8b22-bb49cf9f3683;https://metadados.snirh.gov.br/files/b8f0487a-df73-4f8d-8b22-bb49cf9f3683/Castro_Alves.zip
Castro Alves;238,1499999999971;237,9999999999971;5,1138306474339;95,396294540675;UHE Castro Alves - CAV SNIRH.xlsx;b8f0487a-df73-4f8d-8b22-bb49cf9f3683;https://metadados.snirh.gov.br/files/b8f0487a-df73-4f8d-8b22-bb49cf9f3683/Castro_Alves.zip
Castro Alves;238,2499999999971;238,0999999999971;5,1259844245199995;95,90824932316201;UHE Castro Alves - CAV SNIRH.xlsx;b8f0487a-df73-4f8d-8b22-bb49cf9f3683;https://metadados.snirh.gov.br/files/b8f0487a-df73-4f8d-8b22-bb49cf9f3683/Castro_Alves.zip
Castro Alves;238,3499999999971;238,1999999999971;5,1379240206033;96,421431585489;UHE Castro Alves - CAV SNIRH.xlsx;b8f0487a-df73-4f8d-8b22-bb49cf9f3683;https://metadados.snirh.gov.br/files/b8f0487a-df73-4f8d-8b22-bb49cf9f3683/Castro_Alves.zip
Castro Alves;238,4499999999971;238,29999999999708;5,1495506401119;96,93579029475801;UHE Castro Alves - CAV SNIRH.xlsx;b8f0487a-df73-4f8d-8b22-bb49cf9f3683;https://metadados.snirh.gov.br/files/b8f0487a-df73-4f8d-8b22-bb49cf9f3683/Castro_Alves.zip
Castro Alves;238,54999999999708;238,39999999999708;5,1609154971306;97,45127967366301;UHE Castro Alves - CAV SNIRH.xlsx;b8f0487a-df73-4f8d-8b22-bb49cf9f3683;https://metadados.snirh.gov.br/files/b8f0487a-df73-4f8d-8b22-bb49cf9f3683/Castro_Alves.zip
Castro Alves;238,64999999999708;238,49999999999707;5,1720640357807;97,96789571265;UHE Castro Alves - CAV SNIRH.xlsx;b8f0487a-df73-4f8d-8b22-bb49cf9f3683;https://metadados.snirh.gov.br/files/b8f0487a-df73-4f8d-8b22-bb49cf9f3683/Castro_Alves.zip
Castro Alves;238,74999999999707;238,59999999999707;5,1830391038047;98,48562828007;UHE Castro Alves - CAV SNIRH.xlsx;b8f0487a-df73-4f8d-8b22-bb49cf9f3683;https://metadados.snirh.gov.br/files/b8f0487a-df73-4f8d-8b22-bb49cf9f3683/Castro_Alves.zip
Castro Alves;238,84999999999707;238,69999999999706;5,1938558126467;99,004467543847;UHE Castro Alves - CAV SNIRH.xlsx;b8f0487a-df73-4f8d-8b22-bb49cf9f3683;https://metadados.snirh.gov.br/files/b8f0487a-df73-4f8d-8b22-bb49cf9f3683/Castro_Alves.zip
Castro Alves;238,94999999999706;238,79999999999706;5,2045297608934;99,524371348834;UHE Castro Alves - CAV SNIRH.xlsx;b8f0487a-df73-4f8d-8b22-bb49cf9f3683;https://metadados.snirh.gov.br/files/b8f0487a-df73-4f8d-8b22-bb49cf9f3683/Castro_Alves.zip
Castro Alves;239,0;238,85;5,2098165401435;99,784725254309;UHE Castro Alves - CAV SNIRH.xlsx;b8f0487a-df73-4f8d-8b22-bb49cf9f3683;https://metadados.snirh.gov.br/files/b8f0487a-df73-4f8d-8b22-bb49cf9f3683/Castro_Alves.zip
Castro Alves;239,01000000000002;238,86;5,2108700630551;99,836823861919;UHE Castro Alves - CAV SNIRH.xlsx;b8f0487a-df73-4f8d-8b22-bb49cf9f3683;https://metadados.snirh.gov.br/files/b8f0487a-df73-4f8d-8b22-bb49cf9f3683/Castro_Alves.zip
Castro Alves;239,02;238,87;5,2119223684417;99,888938391452;UHE Castro Alves - CAV SNIRH.xlsx;b8f0487a-df73-4f8d-8b22-bb49cf9f3683;https://metadados.snirh.gov.br/files/b8f0487a-df73-4f8d-8b22-bb49cf9f3683/Castro_Alves.zip
Castro Alves;239,03;238,88;5,212973456087;99,941060244964;UHE Castro Alves - CAV SNIRH.xlsx;b8f0487a-df73-4f8d-8b22-bb49cf9f3683;https://metadados.snirh.gov.br/files/b8f0487a-df73-4f8d-8b22-bb49cf9f3683/Castro_Alves.zip
Castro Alves;239,04;238,89;5,2140233373061;99,993200742063;UHE Castro Alves - CAV SNIRH.xlsx;b8f0487a-df73-4f8d-8b22-bb49cf9f3683;https://metadados.snirh.gov.br/files/b8f0487a-df73-4f8d-8b22-bb49cf9f3683/Castro_Alves.zip
Castro Alves;239,04999999999706;238,89999999999705;5,2150721529304;100,04534333891999;UHE Castro Alves - CAV SNIRH.xlsx;b8f0487a-df73-4f8d-8b22-bb49cf9f3683;https://metadados.snirh.gov.br/files/b8f0487a-df73-4f8d-8b22-bb49cf9f3683/Castro_Alves.zip
Castro Alves;239,059999999994;238,909999999994;5,2161198323598;100,09749093958;UHE Castro Alves - CAV SNIRH.xlsx;b8f0487a-df73-4f8d-8b22-bb49cf9f3683;https://metadados.snirh.gov.br/files/b8f0487a-df73-4f8d-8b22-bb49cf9f3683/Castro_Alves.zip
Castro Alves;239,069999999991;238,919999999991;5,2171664037582;100,1496535609;UHE Castro Alves - CAV SNIRH.xlsx;b8f0487a-df73-4f8d-8b22-bb49cf9f3683;https://metadados.snirh.gov.br/files/b8f0487a-df73-4f8d-8b22-bb49cf9f3683/Castro_Alves.zip
Castro Alves;239,07999999998802;238,929999999988;5,2182118896297;100,20182840785;UHE Castro Alves - CAV SNIRH.xlsx;b8f0487a-df73-4f8d-8b22-bb49cf9f3683;https://metadados.snirh.gov.br/files/b8f0487a-df73-4f8d-8b22-bb49cf9f3683/Castro_Alves.zip
Castro Alves;239,089999999985;238,939999999985;5,2192562863954;100,25401779212;UHE Castro Alves - CAV SNIRH.xlsx;b8f0487a-df73-4f8d-8b22-bb49cf9f3683;https://metadados.snirh.gov.br/files/b8f0487a-df73-4f8d-8b22-bb49cf9f3683/Castro_Alves.zip
Castro Alves;239,099999999982;238,949999999982;5,2202995466821;100,30621562693;UHE Castro Alves - CAV SNIRH.xlsx;b8f0487a-df73-4f8d-8b22-bb49cf9f3683;https://metadados.snirh.gov.br/files/b8f0487a-df73-4f8d-8b22-bb49cf9f3683/Castro_Alves.zip
Castro Alves;239,109999999979;238,959999999979;5,2213416371132;100,35842000607;UHE Castro Alves - CAV SNIRH.xlsx;b8f0487a-df73-4f8d-8b22-bb49cf9f3683;https://metadados.snirh.gov.br/files/b8f0487a-df73-4f8d-8b22-bb49cf9f3683/Castro_Alves.zip
Castro Alves;239,11999999997602;238,969999999976;5,2223826854614;100,41063301428;UHE Castro Alves - CAV SNIRH.xlsx;b8f0487a-df73-4f8d-8b22-bb49cf9f3683;https://metadados.snirh.gov.br/files/b8f0487a-df73-4f8d-8b22-bb49cf9f3683/Castro_Alves.zip
Castro Alves;239,129999999973;238,979999999973;5,2234225427312;100,46285869174;UHE Castro Alves - CAV SNIRH.xlsx;b8f0487a-df73-4f8d-8b22-bb49cf9f3683;https://metadados.snirh.gov.br/files/b8f0487a-df73-4f8d-8b22-bb49cf9f3683/Castro_Alves.zip
Castro Alves;239,13999999997;238,98999999997;5,2244612562445;100,51508943447;UHE Castro Alves - CAV SNIRH.xlsx;b8f0487a-df73-4f8d-8b22-bb49cf9f3683;https://metadados.snirh.gov.br/files/b8f0487a-df73-4f8d-8b22-bb49cf9f3683/Castro_Alves.zip
Castro Alves;239,15;239,0;5,2254988437684;100,56733561394;UHE Castro Alves - CAV SNIRH.xlsx;b8f0487a-df73-4f8d-8b22-bb49cf9f3683;https://metadados.snirh.gov.br/files/b8f0487a-df73-4f8d-8b22-bb49cf9f3683/Castro_Alves.zip
Castro Alves;239,16;239,01;5,2265352370119995;100,61959523983;UHE Castro Alves - CAV SNIRH.xlsx;b8f0487a-df73-4f8d-8b22-bb49cf9f3683;https://metadados.snirh.gov.br/files/b8f0487a-df73-4f8d-8b22-bb49cf9f3683/Castro_Alves.zip
Castro Alves;239,17;239,01999999999998;5,22757048406;100,67185936981;UHE Castro Alves - CAV SNIRH.xlsx;b8f0487a-df73-4f8d-8b22-bb49cf9f3683;https://metadados.snirh.gov.br/files/b8f0487a-df73-4f8d-8b22-bb49cf9f3683/Castro_Alves.zip
Castro Alves;239,17999999999998;239,02999999999997;5,2286046024115995;100,72413400698001;UHE Castro Alves - CAV SNIRH.xlsx;b8f0487a-df73-4f8d-8b22-bb49cf9f3683;https://metadados.snirh.gov.br/files/b8f0487a-df73-4f8d-8b22-bb49cf9f3683/Castro_Alves.zip
Castro Alves;239,18999999999997;239,03999999999996;5,2296376012643;100,77642058376;UHE Castro Alves - CAV SNIRH.xlsx;b8f0487a-df73-4f8d-8b22-bb49cf9f3683;https://metadados.snirh.gov.br/files/b8f0487a-df73-4f8d-8b22-bb49cf9f3683/Castro_Alves.zip
Castro Alves;239,19999999999996;239,04999999999995;5,2306694895909995;100,82872267302001;UHE Castro Alves - CAV SNIRH.xlsx;b8f0487a-df73-4f8d-8b22-bb49cf9f3683;https://metadados.snirh.gov.br/files/b8f0487a-df73-4f8d-8b22-bb49cf9f3683/Castro_Alves.zip
Castro Alves;239,20999999999995;239,05999999999995;5,2317003213560005;100,88103911984;UHE Castro Alves - CAV SNIRH.xlsx;b8f0487a-df73-4f8d-8b22-bb49cf9f3683;https://metadados.snirh.gov.br/files/b8f0487a-df73-4f8d-8b22-bb49cf9f3683/Castro_Alves.zip
Castro Alves;239,21999999999994;239,06999999999994;5,2327301128287;100,9333568259;UHE Castro Alves - CAV SNIRH.xlsx;b8f0487a-df73-4f8d-8b22-bb49cf9f3683;https://metadados.snirh.gov.br/files/b8f0487a-df73-4f8d-8b22-bb49cf9f3683/Castro_Alves.zip
Castro Alves;239,22999999999993;239,07999999999993;5,2337588563676;100,98568950844;UHE Castro Alves - CAV SNIRH.xlsx;b8f0487a-df73-4f8d-8b22-bb49cf9f3683;https://metadados.snirh.gov.br/files/b8f0487a-df73-4f8d-8b22-bb49cf9f3683/Castro_Alves.zip
Castro Alves;239,23999999999992;239,08999999999992;5,2347865959788;101,03803169609;UHE Castro Alves - CAV SNIRH.xlsx;b8f0487a-df73-4f8d-8b22-bb49cf9f3683;https://metadados.snirh.gov.br/files/b8f0487a-df73-4f8d-8b22-bb49cf9f3683/Castro_Alves.zip
Castro Alves;239,24999999999991;239,0999999999999;5,2358133485149;101,09037895917;UHE Castro Alves - CAV SNIRH.xlsx;b8f0487a-df73-4f8d-8b22-bb49cf9f3683;https://metadados.snirh.gov.br/files/b8f0487a-df73-4f8d-8b22-bb49cf9f3683/Castro_Alves.zip
Castro Alves;239,2599999999999;239,1099999999999;5,2368390939889;101,14274061685;UHE Castro Alves - CAV SNIRH.xlsx;b8f0487a-df73-4f8d-8b22-bb49cf9f3683;https://metadados.snirh.gov.br/files/b8f0487a-df73-4f8d-8b22-bb49cf9f3683/Castro_Alves.zip
Castro Alves;239,2699999999999;239,1199999999999;5,2378638550152;101,19510581435;UHE Castro Alves - CAV SNIRH.xlsx;b8f0487a-df73-4f8d-8b22-bb49cf9f3683;https://metadados.snirh.gov.br/files/b8f0487a-df73-4f8d-8b22-bb49cf9f3683/Castro_Alves.zip
Castro Alves;239,2799999999999;239,12999999999988;5,2388876880996005;101,24748873687001;UHE Castro Alves - CAV SNIRH.xlsx;b8f0487a-df73-4f8d-8b22-bb49cf9f3683;https://metadados.snirh.gov.br/files/b8f0487a-df73-4f8d-8b22-bb49cf9f3683/Castro_Alves.zip
Castro Alves;239,28999999999988;239,13999999999987;5,2399105738544;101,29988430346;UHE Castro Alves - CAV SNIRH.xlsx;b8f0487a-df73-4f8d-8b22-bb49cf9f3683;https://metadados.snirh.gov.br/files/b8f0487a-df73-4f8d-8b22-bb49cf9f3683/Castro_Alves.zip
Castro Alves;239,29999999999987;239,14999999999986;5,240932440273;101,35227975478999;UHE Castro Alves - CAV SNIRH.xlsx;b8f0487a-df73-4f8d-8b22-bb49cf9f3683;https://metadados.snirh.gov.br/files/b8f0487a-df73-4f8d-8b22-bb49cf9f3683/Castro_Alves.zip
Castro Alves;239,30999999999986;239,15999999999985;5,2419533358341;101,40468942986999;UHE Castro Alves - CAV SNIRH.xlsx;b8f0487a-df73-4f8d-8b22-bb49cf9f3683;https://metadados.snirh.gov.br/files/b8f0487a-df73-4f8d-8b22-bb49cf9f3683/Castro_Alves.zip
Castro Alves;239,31999999999985;239,16999999999985;5,2429732571628005;101,45711271515;UHE Castro Alves - CAV SNIRH.xlsx;b8f0487a-df73-4f8d-8b22-bb49cf9f3683;https://metadados.snirh.gov.br/files/b8f0487a-df73-4f8d-8b22-bb49cf9f3683/Castro_Alves.zip
Castro Alves;239,32999999999984;239,17999999999984;5,243992218076;101,50954415377;UHE Castro Alves - CAV SNIRH.xlsx;b8f0487a-df73-4f8d-8b22-bb49cf9f3683;https://metadados.snirh.gov.br/files/b8f0487a-df73-4f8d-8b22-bb49cf9f3683/Castro_Alves.zip
Castro Alves;239,33999999999983;239,18999999999983;5,2450101830582;101,56198752783;UHE Castro Alves - CAV SNIRH.xlsx;b8f0487a-df73-4f8d-8b22-bb49cf9f3683;https://metadados.snirh.gov.br/files/b8f0487a-df73-4f8d-8b22-bb49cf9f3683/Castro_Alves.zip
Castro Alves;239,34999999999982;239,19999999999982;5,2460271130238;101,61444444005001;UHE Castro Alves - CAV SNIRH.xlsx;b8f0487a-df73-4f8d-8b22-bb49cf9f3683;https://metadados.snirh.gov.br/files/b8f0487a-df73-4f8d-8b22-bb49cf9f3683/Castro_Alves.zip
Castro Alves;239,35999999999981;239,2099999999998;5,2470430147366;101,66690918392999;UHE Castro Alves - CAV SNIRH.xlsx;b8f0487a-df73-4f8d-8b22-bb49cf9f3683;https://metadados.snirh.gov.br/files/b8f0487a-df73-4f8d-8b22-bb49cf9f3683/Castro_Alves.zip
Castro Alves;239,3699999999998;239,2199999999998;5,248057941960001;101,71938536515;UHE Castro Alves - CAV SNIRH.xlsx;b8f0487a-df73-4f8d-8b22-bb49cf9f3683;https://metadados.snirh.gov.br/files/b8f0487a-df73-4f8d-8b22-bb49cf9f3683/Castro_Alves.zip
Castro Alves;239,3799999999998;239,2299999999998;5,2490719101812005;101,77187137007999;UHE Castro Alves - CAV SNIRH.xlsx;b8f0487a-df73-4f8d-8b22-bb49cf9f3683;https://metadados.snirh.gov.br/files/b8f0487a-df73-4f8d-8b22-bb49cf9f3683/Castro_Alves.zip
Castro Alves;239,3899999999998;239,23999999999978;5,2500848920382;101,82436494241001;UHE Castro Alves - CAV SNIRH.xlsx;b8f0487a-df73-4f8d-8b22-bb49cf9f3683;https://metadados.snirh.gov.br/files/b8f0487a-df73-4f8d-8b22-bb49cf9f3683/Castro_Alves.zip
Castro Alves;239,39999999999978;239,24999999999977;5,2510969128929;101,87687134424999;UHE Castro Alves - CAV SNIRH.xlsx;b8f0487a-df73-4f8d-8b22-bb49cf9f3683;https://metadados.snirh.gov.br/files/b8f0487a-df73-4f8d-8b22-bb49cf9f3683/Castro_Alves.zip
Castro Alves;239,40999999999977;239,25999999999976;5,2521079944824;101,92938630287;UHE Castro Alves - CAV SNIRH.xlsx;b8f0487a-df73-4f8d-8b22-bb49cf9f3683;https://metadados.snirh.gov.br/files/b8f0487a-df73-4f8d-8b22-bb49cf9f3683/Castro_Alves.zip
Castro Alves;239,41999999999976;239,26999999999975;5,2531181295755;101,98190908276001;UHE Castro Alves - CAV SNIRH.xlsx;b8f0487a-df73-4f8d-8b22-bb49cf9f3683;https://metadados.snirh.gov.br/files/b8f0487a-df73-4f8d-8b22-bb49cf9f3683/Castro_Alves.zip
Castro Alves;239,42999999999975;239,27999999999975;5,2541273376071;102,0344415804;UHE Castro Alves - CAV SNIRH.xlsx;b8f0487a-df73-4f8d-8b22-bb49cf9f3683;https://metadados.snirh.gov.br/files/b8f0487a-df73-4f8d-8b22-bb49cf9f3683/Castro_Alves.zip
Castro Alves;239,43999999999974;239,28999999999974;5,2551356422077;102,08698772913999;UHE Castro Alves - CAV SNIRH.xlsx;b8f0487a-df73-4f8d-8b22-bb49cf9f3683;https://metadados.snirh.gov.br/files/b8f0487a-df73-4f8d-8b22-bb49cf9f3683/Castro_Alves.zip
Castro Alves;239,44999999999973;239,29999999999973;5,2561430615029;102,13954082112;UHE Castro Alves - CAV SNIRH.xlsx;b8f0487a-df73-4f8d-8b22-bb49cf9f3683;https://metadados.snirh.gov.br/files/b8f0487a-df73-4f8d-8b22-bb49cf9f3683/Castro_Alves.zip
Castro Alves;239,45999999999972;239,30999999999972;5,257149581923301;102,19210180162001;UHE Castro Alves - CAV SNIRH.xlsx;b8f0487a-df73-4f8d-8b22-bb49cf9f3683;https://metadados.snirh.gov.br/files/b8f0487a-df73-4f8d-8b22-bb49cf9f3683/Castro_Alves.zip
Castro Alves;239,46999999999971;239,3199999999997;5,2581552136794;102,24468084075;UHE Castro Alves - CAV SNIRH.xlsx;b8f0487a-df73-4f8d-8b22-bb49cf9f3683;https://metadados.snirh.gov.br/files/b8f0487a-df73-4f8d-8b22-bb49cf9f3683/Castro_Alves.zip
Castro Alves;239,4799999999997;239,3299999999997;5,259159983536001;102,2972676511;UHE Castro Alves - CAV SNIRH.xlsx;b8f0487a-df73-4f8d-8b22-bb49cf9f3683;https://metadados.snirh.gov.br/files/b8f0487a-df73-4f8d-8b22-bb49cf9f3683/Castro_Alves.zip
Castro Alves;239,4899999999997;239,3399999999997;5,2601639153368;102,34986567838;UHE Castro Alves - CAV SNIRH.xlsx;b8f0487a-df73-4f8d-8b22-bb49cf9f3683;https://metadados.snirh.gov.br/files/b8f0487a-df73-4f8d-8b22-bb49cf9f3683/Castro_Alves.zip
Castro Alves;239,4999999999997;239,34999999999968;5,261167009726701;102,40246667136;UHE Castro Alves - CAV SNIRH.xlsx;b8f0487a-df73-4f8d-8b22-bb49cf9f3683;https://metadados.snirh.gov.br/files/b8f0487a-df73-4f8d-8b22-bb49cf9f3683/Castro_Alves.zip
Castro Alves;239,50999999999968;239,35999999999967;5,2621692752152;102,45508341566999;UHE Castro Alves - CAV SNIRH.xlsx;b8f0487a-df73-4f8d-8b22-bb49cf9f3683;https://metadados.snirh.gov.br/files/b8f0487a-df73-4f8d-8b22-bb49cf9f3683/Castro_Alves.zip
Castro Alves;239,51999999999967;239,36999999999966;5,2631707268604;102,50770688675;UHE Castro Alves - CAV SNIRH.xlsx;b8f0487a-df73-4f8d-8b22-bb49cf9f3683;https://metadados.snirh.gov.br/files/b8f0487a-df73-4f8d-8b22-bb49cf9f3683/Castro_Alves.zip
Castro Alves;239,52999999999966;239,37999999999965;5,2641713808699;102,56034165577;UHE Castro Alves - CAV SNIRH.xlsx;b8f0487a-df73-4f8d-8b22-bb49cf9f3683;https://metadados.snirh.gov.br/files/b8f0487a-df73-4f8d-8b22-bb49cf9f3683/Castro_Alves.zip
Castro Alves;239,53999999999965;239,38999999999965;5,2651712524849;102,61298382162;UHE Castro Alves - CAV SNIRH.xlsx;b8f0487a-df73-4f8d-8b22-bb49cf9f3683;https://metadados.snirh.gov.br/files/b8f0487a-df73-4f8d-8b22-bb49cf9f3683/Castro_Alves.zip
Castro Alves;239,54999999999964;239,39999999999964;5,2661703422107;102,66563536846;UHE Castro Alves - CAV SNIRH.xlsx;b8f0487a-df73-4f8d-8b22-bb49cf9f3683;https://metadados.snirh.gov.br/files/b8f0487a-df73-4f8d-8b22-bb49cf9f3683/Castro_Alves.zip
Castro Alves;239,55999999999963;239,40999999999963;5,267168655130599;102,71830331755001;UHE Castro Alves - CAV SNIRH.xlsx;b8f0487a-df73-4f8d-8b22-bb49cf9f3683;https://metadados.snirh.gov.br/files/b8f0487a-df73-4f8d-8b22-bb49cf9f3683/Castro_Alves.zip
Castro Alves;239,56999999999962;239,41999999999962;5,2681662054292;102,77097641869;UHE Castro Alves - CAV SNIRH.xlsx;b8f0487a-df73-4f8d-8b22-bb49cf9f3683;https://metadados.snirh.gov.br/files/b8f0487a-df73-4f8d-8b22-bb49cf9f3683/Castro_Alves.zip
Castro Alves;239,57999999999961;239,4299999999996;5,2691629869058;102,82366474589;UHE Castro Alves - CAV SNIRH.xlsx;b8f0487a-df73-4f8d-8b22-bb49cf9f3683;https://metadados.snirh.gov.br/files/b8f0487a-df73-4f8d-8b22-bb49cf9f3683/Castro_Alves.zip
Castro Alves;239,5899999999996;239,4399999999996;5,2701589790584;102,87636380482;UHE Castro Alves - CAV SNIRH.xlsx;b8f0487a-df73-4f8d-8b22-bb49cf9f3683;https://metadados.snirh.gov.br/files/b8f0487a-df73-4f8d-8b22-bb49cf9f3683/Castro_Alves.zip
Castro Alves;239,5999999999996;239,4499999999996;5,271154194400499;102,92906822700999;UHE Castro Alves - CAV SNIRH.xlsx;b8f0487a-df73-4f8d-8b22-bb49cf9f3683;https://metadados.snirh.gov.br/files/b8f0487a-df73-4f8d-8b22-bb49cf9f3683/Castro_Alves.zip
Castro Alves;239,6099999999996;239,45999999999958;5,2721486328819;102,98178163307001;UHE Castro Alves - CAV SNIRH.xlsx;b8f0487a-df73-4f8d-8b22-bb49cf9f3683;https://metadados.snirh.gov.br/files/b8f0487a-df73-4f8d-8b22-bb49cf9f3683/Castro_Alves.zip
Castro Alves;239,61999999999958;239,46999999999957;5,2731422993934;103,03450748540001;UHE Castro Alves - CAV SNIRH.xlsx;b8f0487a-df73-4f8d-8b22-bb49cf9f3683;https://metadados.snirh.gov.br/files/b8f0487a-df73-4f8d-8b22-bb49cf9f3683/Castro_Alves.zip
Castro Alves;239,62999999999957;239,47999999999956;5,2741351970988;103,08723836822;UHE Castro Alves - CAV SNIRH.xlsx;b8f0487a-df73-4f8d-8b22-bb49cf9f3683;https://metadados.snirh.gov.br/files/b8f0487a-df73-4f8d-8b22-bb49cf9f3683/Castro_Alves.zip
Castro Alves;239,63999999999956;239,48999999999955;5,275127357627601;103,13998249312;UHE Castro Alves - CAV SNIRH.xlsx;b8f0487a-df73-4f8d-8b22-bb49cf9f3683;https://metadados.snirh.gov.br/files/b8f0487a-df73-4f8d-8b22-bb49cf9f3683/Castro_Alves.zip
Castro Alves;239,64999999999955;239,49999999999955;5,2761187778519;103,19274318563;UHE Castro Alves - CAV SNIRH.xlsx;b8f0487a-df73-4f8d-8b22-bb49cf9f3683;https://metadados.snirh.gov.br/files/b8f0487a-df73-4f8d-8b22-bb49cf9f3683/Castro_Alves.zip
Castro Alves;239,65999999999954;239,50999999999954;5,2771094736994;103,2455085499;UHE Castro Alves - CAV SNIRH.xlsx;b8f0487a-df73-4f8d-8b22-bb49cf9f3683;https://metadados.snirh.gov.br/files/b8f0487a-df73-4f8d-8b22-bb49cf9f3683/Castro_Alves.zip
Castro Alves;239,66999999999953;239,51999999999953;5,2780994627129;103,29828096782;UHE Castro Alves - CAV SNIRH.xlsx;b8f0487a-df73-4f8d-8b22-bb49cf9f3683;https://metadados.snirh.gov.br/files/b8f0487a-df73-4f8d-8b22-bb49cf9f3683/Castro_Alves.zip
Castro Alves;239,67999999999952;239,52999999999952;5,2790887345857;103,35105985535;UHE Castro Alves - CAV SNIRH.xlsx;b8f0487a-df73-4f8d-8b22-bb49cf9f3683;https://metadados.snirh.gov.br/files/b8f0487a-df73-4f8d-8b22-bb49cf9f3683/Castro_Alves.zip
Castro Alves;239,68999999999951;239,5399999999995;5,2800772719082;103,40385605762;UHE Castro Alves - CAV SNIRH.xlsx;b8f0487a-df73-4f8d-8b22-bb49cf9f3683;https://metadados.snirh.gov.br/files/b8f0487a-df73-4f8d-8b22-bb49cf9f3683/Castro_Alves.zip
Castro Alves;239,6999999999995;239,5499999999995;5,2810650817561005;103,45666393824001;UHE Castro Alves - CAV SNIRH.xlsx;b8f0487a-df73-4f8d-8b22-bb49cf9f3683;https://metadados.snirh.gov.br/files/b8f0487a-df73-4f8d-8b22-bb49cf9f3683/Castro_Alves.zip
Castro Alves;239,7099999999995;239,5599999999995;5,2820521905916;103,50947680835999;UHE Castro Alves - CAV SNIRH.xlsx;b8f0487a-df73-4f8d-8b22-bb49cf9f3683;https://metadados.snirh.gov.br/files/b8f0487a-df73-4f8d-8b22-bb49cf9f3683/Castro_Alves.zip
Castro Alves;239,7199999999995;239,56999999999948;5,283038619693101;103,56229842317;UHE Castro Alves - CAV SNIRH.xlsx;b8f0487a-df73-4f8d-8b22-bb49cf9f3683;https://metadados.snirh.gov.br/files/b8f0487a-df73-4f8d-8b22-bb49cf9f3683/Castro_Alves.zip
Castro Alves;239,72999999999948;239,57999999999947;5,2840243753876;103,61513310132;UHE Castro Alves - CAV SNIRH.xlsx;b8f0487a-df73-4f8d-8b22-bb49cf9f3683;https://metadados.snirh.gov.br/files/b8f0487a-df73-4f8d-8b22-bb49cf9f3683/Castro_Alves.zip
Castro Alves;239,73999999999947;239,58999999999946;5,2850094531738;103,66797193133;UHE Castro Alves - CAV SNIRH.xlsx;b8f0487a-df73-4f8d-8b22-bb49cf9f3683;https://metadados.snirh.gov.br/files/b8f0487a-df73-4f8d-8b22-bb49cf9f3683/Castro_Alves.zip
Castro Alves;239,74999999999946;239,59999999999945;5,2859938620763005;103,72082875646;UHE Castro Alves - CAV SNIRH.xlsx;b8f0487a-df73-4f8d-8b22-bb49cf9f3683;https://metadados.snirh.gov.br/files/b8f0487a-df73-4f8d-8b22-bb49cf9f3683/Castro_Alves.zip
Castro Alves;239,75999999999945;239,60999999999945;5,2869775909784;103,77368842453;UHE Castro Alves - CAV SNIRH.xlsx;b8f0487a-df73-4f8d-8b22-bb49cf9f3683;https://metadados.snirh.gov.br/files/b8f0487a-df73-4f8d-8b22-bb49cf9f3683/Castro_Alves.zip
Castro Alves;239,76999999999944;239,61999999999944;5,2879606483998;103,82656440892;UHE Castro Alves - CAV SNIRH.xlsx;b8f0487a-df73-4f8d-8b22-bb49cf9f3683;https://metadados.snirh.gov.br/files/b8f0487a-df73-4f8d-8b22-bb49cf9f3683/Castro_Alves.zip
Castro Alves;239,77999999999943;239,62999999999943;5,2889430492136;103,87944306265;UHE Castro Alves - CAV SNIRH.xlsx;b8f0487a-df73-4f8d-8b22-bb49cf9f3683;https://metadados.snirh.gov.br/files/b8f0487a-df73-4f8d-8b22-bb49cf9f3683/Castro_Alves.zip
Castro Alves;239,78999999999942;239,63999999999942;5,2899247788696;103,93233129699;UHE Castro Alves - CAV SNIRH.xlsx;b8f0487a-df73-4f8d-8b22-bb49cf9f3683;https://metadados.snirh.gov.br/files/b8f0487a-df73-4f8d-8b22-bb49cf9f3683/Castro_Alves.zip
Castro Alves;239,79999999999941;239,6499999999994;5,2909058429511004;103,98523237315001;UHE Castro Alves - CAV SNIRH.xlsx;b8f0487a-df73-4f8d-8b22-bb49cf9f3683;https://metadados.snirh.gov.br/files/b8f0487a-df73-4f8d-8b22-bb49cf9f3683/Castro_Alves.zip
Castro Alves;239,8099999999994;239,6599999999994;5,2918862344851;104,03814388869999;UHE Castro Alves - CAV SNIRH.xlsx;b8f0487a-df73-4f8d-8b22-bb49cf9f3683;https://metadados.snirh.gov.br/files/b8f0487a-df73-4f8d-8b22-bb49cf9f3683/Castro_Alves.zip
Castro Alves;239,8199999999994;239,6699999999994;5,2928659586408;104,09107161333;UHE Castro Alves - CAV SNIRH.xlsx;b8f0487a-df73-4f8d-8b22-bb49cf9f3683;https://metadados.snirh.gov.br/files/b8f0487a-df73-4f8d-8b22-bb49cf9f3683/Castro_Alves.zip
Castro Alves;239,8299999999994;239,67999999999938;5,2938450330795;104,14400312432;UHE Castro Alves - CAV SNIRH.xlsx;b8f0487a-df73-4f8d-8b22-bb49cf9f3683;https://metadados.snirh.gov.br/files/b8f0487a-df73-4f8d-8b22-bb49cf9f3683/Castro_Alves.zip
Castro Alves;239,83999999999938;239,68999999999937;5,2948234716668;104,19694411529;UHE Castro Alves - CAV SNIRH.xlsx;b8f0487a-df73-4f8d-8b22-bb49cf9f3683;https://metadados.snirh.gov.br/files/b8f0487a-df73-4f8d-8b22-bb49cf9f3683/Castro_Alves.zip
Castro Alves;239,84999999999937;239,69999999999936;5,2958012779819;104,24988969169;UHE Castro Alves - CAV SNIRH.xlsx;b8f0487a-df73-4f8d-8b22-bb49cf9f3683;https://metadados.snirh.gov.br/files/b8f0487a-df73-4f8d-8b22-bb49cf9f3683/Castro_Alves.zip
Castro Alves;239,85999999999936;239,70999999999935;5,296778481086901;104,30284499535;UHE Castro Alves - CAV SNIRH.xlsx;b8f0487a-df73-4f8d-8b22-bb49cf9f3683;https://metadados.snirh.gov.br/files/b8f0487a-df73-4f8d-8b22-bb49cf9f3683/Castro_Alves.zip
Castro Alves;239,86999999999935;239,71999999999935;5,2977550543183005;104,35581373993;UHE Castro Alves - CAV SNIRH.xlsx;b8f0487a-df73-4f8d-8b22-bb49cf9f3683;https://metadados.snirh.gov.br/files/b8f0487a-df73-4f8d-8b22-bb49cf9f3683/Castro_Alves.zip
Castro Alves;239,87999999999934;239,72999999999934;5,2987310002346995;104,40879540897;UHE Castro Alves - CAV SNIRH.xlsx;b8f0487a-df73-4f8d-8b22-bb49cf9f3683;https://metadados.snirh.gov.br/files/b8f0487a-df73-4f8d-8b22-bb49cf9f3683/Castro_Alves.zip
Castro Alves;239,88999999999933;239,73999999999933;5,299706330741301;104,4617891566;UHE Castro Alves - CAV SNIRH.xlsx;b8f0487a-df73-4f8d-8b22-bb49cf9f3683;https://metadados.snirh.gov.br/files/b8f0487a-df73-4f8d-8b22-bb49cf9f3683/Castro_Alves.zip
Castro Alves;239,89999999999932;239,74999999999932;5,3006810649383;104,51479401566;UHE Castro Alves - CAV SNIRH.xlsx;b8f0487a-df73-4f8d-8b22-bb49cf9f3683;https://metadados.snirh.gov.br/files/b8f0487a-df73-4f8d-8b22-bb49cf9f3683/Castro_Alves.zip
Castro Alves;239,90999999999931;239,7599999999993;5,3016551977890005;104,56780050396999;UHE Castro Alves - CAV SNIRH.xlsx;b8f0487a-df73-4f8d-8b22-bb49cf9f3683;https://metadados.snirh.gov.br/files/b8f0487a-df73-4f8d-8b22-bb49cf9f3683/Castro_Alves.zip
Castro Alves;239,9199999999993;239,7699999999993;5,3026287335863005;104,62081643276;UHE Castro Alves - CAV SNIRH.xlsx;b8f0487a-df73-4f8d-8b22-bb49cf9f3683;https://metadados.snirh.gov.br/files/b8f0487a-df73-4f8d-8b22-bb49cf9f3683/Castro_Alves.zip
Castro Alves;239,9299999999993;239,7799999999993;5,3036016877638;104,67384588195;UHE Castro Alves - CAV SNIRH.xlsx;b8f0487a-df73-4f8d-8b22-bb49cf9f3683;https://metadados.snirh.gov.br/files/b8f0487a-df73-4f8d-8b22-bb49cf9f3683/Castro_Alves.zip
Castro Alves;239,9399999999993;239,78999999999928;5,304574056544199;104,72688713059;UHE Castro Alves - CAV SNIRH.xlsx;b8f0487a-df73-4f8d-8b22-bb49cf9f3683;https://metadados.snirh.gov.br/files/b8f0487a-df73-4f8d-8b22-bb49cf9f3683/Castro_Alves.zip
Castro Alves;239,94999999999928;239,79999999999927;5,3055458389384;104,7799376534;UHE Castro Alves - CAV SNIRH.xlsx;b8f0487a-df73-4f8d-8b22-bb49cf9f3683;https://metadados.snirh.gov.br/files/b8f0487a-df73-4f8d-8b22-bb49cf9f3683/Castro_Alves.zip
Castro Alves;239,95999999999927;239,80999999999926;5,3065170437778;104,83299568740999;UHE Castro Alves - CAV SNIRH.xlsx;b8f0487a-df73-4f8d-8b22-bb49cf9f3683;https://metadados.snirh.gov.br/files/b8f0487a-df73-4f8d-8b22-bb49cf9f3683/Castro_Alves.zip
Castro Alves;239,96999999999926;239,81999999999925;5,3074876611951005;104,88606081076;UHE Castro Alves - CAV SNIRH.xlsx;b8f0487a-df73-4f8d-8b22-bb49cf9f3683;https://metadados.snirh.gov.br/files/b8f0487a-df73-4f8d-8b22-bb49cf9f3683/Castro_Alves.zip
Castro Alves;239,97999999999925;239,82999999999925;5,3084576918319;104,93913448432;UHE Castro Alves - CAV SNIRH.xlsx;b8f0487a-df73-4f8d-8b22-bb49cf9f3683;https://metadados.snirh.gov.br/files/b8f0487a-df73-4f8d-8b22-bb49cf9f3683/Castro_Alves.zip
Castro Alves;239,98999999999924;239,83999999999924;5,3094271643093;104,99222069637001;UHE Castro Alves - CAV SNIRH.xlsx;b8f0487a-df73-4f8d-8b22-bb49cf9f3683;https://metadados.snirh.gov.br/files/b8f0487a-df73-4f8d-8b22-bb49cf9f3683/Castro_Alves.zip
Castro Alves;239,99999999999923;239,84999999999923;5,3103960702304995;105,04531821782;UHE Castro Alves - CAV SNIRH.xlsx;b8f0487a-df73-4f8d-8b22-bb49cf9f3683;https://metadados.snirh.gov.br/files/b8f0487a-df73-4f8d-8b22-bb49cf9f3683/Castro_Alves.zip
Castro Alves;240,00999999999922;239,85999999999922;5,3113644201564;105,09842467749;UHE Castro Alves - CAV SNIRH.xlsx;b8f0487a-df73-4f8d-8b22-bb49cf9f3683;https://metadados.snirh.gov.br/files/b8f0487a-df73-4f8d-8b22-bb49cf9f3683/Castro_Alves.zip
Castro Alves;240,01999999999921;239,8699999999992;5,3123322058416;105,151531833;UHE Castro Alves - CAV SNIRH.xlsx;b8f0487a-df73-4f8d-8b22-bb49cf9f3683;https://metadados.snirh.gov.br/files/b8f0487a-df73-4f8d-8b22-bb49cf9f3683/Castro_Alves.zip
Castro Alves;240,0299999999992;239,8799999999992;5,3132994234392;105,20465914462;UHE Castro Alves - CAV SNIRH.xlsx;b8f0487a-df73-4f8d-8b22-bb49cf9f3683;https://metadados.snirh.gov.br/files/b8f0487a-df73-4f8d-8b22-bb49cf9f3683/Castro_Alves.zip
Castro Alves;240,0399999999992;239,8899999999992;5,314266067516201;105,25779815553001;UHE Castro Alves - CAV SNIRH.xlsx;b8f0487a-df73-4f8d-8b22-bb49cf9f3683;https://metadados.snirh.gov.br/files/b8f0487a-df73-4f8d-8b22-bb49cf9f3683/Castro_Alves.zip
Castro Alves;240,0499999999992;239,89999999999918;5,3152321605527995;105,31094567039;UHE Castro Alves - CAV SNIRH.xlsx;b8f0487a-df73-4f8d-8b22-bb49cf9f3683;https://metadados.snirh.gov.br/files/b8f0487a-df73-4f8d-8b22-bb49cf9f3683/Castro_Alves.zip
Castro Alves;240,05999999999918;239,90999999999917;5,3161977151763;105,36409735532001;UHE Castro Alves - CAV SNIRH.xlsx;b8f0487a-df73-4f8d-8b22-bb49cf9f3683;https://metadados.snirh.gov.br/files/b8f0487a-df73-4f8d-8b22-bb49cf9f3683/Castro_Alves.zip
Castro Alves;240,06999999999917;239,91999999999916;5,3171627334518;105,41725764595;UHE Castro Alves - CAV SNIRH.xlsx;b8f0487a-df73-4f8d-8b22-bb49cf9f3683;https://metadados.snirh.gov.br/files/b8f0487a-df73-4f8d-8b22-bb49cf9f3683/Castro_Alves.zip
Castro Alves;240,07999999999916;239,92999999999915;5,3181272116309;105,47043651307;UHE Castro Alves - CAV SNIRH.xlsx;b8f0487a-df73-4f8d-8b22-bb49cf9f3683;https://metadados.snirh.gov.br/files/b8f0487a-df73-4f8d-8b22-bb49cf9f3683/Castro_Alves.zip
Castro Alves;240,08999999999915;239,93999999999915;5,3190911363956;105,52362170723;UHE Castro Alves - CAV SNIRH.xlsx;b8f0487a-df73-4f8d-8b22-bb49cf9f3683;https://metadados.snirh.gov.br/files/b8f0487a-df73-4f8d-8b22-bb49cf9f3683/Castro_Alves.zip
Castro Alves;240,09999999999914;239,94999999999914;5,320054521728101;105,57681693501;UHE Castro Alves - CAV SNIRH.xlsx;b8f0487a-df73-4f8d-8b22-bb49cf9f3683;https://metadados.snirh.gov.br/files/b8f0487a-df73-4f8d-8b22-bb49cf9f3683/Castro_Alves.zip
Castro Alves;240,10999999999913;239,95999999999913;5,3210173871345;105,63002134757001;UHE Castro Alves - CAV SNIRH.xlsx;b8f0487a-df73-4f8d-8b22-bb49cf9f3683;https://metadados.snirh.gov.br/files/b8f0487a-df73-4f8d-8b22-bb49cf9f3683/Castro_Alves.zip
Castro Alves;240,11999999999912;239,96999999999912;5,3219797478953;105,68323736226999;UHE Castro Alves - CAV SNIRH.xlsx;b8f0487a-df73-4f8d-8b22-bb49cf9f3683;https://metadados.snirh.gov.br/files/b8f0487a-df73-4f8d-8b22-bb49cf9f3683/Castro_Alves.zip
Castro Alves;240,12999999999911;239,9799999999991;5,3229416084885;105,73645991421;UHE Castro Alves - CAV SNIRH.xlsx;b8f0487a-df73-4f8d-8b22-bb49cf9f3683;https://metadados.snirh.gov.br/files/b8f0487a-df73-4f8d-8b22-bb49cf9f3683/Castro_Alves.zip
Castro Alves;240,1399999999991;239,9899999999991;5,3239029714582005;105,78969506941999;UHE Castro Alves - CAV SNIRH.xlsx;b8f0487a-df73-4f8d-8b22-bb49cf9f3683;https://metadados.snirh.gov.br/files/b8f0487a-df73-4f8d-8b22-bb49cf9f3683/Castro_Alves.zip
Castro Alves;240,1499999999991;239,9999999999991;5,3248638106402;105,84293578428;UHE Castro Alves - CAV SNIRH.xlsx;b8f0487a-df73-4f8d-8b22-bb49cf9f3683;https://metadados.snirh.gov.br/files/b8f0487a-df73-4f8d-8b22-bb49cf9f3683/Castro_Alves.zip
Castro Alves;240,1599999999991;240,00999999999908;5,325824115729801;105,89618956211001;UHE Castro Alves - CAV SNIRH.xlsx;b8f0487a-df73-4f8d-8b22-bb49cf9f3683;https://metadados.snirh.gov.br/files/b8f0487a-df73-4f8d-8b22-bb49cf9f3683/Castro_Alves.zip
Castro Alves;240,16999999999908;240,01999999999907;5,326783918153501;105,94945341622;UHE Castro Alves - CAV SNIRH.xlsx;b8f0487a-df73-4f8d-8b22-bb49cf9f3683;https://metadados.snirh.gov.br/files/b8f0487a-df73-4f8d-8b22-bb49cf9f3683/Castro_Alves.zip
Castro Alves;240,17999999999907;240,02999999999906;5,3277432128485005;106,00272935412;UHE Castro Alves - CAV SNIRH.xlsx;b8f0487a-df73-4f8d-8b22-bb49cf9f3683;https://metadados.snirh.gov.br/files/b8f0487a-df73-4f8d-8b22-bb49cf9f3683/Castro_Alves.zip
Castro Alves;240,18999999999906;240,03999999999905;5,3287020059992996;106,05601137238;UHE Castro Alves - CAV SNIRH.xlsx;b8f0487a-df73-4f8d-8b22-bb49cf9f3683;https://metadados.snirh.gov.br/files/b8f0487a-df73-4f8d-8b22-bb49cf9f3683/Castro_Alves.zip
Castro Alves;240,19999999999905;240,04999999999905;5,3296602999037;106,10930418713001;UHE Castro Alves - CAV SNIRH.xlsx;b8f0487a-df73-4f8d-8b22-bb49cf9f3683;https://metadados.snirh.gov.br/files/b8f0487a-df73-4f8d-8b22-bb49cf9f3683/Castro_Alves.zip
Castro Alves;240,20999999999904;240,05999999999904;5,3306180935659;106,16260369025;UHE Castro Alves - CAV SNIRH.xlsx;b8f0487a-df73-4f8d-8b22-bb49cf9f3683;https://metadados.snirh.gov.br/files/b8f0487a-df73-4f8d-8b22-bb49cf9f3683/Castro_Alves.zip
Castro Alves;240,21999999999903;240,06999999999903;5,3315753859113;106,21591186604;UHE Castro Alves - CAV SNIRH.xlsx;b8f0487a-df73-4f8d-8b22-bb49cf9f3683;https://metadados.snirh.gov.br/files/b8f0487a-df73-4f8d-8b22-bb49cf9f3683/Castro_Alves.zip
Castro Alves;240,22999999999902;240,07999999999902;5,3325322120811;106,26923575011;UHE Castro Alves - CAV SNIRH.xlsx;b8f0487a-df73-4f8d-8b22-bb49cf9f3683;https://metadados.snirh.gov.br/files/b8f0487a-df73-4f8d-8b22-bb49cf9f3683/Castro_Alves.zip
Castro Alves;240,23999999999901;240,089999999999;5,3334885595587;106,32256064319999;UHE Castro Alves - CAV SNIRH.xlsx;b8f0487a-df73-4f8d-8b22-bb49cf9f3683;https://metadados.snirh.gov.br/files/b8f0487a-df73-4f8d-8b22-bb49cf9f3683/Castro_Alves.zip
Castro Alves;240,249999999999;240,099999999999;5,3344444314562;106,37590225141;UHE Castro Alves - CAV SNIRH.xlsx;b8f0487a-df73-4f8d-8b22-bb49cf9f3683;https://metadados.snirh.gov.br/files/b8f0487a-df73-4f8d-8b22-bb49cf9f3683/Castro_Alves.zip
Castro Alves;240,259999999999;240,109999999999;5,3353998316004;106,42924944065;UHE Castro Alves - CAV SNIRH.xlsx;b8f0487a-df73-4f8d-8b22-bb49cf9f3683;https://metadados.snirh.gov.br/files/b8f0487a-df73-4f8d-8b22-bb49cf9f3683/Castro_Alves.zip
Castro Alves;240,269999999999;240,11999999999898;5,3363547472386;106,48261177404;UHE Castro Alves - CAV SNIRH.xlsx;b8f0487a-df73-4f8d-8b22-bb49cf9f3683;https://metadados.snirh.gov.br/files/b8f0487a-df73-4f8d-8b22-bb49cf9f3683/Castro_Alves.zip
Castro Alves;240,27999999999898;240,12999999999897;5,3373092081326;106,53597452938;UHE Castro Alves - CAV SNIRH.xlsx;b8f0487a-df73-4f8d-8b22-bb49cf9f3683;https://metadados.snirh.gov.br/files/b8f0487a-df73-4f8d-8b22-bb49cf9f3683/Castro_Alves.zip
Castro Alves;240,28999999999897;240,13999999999896;5,3382632074782;106,58934723082;UHE Castro Alves - CAV SNIRH.xlsx;b8f0487a-df73-4f8d-8b22-bb49cf9f3683;https://metadados.snirh.gov.br/files/b8f0487a-df73-4f8d-8b22-bb49cf9f3683/Castro_Alves.zip
Castro Alves;240,29999999999896;240,14999999999895;5,339216734683601;106,6427334375;UHE Castro Alves - CAV SNIRH.xlsx;b8f0487a-df73-4f8d-8b22-bb49cf9f3683;https://metadados.snirh.gov.br/files/b8f0487a-df73-4f8d-8b22-bb49cf9f3683/Castro_Alves.zip
Castro Alves;240,30999999999895;240,15999999999894;5,3401697936148995;106,6961267204;UHE Castro Alves - CAV SNIRH.xlsx;b8f0487a-df73-4f8d-8b22-bb49cf9f3683;https://metadados.snirh.gov.br/files/b8f0487a-df73-4f8d-8b22-bb49cf9f3683/Castro_Alves.zip
Castro Alves;240,31999999999894;240,16999999999894;5,3411223964316;106,74952956751999;UHE Castro Alves - CAV SNIRH.xlsx;b8f0487a-df73-4f8d-8b22-bb49cf9f3683;https://metadados.snirh.gov.br/files/b8f0487a-df73-4f8d-8b22-bb49cf9f3683/Castro_Alves.zip
Castro Alves;240,32999999999893;240,17999999999893;5,3420745606606;106,80294285524;UHE Castro Alves - CAV SNIRH.xlsx;b8f0487a-df73-4f8d-8b22-bb49cf9f3683;https://metadados.snirh.gov.br/files/b8f0487a-df73-4f8d-8b22-bb49cf9f3683/Castro_Alves.zip
Castro Alves;240,33999999999892;240,18999999999892;5,343026290181901;106,85636633;UHE Castro Alves - CAV SNIRH.xlsx;b8f0487a-df73-4f8d-8b22-bb49cf9f3683;https://metadados.snirh.gov.br/files/b8f0487a-df73-4f8d-8b22-bb49cf9f3683/Castro_Alves.zip
Castro Alves;240,34999999999891;240,1999999999989;5,343977567489;106,90979968023001;UHE Castro Alves - CAV SNIRH.xlsx;b8f0487a-df73-4f8d-8b22-bb49cf9f3683;https://metadados.snirh.gov.br/files/b8f0487a-df73-4f8d-8b22-bb49cf9f3683/Castro_Alves.zip
Castro Alves;240,3599999999989;240,2099999999989;5,3449283903091;106,96324074236;UHE Castro Alves - CAV SNIRH.xlsx;b8f0487a-df73-4f8d-8b22-bb49cf9f3683;https://metadados.snirh.gov.br/files/b8f0487a-df73-4f8d-8b22-bb49cf9f3683/Castro_Alves.zip
Castro Alves;240,3699999999989;240,2199999999989;5,345878759074299;107,01669279441;UHE Castro Alves - CAV SNIRH.xlsx;b8f0487a-df73-4f8d-8b22-bb49cf9f3683;https://metadados.snirh.gov.br/files/b8f0487a-df73-4f8d-8b22-bb49cf9f3683/Castro_Alves.zip
Castro Alves;240,3799999999989;240,22999999999888;5,3468287033983;107,07015687091;UHE Castro Alves - CAV SNIRH.xlsx;b8f0487a-df73-4f8d-8b22-bb49cf9f3683;https://metadados.snirh.gov.br/files/b8f0487a-df73-4f8d-8b22-bb49cf9f3683/Castro_Alves.zip
Castro Alves;240,38999999999888;240,23999999999887;5,3477782256717;107,12363034353;UHE Castro Alves - CAV SNIRH.xlsx;b8f0487a-df73-4f8d-8b22-bb49cf9f3683;https://metadados.snirh.gov.br/files/b8f0487a-df73-4f8d-8b22-bb49cf9f3683/Castro_Alves.zip
Castro Alves;240,39999999999887;240,24999999999886;5,348727324061;107,17711637838;UHE Castro Alves - CAV SNIRH.xlsx;b8f0487a-df73-4f8d-8b22-bb49cf9f3683;https://metadados.snirh.gov.br/files/b8f0487a-df73-4f8d-8b22-bb49cf9f3683/Castro_Alves.zip
Castro Alves;240,40999999999886;240,25999999999885;5,3496759901195;107,23061140735;UHE Castro Alves - CAV SNIRH.xlsx;b8f0487a-df73-4f8d-8b22-bb49cf9f3683;https://metadados.snirh.gov.br/files/b8f0487a-df73-4f8d-8b22-bb49cf9f3683/Castro_Alves.zip
Castro Alves;240,41999999999885;240,26999999999884;5,3506242296738;107,28411422836;UHE Castro Alves - CAV SNIRH.xlsx;b8f0487a-df73-4f8d-8b22-bb49cf9f3683;https://metadados.snirh.gov.br/files/b8f0487a-df73-4f8d-8b22-bb49cf9f3683/Castro_Alves.zip
Castro Alves;240,42999999999884;240,27999999999884;5,3515720945393;107,33762362961001;UHE Castro Alves - CAV SNIRH.xlsx;b8f0487a-df73-4f8d-8b22-bb49cf9f3683;https://metadados.snirh.gov.br/files/b8f0487a-df73-4f8d-8b22-bb49cf9f3683/Castro_Alves.zip
Castro Alves;240,43999999999883;240,28999999999883;5,3525195712023;107,39114376543;UHE Castro Alves - CAV SNIRH.xlsx;b8f0487a-df73-4f8d-8b22-bb49cf9f3683;https://metadados.snirh.gov.br/files/b8f0487a-df73-4f8d-8b22-bb49cf9f3683/Castro_Alves.zip
Castro Alves;240,44999999999882;240,29999999999882;5,3534666431115;107,44467129742;UHE Castro Alves - CAV SNIRH.xlsx;b8f0487a-df73-4f8d-8b22-bb49cf9f3683;https://metadados.snirh.gov.br/files/b8f0487a-df73-4f8d-8b22-bb49cf9f3683/Castro_Alves.zip
Castro Alves;240,45999999999881;240,3099999999988;5,3544132932838;107,49821057407;UHE Castro Alves - CAV SNIRH.xlsx;b8f0487a-df73-4f8d-8b22-bb49cf9f3683;https://metadados.snirh.gov.br/files/b8f0487a-df73-4f8d-8b22-bb49cf9f3683/Castro_Alves.zip
Castro Alves;240,4699999999988;240,3199999999988;5,3553595438174995;107,55176094542999;UHE Castro Alves - CAV SNIRH.xlsx;b8f0487a-df73-4f8d-8b22-bb49cf9f3683;https://metadados.snirh.gov.br/files/b8f0487a-df73-4f8d-8b22-bb49cf9f3683/Castro_Alves.zip
Castro Alves;240,4799999999988;240,3299999999988;5,3563053988592;107,60531853945001;UHE Castro Alves - CAV SNIRH.xlsx;b8f0487a-df73-4f8d-8b22-bb49cf9f3683;https://metadados.snirh.gov.br/files/b8f0487a-df73-4f8d-8b22-bb49cf9f3683/Castro_Alves.zip
Castro Alves;240,4899999999988;240,33999999999878;5,3572508534290995;107,65888708346;UHE Castro Alves - CAV SNIRH.xlsx;b8f0487a-df73-4f8d-8b22-bb49cf9f3683;https://metadados.snirh.gov.br/files/b8f0487a-df73-4f8d-8b22-bb49cf9f3683/Castro_Alves.zip
Castro Alves;240,49999999999878;240,34999999999877;5,3581959073342995;107,71246382153;UHE Castro Alves - CAV SNIRH.xlsx;b8f0487a-df73-4f8d-8b22-bb49cf9f3683;https://metadados.snirh.gov.br/files/b8f0487a-df73-4f8d-8b22-bb49cf9f3683/Castro_Alves.zip
Castro Alves;240,50999999999877;240,35999999999876;5,3591405798305995;107,76605205079;UHE Castro Alves - CAV SNIRH.xlsx;b8f0487a-df73-4f8d-8b22-bb49cf9f3683;https://metadados.snirh.gov.br/files/b8f0487a-df73-4f8d-8b22-bb49cf9f3683/Castro_Alves.zip
Castro Alves;240,51999999999876;240,36999999999875;5,360084879256299;107,8196493966;UHE Castro Alves - CAV SNIRH.xlsx;b8f0487a-df73-4f8d-8b22-bb49cf9f3683;https://metadados.snirh.gov.br/files/b8f0487a-df73-4f8d-8b22-bb49cf9f3683/Castro_Alves.zip
Castro Alves;240,52999999999875;240,37999999999874;5,3610287869411;107,87325103611;UHE Castro Alves - CAV SNIRH.xlsx;b8f0487a-df73-4f8d-8b22-bb49cf9f3683;https://metadados.snirh.gov.br/files/b8f0487a-df73-4f8d-8b22-bb49cf9f3683/Castro_Alves.zip
Castro Alves;240,53999999999874;240,38999999999874;5,3619723184629;107,92686858988;UHE Castro Alves - CAV SNIRH.xlsx;b8f0487a-df73-4f8d-8b22-bb49cf9f3683;https://metadados.snirh.gov.br/files/b8f0487a-df73-4f8d-8b22-bb49cf9f3683/Castro_Alves.zip
Castro Alves;240,54999999999873;240,39999999999873;5,362915495266;107,98049314477;UHE Castro Alves - CAV SNIRH.xlsx;b8f0487a-df73-4f8d-8b22-bb49cf9f3683;https://metadados.snirh.gov.br/files/b8f0487a-df73-4f8d-8b22-bb49cf9f3683/Castro_Alves.zip
Castro Alves;240,55999999999872;240,40999999999872;5,363858305207399;108,03412297788;UHE Castro Alves - CAV SNIRH.xlsx;b8f0487a-df73-4f8d-8b22-bb49cf9f3683;https://metadados.snirh.gov.br/files/b8f0487a-df73-4f8d-8b22-bb49cf9f3683/Castro_Alves.zip
Castro Alves;240,5699999999987;240,4199999999987;5,3648007207813;108,08776349977;UHE Castro Alves - CAV SNIRH.xlsx;b8f0487a-df73-4f8d-8b22-bb49cf9f3683;https://metadados.snirh.gov.br/files/b8f0487a-df73-4f8d-8b22-bb49cf9f3683/Castro_Alves.zip
Castro Alves;240,5799999999987;240,4299999999987;5,365742762437599;108,14140948451;UHE Castro Alves - CAV SNIRH.xlsx;b8f0487a-df73-4f8d-8b22-bb49cf9f3683;https://metadados.snirh.gov.br/files/b8f0487a-df73-4f8d-8b22-bb49cf9f3683/Castro_Alves.zip
Castro Alves;240,5899999999987;240,4399999999987;5,3666844957015005;108,19506829074;UHE Castro Alves - CAV SNIRH.xlsx;b8f0487a-df73-4f8d-8b22-bb49cf9f3683;https://metadados.snirh.gov.br/files/b8f0487a-df73-4f8d-8b22-bb49cf9f3683/Castro_Alves.zip
Castro Alves;240,5999999999987;240,44999999999868;5,367625889907;108,24873955571;UHE Castro Alves - CAV SNIRH.xlsx;b8f0487a-df73-4f8d-8b22-bb49cf9f3683;https://metadados.snirh.gov.br/files/b8f0487a-df73-4f8d-8b22-bb49cf9f3683/Castro_Alves.zip
Castro Alves;240,60999999999868;240,45999999999867;5,3685669288929;108,30241660929;UHE Castro Alves - CAV SNIRH.xlsx;b8f0487a-df73-4f8d-8b22-bb49cf9f3683;https://metadados.snirh.gov.br/files/b8f0487a-df73-4f8d-8b22-bb49cf9f3683/Castro_Alves.zip
Castro Alves;240,61999999999867;240,46999999999866;5,3695076482044;108,35610462590999;UHE Castro Alves - CAV SNIRH.xlsx;b8f0487a-df73-4f8d-8b22-bb49cf9f3683;https://metadados.snirh.gov.br/files/b8f0487a-df73-4f8d-8b22-bb49cf9f3683/Castro_Alves.zip
Castro Alves;240,62999999999866;240,47999999999865;5,3704480634367;108,40980190927;UHE Castro Alves - CAV SNIRH.xlsx;b8f0487a-df73-4f8d-8b22-bb49cf9f3683;https://metadados.snirh.gov.br/files/b8f0487a-df73-4f8d-8b22-bb49cf9f3683/Castro_Alves.zip
Castro Alves;240,63999999999865;240,48999999999864;5,371388129049699;108,4635116944;UHE Castro Alves - CAV SNIRH.xlsx;b8f0487a-df73-4f8d-8b22-bb49cf9f3683;https://metadados.snirh.gov.br/files/b8f0487a-df73-4f8d-8b22-bb49cf9f3683/Castro_Alves.zip
Castro Alves;240,64999999999864;240,49999999999864;5,3723278513507;108,51722921912;UHE Castro Alves - CAV SNIRH.xlsx;b8f0487a-df73-4f8d-8b22-bb49cf9f3683;https://metadados.snirh.gov.br/files/b8f0487a-df73-4f8d-8b22-bb49cf9f3683/Castro_Alves.zip
Castro Alves;240,65999999999863;240,50999999999863;5,3732672808653;108,57095729875999;UHE Castro Alves - CAV SNIRH.xlsx;b8f0487a-df73-4f8d-8b22-bb49cf9f3683;https://metadados.snirh.gov.br/files/b8f0487a-df73-4f8d-8b22-bb49cf9f3683/Castro_Alves.zip
Castro Alves;240,66999999999862;240,51999999999862;5,374206381148801;108,62468753309999;UHE Castro Alves - CAV SNIRH.xlsx;b8f0487a-df73-4f8d-8b22-bb49cf9f3683;https://metadados.snirh.gov.br/files/b8f0487a-df73-4f8d-8b22-bb49cf9f3683/Castro_Alves.zip
Castro Alves;240,6799999999986;240,5299999999986;5,3751452093186;108,67843320147;UHE Castro Alves - CAV SNIRH.xlsx;b8f0487a-df73-4f8d-8b22-bb49cf9f3683;https://metadados.snirh.gov.br/files/b8f0487a-df73-4f8d-8b22-bb49cf9f3683/Castro_Alves.zip
Castro Alves;240,6899999999986;240,5399999999986;5,3760837549516;108,73218936466999;UHE Castro Alves - CAV SNIRH.xlsx;b8f0487a-df73-4f8d-8b22-bb49cf9f3683;https://metadados.snirh.gov.br/files/b8f0487a-df73-4f8d-8b22-bb49cf9f3683/Castro_Alves.zip
Castro Alves;240,6999999999986;240,5499999999986;5,377021974438;108,78595168023001;UHE Castro Alves - CAV SNIRH.xlsx;b8f0487a-df73-4f8d-8b22-bb49cf9f3683;https://metadados.snirh.gov.br/files/b8f0487a-df73-4f8d-8b22-bb49cf9f3683/Castro_Alves.zip
Castro Alves;240,7099999999986;240,55999999999858;5,3779599255735;108,83972020761;UHE Castro Alves - CAV SNIRH.xlsx;b8f0487a-df73-4f8d-8b22-bb49cf9f3683;https://metadados.snirh.gov.br/files/b8f0487a-df73-4f8d-8b22-bb49cf9f3683/Castro_Alves.zip
Castro Alves;240,71999999999858;240,56999999999857;5,3788975829149;108,89350106332999;UHE Castro Alves - CAV SNIRH.xlsx;b8f0487a-df73-4f8d-8b22-bb49cf9f3683;https://metadados.snirh.gov.br/files/b8f0487a-df73-4f8d-8b22-bb49cf9f3683/Castro_Alves.zip
Castro Alves;240,72999999999857;240,57999999999856;5,3798350376692;108,94728945423;UHE Castro Alves - CAV SNIRH.xlsx;b8f0487a-df73-4f8d-8b22-bb49cf9f3683;https://metadados.snirh.gov.br/files/b8f0487a-df73-4f8d-8b22-bb49cf9f3683/Castro_Alves.zip
Castro Alves;240,73999999999856;240,58999999999855;5,3807722684028;109,00109262218;UHE Castro Alves - CAV SNIRH.xlsx;b8f0487a-df73-4f8d-8b22-bb49cf9f3683;https://metadados.snirh.gov.br/files/b8f0487a-df73-4f8d-8b22-bb49cf9f3683/Castro_Alves.zip
Castro Alves;240,74999999999855;240,59999999999854;5,381709269931799;109,05490399979999;UHE Castro Alves - CAV SNIRH.xlsx;b8f0487a-df73-4f8d-8b22-bb49cf9f3683;https://metadados.snirh.gov.br/files/b8f0487a-df73-4f8d-8b22-bb49cf9f3683/Castro_Alves.zip
Castro Alves;240,75999999999854;240,60999999999854;5,3826460270170005;109,10871967175;UHE Castro Alves - CAV SNIRH.xlsx;b8f0487a-df73-4f8d-8b22-bb49cf9f3683;https://metadados.snirh.gov.br/files/b8f0487a-df73-4f8d-8b22-bb49cf9f3683/Castro_Alves.zip
Castro Alves;240,76999999999853;240,61999999999853;5,3835826868828;109,16254888153;UHE Castro Alves - CAV SNIRH.xlsx;b8f0487a-df73-4f8d-8b22-bb49cf9f3683;https://metadados.snirh.gov.br/files/b8f0487a-df73-4f8d-8b22-bb49cf9f3683/Castro_Alves.zip
Castro Alves;240,77999999999852;240,62999999999852;5,3845192319045;109,21639350803;UHE Castro Alves - CAV SNIRH.xlsx;b8f0487a-df73-4f8d-8b22-bb49cf9f3683;https://metadados.snirh.gov.br/files/b8f0487a-df73-4f8d-8b22-bb49cf9f3683/Castro_Alves.zip
Castro Alves;240,7899999999985;240,6399999999985;5,385455651129099;109,2702361692;UHE Castro Alves - CAV SNIRH.xlsx;b8f0487a-df73-4f8d-8b22-bb49cf9f3683;https://metadados.snirh.gov.br/files/b8f0487a-df73-4f8d-8b22-bb49cf9f3683/Castro_Alves.zip
Castro Alves;240,7999999999985;240,6499999999985;5,3863920534603995;109,32409228771;UHE Castro Alves - CAV SNIRH.xlsx;b8f0487a-df73-4f8d-8b22-bb49cf9f3683;https://metadados.snirh.gov.br/files/b8f0487a-df73-4f8d-8b22-bb49cf9f3683/Castro_Alves.zip
Castro Alves;240,8099999999985;240,6599999999985;5,38732855191;109,37795777617;UHE Castro Alves - CAV SNIRH.xlsx;b8f0487a-df73-4f8d-8b22-bb49cf9f3683;https://metadados.snirh.gov.br/files/b8f0487a-df73-4f8d-8b22-bb49cf9f3683/Castro_Alves.zip
Castro Alves;240,8199999999985;240,66999999999848;5,3882650667896;109,43183765907;UHE Castro Alves - CAV SNIRH.xlsx;b8f0487a-df73-4f8d-8b22-bb49cf9f3683;https://metadados.snirh.gov.br/files/b8f0487a-df73-4f8d-8b22-bb49cf9f3683/Castro_Alves.zip
Castro Alves;240,82999999999848;240,67999999999847;5,3892020384811;109,48572258904;UHE Castro Alves - CAV SNIRH.xlsx;b8f0487a-df73-4f8d-8b22-bb49cf9f3683;https://metadados.snirh.gov.br/files/b8f0487a-df73-4f8d-8b22-bb49cf9f3683/Castro_Alves.zip
Castro Alves;240,83999999999847;240,68999999999846;5,3901395048324;109,53962493253;UHE Castro Alves - CAV SNIRH.xlsx;b8f0487a-df73-4f8d-8b22-bb49cf9f3683;https://metadados.snirh.gov.br/files/b8f0487a-df73-4f8d-8b22-bb49cf9f3683/Castro_Alves.zip
Castro Alves;240,84999999999846;240,69999999999845;5,3910775119642;109,59352934377999;UHE Castro Alves - CAV SNIRH.xlsx;b8f0487a-df73-4f8d-8b22-bb49cf9f3683;https://metadados.snirh.gov.br/files/b8f0487a-df73-4f8d-8b22-bb49cf9f3683/Castro_Alves.zip
Castro Alves;240,85999999999845;240,70999999999844;5,3920157450011;109,64744709667;UHE Castro Alves - CAV SNIRH.xlsx;b8f0487a-df73-4f8d-8b22-bb49cf9f3683;https://metadados.snirh.gov.br/files/b8f0487a-df73-4f8d-8b22-bb49cf9f3683/Castro_Alves.zip
Castro Alves;240,86999999999844;240,71999999999844;5,3929537950172;109,70136496189;UHE Castro Alves - CAV SNIRH.xlsx;b8f0487a-df73-4f8d-8b22-bb49cf9f3683;https://metadados.snirh.gov.br/files/b8f0487a-df73-4f8d-8b22-bb49cf9f3683/Castro_Alves.zip
Castro Alves;240,87999999999843;240,72999999999843;5,3938912874001;109,75529282694;UHE Castro Alves - CAV SNIRH.xlsx;b8f0487a-df73-4f8d-8b22-bb49cf9f3683;https://metadados.snirh.gov.br/files/b8f0487a-df73-4f8d-8b22-bb49cf9f3683/Castro_Alves.zip
Castro Alves;240,88999999999842;240,73999999999842;5,3948284445541;109,80923407061;UHE Castro Alves - CAV SNIRH.xlsx;b8f0487a-df73-4f8d-8b22-bb49cf9f3683;https://metadados.snirh.gov.br/files/b8f0487a-df73-4f8d-8b22-bb49cf9f3683/Castro_Alves.zip
Castro Alves;240,8999999999984;240,7499999999984;5,3957648400847;109,86318677964;UHE Castro Alves - CAV SNIRH.xlsx;b8f0487a-df73-4f8d-8b22-bb49cf9f3683;https://metadados.snirh.gov.br/files/b8f0487a-df73-4f8d-8b22-bb49cf9f3683/Castro_Alves.zip
Castro Alves;240,9099999999984;240,7599999999984;5,3967009249855;109,91714868174999;UHE Castro Alves - CAV SNIRH.xlsx;b8f0487a-df73-4f8d-8b22-bb49cf9f3683;https://metadados.snirh.gov.br/files/b8f0487a-df73-4f8d-8b22-bb49cf9f3683/Castro_Alves.zip
Castro Alves;240,9199999999984;240,7699999999984;5,3976362277098;109,97111748933;UHE Castro Alves - CAV SNIRH.xlsx;b8f0487a-df73-4f8d-8b22-bb49cf9f3683;https://metadados.snirh.gov.br/files/b8f0487a-df73-4f8d-8b22-bb49cf9f3683/Castro_Alves.zip
Castro Alves;240,9299999999984;240,77999999999838;5,3985711395346;110,02509533267;UHE Castro Alves - CAV SNIRH.xlsx;b8f0487a-df73-4f8d-8b22-bb49cf9f3683;https://metadados.snirh.gov.br/files/b8f0487a-df73-4f8d-8b22-bb49cf9f3683/Castro_Alves.zip
Castro Alves;240,93999999999838;240,78999999999837;5,399505636660501;110,07908761982999;UHE Castro Alves - CAV SNIRH.xlsx;b8f0487a-df73-4f8d-8b22-bb49cf9f3683;https://metadados.snirh.gov.br/files/b8f0487a-df73-4f8d-8b22-bb49cf9f3683/Castro_Alves.zip
Castro Alves;240,94999999999837;240,79999999999836;5,4004394917872;110,13308220665;UHE Castro Alves - CAV SNIRH.xlsx;b8f0487a-df73-4f8d-8b22-bb49cf9f3683;https://metadados.snirh.gov.br/files/b8f0487a-df73-4f8d-8b22-bb49cf9f3683/Castro_Alves.zip
Castro Alves;240,95999999999836;240,80999999999835;5,401372910179499;110,18709205749;UHE Castro Alves - CAV SNIRH.xlsx;b8f0487a-df73-4f8d-8b22-bb49cf9f3683;https://metadados.snirh.gov.br/files/b8f0487a-df73-4f8d-8b22-bb49cf9f3683/Castro_Alves.zip
Castro Alves;240,96999999999835;240,81999999999834;5,4023059676321;110,24110692850999;UHE Castro Alves - CAV SNIRH.xlsx;b8f0487a-df73-4f8d-8b22-bb49cf9f3683;https://metadados.snirh.gov.br/files/b8f0487a-df73-4f8d-8b22-bb49cf9f3683/Castro_Alves.zip
Castro Alves;240,97999999999834;240,82999999999834;5,403238578141;110,29513794993;UHE Castro Alves - CAV SNIRH.xlsx;b8f0487a-df73-4f8d-8b22-bb49cf9f3683;https://metadados.snirh.gov.br/files/b8f0487a-df73-4f8d-8b22-bb49cf9f3683/Castro_Alves.zip
Castro Alves;240,98999999999833;240,83999999999833;5,4041707245533;110,34917621384;UHE Castro Alves - CAV SNIRH.xlsx;b8f0487a-df73-4f8d-8b22-bb49cf9f3683;https://metadados.snirh.gov.br/files/b8f0487a-df73-4f8d-8b22-bb49cf9f3683/Castro_Alves.zip
Castro Alves;240,99999999999832;240,84999999999832;5,4051024881318;110,40321936251999;UHE Castro Alves - CAV SNIRH.xlsx;b8f0487a-df73-4f8d-8b22-bb49cf9f3683;https://metadados.snirh.gov.br/files/b8f0487a-df73-4f8d-8b22-bb49cf9f3683/Castro_Alves.zip
Castro Alves;241,0099999999983;240,8599999999983;5,406033866792099;110,45727426805;UHE Castro Alves - CAV SNIRH.xlsx;b8f0487a-df73-4f8d-8b22-bb49cf9f3683;https://metadados.snirh.gov.br/files/b8f0487a-df73-4f8d-8b22-bb49cf9f3683/Castro_Alves.zip
Castro Alves;241,0199999999983;240,8699999999983;5,4069648672648;110,5113366203;UHE Castro Alves - CAV SNIRH.xlsx;b8f0487a-df73-4f8d-8b22-bb49cf9f3683;https://metadados.snirh.gov.br/files/b8f0487a-df73-4f8d-8b22-bb49cf9f3683/Castro_Alves.zip
Castro Alves;241,0299999999983;240,8799999999983;5,407895525188;110,56540994826;UHE Castro Alves - CAV SNIRH.xlsx;b8f0487a-df73-4f8d-8b22-bb49cf9f3683;https://metadados.snirh.gov.br/files/b8f0487a-df73-4f8d-8b22-bb49cf9f3683/Castro_Alves.zip
Castro Alves;241,0399999999983;240,88999999999828;5,4088257919774;110,61949288174;UHE Castro Alves - CAV SNIRH.xlsx;b8f0487a-df73-4f8d-8b22-bb49cf9f3683;https://metadados.snirh.gov.br/files/b8f0487a-df73-4f8d-8b22-bb49cf9f3683/Castro_Alves.zip
Castro Alves;241,04999999999828;240,89999999999827;5,4097557129832;110,67358536903;UHE Castro Alves - CAV SNIRH.xlsx;b8f0487a-df73-4f8d-8b22-bb49cf9f3683;https://metadados.snirh.gov.br/files/b8f0487a-df73-4f8d-8b22-bb49cf9f3683/Castro_Alves.zip
Castro Alves;241,05999999999827;240,90999999999826;5,4106852594857004;110,72767907786;UHE Castro Alves - CAV SNIRH.xlsx;b8f0487a-df73-4f8d-8b22-bb49cf9f3683;https://metadados.snirh.gov.br/files/b8f0487a-df73-4f8d-8b22-bb49cf9f3683/Castro_Alves.zip
Castro Alves;241,06999999999826;240,91999999999825;5,4116144697139;110,78179430498;UHE Castro Alves - CAV SNIRH.xlsx;b8f0487a-df73-4f8d-8b22-bb49cf9f3683;https://metadados.snirh.gov.br/files/b8f0487a-df73-4f8d-8b22-bb49cf9f3683/Castro_Alves.zip
Castro Alves;241,07999999999825;240,92999999999824;5,412543360091401;110,83591262412;UHE Castro Alves - CAV SNIRH.xlsx;b8f0487a-df73-4f8d-8b22-bb49cf9f3683;https://metadados.snirh.gov.br/files/b8f0487a-df73-4f8d-8b22-bb49cf9f3683/Castro_Alves.zip
Castro Alves;241,08999999999824;240,93999999999824;5,4134719305737;110,89004470599001;UHE Castro Alves - CAV SNIRH.xlsx;b8f0487a-df73-4f8d-8b22-bb49cf9f3683;https://metadados.snirh.gov.br/files/b8f0487a-df73-4f8d-8b22-bb49cf9f3683/Castro_Alves.zip
Castro Alves;241,09999999999823;240,94999999999823;5,4144001445175;110,94418362531;UHE Castro Alves - CAV SNIRH.xlsx;b8f0487a-df73-4f8d-8b22-bb49cf9f3683;https://metadados.snirh.gov.br/files/b8f0487a-df73-4f8d-8b22-bb49cf9f3683/Castro_Alves.zip
Castro Alves;241,10999999999822;240,95999999999822;5,4153280141175;110,99833430065;UHE Castro Alves - CAV SNIRH.xlsx;b8f0487a-df73-4f8d-8b22-bb49cf9f3683;https://metadados.snirh.gov.br/files/b8f0487a-df73-4f8d-8b22-bb49cf9f3683/Castro_Alves.zip
Castro Alves;241,1199999999982;240,9699999999982;5,4162555519164;111,05248982147;UHE Castro Alves - CAV SNIRH.xlsx;b8f0487a-df73-4f8d-8b22-bb49cf9f3683;https://metadados.snirh.gov.br/files/b8f0487a-df73-4f8d-8b22-bb49cf9f3683/Castro_Alves.zip
Castro Alves;241,1299999999982;240,9799999999982;5,4171827776349994;111,10665820941999;UHE Castro Alves - CAV SNIRH.xlsx;b8f0487a-df73-4f8d-8b22-bb49cf9f3683;https://metadados.snirh.gov.br/files/b8f0487a-df73-4f8d-8b22-bb49cf9f3683/Castro_Alves.zip
Castro Alves;241,1399999999982;240,9899999999982;5,4181097000399;111,16083518626999;UHE Castro Alves - CAV SNIRH.xlsx;b8f0487a-df73-4f8d-8b22-bb49cf9f3683;https://metadados.snirh.gov.br/files/b8f0487a-df73-4f8d-8b22-bb49cf9f3683/Castro_Alves.zip
Castro Alves;241,1499999999982;240,99999999999818;5,4190363387132;111,21502111410999;UHE Castro Alves - CAV SNIRH.xlsx;b8f0487a-df73-4f8d-8b22-bb49cf9f3683;https://metadados.snirh.gov.br/files/b8f0487a-df73-4f8d-8b22-bb49cf9f3683/Castro_Alves.zip
Castro Alves;241,15999999999818;241,00999999999817;5,4199626986687;111,26921718108;UHE Castro Alves - CAV SNIRH.xlsx;b8f0487a-df73-4f8d-8b22-bb49cf9f3683;https://metadados.snirh.gov.br/files/b8f0487a-df73-4f8d-8b22-bb49cf9f3683/Castro_Alves.zip
Castro Alves;241,16999999999817;241,01999999999816;5,4208887013064;111,32342344718;UHE Castro Alves - CAV SNIRH.xlsx;b8f0487a-df73-4f8d-8b22-bb49cf9f3683;https://metadados.snirh.gov.br/files/b8f0487a-df73-4f8d-8b22-bb49cf9f3683/Castro_Alves.zip
Castro Alves;241,17999999999816;241,02999999999815;5,4218143507973;111,37763587062;UHE Castro Alves - CAV SNIRH.xlsx;b8f0487a-df73-4f8d-8b22-bb49cf9f3683;https://metadados.snirh.gov.br/files/b8f0487a-df73-4f8d-8b22-bb49cf9f3683/Castro_Alves.zip
Castro Alves;241,18999999999815;241,03999999999814;5,4227397026721;111,4318563343;UHE Castro Alves - CAV SNIRH.xlsx;b8f0487a-df73-4f8d-8b22-bb49cf9f3683;https://metadados.snirh.gov.br/files/b8f0487a-df73-4f8d-8b22-bb49cf9f3683/Castro_Alves.zip
Castro Alves;241,19999999999814;241,04999999999814;5,4236647796692;111,48608469955;UHE Castro Alves - CAV SNIRH.xlsx;b8f0487a-df73-4f8d-8b22-bb49cf9f3683;https://metadados.snirh.gov.br/files/b8f0487a-df73-4f8d-8b22-bb49cf9f3683/Castro_Alves.zip
Castro Alves;241,20999999999813;241,05999999999813;5,4245895993867;111,54032323193;UHE Castro Alves - CAV SNIRH.xlsx;b8f0487a-df73-4f8d-8b22-bb49cf9f3683;https://metadados.snirh.gov.br/files/b8f0487a-df73-4f8d-8b22-bb49cf9f3683/Castro_Alves.zip
Castro Alves;241,21999999999812;241,06999999999812;5,4255141609878;111,59457587608;UHE Castro Alves - CAV SNIRH.xlsx;b8f0487a-df73-4f8d-8b22-bb49cf9f3683;https://metadados.snirh.gov.br/files/b8f0487a-df73-4f8d-8b22-bb49cf9f3683/Castro_Alves.zip
Castro Alves;241,2299999999981;241,0799999999981;5,4264384679335995;111,64883432935;UHE Castro Alves - CAV SNIRH.xlsx;b8f0487a-df73-4f8d-8b22-bb49cf9f3683;https://metadados.snirh.gov.br/files/b8f0487a-df73-4f8d-8b22-bb49cf9f3683/Castro_Alves.zip
Castro Alves;241,2399999999981;241,0899999999981;5,4273625102726;111,70310392671999;UHE Castro Alves - CAV SNIRH.xlsx;b8f0487a-df73-4f8d-8b22-bb49cf9f3683;https://metadados.snirh.gov.br/files/b8f0487a-df73-4f8d-8b22-bb49cf9f3683/Castro_Alves.zip
Castro Alves;241,2499999999981;241,0999999999981;5,4282863065271;111,75738392806;UHE Castro Alves - CAV SNIRH.xlsx;b8f0487a-df73-4f8d-8b22-bb49cf9f3683;https://metadados.snirh.gov.br/files/b8f0487a-df73-4f8d-8b22-bb49cf9f3683/Castro_Alves.zip
Castro Alves;241,2599999999981;241,10999999999808;5,4292098266279;111,81166973285;UHE Castro Alves - CAV SNIRH.xlsx;b8f0487a-df73-4f8d-8b22-bb49cf9f3683;https://metadados.snirh.gov.br/files/b8f0487a-df73-4f8d-8b22-bb49cf9f3683/Castro_Alves.zip
Castro Alves;241,26999999999808;241,11999999999807;5,4301330513524;111,86596462927;UHE Castro Alves - CAV SNIRH.xlsx;b8f0487a-df73-4f8d-8b22-bb49cf9f3683;https://metadados.snirh.gov.br/files/b8f0487a-df73-4f8d-8b22-bb49cf9f3683/Castro_Alves.zip
Castro Alves;241,27999999999807;241,12999999999806;5,4310560264562;111,9202693157;UHE Castro Alves - CAV SNIRH.xlsx;b8f0487a-df73-4f8d-8b22-bb49cf9f3683;https://metadados.snirh.gov.br/files/b8f0487a-df73-4f8d-8b22-bb49cf9f3683/Castro_Alves.zip
Castro Alves;241,28999999999806;241,13999999999805;5,4319787536746995;111,97457823453;UHE Castro Alves - CAV SNIRH.xlsx;b8f0487a-df73-4f8d-8b22-bb49cf9f3683;https://metadados.snirh.gov.br/files/b8f0487a-df73-4f8d-8b22-bb49cf9f3683/Castro_Alves.zip
Castro Alves;241,29999999999805;241,14999999999804;5,4329012406178;112,02890139974;UHE Castro Alves - CAV SNIRH.xlsx;b8f0487a-df73-4f8d-8b22-bb49cf9f3683;https://metadados.snirh.gov.br/files/b8f0487a-df73-4f8d-8b22-bb49cf9f3683/Castro_Alves.zip
Castro Alves;241,30999999999804;241,15999999999804;5,4338234744285;112,08322860035001;UHE Castro Alves - CAV SNIRH.xlsx;b8f0487a-df73-4f8d-8b22-bb49cf9f3683;https://metadados.snirh.gov.br/files/b8f0487a-df73-4f8d-8b22-bb49cf9f3683/Castro_Alves.zip
Castro Alves;241,31999999999803;241,16999999999803;5,434745458391499;112,13756914206999;UHE Castro Alves - CAV SNIRH.xlsx;b8f0487a-df73-4f8d-8b22-bb49cf9f3683;https://metadados.snirh.gov.br/files/b8f0487a-df73-4f8d-8b22-bb49cf9f3683/Castro_Alves.zip
Castro Alves;241,32999999999802;241,17999999999802;5,435667196173;112,19191759305001;UHE Castro Alves - CAV SNIRH.xlsx;b8f0487a-df73-4f8d-8b22-bb49cf9f3683;https://metadados.snirh.gov.br/files/b8f0487a-df73-4f8d-8b22-bb49cf9f3683/Castro_Alves.zip
Castro Alves;241,339999999998;241,189999999998;5,4365887114963;112,24628390150001;UHE Castro Alves - CAV SNIRH.xlsx;b8f0487a-df73-4f8d-8b22-bb49cf9f3683;https://metadados.snirh.gov.br/files/b8f0487a-df73-4f8d-8b22-bb49cf9f3683/Castro_Alves.zip
Castro Alves;241,349999999998;241,199999999998;5,4375100075831;112,30065275503;UHE Castro Alves - CAV SNIRH.xlsx;b8f0487a-df73-4f8d-8b22-bb49cf9f3683;https://metadados.snirh.gov.br/files/b8f0487a-df73-4f8d-8b22-bb49cf9f3683/Castro_Alves.zip
Castro Alves;241,359999999998;241,209999999998;5,438431059707099;112,35503731246;UHE Castro Alves - CAV SNIRH.xlsx;b8f0487a-df73-4f8d-8b22-bb49cf9f3683;https://metadados.snirh.gov.br/files/b8f0487a-df73-4f8d-8b22-bb49cf9f3683/Castro_Alves.zip
Castro Alves;241,369999999998;241,21999999999798;5,4393518442695;112,40942805012;UHE Castro Alves - CAV SNIRH.xlsx;b8f0487a-df73-4f8d-8b22-bb49cf9f3683;https://metadados.snirh.gov.br/files/b8f0487a-df73-4f8d-8b22-bb49cf9f3683/Castro_Alves.zip
Castro Alves;241,37999999999798;241,22999999999797;5,4402723634478;112,46382335092001;UHE Castro Alves - CAV SNIRH.xlsx;b8f0487a-df73-4f8d-8b22-bb49cf9f3683;https://metadados.snirh.gov.br/files/b8f0487a-df73-4f8d-8b22-bb49cf9f3683/Castro_Alves.zip
Castro Alves;241,38999999999797;241,23999999999796;5,4411926270515;112,51822966495;UHE Castro Alves - CAV SNIRH.xlsx;b8f0487a-df73-4f8d-8b22-bb49cf9f3683;https://metadados.snirh.gov.br/files/b8f0487a-df73-4f8d-8b22-bb49cf9f3683/Castro_Alves.zip
Castro Alves;241,39999999999796;241,24999999999795;5,4421126574707;112,57264454432;UHE Castro Alves - CAV SNIRH.xlsx;b8f0487a-df73-4f8d-8b22-bb49cf9f3683;https://metadados.snirh.gov.br/files/b8f0487a-df73-4f8d-8b22-bb49cf9f3683/Castro_Alves.zip
Castro Alves;241,40999999999795;241,25999999999794;5,4430324559963;112,62706946782001;UHE Castro Alves - CAV SNIRH.xlsx;b8f0487a-df73-4f8d-8b22-bb49cf9f3683;https://metadados.snirh.gov.br/files/b8f0487a-df73-4f8d-8b22-bb49cf9f3683/Castro_Alves.zip
Castro Alves;241,41999999999794;241,26999999999794;5,4439520293827;112,68150617456;UHE Castro Alves - CAV SNIRH.xlsx;b8f0487a-df73-4f8d-8b22-bb49cf9f3683;https://metadados.snirh.gov.br/files/b8f0487a-df73-4f8d-8b22-bb49cf9f3683/Castro_Alves.zip
Castro Alves;241,42999999999793;241,27999999999793;5,4448713807464;112,73595208199;UHE Castro Alves - CAV SNIRH.xlsx;b8f0487a-df73-4f8d-8b22-bb49cf9f3683;https://metadados.snirh.gov.br/files/b8f0487a-df73-4f8d-8b22-bb49cf9f3683/Castro_Alves.zip
Castro Alves;241,43999999999792;241,28999999999792;5,4457905271693;112,79040287312;UHE Castro Alves - CAV SNIRH.xlsx;b8f0487a-df73-4f8d-8b22-bb49cf9f3683;https://metadados.snirh.gov.br/files/b8f0487a-df73-4f8d-8b22-bb49cf9f3683/Castro_Alves.zip
Castro Alves;241,4499999999979;241,2999999999979;5,446709459327;112,8448651152;UHE Castro Alves - CAV SNIRH.xlsx;b8f0487a-df73-4f8d-8b22-bb49cf9f3683;https://metadados.snirh.gov.br/files/b8f0487a-df73-4f8d-8b22-bb49cf9f3683/Castro_Alves.zip
Castro Alves;241,4599999999979;241,3099999999979;5,4476281801715;112,89933232159001;UHE Castro Alves - CAV SNIRH.xlsx;b8f0487a-df73-4f8d-8b22-bb49cf9f3683;https://metadados.snirh.gov.br/files/b8f0487a-df73-4f8d-8b22-bb49cf9f3683/Castro_Alves.zip
Castro Alves;241,4699999999979;241,3199999999979;5,4485466950412;112,95381297302;UHE Castro Alves - CAV SNIRH.xlsx;b8f0487a-df73-4f8d-8b22-bb49cf9f3683;https://metadados.snirh.gov.br/files/b8f0487a-df73-4f8d-8b22-bb49cf9f3683/Castro_Alves.zip
Castro Alves;241,4799999999979;241,32999999999788;5,4494649685307;113,00830072579;UHE Castro Alves - CAV SNIRH.xlsx;b8f0487a-df73-4f8d-8b22-bb49cf9f3683;https://metadados.snirh.gov.br/files/b8f0487a-df73-4f8d-8b22-bb49cf9f3683/Castro_Alves.zip
Castro Alves;241,48999999999788;241,33999999999787;5,4503830168494;113,06279957886;UHE Castro Alves - CAV SNIRH.xlsx;b8f0487a-df73-4f8d-8b22-bb49cf9f3683;https://metadados.snirh.gov.br/files/b8f0487a-df73-4f8d-8b22-bb49cf9f3683/Castro_Alves.zip
Castro Alves;241,49999999999787;241,34999999999786;5,4513008421217;113,11731400565;UHE Castro Alves - CAV SNIRH.xlsx;b8f0487a-df73-4f8d-8b22-bb49cf9f3683;https://metadados.snirh.gov.br/files/b8f0487a-df73-4f8d-8b22-bb49cf9f3683/Castro_Alves.zip
Castro Alves;241,50999999999786;241,35999999999785;5,4522184409806;113,17183251515;UHE Castro Alves - CAV SNIRH.xlsx;b8f0487a-df73-4f8d-8b22-bb49cf9f3683;https://metadados.snirh.gov.br/files/b8f0487a-df73-4f8d-8b22-bb49cf9f3683/Castro_Alves.zip
Castro Alves;241,51999999999785;241,36999999999784;5,4531358180280005;113,2263572932;UHE Castro Alves - CAV SNIRH.xlsx;b8f0487a-df73-4f8d-8b22-bb49cf9f3683;https://metadados.snirh.gov.br/files/b8f0487a-df73-4f8d-8b22-bb49cf9f3683/Castro_Alves.zip
Castro Alves;241,52999999999784;241,37999999999784;5,4540529884823;113,28089336747999;UHE Castro Alves - CAV SNIRH.xlsx;b8f0487a-df73-4f8d-8b22-bb49cf9f3683;https://metadados.snirh.gov.br/files/b8f0487a-df73-4f8d-8b22-bb49cf9f3683/Castro_Alves.zip
Castro Alves;241,53999999999783;241,38999999999783;5,4549699736032995;113,33543827103999;UHE Castro Alves - CAV SNIRH.xlsx;b8f0487a-df73-4f8d-8b22-bb49cf9f3683;https://metadados.snirh.gov.br/files/b8f0487a-df73-4f8d-8b22-bb49cf9f3683/Castro_Alves.zip
Castro Alves;241,54999999999782;241,39999999999782;5,4558867772729;113,38998762415;UHE Castro Alves - CAV SNIRH.xlsx;b8f0487a-df73-4f8d-8b22-bb49cf9f3683;https://metadados.snirh.gov.br/files/b8f0487a-df73-4f8d-8b22-bb49cf9f3683/Castro_Alves.zip
Castro Alves;241,5599999999978;241,4099999999978;5,456803400003801;113,44454999628;UHE Castro Alves - CAV SNIRH.xlsx;b8f0487a-df73-4f8d-8b22-bb49cf9f3683;https://metadados.snirh.gov.br/files/b8f0487a-df73-4f8d-8b22-bb49cf9f3683/Castro_Alves.zip
Castro Alves;241,5699999999978;241,4199999999978;5,4577198404497995;113,49912381716;UHE Castro Alves - CAV SNIRH.xlsx;b8f0487a-df73-4f8d-8b22-bb49cf9f3683;https://metadados.snirh.gov.br/files/b8f0487a-df73-4f8d-8b22-bb49cf9f3683/Castro_Alves.zip
Castro Alves;241,5799999999978;241,4299999999978;5,4586360850179;113,55370335733;UHE Castro Alves - CAV SNIRH.xlsx;b8f0487a-df73-4f8d-8b22-bb49cf9f3683;https://metadados.snirh.gov.br/files/b8f0487a-df73-4f8d-8b22-bb49cf9f3683/Castro_Alves.zip
Castro Alves;241,5899999999978;241,43999999999778;5,459552144275699;113,60829132754;UHE Castro Alves - CAV SNIRH.xlsx;b8f0487a-df73-4f8d-8b22-bb49cf9f3683;https://metadados.snirh.gov.br/files/b8f0487a-df73-4f8d-8b22-bb49cf9f3683/Castro_Alves.zip
Castro Alves;241,59999999999778;241,44999999999777;5,4604680063864;113,66288960499;UHE Castro Alves - CAV SNIRH.xlsx;b8f0487a-df73-4f8d-8b22-bb49cf9f3683;https://metadados.snirh.gov.br/files/b8f0487a-df73-4f8d-8b22-bb49cf9f3683/Castro_Alves.zip
Castro Alves;241,60999999999777;241,45999999999776;5,461383664845;113,71750092542;UHE Castro Alves - CAV SNIRH.xlsx;b8f0487a-df73-4f8d-8b22-bb49cf9f3683;https://metadados.snirh.gov.br/files/b8f0487a-df73-4f8d-8b22-bb49cf9f3683/Castro_Alves.zip
Castro Alves;241,61999999999776;241,46999999999775;5,4622991357804;113,77212226236;UHE Castro Alves - CAV SNIRH.xlsx;b8f0487a-df73-4f8d-8b22-bb49cf9f3683;https://metadados.snirh.gov.br/files/b8f0487a-df73-4f8d-8b22-bb49cf9f3683/Castro_Alves.zip
Castro Alves;241,62999999999775;241,47999999999774;5,4632144441924;113,82674614793;UHE Castro Alves - CAV SNIRH.xlsx;b8f0487a-df73-4f8d-8b22-bb49cf9f3683;https://metadados.snirh.gov.br/files/b8f0487a-df73-4f8d-8b22-bb49cf9f3683/Castro_Alves.zip
Castro Alves;241,63999999999774;241,48999999999774;5,4641295874833;113,8813820808;UHE Castro Alves - CAV SNIRH.xlsx;b8f0487a-df73-4f8d-8b22-bb49cf9f3683;https://metadados.snirh.gov.br/files/b8f0487a-df73-4f8d-8b22-bb49cf9f3683/Castro_Alves.zip
Castro Alves;241,64999999999773;241,49999999999773;5,4650445537309;113,93602548998;UHE Castro Alves - CAV SNIRH.xlsx;b8f0487a-df73-4f8d-8b22-bb49cf9f3683;https://metadados.snirh.gov.br/files/b8f0487a-df73-4f8d-8b22-bb49cf9f3683/Castro_Alves.zip
Castro Alves;241,65999999999772;241,50999999999772;5,465959337241499;113,99067714775;UHE Castro Alves - CAV SNIRH.xlsx;b8f0487a-df73-4f8d-8b22-bb49cf9f3683;https://metadados.snirh.gov.br/files/b8f0487a-df73-4f8d-8b22-bb49cf9f3683/Castro_Alves.zip
Castro Alves;241,6699999999977;241,5199999999977;5,4668739312485;114,04533579351;UHE Castro Alves - CAV SNIRH.xlsx;b8f0487a-df73-4f8d-8b22-bb49cf9f3683;https://metadados.snirh.gov.br/files/b8f0487a-df73-4f8d-8b22-bb49cf9f3683/Castro_Alves.zip
Castro Alves;241,6799999999977;241,5299999999977;5,467788352046299;114,10000733178;UHE Castro Alves - CAV SNIRH.xlsx;b8f0487a-df73-4f8d-8b22-bb49cf9f3683;https://metadados.snirh.gov.br/files/b8f0487a-df73-4f8d-8b22-bb49cf9f3683/Castro_Alves.zip
Castro Alves;241,6899999999977;241,5399999999977;5,4687026029509;114,15468732212999;UHE Castro Alves - CAV SNIRH.xlsx;b8f0487a-df73-4f8d-8b22-bb49cf9f3683;https://metadados.snirh.gov.br/files/b8f0487a-df73-4f8d-8b22-bb49cf9f3683/Castro_Alves.zip
Castro Alves;241,6999999999977;241,54999999999768;5,469616695203101;114,20937882132;UHE Castro Alves - CAV SNIRH.xlsx;b8f0487a-df73-4f8d-8b22-bb49cf9f3683;https://metadados.snirh.gov.br/files/b8f0487a-df73-4f8d-8b22-bb49cf9f3683/Castro_Alves.zip
Castro Alves;241,70999999999768;241,55999999999767;5,4705306374769;114,26407744717001;UHE Castro Alves - CAV SNIRH.xlsx;b8f0487a-df73-4f8d-8b22-bb49cf9f3683;https://metadados.snirh.gov.br/files/b8f0487a-df73-4f8d-8b22-bb49cf9f3683/Castro_Alves.zip
Castro Alves;241,71999999999767;241,56999999999766;5,4714444166152;114,31878466056999;UHE Castro Alves - CAV SNIRH.xlsx;b8f0487a-df73-4f8d-8b22-bb49cf9f3683;https://metadados.snirh.gov.br/files/b8f0487a-df73-4f8d-8b22-bb49cf9f3683/Castro_Alves.zip
Castro Alves;241,72999999999766;241,57999999999765;5,472358045443801;114,37350229422;UHE Castro Alves - CAV SNIRH.xlsx;b8f0487a-df73-4f8d-8b22-bb49cf9f3683;https://metadados.snirh.gov.br/files/b8f0487a-df73-4f8d-8b22-bb49cf9f3683/Castro_Alves.zip
Castro Alves;241,73999999999765;241,58999999999764;5,4732715215072;114,42822940939;UHE Castro Alves - CAV SNIRH.xlsx;b8f0487a-df73-4f8d-8b22-bb49cf9f3683;https://metadados.snirh.gov.br/files/b8f0487a-df73-4f8d-8b22-bb49cf9f3683/Castro_Alves.zip
Castro Alves;241,74999999999764;241,59999999999764;5,4741848317707005;114,48296442345;UHE Castro Alves - CAV SNIRH.xlsx;b8f0487a-df73-4f8d-8b22-bb49cf9f3683;https://metadados.snirh.gov.br/files/b8f0487a-df73-4f8d-8b22-bb49cf9f3683/Castro_Alves.zip
Castro Alves;241,75999999999763;241,60999999999763;5,475097990407501;114,53770969794;UHE Castro Alves - CAV SNIRH.xlsx;b8f0487a-df73-4f8d-8b22-bb49cf9f3683;https://metadados.snirh.gov.br/files/b8f0487a-df73-4f8d-8b22-bb49cf9f3683/Castro_Alves.zip
Castro Alves;241,76999999999762;241,61999999999762;5,4760110079489;114,59246567416001;UHE Castro Alves - CAV SNIRH.xlsx;b8f0487a-df73-4f8d-8b22-bb49cf9f3683;https://metadados.snirh.gov.br/files/b8f0487a-df73-4f8d-8b22-bb49cf9f3683/Castro_Alves.zip
Castro Alves;241,7799999999976;241,6299999999976;5,476923876253499;114,64722808860999;UHE Castro Alves - CAV SNIRH.xlsx;b8f0487a-df73-4f8d-8b22-bb49cf9f3683;https://metadados.snirh.gov.br/files/b8f0487a-df73-4f8d-8b22-bb49cf9f3683/Castro_Alves.zip
Castro Alves;241,7899999999976;241,6399999999976;5,477836596929101;114,70200813073001;UHE Castro Alves - CAV SNIRH.xlsx;b8f0487a-df73-4f8d-8b22-bb49cf9f3683;https://metadados.snirh.gov.br/files/b8f0487a-df73-4f8d-8b22-bb49cf9f3683/Castro_Alves.zip
Castro Alves;241,7999999999976;241,6499999999976;5,4787491778787;114,75679005931;UHE Castro Alves - CAV SNIRH.xlsx;b8f0487a-df73-4f8d-8b22-bb49cf9f3683;https://metadados.snirh.gov.br/files/b8f0487a-df73-4f8d-8b22-bb49cf9f3683/Castro_Alves.zip
Castro Alves;241,8099999999976;241,65999999999758;5,4796616181119004;114,81158587045;UHE Castro Alves - CAV SNIRH.xlsx;b8f0487a-df73-4f8d-8b22-bb49cf9f3683;https://metadados.snirh.gov.br/files/b8f0487a-df73-4f8d-8b22-bb49cf9f3683/Castro_Alves.zip
Castro Alves;241,81999999999758;241,66999999999757;5,480573897507299;114,8663870131;UHE Castro Alves - CAV SNIRH.xlsx;b8f0487a-df73-4f8d-8b22-bb49cf9f3683;https://metadados.snirh.gov.br/files/b8f0487a-df73-4f8d-8b22-bb49cf9f3683/Castro_Alves.zip
Castro Alves;241,82999999999757;241,67999999999756;5,481486033319;114,92120007512;UHE Castro Alves - CAV SNIRH.xlsx;b8f0487a-df73-4f8d-8b22-bb49cf9f3683;https://metadados.snirh.gov.br/files/b8f0487a-df73-4f8d-8b22-bb49cf9f3683/Castro_Alves.zip
Castro Alves;241,83999999999756;241,68999999999755;5,4823980437462;114,97601775580999;UHE Castro Alves - CAV SNIRH.xlsx;b8f0487a-df73-4f8d-8b22-bb49cf9f3683;https://metadados.snirh.gov.br/files/b8f0487a-df73-4f8d-8b22-bb49cf9f3683/Castro_Alves.zip
Castro Alves;241,84999999999755;241,69999999999754;5,4833099304968;115,03084571023;UHE Castro Alves - CAV SNIRH.xlsx;b8f0487a-df73-4f8d-8b22-bb49cf9f3683;https://metadados.snirh.gov.br/files/b8f0487a-df73-4f8d-8b22-bb49cf9f3683/Castro_Alves.zip
Castro Alves;241,85999999999754;241,70999999999754;5,4842216793616005;115,08568779117999;UHE Castro Alves - CAV SNIRH.xlsx;b8f0487a-df73-4f8d-8b22-bb49cf9f3683;https://metadados.snirh.gov.br/files/b8f0487a-df73-4f8d-8b22-bb49cf9f3683/Castro_Alves.zip
Castro Alves;241,86999999999753;241,71999999999753;5,4851332932779;115,14053021133;UHE Castro Alves - CAV SNIRH.xlsx;b8f0487a-df73-4f8d-8b22-bb49cf9f3683;https://metadados.snirh.gov.br/files/b8f0487a-df73-4f8d-8b22-bb49cf9f3683/Castro_Alves.zip
Castro Alves;241,87999999999752;241,72999999999752;5,486044775445801;115,19538831059;UHE Castro Alves - CAV SNIRH.xlsx;b8f0487a-df73-4f8d-8b22-bb49cf9f3683;https://metadados.snirh.gov.br/files/b8f0487a-df73-4f8d-8b22-bb49cf9f3683/Castro_Alves.zip
Castro Alves;241,8899999999975;241,7399999999975;5,4869561406327;115,25025164911;UHE Castro Alves - CAV SNIRH.xlsx;b8f0487a-df73-4f8d-8b22-bb49cf9f3683;https://metadados.snirh.gov.br/files/b8f0487a-df73-4f8d-8b22-bb49cf9f3683/Castro_Alves.zip
Castro Alves;241,8999999999975;241,7499999999975;5,487867372329999;115,30512340557;UHE Castro Alves - CAV SNIRH.xlsx;b8f0487a-df73-4f8d-8b22-bb49cf9f3683;https://metadados.snirh.gov.br/files/b8f0487a-df73-4f8d-8b22-bb49cf9f3683/Castro_Alves.zip
Castro Alves;241,9099999999975;241,7599999999975;5,4887784658088;115,3600062001;UHE Castro Alves - CAV SNIRH.xlsx;b8f0487a-df73-4f8d-8b22-bb49cf9f3683;https://metadados.snirh.gov.br/files/b8f0487a-df73-4f8d-8b22-bb49cf9f3683/Castro_Alves.zip
Castro Alves;241,9199999999975;241,76999999999748;5,4896894304095;115,41489992625999;UHE Castro Alves - CAV SNIRH.xlsx;b8f0487a-df73-4f8d-8b22-bb49cf9f3683;https://metadados.snirh.gov.br/files/b8f0487a-df73-4f8d-8b22-bb49cf9f3683/Castro_Alves.zip
Castro Alves;241,92999999999748;241,77999999999747;5,4906002602683;115,46980195933001;UHE Castro Alves - CAV SNIRH.xlsx;b8f0487a-df73-4f8d-8b22-bb49cf9f3683;https://metadados.snirh.gov.br/files/b8f0487a-df73-4f8d-8b22-bb49cf9f3683/Castro_Alves.zip
Castro Alves;241,93999999999747;241,78999999999746;5,4915109703882;115,52471364875001;UHE Castro Alves - CAV SNIRH.xlsx;b8f0487a-df73-4f8d-8b22-bb49cf9f3683;https://metadados.snirh.gov.br/files/b8f0487a-df73-4f8d-8b22-bb49cf9f3683/Castro_Alves.zip
Castro Alves;241,94999999999746;241,79999999999745;5,4924215708825;115,57963666458001;UHE Castro Alves - CAV SNIRH.xlsx;b8f0487a-df73-4f8d-8b22-bb49cf9f3683;https://metadados.snirh.gov.br/files/b8f0487a-df73-4f8d-8b22-bb49cf9f3683/Castro_Alves.zip
Castro Alves;241,95999999999745;241,80999999999744;5,4933320454232;115,63456354507001;UHE Castro Alves - CAV SNIRH.xlsx;b8f0487a-df73-4f8d-8b22-bb49cf9f3683;https://metadados.snirh.gov.br/files/b8f0487a-df73-4f8d-8b22-bb49cf9f3683/Castro_Alves.zip
Castro Alves;241,96999999999744;241,81999999999744;5,4942423987079;115,68950005332;UHE Castro Alves - CAV SNIRH.xlsx;b8f0487a-df73-4f8d-8b22-bb49cf9f3683;https://metadados.snirh.gov.br/files/b8f0487a-df73-4f8d-8b22-bb49cf9f3683/Castro_Alves.zip
Castro Alves;241,97999999999743;241,82999999999743;5,4951526269737;115,74444189952999;UHE Castro Alves - CAV SNIRH.xlsx;b8f0487a-df73-4f8d-8b22-bb49cf9f3683;https://metadados.snirh.gov.br/files/b8f0487a-df73-4f8d-8b22-bb49cf9f3683/Castro_Alves.zip
Castro Alves;241,98999999999742;241,83999999999742;5,4960627451345;115,79939525534999;UHE Castro Alves - CAV SNIRH.xlsx;b8f0487a-df73-4f8d-8b22-bb49cf9f3683;https://metadados.snirh.gov.br/files/b8f0487a-df73-4f8d-8b22-bb49cf9f3683/Castro_Alves.zip
Castro Alves;241,9999999999974;241,8499999999974;5,4969727685492;115,8543667748;UHE Castro Alves - CAV SNIRH.xlsx;b8f0487a-df73-4f8d-8b22-bb49cf9f3683;https://metadados.snirh.gov.br/files/b8f0487a-df73-4f8d-8b22-bb49cf9f3683/Castro_Alves.zip
Castro Alves;242,0099999999974;241,8599999999974;5,4978826883505;115,90933344417999;UHE Castro Alves - CAV SNIRH.xlsx;b8f0487a-df73-4f8d-8b22-bb49cf9f3683;https://metadados.snirh.gov.br/files/b8f0487a-df73-4f8d-8b22-bb49cf9f3683/Castro_Alves.zip
Castro Alves;242,0199999999974;241,8699999999974;5,4987924865591005;115,96431463969;UHE Castro Alves - CAV SNIRH.xlsx;b8f0487a-df73-4f8d-8b22-bb49cf9f3683;https://metadados.snirh.gov.br/files/b8f0487a-df73-4f8d-8b22-bb49cf9f3683/Castro_Alves.zip
Castro Alves;242,0299999999974;241,87999999999738;5,499702181066;116,01930795304;UHE Castro Alves - CAV SNIRH.xlsx;b8f0487a-df73-4f8d-8b22-bb49cf9f3683;https://metadados.snirh.gov.br/files/b8f0487a-df73-4f8d-8b22-bb49cf9f3683/Castro_Alves.zip
Castro Alves;242,03999999999738;241,88999999999737;5,5006117813338005;116,07431242857;UHE Castro Alves - CAV SNIRH.xlsx;b8f0487a-df73-4f8d-8b22-bb49cf9f3683;https://metadados.snirh.gov.br/files/b8f0487a-df73-4f8d-8b22-bb49cf9f3683/Castro_Alves.zip
Castro Alves;242,04999999999737;241,89999999999736;5,5015212914672995;116,12932217635;UHE Castro Alves - CAV SNIRH.xlsx;b8f0487a-df73-4f8d-8b22-bb49cf9f3683;https://metadados.snirh.gov.br/files/b8f0487a-df73-4f8d-8b22-bb49cf9f3683/Castro_Alves.zip
Castro Alves;242,05999999999736;241,90999999999735;5,5024307040353;116,18434071727;UHE Castro Alves - CAV SNIRH.xlsx;b8f0487a-df73-4f8d-8b22-bb49cf9f3683;https://metadados.snirh.gov.br/files/b8f0487a-df73-4f8d-8b22-bb49cf9f3683/Castro_Alves.zip
Castro Alves;242,06999999999735;241,91999999999734;5,5033400116711;116,23936711668999;UHE Castro Alves - CAV SNIRH.xlsx;b8f0487a-df73-4f8d-8b22-bb49cf9f3683;https://metadados.snirh.gov.br/files/b8f0487a-df73-4f8d-8b22-bb49cf9f3683/Castro_Alves.zip
Castro Alves;242,07999999999734;241,92999999999734;5,5042492239059;116,29440237812001;UHE Castro Alves - CAV SNIRH.xlsx;b8f0487a-df73-4f8d-8b22-bb49cf9f3683;https://metadados.snirh.gov.br/files/b8f0487a-df73-4f8d-8b22-bb49cf9f3683/Castro_Alves.zip
Castro Alves;242,08999999999733;241,93999999999733;5,5051583487349;116,34944622338;UHE Castro Alves - CAV SNIRH.xlsx;b8f0487a-df73-4f8d-8b22-bb49cf9f3683;https://metadados.snirh.gov.br/files/b8f0487a-df73-4f8d-8b22-bb49cf9f3683/Castro_Alves.zip
Castro Alves;242,09999999999732;241,94999999999732;5,5060673659182005;116,40450622588999;UHE Castro Alves - CAV SNIRH.xlsx;b8f0487a-df73-4f8d-8b22-bb49cf9f3683;https://metadados.snirh.gov.br/files/b8f0487a-df73-4f8d-8b22-bb49cf9f3683/Castro_Alves.zip
Castro Alves;242,1099999999973;241,9599999999973;5,5069762748918;116,45956793332999;UHE Castro Alves - CAV SNIRH.xlsx;b8f0487a-df73-4f8d-8b22-bb49cf9f3683;https://metadados.snirh.gov.br/files/b8f0487a-df73-4f8d-8b22-bb49cf9f3683/Castro_Alves.zip
Castro Alves;242,1199999999973;241,9699999999973;5,5078850788183;116,51464226937;UHE Castro Alves - CAV SNIRH.xlsx;b8f0487a-df73-4f8d-8b22-bb49cf9f3683;https://metadados.snirh.gov.br/files/b8f0487a-df73-4f8d-8b22-bb49cf9f3683/Castro_Alves.zip
Castro Alves;242,1299999999973;241,9799999999973;5,508793820334;116,5697273246;UHE Castro Alves - CAV SNIRH.xlsx;b8f0487a-df73-4f8d-8b22-bb49cf9f3683;https://metadados.snirh.gov.br/files/b8f0487a-df73-4f8d-8b22-bb49cf9f3683/Castro_Alves.zip
Castro Alves;242,1399999999973;241,98999999999728;5,509702485849;116,62481666288001;UHE Castro Alves - CAV SNIRH.xlsx;b8f0487a-df73-4f8d-8b22-bb49cf9f3683;https://metadados.snirh.gov.br/files/b8f0487a-df73-4f8d-8b22-bb49cf9f3683/Castro_Alves.zip
Castro Alves;242,14999999999728;241,99999999999727;5,510611064874899;116,67992042969;UHE Castro Alves - CAV SNIRH.xlsx;b8f0487a-df73-4f8d-8b22-bb49cf9f3683;https://metadados.snirh.gov.br/files/b8f0487a-df73-4f8d-8b22-bb49cf9f3683/Castro_Alves.zip
Castro Alves;242,15999999999727;242,00999999999726;5,5115195617223;116,73502938275;UHE Castro Alves - CAV SNIRH.xlsx;b8f0487a-df73-4f8d-8b22-bb49cf9f3683;https://metadados.snirh.gov.br/files/b8f0487a-df73-4f8d-8b22-bb49cf9f3683/Castro_Alves.zip
Castro Alves;242,16999999999726;242,01999999999725;5,5124279943302;116,79015063312;UHE Castro Alves - CAV SNIRH.xlsx;b8f0487a-df73-4f8d-8b22-bb49cf9f3683;https://metadados.snirh.gov.br/files/b8f0487a-df73-4f8d-8b22-bb49cf9f3683/Castro_Alves.zip
Castro Alves;242,17999999999725;242,02999999999724;5,5133363419501995;116,84527727135;UHE Castro Alves - CAV SNIRH.xlsx;b8f0487a-df73-4f8d-8b22-bb49cf9f3683;https://metadados.snirh.gov.br/files/b8f0487a-df73-4f8d-8b22-bb49cf9f3683/Castro_Alves.zip
Castro Alves;242,18999999999724;242,03999999999724;5,5142446077416;116,90041776058;UHE Castro Alves - CAV SNIRH.xlsx;b8f0487a-df73-4f8d-8b22-bb49cf9f3683;https://metadados.snirh.gov.br/files/b8f0487a-df73-4f8d-8b22-bb49cf9f3683/Castro_Alves.zip
Castro Alves;242,19999999999723;242,04999999999723;5,5151528039264;116,95556657203;UHE Castro Alves - CAV SNIRH.xlsx;b8f0487a-df73-4f8d-8b22-bb49cf9f3683;https://metadados.snirh.gov.br/files/b8f0487a-df73-4f8d-8b22-bb49cf9f3683/Castro_Alves.zip
Castro Alves;242,20999999999722;242,05999999999722;5,5160609567267995;117,01071602271;UHE Castro Alves - CAV SNIRH.xlsx;b8f0487a-df73-4f8d-8b22-bb49cf9f3683;https://metadados.snirh.gov.br/files/b8f0487a-df73-4f8d-8b22-bb49cf9f3683/Castro_Alves.zip
Castro Alves;242,2199999999972;242,0699999999972;5,5169690619897;117,06587866517;UHE Castro Alves - CAV SNIRH.xlsx;b8f0487a-df73-4f8d-8b22-bb49cf9f3683;https://metadados.snirh.gov.br/files/b8f0487a-df73-4f8d-8b22-bb49cf9f3683/Castro_Alves.zip
Castro Alves;242,2299999999972;242,0799999999972;5,5178771043818;117,12105043624;UHE Castro Alves - CAV SNIRH.xlsx;b8f0487a-df73-4f8d-8b22-bb49cf9f3683;https://metadados.snirh.gov.br/files/b8f0487a-df73-4f8d-8b22-bb49cf9f3683/Castro_Alves.zip
Castro Alves;242,2399999999972;242,0899999999972;5,5187850808785;117,17623144193;UHE Castro Alves - CAV SNIRH.xlsx;b8f0487a-df73-4f8d-8b22-bb49cf9f3683;https://metadados.snirh.gov.br/files/b8f0487a-df73-4f8d-8b22-bb49cf9f3683/Castro_Alves.zip
Castro Alves;242,2499999999972;242,09999999999718;5,519693019532101;117,23142048521;UHE Castro Alves - CAV SNIRH.xlsx;b8f0487a-df73-4f8d-8b22-bb49cf9f3683;https://metadados.snirh.gov.br/files/b8f0487a-df73-4f8d-8b22-bb49cf9f3683/Castro_Alves.zip
Castro Alves;242,25999999999718;242,10999999999717;5,5206008871836;117,28661756670999;UHE Castro Alves - CAV SNIRH.xlsx;b8f0487a-df73-4f8d-8b22-bb49cf9f3683;https://metadados.snirh.gov.br/files/b8f0487a-df73-4f8d-8b22-bb49cf9f3683/Castro_Alves.zip
Castro Alves;242,26999999999717;242,11999999999716;5,5215086846275;117,34182430384;UHE Castro Alves - CAV SNIRH.xlsx;b8f0487a-df73-4f8d-8b22-bb49cf9f3683;https://metadados.snirh.gov.br/files/b8f0487a-df73-4f8d-8b22-bb49cf9f3683/Castro_Alves.zip
Castro Alves;242,27999999999716;242,12999999999715;5,5224164295785;117,39704153782;UHE Castro Alves - CAV SNIRH.xlsx;b8f0487a-df73-4f8d-8b22-bb49cf9f3683;https://metadados.snirh.gov.br/files/b8f0487a-df73-4f8d-8b22-bb49cf9f3683/Castro_Alves.zip
Castro Alves;242,28999999999715;242,13999999999714;5,5233241162721;117,45227392653;UHE Castro Alves - CAV SNIRH.xlsx;b8f0487a-df73-4f8d-8b22-bb49cf9f3683;https://metadados.snirh.gov.br/files/b8f0487a-df73-4f8d-8b22-bb49cf9f3683/Castro_Alves.zip
Castro Alves;242,29999999999714;242,14999999999714;5,5242317461943005;117,50750514414001;UHE Castro Alves - CAV SNIRH.xlsx;b8f0487a-df73-4f8d-8b22-bb49cf9f3683;https://metadados.snirh.gov.br/files/b8f0487a-df73-4f8d-8b22-bb49cf9f3683/Castro_Alves.zip
Castro Alves;242,30999999999713;242,15999999999713;5,5251393457725;117,5627473987;UHE Castro Alves - CAV SNIRH.xlsx;b8f0487a-df73-4f8d-8b22-bb49cf9f3683;https://metadados.snirh.gov.br/files/b8f0487a-df73-4f8d-8b22-bb49cf9f3683/Castro_Alves.zip
Castro Alves;242,31999999999712;242,16999999999712;5,5260469233815;117,61800408540999;UHE Castro Alves - CAV SNIRH.xlsx;b8f0487a-df73-4f8d-8b22-bb49cf9f3683;https://metadados.snirh.gov.br/files/b8f0487a-df73-4f8d-8b22-bb49cf9f3683/Castro_Alves.zip
Castro Alves;242,3299999999971;242,1799999999971;5,526954464750199;117,67327023152;UHE Castro Alves - CAV SNIRH.xlsx;b8f0487a-df73-4f8d-8b22-bb49cf9f3683;https://metadados.snirh.gov.br/files/b8f0487a-df73-4f8d-8b22-bb49cf9f3683/Castro_Alves.zip
Castro Alves;242,3399999999971;242,1899999999971;5,527861973919601;117,7285432925;UHE Castro Alves - CAV SNIRH.xlsx;b8f0487a-df73-4f8d-8b22-bb49cf9f3683;https://metadados.snirh.gov.br/files/b8f0487a-df73-4f8d-8b22-bb49cf9f3683/Castro_Alves.zip
Castro Alves;242,3499999999971;242,1999999999971;5,5287694643361;117,78382667045;UHE Castro Alves - CAV SNIRH.xlsx;b8f0487a-df73-4f8d-8b22-bb49cf9f3683;https://metadados.snirh.gov.br/files/b8f0487a-df73-4f8d-8b22-bb49cf9f3683/Castro_Alves.zip
Castro Alves;242,3599999999971;242,20999999999708;5,5296769246379;117,83911595815;UHE Castro Alves - CAV SNIRH.xlsx;b8f0487a-df73-4f8d-8b22-bb49cf9f3683;https://metadados.snirh.gov.br/files/b8f0487a-df73-4f8d-8b22-bb49cf9f3683/Castro_Alves.zip
Castro Alves;242,36999999999708;242,21999999999707;5,530584361353;117,89441679872;UHE Castro Alves - CAV SNIRH.xlsx;b8f0487a-df73-4f8d-8b22-bb49cf9f3683;https://metadados.snirh.gov.br/files/b8f0487a-df73-4f8d-8b22-bb49cf9f3683/Castro_Alves.zip
Castro Alves;242,37999999999707;242,22999999999706;5,5314918162188;117,94972337520001;UHE Castro Alves - CAV SNIRH.xlsx;b8f0487a-df73-4f8d-8b22-bb49cf9f3683;https://metadados.snirh.gov.br/files/b8f0487a-df73-4f8d-8b22-bb49cf9f3683/Castro_Alves.zip
Castro Alves;242,38999999999706;242,23999999999705;5,5323992630779;118,00504281032;UHE Castro Alves - CAV SNIRH.xlsx;b8f0487a-df73-4f8d-8b22-bb49cf9f3683;https://metadados.snirh.gov.br/files/b8f0487a-df73-4f8d-8b22-bb49cf9f3683/Castro_Alves.zip
Castro Alves;242,39999999999705;242,24999999999704;5,5333067017788995;118,06036852367001;UHE Castro Alves - CAV SNIRH.xlsx;b8f0487a-df73-4f8d-8b22-bb49cf9f3683;https://metadados.snirh.gov.br/files/b8f0487a-df73-4f8d-8b22-bb49cf9f3683/Castro_Alves.zip
Castro Alves;242,40999999999704;242,25999999999704;5,534214157517701;118,11570612751;UHE Castro Alves - CAV SNIRH.xlsx;b8f0487a-df73-4f8d-8b22-bb49cf9f3683;https://metadados.snirh.gov.br/files/b8f0487a-df73-4f8d-8b22-bb49cf9f3683/Castro_Alves.zip
Castro Alves;242,41999999999703;242,26999999999703;5,535121590840601;118,17105408912;UHE Castro Alves - CAV SNIRH.xlsx;b8f0487a-df73-4f8d-8b22-bb49cf9f3683;https://metadados.snirh.gov.br/files/b8f0487a-df73-4f8d-8b22-bb49cf9f3683/Castro_Alves.zip
Castro Alves;242,42999999999702;242,27999999999702;5,5360290007102;118,22640848347;UHE Castro Alves - CAV SNIRH.xlsx;b8f0487a-df73-4f8d-8b22-bb49cf9f3683;https://metadados.snirh.gov.br/files/b8f0487a-df73-4f8d-8b22-bb49cf9f3683/Castro_Alves.zip
Castro Alves;242,439999999997;242,289999999997;5,536936423776;118,28176637493999;UHE Castro Alves - CAV SNIRH.xlsx;b8f0487a-df73-4f8d-8b22-bb49cf9f3683;https://metadados.snirh.gov.br/files/b8f0487a-df73-4f8d-8b22-bb49cf9f3683/Castro_Alves.zip
Castro Alves;242,449999999997;242,299999999997;5,5378438384534;118,33713811641;UHE Castro Alves - CAV SNIRH.xlsx;b8f0487a-df73-4f8d-8b22-bb49cf9f3683;https://metadados.snirh.gov.br/files/b8f0487a-df73-4f8d-8b22-bb49cf9f3683/Castro_Alves.zip
Castro Alves;242,459999999997;242,309999999997;5,538751266086099;118,3925216416;UHE Castro Alves - CAV SNIRH.xlsx;b8f0487a-df73-4f8d-8b22-bb49cf9f3683;https://metadados.snirh.gov.br/files/b8f0487a-df73-4f8d-8b22-bb49cf9f3683/Castro_Alves.zip
Castro Alves;242,469999999997;242,31999999999698;5,5396587149643;118,44791159667;UHE Castro Alves - CAV SNIRH.xlsx;b8f0487a-df73-4f8d-8b22-bb49cf9f3683;https://metadados.snirh.gov.br/files/b8f0487a-df73-4f8d-8b22-bb49cf9f3683/Castro_Alves.zip
Castro Alves;242,47999999999698;242,32999999999697;5,540566138234601;118,50331093841;UHE Castro Alves - CAV SNIRH.xlsx;b8f0487a-df73-4f8d-8b22-bb49cf9f3683;https://metadados.snirh.gov.br/files/b8f0487a-df73-4f8d-8b22-bb49cf9f3683/Castro_Alves.zip
Castro Alves;242,48999999999697;242,33999999999696;5,5414735602666;118,55871985917001;UHE Castro Alves - CAV SNIRH.xlsx;b8f0487a-df73-4f8d-8b22-bb49cf9f3683;https://metadados.snirh.gov.br/files/b8f0487a-df73-4f8d-8b22-bb49cf9f3683/Castro_Alves.zip
Castro Alves;242,49999999999696;242,34999999999695;5,5423809658922005;118,61414168462;UHE Castro Alves - CAV SNIRH.xlsx;b8f0487a-df73-4f8d-8b22-bb49cf9f3683;https://metadados.snirh.gov.br/files/b8f0487a-df73-4f8d-8b22-bb49cf9f3683/Castro_Alves.zip
Castro Alves;242,50999999999695;242,35999999999694;5,5432883854765;118,66956564215;UHE Castro Alves - CAV SNIRH.xlsx;b8f0487a-df73-4f8d-8b22-bb49cf9f3683;https://metadados.snirh.gov.br/files/b8f0487a-df73-4f8d-8b22-bb49cf9f3683/Castro_Alves.zip
Castro Alves;242,51999999999694;242,36999999999694;5,5441958807155;118,7250024378;UHE Castro Alves - CAV SNIRH.xlsx;b8f0487a-df73-4f8d-8b22-bb49cf9f3683;https://metadados.snirh.gov.br/files/b8f0487a-df73-4f8d-8b22-bb49cf9f3683/Castro_Alves.zip
Castro Alves;242,52999999999693;242,37999999999693;5,545103402030301;118,78045396669;UHE Castro Alves - CAV SNIRH.xlsx;b8f0487a-df73-4f8d-8b22-bb49cf9f3683;https://metadados.snirh.gov.br/files/b8f0487a-df73-4f8d-8b22-bb49cf9f3683/Castro_Alves.zip
Castro Alves;242,53999999999692;242,38999999999692;5,5460109931265;118,83590759892;UHE Castro Alves - CAV SNIRH.xlsx;b8f0487a-df73-4f8d-8b22-bb49cf9f3683;https://metadados.snirh.gov.br/files/b8f0487a-df73-4f8d-8b22-bb49cf9f3683/Castro_Alves.zip
Castro Alves;242,5499999999969;242,3999999999969;5,546918593375399;118,89137308013;UHE Castro Alves - CAV SNIRH.xlsx;b8f0487a-df73-4f8d-8b22-bb49cf9f3683;https://metadados.snirh.gov.br/files/b8f0487a-df73-4f8d-8b22-bb49cf9f3683/Castro_Alves.zip
Castro Alves;242,5599999999969;242,4099999999969;5,5478262475335995;118,94684470068;UHE Castro Alves - CAV SNIRH.xlsx;b8f0487a-df73-4f8d-8b22-bb49cf9f3683;https://metadados.snirh.gov.br/files/b8f0487a-df73-4f8d-8b22-bb49cf9f3683/Castro_Alves.zip
Castro Alves;242,5699999999969;242,4199999999969;5,548733972501999;119,00232246534;UHE Castro Alves - CAV SNIRH.xlsx;b8f0487a-df73-4f8d-8b22-bb49cf9f3683;https://metadados.snirh.gov.br/files/b8f0487a-df73-4f8d-8b22-bb49cf9f3683/Castro_Alves.zip
Castro Alves;242,5799999999969;242,42999999999688;5,5496417418;119,05781816082;UHE Castro Alves - CAV SNIRH.xlsx;b8f0487a-df73-4f8d-8b22-bb49cf9f3683;https://metadados.snirh.gov.br/files/b8f0487a-df73-4f8d-8b22-bb49cf9f3683/Castro_Alves.zip
Castro Alves;242,58999999999688;242,43999999999687;5,5505495905858995;119,11331859273;UHE Castro Alves - CAV SNIRH.xlsx;b8f0487a-df73-4f8d-8b22-bb49cf9f3683;https://metadados.snirh.gov.br/files/b8f0487a-df73-4f8d-8b22-bb49cf9f3683/Castro_Alves.zip
Castro Alves;242,59999999999687;242,44999999999686;5,5514574803663;119,16882808672;UHE Castro Alves - CAV SNIRH.xlsx;b8f0487a-df73-4f8d-8b22-bb49cf9f3683;https://metadados.snirh.gov.br/files/b8f0487a-df73-4f8d-8b22-bb49cf9f3683/Castro_Alves.zip
Castro Alves;242,60999999999686;242,45999999999685;5,5523654614027995;119,22434463359;UHE Castro Alves - CAV SNIRH.xlsx;b8f0487a-df73-4f8d-8b22-bb49cf9f3683;https://metadados.snirh.gov.br/files/b8f0487a-df73-4f8d-8b22-bb49cf9f3683/Castro_Alves.zip
Castro Alves;242,61999999999685;242,46999999999684;5,5532734976469;119,27987381074;UHE Castro Alves - CAV SNIRH.xlsx;b8f0487a-df73-4f8d-8b22-bb49cf9f3683;https://metadados.snirh.gov.br/files/b8f0487a-df73-4f8d-8b22-bb49cf9f3683/Castro_Alves.zip
Castro Alves;242,62999999999684;242,47999999999683;5,5541816393395;119,33541188955;UHE Castro Alves - CAV SNIRH.xlsx;b8f0487a-df73-4f8d-8b22-bb49cf9f3683;https://metadados.snirh.gov.br/files/b8f0487a-df73-4f8d-8b22-bb49cf9f3683/Castro_Alves.zip
Castro Alves;242,63999999999683;242,48999999999683;5,5550898648589;119,39096326427;UHE Castro Alves - CAV SNIRH.xlsx;b8f0487a-df73-4f8d-8b22-bb49cf9f3683;https://metadados.snirh.gov.br/files/b8f0487a-df73-4f8d-8b22-bb49cf9f3683/Castro_Alves.zip
Castro Alves;242,64999999999682;242,49999999999682;5,5559982474956;119,44652180337;UHE Castro Alves - CAV SNIRH.xlsx;b8f0487a-df73-4f8d-8b22-bb49cf9f3683;https://metadados.snirh.gov.br/files/b8f0487a-df73-4f8d-8b22-bb49cf9f3683/Castro_Alves.zip
Castro Alves;242,6599999999968;242,5099999999968;5,5569066786347;119,50208438144;UHE Castro Alves - CAV SNIRH.xlsx;b8f0487a-df73-4f8d-8b22-bb49cf9f3683;https://metadados.snirh.gov.br/files/b8f0487a-df73-4f8d-8b22-bb49cf9f3683/Castro_Alves.zip
Castro Alves;242,6699999999968;242,5199999999968;5,5578152185167;119,55765922469;UHE Castro Alves - CAV SNIRH.xlsx;b8f0487a-df73-4f8d-8b22-bb49cf9f3683;https://metadados.snirh.gov.br/files/b8f0487a-df73-4f8d-8b22-bb49cf9f3683/Castro_Alves.zip
Castro Alves;242,6799999999968;242,5299999999968;5,558723837883;119,6132449794;UHE Castro Alves - CAV SNIRH.xlsx;b8f0487a-df73-4f8d-8b22-bb49cf9f3683;https://metadados.snirh.gov.br/files/b8f0487a-df73-4f8d-8b22-bb49cf9f3683/Castro_Alves.zip
Castro Alves;242,6899999999968;242,53999999999678;5,5596326263127;119,66884094496;UHE Castro Alves - CAV SNIRH.xlsx;b8f0487a-df73-4f8d-8b22-bb49cf9f3683;https://metadados.snirh.gov.br/files/b8f0487a-df73-4f8d-8b22-bb49cf9f3683/Castro_Alves.zip
Castro Alves;242,69999999999678;242,54999999999677;5,5605415370882;119,72444241513;UHE Castro Alves - CAV SNIRH.xlsx;b8f0487a-df73-4f8d-8b22-bb49cf9f3683;https://metadados.snirh.gov.br/files/b8f0487a-df73-4f8d-8b22-bb49cf9f3683/Castro_Alves.zip
Castro Alves;242,70999999999677;242,55999999999676;5,5614505491341;119,78004974509;UHE Castro Alves - CAV SNIRH.xlsx;b8f0487a-df73-4f8d-8b22-bb49cf9f3683;https://metadados.snirh.gov.br/files/b8f0487a-df73-4f8d-8b22-bb49cf9f3683/Castro_Alves.zip
Castro Alves;242,71999999999676;242,56999999999675;5,5623596400574;119,83566577687999;UHE Castro Alves - CAV SNIRH.xlsx;b8f0487a-df73-4f8d-8b22-bb49cf9f3683;https://metadados.snirh.gov.br/files/b8f0487a-df73-4f8d-8b22-bb49cf9f3683/Castro_Alves.zip
Castro Alves;242,72999999999675;242,57999999999674;5,5632689179873;119,89129258685;UHE Castro Alves - CAV SNIRH.xlsx;b8f0487a-df73-4f8d-8b22-bb49cf9f3683;https://metadados.snirh.gov.br/files/b8f0487a-df73-4f8d-8b22-bb49cf9f3683/Castro_Alves.zip
Castro Alves;242,73999999999674;242,58999999999673;5,5641783461324;119,94692856848;UHE Castro Alves - CAV SNIRH.xlsx;b8f0487a-df73-4f8d-8b22-bb49cf9f3683;https://metadados.snirh.gov.br/files/b8f0487a-df73-4f8d-8b22-bb49cf9f3683/Castro_Alves.zip
Castro Alves;242,74999999999673;242,59999999999673;5,565087951848501;120,00257584501;UHE Castro Alves - CAV SNIRH.xlsx;b8f0487a-df73-4f8d-8b22-bb49cf9f3683;https://metadados.snirh.gov.br/files/b8f0487a-df73-4f8d-8b22-bb49cf9f3683/Castro_Alves.zip
Castro Alves;242,75999999999672;242,60999999999672;5,565997706209;120,05822613564999;UHE Castro Alves - CAV SNIRH.xlsx;b8f0487a-df73-4f8d-8b22-bb49cf9f3683;https://metadados.snirh.gov.br/files/b8f0487a-df73-4f8d-8b22-bb49cf9f3683/Castro_Alves.zip
Castro Alves;242,7699999999967;242,6199999999967;5,5669076404095;120,11389484192;UHE Castro Alves - CAV SNIRH.xlsx;b8f0487a-df73-4f8d-8b22-bb49cf9f3683;https://metadados.snirh.gov.br/files/b8f0487a-df73-4f8d-8b22-bb49cf9f3683/Castro_Alves.zip
Castro Alves;242,7799999999967;242,6299999999967;5,5678177876725;120,16956272189;UHE Castro Alves - CAV SNIRH.xlsx;b8f0487a-df73-4f8d-8b22-bb49cf9f3683;https://metadados.snirh.gov.br/files/b8f0487a-df73-4f8d-8b22-bb49cf9f3683/Castro_Alves.zip
Castro Alves;242,7899999999967;242,6399999999967;5,5687281410966;120,22524676162;UHE Castro Alves - CAV SNIRH.xlsx;b8f0487a-df73-4f8d-8b22-bb49cf9f3683;https://metadados.snirh.gov.br/files/b8f0487a-df73-4f8d-8b22-bb49cf9f3683/Castro_Alves.zip
Castro Alves;242,7999999999967;242,64999999999668;5,569642907874;120,28094150702;UHE Castro Alves - CAV SNIRH.xlsx;b8f0487a-df73-4f8d-8b22-bb49cf9f3683;https://metadados.snirh.gov.br/files/b8f0487a-df73-4f8d-8b22-bb49cf9f3683/Castro_Alves.zip
Castro Alves;242,80999999999668;242,65999999999667;5,570559685869299;120,33663681095;UHE Castro Alves - CAV SNIRH.xlsx;b8f0487a-df73-4f8d-8b22-bb49cf9f3683;https://metadados.snirh.gov.br/files/b8f0487a-df73-4f8d-8b22-bb49cf9f3683/Castro_Alves.zip
Castro Alves;242,81999999999667;242,66999999999666;5,5714768937286;120,39234746159;UHE Castro Alves - CAV SNIRH.xlsx;b8f0487a-df73-4f8d-8b22-bb49cf9f3683;https://metadados.snirh.gov.br/files/b8f0487a-df73-4f8d-8b22-bb49cf9f3683/Castro_Alves.zip
Castro Alves;242,82999999999666;242,67999999999665;5,5723942916954;120,4480634737;UHE Castro Alves - CAV SNIRH.xlsx;b8f0487a-df73-4f8d-8b22-bb49cf9f3683;https://metadados.snirh.gov.br/files/b8f0487a-df73-4f8d-8b22-bb49cf9f3683/Castro_Alves.zip
Castro Alves;242,83999999999665;242,68999999999664;5,5733122631733;120,50379117973999;UHE Castro Alves - CAV SNIRH.xlsx;b8f0487a-df73-4f8d-8b22-bb49cf9f3683;https://metadados.snirh.gov.br/files/b8f0487a-df73-4f8d-8b22-bb49cf9f3683/Castro_Alves.zip
Castro Alves;242,84999999999664;242,69999999999663;5,5742302908188;120,55952864711;UHE Castro Alves - CAV SNIRH.xlsx;b8f0487a-df73-4f8d-8b22-bb49cf9f3683;https://metadados.snirh.gov.br/files/b8f0487a-df73-4f8d-8b22-bb49cf9f3683/Castro_Alves.zip
Castro Alves;242,85999999999663;242,70999999999663;5,5751487652758;120,61527608966;UHE Castro Alves - CAV SNIRH.xlsx;b8f0487a-df73-4f8d-8b22-bb49cf9f3683;https://metadados.snirh.gov.br/files/b8f0487a-df73-4f8d-8b22-bb49cf9f3683/Castro_Alves.zip
Castro Alves;242,86999999999662;242,71999999999662;5,5760674712305;120,67102866428;UHE Castro Alves - CAV SNIRH.xlsx;b8f0487a-df73-4f8d-8b22-bb49cf9f3683;https://metadados.snirh.gov.br/files/b8f0487a-df73-4f8d-8b22-bb49cf9f3683/Castro_Alves.zip
Castro Alves;242,8799999999966;242,7299999999966;5,5769866121701;120,72679571708;UHE Castro Alves - CAV SNIRH.xlsx;b8f0487a-df73-4f8d-8b22-bb49cf9f3683;https://metadados.snirh.gov.br/files/b8f0487a-df73-4f8d-8b22-bb49cf9f3683/Castro_Alves.zip
Castro Alves;242,8899999999966;242,7399999999966;5,5779061226603;120,78257477434;UHE Castro Alves - CAV SNIRH.xlsx;b8f0487a-df73-4f8d-8b22-bb49cf9f3683;https://metadados.snirh.gov.br/files/b8f0487a-df73-4f8d-8b22-bb49cf9f3683/Castro_Alves.zip
Castro Alves;242,8999999999966;242,7499999999966;5,5788259876718;120,83836465377;UHE Castro Alves - CAV SNIRH.xlsx;b8f0487a-df73-4f8d-8b22-bb49cf9f3683;https://metadados.snirh.gov.br/files/b8f0487a-df73-4f8d-8b22-bb49cf9f3683/Castro_Alves.zip
Castro Alves;242,9099999999966;242,75999999999658;5,579746179942901;120,89416126507001;UHE Castro Alves - CAV SNIRH.xlsx;b8f0487a-df73-4f8d-8b22-bb49cf9f3683;https://metadados.snirh.gov.br/files/b8f0487a-df73-4f8d-8b22-bb49cf9f3683/Castro_Alves.zip
Castro Alves;242,91999999999658;242,76999999999657;5,5806667615620995;120,94996254153;UHE Castro Alves - CAV SNIRH.xlsx;b8f0487a-df73-4f8d-8b22-bb49cf9f3683;https://metadados.snirh.gov.br/files/b8f0487a-df73-4f8d-8b22-bb49cf9f3683/Castro_Alves.zip
Castro Alves;242,92999999999657;242,77999999999656;5,5815880345796005;121,00576902669;UHE Castro Alves - CAV SNIRH.xlsx;b8f0487a-df73-4f8d-8b22-bb49cf9f3683;https://metadados.snirh.gov.br/files/b8f0487a-df73-4f8d-8b22-bb49cf9f3683/Castro_Alves.zip
Castro Alves;242,93999999999656;242,78999999999655;5,5825097809213;121,06159314965;UHE Castro Alves - CAV SNIRH.xlsx;b8f0487a-df73-4f8d-8b22-bb49cf9f3683;https://metadados.snirh.gov.br/files/b8f0487a-df73-4f8d-8b22-bb49cf9f3683/Castro_Alves.zip
Castro Alves;242,94999999999655;242,79999999999654;5,5834318059941;121,11742058414;UHE Castro Alves - CAV SNIRH.xlsx;b8f0487a-df73-4f8d-8b22-bb49cf9f3683;https://metadados.snirh.gov.br/files/b8f0487a-df73-4f8d-8b22-bb49cf9f3683/Castro_Alves.zip
Castro Alves;242,95999999999654;242,80999999999653;5,5843543904857995;121,17325954911;UHE Castro Alves - CAV SNIRH.xlsx;b8f0487a-df73-4f8d-8b22-bb49cf9f3683;https://metadados.snirh.gov.br/files/b8f0487a-df73-4f8d-8b22-bb49cf9f3683/Castro_Alves.zip
Castro Alves;242,96999999999653;242,81999999999653;5,5852777765915;121,22910503527001;UHE Castro Alves - CAV SNIRH.xlsx;b8f0487a-df73-4f8d-8b22-bb49cf9f3683;https://metadados.snirh.gov.br/files/b8f0487a-df73-4f8d-8b22-bb49cf9f3683/Castro_Alves.zip
Castro Alves;242,97999999999652;242,82999999999652;5,5862021265007;121,28496747746;UHE Castro Alves - CAV SNIRH.xlsx;b8f0487a-df73-4f8d-8b22-bb49cf9f3683;https://metadados.snirh.gov.br/files/b8f0487a-df73-4f8d-8b22-bb49cf9f3683/Castro_Alves.zip
Castro Alves;242,9899999999965;242,8399999999965;5,5871272351284995;121,34083350976;UHE Castro Alves - CAV SNIRH.xlsx;b8f0487a-df73-4f8d-8b22-bb49cf9f3683;https://metadados.snirh.gov.br/files/b8f0487a-df73-4f8d-8b22-bb49cf9f3683/Castro_Alves.zip
Castro Alves;242,9999999999965;242,8499999999965;5,5880537903634995;121,39670640403999;UHE Castro Alves - CAV SNIRH.xlsx;b8f0487a-df73-4f8d-8b22-bb49cf9f3683;https://metadados.snirh.gov.br/files/b8f0487a-df73-4f8d-8b22-bb49cf9f3683/Castro_Alves.zip
Castro Alves;243,0099999999965;242,8599999999965;5,588982323733;121,45259347653;UHE Castro Alves - CAV SNIRH.xlsx;b8f0487a-df73-4f8d-8b22-bb49cf9f3683;https://metadados.snirh.gov.br/files/b8f0487a-df73-4f8d-8b22-bb49cf9f3683/Castro_Alves.zip
Castro Alves;243,0199999999965;242,86999999999648;5,5899150813755005;121,50848849929001;UHE Castro Alves - CAV SNIRH.xlsx;b8f0487a-df73-4f8d-8b22-bb49cf9f3683;https://metadados.snirh.gov.br/files/b8f0487a-df73-4f8d-8b22-bb49cf9f3683/Castro_Alves.zip
Castro Alves;243,02999999999648;242,87999999999647;5,590843976255799;121,56439763768999;UHE Castro Alves - CAV SNIRH.xlsx;b8f0487a-df73-4f8d-8b22-bb49cf9f3683;https://metadados.snirh.gov.br/files/b8f0487a-df73-4f8d-8b22-bb49cf9f3683/Castro_Alves.zip
Castro Alves;243,03999999999647;242,88999999999646;5,591786590237501;121,62031068809999;UHE Castro Alves - CAV SNIRH.xlsx;b8f0487a-df73-4f8d-8b22-bb49cf9f3683;https://metadados.snirh.gov.br/files/b8f0487a-df73-4f8d-8b22-bb49cf9f3683/Castro_Alves.zip
Castro Alves;243,04999999999646;242,89999999999645;5,5927330929185;121,67623274648;UHE Castro Alves - CAV SNIRH.xlsx;b8f0487a-df73-4f8d-8b22-bb49cf9f3683;https://metadados.snirh.gov.br/files/b8f0487a-df73-4f8d-8b22-bb49cf9f3683/Castro_Alves.zip
Castro Alves;243,05999999999645;242,90999999999644;5,593679496984199;121,73216036535;UHE Castro Alves - CAV SNIRH.xlsx;b8f0487a-df73-4f8d-8b22-bb49cf9f3683;https://metadados.snirh.gov.br/files/b8f0487a-df73-4f8d-8b22-bb49cf9f3683/Castro_Alves.zip
Castro Alves;243,06999999999644;242,91999999999643;5,5946258138186;121,78810132815;UHE Castro Alves - CAV SNIRH.xlsx;b8f0487a-df73-4f8d-8b22-bb49cf9f3683;https://metadados.snirh.gov.br/files/b8f0487a-df73-4f8d-8b22-bb49cf9f3683/Castro_Alves.zip
Castro Alves;243,07999999999643;242,92999999999643;5,5955718436183;121,84404853677;UHE Castro Alves - CAV SNIRH.xlsx;b8f0487a-df73-4f8d-8b22-bb49cf9f3683;https://metadados.snirh.gov.br/files/b8f0487a-df73-4f8d-8b22-bb49cf9f3683/Castro_Alves.zip
Castro Alves;243,08999999999642;242,93999999999642;5,5965177422216;121,90001060638001;UHE Castro Alves - CAV SNIRH.xlsx;b8f0487a-df73-4f8d-8b22-bb49cf9f3683;https://metadados.snirh.gov.br/files/b8f0487a-df73-4f8d-8b22-bb49cf9f3683/Castro_Alves.zip
Castro Alves;243,0999999999964;242,9499999999964;5,5974637309004;121,95597529579;UHE Castro Alves - CAV SNIRH.xlsx;b8f0487a-df73-4f8d-8b22-bb49cf9f3683;https://metadados.snirh.gov.br/files/b8f0487a-df73-4f8d-8b22-bb49cf9f3683/Castro_Alves.zip
Castro Alves;243,1099999999964;242,9599999999964;5,5984098427743;122,01195283958;UHE Castro Alves - CAV SNIRH.xlsx;b8f0487a-df73-4f8d-8b22-bb49cf9f3683;https://metadados.snirh.gov.br/files/b8f0487a-df73-4f8d-8b22-bb49cf9f3683/Castro_Alves.zip
Castro Alves;243,1199999999964;242,9699999999964;5,5993562752377;122,06793913772;UHE Castro Alves - CAV SNIRH.xlsx;b8f0487a-df73-4f8d-8b22-bb49cf9f3683;https://metadados.snirh.gov.br/files/b8f0487a-df73-4f8d-8b22-bb49cf9f3683/Castro_Alves.zip
Castro Alves;243,1299999999964;242,97999999999638;5,600302882693501;122,12393846552999;UHE Castro Alves - CAV SNIRH.xlsx;b8f0487a-df73-4f8d-8b22-bb49cf9f3683;https://metadados.snirh.gov.br/files/b8f0487a-df73-4f8d-8b22-bb49cf9f3683/Castro_Alves.zip
Castro Alves;243,13999999999638;242,98999999999637;5,601250040003101;122,17994284551001;UHE Castro Alves - CAV SNIRH.xlsx;b8f0487a-df73-4f8d-8b22-bb49cf9f3683;https://metadados.snirh.gov.br/files/b8f0487a-df73-4f8d-8b22-bb49cf9f3683/Castro_Alves.zip
Castro Alves;243,14999999999637;242,99999999999636;5,6021974898946;122,23595410987001;UHE Castro Alves - CAV SNIRH.xlsx;b8f0487a-df73-4f8d-8b22-bb49cf9f3683;https://metadados.snirh.gov.br/files/b8f0487a-df73-4f8d-8b22-bb49cf9f3683/Castro_Alves.zip
Castro Alves;243,15999999999636;243,00999999999635;5,6031455869843;122,29197863665;UHE Castro Alves - CAV SNIRH.xlsx;b8f0487a-df73-4f8d-8b22-bb49cf9f3683;https://metadados.snirh.gov.br/files/b8f0487a-df73-4f8d-8b22-bb49cf9f3683/Castro_Alves.zip
Castro Alves;243,16999999999635;243,01999999999634;5,6040942085306;122,34801125654;UHE Castro Alves - CAV SNIRH.xlsx;b8f0487a-df73-4f8d-8b22-bb49cf9f3683;https://metadados.snirh.gov.br/files/b8f0487a-df73-4f8d-8b22-bb49cf9f3683/Castro_Alves.zip
Castro Alves;243,17999999999634;243,02999999999633;5,605043684252999;122,40405943942;UHE Castro Alves - CAV SNIRH.xlsx;b8f0487a-df73-4f8d-8b22-bb49cf9f3683;https://metadados.snirh.gov.br/files/b8f0487a-df73-4f8d-8b22-bb49cf9f3683/Castro_Alves.zip
Castro Alves;243,18999999999633;243,03999999999633;5,6059940368726;122,46011699152;UHE Castro Alves - CAV SNIRH.xlsx;b8f0487a-df73-4f8d-8b22-bb49cf9f3683;https://metadados.snirh.gov.br/files/b8f0487a-df73-4f8d-8b22-bb49cf9f3683/Castro_Alves.zip
Castro Alves;243,19999999999632;243,04999999999632;5,6069457175484;122,51617920454;UHE Castro Alves - CAV SNIRH.xlsx;b8f0487a-df73-4f8d-8b22-bb49cf9f3683;https://metadados.snirh.gov.br/files/b8f0487a-df73-4f8d-8b22-bb49cf9f3683/Castro_Alves.zip
Castro Alves;243,2099999999963;243,0599999999963;5,607898460730699;122,57225762211999;UHE Castro Alves - CAV SNIRH.xlsx;b8f0487a-df73-4f8d-8b22-bb49cf9f3683;https://metadados.snirh.gov.br/files/b8f0487a-df73-4f8d-8b22-bb49cf9f3683/Castro_Alves.zip
Castro Alves;243,2199999999963;243,0699999999963;5,6088529076643;122,62834091983;UHE Castro Alves - CAV SNIRH.xlsx;b8f0487a-df73-4f8d-8b22-bb49cf9f3683;https://metadados.snirh.gov.br/files/b8f0487a-df73-4f8d-8b22-bb49cf9f3683/Castro_Alves.zip
Castro Alves;243,2299999999963;243,0799999999963;5,6098099093175;122,68443326228;UHE Castro Alves - CAV SNIRH.xlsx;b8f0487a-df73-4f8d-8b22-bb49cf9f3683;https://metadados.snirh.gov.br/files/b8f0487a-df73-4f8d-8b22-bb49cf9f3683/Castro_Alves.zip
Castro Alves;243,2399999999963;243,08999999999628;5,6107699378169;122,74053242195;UHE Castro Alves - CAV SNIRH.xlsx;b8f0487a-df73-4f8d-8b22-bb49cf9f3683;https://metadados.snirh.gov.br/files/b8f0487a-df73-4f8d-8b22-bb49cf9f3683/Castro_Alves.zip
Castro Alves;243,24999999999628;243,09999999999627;5,611735768493;122,79664494649;UHE Castro Alves - CAV SNIRH.xlsx;b8f0487a-df73-4f8d-8b22-bb49cf9f3683;https://metadados.snirh.gov.br/files/b8f0487a-df73-4f8d-8b22-bb49cf9f3683/Castro_Alves.zip
Castro Alves;243,25999999999627;243,10999999999626;5,6127139455337005;122,85277043152;UHE Castro Alves - CAV SNIRH.xlsx;b8f0487a-df73-4f8d-8b22-bb49cf9f3683;https://metadados.snirh.gov.br/files/b8f0487a-df73-4f8d-8b22-bb49cf9f3683/Castro_Alves.zip
Castro Alves;243,26999999999626;243,11999999999625;5,613679264247501;122,9089005844;UHE Castro Alves - CAV SNIRH.xlsx;b8f0487a-df73-4f8d-8b22-bb49cf9f3683;https://metadados.snirh.gov.br/files/b8f0487a-df73-4f8d-8b22-bb49cf9f3683/Castro_Alves.zip
Castro Alves;243,27999999999625;243,12999999999624;5,614639183053099;122,96505001253;UHE Castro Alves - CAV SNIRH.xlsx;b8f0487a-df73-4f8d-8b22-bb49cf9f3683;https://metadados.snirh.gov.br/files/b8f0487a-df73-4f8d-8b22-bb49cf9f3683/Castro_Alves.zip
Castro Alves;243,28999999999624;243,13999999999623;5,6155961533603;123,02119487454;UHE Castro Alves - CAV SNIRH.xlsx;b8f0487a-df73-4f8d-8b22-bb49cf9f3683;https://metadados.snirh.gov.br/files/b8f0487a-df73-4f8d-8b22-bb49cf9f3683/Castro_Alves.zip
Castro Alves;243,29999999999623;243,14999999999623;5,6165509243376;123,07734990803;UHE Castro Alves - CAV SNIRH.xlsx;b8f0487a-df73-4f8d-8b22-bb49cf9f3683;https://metadados.snirh.gov.br/files/b8f0487a-df73-4f8d-8b22-bb49cf9f3683/Castro_Alves.zip
Castro Alves;243,30999999999622;243,15999999999622;5,617503672394401;123,13351896606;UHE Castro Alves - CAV SNIRH.xlsx;b8f0487a-df73-4f8d-8b22-bb49cf9f3683;https://metadados.snirh.gov.br/files/b8f0487a-df73-4f8d-8b22-bb49cf9f3683/Castro_Alves.zip
Castro Alves;243,3199999999962;243,1699999999962;5,618454710354199;123,18969670936;UHE Castro Alves - CAV SNIRH.xlsx;b8f0487a-df73-4f8d-8b22-bb49cf9f3683;https://metadados.snirh.gov.br/files/b8f0487a-df73-4f8d-8b22-bb49cf9f3683/Castro_Alves.zip
Castro Alves;243,3299999999962;243,1799999999962;5,6194041297512;123,24589068527999;UHE Castro Alves - CAV SNIRH.xlsx;b8f0487a-df73-4f8d-8b22-bb49cf9f3683;https://metadados.snirh.gov.br/files/b8f0487a-df73-4f8d-8b22-bb49cf9f3683/Castro_Alves.zip
Castro Alves;243,3399999999962;243,1899999999962;5,6203519479235995;123,30209309496;UHE Castro Alves - CAV SNIRH.xlsx;b8f0487a-df73-4f8d-8b22-bb49cf9f3683;https://metadados.snirh.gov.br/files/b8f0487a-df73-4f8d-8b22-bb49cf9f3683/Castro_Alves.zip
Castro Alves;243,3499999999962;243,19999999999618;5,6212981759965;123,35830406932;UHE Castro Alves - CAV SNIRH.xlsx;b8f0487a-df73-4f8d-8b22-bb49cf9f3683;https://metadados.snirh.gov.br/files/b8f0487a-df73-4f8d-8b22-bb49cf9f3683/Castro_Alves.zip
Castro Alves;243,35999999999618;243,20999999999617;5,6222428224855;123,41452045984;UHE Castro Alves - CAV SNIRH.xlsx;b8f0487a-df73-4f8d-8b22-bb49cf9f3683;https://metadados.snirh.gov.br/files/b8f0487a-df73-4f8d-8b22-bb49cf9f3683/Castro_Alves.zip
Castro Alves;243,36999999999617;243,21999999999616;5,623185925273501;123,47075163646001;UHE Castro Alves - CAV SNIRH.xlsx;b8f0487a-df73-4f8d-8b22-bb49cf9f3683;https://metadados.snirh.gov.br/files/b8f0487a-df73-4f8d-8b22-bb49cf9f3683/Castro_Alves.zip
Castro Alves;243,37999999999616;243,22999999999615;5,624127559553;123,52698298995;UHE Castro Alves - CAV SNIRH.xlsx;b8f0487a-df73-4f8d-8b22-bb49cf9f3683;https://metadados.snirh.gov.br/files/b8f0487a-df73-4f8d-8b22-bb49cf9f3683/Castro_Alves.zip
Castro Alves;243,38999999999615;243,23999999999614;5,625067701273901;123,58322705561;UHE Castro Alves - CAV SNIRH.xlsx;b8f0487a-df73-4f8d-8b22-bb49cf9f3683;https://metadados.snirh.gov.br/files/b8f0487a-df73-4f8d-8b22-bb49cf9f3683/Castro_Alves.zip
Castro Alves;243,39999999999614;243,24999999999613;5,6260065168301;123,63948537873999;UHE Castro Alves - CAV SNIRH.xlsx;b8f0487a-df73-4f8d-8b22-bb49cf9f3683;https://metadados.snirh.gov.br/files/b8f0487a-df73-4f8d-8b22-bb49cf9f3683/Castro_Alves.zip
Castro Alves;243,40999999999613;243,25999999999613;5,6269440709318;123,69575179159;UHE Castro Alves - CAV SNIRH.xlsx;b8f0487a-df73-4f8d-8b22-bb49cf9f3683;https://metadados.snirh.gov.br/files/b8f0487a-df73-4f8d-8b22-bb49cf9f3683/Castro_Alves.zip
Castro Alves;243,41999999999612;243,26999999999612;5,6278805235598;123,75202144046999;UHE Castro Alves - CAV SNIRH.xlsx;b8f0487a-df73-4f8d-8b22-bb49cf9f3683;https://metadados.snirh.gov.br/files/b8f0487a-df73-4f8d-8b22-bb49cf9f3683/Castro_Alves.zip
Castro Alves;243,4299999999961;243,2799999999961;5,6288159908097;123,80831056656;UHE Castro Alves - CAV SNIRH.xlsx;b8f0487a-df73-4f8d-8b22-bb49cf9f3683;https://metadados.snirh.gov.br/files/b8f0487a-df73-4f8d-8b22-bb49cf9f3683/Castro_Alves.zip
Castro Alves;243,4399999999961;243,2899999999961;5,6297505403043;123,86460267126999;UHE Castro Alves - CAV SNIRH.xlsx;b8f0487a-df73-4f8d-8b22-bb49cf9f3683;https://metadados.snirh.gov.br/files/b8f0487a-df73-4f8d-8b22-bb49cf9f3683/Castro_Alves.zip
Castro Alves;243,4499999999961;243,2999999999961;5,6306841423781995;123,92090233831;UHE Castro Alves - CAV SNIRH.xlsx;b8f0487a-df73-4f8d-8b22-bb49cf9f3683;https://metadados.snirh.gov.br/files/b8f0487a-df73-4f8d-8b22-bb49cf9f3683/Castro_Alves.zip
Castro Alves;243,45999999999609;243,30999999999608;5,6316169229713;123,97721486327;UHE Castro Alves - CAV SNIRH.xlsx;b8f0487a-df73-4f8d-8b22-bb49cf9f3683;https://metadados.snirh.gov.br/files/b8f0487a-df73-4f8d-8b22-bb49cf9f3683/Castro_Alves.zip
Castro Alves;243,46999999999608;243,31999999999607;5,6325490045106;124,03353895776;UHE Castro Alves - CAV SNIRH.xlsx;b8f0487a-df73-4f8d-8b22-bb49cf9f3683;https://metadados.snirh.gov.br/files/b8f0487a-df73-4f8d-8b22-bb49cf9f3683/Castro_Alves.zip
Castro Alves;243,47999999999607;243,32999999999606;5,6334803991474;124,08987160058001;UHE Castro Alves - CAV SNIRH.xlsx;b8f0487a-df73-4f8d-8b22-bb49cf9f3683;https://metadados.snirh.gov.br/files/b8f0487a-df73-4f8d-8b22-bb49cf9f3683/Castro_Alves.zip
Castro Alves;243,48999999999606;243,33999999999605;5,634411134221;124,14620356328;UHE Castro Alves - CAV SNIRH.xlsx;b8f0487a-df73-4f8d-8b22-bb49cf9f3683;https://metadados.snirh.gov.br/files/b8f0487a-df73-4f8d-8b22-bb49cf9f3683/Castro_Alves.zip
Castro Alves;243,49999999999605;243,34999999999604;5,635341226071899;124,20254887931999;UHE Castro Alves - CAV SNIRH.xlsx;b8f0487a-df73-4f8d-8b22-bb49cf9f3683;https://metadados.snirh.gov.br/files/b8f0487a-df73-4f8d-8b22-bb49cf9f3683/Castro_Alves.zip
Castro Alves;243,50999999999604;243,35999999999603;5,6362707328437;124,25890356189001;UHE Castro Alves - CAV SNIRH.xlsx;b8f0487a-df73-4f8d-8b22-bb49cf9f3683;https://metadados.snirh.gov.br/files/b8f0487a-df73-4f8d-8b22-bb49cf9f3683/Castro_Alves.zip
Castro Alves;243,51999999999603;243,36999999999603;5,637199739849001;124,31527376048;UHE Castro Alves - CAV SNIRH.xlsx;b8f0487a-df73-4f8d-8b22-bb49cf9f3683;https://metadados.snirh.gov.br/files/b8f0487a-df73-4f8d-8b22-bb49cf9f3683/Castro_Alves.zip
Castro Alves;243,52999999999602;243,37999999999602;5,6381282551181;124,37165348286;UHE Castro Alves - CAV SNIRH.xlsx;b8f0487a-df73-4f8d-8b22-bb49cf9f3683;https://metadados.snirh.gov.br/files/b8f0487a-df73-4f8d-8b22-bb49cf9f3683/Castro_Alves.zip
Castro Alves;243,539999999996;243,389999999996;5,6390562460583995;124,42804150123;UHE Castro Alves - CAV SNIRH.xlsx;b8f0487a-df73-4f8d-8b22-bb49cf9f3683;https://metadados.snirh.gov.br/files/b8f0487a-df73-4f8d-8b22-bb49cf9f3683/Castro_Alves.zip
Castro Alves;243,549999999996;243,399999999996;5,6399837698416;124,48443228122001;UHE Castro Alves - CAV SNIRH.xlsx;b8f0487a-df73-4f8d-8b22-bb49cf9f3683;https://metadados.snirh.gov.br/files/b8f0487a-df73-4f8d-8b22-bb49cf9f3683/Castro_Alves.zip
Castro Alves;243,559999999996;243,409999999996;5,640910896216001;124,54083689656;UHE Castro Alves - CAV SNIRH.xlsx;b8f0487a-df73-4f8d-8b22-bb49cf9f3683;https://metadados.snirh.gov.br/files/b8f0487a-df73-4f8d-8b22-bb49cf9f3683/Castro_Alves.zip
Castro Alves;243,56999999999599;243,41999999999598;5,641837639768299;124,59725530752;UHE Castro Alves - CAV SNIRH.xlsx;b8f0487a-df73-4f8d-8b22-bb49cf9f3683;https://metadados.snirh.gov.br/files/b8f0487a-df73-4f8d-8b22-bb49cf9f3683/Castro_Alves.zip
Castro Alves;243,57999999999598;243,42999999999597;5,6427639776606995;124,65367863367;UHE Castro Alves - CAV SNIRH.xlsx;b8f0487a-df73-4f8d-8b22-bb49cf9f3683;https://metadados.snirh.gov.br/files/b8f0487a-df73-4f8d-8b22-bb49cf9f3683/Castro_Alves.zip
Castro Alves;243,58999999999597;243,43999999999596;5,6436899241886;124,71011077486999;UHE Castro Alves - CAV SNIRH.xlsx;b8f0487a-df73-4f8d-8b22-bb49cf9f3683;https://metadados.snirh.gov.br/files/b8f0487a-df73-4f8d-8b22-bb49cf9f3683/Castro_Alves.zip
Castro Alves;243,59999999999596;243,44999999999595;5,644616101884701;124,76655675596;UHE Castro Alves - CAV SNIRH.xlsx;b8f0487a-df73-4f8d-8b22-bb49cf9f3683;https://metadados.snirh.gov.br/files/b8f0487a-df73-4f8d-8b22-bb49cf9f3683/Castro_Alves.zip
Castro Alves;243,60999999999595;243,45999999999594;5,6455493892607995;124,82300207139001;UHE Castro Alves - CAV SNIRH.xlsx;b8f0487a-df73-4f8d-8b22-bb49cf9f3683;https://metadados.snirh.gov.br/files/b8f0487a-df73-4f8d-8b22-bb49cf9f3683/Castro_Alves.zip
Castro Alves;243,61999999999594;243,46999999999593;5,6464823386556;124,87946134133;UHE Castro Alves - CAV SNIRH.xlsx;b8f0487a-df73-4f8d-8b22-bb49cf9f3683;https://metadados.snirh.gov.br/files/b8f0487a-df73-4f8d-8b22-bb49cf9f3683/Castro_Alves.zip
Castro Alves;243,62999999999593;243,47999999999593;5,6474152666558;124,93592728212;UHE Castro Alves - CAV SNIRH.xlsx;b8f0487a-df73-4f8d-8b22-bb49cf9f3683;https://metadados.snirh.gov.br/files/b8f0487a-df73-4f8d-8b22-bb49cf9f3683/Castro_Alves.zip
Castro Alves;243,63999999999592;243,48999999999592;5,6483477826406;124,99240497163001;UHE Castro Alves - CAV SNIRH.xlsx;b8f0487a-df73-4f8d-8b22-bb49cf9f3683;https://metadados.snirh.gov.br/files/b8f0487a-df73-4f8d-8b22-bb49cf9f3683/Castro_Alves.zip
Castro Alves;243,6499999999959;243,4999999999959;5,6492802282376005;125,04889436286999;UHE Castro Alves - CAV SNIRH.xlsx;b8f0487a-df73-4f8d-8b22-bb49cf9f3683;https://metadados.snirh.gov.br/files/b8f0487a-df73-4f8d-8b22-bb49cf9f3683/Castro_Alves.zip
Castro Alves;243,6599999999959;243,5099999999959;5,6502124807143;125,10538670366999;UHE Castro Alves - CAV SNIRH.xlsx;b8f0487a-df73-4f8d-8b22-bb49cf9f3683;https://metadados.snirh.gov.br/files/b8f0487a-df73-4f8d-8b22-bb49cf9f3683/Castro_Alves.zip
Castro Alves;243,6699999999959;243,5199999999959;5,6511445002807;125,16189077204;UHE Castro Alves - CAV SNIRH.xlsx;b8f0487a-df73-4f8d-8b22-bb49cf9f3683;https://metadados.snirh.gov.br/files/b8f0487a-df73-4f8d-8b22-bb49cf9f3683/Castro_Alves.zip
Castro Alves;243,67999999999589;243,52999999999588;5,652076336932599;125,21840465910999;UHE Castro Alves - CAV SNIRH.xlsx;b8f0487a-df73-4f8d-8b22-bb49cf9f3683;https://metadados.snirh.gov.br/files/b8f0487a-df73-4f8d-8b22-bb49cf9f3683/Castro_Alves.zip
Castro Alves;243,68999999999588;243,53999999999587;5,6530079801304;125,27492941866;UHE Castro Alves - CAV SNIRH.xlsx;b8f0487a-df73-4f8d-8b22-bb49cf9f3683;https://metadados.snirh.gov.br/files/b8f0487a-df73-4f8d-8b22-bb49cf9f3683/Castro_Alves.zip
Castro Alves;243,69999999999587;243,54999999999586;5,6539395685552;125,33146796222;UHE Castro Alves - CAV SNIRH.xlsx;b8f0487a-df73-4f8d-8b22-bb49cf9f3683;https://metadados.snirh.gov.br/files/b8f0487a-df73-4f8d-8b22-bb49cf9f3683/Castro_Alves.zip
Castro Alves;243,70999999999586;243,55999999999585;5,6548710146669;125,38800676892001;UHE Castro Alves - CAV SNIRH.xlsx;b8f0487a-df73-4f8d-8b22-bb49cf9f3683;https://metadados.snirh.gov.br/files/b8f0487a-df73-4f8d-8b22-bb49cf9f3683/Castro_Alves.zip
Castro Alves;243,71999999999585;243,56999999999584;5,6558022340279;125,44456056364;UHE Castro Alves - CAV SNIRH.xlsx;b8f0487a-df73-4f8d-8b22-bb49cf9f3683;https://metadados.snirh.gov.br/files/b8f0487a-df73-4f8d-8b22-bb49cf9f3683/Castro_Alves.zip
Castro Alves;243,72999999999584;243,57999999999583;5,6567334103058995;125,5011257119;UHE Castro Alves - CAV SNIRH.xlsx;b8f0487a-df73-4f8d-8b22-bb49cf9f3683;https://metadados.snirh.gov.br/files/b8f0487a-df73-4f8d-8b22-bb49cf9f3683/Castro_Alves.zip
Castro Alves;243,73999999999583;243,58999999999583;5,6576645300166;125,55769794995999;UHE Castro Alves - CAV SNIRH.xlsx;b8f0487a-df73-4f8d-8b22-bb49cf9f3683;https://metadados.snirh.gov.br/files/b8f0487a-df73-4f8d-8b22-bb49cf9f3683/Castro_Alves.zip
Castro Alves;243,74999999999582;243,59999999999582;5,6585956147977;125,61427799654;UHE Castro Alves - CAV SNIRH.xlsx;b8f0487a-df73-4f8d-8b22-bb49cf9f3683;https://metadados.snirh.gov.br/files/b8f0487a-df73-4f8d-8b22-bb49cf9f3683/Castro_Alves.zip
Castro Alves;243,7599999999958;243,6099999999958;5,6595265414494;125,67086826130999;UHE Castro Alves - CAV SNIRH.xlsx;b8f0487a-df73-4f8d-8b22-bb49cf9f3683;https://metadados.snirh.gov.br/files/b8f0487a-df73-4f8d-8b22-bb49cf9f3683/Castro_Alves.zip
Castro Alves;243,7699999999958;243,6199999999958;5,6604573802965;125,7274710998;UHE Castro Alves - CAV SNIRH.xlsx;b8f0487a-df73-4f8d-8b22-bb49cf9f3683;https://metadados.snirh.gov.br/files/b8f0487a-df73-4f8d-8b22-bb49cf9f3683/Castro_Alves.zip
Castro Alves;243,7799999999958;243,6299999999958;5,6613882148700005;125,78408628853;UHE Castro Alves - CAV SNIRH.xlsx;b8f0487a-df73-4f8d-8b22-bb49cf9f3683;https://metadados.snirh.gov.br/files/b8f0487a-df73-4f8d-8b22-bb49cf9f3683/Castro_Alves.zip
Castro Alves;243,78999999999579;243,63999999999578;5,662319075680901;125,84070072172;UHE Castro Alves - CAV SNIRH.xlsx;b8f0487a-df73-4f8d-8b22-bb49cf9f3683;https://metadados.snirh.gov.br/files/b8f0487a-df73-4f8d-8b22-bb49cf9f3683/Castro_Alves.zip
Castro Alves;243,79999999999578;243,64999999999577;5,663249846496099;125,89733248489;UHE Castro Alves - CAV SNIRH.xlsx;b8f0487a-df73-4f8d-8b22-bb49cf9f3683;https://metadados.snirh.gov.br/files/b8f0487a-df73-4f8d-8b22-bb49cf9f3683/Castro_Alves.zip
Castro Alves;243,80999999999577;243,65999999999576;5,6641805426433995;125,95396715783;UHE Castro Alves - CAV SNIRH.xlsx;b8f0487a-df73-4f8d-8b22-bb49cf9f3683;https://metadados.snirh.gov.br/files/b8f0487a-df73-4f8d-8b22-bb49cf9f3683/Castro_Alves.zip
Castro Alves;243,81999999999576;243,66999999999575;5,665111142631599;126,01061932963;UHE Castro Alves - CAV SNIRH.xlsx;b8f0487a-df73-4f8d-8b22-bb49cf9f3683;https://metadados.snirh.gov.br/files/b8f0487a-df73-4f8d-8b22-bb49cf9f3683/Castro_Alves.zip
Castro Alves;243,82999999999575;243,67999999999574;5,6660417210838006;126,06727919055;UHE Castro Alves - CAV SNIRH.xlsx;b8f0487a-df73-4f8d-8b22-bb49cf9f3683;https://metadados.snirh.gov.br/files/b8f0487a-df73-4f8d-8b22-bb49cf9f3683/Castro_Alves.zip
Castro Alves;243,83999999999574;243,68999999999573;5,66697234031;126,12393973782;UHE Castro Alves - CAV SNIRH.xlsx;b8f0487a-df73-4f8d-8b22-bb49cf9f3683;https://metadados.snirh.gov.br/files/b8f0487a-df73-4f8d-8b22-bb49cf9f3683/Castro_Alves.zip
Castro Alves;243,84999999999573;243,69999999999573;5,6679029357147;126,18061382517999;UHE Castro Alves - CAV SNIRH.xlsx;b8f0487a-df73-4f8d-8b22-bb49cf9f3683;https://metadados.snirh.gov.br/files/b8f0487a-df73-4f8d-8b22-bb49cf9f3683/Castro_Alves.zip
Castro Alves;243,85999999999572;243,70999999999572;5,6688335253492;126,23728834785;UHE Castro Alves - CAV SNIRH.xlsx;b8f0487a-df73-4f8d-8b22-bb49cf9f3683;https://metadados.snirh.gov.br/files/b8f0487a-df73-4f8d-8b22-bb49cf9f3683/Castro_Alves.zip
Castro Alves;243,8699999999957;243,7199999999957;5,6697641357404;126,29397701539;UHE Castro Alves - CAV SNIRH.xlsx;b8f0487a-df73-4f8d-8b22-bb49cf9f3683;https://metadados.snirh.gov.br/files/b8f0487a-df73-4f8d-8b22-bb49cf9f3683/Castro_Alves.zip
Castro Alves;243,8799999999957;243,7299999999957;5,6706947741015;126,35068136006001;UHE Castro Alves - CAV SNIRH.xlsx;b8f0487a-df73-4f8d-8b22-bb49cf9f3683;https://metadados.snirh.gov.br/files/b8f0487a-df73-4f8d-8b22-bb49cf9f3683/Castro_Alves.zip
Castro Alves;243,8899999999957;243,7399999999957;5,671625453020099;126,40738812592;UHE Castro Alves - CAV SNIRH.xlsx;b8f0487a-df73-4f8d-8b22-bb49cf9f3683;https://metadados.snirh.gov.br/files/b8f0487a-df73-4f8d-8b22-bb49cf9f3683/Castro_Alves.zip
Castro Alves;243,89999999999569;243,74999999999568;5,672556174723001;126,46411206980001;UHE Castro Alves - CAV SNIRH.xlsx;b8f0487a-df73-4f8d-8b22-bb49cf9f3683;https://metadados.snirh.gov.br/files/b8f0487a-df73-4f8d-8b22-bb49cf9f3683/Castro_Alves.zip
Castro Alves;243,90999999999568;243,75999999999567;5,6734868850607;126,52084493615;UHE Castro Alves - CAV SNIRH.xlsx;b8f0487a-df73-4f8d-8b22-bb49cf9f3683;https://metadados.snirh.gov.br/files/b8f0487a-df73-4f8d-8b22-bb49cf9f3683/Castro_Alves.zip
Castro Alves;243,91999999999567;243,76999999999566;5,6744176517775005;126,57758324586999;UHE Castro Alves - CAV SNIRH.xlsx;b8f0487a-df73-4f8d-8b22-bb49cf9f3683;https://metadados.snirh.gov.br/files/b8f0487a-df73-4f8d-8b22-bb49cf9f3683/Castro_Alves.zip
Castro Alves;243,92999999999566;243,77999999999565;5,6753485201262;126,63432817787;UHE Castro Alves - CAV SNIRH.xlsx;b8f0487a-df73-4f8d-8b22-bb49cf9f3683;https://metadados.snirh.gov.br/files/b8f0487a-df73-4f8d-8b22-bb49cf9f3683/Castro_Alves.zip
Castro Alves;243,93999999999565;243,78999999999564;5,6762794821876;126,69107915853999;UHE Castro Alves - CAV SNIRH.xlsx;b8f0487a-df73-4f8d-8b22-bb49cf9f3683;https://metadados.snirh.gov.br/files/b8f0487a-df73-4f8d-8b22-bb49cf9f3683/Castro_Alves.zip
Castro Alves;243,94999999999564;243,79999999999563;5,677210583557001;126,74784348803;UHE Castro Alves - CAV SNIRH.xlsx;b8f0487a-df73-4f8d-8b22-bb49cf9f3683;https://metadados.snirh.gov.br/files/b8f0487a-df73-4f8d-8b22-bb49cf9f3683/Castro_Alves.zip
Castro Alves;243,95999999999563;243,80999999999563;5,6781417562945;126,80462357069001;UHE Castro Alves - CAV SNIRH.xlsx;b8f0487a-df73-4f8d-8b22-bb49cf9f3683;https://metadados.snirh.gov.br/files/b8f0487a-df73-4f8d-8b22-bb49cf9f3683/Castro_Alves.zip
Castro Alves;243,96999999999562;243,81999999999562;5,6790729628669;126,86140703356;UHE Castro Alves - CAV SNIRH.xlsx;b8f0487a-df73-4f8d-8b22-bb49cf9f3683;https://metadados.snirh.gov.br/files/b8f0487a-df73-4f8d-8b22-bb49cf9f3683/Castro_Alves.zip
Castro Alves;243,9799999999956;243,8299999999956;5,6800042616967;126,91820194305;UHE Castro Alves - CAV SNIRH.xlsx;b8f0487a-df73-4f8d-8b22-bb49cf9f3683;https://metadados.snirh.gov.br/files/b8f0487a-df73-4f8d-8b22-bb49cf9f3683/Castro_Alves.zip
Castro Alves;243,9899999999956;243,8399999999956;5,680935710054899;126,97501167501;UHE Castro Alves - CAV SNIRH.xlsx;b8f0487a-df73-4f8d-8b22-bb49cf9f3683;https://metadados.snirh.gov.br/files/b8f0487a-df73-4f8d-8b22-bb49cf9f3683/Castro_Alves.zip
Castro Alves;243,9999999999956;243,8499999999956;5,6818672570572994;127,03182396768001;UHE Castro Alves - CAV SNIRH.xlsx;b8f0487a-df73-4f8d-8b22-bb49cf9f3683;https://metadados.snirh.gov.br/files/b8f0487a-df73-4f8d-8b22-bb49cf9f3683/Castro_Alves.zip
Castro Alves;244,00999999999559;243,85999999999558;5,6827989342617;127,08864466648001;UHE Castro Alves - CAV SNIRH.xlsx;b8f0487a-df73-4f8d-8b22-bb49cf9f3683;https://metadados.snirh.gov.br/files/b8f0487a-df73-4f8d-8b22-bb49cf9f3683/Castro_Alves.zip
Castro Alves;244,01999999999558;243,86999999999557;5,6837307861233;127,14547489097001;UHE Castro Alves - CAV SNIRH.xlsx;b8f0487a-df73-4f8d-8b22-bb49cf9f3683;https://metadados.snirh.gov.br/files/b8f0487a-df73-4f8d-8b22-bb49cf9f3683/Castro_Alves.zip
Castro Alves;244,02999999999557;243,87999999999556;5,6846627918485;127,20231883714999;UHE Castro Alves - CAV SNIRH.xlsx;b8f0487a-df73-4f8d-8b22-bb49cf9f3683;https://metadados.snirh.gov.br/files/b8f0487a-df73-4f8d-8b22-bb49cf9f3683/Castro_Alves.zip
Castro Alves;244,03999999999556;243,88999999999555;5,6855949276662;127,25917080562;UHE Castro Alves - CAV SNIRH.xlsx;b8f0487a-df73-4f8d-8b22-bb49cf9f3683;https://metadados.snirh.gov.br/files/b8f0487a-df73-4f8d-8b22-bb49cf9f3683/Castro_Alves.zip
Castro Alves;244,04999999999555;243,89999999999554;5,6865272147235;127,31602966265001;UHE Castro Alves - CAV SNIRH.xlsx;b8f0487a-df73-4f8d-8b22-bb49cf9f3683;https://metadados.snirh.gov.br/files/b8f0487a-df73-4f8d-8b22-bb49cf9f3683/Castro_Alves.zip
Castro Alves;244,05999999999554;243,90999999999553;5,6874596218964;127,37290232197999;UHE Castro Alves - CAV SNIRH.xlsx;b8f0487a-df73-4f8d-8b22-bb49cf9f3683;https://metadados.snirh.gov.br/files/b8f0487a-df73-4f8d-8b22-bb49cf9f3683/Castro_Alves.zip
Castro Alves;244,06999999999553;243,91999999999553;5,6883921813751;127,42978415444;UHE Castro Alves - CAV SNIRH.xlsx;b8f0487a-df73-4f8d-8b22-bb49cf9f3683;https://metadados.snirh.gov.br/files/b8f0487a-df73-4f8d-8b22-bb49cf9f3683/Castro_Alves.zip
Castro Alves;244,07999999999552;243,92999999999552;5,6893249509284;127,48667203924;UHE Castro Alves - CAV SNIRH.xlsx;b8f0487a-df73-4f8d-8b22-bb49cf9f3683;https://metadados.snirh.gov.br/files/b8f0487a-df73-4f8d-8b22-bb49cf9f3683/Castro_Alves.zip
Castro Alves;244,0899999999955;243,9399999999955;5,6902579114977;127,54356819641;UHE Castro Alves - CAV SNIRH.xlsx;b8f0487a-df73-4f8d-8b22-bb49cf9f3683;https://metadados.snirh.gov.br/files/b8f0487a-df73-4f8d-8b22-bb49cf9f3683/Castro_Alves.zip
Castro Alves;244,0999999999955;243,9499999999955;5,691191148363299;127,60047700742;UHE Castro Alves - CAV SNIRH.xlsx;b8f0487a-df73-4f8d-8b22-bb49cf9f3683;https://metadados.snirh.gov.br/files/b8f0487a-df73-4f8d-8b22-bb49cf9f3683/Castro_Alves.zip
Castro Alves;244,1099999999955;243,9599999999955;5,6921246383736;127,65738791371;UHE Castro Alves - CAV SNIRH.xlsx;b8f0487a-df73-4f8d-8b22-bb49cf9f3683;https://metadados.snirh.gov.br/files/b8f0487a-df73-4f8d-8b22-bb49cf9f3683/Castro_Alves.zip
Castro Alves;244,11999999999549;243,96999999999548;5,6930583757426;127,71431559356;UHE Castro Alves - CAV SNIRH.xlsx;b8f0487a-df73-4f8d-8b22-bb49cf9f3683;https://metadados.snirh.gov.br/files/b8f0487a-df73-4f8d-8b22-bb49cf9f3683/Castro_Alves.zip
Castro Alves;244,12999999999548;243,97999999999547;5,6939923473378;127,77125053726;UHE Castro Alves - CAV SNIRH.xlsx;b8f0487a-df73-4f8d-8b22-bb49cf9f3683;https://metadados.snirh.gov.br/files/b8f0487a-df73-4f8d-8b22-bb49cf9f3683/Castro_Alves.zip
Castro Alves;244,13999999999547;243,98999999999546;5,6949265511594;127,82819225356;UHE Castro Alves - CAV SNIRH.xlsx;b8f0487a-df73-4f8d-8b22-bb49cf9f3683;https://metadados.snirh.gov.br/files/b8f0487a-df73-4f8d-8b22-bb49cf9f3683/Castro_Alves.zip
Castro Alves;244,14999999999546;243,99999999999545;5,6958611181528;127,88514788639;UHE Castro Alves - CAV SNIRH.xlsx;b8f0487a-df73-4f8d-8b22-bb49cf9f3683;https://metadados.snirh.gov.br/files/b8f0487a-df73-4f8d-8b22-bb49cf9f3683/Castro_Alves.zip
Castro Alves;244,15999999999545;244,00999999999544;5,6967959926633;127,9421110839;UHE Castro Alves - CAV SNIRH.xlsx;b8f0487a-df73-4f8d-8b22-bb49cf9f3683;https://metadados.snirh.gov.br/files/b8f0487a-df73-4f8d-8b22-bb49cf9f3683/Castro_Alves.zip
Castro Alves;244,16999999999544;244,01999999999543;5,697731323235799;127,9990804968;UHE Castro Alves - CAV SNIRH.xlsx;b8f0487a-df73-4f8d-8b22-bb49cf9f3683;https://metadados.snirh.gov.br/files/b8f0487a-df73-4f8d-8b22-bb49cf9f3683/Castro_Alves.zip
Castro Alves;244,17999999999543;244,02999999999543;5,6986671622378;128,05606838389;UHE Castro Alves - CAV SNIRH.xlsx;b8f0487a-df73-4f8d-8b22-bb49cf9f3683;https://metadados.snirh.gov.br/files/b8f0487a-df73-4f8d-8b22-bb49cf9f3683/Castro_Alves.zip
Castro Alves;244,18999999999542;244,03999999999542;5,6996034320263;128,11305837314;UHE Castro Alves - CAV SNIRH.xlsx;b8f0487a-df73-4f8d-8b22-bb49cf9f3683;https://metadados.snirh.gov.br/files/b8f0487a-df73-4f8d-8b22-bb49cf9f3683/Castro_Alves.zip
Castro Alves;244,1999999999954;244,0499999999954;5,7005402927678;128,17005685321;UHE Castro Alves - CAV SNIRH.xlsx;b8f0487a-df73-4f8d-8b22-bb49cf9f3683;https://metadados.snirh.gov.br/files/b8f0487a-df73-4f8d-8b22-bb49cf9f3683/Castro_Alves.zip
Castro Alves;244,2099999999954;244,0599999999954;5,701477852636399;128,22705953542;UHE Castro Alves - CAV SNIRH.xlsx;b8f0487a-df73-4f8d-8b22-bb49cf9f3683;https://metadados.snirh.gov.br/files/b8f0487a-df73-4f8d-8b22-bb49cf9f3683/Castro_Alves.zip
Castro Alves;244,2199999999954;244,0699999999954;5,7024161292801;128,28407397729;UHE Castro Alves - CAV SNIRH.xlsx;b8f0487a-df73-4f8d-8b22-bb49cf9f3683;https://metadados.snirh.gov.br/files/b8f0487a-df73-4f8d-8b22-bb49cf9f3683/Castro_Alves.zip
Castro Alves;244,22999999999539;244,07999999999538;5,7033552512922;128,34110122024998;UHE Castro Alves - CAV SNIRH.xlsx;b8f0487a-df73-4f8d-8b22-bb49cf9f3683;https://metadados.snirh.gov.br/files/b8f0487a-df73-4f8d-8b22-bb49cf9f3683/Castro_Alves.zip
Castro Alves;244,23999999999538;244,08999999999537;5,7042953776541;128,39813623034001;UHE Castro Alves - CAV SNIRH.xlsx;b8f0487a-df73-4f8d-8b22-bb49cf9f3683;https://metadados.snirh.gov.br/files/b8f0487a-df73-4f8d-8b22-bb49cf9f3683/Castro_Alves.zip
Castro Alves;244,24999999999537;244,09999999999536;5,7052359831245;128,45518530114;UHE Castro Alves - CAV SNIRH.xlsx;b8f0487a-df73-4f8d-8b22-bb49cf9f3683;https://metadados.snirh.gov.br/files/b8f0487a-df73-4f8d-8b22-bb49cf9f3683/Castro_Alves.zip
Castro Alves;244,25999999999536;244,10999999999535;5,7061774814039;128,5122435975;UHE Castro Alves - CAV SNIRH.xlsx;b8f0487a-df73-4f8d-8b22-bb49cf9f3683;https://metadados.snirh.gov.br/files/b8f0487a-df73-4f8d-8b22-bb49cf9f3683/Castro_Alves.zip
Castro Alves;244,26999999999535;244,11999999999534;5,7071194953695;128,56931741476;UHE Castro Alves - CAV SNIRH.xlsx;b8f0487a-df73-4f8d-8b22-bb49cf9f3683;https://metadados.snirh.gov.br/files/b8f0487a-df73-4f8d-8b22-bb49cf9f3683/Castro_Alves.zip
Castro Alves;244,27999999999534;244,12999999999533;5,7080623016956995;128,62639175628001;UHE Castro Alves - CAV SNIRH.xlsx;b8f0487a-df73-4f8d-8b22-bb49cf9f3683;https://metadados.snirh.gov.br/files/b8f0487a-df73-4f8d-8b22-bb49cf9f3683/Castro_Alves.zip
Castro Alves;244,28999999999533;244,13999999999533;5,709005447847001;128,68347962236;UHE Castro Alves - CAV SNIRH.xlsx;b8f0487a-df73-4f8d-8b22-bb49cf9f3683;https://metadados.snirh.gov.br/files/b8f0487a-df73-4f8d-8b22-bb49cf9f3683/Castro_Alves.zip
Castro Alves;244,29999999999532;244,14999999999532;5,7099490258511;128,74057446646;UHE Castro Alves - CAV SNIRH.xlsx;b8f0487a-df73-4f8d-8b22-bb49cf9f3683;https://metadados.snirh.gov.br/files/b8f0487a-df73-4f8d-8b22-bb49cf9f3683/Castro_Alves.zip
Castro Alves;244,3099999999953;244,1599999999953;5,710893008874;128,79767837349002;UHE Castro Alves - CAV SNIRH.xlsx;b8f0487a-df73-4f8d-8b22-bb49cf9f3683;https://metadados.snirh.gov.br/files/b8f0487a-df73-4f8d-8b22-bb49cf9f3683/Castro_Alves.zip
Castro Alves;244,3199999999953;244,1699999999953;5,7118371039065;128,85479203811;UHE Castro Alves - CAV SNIRH.xlsx;b8f0487a-df73-4f8d-8b22-bb49cf9f3683;https://metadados.snirh.gov.br/files/b8f0487a-df73-4f8d-8b22-bb49cf9f3683/Castro_Alves.zip
Castro Alves;244,3299999999953;244,1799999999953;5,7127815508578;128,91192052691;UHE Castro Alves - CAV SNIRH.xlsx;b8f0487a-df73-4f8d-8b22-bb49cf9f3683;https://metadados.snirh.gov.br/files/b8f0487a-df73-4f8d-8b22-bb49cf9f3683/Castro_Alves.zip
Castro Alves;244,33999999999529;244,18999999999528;5,7137261729416;128,96905836731;UHE Castro Alves - CAV SNIRH.xlsx;b8f0487a-df73-4f8d-8b22-bb49cf9f3683;https://metadados.snirh.gov.br/files/b8f0487a-df73-4f8d-8b22-bb49cf9f3683/Castro_Alves.zip
Castro Alves;244,34999999999528;244,19999999999527;5,714671149864;129,02620122303;UHE Castro Alves - CAV SNIRH.xlsx;b8f0487a-df73-4f8d-8b22-bb49cf9f3683;https://metadados.snirh.gov.br/files/b8f0487a-df73-4f8d-8b22-bb49cf9f3683/Castro_Alves.zip
Castro Alves;244,35999999999527;244,20999999999526;5,7156165554635;129,08335445885;UHE Castro Alves - CAV SNIRH.xlsx;b8f0487a-df73-4f8d-8b22-bb49cf9f3683;https://metadados.snirh.gov.br/files/b8f0487a-df73-4f8d-8b22-bb49cf9f3683/Castro_Alves.zip
Castro Alves;244,36999999999526;244,21999999999525;5,7165623647654;129,14051785216;UHE Castro Alves - CAV SNIRH.xlsx;b8f0487a-df73-4f8d-8b22-bb49cf9f3683;https://metadados.snirh.gov.br/files/b8f0487a-df73-4f8d-8b22-bb49cf9f3683/Castro_Alves.zip
Castro Alves;244,37999999999525;244,22999999999524;5,7175083568239;129,19768957907002;UHE Castro Alves - CAV SNIRH.xlsx;b8f0487a-df73-4f8d-8b22-bb49cf9f3683;https://metadados.snirh.gov.br/files/b8f0487a-df73-4f8d-8b22-bb49cf9f3683/Castro_Alves.zip
Castro Alves;244,38999999999524;244,23999999999523;5,7184549666638995;129,25486773033;UHE Castro Alves - CAV SNIRH.xlsx;b8f0487a-df73-4f8d-8b22-bb49cf9f3683;https://metadados.snirh.gov.br/files/b8f0487a-df73-4f8d-8b22-bb49cf9f3683/Castro_Alves.zip
Castro Alves;244,39999999999523;244,24999999999523;5,719402168190601;129,3120528806;UHE Castro Alves - CAV SNIRH.xlsx;b8f0487a-df73-4f8d-8b22-bb49cf9f3683;https://metadados.snirh.gov.br/files/b8f0487a-df73-4f8d-8b22-bb49cf9f3683/Castro_Alves.zip
Castro Alves;244,40999999999522;244,25999999999522;5,7203501703162;129,36925228297;UHE Castro Alves - CAV SNIRH.xlsx;b8f0487a-df73-4f8d-8b22-bb49cf9f3683;https://metadados.snirh.gov.br/files/b8f0487a-df73-4f8d-8b22-bb49cf9f3683/Castro_Alves.zip
Castro Alves;244,4199999999952;244,2699999999952;5,721299185535299;129,42646262586;UHE Castro Alves - CAV SNIRH.xlsx;b8f0487a-df73-4f8d-8b22-bb49cf9f3683;https://metadados.snirh.gov.br/files/b8f0487a-df73-4f8d-8b22-bb49cf9f3683/Castro_Alves.zip
Castro Alves;244,4299999999952;244,2799999999952;5,722250499233;129,48368526515;UHE Castro Alves - CAV SNIRH.xlsx;b8f0487a-df73-4f8d-8b22-bb49cf9f3683;https://metadados.snirh.gov.br/files/b8f0487a-df73-4f8d-8b22-bb49cf9f3683/Castro_Alves.zip
Castro Alves;244,4399999999952;244,2899999999952;5,7232043467945;129,54091557729;UHE Castro Alves - CAV SNIRH.xlsx;b8f0487a-df73-4f8d-8b22-bb49cf9f3683;https://metadados.snirh.gov.br/files/b8f0487a-df73-4f8d-8b22-bb49cf9f3683/Castro_Alves.zip
Castro Alves;244,44999999999519;244,29999999999518;5,7241540487936;129,59815133427;UHE Castro Alves - CAV SNIRH.xlsx;b8f0487a-df73-4f8d-8b22-bb49cf9f3683;https://metadados.snirh.gov.br/files/b8f0487a-df73-4f8d-8b22-bb49cf9f3683/Castro_Alves.zip
Castro Alves;244,45999999999518;244,30999999999517;5,7251025628611;129,65539498634;UHE Castro Alves - CAV SNIRH.xlsx;b8f0487a-df73-4f8d-8b22-bb49cf9f3683;https://metadados.snirh.gov.br/files/b8f0487a-df73-4f8d-8b22-bb49cf9f3683/Castro_Alves.zip
Castro Alves;244,46999999999517;244,31999999999516;5,7260501972658995;129,71265462967;UHE Castro Alves - CAV SNIRH.xlsx;b8f0487a-df73-4f8d-8b22-bb49cf9f3683;https://metadados.snirh.gov.br/files/b8f0487a-df73-4f8d-8b22-bb49cf9f3683/Castro_Alves.zip
Castro Alves;244,47999999999516;244,32999999999515;5,7269971632184005;129,76992285818;UHE Castro Alves - CAV SNIRH.xlsx;b8f0487a-df73-4f8d-8b22-bb49cf9f3683;https://metadados.snirh.gov.br/files/b8f0487a-df73-4f8d-8b22-bb49cf9f3683/Castro_Alves.zip
Castro Alves;244,48999999999515;244,33999999999514;5,7279436581894;129,82719682939;UHE Castro Alves - CAV SNIRH.xlsx;b8f0487a-df73-4f8d-8b22-bb49cf9f3683;https://metadados.snirh.gov.br/files/b8f0487a-df73-4f8d-8b22-bb49cf9f3683/Castro_Alves.zip
Castro Alves;244,5;244,35;5,728889940999999;129,884485728;UHE Castro Alves - CAV SNIRH.xlsx;b8f0487a-df73-4f8d-8b22-bb49cf9f3683;https://metadados.snirh.gov.br/files/b8f0487a-df73-4f8d-8b22-bb49cf9f3683/Castro_Alves.zip
Castro Alves;244,51;244,35999999999999;5,7298358786731995;129,94178334765002;UHE Castro Alves - CAV SNIRH.xlsx;b8f0487a-df73-4f8d-8b22-bb49cf9f3683;https://metadados.snirh.gov.br/files/b8f0487a-df73-4f8d-8b22-bb49cf9f3683/Castro_Alves.zip
Castro Alves;244,51999999999998;244,36999999999998;5,7307814880885;129,99908273574002;UHE Castro Alves - CAV SNIRH.xlsx;b8f0487a-df73-4f8d-8b22-bb49cf9f3683;https://metadados.snirh.gov.br/files/b8f0487a-df73-4f8d-8b22-bb49cf9f3683/Castro_Alves.zip
Castro Alves;244,52999999999997;244,37999999999997;5,7317269113501;130,05639547315;UHE Castro Alves - CAV SNIRH.xlsx;b8f0487a-df73-4f8d-8b22-bb49cf9f3683;https://metadados.snirh.gov.br/files/b8f0487a-df73-4f8d-8b22-bb49cf9f3683/Castro_Alves.zip
Castro Alves;244,53999999999996;244,38999999999996;5,7326721999308;130,11372273288998;UHE Castro Alves - CAV SNIRH.xlsx;b8f0487a-df73-4f8d-8b22-bb49cf9f3683;https://metadados.snirh.gov.br/files/b8f0487a-df73-4f8d-8b22-bb49cf9f3683/Castro_Alves.zip
Castro Alves;244,54999999999995;244,39999999999995;5,733617251234;130,17105740051;UHE Castro Alves - CAV SNIRH.xlsx;b8f0487a-df73-4f8d-8b22-bb49cf9f3683;https://metadados.snirh.gov.br/files/b8f0487a-df73-4f8d-8b22-bb49cf9f3683/Castro_Alves.zip
Castro Alves;244,55999999999995;244,40999999999994;5,734562245268999;130,22839824488;UHE Castro Alves - CAV SNIRH.xlsx;b8f0487a-df73-4f8d-8b22-bb49cf9f3683;https://metadados.snirh.gov.br/files/b8f0487a-df73-4f8d-8b22-bb49cf9f3683/Castro_Alves.zip
Castro Alves;244,56999999999994;244,41999999999993;5,735507103048;130,28574521349998;UHE Castro Alves - CAV SNIRH.xlsx;b8f0487a-df73-4f8d-8b22-bb49cf9f3683;https://metadados.snirh.gov.br/files/b8f0487a-df73-4f8d-8b22-bb49cf9f3683/Castro_Alves.zip
Castro Alves;244,57999999999993;244,42999999999992;5,7364516975231;130,34310457412;UHE Castro Alves - CAV SNIRH.xlsx;b8f0487a-df73-4f8d-8b22-bb49cf9f3683;https://metadados.snirh.gov.br/files/b8f0487a-df73-4f8d-8b22-bb49cf9f3683/Castro_Alves.zip
Castro Alves;244,58999999999992;244,4399999999999;5,7373962677652;130,40046906272;UHE Castro Alves - CAV SNIRH.xlsx;b8f0487a-df73-4f8d-8b22-bb49cf9f3683;https://metadados.snirh.gov.br/files/b8f0487a-df73-4f8d-8b22-bb49cf9f3683/Castro_Alves.zip
Castro Alves;244,5999999999999;244,4499999999999;5,7383405632496;130,4578500989;UHE Castro Alves - CAV SNIRH.xlsx;b8f0487a-df73-4f8d-8b22-bb49cf9f3683;https://metadados.snirh.gov.br/files/b8f0487a-df73-4f8d-8b22-bb49cf9f3683/Castro_Alves.zip
Castro Alves;244,6099999999999;244,4599999999999;5,739284608617999;130,51524100269;UHE Castro Alves - CAV SNIRH.xlsx;b8f0487a-df73-4f8d-8b22-bb49cf9f3683;https://metadados.snirh.gov.br/files/b8f0487a-df73-4f8d-8b22-bb49cf9f3683/Castro_Alves.zip
Castro Alves;244,6199999999999;244,46999999999989;5,7402285824708;130,57263467421998;UHE Castro Alves - CAV SNIRH.xlsx;b8f0487a-df73-4f8d-8b22-bb49cf9f3683;https://metadados.snirh.gov.br/files/b8f0487a-df73-4f8d-8b22-bb49cf9f3683/Castro_Alves.zip
Castro Alves;244,62999999999988;244,47999999999988;5,741172362749;130,63003946085;UHE Castro Alves - CAV SNIRH.xlsx;b8f0487a-df73-4f8d-8b22-bb49cf9f3683;https://metadados.snirh.gov.br/files/b8f0487a-df73-4f8d-8b22-bb49cf9f3683/Castro_Alves.zip
Castro Alves;244,63999999999987;244,48999999999987;5,7421159442918;130,68745303732;UHE Castro Alves - CAV SNIRH.xlsx;b8f0487a-df73-4f8d-8b22-bb49cf9f3683;https://metadados.snirh.gov.br/files/b8f0487a-df73-4f8d-8b22-bb49cf9f3683/Castro_Alves.zip
Castro Alves;244,64999999999986;244,49999999999986;5,7430594185325;130,74488238329;UHE Castro Alves - CAV SNIRH.xlsx;b8f0487a-df73-4f8d-8b22-bb49cf9f3683;https://metadados.snirh.gov.br/files/b8f0487a-df73-4f8d-8b22-bb49cf9f3683/Castro_Alves.zip
Castro Alves;244,65999999999985;244,50999999999985;5,7440027259746;130,80231511463;UHE Castro Alves - CAV SNIRH.xlsx;b8f0487a-df73-4f8d-8b22-bb49cf9f3683;https://metadados.snirh.gov.br/files/b8f0487a-df73-4f8d-8b22-bb49cf9f3683/Castro_Alves.zip
Castro Alves;244,66999999999985;244,51999999999984;5,744945804323099;130,85976013945;UHE Castro Alves - CAV SNIRH.xlsx;b8f0487a-df73-4f8d-8b22-bb49cf9f3683;https://metadados.snirh.gov.br/files/b8f0487a-df73-4f8d-8b22-bb49cf9f3683/Castro_Alves.zip
Castro Alves;244,67999999999984;244,52999999999983;5,7458887194077;130,91721838216;UHE Castro Alves - CAV SNIRH.xlsx;b8f0487a-df73-4f8d-8b22-bb49cf9f3683;https://metadados.snirh.gov.br/files/b8f0487a-df73-4f8d-8b22-bb49cf9f3683/Castro_Alves.zip
Castro Alves;244,68999999999983;244,53999999999982;5,7468313524206005;130,97468084408;UHE Castro Alves - CAV SNIRH.xlsx;b8f0487a-df73-4f8d-8b22-bb49cf9f3683;https://metadados.snirh.gov.br/files/b8f0487a-df73-4f8d-8b22-bb49cf9f3683/Castro_Alves.zip
Castro Alves;244,69999999999982;244,5499999999998;5,7477737323356;131,032152921;UHE Castro Alves - CAV SNIRH.xlsx;b8f0487a-df73-4f8d-8b22-bb49cf9f3683;https://metadados.snirh.gov.br/files/b8f0487a-df73-4f8d-8b22-bb49cf9f3683/Castro_Alves.zip
Castro Alves;244,7099999999998;244,5599999999998;5,7487159152366;131,08963721768;UHE Castro Alves - CAV SNIRH.xlsx;b8f0487a-df73-4f8d-8b22-bb49cf9f3683;https://metadados.snirh.gov.br/files/b8f0487a-df73-4f8d-8b22-bb49cf9f3683/Castro_Alves.zip
Castro Alves;244,7199999999998;244,5699999999998;5,7496579167758;131,14712939715;UHE Castro Alves - CAV SNIRH.xlsx;b8f0487a-df73-4f8d-8b22-bb49cf9f3683;https://metadados.snirh.gov.br/files/b8f0487a-df73-4f8d-8b22-bb49cf9f3683/Castro_Alves.zip
Castro Alves;244,7299999999998;244,57999999999979;5,7505996509978;131,20463338324;UHE Castro Alves - CAV SNIRH.xlsx;b8f0487a-df73-4f8d-8b22-bb49cf9f3683;https://metadados.snirh.gov.br/files/b8f0487a-df73-4f8d-8b22-bb49cf9f3683/Castro_Alves.zip
Castro Alves;244,73999999999978;244,58999999999978;5,7515411292025;131,26214481814;UHE Castro Alves - CAV SNIRH.xlsx;b8f0487a-df73-4f8d-8b22-bb49cf9f3683;https://metadados.snirh.gov.br/files/b8f0487a-df73-4f8d-8b22-bb49cf9f3683/Castro_Alves.zip
Castro Alves;244,74999999999977;244,59999999999977;5,7524823755196;131,31966685457;UHE Castro Alves - CAV SNIRH.xlsx;b8f0487a-df73-4f8d-8b22-bb49cf9f3683;https://metadados.snirh.gov.br/files/b8f0487a-df73-4f8d-8b22-bb49cf9f3683/Castro_Alves.zip
Castro Alves;244,75999999999976;244,60999999999976;5,7534234785236;131,37719189151;UHE Castro Alves - CAV SNIRH.xlsx;b8f0487a-df73-4f8d-8b22-bb49cf9f3683;https://metadados.snirh.gov.br/files/b8f0487a-df73-4f8d-8b22-bb49cf9f3683/Castro_Alves.zip
Castro Alves;244,76999999999975;244,61999999999975;5,7543643428637;131,43473460405;UHE Castro Alves - CAV SNIRH.xlsx;b8f0487a-df73-4f8d-8b22-bb49cf9f3683;https://metadados.snirh.gov.br/files/b8f0487a-df73-4f8d-8b22-bb49cf9f3683/Castro_Alves.zip
Castro Alves;244,77999999999975;244,62999999999974;5,755304895447201;131,49228560974;UHE Castro Alves - CAV SNIRH.xlsx;b8f0487a-df73-4f8d-8b22-bb49cf9f3683;https://metadados.snirh.gov.br/files/b8f0487a-df73-4f8d-8b22-bb49cf9f3683/Castro_Alves.zip
Castro Alves;244,78999999999974;244,63999999999973;5,756245191495499;131,54984520421;UHE Castro Alves - CAV SNIRH.xlsx;b8f0487a-df73-4f8d-8b22-bb49cf9f3683;https://metadados.snirh.gov.br/files/b8f0487a-df73-4f8d-8b22-bb49cf9f3683/Castro_Alves.zip
Castro Alves;244,79999999999973;244,64999999999972;5,75718526965;131,6074161456;UHE Castro Alves - CAV SNIRH.xlsx;b8f0487a-df73-4f8d-8b22-bb49cf9f3683;https://metadados.snirh.gov.br/files/b8f0487a-df73-4f8d-8b22-bb49cf9f3683/Castro_Alves.zip
Castro Alves;244,80999999999972;244,6599999999997;5,758125057602499;131,66499616861;UHE Castro Alves - CAV SNIRH.xlsx;b8f0487a-df73-4f8d-8b22-bb49cf9f3683;https://metadados.snirh.gov.br/files/b8f0487a-df73-4f8d-8b22-bb49cf9f3683/Castro_Alves.zip
Castro Alves;244,8199999999997;244,6699999999997;5,7590645624073;131,72258431777;UHE Castro Alves - CAV SNIRH.xlsx;b8f0487a-df73-4f8d-8b22-bb49cf9f3683;https://metadados.snirh.gov.br/files/b8f0487a-df73-4f8d-8b22-bb49cf9f3683/Castro_Alves.zip
Castro Alves;244,8299999999997;244,6799999999997;5,7600038022117;131,78017949923;UHE Castro Alves - CAV SNIRH.xlsx;b8f0487a-df73-4f8d-8b22-bb49cf9f3683;https://metadados.snirh.gov.br/files/b8f0487a-df73-4f8d-8b22-bb49cf9f3683/Castro_Alves.zip
Castro Alves;244,8399999999997;244,68999999999969;5,760942830735599;131,8377880966;UHE Castro Alves - CAV SNIRH.xlsx;b8f0487a-df73-4f8d-8b22-bb49cf9f3683;https://metadados.snirh.gov.br/files/b8f0487a-df73-4f8d-8b22-bb49cf9f3683/Castro_Alves.zip
Castro Alves;244,84999999999968;244,69999999999968;5,7618816345872;131,89540401741;UHE Castro Alves - CAV SNIRH.xlsx;b8f0487a-df73-4f8d-8b22-bb49cf9f3683;https://metadados.snirh.gov.br/files/b8f0487a-df73-4f8d-8b22-bb49cf9f3683/Castro_Alves.zip
Castro Alves;244,85999999999967;244,70999999999967;5,7628201792034;131,95302618517;UHE Castro Alves - CAV SNIRH.xlsx;b8f0487a-df73-4f8d-8b22-bb49cf9f3683;https://metadados.snirh.gov.br/files/b8f0487a-df73-4f8d-8b22-bb49cf9f3683/Castro_Alves.zip
Castro Alves;244,86999999999966;244,71999999999966;5,7637584860533;132,01065655565;UHE Castro Alves - CAV SNIRH.xlsx;b8f0487a-df73-4f8d-8b22-bb49cf9f3683;https://metadados.snirh.gov.br/files/b8f0487a-df73-4f8d-8b22-bb49cf9f3683/Castro_Alves.zip
Castro Alves;244,87999999999965;244,72999999999965;5,764696496698799;132,06830015008998;UHE Castro Alves - CAV SNIRH.xlsx;b8f0487a-df73-4f8d-8b22-bb49cf9f3683;https://metadados.snirh.gov.br/files/b8f0487a-df73-4f8d-8b22-bb49cf9f3683/Castro_Alves.zip
Castro Alves;244,88999999999965;244,73999999999964;5,7656341508516;132,12595358302;UHE Castro Alves - CAV SNIRH.xlsx;b8f0487a-df73-4f8d-8b22-bb49cf9f3683;https://metadados.snirh.gov.br/files/b8f0487a-df73-4f8d-8b22-bb49cf9f3683/Castro_Alves.zip
Castro Alves;244,89999999999964;244,74999999999963;5,7665715210883;132,18361473141;UHE Castro Alves - CAV SNIRH.xlsx;b8f0487a-df73-4f8d-8b22-bb49cf9f3683;https://metadados.snirh.gov.br/files/b8f0487a-df73-4f8d-8b22-bb49cf9f3683/Castro_Alves.zip
Castro Alves;244,90999999999963;244,75999999999962;5,767508568961;132,241284073;UHE Castro Alves - CAV SNIRH.xlsx;b8f0487a-df73-4f8d-8b22-bb49cf9f3683;https://metadados.snirh.gov.br/files/b8f0487a-df73-4f8d-8b22-bb49cf9f3683/Castro_Alves.zip
Castro Alves;244,91999999999962;244,7699999999996;5,7684453394477;132,29895991985;UHE Castro Alves - CAV SNIRH.xlsx;b8f0487a-df73-4f8d-8b22-bb49cf9f3683;https://metadados.snirh.gov.br/files/b8f0487a-df73-4f8d-8b22-bb49cf9f3683/Castro_Alves.zip
Castro Alves;244,9299999999996;244,7799999999996;5,7693818166140005;132,35664868938;UHE Castro Alves - CAV SNIRH.xlsx;b8f0487a-df73-4f8d-8b22-bb49cf9f3683;https://metadados.snirh.gov.br/files/b8f0487a-df73-4f8d-8b22-bb49cf9f3683/Castro_Alves.zip
Castro Alves;244,9399999999996;244,7899999999996;5,7703180177813;132,41434249542;UHE Castro Alves - CAV SNIRH.xlsx;b8f0487a-df73-4f8d-8b22-bb49cf9f3683;https://metadados.snirh.gov.br/files/b8f0487a-df73-4f8d-8b22-bb49cf9f3683/Castro_Alves.zip
Castro Alves;244,9499999999996;244,79999999999959;5,7712539071665;132,47205249871;UHE Castro Alves - CAV SNIRH.xlsx;b8f0487a-df73-4f8d-8b22-bb49cf9f3683;https://metadados.snirh.gov.br/files/b8f0487a-df73-4f8d-8b22-bb49cf9f3683/Castro_Alves.zip
Castro Alves;244,95999999999958;244,80999999999958;5,7721894566692;132,52977739181;UHE Castro Alves - CAV SNIRH.xlsx;b8f0487a-df73-4f8d-8b22-bb49cf9f3683;https://metadados.snirh.gov.br/files/b8f0487a-df73-4f8d-8b22-bb49cf9f3683/Castro_Alves.zip
Castro Alves;244,96999999999957;244,81999999999957;5,773124595897199;132,58750568108;UHE Castro Alves - CAV SNIRH.xlsx;b8f0487a-df73-4f8d-8b22-bb49cf9f3683;https://metadados.snirh.gov.br/files/b8f0487a-df73-4f8d-8b22-bb49cf9f3683/Castro_Alves.zip
Castro Alves;244,97999999999956;244,82999999999956;5,7740593604074;132,645238466;UHE Castro Alves - CAV SNIRH.xlsx;b8f0487a-df73-4f8d-8b22-bb49cf9f3683;https://metadados.snirh.gov.br/files/b8f0487a-df73-4f8d-8b22-bb49cf9f3683/Castro_Alves.zip
Castro Alves;244,98999999999955;244,83999999999955;5,7749937200224;132,7029837946;UHE Castro Alves - CAV SNIRH.xlsx;b8f0487a-df73-4f8d-8b22-bb49cf9f3683;https://metadados.snirh.gov.br/files/b8f0487a-df73-4f8d-8b22-bb49cf9f3683/Castro_Alves.zip
Castro Alves;244,99999999999955;244,84999999999954;5,7759276602083;132,76073859433;UHE Castro Alves - CAV SNIRH.xlsx;b8f0487a-df73-4f8d-8b22-bb49cf9f3683;https://metadados.snirh.gov.br/files/b8f0487a-df73-4f8d-8b22-bb49cf9f3683/Castro_Alves.zip
Castro Alves;245,00999999999954;244,85999999999953;5,7768612272515;132,81850648256;UHE Castro Alves - CAV SNIRH.xlsx;b8f0487a-df73-4f8d-8b22-bb49cf9f3683;https://metadados.snirh.gov.br/files/b8f0487a-df73-4f8d-8b22-bb49cf9f3683/Castro_Alves.zip
Castro Alves;245,01999999999953;244,86999999999952;5,7777944170658;132,8762830693;UHE Castro Alves - CAV SNIRH.xlsx;b8f0487a-df73-4f8d-8b22-bb49cf9f3683;https://metadados.snirh.gov.br/files/b8f0487a-df73-4f8d-8b22-bb49cf9f3683/Castro_Alves.zip
Castro Alves;245,02999999999952;244,8799999999995;5,7787271593701;132,93406788481;UHE Castro Alves - CAV SNIRH.xlsx;b8f0487a-df73-4f8d-8b22-bb49cf9f3683;https://metadados.snirh.gov.br/files/b8f0487a-df73-4f8d-8b22-bb49cf9f3683/Castro_Alves.zip
Castro Alves;245,0399999999995;244,8899999999995;5,7796594209821;132,99185692470002;UHE Castro Alves - CAV SNIRH.xlsx;b8f0487a-df73-4f8d-8b22-bb49cf9f3683;https://metadados.snirh.gov.br/files/b8f0487a-df73-4f8d-8b22-bb49cf9f3683/Castro_Alves.zip
Castro Alves;245,0499999999995;244,8999999999995;5,7805912589546;133,04966194962;UHE Castro Alves - CAV SNIRH.xlsx;b8f0487a-df73-4f8d-8b22-bb49cf9f3683;https://metadados.snirh.gov.br/files/b8f0487a-df73-4f8d-8b22-bb49cf9f3683/Castro_Alves.zip
Castro Alves;245,0599999999995;244,90999999999948;5,7815226407865;133,10747446253;UHE Castro Alves - CAV SNIRH.xlsx;b8f0487a-df73-4f8d-8b22-bb49cf9f3683;https://metadados.snirh.gov.br/files/b8f0487a-df73-4f8d-8b22-bb49cf9f3683/Castro_Alves.zip
Castro Alves;245,06999999999948;244,91999999999948;5,782453572783;133,16529830611;UHE Castro Alves - CAV SNIRH.xlsx;b8f0487a-df73-4f8d-8b22-bb49cf9f3683;https://metadados.snirh.gov.br/files/b8f0487a-df73-4f8d-8b22-bb49cf9f3683/Castro_Alves.zip
Castro Alves;245,07999999999947;244,92999999999947;5,7833840796475;133,22313025476;UHE Castro Alves - CAV SNIRH.xlsx;b8f0487a-df73-4f8d-8b22-bb49cf9f3683;https://metadados.snirh.gov.br/files/b8f0487a-df73-4f8d-8b22-bb49cf9f3683/Castro_Alves.zip
Castro Alves;245,08999999999946;244,93999999999946;5,7843141115746;133,28097112805;UHE Castro Alves - CAV SNIRH.xlsx;b8f0487a-df73-4f8d-8b22-bb49cf9f3683;https://metadados.snirh.gov.br/files/b8f0487a-df73-4f8d-8b22-bb49cf9f3683/Castro_Alves.zip
Castro Alves;245,09999999999945;244,94999999999945;5,7852436663505;133,33881744798;UHE Castro Alves - CAV SNIRH.xlsx;b8f0487a-df73-4f8d-8b22-bb49cf9f3683;https://metadados.snirh.gov.br/files/b8f0487a-df73-4f8d-8b22-bb49cf9f3683/Castro_Alves.zip
Castro Alves;245,10999999999945;244,95999999999944;5,786172732457101;133,39667672654;UHE Castro Alves - CAV SNIRH.xlsx;b8f0487a-df73-4f8d-8b22-bb49cf9f3683;https://metadados.snirh.gov.br/files/b8f0487a-df73-4f8d-8b22-bb49cf9f3683/Castro_Alves.zip
Castro Alves;245,11999999999944;244,96999999999943;5,7871012545846;133,4545409128;UHE Castro Alves - CAV SNIRH.xlsx;b8f0487a-df73-4f8d-8b22-bb49cf9f3683;https://metadados.snirh.gov.br/files/b8f0487a-df73-4f8d-8b22-bb49cf9f3683/Castro_Alves.zip
Castro Alves;245,12999999999943;244,97999999999942;5,788029278430701;133,51242056048;UHE Castro Alves - CAV SNIRH.xlsx;b8f0487a-df73-4f8d-8b22-bb49cf9f3683;https://metadados.snirh.gov.br/files/b8f0487a-df73-4f8d-8b22-bb49cf9f3683/Castro_Alves.zip
Castro Alves;245,13999999999942;244,9899999999994;5,7889569976343;133,57030775154;UHE Castro Alves - CAV SNIRH.xlsx;b8f0487a-df73-4f8d-8b22-bb49cf9f3683;https://metadados.snirh.gov.br/files/b8f0487a-df73-4f8d-8b22-bb49cf9f3683/Castro_Alves.zip
Castro Alves;245,1499999999994;244,9999999999994;5,7898853551268;133,6282040297;UHE Castro Alves - CAV SNIRH.xlsx;b8f0487a-df73-4f8d-8b22-bb49cf9f3683;https://metadados.snirh.gov.br/files/b8f0487a-df73-4f8d-8b22-bb49cf9f3683/Castro_Alves.zip
Castro Alves;245,1599999999994;245,0099999999994;5,790812847346;133,68610543637;UHE Castro Alves - CAV SNIRH.xlsx;b8f0487a-df73-4f8d-8b22-bb49cf9f3683;https://metadados.snirh.gov.br/files/b8f0487a-df73-4f8d-8b22-bb49cf9f3683/Castro_Alves.zip
Castro Alves;245,1699999999994;245,01999999999938;5,791739852971601;133,74403156252;UHE Castro Alves - CAV SNIRH.xlsx;b8f0487a-df73-4f8d-8b22-bb49cf9f3683;https://metadados.snirh.gov.br/files/b8f0487a-df73-4f8d-8b22-bb49cf9f3683/Castro_Alves.zip
Castro Alves;245,17999999999938;245,02999999999938;5,7926663828926;133,80195718055;UHE Castro Alves - CAV SNIRH.xlsx;b8f0487a-df73-4f8d-8b22-bb49cf9f3683;https://metadados.snirh.gov.br/files/b8f0487a-df73-4f8d-8b22-bb49cf9f3683/Castro_Alves.zip
Castro Alves;245,18999999999937;245,03999999999937;5,7935924682355004;133,85988901998;UHE Castro Alves - CAV SNIRH.xlsx;b8f0487a-df73-4f8d-8b22-bb49cf9f3683;https://metadados.snirh.gov.br/files/b8f0487a-df73-4f8d-8b22-bb49cf9f3683/Castro_Alves.zip
Castro Alves;245,19999999999936;245,04999999999936;5,7945178741921;133,9178305557;UHE Castro Alves - CAV SNIRH.xlsx;b8f0487a-df73-4f8d-8b22-bb49cf9f3683;https://metadados.snirh.gov.br/files/b8f0487a-df73-4f8d-8b22-bb49cf9f3683/Castro_Alves.zip
Castro Alves;245,20999999999935;245,05999999999935;5,795442527814401;133,97578203574;UHE Castro Alves - CAV SNIRH.xlsx;b8f0487a-df73-4f8d-8b22-bb49cf9f3683;https://metadados.snirh.gov.br/files/b8f0487a-df73-4f8d-8b22-bb49cf9f3683/Castro_Alves.zip
Castro Alves;245,21999999999935;245,06999999999934;5,7963666303045;134,03374462335;UHE Castro Alves - CAV SNIRH.xlsx;b8f0487a-df73-4f8d-8b22-bb49cf9f3683;https://metadados.snirh.gov.br/files/b8f0487a-df73-4f8d-8b22-bb49cf9f3683/Castro_Alves.zip
Castro Alves;245,22999999999934;245,07999999999933;5,7972899839115;134,0917189281;UHE Castro Alves - CAV SNIRH.xlsx;b8f0487a-df73-4f8d-8b22-bb49cf9f3683;https://metadados.snirh.gov.br/files/b8f0487a-df73-4f8d-8b22-bb49cf9f3683/Castro_Alves.zip
Castro Alves;245,23999999999933;245,08999999999932;5,7982125650471;134,14969500944;UHE Castro Alves - CAV SNIRH.xlsx;b8f0487a-df73-4f8d-8b22-bb49cf9f3683;https://metadados.snirh.gov.br/files/b8f0487a-df73-4f8d-8b22-bb49cf9f3683/Castro_Alves.zip
Castro Alves;245,24999999999932;245,0999999999993;5,7991343660817;134,20769051994;UHE Castro Alves - CAV SNIRH.xlsx;b8f0487a-df73-4f8d-8b22-bb49cf9f3683;https://metadados.snirh.gov.br/files/b8f0487a-df73-4f8d-8b22-bb49cf9f3683/Castro_Alves.zip
Castro Alves;245,2599999999993;245,1099999999993;5,8000553183995;134,26568905638;UHE Castro Alves - CAV SNIRH.xlsx;b8f0487a-df73-4f8d-8b22-bb49cf9f3683;https://metadados.snirh.gov.br/files/b8f0487a-df73-4f8d-8b22-bb49cf9f3683/Castro_Alves.zip
Castro Alves;245,2699999999993;245,1199999999993;5,8009754927862;134,32370010661;UHE Castro Alves - CAV SNIRH.xlsx;b8f0487a-df73-4f8d-8b22-bb49cf9f3683;https://metadados.snirh.gov.br/files/b8f0487a-df73-4f8d-8b22-bb49cf9f3683/Castro_Alves.zip
Castro Alves;245,2799999999993;245,12999999999928;5,8018948593296;134,38171684417;UHE Castro Alves - CAV SNIRH.xlsx;b8f0487a-df73-4f8d-8b22-bb49cf9f3683;https://metadados.snirh.gov.br/files/b8f0487a-df73-4f8d-8b22-bb49cf9f3683/Castro_Alves.zip
Castro Alves;245,28999999999928;245,13999999999928;5,8028134234752;134,43974733331;UHE Castro Alves - CAV SNIRH.xlsx;b8f0487a-df73-4f8d-8b22-bb49cf9f3683;https://metadados.snirh.gov.br/files/b8f0487a-df73-4f8d-8b22-bb49cf9f3683/Castro_Alves.zip
Castro Alves;245,29999999999927;245,14999999999927;5,8037313626303;134,497783804;UHE Castro Alves - CAV SNIRH.xlsx;b8f0487a-df73-4f8d-8b22-bb49cf9f3683;https://metadados.snirh.gov.br/files/b8f0487a-df73-4f8d-8b22-bb49cf9f3683/Castro_Alves.zip
Castro Alves;245,30999999999926;245,15999999999926;5,8046483066170005;134,55583401463;UHE Castro Alves - CAV SNIRH.xlsx;b8f0487a-df73-4f8d-8b22-bb49cf9f3683;https://metadados.snirh.gov.br/files/b8f0487a-df73-4f8d-8b22-bb49cf9f3683/Castro_Alves.zip
Castro Alves;245,31999999999925;245,16999999999925;5,8055642090323;134,61388672688003;UHE Castro Alves - CAV SNIRH.xlsx;b8f0487a-df73-4f8d-8b22-bb49cf9f3683;https://metadados.snirh.gov.br/files/b8f0487a-df73-4f8d-8b22-bb49cf9f3683/Castro_Alves.zip
Castro Alves;245,32999999999925;245,17999999999924;5,8064791902806006;134,67194959576;UHE Castro Alves - CAV SNIRH.xlsx;b8f0487a-df73-4f8d-8b22-bb49cf9f3683;https://metadados.snirh.gov.br/files/b8f0487a-df73-4f8d-8b22-bb49cf9f3683/Castro_Alves.zip
Castro Alves;245,33999999999924;245,18999999999923;5,8073932380409;134,73001985940002;UHE Castro Alves - CAV SNIRH.xlsx;b8f0487a-df73-4f8d-8b22-bb49cf9f3683;https://metadados.snirh.gov.br/files/b8f0487a-df73-4f8d-8b22-bb49cf9f3683/Castro_Alves.zip
Castro Alves;245,34999999999923;245,19999999999922;5,8083062913092;134,78810213989;UHE Castro Alves - CAV SNIRH.xlsx;b8f0487a-df73-4f8d-8b22-bb49cf9f3683;https://metadados.snirh.gov.br/files/b8f0487a-df73-4f8d-8b22-bb49cf9f3683/Castro_Alves.zip
Castro Alves;245,35999999999922;245,2099999999992;5,809218274928599;134,84619397755;UHE Castro Alves - CAV SNIRH.xlsx;b8f0487a-df73-4f8d-8b22-bb49cf9f3683;https://metadados.snirh.gov.br/files/b8f0487a-df73-4f8d-8b22-bb49cf9f3683/Castro_Alves.zip
Castro Alves;245,3699999999992;245,2199999999992;5,810129379837901;134,90429795382;UHE Castro Alves - CAV SNIRH.xlsx;b8f0487a-df73-4f8d-8b22-bb49cf9f3683;https://metadados.snirh.gov.br/files/b8f0487a-df73-4f8d-8b22-bb49cf9f3683/Castro_Alves.zip
Castro Alves;245,3799999999992;245,2299999999992;5,8110393858797;134,96240797156;UHE Castro Alves - CAV SNIRH.xlsx;b8f0487a-df73-4f8d-8b22-bb49cf9f3683;https://metadados.snirh.gov.br/files/b8f0487a-df73-4f8d-8b22-bb49cf9f3683/Castro_Alves.zip
Castro Alves;245,3899999999992;245,23999999999918;5,8119483458503;135,02052646218;UHE Castro Alves - CAV SNIRH.xlsx;b8f0487a-df73-4f8d-8b22-bb49cf9f3683;https://metadados.snirh.gov.br/files/b8f0487a-df73-4f8d-8b22-bb49cf9f3683/Castro_Alves.zip
Castro Alves;245,39999999999918;245,24999999999918;5,8128592459399995;135,07865712072;UHE Castro Alves - CAV SNIRH.xlsx;b8f0487a-df73-4f8d-8b22-bb49cf9f3683;https://metadados.snirh.gov.br/files/b8f0487a-df73-4f8d-8b22-bb49cf9f3683/Castro_Alves.zip
Castro Alves;245,40999999999917;245,25999999999917;5,8137726532248;135,13679596381;UHE Castro Alves - CAV SNIRH.xlsx;b8f0487a-df73-4f8d-8b22-bb49cf9f3683;https://metadados.snirh.gov.br/files/b8f0487a-df73-4f8d-8b22-bb49cf9f3683/Castro_Alves.zip
Castro Alves;245,41999999999916;245,26999999999916;5,8146855523365995;135,19493759049;UHE Castro Alves - CAV SNIRH.xlsx;b8f0487a-df73-4f8d-8b22-bb49cf9f3683;https://metadados.snirh.gov.br/files/b8f0487a-df73-4f8d-8b22-bb49cf9f3683/Castro_Alves.zip
Castro Alves;245,42999999999915;245,27999999999915;5,8156006804757;135,25309439889;UHE Castro Alves - CAV SNIRH.xlsx;b8f0487a-df73-4f8d-8b22-bb49cf9f3683;https://metadados.snirh.gov.br/files/b8f0487a-df73-4f8d-8b22-bb49cf9f3683/Castro_Alves.zip
Castro Alves;245,43999999999915;245,28999999999914;5,8165183997600005;135,31126793871002;UHE Castro Alves - CAV SNIRH.xlsx;b8f0487a-df73-4f8d-8b22-bb49cf9f3683;https://metadados.snirh.gov.br/files/b8f0487a-df73-4f8d-8b22-bb49cf9f3683/Castro_Alves.zip
Castro Alves;245,44999999999914;245,29999999999913;5,8174368010198;135,36944382356;UHE Castro Alves - CAV SNIRH.xlsx;b8f0487a-df73-4f8d-8b22-bb49cf9f3683;https://metadados.snirh.gov.br/files/b8f0487a-df73-4f8d-8b22-bb49cf9f3683/Castro_Alves.zip
Castro Alves;245,45999999999913;245,30999999999912;5,8183486278389;135,42762245805002;UHE Castro Alves - CAV SNIRH.xlsx;b8f0487a-df73-4f8d-8b22-bb49cf9f3683;https://metadados.snirh.gov.br/files/b8f0487a-df73-4f8d-8b22-bb49cf9f3683/Castro_Alves.zip
Castro Alves;245,46999999999912;245,3199999999991;5,8192549135011;135,48581655978;UHE Castro Alves - CAV SNIRH.xlsx;b8f0487a-df73-4f8d-8b22-bb49cf9f3683;https://metadados.snirh.gov.br/files/b8f0487a-df73-4f8d-8b22-bb49cf9f3683/Castro_Alves.zip
Castro Alves;245,4799999999991;245,3299999999991;5,8201578321178;135,54401950529999;UHE Castro Alves - CAV SNIRH.xlsx;b8f0487a-df73-4f8d-8b22-bb49cf9f3683;https://metadados.snirh.gov.br/files/b8f0487a-df73-4f8d-8b22-bb49cf9f3683/Castro_Alves.zip
Castro Alves;245,4899999999991;245,3399999999991;5,821057981795;135,6022332735;UHE Castro Alves - CAV SNIRH.xlsx;b8f0487a-df73-4f8d-8b22-bb49cf9f3683;https://metadados.snirh.gov.br/files/b8f0487a-df73-4f8d-8b22-bb49cf9f3683/Castro_Alves.zip
Castro Alves;245,4999999999991;245,34999999999908;5,8219549430551;135,66045659667998;UHE Castro Alves - CAV SNIRH.xlsx;b8f0487a-df73-4f8d-8b22-bb49cf9f3683;https://metadados.snirh.gov.br/files/b8f0487a-df73-4f8d-8b22-bb49cf9f3683/Castro_Alves.zip
Castro Alves;245,50999999999908;245,35999999999908;5,8228487534412;135,71868871781;UHE Castro Alves - CAV SNIRH.xlsx;b8f0487a-df73-4f8d-8b22-bb49cf9f3683;https://metadados.snirh.gov.br/files/b8f0487a-df73-4f8d-8b22-bb49cf9f3683/Castro_Alves.zip
Castro Alves;245,51999999999907;245,36999999999907;5,8237394581084;135,7769309664;UHE Castro Alves - CAV SNIRH.xlsx;b8f0487a-df73-4f8d-8b22-bb49cf9f3683;https://metadados.snirh.gov.br/files/b8f0487a-df73-4f8d-8b22-bb49cf9f3683/Castro_Alves.zip
Castro Alves;245,52999999999906;245,37999999999906;5,824627290997499;135,83518169717;UHE Castro Alves - CAV SNIRH.xlsx;b8f0487a-df73-4f8d-8b22-bb49cf9f3683;https://metadados.snirh.gov.br/files/b8f0487a-df73-4f8d-8b22-bb49cf9f3683/Castro_Alves.zip
Castro Alves;245,53999999999905;245,38999999999905;5,8255121578085;135,89343593488;UHE Castro Alves - CAV SNIRH.xlsx;b8f0487a-df73-4f8d-8b22-bb49cf9f3683;https://metadados.snirh.gov.br/files/b8f0487a-df73-4f8d-8b22-bb49cf9f3683/Castro_Alves.zip
Castro Alves;245,54999999999905;245,39999999999904;5,8263939807086995;135,95170216318;UHE Castro Alves - CAV SNIRH.xlsx;b8f0487a-df73-4f8d-8b22-bb49cf9f3683;https://metadados.snirh.gov.br/files/b8f0487a-df73-4f8d-8b22-bb49cf9f3683/Castro_Alves.zip
Castro Alves;245,55999999999904;245,40999999999903;5,8272728424308005;136,00997601362;UHE Castro Alves - CAV SNIRH.xlsx;b8f0487a-df73-4f8d-8b22-bb49cf9f3683;https://metadados.snirh.gov.br/files/b8f0487a-df73-4f8d-8b22-bb49cf9f3683/Castro_Alves.zip
Castro Alves;245,56999999999903;245,41999999999902;5,8281481765047;136,06826218937002;UHE Castro Alves - CAV SNIRH.xlsx;b8f0487a-df73-4f8d-8b22-bb49cf9f3683;https://metadados.snirh.gov.br/files/b8f0487a-df73-4f8d-8b22-bb49cf9f3683/Castro_Alves.zip
Castro Alves;245,57999999999902;245,429999999999;5,8290199370682;136,12655516217;UHE Castro Alves - CAV SNIRH.xlsx;b8f0487a-df73-4f8d-8b22-bb49cf9f3683;https://metadados.snirh.gov.br/files/b8f0487a-df73-4f8d-8b22-bb49cf9f3683/Castro_Alves.zip
Castro Alves;245,589999999999;245,439999999999;5,829888326615;136,18485562580003;UHE Castro Alves - CAV SNIRH.xlsx;b8f0487a-df73-4f8d-8b22-bb49cf9f3683;https://metadados.snirh.gov.br/files/b8f0487a-df73-4f8d-8b22-bb49cf9f3683/Castro_Alves.zip
Castro Alves;245,599999999999;245,449999999999;5,8307531630735;136,24317027855;UHE Castro Alves - CAV SNIRH.xlsx;b8f0487a-df73-4f8d-8b22-bb49cf9f3683;https://metadados.snirh.gov.br/files/b8f0487a-df73-4f8d-8b22-bb49cf9f3683/Castro_Alves.zip
Castro Alves;245,609999999999;245,45999999999898;5,8316142114447995;136,30149053934;UHE Castro Alves - CAV SNIRH.xlsx;b8f0487a-df73-4f8d-8b22-bb49cf9f3683;https://metadados.snirh.gov.br/files/b8f0487a-df73-4f8d-8b22-bb49cf9f3683/Castro_Alves.zip
Castro Alves;245,61999999999898;245,46999999999898;5,8324713765865;136,35981789171;UHE Castro Alves - CAV SNIRH.xlsx;b8f0487a-df73-4f8d-8b22-bb49cf9f3683;https://metadados.snirh.gov.br/files/b8f0487a-df73-4f8d-8b22-bb49cf9f3683/Castro_Alves.zip
Castro Alves;245,62999999999897;245,47999999999897;5,833324614964;136,41815683034;UHE Castro Alves - CAV SNIRH.xlsx;b8f0487a-df73-4f8d-8b22-bb49cf9f3683;https://metadados.snirh.gov.br/files/b8f0487a-df73-4f8d-8b22-bb49cf9f3683/Castro_Alves.zip
Castro Alves;245,63999999999896;245,48999999999896;5,8341737793926;136,47650283329;UHE Castro Alves - CAV SNIRH.xlsx;b8f0487a-df73-4f8d-8b22-bb49cf9f3683;https://metadados.snirh.gov.br/files/b8f0487a-df73-4f8d-8b22-bb49cf9f3683/Castro_Alves.zip
Castro Alves;245,64999999999895;245,49999999999895;5,835018738304;136,53486345914;UHE Castro Alves - CAV SNIRH.xlsx;b8f0487a-df73-4f8d-8b22-bb49cf9f3683;https://metadados.snirh.gov.br/files/b8f0487a-df73-4f8d-8b22-bb49cf9f3683/Castro_Alves.zip
Castro Alves;245,65999999999894;245,50999999999894;5,8358591248188;136,59322800452;UHE Castro Alves - CAV SNIRH.xlsx;b8f0487a-df73-4f8d-8b22-bb49cf9f3683;https://metadados.snirh.gov.br/files/b8f0487a-df73-4f8d-8b22-bb49cf9f3683/Castro_Alves.zip
Castro Alves;245,66999999999894;245,51999999999893;5,8366948150706;136,651600968;UHE Castro Alves - CAV SNIRH.xlsx;b8f0487a-df73-4f8d-8b22-bb49cf9f3683;https://metadados.snirh.gov.br/files/b8f0487a-df73-4f8d-8b22-bb49cf9f3683/Castro_Alves.zip
Castro Alves;245,67999999999893;245,52999999999892;5,8375258901082;136,70998492622;UHE Castro Alves - CAV SNIRH.xlsx;b8f0487a-df73-4f8d-8b22-bb49cf9f3683;https://metadados.snirh.gov.br/files/b8f0487a-df73-4f8d-8b22-bb49cf9f3683/Castro_Alves.zip
Castro Alves;245,68999999999892;245,5399999999989;5,8383538988992;136,76838169713;UHE Castro Alves - CAV SNIRH.xlsx;b8f0487a-df73-4f8d-8b22-bb49cf9f3683;https://metadados.snirh.gov.br/files/b8f0487a-df73-4f8d-8b22-bb49cf9f3683/Castro_Alves.zip
Castro Alves;245,6999999999989;245,5499999999989;5,8391852534469;136,82678615974;UHE Castro Alves - CAV SNIRH.xlsx;b8f0487a-df73-4f8d-8b22-bb49cf9f3683;https://metadados.snirh.gov.br/files/b8f0487a-df73-4f8d-8b22-bb49cf9f3683/Castro_Alves.zip
Castro Alves;245,7099999999989;245,5599999999989;5,8400120547137;136,88519556426002;UHE Castro Alves - CAV SNIRH.xlsx;b8f0487a-df73-4f8d-8b22-bb49cf9f3683;https://metadados.snirh.gov.br/files/b8f0487a-df73-4f8d-8b22-bb49cf9f3683/Castro_Alves.zip
Castro Alves;245,7199999999989;245,56999999999888;5,8408342788322;136,94360633322998;UHE Castro Alves - CAV SNIRH.xlsx;b8f0487a-df73-4f8d-8b22-bb49cf9f3683;https://metadados.snirh.gov.br/files/b8f0487a-df73-4f8d-8b22-bb49cf9f3683/Castro_Alves.zip
Castro Alves;245,72999999999888;245,57999999999888;5,8416518490183;137,00203174235;UHE Castro Alves - CAV SNIRH.xlsx;b8f0487a-df73-4f8d-8b22-bb49cf9f3683;https://metadados.snirh.gov.br/files/b8f0487a-df73-4f8d-8b22-bb49cf9f3683/Castro_Alves.zip
Castro Alves;245,73999999999887;245,58999999999887;5,842465304487201;137,06046437667;UHE Castro Alves - CAV SNIRH.xlsx;b8f0487a-df73-4f8d-8b22-bb49cf9f3683;https://metadados.snirh.gov.br/files/b8f0487a-df73-4f8d-8b22-bb49cf9f3683/Castro_Alves.zip
Castro Alves;245,74999999999886;245,59999999999886;5,8432746884926;137,11890973317;UHE Castro Alves - CAV SNIRH.xlsx;b8f0487a-df73-4f8d-8b22-bb49cf9f3683;https://metadados.snirh.gov.br/files/b8f0487a-df73-4f8d-8b22-bb49cf9f3683/Castro_Alves.zip
Castro Alves;245,75999999999885;245,60999999999885;5,844080447688;137,17736235709;UHE Castro Alves - CAV SNIRH.xlsx;b8f0487a-df73-4f8d-8b22-bb49cf9f3683;https://metadados.snirh.gov.br/files/b8f0487a-df73-4f8d-8b22-bb49cf9f3683/Castro_Alves.zip
Castro Alves;245,76999999999884;245,61999999999884;5,844878917309;137,23582190593;UHE Castro Alves - CAV SNIRH.xlsx;b8f0487a-df73-4f8d-8b22-bb49cf9f3683;https://metadados.snirh.gov.br/files/b8f0487a-df73-4f8d-8b22-bb49cf9f3683/Castro_Alves.zip
Castro Alves;245,77999999999884;245,62999999999883;5,8456711499802;137,29428770522;UHE Castro Alves - CAV SNIRH.xlsx;b8f0487a-df73-4f8d-8b22-bb49cf9f3683;https://metadados.snirh.gov.br/files/b8f0487a-df73-4f8d-8b22-bb49cf9f3683/Castro_Alves.zip
Castro Alves;245,78999999999883;245,63999999999882;5,8464575028187;137,35276765379;UHE Castro Alves - CAV SNIRH.xlsx;b8f0487a-df73-4f8d-8b22-bb49cf9f3683;https://metadados.snirh.gov.br/files/b8f0487a-df73-4f8d-8b22-bb49cf9f3683/Castro_Alves.zip
Castro Alves;245,79999999999882;245,6499999999988;5,847237225710599;137,41125193999002;UHE Castro Alves - CAV SNIRH.xlsx;b8f0487a-df73-4f8d-8b22-bb49cf9f3683;https://metadados.snirh.gov.br/files/b8f0487a-df73-4f8d-8b22-bb49cf9f3683/Castro_Alves.zip
Castro Alves;245,8099999999988;245,6599999999988;5,8480094199294;137,46974663155;UHE Castro Alves - CAV SNIRH.xlsx;b8f0487a-df73-4f8d-8b22-bb49cf9f3683;https://metadados.snirh.gov.br/files/b8f0487a-df73-4f8d-8b22-bb49cf9f3683/Castro_Alves.zip
Castro Alves;245,8199999999988;245,6699999999988;5,8487740351487;137,52824870296;UHE Castro Alves - CAV SNIRH.xlsx;b8f0487a-df73-4f8d-8b22-bb49cf9f3683;https://metadados.snirh.gov.br/files/b8f0487a-df73-4f8d-8b22-bb49cf9f3683/Castro_Alves.zip
Castro Alves;245,8299999999988;245,67999999999878;5,8495296257307;137,58675859058;UHE Castro Alves - CAV SNIRH.xlsx;b8f0487a-df73-4f8d-8b22-bb49cf9f3683;https://metadados.snirh.gov.br/files/b8f0487a-df73-4f8d-8b22-bb49cf9f3683/Castro_Alves.zip
Castro Alves;245,83999999999878;245,68999999999878;5,8502779136426;137,64527694903998;UHE Castro Alves - CAV SNIRH.xlsx;b8f0487a-df73-4f8d-8b22-bb49cf9f3683;https://metadados.snirh.gov.br/files/b8f0487a-df73-4f8d-8b22-bb49cf9f3683/Castro_Alves.zip
Castro Alves;245,84999999999877;245,69999999999877;5,8510187522041;137,70380528507;UHE Castro Alves - CAV SNIRH.xlsx;b8f0487a-df73-4f8d-8b22-bb49cf9f3683;https://metadados.snirh.gov.br/files/b8f0487a-df73-4f8d-8b22-bb49cf9f3683/Castro_Alves.zip
Castro Alves;245,85999999999876;245,70999999999876;5,8517520234281;137,76233873724;UHE Castro Alves - CAV SNIRH.xlsx;b8f0487a-df73-4f8d-8b22-bb49cf9f3683;https://metadados.snirh.gov.br/files/b8f0487a-df73-4f8d-8b22-bb49cf9f3683/Castro_Alves.zip
Castro Alves;245,86999999999875;245,71999999999875;5,852477410876199;137,82087657348998;UHE Castro Alves - CAV SNIRH.xlsx;b8f0487a-df73-4f8d-8b22-bb49cf9f3683;https://metadados.snirh.gov.br/files/b8f0487a-df73-4f8d-8b22-bb49cf9f3683/Castro_Alves.zip
Castro Alves;245,87999999999874;245,72999999999874;5,8531947532452;137,87942900881;UHE Castro Alves - CAV SNIRH.xlsx;b8f0487a-df73-4f8d-8b22-bb49cf9f3683;https://metadados.snirh.gov.br/files/b8f0487a-df73-4f8d-8b22-bb49cf9f3683/Castro_Alves.zip
Castro Alves;245,88999999999874;245,73999999999873;5,8539042476619;137,93798409205;UHE Castro Alves - CAV SNIRH.xlsx;b8f0487a-df73-4f8d-8b22-bb49cf9f3683;https://metadados.snirh.gov.br/files/b8f0487a-df73-4f8d-8b22-bb49cf9f3683/Castro_Alves.zip
Castro Alves;245,89999999999873;245,74999999999872;5,8546054456781995;137,99655180842998;UHE Castro Alves - CAV SNIRH.xlsx;b8f0487a-df73-4f8d-8b22-bb49cf9f3683;https://metadados.snirh.gov.br/files/b8f0487a-df73-4f8d-8b22-bb49cf9f3683/Castro_Alves.zip
Castro Alves;245,90999999999872;245,7599999999987;5,8552984051281;138,05512240135;UHE Castro Alves - CAV SNIRH.xlsx;b8f0487a-df73-4f8d-8b22-bb49cf9f3683;https://metadados.snirh.gov.br/files/b8f0487a-df73-4f8d-8b22-bb49cf9f3683/Castro_Alves.zip
Castro Alves;245,9199999999987;245,7699999999987;5,8559830139625;138,11370517804;UHE Castro Alves - CAV SNIRH.xlsx;b8f0487a-df73-4f8d-8b22-bb49cf9f3683;https://metadados.snirh.gov.br/files/b8f0487a-df73-4f8d-8b22-bb49cf9f3683/Castro_Alves.zip
Castro Alves;245,9299999999987;245,7799999999987;5,8566588230454;138,17229295311;UHE Castro Alves - CAV SNIRH.xlsx;b8f0487a-df73-4f8d-8b22-bb49cf9f3683;https://metadados.snirh.gov.br/files/b8f0487a-df73-4f8d-8b22-bb49cf9f3683/Castro_Alves.zip
Castro Alves;245,9399999999987;245,78999999999868;5,857325644037401;138,23089281785;UHE Castro Alves - CAV SNIRH.xlsx;b8f0487a-df73-4f8d-8b22-bb49cf9f3683;https://metadados.snirh.gov.br/files/b8f0487a-df73-4f8d-8b22-bb49cf9f3683/Castro_Alves.zip
Castro Alves;245,94999999999868;245,79999999999868;5,8579838005422;138,28949325674;UHE Castro Alves - CAV SNIRH.xlsx;b8f0487a-df73-4f8d-8b22-bb49cf9f3683;https://metadados.snirh.gov.br/files/b8f0487a-df73-4f8d-8b22-bb49cf9f3683/Castro_Alves.zip
Castro Alves;245,95999999999867;245,80999999999867;5,8586339459542;138,34810149954;UHE Castro Alves - CAV SNIRH.xlsx;b8f0487a-df73-4f8d-8b22-bb49cf9f3683;https://metadados.snirh.gov.br/files/b8f0487a-df73-4f8d-8b22-bb49cf9f3683/Castro_Alves.zip
Castro Alves;245,96999999999866;245,81999999999866;5,8592773570855;138,40672173387;UHE Castro Alves - CAV SNIRH.xlsx;b8f0487a-df73-4f8d-8b22-bb49cf9f3683;https://metadados.snirh.gov.br/files/b8f0487a-df73-4f8d-8b22-bb49cf9f3683/Castro_Alves.zip
Castro Alves;245,97999999999865;245,82999999999865;5,8599109230502;138,46534613034;UHE Castro Alves - CAV SNIRH.xlsx;b8f0487a-df73-4f8d-8b22-bb49cf9f3683;https://metadados.snirh.gov.br/files/b8f0487a-df73-4f8d-8b22-bb49cf9f3683/Castro_Alves.zip
Castro Alves;245,98999999999864;245,83999999999864;5,8605303788905;138,52397693677;UHE Castro Alves - CAV SNIRH.xlsx;b8f0487a-df73-4f8d-8b22-bb49cf9f3683;https://metadados.snirh.gov.br/files/b8f0487a-df73-4f8d-8b22-bb49cf9f3683/Castro_Alves.zip
Castro Alves;245,99999999999864;245,84999999999863;5,8611378899631;138,58261576527;UHE Castro Alves - CAV SNIRH.xlsx;b8f0487a-df73-4f8d-8b22-bb49cf9f3683;https://metadados.snirh.gov.br/files/b8f0487a-df73-4f8d-8b22-bb49cf9f3683/Castro_Alves.zip
Castro Alves;246,00999999999863;245,85999999999862;5,8617339152841;138,64126149376;UHE Castro Alves - CAV SNIRH.xlsx;b8f0487a-df73-4f8d-8b22-bb49cf9f3683;https://metadados.snirh.gov.br/files/b8f0487a-df73-4f8d-8b22-bb49cf9f3683/Castro_Alves.zip
Castro Alves;246,01999999999862;245,8699999999986;5,8623186809326;138,69991146273;UHE Castro Alves - CAV SNIRH.xlsx;b8f0487a-df73-4f8d-8b22-bb49cf9f3683;https://metadados.snirh.gov.br/files/b8f0487a-df73-4f8d-8b22-bb49cf9f3683/Castro_Alves.zip
Castro Alves;246,0299999999986;245,8799999999986;5,8628923959443;138,75856943194;UHE Castro Alves - CAV SNIRH.xlsx;b8f0487a-df73-4f8d-8b22-bb49cf9f3683;https://metadados.snirh.gov.br/files/b8f0487a-df73-4f8d-8b22-bb49cf9f3683/Castro_Alves.zip
Castro Alves;246,0399999999986;245,8899999999986;5,8634549748939;138,81723667372998;UHE Castro Alves - CAV SNIRH.xlsx;b8f0487a-df73-4f8d-8b22-bb49cf9f3683;https://metadados.snirh.gov.br/files/b8f0487a-df73-4f8d-8b22-bb49cf9f3683/Castro_Alves.zip
Castro Alves;246,0499999999986;245,89999999999858;5,8640061318949;138,87590899564998;UHE Castro Alves - CAV SNIRH.xlsx;b8f0487a-df73-4f8d-8b22-bb49cf9f3683;https://metadados.snirh.gov.br/files/b8f0487a-df73-4f8d-8b22-bb49cf9f3683/Castro_Alves.zip
Castro Alves;246,05999999999858;245,90999999999858;5,8645457231745;138,93458694125;UHE Castro Alves - CAV SNIRH.xlsx;b8f0487a-df73-4f8d-8b22-bb49cf9f3683;https://metadados.snirh.gov.br/files/b8f0487a-df73-4f8d-8b22-bb49cf9f3683/Castro_Alves.zip
Castro Alves;246,06999999999857;245,91999999999857;5,8650740045998;138,99327254975;UHE Castro Alves - CAV SNIRH.xlsx;b8f0487a-df73-4f8d-8b22-bb49cf9f3683;https://metadados.snirh.gov.br/files/b8f0487a-df73-4f8d-8b22-bb49cf9f3683/Castro_Alves.zip
Castro Alves;246,07999999999856;245,92999999999856;5,865591282667901;139,05196481771;UHE Castro Alves - CAV SNIRH.xlsx;b8f0487a-df73-4f8d-8b22-bb49cf9f3683;https://metadados.snirh.gov.br/files/b8f0487a-df73-4f8d-8b22-bb49cf9f3683/Castro_Alves.zip
Castro Alves;246,08999999999855;245,93999999999855;5,8661030759699;139,11065667551;UHE Castro Alves - CAV SNIRH.xlsx;b8f0487a-df73-4f8d-8b22-bb49cf9f3683;https://metadados.snirh.gov.br/files/b8f0487a-df73-4f8d-8b22-bb49cf9f3683/Castro_Alves.zip
Castro Alves;246,09999999999854;245,94999999999854;5,866599544164;139,16935814453;UHE Castro Alves - CAV SNIRH.xlsx;b8f0487a-df73-4f8d-8b22-bb49cf9f3683;https://metadados.snirh.gov.br/files/b8f0487a-df73-4f8d-8b22-bb49cf9f3683/Castro_Alves.zip
Castro Alves;246,10999999999854;245,95999999999853;5,8670832444513;139,22806176251999;UHE Castro Alves - CAV SNIRH.xlsx;b8f0487a-df73-4f8d-8b22-bb49cf9f3683;https://metadados.snirh.gov.br/files/b8f0487a-df73-4f8d-8b22-bb49cf9f3683/Castro_Alves.zip
Castro Alves;246,11999999999853;245,96999999999852;5,867554067308;139,28677433611;UHE Castro Alves - CAV SNIRH.xlsx;b8f0487a-df73-4f8d-8b22-bb49cf9f3683;https://metadados.snirh.gov.br/files/b8f0487a-df73-4f8d-8b22-bb49cf9f3683/Castro_Alves.zip
Castro Alves;246,12999999999852;245,9799999999985;5,86801257053;139,3454910353;UHE Castro Alves - CAV SNIRH.xlsx;b8f0487a-df73-4f8d-8b22-bb49cf9f3683;https://metadados.snirh.gov.br/files/b8f0487a-df73-4f8d-8b22-bb49cf9f3683/Castro_Alves.zip
Castro Alves;246,1399999999985;245,9899999999985;5,8684582480694;139,40421123432;UHE Castro Alves - CAV SNIRH.xlsx;b8f0487a-df73-4f8d-8b22-bb49cf9f3683;https://metadados.snirh.gov.br/files/b8f0487a-df73-4f8d-8b22-bb49cf9f3683/Castro_Alves.zip
Castro Alves;246,1499999999985;245,9999999999985;5,8688916470005;139,46293546532;UHE Castro Alves - CAV SNIRH.xlsx;b8f0487a-df73-4f8d-8b22-bb49cf9f3683;https://metadados.snirh.gov.br/files/b8f0487a-df73-4f8d-8b22-bb49cf9f3683/Castro_Alves.zip
Castro Alves;246,1599999999985;246,00999999999848;5,8693127047699;139,52166737601;UHE Castro Alves - CAV SNIRH.xlsx;b8f0487a-df73-4f8d-8b22-bb49cf9f3683;https://metadados.snirh.gov.br/files/b8f0487a-df73-4f8d-8b22-bb49cf9f3683/Castro_Alves.zip
Castro Alves;246,16999999999848;246,01999999999848;5,869721265774801;139,58040250039;UHE Castro Alves - CAV SNIRH.xlsx;b8f0487a-df73-4f8d-8b22-bb49cf9f3683;https://metadados.snirh.gov.br/files/b8f0487a-df73-4f8d-8b22-bb49cf9f3683/Castro_Alves.zip
Castro Alves;246,17999999999847;246,02999999999847;5,870117341496201;139,63914415127;UHE Castro Alves - CAV SNIRH.xlsx;b8f0487a-df73-4f8d-8b22-bb49cf9f3683;https://metadados.snirh.gov.br/files/b8f0487a-df73-4f8d-8b22-bb49cf9f3683/Castro_Alves.zip
Castro Alves;246,18999999999846;246,03999999999846;5,8705008998525;139,69788365308;UHE Castro Alves - CAV SNIRH.xlsx;b8f0487a-df73-4f8d-8b22-bb49cf9f3683;https://metadados.snirh.gov.br/files/b8f0487a-df73-4f8d-8b22-bb49cf9f3683/Castro_Alves.zip
Castro Alves;246,19999999999845;246,04999999999845;5,870872192206201;139,75662831022998;UHE Castro Alves - CAV SNIRH.xlsx;b8f0487a-df73-4f8d-8b22-bb49cf9f3683;https://metadados.snirh.gov.br/files/b8f0487a-df73-4f8d-8b22-bb49cf9f3683/Castro_Alves.zip
Castro Alves;246,20999999999844;246,05999999999844;5,8712312374045;139,81538027608002;UHE Castro Alves - CAV SNIRH.xlsx;b8f0487a-df73-4f8d-8b22-bb49cf9f3683;https://metadados.snirh.gov.br/files/b8f0487a-df73-4f8d-8b22-bb49cf9f3683/Castro_Alves.zip
Castro Alves;246,21999999999844;246,06999999999843;5,8715782246826;139,87413520792;UHE Castro Alves - CAV SNIRH.xlsx;b8f0487a-df73-4f8d-8b22-bb49cf9f3683;https://metadados.snirh.gov.br/files/b8f0487a-df73-4f8d-8b22-bb49cf9f3683/Castro_Alves.zip
Castro Alves;246,22999999999843;246,07999999999842;5,871913444516;139,93288965803998;UHE Castro Alves - CAV SNIRH.xlsx;b8f0487a-df73-4f8d-8b22-bb49cf9f3683;https://metadados.snirh.gov.br/files/b8f0487a-df73-4f8d-8b22-bb49cf9f3683/Castro_Alves.zip
Castro Alves;246,23999999999842;246,0899999999984;5,872237021479;139,99164934479998;UHE Castro Alves - CAV SNIRH.xlsx;b8f0487a-df73-4f8d-8b22-bb49cf9f3683;https://metadados.snirh.gov.br/files/b8f0487a-df73-4f8d-8b22-bb49cf9f3683/Castro_Alves.zip
Castro Alves;246,2499999999984;246,0999999999984;5,872548959560801;140,05040735705998;UHE Castro Alves - CAV SNIRH.xlsx;b8f0487a-df73-4f8d-8b22-bb49cf9f3683;https://metadados.snirh.gov.br/files/b8f0487a-df73-4f8d-8b22-bb49cf9f3683/Castro_Alves.zip
Castro Alves;246,2599999999984;246,1099999999984;5,8728494890287;140,10917173079;UHE Castro Alves - CAV SNIRH.xlsx;b8f0487a-df73-4f8d-8b22-bb49cf9f3683;https://metadados.snirh.gov.br/files/b8f0487a-df73-4f8d-8b22-bb49cf9f3683/Castro_Alves.zip
Castro Alves;246,2699999999984;246,11999999999838;5,8731385443774;140,16793912518;UHE Castro Alves - CAV SNIRH.xlsx;b8f0487a-df73-4f8d-8b22-bb49cf9f3683;https://metadados.snirh.gov.br/files/b8f0487a-df73-4f8d-8b22-bb49cf9f3683/Castro_Alves.zip
Castro Alves;246,27999999999838;246,12999999999838;5,8734163623164;140,22670931976;UHE Castro Alves - CAV SNIRH.xlsx;b8f0487a-df73-4f8d-8b22-bb49cf9f3683;https://metadados.snirh.gov.br/files/b8f0487a-df73-4f8d-8b22-bb49cf9f3683/Castro_Alves.zip
Castro Alves;246,28999999999837;246,13999999999837;5,8736831006225;140,28548103036002;UHE Castro Alves - CAV SNIRH.xlsx;b8f0487a-df73-4f8d-8b22-bb49cf9f3683;https://metadados.snirh.gov.br/files/b8f0487a-df73-4f8d-8b22-bb49cf9f3683/Castro_Alves.zip
Castro Alves;246,29999999999836;246,14999999999836;5,8739385859963;140,34425486924;UHE Castro Alves - CAV SNIRH.xlsx;b8f0487a-df73-4f8d-8b22-bb49cf9f3683;https://metadados.snirh.gov.br/files/b8f0487a-df73-4f8d-8b22-bb49cf9f3683/Castro_Alves.zip
Castro Alves;246,30999999999835;246,15999999999835;5,8741832194074;140,40303021018002;UHE Castro Alves - CAV SNIRH.xlsx;b8f0487a-df73-4f8d-8b22-bb49cf9f3683;https://metadados.snirh.gov.br/files/b8f0487a-df73-4f8d-8b22-bb49cf9f3683/Castro_Alves.zip
Castro Alves;246,31999999999834;246,16999999999834;5,8744173194464;140,46181217122;UHE Castro Alves - CAV SNIRH.xlsx;b8f0487a-df73-4f8d-8b22-bb49cf9f3683;https://metadados.snirh.gov.br/files/b8f0487a-df73-4f8d-8b22-bb49cf9f3683/Castro_Alves.zip
Castro Alves;246,32999999999834;246,17999999999833;5,874640864116;140,52059059194;UHE Castro Alves - CAV SNIRH.xlsx;b8f0487a-df73-4f8d-8b22-bb49cf9f3683;https://metadados.snirh.gov.br/files/b8f0487a-df73-4f8d-8b22-bb49cf9f3683/Castro_Alves.zip
Castro Alves;246,33999999999833;246,18999999999832;5,874853791234299;140,57937346805;UHE Castro Alves - CAV SNIRH.xlsx;b8f0487a-df73-4f8d-8b22-bb49cf9f3683;https://metadados.snirh.gov.br/files/b8f0487a-df73-4f8d-8b22-bb49cf9f3683/Castro_Alves.zip
Castro Alves;246,34999999999832;246,1999999999983;5,875055620779801;140,6381603107;UHE Castro Alves - CAV SNIRH.xlsx;b8f0487a-df73-4f8d-8b22-bb49cf9f3683;https://metadados.snirh.gov.br/files/b8f0487a-df73-4f8d-8b22-bb49cf9f3683/Castro_Alves.zip
Castro Alves;246,3599999999983;246,2099999999983;5,875246558357301;140,69695005924;UHE Castro Alves - CAV SNIRH.xlsx;b8f0487a-df73-4f8d-8b22-bb49cf9f3683;https://metadados.snirh.gov.br/files/b8f0487a-df73-4f8d-8b22-bb49cf9f3683/Castro_Alves.zip
Castro Alves;246,3699999999983;246,2199999999983;5,8754272002869;140,75574288559;UHE Castro Alves - CAV SNIRH.xlsx;b8f0487a-df73-4f8d-8b22-bb49cf9f3683;https://metadados.snirh.gov.br/files/b8f0487a-df73-4f8d-8b22-bb49cf9f3683/Castro_Alves.zip
Castro Alves;246,3799999999983;246,22999999999828;5,8755981343451005;140,81453451605;UHE Castro Alves - CAV SNIRH.xlsx;b8f0487a-df73-4f8d-8b22-bb49cf9f3683;https://metadados.snirh.gov.br/files/b8f0487a-df73-4f8d-8b22-bb49cf9f3683/Castro_Alves.zip
Castro Alves;246,38999999999828;246,23999999999828;5,875757960269301;140,87332380424;UHE Castro Alves - CAV SNIRH.xlsx;b8f0487a-df73-4f8d-8b22-bb49cf9f3683;https://metadados.snirh.gov.br/files/b8f0487a-df73-4f8d-8b22-bb49cf9f3683/Castro_Alves.zip
Castro Alves;246,39999999999827;246,24999999999827;5,8759067720887;140,9321174765;UHE Castro Alves - CAV SNIRH.xlsx;b8f0487a-df73-4f8d-8b22-bb49cf9f3683;https://metadados.snirh.gov.br/files/b8f0487a-df73-4f8d-8b22-bb49cf9f3683/Castro_Alves.zip
Castro Alves;246,40999999999826;246,25999999999826;5,876046812641801;140,99091069484;UHE Castro Alves - CAV SNIRH.xlsx;b8f0487a-df73-4f8d-8b22-bb49cf9f3683;https://metadados.snirh.gov.br/files/b8f0487a-df73-4f8d-8b22-bb49cf9f3683/Castro_Alves.zip
Castro Alves;246,41999999999825;246,26999999999825;5,8761727174342;141,04970659235002;UHE Castro Alves - CAV SNIRH.xlsx;b8f0487a-df73-4f8d-8b22-bb49cf9f3683;https://metadados.snirh.gov.br/files/b8f0487a-df73-4f8d-8b22-bb49cf9f3683/Castro_Alves.zip
Castro Alves;246,43;246,28;5,8762843339398;141,10850279733;UHE Castro Alves - CAV SNIRH.xlsx;b8f0487a-df73-4f8d-8b22-bb49cf9f3683;https://metadados.snirh.gov.br/files/b8f0487a-df73-4f8d-8b22-bb49cf9f3683/Castro_Alves.zip
Castro Alves;246,44;246,29;5,8763810619706;141,16729553913999;UHE Castro Alves - CAV SNIRH.xlsx;b8f0487a-df73-4f8d-8b22-bb49cf9f3683;https://metadados.snirh.gov.br/files/b8f0487a-df73-4f8d-8b22-bb49cf9f3683/Castro_Alves.zip
