data;vazao
1940-01-01;22,3509
1940-01-02;21,7546
1940-01-03;20,5798
1940-01-04;19,4292
1940-01-05;19,4292
1940-01-06;33,3622
1940-01-07;25,4205
1940-01-08;22,9532
1940-01-09;18,3031
1940-01-10;16,6609
1940-01-11;16,1262
1940-01-12;20,5798
1940-01-13;16,6609
1940-01-14;18,3031
1940-01-15;34,7617
1940-01-16;572,19
1940-01-17;237,013
1940-01-18;237,013
1940-01-19;198,563
1940-01-20;105,292
1940-01-21;85,7432
1940-01-22;83,0068
1940-01-23;58,1679
1940-01-24;51,5
1940-01-25;84,3732
1940-01-26;266,56
1940-01-27;217,646
1940-01-28;155,243
1940-01-29;110,996
1940-01-30;80,2853
1940-01-31;65,1298
1940-02-01;72,2141
1940-02-02;80,2853
1940-02-03;58,1679
1940-02-04;48,2792
1940-02-05;42,0706
1940-02-06;39,0856
1940-02-07;41,3168
1940-02-08;36,1823
1940-02-09;30,6272
1940-02-10;26,0517
1940-02-11;25,4205
1940-02-12;22,3509
1940-02-13;22,9532
1940-02-14;19,4292
1940-02-15;19,4292
1940-02-16;21,7546
1940-02-17;45,1356
1940-02-18;42,0706
1940-02-19;58,1679
1940-02-20;88,4943
1940-02-21;88,4943
1940-02-22;119,643
1940-02-23;91,2596
1940-02-24;69,556
1940-02-25;45,1356
1940-02-26;36,1823
1940-02-27;33,3622
1940-02-28;26,0517
1940-02-29;24,1752
1940-03-01;20,5798
1940-03-02;18,863
1940-03-03;18,3031
1940-03-04;16,6609
1940-03-05;16,1262
1940-03-06;18,3031
1940-03-07;18,3031
1940-03-08;16,1262
1940-03-09;18,3031
1940-03-10;44,362
1940-03-11;74,8886
1940-03-12;74,8886
1940-03-13;36,9004
1940-03-14;84,3732
1940-03-15;89,8752
1940-03-16;72,2141
1940-03-17;52,3171
1940-03-18;35,4694
1940-03-19;31,3029
1940-03-20;27,3311
1940-03-21;18,863
1940-03-22;17,7494
1940-03-23;17,7494
1940-03-24;27,9793
1940-03-25;37,6236
1940-03-26;72,2141
1940-03-27;255,001
1940-03-28;189,133
1940-03-29;89,8752
1940-03-30;77,5792
1940-03-31;68,2333
1940-04-01;237,013
1940-04-02;263,249
1940-04-03;250,073
1940-04-04;208,068
1940-04-05;161,321
1940-04-06;131,337
1940-04-07;113,866
1940-04-08;165,904
1940-04-09;126,931
1940-04-10;95,4339
1940-04-11;89,8752
1940-04-12;128,397
1940-04-13;108,137
1940-04-14;88,4943
1940-04-15;73,5494
1940-04-16;64,2438
1940-04-17;58,1679
1940-04-18;56,473
1940-04-19;60,7447
1940-04-20;49,0772
1940-04-21;46,6977
1940-04-22;46,6977
1940-04-23;147,701
1940-04-24;138,736
1940-04-25;208,068
1940-04-26;317,52
1940-04-27;216,045
1940-04-28;146,201
1940-04-29;119,643
1940-04-30;89,8752
1940-05-01;70,883
1940-05-02;251,714
1940-05-03;263,249
1940-05-04;144,702
1940-05-05;103,874
1940-05-06;83,0068
1940-05-07;69,556
1940-05-08;62,4852
1940-05-09;56,473
1940-05-10;49,0772
1940-05-11;43,5932
1940-05-12;40,568
1940-05-13;44,362
1940-05-14;49,8801
1940-05-15;45,9142
1940-05-16;45,1356
1940-05-17;36,1823
1940-05-18;31,9839
1940-05-19;27,9793
1940-05-20;21,7546
1940-05-21;23,5613
1940-05-22;24,795
1940-05-23;22,3509
1940-05-24;24,1752
1940-05-25;36,9004
1940-05-26;60,7447
1940-05-27;64,2438
1940-05-28;66,9148
1940-05-29;88,4943
1940-05-30;125,467
1940-05-31;240,267
1940-06-01;161,321
1940-06-02;102,459
1940-06-03;74,8886
1940-06-04;60,7447
1940-06-05;53,9654
1940-06-06;48,2792
1940-06-07;40,568
1940-06-08;38,3521
1940-06-09;36,1823
1940-06-10;36,9004
1940-06-11;39,0856
1940-06-12;37,6236
1940-06-13;36,1823
1940-06-14;37,6236
1940-06-15;54,7966
1940-06-16;98,2339
1940-06-17;91,2596
1940-06-18;70,883
1940-06-19;78,9303
1940-06-20;200,142
1940-06-21;161,321
1940-06-22;115,306
1940-06-23;83,0068
1940-06-24;70,883
1940-06-25;60,7447
1940-06-26;53,1389
1940-06-27;46,6977
1940-06-28;39,8243
1940-06-29;34,7617
1940-06-30;42,0706
1940-07-01;91,2596
1940-07-02;74,8886
1940-07-03;59,0223
1940-07-04;49,8801
1940-07-05;44,362
1940-07-06;37,6236
1940-07-07;34,7617
1940-07-08;29,957
1940-07-09;28,633
1940-07-10;27,3311
1940-07-11;26,6886
1940-07-12;29,2922
1940-07-13;32,6704
1940-07-14;34,0593
1940-07-15;54,7966
1940-07-16;896,875
1940-07-17;475,463
1940-07-18;219,54
1940-07-19;152,521
1940-07-20;121,36
1940-07-21;112,64
1940-07-22;118,833
1940-07-23;106,626
1940-07-24;87,5121
1940-07-25;75,2452
1940-07-26;64,2375
1940-07-27;69,4872
1940-07-28;56,0722
1940-07-29;51,7332
1940-07-30;81,2529
1940-07-31;145,418
1940-08-01;216,047
1940-08-02;171,855
1940-08-03;130,436
1940-08-04;104,271
1940-08-05;78,2177
1940-08-06;73,2982
1940-08-07;63,0255
1940-08-08;52,7961
1940-08-09;43,7383
1940-08-10;41,8773
1940-08-11;39,1861
1940-08-12;37,4575
1940-08-13;34,9612
1940-08-14;30,3063
1940-08-15;28,8518
1940-08-16;34,1544
1940-08-17;30,3063
1940-08-18;33,3602
1940-08-19;29,5731
1940-08-20;28,1424
1940-08-21;24,1286
1940-08-22;30,3063
1940-08-23;158,337
1940-08-24;368,178
1940-08-25;195,728
1940-08-26;200,706
1940-08-27;155,414
1940-08-28;122,635
1940-08-29;85,3977
1940-08-30;87,5121
1940-08-31;104,271
1940-09-01;133,094
1940-09-02;111,423
1940-09-03;89,6547
1940-09-04;75,2452
1940-09-05;63,0255
1940-09-06;50,6846
1940-09-07;42,801
1940-09-08;29,5731
1940-09-09;34,9612
1940-09-10;40,0699
1940-09-11;82,2786
1940-09-12;91,8254
1940-09-13;67,6231
1940-09-14;51,7332
1940-09-15;53,8736
1940-09-16;45,6535
1940-09-17;36,6126
1940-09-18;31,8088
1940-09-19;28,8518
1940-09-20;28,8518
1940-09-21;30,3063
1940-09-22;31,8088
1940-09-23;31,0515
1940-09-24;30,3063
1940-09-25;29,5731
1940-09-26;28,8518
1940-09-27;28,1424
1940-09-28;27,4447
1940-09-29;25,4209
1940-09-30;23,4992
1940-10-01;21,6768
1940-10-02;27,4447
1940-10-03;90,7365
1940-10-04;144,019
1940-10-05;130,436
1940-10-06;199,039
1940-10-07;237,46
1940-10-08;219,54
1940-10-09;524,822
1940-10-10;312,589
1940-10-11;181,202
1940-10-12;120,093
1940-10-13;94,0244
1940-10-14;76,2291
1940-10-15;60,6474
1940-10-16;54,9656
1940-10-17;58,3299
1940-10-18;60,6474
1940-10-19;51,7332
1940-10-20;45,6535
1940-10-21;60,6474
1940-10-22;202,38
1940-10-23;116,334
1940-10-24;60,6474
1940-10-25;56,0722
1940-10-26;53,8736
1940-10-27;51,7332
1940-10-28;48,63
1940-10-29;41,8773
1940-10-30;36,6126
1940-10-31;33,3602
1940-11-01;29,5731
1940-11-02;27,4447
1940-11-03;24,7691
1940-11-04;22,8808
1940-11-05;26,084
1940-11-06;33,3602
1940-11-07;28,8518
1940-11-08;24,7691
1940-11-09;21,091
1940-11-10;19,9512
1940-11-11;31,8088
1940-11-12;74,2682
1940-11-13;85,3977
1940-11-14;65,4649
1940-11-15;75,2452
1940-11-16;83,3113
1940-11-17;69,4872
1940-11-18;63,0255
1940-11-19;45,6535
1940-11-20;34,9612
1940-11-21;27,4447
1940-11-22;28,8518
1940-11-23;29,5731
1940-11-24;25,4209
1940-11-25;23,4992
1940-11-26;24,1286
1940-11-27;32,5783
1940-11-28;39,1861
1940-11-29;41,8773
1940-11-30;36,6126
1940-12-01;48,63
1940-12-02;89,6547
1940-12-03;219,54
1940-12-04;197,38
1940-12-05;153,964
1940-12-06;116,334
1940-12-07;100,791
1940-12-08;75,2452
1940-12-09;57,1937
1940-12-10;59,4811
1940-12-11;105,445
1940-12-12;98,5073
1940-12-13;73,2982
1940-12-14;189,197
1940-12-15;246,707
1940-12-16;178,056
1940-12-17;117,58
1940-12-18;103,104
1940-12-19;130,436
1940-12-20;121,36
1940-12-21;91,8254
1940-12-22;75,2452
1940-12-23;63,0255
1940-12-24;51,7332
1940-12-25;40,0699
1940-12-26;51,7332
1940-12-27;57,1937
1940-12-28;50,6846
1940-12-29;45,6535
1940-12-30;40,967
1940-12-31;40,0699
1941-01-01;49,6502
1941-01-02;41,8773
1941-01-03;31,0515
1941-01-04;29,5731
1941-01-05;28,1424
1941-01-06;26,084
1941-01-07;25,4209
1941-01-08;30,3063
1941-01-09;51,7332
1941-01-10;52,7961
1941-01-11;40,967
1941-01-12;34,1544
1941-01-13;28,1424
1941-01-14;24,7691
1941-01-15;21,6768
1941-01-16;21,6768
1941-01-17;24,7691
1941-01-18;22,8808
1941-01-19;18,8532
1941-01-20;16,7796
1941-01-21;15,3283
1941-01-22;14,4089
1941-01-23;13,9633
1941-01-24;13,527
1941-01-25;13,0998
1941-01-26;12,6818
1941-01-27;12,2727
1941-01-28;12,6818
1941-01-29;12,6818
1941-01-30;11,8726
1941-01-31;12,2727
1941-02-01;13,9633
1941-02-02;15,8024
1941-02-03;14,4089
1941-02-04;17,2829
1941-02-05;138,498
1941-02-06;146,824
1941-02-07;79,2225
1941-02-08;56,0722
1941-02-09;46,6318
1941-02-10;110,213
1941-02-11;122,635
1941-02-12;85,3977
1941-02-13;63,0255
1941-02-14;51,7332
1941-02-15;45,6535
1941-02-16;40,0699
1941-02-17;51,7332
1941-02-18;64,2375
1941-02-19;58,3299
1941-02-20;45,6535
1941-02-21;37,4575
1941-02-22;31,0515
1941-02-23;26,7586
1941-02-24;27,4447
1941-02-25;25,4209
1941-02-26;21,6768
1941-02-27;21,091
1941-02-28;18,8532
1941-03-01;16,7796
1941-03-02;15,3283
1941-03-03;14,4089
1941-03-04;13,9633
1941-03-05;13,527
1941-03-06;13,0998
1941-03-07;13,0998
1941-03-08;12,6818
1941-03-09;12,2727
1941-03-10;11,8726
1941-03-11;12,2727
1941-03-12;12,2727
1941-03-13;12,2727
1941-03-14;12,2727
1941-03-15;13,9633
1941-03-16;15,3283
1941-03-17;14,4089
1941-03-18;13,0998
1941-03-19;12,2727
1941-03-20;12,2727
1941-03-21;14,8639
1941-03-22;25,4209
1941-03-23;31,8088
1941-03-24;37,4575
1941-03-25;42,801
1941-03-26;38,3153
1941-03-27;29,5731
1941-03-28;23,4992
1941-03-29;21,091
1941-03-30;18,3196
1941-03-31;15,3283
1941-04-01;13,9633
1941-04-02;13,527
1941-04-03;13,0998
1941-04-04;12,6818
1941-04-05;12,2727
1941-04-06;11,8726
1941-04-07;11,4812
1941-04-08;11,4812
1941-04-09;11,0985
1941-04-10;10,7244
1941-04-11;10,7244
1941-04-12;10,3589
1941-04-13;10,3589
1941-04-14;11,4812
1941-04-15;12,6818
1941-04-16;14,8639
1941-04-17;134,434
1941-04-18;316,854
1941-04-19;153,964
1941-04-20;68,5517
1941-04-21;43,7383
1941-04-22;82,2786
1941-04-23;524,822
1941-04-24;491,622
1941-04-25;230,2
1941-04-26;223,063
1941-04-27;663,089
1941-04-28;502,558
1941-04-29;653,535
1941-04-30;1103,77
1941-05-01;2028,94
1941-05-02;840,741
1941-05-03;692,203
1941-05-04;1901,81
1941-05-05;2600,86
1941-05-06;1504,04
1941-05-07;582,783
1941-05-08;314,718
1941-05-09;235,634
1941-05-10;197,38
1941-05-11;153,964
1941-05-12;117,58
1941-05-13;146,824
1941-05-14;431,268
1941-05-15;1146,37
1941-05-16;644,057
1941-05-17;336,44
1941-05-18;192,447
1941-05-19;139,867
1941-05-20;125,206
1941-05-21;101,944
1941-05-22;81,2529
1941-05-23;68,5517
1941-05-24;65,4649
1941-05-25;57,1937
1941-05-26;56,0722
1941-05-27;59,4811
1941-05-28;197,38
1941-05-29;449,183
1941-05-30;263,837
1941-05-31;182,786
1941-06-01;120,093
1941-06-02;133,094
1941-06-03;176,495
1941-06-04;81,2529
1941-06-05;66,7014
1941-06-06;59,4811
1941-06-07;53,8736
1941-06-08;43,7383
1941-06-09;31,8088
1941-06-10;34,9612
1941-06-11;32,5783
1941-06-12;48,63
1941-06-13;105,445
1941-06-14;126,503
1941-06-15;85,3977
1941-06-16;81,2529
1941-06-17;70,4296
1941-06-18;70,4296
1941-06-19;67,6231
1941-06-20;72,3351
1941-06-21;336,44
1941-06-22;616,072
1941-06-23;576,839
1941-06-24;491,622
1941-06-25;603,851
1941-06-26;547,611
1941-06-27;387,014
1941-06-28;261,903
1941-06-29;178,056
1941-06-30;137,136
1941-07-01;117,58
1941-07-02;100,791
1941-07-03;65,4649
1941-07-04;59,4811
1941-07-05;65,4649
1941-07-06;72,3351
1941-07-07;63,0255
1941-07-08;52,7961
1941-07-09;43,7383
1941-07-10;31,0515
1941-07-11;32,5783
1941-07-12;30,3063
1941-07-13;48,63
1941-07-14;56,0722
1941-07-15;83,3113
1941-07-16;87,5121
1941-07-17;170,323
1941-07-18;212,585
1941-07-19;171,855
1941-07-20;125,206
1941-07-21;94,0244
1941-07-22;65,4649
1941-07-23;76,2291
1941-07-24;332,032
1941-07-25;401,476
1941-07-26;275,605
1941-07-27;522,01
1941-07-28;769,703
1941-07-29;478,136
1941-07-30;387,014
1941-07-31;273,624
1941-08-01;221,297
1941-08-02;449,183
1941-08-03;582,783
1941-08-04;480,817
1941-08-05;354,385
1941-08-06;271,651
1941-08-07;204,062
1941-08-08;151,086
1941-08-09;122,635
1941-08-10;103,104
1941-08-11;84,351
1941-08-12;58,3299
1941-08-13;56,0722
1941-08-14;65,4649
1941-08-15;130,436
1941-08-16;110,213
1941-08-17;90,7365
1941-08-18;115,095
1941-08-19;146,824
1941-08-20;109,01
1941-08-21;89,6547
1941-08-22;76,2291
1941-08-23;67,6231
1941-08-24;58,3299
1941-08-25;45,6535
1941-08-26;38,3153
1941-08-27;34,9612
1941-08-28;35,7806
1941-08-29;36,6126
1941-08-30;39,1861
1941-08-31;329,84
1941-09-01;293,781
1941-09-02;161,289
1941-09-03;111,423
1941-09-04;156,872
1941-09-05;167,282
1941-09-06;131,761
1941-09-07;112,64
1941-09-08;92,9214
1941-09-09;72,3351
1941-09-10;58,3299
1941-09-11;50,6846
1941-09-12;48,63
1941-09-13;51,7332
1941-09-14;65,4649
1941-09-15;79,2225
1941-09-16;77,2199
1941-09-17;69,4872
1941-09-18;58,3299
1941-09-19;50,6846
1941-09-20;56,0722
1941-09-21;96,2516
1941-09-22;230,2
1941-09-23;241,136
1941-09-24;312,589
1941-09-25;343,11
1941-09-26;241,136
1941-09-27;167,282
1941-09-28;131,761
1941-09-29;101,944
1941-09-30;80,2342
1941-10-01;65,4649
1941-10-02;52,7961
1941-10-03;41,8773
1941-10-04;37,4575
1941-10-05;64,2375
1941-10-06;372,839
1941-10-07;480,817
1941-10-08;499,812
1941-10-09;475,463
1941-10-10;363,549
1941-10-11;241,136
1941-10-12;153,964
1941-10-13;122,635
1941-10-14;106,626
1941-10-15;88,5799
1941-10-16;72,3351
1941-10-17;63,0255
1941-10-18;52,7961
1941-10-19;44,6891
1941-10-20;40,0699
1941-10-21;34,9612
1941-10-22;33,3602
1941-10-23;34,1544
1941-10-24;34,1544
1941-10-25;28,1424
1941-10-26;26,084
1941-10-27;27,4447
1941-10-28;24,7691
1941-10-29;23,4992
1941-10-30;21,6768
1941-10-31;28,8518
1941-11-01;29,5731
1941-11-02;58,3299
1941-11-03;110,213
1941-11-04;94,0244
1941-11-05;77,2199
1941-11-06;54,9656
1941-11-07;42,801
1941-11-08;36,6126
1941-11-09;31,0515
1941-11-10;28,1424
1941-11-11;28,8518
1941-11-12;158,337
1941-11-13;210,865
1941-11-14;151,086
1941-11-15;107,814
1941-11-16;738,845
1941-11-17;1053,8
1941-11-18;467,494
1941-11-19;219,54
1941-11-20;133,094
1941-11-21;90,7365
1941-11-22;69,4872
1941-11-23;85,3977
1941-11-24;96,2516
1941-11-25;65,4649
1941-11-26;43,7383
1941-11-27;39,1861
1941-11-28;34,9612
1941-11-29;31,0515
1941-11-30;36,6126
1941-12-01;37,4575
1941-12-02;47,6239
1941-12-03;42,801
1941-12-04;34,1544
1941-12-05;28,1424
1941-12-06;24,7691
1941-12-07;24,1286
1941-12-08;22,2734
1941-12-09;23,4992
1941-12-10;27,4447
1941-12-11;25,4209
1941-12-12;21,6768
1941-12-13;22,2734
1941-12-14;30,3063
1941-12-15;29,5731
1941-12-16;24,7691
1941-12-17;22,8808
1941-12-18;21,091
1941-12-19;22,2734
1941-12-20;38,3153
1941-12-21;56,0722
1941-12-22;48,63
1941-12-23;35,7806
1941-12-24;29,5731
1941-12-25;26,084
1941-12-26;22,8808
1941-12-27;19,9512
1941-12-28;17,7963
1941-12-29;17,2829
1941-12-30;17,2829
1941-12-31;15,8024
1942-01-01;14,4089
1942-01-02;13,527
1942-01-03;13,527
1942-01-04;13,0998
1942-01-05;12,6818
1942-01-06;12,6818
1942-01-07;12,6818
1942-01-08;11,8726
1942-01-09;11,4812
1942-01-10;11,0985
1942-01-11;10,7244
1942-01-12;10,7244
1942-01-13;10,3589
1942-01-14;10,3589
1942-01-15;10,3589
1942-01-16;10,7244
1942-01-17;11,4812
1942-01-18;11,8726
1942-01-19;11,8726
1942-01-20;11,8726
1942-01-21;12,6818
1942-01-22;13,527
1942-01-23;12,2727
1942-01-24;11,0985
1942-01-25;10,0017
1942-01-26;9,6528
1942-01-27;9,3122
1942-01-28;9,3122
1942-01-29;10,3589
1942-01-30;11,0985
1942-01-31;11,0985
1942-02-01;10,7244
1942-02-02;10,0017
1942-02-03;9,3122
1942-02-04;9,3122
1942-02-05;16,2861
1942-02-06;17,7963
1942-02-07;14,4089
1942-02-08;12,6818
1942-02-09;12,6818
1942-02-10;20,5158
1942-02-11;19,9512
1942-02-12;14,8639
1942-02-13;13,0998
1942-02-14;13,0998
1942-02-15;12,6818
1942-02-16;11,8726
1942-02-17;11,4812
1942-02-18;11,0985
1942-02-19;10,7244
1942-02-20;10,0017
1942-02-21;8,9796
1942-02-22;8,6551
1942-02-23;8,0297
1942-02-24;7,4351
1942-02-25;7,1492
1942-02-26;6,8707
1942-02-27;6,5995
1942-02-28;6,5995
1942-03-01;6,8707
1942-03-02;7,1492
1942-03-03;7,1492
1942-03-04;8,0297
1942-03-05;8,3385
1942-03-06;8,9796
1942-03-07;11,4812
1942-03-08;12,6818
1942-03-09;17,2829
1942-03-10;19,9512
1942-03-11;16,2861
1942-03-12;12,6818
1942-03-13;11,0985
1942-03-14;11,0985
1942-03-15;13,0998
1942-03-16;13,0998
1942-03-17;12,2727
1942-03-18;13,0998
1942-03-19;13,527
1942-03-20;29,5731
1942-03-21;77,2199
1942-03-22;78,2177
1942-03-23;48,63
1942-03-24;32,5783
1942-03-25;24,7691
1942-03-26;21,091
1942-03-27;24,7691
1942-03-28;40,967
1942-03-29;58,3299
1942-03-30;375,182
1942-03-31;354,385
1942-04-01;200,706
1942-04-02;104,271
1942-04-03;70,4296
1942-04-04;51,7332
1942-04-05;41,8773
1942-04-06;41,8773
1942-04-07;45,6535
1942-04-08;41,8773
1942-04-09;34,1544
1942-04-10;28,1424
1942-04-11;22,2734
1942-04-12;20,5158
1942-04-13;22,2734
1942-04-14;25,4209
1942-04-15;29,5731
1942-04-16;27,4447
1942-04-17;22,8808
1942-04-18;19,9512
1942-04-19;17,7963
1942-04-20;16,7796
1942-04-21;15,3283
1942-04-22;16,2861
1942-04-23;15,3283
1942-04-24;13,9633
1942-04-25;13,527
1942-04-26;13,527
1942-04-27;13,9633
1942-04-28;14,4089
1942-04-29;13,9633
1942-04-30;13,9633
1942-05-01;13,9633
1942-05-02;13,9633
1942-05-03;14,4089
1942-05-04;96,2516
1942-05-05;121,36
1942-05-06;99,6457
1942-05-07;64,2375
1942-05-08;43,7383
1942-05-09;34,9612
1942-05-10;30,3063
1942-05-11;26,084
1942-05-12;23,4992
1942-05-13;20,5158
1942-05-14;18,3196
1942-05-15;81,2529
1942-05-16;133,094
1942-05-17;269,686
1942-05-18;881,267
1942-05-19;1544,23
1942-05-20;1103,77
1942-05-21;421,209
1942-05-22;214,312
1942-05-23;139,867
1942-05-24;100,791
1942-05-25;78,2177
1942-05-26;61,8288
1942-05-27;51,7332
1942-05-28;45,6535
1942-05-29;41,8773
1942-05-30;39,1861
1942-05-31;35,7806
1942-06-01;32,5783
1942-06-02;31,8088
1942-06-03;33,3602
1942-06-04;36,6126
1942-06-05;40,967
1942-06-06;40,967
1942-06-07;39,1861
1942-06-08;38,3153
1942-06-09;36,6126
1942-06-10;34,1544
1942-06-11;32,5783
1942-06-12;30,3063
1942-06-13;29,5731
1942-06-14;31,8088
1942-06-15;137,136
1942-06-16;252,348
1942-06-17;202,38
1942-06-18;122,635
1942-06-19;91,8254
1942-06-20;73,2982
1942-06-21;61,8288
1942-06-22;53,8736
1942-06-23;46,6318
1942-06-24;42,801
1942-06-25;39,1861
1942-06-26;35,7806
1942-06-27;33,3602
1942-06-28;29,5731
1942-06-29;26,7586
1942-06-30;25,4209
1942-07-01;24,1286
1942-07-02;24,7691
1942-07-03;34,9612
1942-07-04;37,4575
1942-07-05;33,3602
1942-07-06;31,0515
1942-07-07;28,8518
1942-07-08;26,7586
1942-07-09;26,084
1942-07-10;24,7691
1942-07-11;24,1286
1942-07-12;22,2734
1942-07-13;21,091
1942-07-14;20,5158
1942-07-15;19,397
1942-07-16;18,8532
1942-07-17;17,7963
1942-07-18;19,397
1942-07-19;23,4992
1942-07-20;24,7691
1942-07-21;22,8808
1942-07-22;20,5158
1942-07-23;19,397
1942-07-24;17,7963
1942-07-25;17,2829
1942-07-26;17,2829
1942-07-27;16,7796
1942-07-28;15,3283
1942-07-29;21,091
1942-07-30;25,4209
1942-07-31;26,084
1942-08-01;24,7691
1942-08-02;24,1286
1942-08-03;21,6768
1942-08-04;20,5158
1942-08-05;30,3063
1942-08-06;64,2375
1942-08-07;131,761
1942-08-08;139,867
1942-08-09;96,2516
1942-08-10;73,2982
1942-08-11;88,5799
1942-08-12;115,095
1942-08-13;103,104
1942-08-14;77,2199
1942-08-15;60,6474
1942-08-16;50,6846
1942-08-17;43,7383
1942-08-18;37,4575
1942-08-19;45,6535
1942-08-20;81,2529
1942-08-21;96,2516
1942-08-22;86,4514
1942-08-23;78,2177
1942-08-24;66,7014
1942-08-25;54,9656
1942-08-26;47,6239
1942-08-27;40,967
1942-08-28;36,6126
1942-08-29;34,1544
1942-08-30;31,0515
1942-08-31;27,4447
1942-09-01;25,4209
1942-09-02;24,1286
1942-09-03;22,8808
1942-09-04;30,3063
1942-09-05;86,4514
1942-09-06;104,271
1942-09-07;77,2199
1942-09-08;68,5517
1942-09-09;65,4649
1942-09-10;52,7961
1942-09-11;45,6535
1942-09-12;42,801
1942-09-13;37,4575
1942-09-14;33,3602
1942-09-15;31,0515
1942-09-16;30,3063
1942-09-17;27,4447
1942-09-18;29,5731
1942-09-19;73,2982
1942-09-20;91,8254
1942-09-21;72,3351
1942-09-22;56,0722
1942-09-23;46,6318
1942-09-24;38,3153
1942-09-25;34,9612
1942-09-26;37,4575
1942-09-27;34,9612
1942-09-28;29,5731
1942-09-29;26,7586
1942-09-30;26,7586
1942-10-01;28,8518
1942-10-02;28,8518
1942-10-03;45,6535
1942-10-04;49,6502
1942-10-05;46,6318
1942-10-06;45,6535
1942-10-07;345,349
1942-10-08;502,558
1942-10-09;327,656
1942-10-10;176,495
1942-10-11;112,64
1942-10-12;83,3113
1942-10-13;63,0255
1942-10-14;50,6846
1942-10-15;44,6891
1942-10-16;40,967
1942-10-17;35,7806
1942-10-18;31,0515
1942-10-19;27,4447
1942-10-20;26,084
1942-10-21;25,4209
1942-10-22;26,7586
1942-10-23;26,7586
1942-10-24;24,1286
1942-10-25;21,6768
1942-10-26;19,397
1942-10-27;18,3196
1942-10-28;19,397
1942-10-29;20,5158
1942-10-30;19,9512
1942-10-31;19,397
1942-11-01;17,2829
1942-11-02;15,3283
1942-11-03;14,4089
1942-11-04;13,9633
1942-11-05;13,9633
1942-11-06;13,527
1942-11-07;13,527
1942-11-08;13,0998
1942-11-09;12,6818
1942-11-10;12,2727
1942-11-11;11,8726
1942-11-12;11,4812
1942-11-13;11,4812
1942-11-14;11,4812
1942-11-15;13,527
1942-11-16;13,9633
1942-11-17;13,9633
1942-11-18;13,527
1942-11-19;12,2727
1942-11-20;11,4812
1942-11-21;10,7244
1942-11-22;10,3589
1942-11-23;10,0017
1942-11-24;9,6528
1942-11-25;9,6528
1942-11-26;10,3589
1942-11-27;12,2727
1942-11-28;13,0998
1942-11-29;13,9633
1942-11-30;13,0998
1942-12-01;11,4812
1942-12-02;11,0985
1942-12-03;10,3589
1942-12-04;9,6528
1942-12-05;8,9796
1942-12-06;8,6551
1942-12-07;8,3385
1942-12-08;10,7244
1942-12-09;10,7244
1942-12-10;11,8726
1942-12-11;11,4812
1942-12-12;11,4812
1942-12-13;11,4812
1942-12-14;11,4812
1942-12-15;11,0985
1942-12-16;11,0985
1942-12-17;10,7244
1942-12-18;9,6528
1942-12-19;10,0017
1942-12-20;10,0017
1942-12-21;10,0017
1942-12-22;9,3122
1942-12-23;8,0297
1942-12-24;6,5995
1942-12-25;6,0788
1942-12-26;6,0788
1942-12-27;5,829
1942-12-28;5,5861
1942-12-29;5,5861
1942-12-30;5,829
1942-12-31;5,829
1943-01-01;5,3501
1943-01-02;4,8983
1943-01-03;4,6822
1943-01-04;4,2693
1943-01-05;4,0723
1943-01-06;3,8814
1943-01-07;3,8814
1943-01-08;3,8814
1943-01-09;5,1209
1943-01-10;5,3501
1943-01-11;4,4726
1943-01-12;4,0723
1943-01-13;3,8814
1943-01-14;3,8814
1943-01-15;4,0723
1943-01-16;4,0723
1943-01-17;4,0723
1943-01-18;3,8814
1943-01-19;3,8814
1943-01-20;3,3448
1943-01-21;3,0161
1943-01-22;3,0161
1943-01-23;3,0161
1943-01-24;3,5178
1943-01-25;3,8814
1943-01-26;3,8814
1943-01-27;3,8814
1943-01-28;3,8814
1943-01-29;3,8814
1943-01-30;3,8814
1943-01-31;3,8814
1943-02-01;3,8814
1943-02-02;3,6966
1943-02-03;3,1776
1943-02-04;3,0161
1943-02-05;2,8601
1943-02-06;2,7096
1943-02-07;2,5645
1943-02-08;2,5645
1943-02-09;2,5645
1943-02-10;2,5645
1943-02-11;2,7096
1943-02-12;2,7096
1943-02-13;2,8601
1943-02-14;3,8814
1943-02-15;7,7286
1943-02-16;12,6818
1943-02-17;10,0017
1943-02-18;7,1492
1943-02-19;5,829
1943-02-20;4,8983
1943-02-21;4,6822
1943-02-22;4,2693
1943-02-23;4,2693
1943-02-24;4,8983
1943-02-25;4,8983
1943-02-26;4,8983
1943-02-27;4,8983
1943-02-28;4,8983
1943-03-01;4,8983
1943-03-02;4,8983
1943-03-03;4,4726
1943-03-04;4,0723
1943-03-05;4,2693
1943-03-06;5,1209
1943-03-07;6,0788
1943-03-08;6,0788
1943-03-09;6,0788
1943-03-10;6,0788
1943-03-11;5,829
1943-03-12;5,5861
1943-03-13;5,3501
1943-03-14;4,8983
1943-03-15;4,8983
1943-03-16;4,8983
1943-03-17;4,4726
1943-03-18;4,0723
1943-03-19;3,8814
1943-03-20;3,8814
1943-03-21;3,8814
1943-03-22;3,8814
1943-03-23;3,8814
1943-03-24;4,2693
1943-03-25;5,3501
1943-03-26;5,5861
1943-03-27;5,1209
1943-03-28;4,6822
1943-03-29;4,4726
1943-03-30;4,2693
1943-03-31;4,0723
1943-04-01;3,8814
1943-04-02;3,8814
1943-04-03;3,8814
1943-04-04;3,8814
1943-04-05;3,8814
1943-04-06;3,8814
1943-04-07;3,8814
1943-04-08;3,5178
1943-04-09;3,3448
1943-04-10;4,2693
1943-04-11;6,0788
1943-04-12;8,0297
1943-04-13;11,4812
1943-04-14;11,4812
1943-04-15;9,6528
1943-04-16;8,6551
1943-04-17;7,7286
1943-04-18;6,5995
1943-04-19;7,1492
1943-04-20;7,1492
1943-04-21;6,3356
1943-04-22;5,5861
1943-04-23;4,6822
1943-04-24;4,2693
1943-04-25;4,2693
1943-04-26;4,0723
1943-04-27;3,8814
1943-04-28;3,8814
1943-04-29;3,8814
1943-04-30;3,8814
1943-05-01;3,8814
1943-05-02;3,8814
1943-05-03;3,8814
1943-05-04;3,8814
1943-05-05;3,6966
1943-05-06;3,5178
1943-05-07;3,3448
1943-05-08;3,3448
1943-05-09;3,3448
1943-05-10;3,3448
1943-05-11;3,3448
1943-05-12;3,3448
1943-05-13;3,3448
1943-05-14;3,3448
1943-05-15;3,3448
1943-05-16;3,3448
1943-05-17;3,3448
1943-05-18;3,3448
1943-05-19;3,1776
1943-05-20;3,0161
1943-05-21;3,3448
1943-05-22;4,4726
1943-05-23;33,3602
1943-05-24;36,6126
1943-05-25;26,084
1943-05-26;31,0515
1943-05-27;33,3602
1943-05-28;29,5731
1943-05-29;26,7586
1943-05-30;70,4296
1943-05-31;111,423
1943-06-01;91,8254
1943-06-02;53,8736
1943-06-03;118,833
1943-06-04;161,289
1943-06-05;113,864
1943-06-06;77,2199
1943-06-07;135,781
1943-06-08;133,094
1943-06-09;85,3977
1943-06-10;58,3299
1943-06-11;44,6891
1943-06-12;38,3153
1943-06-13;34,9612
1943-06-14;31,8088
1943-06-15;28,1424
1943-06-16;34,9612
1943-06-17;46,6318
1943-06-18;53,8736
1943-06-19;56,0722
1943-06-20;52,7961
1943-06-21;49,6502
1943-06-22;46,6318
1943-06-23;41,8773
1943-06-24;49,6502
1943-06-25;63,0255
1943-06-26;60,6474
1943-06-27;50,6846
1943-06-28;42,801
1943-06-29;36,6126
1943-06-30;31,0515
1943-07-01;33,3602
1943-07-02;61,8288
1943-07-03;103,104
1943-07-04;182,786
1943-07-05;118,833
1943-07-06;126,503
1943-07-07;87,5121
1943-07-08;65,4649
1943-07-09;54,9656
1943-07-10;47,6239
1943-07-11;42,801
1943-07-12;42,801
1943-07-13;41,8773
1943-07-14;39,1861
1943-07-15;35,7806
1943-07-16;32,5783
1943-07-17;31,0515
1943-07-18;26,7586
1943-07-19;21,6768
1943-07-20;19,9512
1943-07-21;19,397
1943-07-22;18,3196
1943-07-23;18,3196
1943-07-24;17,2829
1943-07-25;16,2861
1943-07-26;15,3283
1943-07-27;14,8639
1943-07-28;14,8639
1943-07-29;15,8024
1943-07-30;17,2829
1943-07-31;19,9512
1943-08-01;34,1544
1943-08-02;101,944
1943-08-03;192,447
1943-08-04;156,872
1943-08-05;95,1345
1943-08-06;71,3789
1943-08-07;56,0722
1943-08-08;46,6318
1943-08-09;42,801
1943-08-10;40,967
1943-08-11;44,6891
1943-08-12;45,6535
1943-08-13;43,7383
1943-08-14;40,0699
1943-08-15;35,7806
1943-08-16;32,5783
1943-08-17;29,5731
1943-08-18;27,4447
1943-08-19;25,4209
1943-08-20;25,4209
1943-08-21;33,3602
1943-08-22;34,1544
1943-08-23;31,0515
1943-08-24;30,3063
1943-08-25;28,8518
1943-08-26;26,084
1943-08-27;23,4992
1943-08-28;21,6768
1943-08-29;19,9512
1943-08-30;17,7963
1943-08-31;16,7796
1943-09-01;16,2861
1943-09-02;16,7796
1943-09-03;17,7963
1943-09-04;17,7963
1943-09-05;16,2861
1943-09-06;14,8639
1943-09-07;13,9633
1943-09-08;13,9633
1943-09-09;13,527
1943-09-10;13,527
1943-09-11;13,527
1943-09-12;13,9633
1943-09-13;40,0699
1943-09-14;79,2225
1943-09-15;86,4514
1943-09-16;66,7014
1943-09-17;47,6239
1943-09-18;34,9612
1943-09-19;97,3759
1943-09-20;273,624
1943-09-21;308,354
1943-09-22;263,837
1943-09-23;223,063
1943-09-24;168,799
1943-09-25;113,864
1943-09-26;76,2291
1943-09-27;59,4811
1943-09-28;50,6846
1943-09-29;43,7383
1943-09-30;38,3153
1943-10-01;29,5731
1943-10-02;27,4447
1943-10-03;26,7586
1943-10-04;24,7691
1943-10-05;24,7691
1943-10-06;24,7691
1943-10-07;22,8808
1943-10-08;20,5158
1943-10-09;20,5158
1943-10-10;23,4992
1943-10-11;24,7691
1943-10-12;22,8808
1943-10-13;21,091
1943-10-14;19,397
1943-10-15;17,7963
1943-10-16;17,2829
1943-10-17;16,2861
1943-10-18;15,8024
1943-10-19;15,3283
1943-10-20;14,8639
1943-10-21;14,8639
1943-10-22;15,3283
1943-10-23;14,8639
1943-10-24;14,4089
1943-10-25;13,9633
1943-10-26;13,9633
1943-10-27;13,527
1943-10-28;13,527
1943-10-29;13,527
1943-10-30;13,527
1943-10-31;13,527
1943-11-01;15,3283
1943-11-02;16,2861
1943-11-03;16,7796
1943-11-04;16,7796
1943-11-05;16,2861
1943-11-06;15,8024
1943-11-07;16,2861
1943-11-08;16,2861
1943-11-09;15,8024
1943-11-10;15,3283
1943-11-11;15,3283
1943-11-12;14,8639
1943-11-13;14,4089
1943-11-14;13,9633
1943-11-15;14,4089
1943-11-16;14,4089
1943-11-17;14,4089
1943-11-18;13,9633
1943-11-19;13,9633
1943-11-20;13,527
1943-11-21;13,527
1943-11-22;13,0998
1943-11-23;13,0998
1943-11-24;12,6818
1943-11-25;12,2727
1943-11-26;12,2727
1943-11-27;12,2727
1943-11-28;11,8726
1943-11-29;11,0985
1943-11-30;10,7244
1943-12-01;14,4089
1943-12-02;15,8024
1943-12-03;14,8639
1943-12-04;14,8639
1943-12-05;14,4089
1943-12-06;13,9633
1943-12-07;13,527
1943-12-08;13,0998
1943-12-09;13,527
1943-12-10;13,527
1943-12-11;13,527
1943-12-12;15,8024
1943-12-13;21,6768
1943-12-14;21,091
1943-12-15;16,2861
1943-12-16;14,4089
1943-12-17;13,527
1943-12-18;12,2727
1943-12-19;11,8726
1943-12-20;11,4812
1943-12-21;11,0985
1943-12-22;10,7244
1943-12-23;10,3589
1943-12-24;10,0017
1943-12-25;11,8726
1943-12-26;10,7244
1943-12-27;9,6528
1943-12-28;9,6528
1943-12-29;9,3122
1943-12-30;9,3122
1943-12-31;9,3122
1944-01-01;9,6528
1944-01-02;9,6528
1944-01-03;9,3122
1944-01-04;9,6528
1944-01-05;9,6528
1944-01-06;9,6528
1944-01-07;9,6528
1944-01-08;10,7244
1944-01-09;20,5158
1944-01-10;24,1286
1944-01-11;24,7691
1944-01-12;28,1424
1944-01-13;47,6239
1944-01-14;69,4872
1944-01-15;56,0722
1944-01-16;40,967
1944-01-17;32,5783
1944-01-18;23,4992
1944-01-19;17,2829
1944-01-20;14,4089
1944-01-21;12,6818
1944-01-22;11,8726
1944-01-23;15,8024
1944-01-24;18,8532
1944-01-25;23,4992
1944-01-26;29,5731
1944-01-27;34,9612
1944-01-28;41,8773
1944-01-29;36,6126
1944-01-30;30,3063
1944-01-31;27,4447
1944-02-01;26,084
1944-02-02;23,4992
1944-02-03;22,2734
1944-02-04;20,5158
1944-02-05;18,8532
1944-02-06;17,2829
1944-02-07;15,8024
1944-02-08;14,8639
1944-02-09;13,0998
1944-02-10;11,4812
1944-02-11;10,0017
1944-02-12;9,3122
1944-02-13;8,0297
1944-02-14;6,3356
1944-02-15;6,0788
1944-02-16;7,7286
1944-02-17;8,3385
1944-02-18;8,9796
1944-02-19;8,3385
1944-02-20;7,7286
1944-02-21;8,0297
1944-02-22;24,1286
1944-02-23;35,7806
1944-02-24;27,4447
1944-02-25;17,2829
1944-02-26;15,8024
1944-02-27;106,626
1944-02-28;117,58
1944-02-29;64,2375
1944-03-01;39,1861
1944-03-02;29,5731
1944-03-03;26,084
1944-03-04;23,4992
1944-03-05;19,397
1944-03-06;19,397
1944-03-07;20,5158
1944-03-08;17,2829
1944-03-09;14,4089
1944-03-10;13,527
1944-03-11;13,9633
1944-03-12;13,527
1944-03-13;12,2727
1944-03-14;11,8726
1944-03-15;11,4812
1944-03-16;11,0985
1944-03-17;12,6818
1944-03-18;41,8773
1944-03-19;66,7014
1944-03-20;56,0722
1944-03-21;41,8773
1944-03-22;36,6126
1944-03-23;31,0515
1944-03-24;27,4447
1944-03-25;24,1286
1944-03-26;20,5158
1944-03-27;17,7963
1944-03-28;17,2829
1944-03-29;15,3283
1944-03-30;13,527
1944-03-31;13,527
1944-04-01;14,4089
1944-04-02;14,8639
1944-04-03;13,527
1944-04-04;12,2727
1944-04-05;11,4812
1944-04-06;11,4812
1944-04-07;11,0985
1944-04-08;10,7244
1944-04-09;10,3589
1944-04-10;10,7244
1944-04-11;11,4812
1944-04-12;11,8726
1944-04-13;11,4812
1944-04-14;10,7244
1944-04-15;10,0017
1944-04-16;10,0017
1944-04-17;11,0985
1944-04-18;11,8726
1944-04-19;11,8726
1944-04-20;11,0985
1944-04-21;10,7244
1944-04-22;10,0017
1944-04-23;10,0017
1944-04-24;9,6528
1944-04-25;9,3122
1944-04-26;8,9796
1944-04-27;8,9796
1944-04-28;8,6551
1944-04-29;8,6551
1944-04-30;8,3385
1944-05-01;8,3385
1944-05-02;8,3385
1944-05-03;8,0297
1944-05-04;8,0297
1944-05-05;8,0297
1944-05-06;8,0297
1944-05-07;8,0297
1944-05-08;8,0297
1944-05-09;8,0297
1944-05-10;8,0297
1944-05-11;9,6528
1944-05-12;11,4812
1944-05-13;10,7244
1944-05-14;9,6528
1944-05-15;9,6528
1944-05-16;10,0017
1944-05-17;10,3589
1944-05-18;10,3589
1944-05-19;8,6551
1944-05-20;8,0297
1944-05-21;7,7286
1944-05-22;6,8707
1944-05-23;6,5995
1944-05-24;6,8707
1944-05-25;7,1492
1944-05-26;7,1492
1944-05-27;6,5995
1944-05-28;6,5995
1944-05-29;6,5995
1944-05-30;6,3356
1944-05-31;6,0788
1944-06-01;6,0788
1944-06-02;6,0788
1944-06-03;6,0788
1944-06-04;6,3356
1944-06-05;6,3356
1944-06-06;6,5995
1944-06-07;6,5995
1944-06-08;6,3356
1944-06-09;6,3356
1944-06-10;6,5995
1944-06-11;6,5995
1944-06-12;6,3356
1944-06-13;6,0788
1944-06-14;5,829
1944-06-15;5,5861
1944-06-16;5,5861
1944-06-17;6,3356
1944-06-18;7,7286
1944-06-19;8,0297
1944-06-20;8,6551
1944-06-21;11,4812
1944-06-22;25,4209
1944-06-23;138,498
1944-06-24;570,927
1944-06-25;993,096
1944-06-26;613,004
1944-06-27;318,999
1944-06-28;168,799
1944-06-29;104,271
1944-06-30;68,5517
1944-07-01;61,8288
1944-07-02;54,9656
1944-07-03;47,6239
1944-07-04;45,6535
1944-07-05;71,3789
1944-07-06;122,635
1944-07-07;126,503
1944-07-08;98,5073
1944-07-09;80,2342
1944-07-10;64,2375
1944-07-11;54,9656
1944-07-12;50,6846
1944-07-13;47,6239
1944-07-14;45,6535
1944-07-15;42,801
1944-07-16;40,0699
1944-07-17;38,3153
1944-07-18;36,6126
1944-07-19;34,9612
1944-07-20;32,5783
1944-07-21;31,8088
1944-07-22;32,5783
1944-07-23;31,0515
1944-07-24;28,8518
1944-07-25;26,7586
1944-07-26;26,084
1944-07-27;24,7691
1944-07-28;23,4992
1944-07-29;22,2734
1944-07-30;21,6768
1944-07-31;21,091
1944-08-01;21,6768
1944-08-02;22,8808
1944-08-03;22,8808
1944-08-04;22,2734
1944-08-05;21,091
1944-08-06;22,2734
1944-08-07;24,1286
1944-08-08;24,1286
1944-08-09;24,7691
1944-08-10;24,7691
1944-08-11;24,1286
1944-08-12;22,8808
1944-08-13;21,6768
1944-08-14;19,9512
1944-08-15;19,397
1944-08-16;21,091
1944-08-17;24,1286
1944-08-18;25,4209
1944-08-19;25,4209
1944-08-20;24,1286
1944-08-21;22,8808
1944-08-22;21,6768
1944-08-23;21,6768
1944-08-24;20,5158
1944-08-25;19,397
1944-08-26;19,397
1944-08-27;19,397
1944-08-28;20,5158
1944-08-29;21,091
1944-08-30;19,9512
1944-08-31;19,397
1944-09-01;18,3196
1944-09-02;17,7963
1944-09-03;16,2861
1944-09-04;15,3283
1944-09-05;17,7963
1944-09-06;34,1544
1944-09-07;52,7961
1944-09-08;56,0722
1944-09-09;50,6846
1944-09-10;45,6535
1944-09-11;40,0699
1944-09-12;34,9612
1944-09-13;32,5783
1944-09-14;30,3063
1944-09-15;28,1424
1944-09-16;26,084
1944-09-17;24,7691
1944-09-18;24,1286
1944-09-19;22,8808
1944-09-20;21,6768
1944-09-21;20,5158
1944-09-22;20,5158
1944-09-23;19,9512
1944-09-24;19,397
1944-09-25;19,397
1944-09-26;18,3196
1944-09-27;18,3196
1944-09-28;18,3196
1944-09-29;17,7963
1944-09-30;16,7796
1944-10-01;15,8024
1944-10-02;15,3283
1944-10-03;15,8024
1944-10-04;15,8024
1944-10-05;17,2829
1944-10-06;24,1286
1944-10-07;35,7806
1944-10-08;110,213
1944-10-09;144,019
1944-10-10;121,36
1944-10-11;103,104
1944-10-12;87,5121
1944-10-13;107,814
1944-10-14;139,867
1944-10-15;122,635
1944-10-16;87,5121
1944-10-17;67,6231
1944-10-18;56,0722
1944-10-19;47,6239
1944-10-20;42,801
1944-10-21;39,1861
1944-10-22;34,9612
1944-10-23;31,8088
1944-10-24;29,5731
1944-10-25;28,8518
1944-10-26;28,1424
1944-10-27;28,1424
1944-10-28;28,8518
1944-10-29;31,0515
1944-10-30;31,8088
1944-10-31;31,0515
1944-11-01;30,3063
1944-11-02;28,8518
1944-11-03;33,3602
1944-11-04;34,9612
1944-11-05;31,8088
1944-11-06;31,0515
1944-11-07;29,5731
1944-11-08;28,1424
1944-11-09;26,7586
1944-11-10;26,084
1944-11-11;24,7691
1944-11-12;24,1286
1944-11-13;22,8808
1944-11-14;21,6768
1944-11-15;23,4992
1944-11-16;24,1286
1944-11-17;22,2734
1944-11-18;16,7796
1944-11-19;13,9633
1944-11-20;13,527
1944-11-21;14,8639
1944-11-22;14,8639
1944-11-23;13,527
1944-11-24;14,4089
1944-11-25;15,3283
1944-11-26;14,8639
1944-11-27;14,4089
1944-11-28;14,4089
1944-11-29;13,0998
1944-11-30;12,2727
1944-12-01;12,2727
1944-12-02;12,2727
1944-12-03;11,8726
1944-12-04;10,7244
1944-12-05;8,9796
1944-12-06;9,6528
1944-12-07;10,3589
1944-12-08;10,3589
1944-12-09;9,3122
1944-12-10;8,9796
1944-12-11;9,6528
1944-12-12;9,6528
1944-12-13;9,6528
1944-12-14;9,3122
1944-12-15;8,9796
1944-12-16;8,0297
1944-12-17;6,5995
1944-12-18;6,0788
1944-12-19;7,1492
1944-12-20;8,0297
1944-12-21;8,0297
1944-12-22;8,0297
1944-12-23;7,7286
1944-12-24;7,7286
1944-12-25;7,4351
1944-12-26;7,4351
1944-12-27;7,7286
1944-12-28;7,7286
1944-12-29;7,1492
1944-12-30;6,5995
1944-12-31;4,8983
1945-01-01;5,829
1945-01-02;6,8707
1945-01-03;6,8707
1945-01-04;6,8707
1945-01-05;6,8707
1945-01-06;6,8707
1945-01-07;6,8707
1945-01-08;6,8707
1945-01-09;6,8707
1945-01-10;6,8707
1945-01-11;7,1492
1945-01-12;7,1492
1945-01-13;6,8707
1945-01-14;6,5995
1945-01-15;6,0788
1945-01-16;5,5861
1945-01-17;5,3501
1945-01-18;5,1209
1945-01-19;5,1209
1945-01-20;5,1209
1945-01-21;5,3501
1945-01-22;6,0788
1945-01-23;8,3385
1945-01-24;9,3122
1945-01-25;8,6551
1945-01-26;8,0297
1945-01-27;8,0297
1945-01-28;8,9796
1945-01-29;11,4812
1945-01-30;13,9633
1945-01-31;13,527
1945-02-01;12,2727
1945-02-02;10,3589
1945-02-03;9,6528
1945-02-04;9,3122
1945-02-05;8,9796
1945-02-06;8,3385
1945-02-07;7,7286
1945-02-08;7,4351
1945-02-09;6,8707
1945-02-10;4,8983
1945-02-11;4,2693
1945-02-12;5,3501
1945-02-13;5,3501
1945-02-14;4,8983
1945-02-15;4,8983
1945-02-16;5,1209
1945-02-17;7,4351
1945-02-18;8,0297
1945-02-19;9,3122
1945-02-20;10,3589
1945-02-21;10,0017
1945-02-22;9,6528
1945-02-23;7,4351
1945-02-24;6,5995
1945-02-25;7,1492
1945-02-26;7,4351
1945-02-27;7,7286
1945-02-28;7,7286
1945-03-01;7,4351
1945-03-02;7,7286
1945-03-03;8,0297
1945-03-04;8,0297
1945-03-05;7,7286
1945-03-06;7,7286
1945-03-07;7,7286
1945-03-08;8,0297
1945-03-09;8,0297
1945-03-10;7,4351
1945-03-11;6,8707
1945-03-12;4,8983
1945-03-13;4,6822
1945-03-14;6,3356
1945-03-15;7,1492
1945-03-16;6,5995
1945-03-17;6,0788
1945-03-18;6,3356
1945-03-19;7,1492
1945-03-20;7,1492
1945-03-21;6,8707
1945-03-22;5,1209
1945-03-23;3,8814
1945-03-24;3,8814
1945-03-25;3,8814
1945-03-26;3,8814
1945-03-27;3,8814
1945-03-28;4,8983
1945-03-29;5,5861
1945-03-30;5,3501
1945-03-31;4,8983
1945-04-01;4,8983
1945-04-02;4,8983
1945-04-03;4,8983
1945-04-04;4,8983
1945-04-05;4,6822
1945-04-06;4,6822
1945-04-07;4,4726
1945-04-08;4,4726
1945-04-09;4,4726
1945-04-10;4,2693
1945-04-11;4,2693
1945-04-12;4,2693
1945-04-13;4,4726
1945-04-14;4,8983
1945-04-15;5,3501
1945-04-16;5,5861
1945-04-17;5,3501
1945-04-18;5,1209
1945-04-19;5,1209
1945-04-20;5,1209
1945-04-21;5,1209
1945-04-22;5,1209
1945-04-23;4,8983
1945-04-24;4,8983
1945-04-25;4,8983
1945-04-26;4,8983
1945-04-27;4,8983
1945-04-28;5,1209
1945-04-29;6,5995
1945-04-30;9,3122
1945-05-01;11,0985
1945-05-02;11,0985
1945-05-03;10,0017
1945-05-04;8,9796
1945-05-05;6,8707
1945-05-06;6,8707
1945-05-07;7,4351
1945-05-08;7,1492
1945-05-09;6,8707
1945-05-10;6,5995
1945-05-11;6,5995
1945-05-12;6,8707
1945-05-13;7,1492
1945-05-14;7,4351
1945-05-15;7,4351
1945-05-16;7,7286
1945-05-17;8,9796
1945-05-18;10,0017
1945-05-19;10,0017
1945-05-20;9,6528
1945-05-21;9,3122
1945-05-22;8,9796
1945-05-23;8,3385
1945-05-24;8,0297
1945-05-25;7,4351
1945-05-26;7,1492
1945-05-27;6,8707
1945-05-28;6,8707
1945-05-29;6,8707
1945-05-30;6,5995
1945-05-31;5,5861
1945-06-01;4,2693
1945-06-02;4,4726
1945-06-03;6,8707
1945-06-04;7,4351
1945-06-05;10,0017
1945-06-06;13,527
1945-06-07;14,4089
1945-06-08;13,9633
1945-06-09;12,2727
1945-06-10;10,3589
1945-06-11;9,6528
1945-06-12;10,0017
1945-06-13;8,0297
1945-06-14;6,5995
1945-06-15;7,4351
1945-06-16;7,7286
1945-06-17;7,7286
1945-06-18;8,0297
1945-06-19;11,8726
1945-06-20;15,3283
1945-06-21;15,3283
1945-06-22;14,8639
1945-06-23;14,4089
1945-06-24;12,6818
1945-06-25;11,8726
1945-06-26;11,0985
1945-06-27;10,0017
1945-06-28;9,3122
1945-06-29;9,3122
1945-06-30;9,6528
1945-07-01;9,6528
1945-07-02;9,6528
1945-07-03;9,6528
1945-07-04;10,0017
1945-07-05;10,0017
1945-07-06;9,6528
1945-07-07;9,6528
1945-07-08;10,0017
1945-07-09;11,0985
1945-07-10;11,8726
1945-07-11;10,7244
1945-07-12;10,3589
1945-07-13;10,3589
1945-07-14;10,0017
1945-07-15;10,0017
1945-07-16;9,6528
1945-07-17;9,6528
1945-07-18;9,3122
1945-07-19;9,3122
1945-07-20;9,3122
1945-07-21;8,6551
1945-07-22;9,3122
1945-07-23;11,4812
1945-07-24;28,1424
1945-07-25;51,7332
1945-07-26;52,7961
1945-07-27;39,1861
1945-07-28;27,4447
1945-07-29;164,27
1945-07-30;403,915
1945-07-31;399,046
1945-08-01;418,714
1945-08-02;441,456
1945-08-03;325,48
1945-08-04;224,835
1945-08-05;164,27
1945-08-06;117,58
1945-08-07;83,3113
1945-08-08;54,9656
1945-08-09;44,6891
1945-08-10;36,6126
1945-08-11;30,3063
1945-08-12;28,1424
1945-08-13;30,3063
1945-08-14;31,8088
1945-08-15;31,0515
1945-08-16;28,1424
1945-08-17;24,7691
1945-08-18;21,6768
1945-08-19;18,3196
1945-08-20;21,091
1945-08-21;23,4992
1945-08-22;22,2734
1945-08-23;21,091
1945-08-24;20,5158
1945-08-25;21,091
1945-08-26;21,091
1945-08-27;24,7691
1945-08-28;28,1424
1945-08-29;28,1424
1945-08-30;26,084
1945-08-31;24,7691
1945-09-01;30,3063
1945-09-02;30,3063
1945-09-03;30,3063
1945-09-04;30,3063
1945-09-05;28,8518
1945-09-06;28,1424
1945-09-07;24,1286
1945-09-08;22,8808
1945-09-09;22,2734
1945-09-10;21,091
1945-09-11;21,091
1945-09-12;21,091
1945-09-13;21,6768
1945-09-14;22,8808
1945-09-15;28,8518
1945-09-16;32,5783
1945-09-17;33,3602
1945-09-18;28,1424
1945-09-19;26,7586
1945-09-20;30,3063
1945-09-21;34,9612
1945-09-22;107,814
1945-09-23;202,38
1945-09-24;156,872
1945-09-25;121,36
1945-09-26;105,445
1945-09-27;53,8736
1945-09-28;29,5731
1945-09-29;29,5731
1945-09-30;35,7806
1945-10-01;33,3602
1945-10-02;28,8518
1945-10-03;28,8518
1945-10-04;28,1424
1945-10-05;26,7586
1945-10-06;22,8808
1945-10-07;18,8532
1945-10-08;17,2829
1945-10-09;21,091
1945-10-10;21,6768
1945-10-11;23,4992
1945-10-12;24,7691
1945-10-13;21,6768
1945-10-14;19,397
1945-10-15;18,3196
1945-10-16;21,091
1945-10-17;23,4992
1945-10-18;21,091
1945-10-19;21,091
1945-10-20;22,2734
1945-10-21;21,091
1945-10-22;18,3196
1945-10-23;16,2861
1945-10-24;15,8024
1945-10-25;15,8024
1945-10-26;16,2861
1945-10-27;16,7796
1945-10-28;14,8639
1945-10-29;13,9633
1945-10-30;14,8639
1945-10-31;15,3283
1945-11-01;14,4089
1945-11-02;14,4089
1945-11-03;15,3283
1945-11-04;15,3283
1945-11-05;14,8639
1945-11-06;14,4089
1945-11-07;12,2727
1945-11-08;13,0998
1945-11-09;13,9633
1945-11-10;13,9633
1945-11-11;14,4089
1945-11-12;13,9633
1945-11-13;13,9633
1945-11-14;13,0998
1945-11-15;12,6818
1945-11-16;12,6818
1945-11-17;12,2727
1945-11-18;12,2727
1945-11-19;12,2727
1945-11-20;12,2727
1945-11-21;12,2727
1945-11-22;14,4089
1945-11-23;16,2861
1945-11-24;15,8024
1945-11-25;13,527
1945-11-26;12,6818
1945-11-27;12,6818
1945-11-28;13,9633
1945-11-29;15,8024
1945-11-30;20,5158
1945-12-01;18,3196
1945-12-02;14,4089
1945-12-03;13,0998
1945-12-04;15,3283
1945-12-05;73,2982
1945-12-06;109,01
1945-12-07;61,8288
1945-12-08;28,1424
1945-12-09;24,1286
1945-12-10;21,091
1945-12-11;15,8024
1945-12-12;14,8639
1945-12-13;15,3283
1945-12-14;14,8639
1945-12-15;14,4089
1945-12-16;14,4089
1945-12-17;14,4089
1945-12-18;13,9633
1945-12-19;12,2727
1945-12-20;12,2727
1945-12-21;12,6818
1945-12-22;11,4812
1945-12-23;11,8726
1945-12-24;13,527
1945-12-25;14,8639
1945-12-26;13,9633
1945-12-27;12,6818
1945-12-28;13,0998
1945-12-29;13,527
1945-12-30;13,527
1945-12-31;11,8726
1946-01-01;11,4812
1946-01-02;10,7244
1946-01-03;8,9796
1946-01-04;9,6528
1946-01-05;10,3589
1946-01-06;10,0017
1946-01-07;8,9796
1946-01-08;10,3589
1946-01-09;12,6818
1946-01-10;17,7963
1946-01-11;22,8808
1946-01-12;24,7691
1946-01-13;88,5799
1946-01-14;299,98
1946-01-15;340,879
1946-01-16;209,153
1946-01-17;131,761
1946-01-18;116,334
1946-01-19;145,418
1946-01-20;152,521
1946-01-21;133,094
1946-01-22;113,864
1946-01-23;96,2516
1946-01-24;82,2786
1946-01-25;1385,95
1946-01-26;1800,1
1946-01-27;878,79
1946-01-28;334,469
1946-01-29;185,904
1946-01-30;128,723
1946-01-31;118,622
1946-02-01;181,226
1946-02-02;230,884
1946-02-03;190,645
1946-02-04;140,616
1946-02-05;113,736
1946-02-06;108,96
1946-02-07;136,589
1946-02-08;128,723
1946-02-09;95,285
1946-02-10;79,0971
1946-02-11;67,9449
1946-02-12;58,6765
1946-02-13;53,8393
1946-02-14;69,0196
1946-02-15;67,9449
1946-02-16;57,6913
1946-02-17;52,8985
1946-02-18;82,6194
1946-02-19;111,334
1946-02-20;96,3873
1946-02-21;69,0196
1946-02-22;49,2233
1946-02-23;36,6892
1946-02-24;29,4137
1946-02-25;23,6699
1946-02-26;18,8742
1946-02-27;14,6822
1946-02-28;12,6071
1946-03-01;50,1289
1946-03-02;62,7064
1946-03-03;63,7362
1946-03-04;58,6765
1946-03-05;41,4678
1946-03-06;32,2212
1946-03-07;30,1028
1946-03-08;25,4573
1946-03-09;20,93
1946-03-10;17,8911
1946-03-11;16,0136
1946-03-12;15,5625
1946-03-13;15,1187
1946-03-14;13,8307
1946-03-15;12,6071
1946-03-16;12,2134
1946-03-17;11,8268
1946-03-18;12,2134
1946-03-19;12,2134
1946-03-20;11,8268
1946-03-21;11,4472
1946-03-22;11,4472
1946-03-23;11,0746
1946-03-24;11,0746
1946-03-25;11,0746
1946-03-26;10,7089
1946-03-27;10,7089
1946-03-28;10,3501
1946-03-29;10,7089
1946-03-30;10,7089
1946-03-31;10,3501
1946-04-01;10,3501
1946-04-02;10,7089
1946-04-03;10,7089
1946-04-04;10,7089
1946-04-05;10,7089
1946-04-06;10,7089
1946-04-07;10,3501
1946-04-08;10,3501
1946-04-09;9,9983
1946-04-10;9,6533
1946-04-11;9,3151
1946-04-12;9,3151
1946-04-13;8,9837
1946-04-14;8,9837
1946-04-15;8,6591
1946-04-16;8,9837
1946-04-17;8,9837
1946-04-18;8,9837
1946-04-19;8,9837
1946-04-20;8,3413
1946-04-21;8,6591
1946-04-22;8,6591
1946-04-23;8,6591
1946-04-24;8,9837
1946-04-25;8,9837
1946-04-26;8,9837
1946-04-27;8,6591
1946-04-28;8,3413
1946-04-29;8,0301
1946-04-30;8,3413
1946-05-01;8,9837
1946-05-02;11,8268
1946-05-03;13,4157
1946-05-04;11,8268
1946-05-05;10,7089
1946-05-06;10,3501
1946-05-07;9,9983
1946-05-08;9,9983
1946-05-09;9,6533
1946-05-10;11,0746
1946-05-11;18,3789
1946-05-12;22,0031
1946-05-13;20,93
1946-05-14;19,887
1946-05-15;18,8742
1946-05-16;17,8911
1946-05-17;17,4107
1946-05-18;16,9376
1946-05-19;15,5625
1946-05-20;22,5511
1946-05-21;35,1655
1946-05-22;34,4166
1946-05-23;30,8004
1946-05-24;25,4573
1946-05-25;23,1067
1946-05-26;22,0031
1946-05-27;23,1067
1946-05-28;19,887
1946-05-29;17,4107
1946-05-30;18,8742
1946-05-31;18,8742
1946-06-01;19,3769
1946-06-02;22,0031
1946-06-03;24,2409
1946-06-04;29,4137
1946-06-05;26,7423
1946-06-06;19,3769
1946-06-07;16,9376
1946-06-08;19,3769
1946-06-09;20,4047
1946-06-10;19,887
1946-06-11;18,8742
1946-06-12;18,3789
1946-06-13;17,8911
1946-06-14;14,6822
1946-06-15;13,4157
1946-06-16;13,4157
1946-06-17;13,0079
1946-06-18;12,6071
1946-06-19;15,5625
1946-06-20;20,4047
1946-06-21;37,464
1946-06-22;143,335
1946-06-23;213,618
1946-06-24;170,557
1946-06-25;147,465
1946-06-26;176,611
1946-06-27;153,07
1946-06-28;213,618
1946-06-29;287,006
1946-06-30;232,65
1946-07-01;155,915
1946-07-02;113,736
1946-07-03;94,1896
1946-07-04;121,106
1946-07-05;155,915
1946-07-06;130,017
1946-07-07;92,0189
1946-07-08;72,2975
1946-07-09;57,6913
1946-07-10;52,8985
1946-07-11;45,6889
1946-07-12;40,6497
1946-07-13;48,3266
1946-07-14;65,8226
1946-07-15;79,0971
1946-07-16;72,2975
1946-07-17;61,6856
1946-07-18;54,789
1946-07-19;52,8985
1946-07-20;49,2233
1946-07-21;43,13
1946-07-22;40,6497
1946-07-23;37,464
1946-07-24;39,0395
1946-07-25;40,6497
1946-07-26;34,4166
1946-07-27;26,0956
1946-07-28;23,1067
1946-07-29;23,1067
1946-07-30;23,1067
1946-07-31;23,1067
1946-08-01;23,1067
1946-08-02;18,8742
1946-08-03;16,472
1946-08-04;19,3769
1946-08-05;21,4627
1946-08-06;20,93
1946-08-07;17,8911
1946-08-08;16,472
1946-08-09;16,472
1946-08-10;16,472
1946-08-11;16,472
1946-08-12;19,3769
1946-08-13;21,4627
1946-08-14;21,4627
1946-08-15;20,93
1946-08-16;20,93
1946-08-17;20,4047
1946-08-18;19,3769
1946-08-19;15,5625
1946-08-20;13,8307
1946-08-21;13,4157
1946-08-22;13,4157
1946-08-23;13,4157
1946-08-24;13,4157
1946-08-25;14,2529
1946-08-26;15,1187
1946-08-27;28,0611
1946-08-28;54,789
1946-08-29;75,6566
1946-08-30;76,7943
1946-08-31;60,6736
1946-09-01;45,6889
1946-09-02;40,6497
1946-09-03;34,4166
1946-09-04;30,8004
1946-09-05;26,0956
1946-09-06;23,1067
1946-09-07;24,8275
1946-09-08;28,0611
1946-09-09;29,4137
1946-09-10;27,3975
1946-09-11;19,887
1946-09-12;16,472
1946-09-13;19,3769
1946-09-14;20,93
1946-09-15;20,93
1946-09-16;20,93
1946-09-17;20,4047
1946-09-18;16,472
1946-09-19;13,4157
1946-09-20;13,4157
1946-09-21;14,6822
1946-09-22;14,2529
1946-09-23;16,472
1946-09-24;18,3789
1946-09-25;18,8742
1946-09-26;18,3789
1946-09-27;14,6822
1946-09-28;13,0079
1946-09-29;13,8307
1946-09-30;13,8307
1946-10-01;13,4157
1946-10-02;13,0079
1946-10-03;11,4472
1946-10-04;12,6071
1946-10-05;27,3975
1946-10-06;80,2621
1946-10-07;269,485
1946-10-08;317,52
1946-10-09;210,251
1946-10-10;99,7346
1946-10-11;64,7749
1946-10-12;53,8393
1946-10-13;57,6913
1946-10-14;83,8116
1946-10-15;119,86
1946-10-16;99,7346
1946-10-17;79,0971
1946-10-18;59,6706
1946-10-19;51,0433
1946-10-20;44,8272
1946-10-21;35,1655
1946-10-22;25,4573
1946-10-23;23,1067
1946-10-24;20,93
1946-10-25;17,8911
1946-10-26;16,9376
1946-10-27;16,0136
1946-10-28;15,1187
1946-10-29;14,2529
1946-10-30;13,0079
1946-10-31;11,8268
1946-11-01;22,5511
1946-11-02;28,0611
1946-11-03;27,3975
1946-11-04;23,6699
1946-11-05;20,93
1946-11-06;17,8911
1946-11-07;16,9376
1946-11-08;18,3789
1946-11-09;22,0031
1946-11-10;22,0031
1946-11-11;19,887
1946-11-12;20,4047
1946-11-13;21,4627
1946-11-14;19,887
1946-11-15;16,0136
1946-11-16;14,2529
1946-11-17;14,2529
1946-11-18;13,8307
1946-11-19;14,2529
1946-11-20;16,0136
1946-11-21;20,4047
1946-11-22;22,5511
1946-11-23;23,6699
1946-11-24;56,715
1946-11-25;104,293
1946-11-26;144,704
1946-11-27;146,081
1946-11-28;111,334
1946-11-29;79,0971
1946-11-30;56,715
1946-12-01;39,0395
1946-12-02;30,1028
1946-12-03;25,4573
1946-12-04;24,2409
1946-12-05;19,887
1946-12-06;20,4047
1946-12-07;22,0031
1946-12-08;22,5511
1946-12-09;19,3769
1946-12-10;21,4627
1946-12-11;26,7423
1946-12-12;40,6497
1946-12-13;113,736
1946-12-14;492,423
1946-12-15;270,176
1946-12-16;141,275
1946-12-17;85,3878
1946-12-18;72,1284
1946-12-19;59,7727
1946-12-20;62,775
1946-12-21;68,9535
1946-12-22;68,9535
1946-12-23;54,8995
1946-12-24;50,1923
1946-12-25;46,548
1946-12-26;43,0136
1946-12-27;35,5878
1946-12-28;27,8525
1946-12-29;23,6439
1946-12-30;21,9124
1946-12-31;23,6439
1947-01-01;28,4725
1947-01-02;27,8525
1947-01-03;26,0204
1947-01-04;23,6439
1947-01-05;22,4846
1947-01-06;18,0492
1947-01-07;16,9925
1947-01-08;16,9925
1947-01-09;18,0492
1947-01-10;18,0492
1947-01-11;16,9925
1947-01-12;17,5181
1947-01-13;16,9925
1947-01-14;70,0055
1947-01-15;79,7553
1947-01-16;53,9447
1947-01-17;95,9067
1947-01-18;304,292
1947-01-19;191,488
1947-01-20;100,736
1947-01-21;74,2764
1947-01-22;57,8037
1947-01-23;53,9447
1947-01-24;47,4489
1947-01-25;37,9221
1947-01-26;32,9388
1947-01-27;29,0971
1947-01-28;27,2372
1947-01-29;25,4191
1947-01-30;23,6439
1947-01-31;21,3452
1947-02-01;20,2259
1947-02-02;20,2259
1947-02-03;18,0492
1947-02-04;19,1271
1947-02-05;27,8525
1947-02-06;29,7262
1947-02-07;28,4725
1947-02-08;22,4846
1947-02-09;22,4846
1947-02-10;23,0618
1947-02-11;21,3452
1947-02-12;70,0055
1947-02-13;81,99
1947-02-14;43,0136
1947-02-15;44,767
1947-02-16;42,1474
1947-02-17;33,5946
1947-02-18;26,6265
1947-02-19;23,0618
1947-02-20;20,2259
1947-02-21;16,9925
1947-02-22;16,4723
1947-02-23;18,0492
1947-02-24;16,9925
1947-02-25;17,5181
1947-02-26;29,0971
1947-02-27;52,0551
1947-02-28;43,0136
1947-03-01;32,2874
1947-03-02;26,0204
1947-03-03;23,0618
1947-03-04;20,783
1947-03-05;20,2259
1947-03-06;20,2259
1947-03-07;17,5181
1947-03-08;15,9575
1947-03-09;14,9446
1947-03-10;13,9544
1947-03-11;13,0032
1947-03-12;12,2905
1947-03-13;11,5856
1947-03-14;10,889
1947-03-15;11,2363
1947-03-16;11,5856
1947-03-17;10,889
1947-03-18;10,2009
1947-03-19;9,5217
1947-03-20;8,8517
1947-03-21;9,5217
1947-03-22;10,889
1947-03-23;11,5856
1947-03-24;11,5856
1947-03-25;11,2363
1947-03-26;10,889
1947-03-27;10,2009
1947-03-28;9,5217
1947-03-29;8,8517
1947-03-30;8,1914
1947-03-31;7,5412
1947-04-01;7,5412
1947-04-02;7,2201
1947-04-03;8,1914
1947-04-04;7,5412
1947-04-05;7,5412
1947-04-06;8,8517
1947-04-07;11,5856
1947-04-08;11,5856
1947-04-09;11,9371
1947-04-10;12,2905
1947-04-11;11,5856
1947-04-12;11,9371
1947-04-13;10,889
1947-04-14;10,2009
1947-04-15;9,5217
1947-04-16;8,8517
1947-04-17;8,8517
1947-04-18;9,5217
1947-04-19;10,889
1947-04-20;11,5856
1947-04-21;11,5856
1947-04-22;10,889
1947-04-23;10,2009
1947-04-24;9,5217
1947-04-25;8,8517
1947-04-26;8,5203
1947-04-27;8,8517
1947-04-28;8,5203
1947-04-29;9,1855
1947-04-30;14,9446
1947-05-01;19,1271
1947-05-02;24,8226
1947-05-03;24,8226
1947-05-04;23,0618
1947-05-05;21,3452
1947-05-06;20,2259
1947-05-07;19,1271
1947-05-08;18,0492
1947-05-09;16,9925
1947-05-10;15,9575
1947-05-11;14,9446
1947-05-12;13,9544
1947-05-13;13,0032
1947-05-14;12,2905
1947-05-15;11,5856
1947-05-16;12,2905
1947-05-17;14,9446
1947-05-18;68,9535
1947-05-19;215,992
1947-05-20;184,163
1947-05-21;142,672
1947-05-22;99,52
1947-05-23;83,1165
1947-05-24;70,0055
1947-05-25;57,8037
1947-05-26;43,0136
1947-05-27;39,5909
1947-05-28;34,2547
1947-05-29;30,9979
1947-05-30;29,7262
1947-05-31;27,2372
1947-06-01;26,0204
1947-06-02;24,8226
1947-06-03;22,4846
1947-06-04;18,0492
1947-06-05;13,9544
1947-06-06;13,0032
1947-06-07;12,2905
1947-06-08;11,5856
1947-06-09;10,889
1947-06-10;11,2363
1947-06-11;13,0032
1947-06-12;19,1271
1947-06-13;80,8696
1947-06-14;400,55
1947-06-15;206,442
1947-06-16;154,043
1947-06-17;119,674
1947-06-18;83,1165
1947-06-19;76,4494
1947-06-20;104,42
1947-06-21;99,52
1947-06-22;78,6472
1947-06-23;65,8355
1947-06-24;53,9447
1947-06-25;44,767
1947-06-26;37,9221
1947-06-27;36,2818
1947-06-28;37,9221
1947-06-29;59,7727
1947-06-30;66,8684
1947-07-01;57,8037
1947-07-02;45,6541
1947-07-03;43,0136
1947-07-04;44,767
1947-07-05;43,0136
1947-07-06;39,5909
1947-07-07;36,2818
1947-07-08;30,9979
1947-07-09;28,4725
1947-07-10;26,0204
1947-07-11;24,8226
1947-07-12;23,6439
1947-07-13;24,8226
1947-07-14;19,1271
1947-07-15;16,9925
1947-07-16;15,9575
1947-07-17;14,9446
1947-07-18;13,9544
1947-07-19;13,0032
1947-07-20;12,2905
1947-07-21;11,5856
1947-07-22;11,5856
1947-07-23;13,0032
1947-07-24;12,6459
1947-07-25;13,0032
1947-07-26;12,6459
1947-07-27;13,9544
1947-07-28;14,9446
1947-07-29;14,9446
1947-07-30;13,0032
1947-07-31;14,9446
1947-08-01;13,9544
1947-08-02;13,0032
1947-08-03;12,6459
1947-08-04;13,0032
1947-08-05;14,9446
1947-08-06;18,0492
1947-08-07;21,3452
1947-08-08;19,1271
1947-08-09;18,0492
1947-08-10;15,9575
1947-08-11;14,9446
1947-08-12;13,9544
1947-08-13;13,0032
1947-08-14;12,2905
1947-08-15;11,5856
1947-08-16;11,5856
1947-08-17;11,5856
1947-08-18;10,889
1947-08-19;10,2009
1947-08-20;9,5217
1947-08-21;8,8517
1947-08-22;9,5217
1947-08-23;13,0032
1947-08-24;18,0492
1947-08-25;18,0492
1947-08-26;19,1271
1947-08-27;21,3452
1947-08-28;22,4846
1947-08-29;23,6439
1947-08-30;36,2818
1947-08-31;64,8089
1947-09-01;86,5326
1947-09-02;78,6472
1947-09-03;70,0055
1947-09-04;53,9447
1947-09-05;37,9221
1947-09-06;34,9191
1947-09-07;33,5946
1947-09-08;30,9979
1947-09-09;46,548
1947-09-10;61,7678
1947-09-11;68,9535
1947-09-12;67,9078
1947-09-13;59,7727
1947-09-14;53,9447
1947-09-15;50,1923
1947-09-16;50,1923
1947-09-17;52,0551
1947-09-18;58,7849
1947-09-19;104,42
1947-09-20;180,54
1947-09-21;133,008
1947-09-22;97,1052
1947-09-23;124,941
1947-09-24;184,163
1947-09-25;187,813
1947-09-26;149,738
1947-09-27;99,52
1947-09-28;90,003
1947-09-29;197,049
1947-09-30;202,666
1947-10-01;191,488
1947-10-02;166,306
1947-10-03;106,905
1947-10-04;92,3466
1947-10-05;74,2764
1947-10-06;61,7678
1947-10-07;52,0551
1947-10-08;44,767
1947-10-09;38,7529
1947-10-10;32,2874
1947-10-11;29,7262
1947-10-12;28,4725
1947-10-13;26,6265
1947-10-14;24,8226
1947-10-15;23,6439
1947-10-16;22,4846
1947-10-17;21,9124
1947-10-18;23,6439
1947-10-19;24,8226
1947-10-20;23,6439
1947-10-21;22,4846
1947-10-22;22,4846
1947-10-23;22,4846
1947-10-24;21,3452
1947-10-25;18,0492
1947-10-26;16,9925
1947-10-27;16,9925
1947-10-28;16,9925
1947-10-29;17,5181
1947-10-30;16,9925
1947-10-31;19,1271
1947-11-01;20,2259
1947-11-02;18,5855
1947-11-03;14,9446
1947-11-04;14,9446
1947-11-05;16,9925
1947-11-06;16,9925
1947-11-07;15,9575
1947-11-08;15,4483
1947-11-09;11,9371
1947-11-10;11,2363
1947-11-11;10,5439
1947-11-12;9,8601
1947-11-13;9,1855
1947-11-14;9,1855
1947-11-15;10,5439
1947-11-16;9,8601
1947-11-17;9,1855
1947-11-18;9,5217
1947-11-19;11,2363
1947-11-20;12,2905
1947-11-21;13,9544
1947-11-22;13,0032
1947-11-23;13,0032
1947-11-24;13,9544
1947-11-25;14,4467
1947-11-26;13,0032
1947-11-27;12,2905
1947-11-28;11,5856
1947-11-29;10,889
1947-11-30;10,2009
1947-12-01;9,5217
1947-12-02;9,5217
1947-12-03;9,5217
1947-12-04;9,8601
1947-12-05;8,8517
1947-12-06;9,5217
1947-12-07;10,2009
1947-12-08;9,8601
1947-12-09;55,861
1947-12-10;459,701
1947-12-11;239,536
1947-12-12;105,659
1947-12-13;72,1284
1947-12-14;57,8037
1947-12-15;50,1923
1947-12-16;76,4494
1947-12-17;149,738
1947-12-18;122,296
1947-12-19;92,3466
1947-12-20;70,0055
1947-12-21;53,9447
1947-12-22;45,6541
1947-12-23;38,7529
1947-12-24;32,2874
1947-12-25;28,4725
1947-12-26;27,2372
1947-12-27;25,4191
1947-12-28;26,0204
1947-12-29;30,9979
1947-12-30;33,5946
1947-12-31;26,0204
1948-01-01;24,2308
1948-01-02;21,3452
1948-01-03;18,0492
1948-01-04;18,0492
1948-01-05;58,7849
1948-01-06;52,0551
1948-01-07;27,2372
1948-01-08;22,4846
1948-01-09;22,4846
1948-01-10;26,0204
1948-01-11;55,861
1948-01-12;52,9966
1948-01-13;27,2372
1948-01-14;24,8226
1948-01-15;21,3452
1948-01-16;20,2259
1948-01-17;19,1271
1948-01-18;18,0492
1948-01-19;16,9925
1948-01-20;18,0492
1948-01-21;21,3452
1948-01-22;17,5181
1948-01-23;18,0492
1948-01-24;16,9925
1948-01-25;18,5855
1948-01-26;23,6439
1948-01-27;29,7262
1948-01-28;27,2372
1948-01-29;25,4191
1948-01-30;22,4846
1948-01-31;20,2259
1948-02-01;19,1271
1948-02-02;17,5181
1948-02-03;15,9575
1948-02-04;14,9446
1948-02-05;15,9575
1948-02-06;20,783
1948-02-07;24,2308
1948-02-08;26,0204
1948-02-09;23,6439
1948-02-10;21,9124
1948-02-11;19,1271
1948-02-12;16,4723
1948-02-13;14,9446
1948-02-14;16,9925
1948-02-15;16,9925
1948-02-16;16,9925
1948-02-17;20,2259
1948-02-18;21,3452
1948-02-19;21,3452
1948-02-20;19,1271
1948-02-21;16,9925
1948-02-22;15,9575
1948-02-23;21,3452
1948-02-24;51,1203
1948-02-25;44,767
1948-02-26;44,767
1948-02-27;67,9078
1948-02-28;77,5452
1948-02-29;72,1284
1948-03-01;59,7727
1948-03-02;48,3565
1948-03-03;39,5909
1948-03-04;29,7262
1948-03-05;26,0204
1948-03-06;22,4846
1948-03-07;19,1271
1948-03-08;16,9925
1948-03-09;14,9446
1948-03-10;16,4723
1948-03-11;18,0492
1948-03-12;19,1271
1948-03-13;20,2259
1948-03-14;18,0492
1948-03-15;15,9575
1948-03-16;13,9544
1948-03-17;13,0032
1948-03-18;12,2905
1948-03-19;11,5856
1948-03-20;10,889
1948-03-21;11,5856
1948-03-22;10,889
1948-03-23;11,5856
1948-03-24;12,6459
1948-03-25;13,9544
1948-03-26;21,3452
1948-03-27;24,8226
1948-03-28;27,2372
1948-03-29;29,7262
1948-03-30;30,9979
1948-03-31;34,9191
1948-04-01;43,0136
1948-04-02;87,6834
1948-04-03;72,1284
1948-04-04;52,9966
1948-04-05;50,1923
1948-04-06;47,4489
1948-04-07;46,548
1948-04-08;57,8037
1948-04-09;72,1284
1948-04-10;90,003
1948-04-11;80,8696
1948-04-12;60,767
1948-04-13;52,9966
1948-04-14;49,271
1948-04-15;33,5946
1948-04-16;47,4489
1948-04-17;65,8355
1948-04-18;68,9535
1948-04-19;72,1284
1948-04-20;67,9078
1948-04-21;59,7727
1948-04-22;48,3565
1948-04-23;43,0136
1948-04-24;40,436
1948-04-25;34,9191
1948-04-26;27,8525
1948-04-27;24,8226
1948-04-28;23,0618
1948-04-29;21,3452
1948-04-30;20,783
1948-05-01;23,0618
1948-05-02;32,2874
1948-05-03;358,138
1948-05-04;326,345
1948-05-05;144,074
1948-05-06;97,1052
1948-05-07;78,6472
1948-05-08;61,7678
1948-05-09;49,271
1948-05-10;43,0136
1948-05-11;41,2882
1948-05-12;34,9191
1948-05-13;30,9979
1948-05-14;26,0204
1948-05-15;23,6439
1948-05-16;67,9078
1948-05-17;328,581
1948-05-18;317,457
1948-05-19;117,075
1948-05-20;88,8402
1948-05-21;80,8696
1948-05-22;56,8291
1948-05-23;50,1923
1948-05-24;42,1474
1948-05-25;37,9221
1948-05-26;35,5878
1948-05-27;33,5946
1948-05-28;29,7262
1948-05-29;65,8355
1948-05-30;94,7141
1948-05-31;81,99
1948-06-01;67,9078
1948-06-02;52,9966
1948-06-03;43,0136
1948-06-04;38,7529
1948-06-05;32,9388
1948-06-06;29,7262
1948-06-07;27,2372
1948-06-08;26,0204
1948-06-09;23,6439
1948-06-10;29,0971
1948-06-11;155,908
1948-06-12;668,359
1948-06-13;400,55
1948-06-14;198,915
1948-06-15;149,738
1948-06-16;119,674
1948-06-17;74,2764
1948-06-18;67,9078
1948-06-19;63,7888
1948-06-20;47,4489
1948-06-21;31,6404
1948-06-22;28,4725
1948-06-23;27,2372
1948-06-24;26,6265
1948-06-25;24,8226
1948-06-26;24,8226
1948-06-27;23,0618
1948-06-28;21,3452
1948-06-29;20,2259
1948-06-30;19,1271
1948-07-01;18,0492
1948-07-02;16,9925
1948-07-03;18,0492
1948-07-04;22,4846
1948-07-05;23,6439
1948-07-06;32,2874
1948-07-07;21,3452
1948-07-08;20,2259
1948-07-09;19,1271
1948-07-10;18,0492
1948-07-11;18,0492
1948-07-12;18,0492
1948-07-13;19,1271
1948-07-14;28,4725
1948-07-15;32,2874
1948-07-16;33,5946
1948-07-17;36,2818
1948-07-18;84,2492
1948-07-19;127,607
1948-07-20;87,6834
1948-07-21;76,4494
1948-07-22;70,0055
1948-07-23;84,2492
1948-07-24;243,545
1948-07-25;297,785
1948-07-26;278,568
1948-07-27;358,138
1948-07-28;155,908
1948-07-29;99,52
1948-07-30;90,003
1948-07-31;78,6472
1948-08-01;243,545
1948-08-02;551,077
1948-08-03;287,052
1948-08-04;198,915
1948-08-05;124,941
1948-08-06;92,3466
1948-08-07;74,2764
1948-08-08;72,1284
1948-08-09;70,0055
1948-08-10;57,8037
1948-08-11;54,8995
1948-08-12;47,4489
1948-08-13;44,767
1948-08-14;41,2882
1948-08-15;36,2818
1948-08-16;32,2874
1948-08-17;29,7262
1948-08-18;28,4725
1948-08-19;27,2372
1948-08-20;26,0204
1948-08-21;24,8226
1948-08-22;22,4846
1948-08-23;21,3452
1948-08-24;20,2259
1948-08-25;24,8226
1948-08-26;29,7262
1948-08-27;32,2874
1948-08-28;32,2874
1948-08-29;29,7262
1948-08-30;22,4846
1948-08-31;21,3452
1948-09-01;20,2259
1948-09-02;19,1271
1948-09-03;18,0492
1948-09-04;16,9925
1948-09-05;15,9575
1948-09-06;15,4483
1948-09-07;15,4483
1948-09-08;15,4483
1948-09-09;17,5181
1948-09-10;32,2874
1948-09-11;50,1923
1948-09-12;46,548
1948-09-13;35,5878
1948-09-14;29,0971
1948-09-15;24,8226
1948-09-16;21,9124
1948-09-17;24,8226
1948-09-18;27,8525
1948-09-19;34,9191
1948-09-20;57,8037
1948-09-21;97,1052
1948-09-22;97,1052
1948-09-23;77,5452
1948-09-24;59,7727
1948-09-25;50,1923
1948-09-26;42,1474
1948-09-27;41,2882
1948-09-28;36,2818
1948-09-29;27,2372
1948-09-30;23,6439
1948-10-01;20,783
1948-10-02;20,2259
1948-10-03;21,9124
1948-10-04;23,6439
1948-10-05;23,6439
1948-10-06;23,6439
1948-10-07;21,9124
1948-10-08;19,1271
1948-10-09;18,0492
1948-10-10;15,9575
1948-10-11;16,9925
1948-10-12;15,9575
1948-10-13;14,9446
1948-10-14;15,9575
1948-10-15;16,9925
1948-10-16;13,0032
1948-10-17;11,5856
1948-10-18;10,889
1948-10-19;10,889
1948-10-20;11,5856
1948-10-21;14,4467
1948-10-22;21,9124
1948-10-23;26,6265
1948-10-24;35,5878
1948-10-25;53,9447
1948-10-26;67,9078
1948-10-27;103,186
1948-10-28;169,825
1948-10-29;169,825
1948-10-30;180,54
1948-10-31;149,738
1948-11-01;131,65
1948-11-02;99,52
1948-11-03;87,6834
1948-11-04;65,8355
1948-11-05;50,1923
1948-11-06;42,1474
1948-11-07;36,2818
1948-11-08;32,2874
1948-11-09;29,7262
1948-11-10;26,6265
1948-11-11;24,8226
1948-11-12;21,9124
1948-11-13;19,1271
1948-11-14;16,4723
1948-11-15;15,9575
1948-11-16;15,9575
1948-11-17;16,9925
1948-11-18;15,9575
1948-11-19;15,9575
1948-11-20;15,9575
1948-11-21;14,4467
1948-11-22;12,6459
1948-11-23;11,5856
1948-11-24;10,889
1948-11-25;10,889
1948-11-26;19,6739
1948-11-27;29,0971
1948-11-28;23,6439
1948-11-29;19,1271
1948-11-30;16,9925
1948-12-01;13,9544
1948-12-02;13,0032
1948-12-03;13,0032
1948-12-04;16,4723
1948-12-05;15,9575
1948-12-06;13,9544
1948-12-07;12,2905
1948-12-08;11,5856
1948-12-09;11,2363
1948-12-10;12,2905
1948-12-11;11,5856
1948-12-12;10,889
1948-12-13;10,889
1948-12-14;10,889
1948-12-15;8,8517
1948-12-16;6,9017
1948-12-17;6,2736
1948-12-18;5,6573
1948-12-19;5,6573
1948-12-20;5,0538
1948-12-21;4,7571
1948-12-22;4,7571
1948-12-23;4,464
1948-12-24;3,8889
1948-12-25;3,8889
1948-12-26;3,8889
1948-12-27;3,3298
1948-12-28;3,3298
1948-12-29;3,8889
1948-12-30;3,3298
1948-12-31;2,7884
1949-01-01;2,2667
1949-01-02;2,2667
1949-01-03;2,2667
1949-01-04;2,7884
1949-01-05;3,3298
1949-01-06;12,2905
1949-01-07;30,9979
1949-01-08;55,861
1949-01-09;42,1474
1949-01-10;39,5909
1949-01-11;44,767
1949-01-12;46,548
1949-01-13;29,7262
1949-01-14;26,0204
1949-01-15;20,2259
1949-01-16;18,0492
1949-01-17;15,9575
1949-01-18;13,9544
1949-01-19;13,0032
1949-01-20;11,5856
1949-01-21;10,5439
1949-01-22;9,1855
1949-01-23;8,1914
1949-01-24;7,5412
1949-01-25;6,9017
1949-01-26;6,9017
1949-01-27;10,889
1949-01-28;9,5217
1949-01-29;8,1914
1949-01-30;8,1914
1949-01-31;8,8517
1949-02-01;18,0492
1949-02-02;13,0032
1949-02-03;11,5856
1949-02-04;10,5439
1949-02-05;9,5217
1949-02-06;8,1914
1949-02-07;8,1914
1949-02-08;8,5203
1949-02-09;7,5412
1949-02-10;7,5412
1949-02-11;8,1914
1949-02-12;7,5412
1949-02-13;6,9017
1949-02-14;6,2736
1949-02-15;6,9017
1949-02-16;6,2736
1949-02-17;5,3539
1949-02-18;5,0538
1949-02-19;6,2736
1949-02-20;5,6573
1949-02-21;5,3539
1949-02-22;5,6573
1949-02-23;5,0538
1949-02-24;5,0538
1949-02-25;5,3539
1949-02-26;6,2736
1949-02-27;6,2736
1949-02-28;5,6573
1949-03-01;5,0538
1949-03-02;6,2736
1949-03-03;8,8517
1949-03-04;11,5856
1949-03-05;18,0492
1949-03-06;23,6439
1949-03-07;22,4846
1949-03-08;33,5946
1949-03-09;32,2874
1949-03-10;20,2259
1949-03-11;17,5181
1949-03-12;15,9575
1949-03-13;16,9925
1949-03-14;21,9124
1949-03-15;22,4846
1949-03-16;54,8995
1949-03-17;63,7888
1949-03-18;55,861
1949-03-19;43,0136
1949-03-20;42,1474
1949-03-21;43,0136
1949-03-22;32,9388
1949-03-23;29,0971
1949-03-24;26,6265
1949-03-25;23,6439
1949-03-26;20,2259
1949-03-27;18,0492
1949-03-28;18,0492
1949-03-29;16,9925
1949-03-30;15,9575
1949-03-31;18,0492
1949-04-01;39,5909
1949-04-02;74,2764
1949-04-03;48,3565
1949-04-04;43,0136
1949-04-05;37,9221
1949-04-06;33,5946
1949-04-07;20,2259
1949-04-08;19,1271
1949-04-09;18,0492
1949-04-10;15,9575
1949-04-11;13,9544
1949-04-12;12,6459
1949-04-13;11,5856
1949-04-14;11,9371
1949-04-15;11,5856
1949-04-16;11,5856
1949-04-17;12,2905
1949-04-18;11,5856
1949-04-19;10,889
1949-04-20;10,889
1949-04-21;10,2009
1949-04-22;9,5217
1949-04-23;8,8517
1949-04-24;31,6404
1949-04-25;78,6472
1949-04-26;76,4494
1949-04-27;70,0055
1949-04-28;57,8037
1949-04-29;44,767
1949-04-30;34,9191
1949-05-01;27,2372
1949-05-02;23,0618
1949-05-03;21,3452
1949-05-04;18,5855
1949-05-05;14,9446
1949-05-06;13,9544
1949-05-07;11,5856
1949-05-08;11,5856
1949-05-09;11,5856
1949-05-10;12,2905
1949-05-11;11,5856
1949-05-12;10,889
1949-05-13;10,5439
1949-05-14;10,889
1949-05-15;10,889
1949-05-16;10,889
1949-05-17;10,2009
1949-05-18;9,5217
1949-05-19;8,8517
1949-05-20;9,5217
1949-05-21;13,9544
1949-05-22;22,4846
1949-05-23;24,8226
1949-05-24;21,9124
1949-05-25;21,3452
1949-05-26;20,783
1949-05-27;19,1271
1949-05-28;18,0492
1949-05-29;16,9925
1949-05-30;15,9575
1949-05-31;14,9446
1949-06-01;13,9544
1949-06-02;11,2363
1949-06-03;10,5439
1949-06-04;12,2905
1949-06-05;29,7262
1949-06-06;101,958
1949-06-07;98,3097
1949-06-08;113,218
1949-06-09;154,043
1949-06-10;162,813
1949-06-11;119,674
1949-06-12;94,7141
1949-06-13;83,1165
1949-06-14;80,8696
1949-06-15;88,8402
1949-06-16;90,003
1949-06-17;87,6834
1949-06-18;83,1165
1949-06-19;75,3598
1949-06-20;76,4494
1949-06-21;59,7727
1949-06-22;55,861
1949-06-23;52,9966
1949-06-24;50,1923
1949-06-25;46,548
1949-06-26;42,1474
1949-06-27;36,2818
1949-06-28;30,9979
1949-06-29;29,7262
1949-06-30;27,8525
1949-07-01;26,0204
1949-07-02;24,8226
1949-07-03;20,2259
1949-07-04;20,783
1949-07-05;20,2259
1949-07-06;19,6739
1949-07-07;19,1271
1949-07-08;17,5181
1949-07-09;15,9575
1949-07-10;14,9446
1949-07-11;14,4467
1949-07-12;14,9446
1949-07-13;14,9446
1949-07-14;16,9925
1949-07-15;321,89
1949-07-16;642,547
1949-07-17;333,068
1949-07-18;212,154
1949-07-19;159,347
1949-07-20;106,905
1949-07-21;94,7141
1949-07-22;80,8696
1949-07-23;74,2764
1949-07-24;70,0055
1949-07-25;53,9447
1949-07-26;46,548
1949-07-27;39,5909
1949-07-28;36,2818
1949-07-29;35,5878
1949-07-30;33,5946
1949-07-31;34,9191
1949-08-01;33,5946
1949-08-02;30,3598
1949-08-03;26,6265
1949-08-04;26,0204
1949-08-05;27,2372
1949-08-06;26,0204
1949-08-07;25,4191
1949-08-08;27,2372
1949-08-09;27,2372
1949-08-10;26,0204
1949-08-11;24,8226
1949-08-12;21,3452
1949-08-13;20,2259
1949-08-14;19,6739
1949-08-15;19,1271
1949-08-16;18,0492
1949-08-17;16,9925
1949-08-18;16,9925
1949-08-19;16,9925
1949-08-20;26,0204
1949-08-21;141,275
1949-08-22;131,65
1949-08-23;94,7141
1949-08-24;74,2764
1949-08-25;57,8037
1949-08-26;53,9447
1949-08-27;52,0551
1949-08-28;50,1923
1949-08-29;43,0136
1949-08-30;30,9979
1949-08-31;27,2372
1949-09-01;23,6439
1949-09-02;22,4846
1949-09-03;21,3452
1949-09-04;24,8226
1949-09-05;99,52
1949-09-06;146,896
1949-09-07;119,674
1949-09-08;117,075
1949-09-09;71,0638
1949-09-10;67,9078
1949-09-11;59,7727
1949-09-12;70,0055
1949-09-13;142,672
1949-09-14;106,905
1949-09-15;87,6834
1949-09-16;75,3598
1949-09-17;67,9078
1949-09-18;63,7888
1949-09-19;60,767
1949-09-20;162,813
1949-09-21;485,199
1949-09-22;299,948
1949-09-23;159,347
1949-09-24;115,783
1949-09-25;104,42
1949-09-26;106,905
1949-09-27;105,659
1949-09-28;97,1052
1949-09-29;90,003
1949-09-30;78,6472
1949-10-01;67,9078
1949-10-02;70,0055
1949-10-03;111,944
1949-10-04;124,941
1949-10-05;168,062
1949-10-06;169,825
1949-10-07;111,944
1949-10-08;110,675
1949-10-09;85,3878
1949-10-10;70,0055
1949-10-11;56,8291
1949-10-12;49,271
1949-10-13;44,767
1949-10-14;39,5909
1949-10-15;36,2818
1949-10-16;34,2547
1949-10-17;31,6404
1949-10-18;29,7262
1949-10-19;27,2372
1949-10-20;26,0204
1949-10-21;23,0618
1949-10-22;21,3452
1949-10-23;19,6739
1949-10-24;18,0492
1949-10-25;16,9925
1949-10-26;15,4483
1949-10-27;15,9575
1949-10-28;18,0492
1949-10-29;19,1271
1949-10-30;18,0492
1949-10-31;16,9925
1949-11-01;15,9575
1949-11-02;14,9446
1949-11-03;13,9544
1949-11-04;13,0032
1949-11-05;12,2905
1949-11-06;11,5856
1949-11-07;11,5856
1949-11-08;11,5856
1949-11-09;10,889
1949-11-10;9,5217
1949-11-11;9,5217
1949-11-12;9,5217
1949-11-13;9,5217
1949-11-14;9,5217
1949-11-15;9,5217
1949-11-16;8,8517
1949-11-17;8,5203
1949-11-18;8,8517
1949-11-19;9,1855
1949-11-20;8,8517
1949-11-21;12,2905
1949-11-22;13,9544
1949-11-23;12,2905
1949-11-24;11,5856
1949-11-25;12,2905
1949-11-26;15,4483
1949-11-27;15,9575
1949-11-28;13,0032
1949-11-29;11,5856
1949-11-30;10,889
1949-12-01;9,5217
1949-12-02;8,8517
1949-12-03;8,1914
1949-12-04;7,2201
1949-12-05;6,2736
1949-12-06;6,9017
1949-12-07;8,1914
1949-12-08;8,1914
1949-12-09;10,2009
1949-12-10;9,5217
1949-12-11;8,5203
1949-12-12;7,2201
1949-12-13;6,2736
1949-12-14;5,6573
1949-12-15;5,0538
1949-12-16;4,7571
1949-12-17;4,464
1949-12-18;4,7571
1949-12-19;4,464
1949-12-20;4,464
1949-12-21;4,7571
1949-12-22;5,0538
1949-12-23;5,9639
1949-12-24;7,2201
1949-12-25;7,865
1949-12-26;6,9017
1949-12-27;5,6573
1949-12-28;5,0538
1949-12-29;5,0538
1949-12-30;5,9639
1949-12-31;8,1914
1950-01-01;8,1914
1950-01-02;7,5412
1950-01-03;6,9017
1950-01-04;6,2736
1950-01-05;6,9017
1950-01-06;9,1855
1950-01-07;9,1855
1950-01-08;8,1914
1950-01-09;6,9017
1950-01-10;6,2736
1950-01-11;5,6573
1950-01-12;5,0538
1950-01-13;4,7571
1950-01-14;4,464
1950-01-15;3,8889
1950-01-16;3,8889
1950-01-17;4,464
1950-01-18;4,464
1950-01-19;3,8889
1950-01-20;3,8889
1950-01-21;4,464
1950-01-22;4,464
1950-01-23;4,464
1950-01-24;4,464
1950-01-25;3,8889
1950-01-26;3,3298
1950-01-27;2,7884
1950-01-28;2,7884
1950-01-29;2,7884
1950-01-30;2,7884
1950-01-31;3,0568
1950-02-01;3,8889
1950-02-02;4,7571
1950-02-03;5,6573
1950-02-04;6,2736
1950-02-05;7,5412
1950-02-06;6,9017
1950-02-07;5,9639
1950-02-08;5,6573
1950-02-09;5,3539
1950-02-10;5,0538
1950-02-11;4,7571
1950-02-12;4,464
1950-02-13;4,1745
1950-02-14;4,1745
1950-02-15;4,1745
1950-02-16;4,1745
1950-02-17;4,1745
1950-02-18;4,464
1950-02-19;5,9639
1950-02-20;6,9017
1950-02-21;6,9017
1950-02-22;5,9639
1950-02-23;5,6573
1950-02-24;5,3539
1950-02-25;5,0538
1950-02-26;4,7571
1950-02-27;4,464
1950-02-28;4,1745
1950-03-01;3,8889
1950-03-02;4,1745
1950-03-03;7,865
1950-03-04;10,5439
1950-03-05;10,5439
1950-03-06;11,2363
1950-03-07;10,889
1950-03-08;10,2009
1950-03-09;8,8517
1950-03-10;7,5412
1950-03-11;5,9639
1950-03-12;5,3539
1950-03-13;4,7571
1950-03-14;4,1745
1950-03-15;3,8889
1950-03-16;3,8889
1950-03-17;4,7571
1950-03-18;6,2736
1950-03-19;6,2736
1950-03-20;5,9639
1950-03-21;5,3539
1950-03-22;4,464
1950-03-23;3,8889
1950-03-24;3,8889
1950-03-25;3,8889
1950-03-26;3,6073
1950-03-27;3,6073
1950-03-28;3,8889
1950-03-29;3,8889
1950-03-30;4,7571
1950-03-31;4,464
1950-04-01;9,1855
1950-04-02;11,5856
1950-04-03;10,2009
1950-04-04;9,5217
1950-04-05;8,8517
1950-04-06;7,865
1950-04-07;7,2201
1950-04-08;6,5862
1950-04-09;5,9639
1950-04-10;5,6573
1950-04-11;5,3539
1950-04-12;5,3539
1950-04-13;5,9639
1950-04-14;6,2736
1950-04-15;5,9639
1950-04-16;5,6573
1950-04-17;5,3539
1950-04-18;5,0538
1950-04-19;5,0538
1950-04-20;4,7571
1950-04-21;4,7571
1950-04-22;4,7571
1950-04-23;4,7571
1950-04-24;4,464
1950-04-25;4,464
1950-04-26;4,7571
1950-04-27;5,9639
1950-04-28;8,5203
1950-04-29;8,5203
1950-04-30;7,5412
1950-05-01;6,9017
1950-05-02;6,5862
1950-05-03;6,9017
1950-05-04;7,865
1950-05-05;13,9243
1950-05-06;14,4347
1950-05-07;10,1482
1950-05-08;9,715
1950-05-09;9,715
1950-05-10;8,4678
1950-05-11;9,2905
1950-05-12;9,2905
1950-05-13;8,4678
1950-05-14;8,0697
1950-05-15;7,6804
1950-05-16;8,0697
1950-05-17;8,8748
1950-05-18;14,4347
1950-05-19;16,5607
1950-05-20;26,3896
1950-05-21;49,0431
1950-05-22;105,658
1950-05-23;73,7941
1950-05-24;57,5058
1950-05-25;41,0295
1950-05-26;30,6113
1950-05-27;26,3896
1950-05-28;21,2127
1950-05-29;17,6739
1950-05-30;15,4809
1950-05-31;14,4347
1950-06-01;15,4809
1950-06-02;15,4809
1950-06-03;15,4809
1950-06-04;25,0466
1950-06-05;64,5826
1950-06-06;55,7786
1950-06-07;41,8099
1950-06-08;34,9614
1950-06-09;32,7682
1950-06-10;30,6113
1950-06-11;29,172
1950-06-12;25,0466
1950-06-13;19,4061
1950-06-14;17,6739
1950-06-15;16,5607
1950-06-16;14,4347
1950-06-17;15,4809
1950-06-18;27,7647
1950-06-19;22,4581
1950-06-20;21,2127
1950-06-21;20,0001
1950-06-22;20,0001
1950-06-23;22,4581
1950-06-24;27,0731
1950-06-25;34,9614
1950-06-26;26,3896
1950-06-27;25,0466
1950-06-28;21,2127
1950-06-29;17,6739
1950-06-30;18,8205
1950-07-01;19,4061
1950-07-02;16,5607
1950-07-03;14,4347
1950-07-04;13,4223
1950-07-05;12,444
1950-07-06;13,4223
1950-07-07;16,5607
1950-07-08;44,9785
1950-07-09;35,7026
1950-07-10;30,6113
1950-07-11;27,7647
1950-07-12;21,2127
1950-07-13;17,6739
1950-07-14;16,5607
1950-07-15;14,9536
1950-07-16;13,4223
1950-07-17;11,9676
1950-07-18;10,5901
1950-07-19;9,715
1950-07-20;8,8748
1950-07-21;8,0697
1950-07-22;7,3
1950-07-23;7,3
1950-07-24;8,8748
1950-07-25;9,715
1950-07-26;10,5901
1950-07-27;8,8748
1950-07-28;8,4678
1950-07-29;9,715
1950-07-30;80,4744
1950-07-31;148,684
1950-08-01;138,667
1950-08-02;122,544
1950-08-03;93,9581
1950-08-04;70,0619
1950-08-05;56,6401
1950-08-06;45,7823
1950-08-07;27,7647
1950-08-08;23,7361
1950-08-09;37,9561
1950-08-10;116,299
1950-08-11;148,684
1950-08-12;176,609
1950-08-13;183,859
1950-08-14;518,668
1950-08-15;326,883
1950-08-16;164,177
1950-08-17;110,173
1950-08-18;81,444
1950-08-19;76,6341
1950-08-20;76,6341
1950-08-21;169,465
1950-08-22;217,772
1950-08-23;130,515
1950-08-24;87,3395
1950-08-25;68,2194
1950-08-26;55,7786
1950-08-27;46,5907
1950-08-28;39,4831
1950-08-29;34,9614
1950-08-30;32,0475
1950-08-31;27,7647
1950-09-01;25,0466
1950-09-02;21,8313
1950-09-03;19,4061
1950-09-04;17,6739
1950-09-05;17,6739
1950-09-06;25,0466
1950-09-07;29,172
1950-09-08;33,4942
1950-09-09;49,8696
1950-09-10;65,4858
1950-09-11;45,7823
1950-09-12;39,4831
1950-09-13;35,7026
1950-09-14;31,3319
1950-09-15;26,3896
1950-09-16;25,0466
1950-09-17;27,7647
1950-09-18;29,172
1950-09-19;31,3319
1950-09-20;42,595
1950-09-21;202,443
1950-09-22;174,813
1950-09-23;89,7
1950-09-24;45,7823
1950-09-25;42,595
1950-09-26;49,0431
1950-09-27;38,7172
1950-09-28;34,9614
1950-09-29;30,6113
1950-09-30;25,7141
1950-10-01;23,7361
1950-10-02;21,8313
1950-10-03;20,0001
1950-10-04;18,8205
1950-10-05;18,8205
1950-10-06;20,0001
1950-10-07;20,6023
1950-10-08;26,3896
1950-10-09;54,0685
1950-10-10;61,011
1950-10-11;52,3758
1950-10-12;44,9785
1950-10-13;37,9561
1950-10-14;32,0475
1950-10-15;45,7823
1950-10-16;1287,93
1950-10-17;654,788
1950-10-18;331,393
1950-10-19;356,597
1950-10-20;249,627
1950-10-21;304,671
1950-10-22;266,139
1950-10-23;241,516
1950-10-24;88,335
1950-10-25;73,7941
1950-10-26;65,4858
1950-10-27;58,3758
1950-10-28;51,536
1950-10-29;44,9785
1950-10-30;41,0295
1950-10-31;37,2
1950-11-01;34,2252
1950-11-02;31,3319
1950-11-03;28,4644
1950-11-04;26,3896
1950-11-05;24,3873
1950-11-06;22,4581
1950-11-07;21,2127
1950-11-08;19,4061
1950-11-09;18,243
1950-11-10;17,6739
1950-11-11;17,6739
1950-11-12;23,7361
1950-11-13;77,5885
1950-11-14;61,011
1950-11-15;36,4488
1950-11-16;32,0475
1950-11-17;46,5907
1950-11-18;39,4831
1950-11-19;36,4488
1950-11-20;31,3319
1950-11-21;29,8876
1950-11-22;29,172
1950-11-23;21,8313
1950-11-24;19,4061
1950-11-25;17,6739
1950-11-26;17,1131
1950-11-27;17,6739
1950-11-28;22,4581
1950-11-29;23,7361
1950-11-30;21,2127
1950-12-01;21,2127
1950-12-02;27,0731
1950-12-03;33,4942
1950-12-04;40,2539
1950-12-05;49,8696
1950-12-06;54,0685
1950-12-07;44,1793
1950-12-08;41,0295
1950-12-09;29,172
1950-12-10;26,3896
1950-12-11;23,7361
1950-12-12;22,4581
1950-12-13;64,5826
1950-12-14;84,3751
1950-12-15;62,7886
1950-12-16;42,595
1950-12-17;31,3319
1950-12-18;27,7647
1950-12-19;26,3896
1950-12-20;26,3896
1950-12-21;18,8205
1950-12-22;17,6739
1950-12-23;16,5607
1950-12-24;16,5607
1950-12-25;28,4644
1950-12-26;32,7682
1950-12-27;30,6113
1950-12-28;39,4831
1950-12-29;53,22
1950-12-30;49,0431
1950-12-31;36,4488
1951-01-01;29,172
1951-01-02;26,3896
1951-01-03;24,3873
1951-01-04;21,8313
1951-01-05;23,7361
1951-01-06;27,0731
1951-01-07;29,172
1951-01-08;24,3873
1951-01-09;20,0001
1951-01-10;16,5607
1951-01-11;14,9536
1951-01-12;14,4347
1951-01-13;16,5607
1951-01-14;20,0001
1951-01-15;39,4831
1951-01-16;44,1793
1951-01-17;32,0475
1951-01-18;29,172
1951-01-19;27,7647
1951-01-20;27,7647
1951-01-21;21,2127
1951-01-22;20,0001
1951-01-23;17,1131
1951-01-24;36,4488
1951-01-25;42,595
1951-01-26;42,595
1951-01-27;37,2
1951-01-28;32,7682
1951-01-29;30,6113
1951-01-30;34,9614
1951-01-31;45,7823
1951-02-01;50,7006
1951-02-02;73,7941
1951-02-03;141,978
1951-02-04;135,385
1951-02-05;145,316
1951-02-06;114,756
1951-02-07;111,693
1951-02-08;85,3595
1951-02-09;63,6836
1951-02-10;54,0685
1951-02-11;49,0431
1951-02-12;42,595
1951-02-13;29,217
1951-02-14;30,6216
1951-02-15;32,0475
1951-02-16;34,9614
1951-02-17;135,385
1951-02-18;133,754
1951-02-19;101,213
1951-02-20;76,6341
1951-02-21;71,9202
1951-02-22;276,652
1951-02-23;183,859
1951-02-24;148,684
1951-02-25;87,3395
1951-02-26;87,3395
1951-02-27;79,5087
1951-02-28;71,9202
1951-03-01;62,7886
1951-03-02;54,9214
1951-03-03;49,0431
1951-03-04;45,7823
1951-03-05;42,595
1951-03-06;40,2539
1951-03-07;37,9561
1951-03-08;34,9614
1951-03-09;30,6113
1951-03-10;23,7361
1951-03-11;21,2127
1951-03-12;20,0001
1951-03-13;21,2127
1951-03-14;20,0001
1951-03-15;17,6739
1951-03-16;16,5607
1951-03-17;28,4644
1951-03-18;178,411
1951-03-19;128,906
1951-03-20;78,5467
1951-03-21;65,4858
1951-03-22;50,7006
1951-03-23;41,0295
1951-03-24;37,9561
1951-03-25;32,0475
1951-03-26;27,7647
1951-03-27;22,4581
1951-03-28;20,6023
1951-03-29;18,8205
1951-03-30;17,6739
1951-03-31;16,5607
1951-04-01;15,4809
1951-04-02;16,5607
1951-04-03;17,6739
1951-04-04;18,8205
1951-04-05;15,4809
1951-04-06;16,0166
1951-04-07;15,4809
1951-04-08;15,4809
1951-04-09;14,4347
1951-04-10;13,4223
1951-04-11;12,444
1951-04-12;12,444
1951-04-13;12,9289
1951-04-14;11,4998
1951-04-15;10,5901
1951-04-16;9,715
1951-04-17;8,8748
1951-04-18;8,8748
1951-04-19;9,715
1951-04-20;10,1482
1951-04-21;10,5901
1951-04-22;10,1482
1951-04-23;8,8748
1951-04-24;9,715
1951-04-25;12,444
1951-04-26;15,1883
1951-04-27;16,2098
1951-04-28;15,1883
1951-04-29;14,1987
1951-04-30;13,2411
1951-05-01;12,3155
1951-05-02;10,9876
1951-05-03;8,9363
1951-05-04;8,1727
1951-05-05;8,9363
1951-05-06;8,1727
1951-05-07;7,4419
1951-05-08;7,4419
1951-05-09;7,4419
1951-05-10;6,7439
1951-05-11;6,7439
1951-05-12;6,4073
1951-05-13;6,7439
1951-05-14;8,1727
1951-05-15;6,0789
1951-05-16;6,0789
1951-05-17;6,7439
1951-05-18;6,7439
1951-05-19;14,1987
1951-05-20;15,1883
1951-05-21;15,1883
1951-05-22;14,6895
1951-05-23;14,1987
1951-05-24;15,1883
1951-05-25;15,1883
1951-05-26;15,1883
1951-05-27;15,1883
1951-05-28;14,6895
1951-05-29;15,6951
1951-05-30;20,0351
1951-05-31;18,3482
1951-06-01;17,2631
1951-06-02;14,1987
1951-06-03;14,1987
1951-06-04;11,4222
1951-06-05;9,7324
1951-06-06;12,7743
1951-06-07;14,1987
1951-06-08;16,7325
1951-06-09;18,9026
1951-06-10;16,2098
1951-06-11;13,2411
1951-06-12;11,8648
1951-06-13;10,5611
1951-06-14;9,7324
1951-06-15;10,5611
1951-06-16;9,7324
1951-06-17;9,7324
1951-06-18;8,9363
1951-06-19;8,1727
1951-06-20;7,4419
1951-06-21;7,4419
1951-06-22;7,8032
1951-06-23;8,9363
1951-06-24;9,7324
1951-06-25;10,5611
1951-06-26;9,7324
1951-06-27;10,5611
1951-06-28;10,9876
1951-06-29;11,4222
1951-06-30;13,2411
1951-07-01;13,2411
1951-07-02;10,5611
1951-07-03;10,5611
1951-07-04;9,7324
1951-07-05;9,7324
1951-07-06;9,7324
1951-07-07;9,7324
1951-07-08;9,7324
1951-07-09;13,2411
1951-07-10;14,1987
1951-07-11;14,6895
1951-07-12;13,2411
1951-07-13;12,3155
1951-07-14;11,4222
1951-07-15;10,5611
1951-07-16;9,7324
1951-07-17;10,5611
1951-07-18;9,7324
1951-07-19;9,7324
1951-07-20;8,9363
1951-07-21;8,5504
1951-07-22;8,5504
1951-07-23;7,4419
1951-07-24;7,4419
1951-07-25;6,7439
1951-07-26;6,4073
1951-07-27;7,4419
1951-07-28;6,7439
1951-07-29;6,7439
1951-07-30;6,0789
1951-07-31;6,0789
1951-08-01;6,0789
1951-08-02;5,4471
1951-08-03;6,0789
1951-08-04;6,7439
1951-08-05;7,4419
1951-08-06;6,7439
1951-08-07;6,7439
1951-08-08;6,0789
1951-08-09;5,7589
1951-08-10;5,4471
1951-08-11;6,0789
1951-08-12;6,0789
1951-08-13;6,0789
1951-08-14;5,4471
1951-08-15;5,7589
1951-08-16;5,4471
1951-08-17;5,4471
1951-08-18;5,4471
1951-08-19;5,4471
1951-08-20;5,4471
1951-08-21;5,4471
1951-08-22;4,8486
1951-08-23;4,8486
1951-08-24;4,8486
1951-08-25;4,2835
1951-08-26;4,2835
1951-08-27;4,0136
1951-08-28;4,0136
1951-08-29;4,2835
1951-08-30;4,5619
1951-08-31;4,2835
1951-09-01;4,2835
1951-09-02;4,0136
1951-09-03;4,0136
1951-09-04;4,0136
1951-09-05;3,7521
1951-09-06;4,2835
1951-09-07;3,7521
1951-09-08;3,7521
1951-09-09;4,0136
1951-09-10;3,7521
1951-09-11;4,2835
1951-09-12;4,0136
1951-09-13;3,499
1951-09-14;3,7521
1951-09-15;4,8486
1951-09-16;6,0789
1951-09-17;11,4222
1951-09-18;33,8169
1951-09-19;33,8169
1951-09-20;32,3567
1951-09-21;29,5291
1951-09-22;24,2467
1951-09-23;18,9026
1951-09-24;15,1883
1951-09-25;14,1987
1951-09-26;12,3155
1951-09-27;10,9876
1951-09-28;15,1883
1951-09-29;26,8255
1951-09-30;29,5291
1951-10-01;30,9274
1951-10-02;23,0041
1951-10-03;19,4649
1951-10-04;19,4649
1951-10-05;28,8415
1951-10-06;39,9657
1951-10-07;37,6023
1951-10-08;24,8797
1951-10-09;21,1991
1951-10-10;18,3482
1951-10-11;17,2631
1951-10-12;17,8017
1951-10-13;52,0422
1951-10-14;335,926
1951-10-15;542,802
1951-10-16;215,834
1951-10-17;155,501
1951-10-18;349,657
1951-10-19;426,189
1951-10-20;270,327
1951-10-21;122,544
1951-10-22;90,5077
1951-10-23;71,4436
1951-10-24;57,2733
1951-10-25;51,1947
1951-10-26;36,8298
1951-10-27;32,3567
1951-10-28;30,9274
1951-10-29;61,8233
1951-10-30;48,6937
1951-10-31;45,4562
1951-11-01;40,7689
1951-11-02;36,8298
1951-11-03;33,8169
1951-11-04;28,8415
1951-11-05;21,7929
1951-11-06;20,0351
1951-11-07;18,3482
1951-11-08;18,3482
1951-11-09;19,4649
1951-11-10;18,3482
1951-11-11;17,8017
1951-11-12;19,4649
1951-11-13;21,7929
1951-11-14;40,7689
1951-11-15;71,4436
1951-11-16;92,7646
1951-11-17;93,9034
1951-11-18;51,1947
1951-11-19;59,9825
1951-11-20;54,6265
1951-11-21;52,8967
1951-11-22;49,5204
1951-11-23;54,6265
1951-11-24;69,4641
1951-11-25;69,4641
1951-11-26;53,7581
1951-11-27;44,6642
1951-11-28;33,8169
1951-11-29;29,5291
1951-11-30;27,4898
1951-12-01;25,5205
1951-12-02;24,2467
1951-12-03;24,2467
1951-12-04;23,0041
1951-12-05;20,0351
1951-12-06;18,3482
1951-12-07;17,2631
1951-12-08;16,2098
1951-12-09;14,1987
1951-12-10;16,2098
1951-12-11;32,3567
1951-12-12;28,1618
1951-12-13;25,5205
1951-12-14;23,0041
1951-12-15;21,7929
1951-12-16;20,0351
1951-12-17;18,3482
1951-12-18;17,2631
1951-12-19;14,6895
1951-12-20;12,3155
1951-12-21;10,1427
1951-12-22;8,9363
1951-12-23;7,4419
1951-12-24;6,4073
1951-12-25;5,4471
1951-12-26;4,8486
1951-12-27;4,2835
1951-12-28;4,2835
1951-12-29;4,8486
1951-12-30;6,7439
1951-12-31;9,3303
1952-01-01;16,2098
1952-01-02;14,1987
1952-01-03;11,4222
1952-01-04;9,3303
1952-01-05;8,1727
1952-01-06;6,7439
1952-01-07;6,0789
1952-01-08;5,4471
1952-01-09;4,8486
1952-01-10;4,8486
1952-01-11;5,4471
1952-01-12;6,0789
1952-01-13;6,0789
1952-01-14;5,7589
1952-01-15;6,7439
1952-01-16;7,8032
1952-01-17;6,7439
1952-01-18;6,0789
1952-01-19;5,4471
1952-01-20;4,8486
1952-01-21;4,8486
1952-01-22;5,4471
1952-01-23;5,4471
1952-01-24;5,7589
1952-01-25;5,4471
1952-01-26;7,0888
1952-01-27;6,7439
1952-01-28;6,7439
1952-01-29;5,4471
1952-01-30;5,1437
1952-01-31;5,4471
1952-02-01;25,5205
1952-02-02;19,4649
1952-02-03;14,1987
1952-02-04;11,4222
1952-02-05;8,9363
1952-02-06;8,1727
1952-02-07;6,7439
1952-02-08;6,0789
1952-02-09;5,4471
1952-02-10;4,8486
1952-02-11;5,4471
1952-02-12;4,8486
1952-02-13;4,2835
1952-02-14;4,8486
1952-02-15;6,0789
1952-02-16;6,7439
1952-02-17;7,4419
1952-02-18;7,4419
1952-02-19;6,0789
1952-02-20;5,4471
1952-02-21;6,7439
1952-02-22;6,0789
1952-02-23;5,4471
1952-02-24;5,4471
1952-02-25;4,8486
1952-02-26;4,2835
1952-02-27;3,7521
1952-02-28;4,2835
1952-02-29;4,2835
1952-03-01;4,2835
1952-03-02;3,7521
1952-03-03;3,499
1952-03-04;3,2544
1952-03-05;3,2544
1952-03-06;3,7521
1952-03-07;3,2544
1952-03-08;3,7521
1952-03-09;3,499
1952-03-10;3,7521
1952-03-11;4,5619
1952-03-12;4,2835
1952-03-13;4,2835
1952-03-14;3,7521
1952-03-15;4,8486
1952-03-16;4,8486
1952-03-17;4,2835
1952-03-18;4,8486
1952-03-19;4,8486
1952-03-20;4,2835
1952-03-21;4,8486
1952-03-22;4,8486
1952-03-23;4,8486
1952-03-24;4,2835
1952-03-25;3,7521
1952-03-26;3,2544
1952-03-27;2,7908
1952-03-28;2,3614
1952-03-29;2,7908
1952-03-30;3,0184
1952-03-31;4,8486
1952-04-01;8,1727
1952-04-02;8,9363
1952-04-03;8,1727
1952-04-04;6,7439
1952-04-05;5,4471
1952-04-06;4,2835
1952-04-07;3,7521
1952-04-08;3,2544
1952-04-09;2,7908
1952-04-10;2,7908
1952-04-11;2,7908
1952-04-12;3,2544
1952-04-13;3,499
1952-04-14;2,7908
1952-04-15;2,7908
1952-04-16;2,7908
1952-04-17;2,7908
1952-04-18;2,7908
1952-04-19;3,0184
1952-04-20;2,7908
1952-04-21;3,2544
1952-04-22;3,2544
1952-04-23;3,0184
1952-04-24;3,0184
1952-04-25;3,7521
1952-04-26;3,2544
1952-04-27;3,2544
1952-04-28;2,7908
1952-04-29;2,7908
1952-04-30;2,7908
1952-05-01;2,7908
1952-05-02;2,7908
1952-05-03;2,7908
1952-05-04;2,5718
1952-05-05;2,3614
1952-05-06;2,3614
1952-05-07;2,1597
1952-05-08;2,3614
1952-05-09;2,3614
1952-05-10;2,3614
1952-05-11;2,5718
1952-05-12;2,7908
1952-05-13;2,7908
1952-05-14;3,2544
1952-05-15;2,7908
1952-05-16;2,3614
1952-05-17;2,3614
1952-05-18;2,1597
1952-05-19;1,9665
1952-05-20;2,3614
1952-05-21;2,3614
1952-05-22;2,3614
1952-05-23;2,3614
1952-05-24;2,3614
1952-05-25;2,5718
1952-05-26;2,7908
1952-05-27;3,2544
1952-05-28;4,2835
1952-05-29;4,8486
1952-05-30;8,1727
1952-05-31;8,9363
1952-06-01;9,7324
1952-06-02;10,5611
1952-06-03;16,2098
1952-06-04;61,8233
1952-06-05;138,667
1952-06-06;83,9034
1952-06-07;68,4847
1952-06-08;88,2786
1952-06-09;300,297
1952-06-10;138,127
1952-06-11;92,7646
1952-06-12;76,5139
1952-06-13;47,0611
1952-06-14;40,8083
1952-06-15;35,0
1952-06-16;32,9365
1952-06-17;27,1213
1952-06-18;28,3649
1952-06-19;30,2825
1952-06-20;35,0
1952-06-21;34,3052
1952-06-22;32,2626
1952-06-23;30,2825
1952-06-24;27,7397
1952-06-25;26,51
1952-06-26;35,7017
1952-06-27;55,5018
1952-06-28;131,29
1952-06-29;202,391
1952-06-30;138,127
1952-07-01;109,339
1952-07-02;95,0492
1952-07-03;81,7575
1952-07-04;59,9825
1952-07-05;43,8791
1952-07-06;38,5781
1952-07-07;32,9365
1952-07-08;27,7397
1952-07-09;22,9877
1952-07-10;21,8693
1952-07-11;21,8693
1952-07-12;22,9877
1952-07-13;56,3841
1952-07-14;205,756
1952-07-15;140,911
1952-07-16;119,42
1952-07-17;99,7016
1952-07-18;59,0725
1952-07-19;54,6265
1952-07-20;56,3841
1952-07-21;73,4509
1952-07-22;216,016
1952-07-23;199,054
1952-07-24;127,271
1952-07-25;104,465
1952-07-26;86,0771
1952-07-27;67,5122
1952-07-28;48,6937
1952-07-29;42,3298
1952-07-30;35,7017
1952-07-31;31,5956
1952-08-01;25,3081
1952-08-02;24,134
1952-08-03;44,6642
1952-08-04;70,4504
1952-08-05;77,5487
1952-08-06;52,8967
1952-08-07;47,8739
1952-08-08;41,5656
1952-08-09;35,7017
1952-08-10;31,5956
1952-08-11;27,7397
1952-08-12;24,134
1952-08-13;21,8693
1952-08-14;20,7786
1952-08-15;20,2438
1952-08-16;19,7158
1952-08-17;17,6737
1952-08-18;17,6737
1952-08-19;16,6944
1952-08-20;15,743
1952-08-21;16,6944
1952-08-22;15,743
1952-08-23;14,8194
1952-08-24;14,8194
1952-08-25;13,7884
1952-08-26;12,3946
1952-08-27;11,9456
1952-08-28;10,2285
1952-08-29;11,9456
1952-08-30;9,0237
1952-08-31;7,529
1952-09-01;9,4174
1952-09-02;10,2285
1952-09-03;25,3081
1952-09-04;68,4847
1952-09-05;82,827
1952-09-06;76,5139
1952-09-07;69,4641
1952-09-08;64,6365
1952-09-09;57,2733
1952-09-10;51,1947
1952-09-11;43,101
1952-09-12;40,0579
1952-09-13;38,5781
1952-09-14;35,7017
1952-09-15;34,3052
1952-09-16;32,9365
1952-09-17;32,9365
1952-09-18;31,5956
1952-09-19;30,2825
1952-09-20;28,3649
1952-09-21;25,3081
1952-09-22;21,8693
1952-09-23;20,2438
1952-09-24;18,6809
1952-09-25;17,6737
1952-09-26;16,6944
1952-09-27;15,743
1952-09-28;14,8194
1952-09-29;14,8194
1952-09-30;14,8194
1952-10-01;14,8194
1952-10-02;13,7884
1952-10-03;14,2686
1952-10-04;17,6737
1952-10-05;22,425
1952-10-06;24,134
1952-10-07;24,134
1952-10-08;75,486
1952-10-09;209,148
1952-10-10;185,983
1952-10-11;159,677
1952-10-12;147,99
1952-10-13;86,0771
1952-10-14;74,465
1952-10-15;69,4641
1952-10-16;65,5882
1952-10-17;63,6919
1952-10-18;61,8233
1952-10-19;59,9825
1952-10-20;51,1947
1952-10-21;48,6937
1952-10-22;45,4562
1952-10-23;41,5656
1952-10-24;39,3145
1952-10-25;37,126
1952-10-26;35,7017
1952-10-27;35,7017
1952-10-28;32,9365
1952-10-29;32,9365
1952-10-30;27,7397
1952-10-31;24,134
1952-11-01;22,425
1952-11-02;21,8693
1952-11-03;20,7786
1952-11-04;19,7158
1952-11-05;21,8693
1952-11-06;20,7786
1952-11-07;19,7158
1952-11-08;18,6809
1952-11-09;18,1738
1952-11-10;49,5204
1952-11-11;61,8233
1952-11-12;69,4641
1952-11-13;56,3841
1952-11-14;47,0611
1952-11-15;43,101
1952-11-16;37,126
1952-11-17;32,9365
1952-11-18;95,0492
1952-11-19;89,3897
1952-11-20;76,5139
1952-11-21;73,4509
1952-11-22;71,4436
1952-11-23;66,5467
1952-11-24;59,9825
1952-11-25;52,8967
1952-11-26;41,5656
1952-11-27;35,7017
1952-11-28;32,9365
1952-11-29;31,5956
1952-11-30;30,2825
1952-12-01;32,2626
1952-12-02;35,0
1952-12-03;32,2626
1952-12-04;30,2825
1952-12-05;28,9972
1952-12-06;26,51
1952-12-07;25,3081
1952-12-08;23,5574
1952-12-09;21,8693
1952-12-10;20,7786
1952-12-11;20,7786
1952-12-12;18,6809
1952-12-13;16,6944
1952-12-14;15,743
1952-12-15;14,8194
1952-12-16;13,7884
1952-12-17;12,8514
1952-12-18;11,9456
1952-12-19;11,9456
1952-12-20;11,0713
1952-12-21;11,0713
1952-12-22;9,819
1952-12-23;7,8907
1952-12-24;7,1754
1952-12-25;7,1754
1952-12-26;6,4925
1952-12-27;6,4925
1952-12-28;6,4925
1952-12-29;10,2285
1952-12-30;18,6809
1952-12-31;28,9972
1953-01-01;25,9055
1953-01-02;22,9877
1953-01-03;21,3205
1953-01-04;18,1738
1953-01-05;12,8514
1953-01-06;11,0713
1953-01-07;13,316
1953-01-08;21,8693
1953-01-09;24,134
1953-01-10;19,7158
1953-01-11;15,743
1953-01-12;13,7884
1953-01-13;12,8514
1953-01-14;12,8514
1953-01-15;15,743
1953-01-16;17,1806
1953-01-17;17,6737
1953-01-18;16,6944
1953-01-19;15,743
1953-01-20;16,6944
1953-01-21;16,6944
1953-01-22;16,6944
1953-01-23;22,425
1953-01-24;54,6265
1953-01-25;56,3841
1953-01-26;51,1947
1953-01-27;44,6642
1953-01-28;40,0579
1953-01-29;35,7017
1953-01-30;31,5956
1953-01-31;26,51
1953-02-01;28,9972
1953-02-02;24,7175
1953-02-03;22,9877
1953-02-04;20,7786
1953-02-05;19,7158
1953-02-06;17,6737
1953-02-07;16,6944
1953-02-08;15,743
1953-02-09;16,6944
1953-02-10;54,6265
1953-02-11;58,1694
1953-02-12;51,1947
1953-02-13;46,2552
1953-02-14;41,5656
1953-02-15;31,5956
1953-02-16;29,6364
1953-02-17;27,1213
1953-02-18;25,3081
1953-02-19;22,425
1953-02-20;20,7786
1953-02-21;19,1949
1953-02-22;14,8194
1953-02-23;21,8693
1953-02-24;58,1694
1953-02-25;51,1947
1953-02-26;43,101
1953-02-27;35,0
1953-02-28;30,9356
1953-03-01;26,51
1953-03-02;19,7158
1953-03-03;20,7786
1953-03-04;34,3052
1953-03-05;47,0611
1953-03-06;59,9825
1953-03-07;56,3841
1953-03-08;50,3541
1953-03-09;44,6642
1953-03-10;35,7017
1953-03-11;35,7017
1953-03-12;20,2438
1953-03-13;16,6944
1953-03-14;11,9456
1953-03-15;12,8514
1953-03-16;11,0713
1953-03-17;10,2285
1953-03-18;9,4174
1953-03-19;8,638
1953-03-20;7,8907
1953-03-21;8,638
1953-03-22;11,9456
1953-03-23;15,743
1953-03-24;68,4847
1953-03-25;99,7016
1953-03-26;87,1744
1953-03-27;79,6392
1953-03-28;71,4436
1953-03-29;63,6919
1953-03-30;51,1947
1953-03-31;46,2552
1953-04-01;38,5781
1953-04-02;40,8083
1953-04-03;38,5781
1953-04-04;35,0
1953-04-05;30,2825
1953-04-06;28,9972
1953-04-07;32,2626
1953-04-08;41,5656
1953-04-09;73,4509
1953-04-10;70,4504
1953-04-11;59,9825
1953-04-12;46,2552
1953-04-13;31,5956
1953-04-14;26,51
1953-04-15;28,9972
1953-04-16;39,3145
1953-04-17;71,4436
1953-04-18;69,4641
1953-04-19;61,8233
1953-04-20;55,5018
1953-04-21;52,8967
1953-04-22;44,6642
1953-04-23;40,8083
1953-04-24;37,126
1953-04-25;34,3052
1953-04-26;26,51
1953-04-27;18,6809
1953-04-28;17,1806
1953-04-29;15,2777
1953-04-30;12,8514
1953-05-01;11,9456
1953-05-02;11,0713
1953-05-03;11,0713
1953-05-04;11,0713
1953-05-05;11,0713
1953-05-06;11,0713
1953-05-07;11,0713
1953-05-08;11,9456
1953-05-09;12,8514
1953-05-10;16,6944
1953-05-11;39,3145
1953-05-12;35,7017
1953-05-13;24,134
1953-05-14;21,3205
1953-05-15;18,6809
1953-05-16;17,6737
1953-05-17;15,2777
1953-05-18;13,7884
1953-05-19;11,9456
1953-05-20;11,0713
1953-05-21;9,4174
1953-05-22;8,638
1953-05-23;9,0237
1953-05-24;6,1631
1953-05-25;7,1754
1953-05-26;9,0237
1953-05-27;11,0713
1953-05-28;13,316
1953-05-29;14,8194
1953-05-30;311,195
1953-05-31;237,283
1953-06-01;110,575
1953-06-02;105,673
1953-06-03;97,3615
1953-06-04;76,5139
1953-06-05;60,8994
1953-06-06;52,8967
1953-06-07;43,101
1953-06-08;44,6642
1953-06-09;56,3841
1953-06-10;59,9825
1953-06-11;54,6265
1953-06-12;48,6937
1953-06-13;41,5656
1953-06-14;36,4104
1953-06-15;32,9365
1953-06-16;28,9972
1953-06-17;32,9365
1953-06-18;207,449
1953-06-19;372,041
1953-06-20;271,049
1953-06-21;179,614
1953-06-22;119,42
1953-06-23;110,575
1953-06-24;83,9034
1953-06-25;59,9825
1953-06-26;44,6642
1953-06-27;47,8739
1953-06-28;56,3841
1953-06-29;54,6265
1953-06-30;58,1694
1953-07-01;54,6265
1953-07-02;51,1947
1953-07-03;69,4641
1953-07-04;78,5905
1953-07-05;89,3897
1953-07-06;86,0771
1953-07-07;59,9825
1953-07-08;52,8967
1953-07-09;58,1694
1953-07-10;69,4641
1953-07-11;73,4509
1953-07-12;67,5122
1953-07-13;58,1694
1953-07-14;52,8967
1953-07-15;47,8739
1953-07-16;41,5656
1953-07-17;35,7017
1953-07-18;55,5018
1953-07-19;95,0492
1953-07-20;91,6327
1953-07-21;71,4436
1953-07-22;87,1744
1953-07-23;106,888
1953-07-24;106,888
1953-07-25;84,9868
1953-07-26;72,4438
1953-07-27;63,6919
1953-07-28;54,6265
1953-07-29;52,0422
1953-07-30;44,6642
1953-07-31;40,0579
1953-08-01;35,7017
1953-08-02;30,2825
1953-08-03;27,1213
1953-08-04;25,3081
1953-08-05;24,134
1953-08-06;22,425
1953-08-07;20,7786
1953-08-08;19,7158
1953-08-09;19,1949
1953-08-10;17,6737
1953-08-11;17,1806
1953-08-12;16,6944
1953-08-13;16,2152
1953-08-14;15,743
1953-08-15;15,743
1953-08-16;14,8194
1953-08-17;12,8514
1953-08-18;12,8514
1953-08-19;14,8194
1953-08-20;15,743
1953-08-21;15,743
1953-08-22;14,8194
1953-08-23;67,5122
1953-08-24;202,391
1953-08-25;136,746
1953-08-26;81,7575
1953-08-27;71,4436
1953-08-28;69,4641
1953-08-29;106,888
1953-08-30;155,243
1953-08-31;99,7016
1953-09-01;88,2786
1953-09-02;79,6392
1953-09-03;73,4509
1953-09-04;65,5882
1953-09-05;58,1694
1953-09-06;51,1947
1953-09-07;46,2552
1953-09-08;43,101
1953-09-09;488,945
1953-09-10;416,414
1953-09-11;257,652
1953-09-12;156,714
1953-09-13;104,465
1953-09-14;132,644
1953-09-15;347,491
1953-09-16;399,776
1953-09-17;332,304
1953-09-18;231,873
1953-09-19;116,858
1953-09-20;135,372
1953-09-21;165,687
1953-09-22;152,321
1953-09-23;152,321
1953-09-24;147,99
1953-09-25;465,814
1953-09-26;315,361
1953-09-27;267,187
1953-09-28;152,321
1953-09-29;132,644
1953-09-30;120,711
1953-10-01;202,391
1953-10-02;404,495
1953-10-03;365,263
1953-10-04;207,449
1953-10-05;134,004
1953-10-06;102,069
1953-10-07;92,7646
1953-10-08;79,6392
1953-10-09;71,4436
1953-10-10;58,1694
1953-10-11;49,5204
1953-10-12;42,3298
1953-10-13;37,126
1953-10-14;35,0
1953-10-15;32,2626
1953-10-16;46,2552
1953-10-17;81,7575
1953-10-18;122,009
1953-10-19;129,944
1953-10-20;98,5281
1953-10-21;73,4509
1953-10-22;53,7581
1953-10-23;59,9825
1953-10-24;67,5122
1953-10-25;747,776
1953-10-26;1372,07
1953-10-27;633,536
1953-10-28;222,994
1953-10-29;170,267
1953-10-30;138,127
1953-10-31;128,604
1953-11-01;116,858
1953-11-02;102,069
1953-11-03;115,587
1953-11-04;99,7016
1953-11-05;79,6392
1953-11-06;69,4641
1953-11-07;65,5882
1953-11-08;56,3841
1953-11-09;51,1947
1953-11-10;41,5656
1953-11-11;40,0579
1953-11-12;43,101
1953-11-13;47,8739
1953-11-14;48,6937
1953-11-15;46,2552
1953-11-16;41,5656
1953-11-17;40,0579
1953-11-18;37,126
1953-11-19;34,3052
1953-11-20;32,9365
1953-11-21;28,9972
1953-11-22;24,134
1953-11-23;22,9877
1953-11-24;21,8693
1953-11-25;20,7786
1953-11-26;19,7158
1953-11-27;18,6809
1953-11-28;20,7786
1953-11-29;23,5574
1953-11-30;21,8693
1953-12-01;20,7786
1953-12-02;20,7786
1953-12-03;19,7158
1953-12-04;20,7786
1953-12-05;20,7786
1953-12-06;19,7158
1953-12-07;19,7158
1953-12-08;19,7158
1953-12-09;18,6809
1953-12-10;17,1806
1953-12-11;15,743
1953-12-12;15,2777
1953-12-13;14,8194
1953-12-14;13,7884
1953-12-15;12,8514
1953-12-16;11,9456
1953-12-17;11,0713
1953-12-18;11,0713
1953-12-19;11,5045
1953-12-20;11,0713
1953-12-21;10,2285
1953-12-22;9,4174
1953-12-23;8,638
1953-12-24;7,8907
1953-12-25;7,1754
1953-12-26;7,1754
1953-12-27;7,1754
1953-12-28;16,6944
1953-12-29;18,6809
1953-12-30;24,134
1953-12-31;20,7786
1954-01-01;24,7175
1954-01-02;27,7397
1954-01-03;28,9972
1954-01-04;32,9365
1954-01-05;28,9972
1954-01-06;26,51
1954-01-07;40,0579
1954-01-08;51,1947
1954-01-09;39,3145
1954-01-10;38,5781
1954-01-11;41,5656
1954-01-12;55,5018
1954-01-13;187,593
1954-01-14;129,944
1954-01-15;97,3615
1954-01-16;197,396
1954-01-17;282,803
1954-01-18;152,321
1954-01-19;119,42
1954-01-20;95,0492
1954-01-21;77,5487
1954-01-22;62,7541
1954-01-23;40,8083
1954-01-24;27,1213
1954-01-25;28,9972
1954-01-26;40,0579
1954-01-27;47,0611
1954-01-28;54,6265
1954-01-29;47,0611
1954-01-30;44,6642
1954-01-31;52,0422
1954-02-01;59,9825
1954-02-02;58,1694
1954-02-03;52,8967
1954-02-04;41,5656
1954-02-05;38,5781
1954-02-06;35,0
1954-02-07;32,2626
1954-02-08;30,2825
1954-02-09;27,1213
1954-02-10;24,134
1954-02-11;22,9877
1954-02-12;21,8693
1954-02-13;22,9877
1954-02-14;22,9877
1954-02-15;25,3081
1954-02-16;28,3649
1954-02-17;28,9972
1954-02-18;27,7397
1954-02-19;26,51
1954-02-20;28,9972
1954-02-21;28,9972
1954-02-22;31,5956
1954-02-23;43,8791
1954-02-24;51,1947
1954-02-25;97,3615
1954-02-26;109,339
1954-02-27;124,626
1954-02-28;161,169
1954-03-01;115,587
1954-03-02;92,7646
1954-03-03;81,7575
1954-03-04;71,4436
1954-03-05;67,5122
1954-03-06;63,6919
1954-03-07;104,465
1954-03-08;152,321
1954-03-09;127,271
1954-03-10;104,465
1954-03-11;92,7646
1954-03-12;87,1744
1954-03-13;81,7575
1954-03-14;70,4504
1954-03-15;65,5882
1954-03-16;59,9825
1954-03-17;66,5467
1954-03-18;74,465
1954-03-19;66,5467
1954-03-20;58,1694
1954-03-21;49,5204
1954-03-22;44,6642
1954-03-23;37,126
1954-03-24;31,5956
1954-03-25;27,1213
1954-03-26;26,51
1954-03-27;27,7397
1954-03-28;28,9972
1954-03-29;27,1213
1954-03-30;25,3081
1954-03-31;27,1213
1954-04-01;44,6642
1954-04-02;99,7016
1954-04-03;122,009
1954-04-04;83,9034
1954-04-05;69,4641
1954-04-06;48,6937
1954-04-07;43,101
1954-04-08;41,5656
1954-04-09;40,0579
1954-04-10;35,7017
1954-04-11;38,5781
1954-04-12;64,6365
1954-04-13;68,4847
1954-04-14;63,6919
1954-04-15;59,9825
1954-04-16;49,5204
1954-04-17;43,101
1954-04-18;40,0579
1954-04-19;37,126
1954-04-20;32,9365
1954-04-21;27,7397
1954-04-22;25,3081
1954-04-23;22,9877
1954-04-24;21,8693
1954-04-25;21,8693
1954-04-26;27,1213
1954-04-27;90,9437
1954-04-28;176,611
1954-04-29;126,157
1954-04-30;90,9437
1954-05-01;67,9449
1954-05-02;59,6706
1954-05-03;53,8393
1954-05-04;45,6889
1954-05-05;36,6892
1954-05-06;32,2212
1954-05-07;28,0611
1954-05-08;26,7423
1954-05-09;24,8275
1954-05-10;17,8911
1954-05-11;16,9376
1954-05-12;15,1187
1954-05-13;14,2529
1954-05-14;13,4157
1954-05-15;13,4157
1954-05-16;19,887
1954-05-17;38,2474
1954-05-18;33,6762
1954-05-19;29,4137
1954-05-20;25,4573
1954-05-21;20,93
1954-05-22;19,887
1954-05-23;18,3789
1954-05-24;16,9376
1954-05-25;16,9376
1954-05-26;17,8911
1954-05-27;19,887
1954-05-28;22,0031
1954-05-29;25,4573
1954-05-30;27,3975
1954-05-31;29,4137
1954-06-01;27,3975
1954-06-02;24,2409
1954-06-03;33,6762
1954-06-04;74,5278
1954-06-05;88,6719
1954-06-06;164,616
1954-06-07;126,157
1954-06-08;102,0
1954-06-09;72,2975
1954-06-10;290,979
1954-06-11;254,404
1954-06-12;225,629
1954-06-13;305,117
1954-06-14;436,154
1954-06-15;416,593
1954-06-16;397,511
1954-06-17;431,219
1954-06-18;461,279
1954-06-19;334,469
1954-06-20;203,602
1954-06-21;185,904
1954-06-22;178,142
1954-06-23;114,947
1954-06-24;81,4362
1954-06-25;67,9449
1954-06-26;59,6706
1954-06-27;55,7476
1954-06-28;57,6913
1954-06-29;179,68
1954-06-30;431,219
1954-07-01;580,807
1954-07-02;461,279
1954-07-03;356,318
1954-07-04;175,087
1954-07-05;94,1896
1954-07-06;79,0971
1954-07-07;61,6856
1954-07-08;51,9664
1954-07-09;47,4386
1954-07-10;42,2945
1954-07-11;39,8402
1954-07-12;61,6856
1954-07-13;112,532
1954-07-14;121,106
1954-07-15;135,261
1954-07-16;131,318
1954-07-17;119,86
1954-07-18;121,106
1954-07-19;135,261
1954-07-20;147,465
1954-07-21;283,061
1954-07-22;577,927
1954-07-23;356,318
1954-07-24;236,204
1954-07-25;128,723
1954-07-26;97,4963
1954-07-27;74,5278
1954-07-28;61,6856
1954-07-29;57,6913
1954-07-30;53,8393
1954-07-31;48,3266
1954-08-01;42,2945
1954-08-02;39,0395
1954-08-03;36,6892
1954-08-04;39,8402
1954-08-05;44,8272
1954-08-06;55,7476
1954-08-07;50,1289
1954-08-08;46,5594
1954-08-09;41,4678
1954-08-10;39,8402
1954-08-11;38,2474
1954-08-12;35,1655
1954-08-13;32,2212
1954-08-14;29,4137
1954-08-15;28,0611
1954-08-16;26,7423
1954-08-17;23,6699
1954-08-18;19,887
1954-08-19;18,8742
1954-08-20;17,8911
1954-08-21;18,3789
1954-08-22;18,8742
1954-08-23;18,3789
1954-08-24;17,8911
1954-08-25;18,8742
1954-08-26;19,887
1954-08-27;21,4627
1954-08-28;23,6699
1954-08-29;20,93
1954-08-30;16,9376
1954-08-31;16,0136
1954-09-01;14,2529
1954-09-02;13,4157
1954-09-03;13,4157
1954-09-04;15,1187
1954-09-05;24,2409
1954-09-06;59,6706
1954-09-07;88,6719
1954-09-08;227,374
1954-09-09;466,394
1954-09-10;325,936
1954-09-11;395,159
1954-09-12;487,157
1954-09-13;426,314
1954-09-14;230,884
1954-09-15;164,616
1954-09-16;146,081
1954-09-17;133,939
1954-09-18;189,058
1954-09-19;279,146
1954-09-20;254,404
1954-09-21;592,404
1954-09-22;2017,71
1954-09-23;414,182
1954-09-24;279,146
1954-09-25;175,087
1954-09-26;106,613
1954-09-27;39,8402
1954-09-28;36,6892
1954-09-29;33,6762
1954-09-30;32,2212
1954-10-01;28,7332
1954-10-02;26,7423
1954-10-03;25,4573
1954-10-04;25,4573
1954-10-05;36,6892
1954-10-06;48,3266
1954-10-07;72,2975
1954-10-08;108,96
1954-10-09;215,313
1954-10-10;487,157
1954-10-11;187,477
1954-10-12;150,254
1954-10-13;39,8402
1954-10-14;32,2212
1954-10-15;23,1067
1954-10-16;23,1067
1954-10-17;17,8911
1954-10-18;787,91
1954-10-19;356,318
1954-10-20;179,68
1954-10-21;163,148
1954-10-22;170,557
1954-10-23;140,616
1954-10-24;99,7346
1954-10-25;55,7476
1954-10-26;35,1655
1954-10-27;28,7332
1954-10-28;23,1067
1954-10-29;22,0031
1954-10-30;20,93
1954-10-31;19,887
1954-11-01;86,2235
1954-11-02;76,7943
1954-11-03;62,7064
1954-11-04;53,8393
1954-11-05;48,3266
1954-11-06;46,5594
1954-11-07;44,8272
1954-11-08;42,2945
1954-11-09;39,0395
1954-11-10;36,6892
1954-11-11;32,2212
1954-11-12;30,8004
1954-11-13;25,4573
1954-11-14;23,6699
1954-11-15;20,93
1954-11-16;18,8742
1954-11-17;17,8911
1954-11-18;16,9376
1954-11-19;15,1187
1954-11-20;14,2529
1954-11-21;14,6822
1954-11-22;18,3789
1954-11-23;18,8742
1954-11-24;14,2529
1954-11-25;13,4157
1954-11-26;13,4157
1954-11-27;12,6071
1954-11-28;14,6822
1954-11-29;16,0136
1954-11-30;16,0136
1954-12-01;15,1187
1954-12-02;15,1187
1954-12-03;16,472
1954-12-04;16,9376
1954-12-05;16,0136
1954-12-06;15,1187
1954-12-07;17,8911
1954-12-08;18,8742
1954-12-09;17,8911
1954-12-10;16,9376
1954-12-11;16,0136
1954-12-12;16,9376
1954-12-13;19,887
1954-12-14;24,2409
1954-12-15;23,1067
1954-12-16;23,1067
1954-12-17;25,4573
1954-12-18;43,13
1954-12-19;62,7064
1954-12-20;55,7476
1954-12-21;50,1289
1954-12-22;39,8402
1954-12-23;33,6762
1954-12-24;22,0031
1954-12-25;19,887
1954-12-26;18,3789
1954-12-27;29,4137
1954-12-28;48,3266
1954-12-29;39,8402
1954-12-30;35,923
1954-12-31;32,2212
1955-01-01;19,887
1955-01-02;18,8742
1955-01-03;17,8911
1955-01-04;16,9376
1955-01-05;16,0136
1955-01-06;16,9376
1955-01-07;18,8742
1955-01-08;21,4627
1955-01-09;23,1067
1955-01-10;23,6699
1955-01-11;24,2409
1955-01-12;25,4573
1955-01-13;30,8004
1955-01-14;66,8793
1955-01-15;59,6706
1955-01-16;65,8226
1955-01-17;210,251
1955-01-18;102,0
1955-01-19;66,8793
1955-01-20;48,3266
1955-01-21;39,8402
1955-01-22;31,5065
1955-01-23;25,4573
1955-01-24;23,6699
1955-01-25;20,93
1955-01-26;19,887
1955-01-27;18,8742
1955-01-28;18,8742
1955-01-29;17,8911
1955-01-30;19,3769
1955-01-31;19,887
1955-02-01;22,0031
1955-02-02;22,5511
1955-02-03;20,4047
1955-02-04;18,8742
1955-02-05;18,8742
1955-02-06;17,8911
1955-02-07;16,9376
1955-02-08;17,8911
1955-02-09;18,8742
1955-02-10;24,8275
1955-02-11;28,0611
1955-02-12;30,8004
1955-02-13;32,9444
1955-02-14;36,6892
1955-02-15;39,8402
1955-02-16;39,8402
1955-02-17;37,464
1955-02-18;38,2474
1955-02-19;37,464
1955-02-20;31,5065
1955-02-21;33,6762
1955-02-22;40,6497
1955-02-23;43,13
1955-02-24;37,464
1955-02-25;34,4166
1955-02-26;32,2212
1955-02-27;39,0395
1955-02-28;38,2474
1955-03-01;32,9444
1955-03-02;30,8004
1955-03-03;32,2212
1955-03-04;33,6762
1955-03-05;38,2474
1955-03-06;32,2212
1955-03-07;26,7423
1955-03-08;24,8275
1955-03-09;23,1067
1955-03-10;24,8275
1955-03-11;23,1067
1955-03-12;22,5511
1955-03-13;22,0031
1955-03-14;20,93
1955-03-15;19,887
1955-03-16;18,8742
1955-03-17;17,8911
1955-03-18;16,9376
1955-03-19;16,0136
1955-03-20;16,9376
1955-03-21;15,1187
1955-03-22;14,2529
1955-03-23;13,8307
1955-03-24;14,2529
1955-03-25;13,4157
1955-03-26;16,9376
1955-03-27;18,3789
1955-03-28;18,8742
1955-03-29;17,8911
1955-03-30;16,472
1955-03-31;15,1187
1955-04-01;13,4157
1955-04-02;13,4157
1955-04-03;12,6071
1955-04-04;11,8268
1955-04-05;11,0746
1955-04-06;10,3501
1955-04-07;11,0746
1955-04-08;12,6071
1955-04-09;13,4157
1955-04-10;14,6822
1955-04-11;16,0136
1955-04-12;18,8742
1955-04-13;27,3975
1955-04-14;273,328
1955-04-15;227,374
1955-04-16;139,266
1955-04-17;113,736
1955-04-18;116,165
1955-04-19;123,618
1955-04-20;160,234
1955-04-21;227,374
1955-04-22;135,261
1955-04-23;87,4432
1955-04-24;61,6856
1955-04-25;51,9664
1955-04-26;39,8402
1955-04-27;41,4678
1955-04-28;40,6497
1955-04-29;38,2474
1955-04-30;36,6892
1955-05-01;32,9444
1955-05-02;28,7332
1955-05-03;30,8004
1955-05-04;39,8402
1955-05-05;67,9449
1955-05-06;67,9449
1955-05-07;59,6706
1955-05-08;55,7476
1955-05-09;43,9743
1955-05-10;43,9743
1955-05-11;43,13
1955-05-12;39,8402
1955-05-13;38,2474
1955-05-14;35,923
1955-05-15;163,148
1955-05-16;143,335
1955-05-17;167,573
1955-05-18;426,314
1955-05-19;358,543
1955-05-20;158,787
1955-05-21;108,96
1955-05-22;97,4963
1955-05-23;83,8116
1955-05-24;71,1958
1955-05-25;61,6856
1955-05-26;53,8393
1955-05-27;46,5594
1955-05-28;41,4678
1955-05-29;43,9743
1955-05-30;38,2474
1955-05-31;34,4166
1955-06-01;32,2212
1955-06-02;28,7332
1955-06-03;26,7423
1955-06-04;88,6719
1955-06-05;321,713
1955-06-06;267,574
1955-06-07;215,313
1955-06-08;163,148
1955-06-09;137,924
1955-06-10;118,622
1955-06-11;99,7346
1955-06-12;81,4362
1955-06-13;66,8793
1955-06-14;52,8985
1955-06-15;46,5594
1955-06-16;51,9664
1955-06-17;66,8793
1955-06-18;69,0196
1955-06-19;74,5278
1955-06-20;95,285
1955-06-21;89,9099
1955-06-22;81,4362
1955-06-23;70,1032
1955-06-24;56,715
1955-06-25;46,5594
1955-06-26;41,4678
1955-06-27;38,2474
1955-06-28;35,1655
1955-06-29;30,8004
1955-06-30;28,0611
1955-07-01;36,6892
1955-07-02;44,8272
1955-07-03;50,1289
1955-07-04;45,6889
1955-07-05;46,5594
1955-07-06;70,1032
1955-07-07;144,704
1955-07-08;135,261
1955-07-09;121,106
1955-07-10;116,165
1955-07-11;170,557
1955-07-12;239,786
1955-07-13;155,915
1955-07-14;118,622
1955-07-15;103,143
1955-07-16;79,0971
1955-07-17;70,1032
1955-07-18;57,6913
1955-07-19;51,9664
1955-07-20;47,4386
1955-07-21;44,8272
1955-07-22;40,6497
1955-07-23;36,6892
1955-07-24;31,5065
1955-07-25;26,7423
1955-07-26;19,3769
1955-07-27;19,887
1955-07-28;20,93
1955-07-29;19,887
1955-07-30;18,8742
1955-07-31;17,8911
1955-08-01;17,8911
1955-08-02;16,9376
1955-08-03;14,6822
1955-08-04;13,4157
1955-08-05;13,0079
1955-08-06;12,2134
1955-08-07;13,4157
1955-08-08;16,9376
1955-08-09;59,6706
1955-08-10;66,8793
1955-08-11;57,6913
1955-08-12;51,9664
1955-08-13;44,8272
1955-08-14;39,8402
1955-08-15;32,2212
1955-08-16;28,0611
1955-08-17;24,2409
1955-08-18;19,887
1955-08-19;18,3789
1955-08-20;16,9376
1955-08-21;18,3789
1955-08-22;30,8004
1955-08-23;70,1032
1955-08-24;67,9449
1955-08-25;59,6706
1955-08-26;53,8393
1955-08-27;50,1289
1955-08-28;46,5594
1955-08-29;43,13
1955-08-30;39,0395
1955-08-31;35,923
1955-09-01;37,464
1955-09-02;46,5594
1955-09-03;66,8793
1955-09-04;161,688
1955-09-05;173,57
1955-09-06;150,254
1955-09-07;118,622
1955-09-08;81,4362
1955-09-09;60,6736
1955-09-10;50,1289
1955-09-11;46,5594
1955-09-12;41,4678
1955-09-13;37,464
1955-09-14;33,6762
1955-09-15;38,2474
1955-09-16;45,6889
1955-09-17;63,7362
1955-09-18;63,7362
1955-09-19;54,789
1955-09-20;42,2945
1955-09-21;39,0395
1955-09-22;35,1655
1955-09-23;31,5065
1955-09-24;28,0611
1955-09-25;24,8275
1955-09-26;23,6699
1955-09-27;23,1067
1955-09-28;23,1067
1955-09-29;28,0611
1955-09-30;52,8985
1955-10-01;211,931
1955-10-02;150,254
1955-10-03;108,96
1955-10-04;70,1032
1955-10-05;55,7476
1955-10-06;50,1289
1955-10-07;44,8272
1955-10-08;41,4678
1955-10-09;39,0395
1955-10-10;32,9444
1955-10-11;29,4137
1955-10-12;236,204
1955-10-13;343,12
1955-10-14;187,477
1955-10-15;144,704
1955-10-16;86,2235
1955-10-17;70,1032
1955-10-18;57,6913
1955-10-19;55,7476
1955-10-20;51,0433
1955-10-21;48,3266
1955-10-22;49,2233
1955-10-23;43,13
1955-10-24;39,0395
1955-10-25;33,6762
1955-10-26;30,1028
1955-10-27;27,3975
1955-10-28;25,4573
1955-10-29;23,1067
1955-10-30;22,0031
1955-10-31;28,0611
1955-11-01;50,1289
1955-11-02;61,6856
1955-11-03;46,5594
1955-11-04;39,8402
1955-11-05;32,2212
1955-11-06;29,4137
1955-11-07;26,0956
1955-11-08;22,5511
1955-11-09;20,93
1955-11-10;19,3769
1955-11-11;17,8911
1955-11-12;16,9376
1955-11-13;15,1187
1955-11-14;13,4157
1955-11-15;12,6071
1955-11-16;11,8268
1955-11-17;11,0746
1955-11-18;10,3501
1955-11-19;9,6533
1955-11-20;10,3501
1955-11-21;12,6071
1955-11-22;11,8268
1955-11-23;11,0746
1955-11-24;11,0746
1955-11-25;10,3501
1955-11-26;11,0746
1955-11-27;10,3501
1955-11-28;9,6533
1955-11-29;10,3501
1955-11-30;9,6533
1955-12-01;10,3501
1955-12-02;9,6533
1955-12-03;8,9837
1955-12-04;8,6591
1955-12-05;8,9837
1955-12-06;9,6533
1955-12-07;8,9837
1955-12-08;8,3413
1955-12-09;7,7256
1955-12-10;7,1365
1955-12-11;7,4278
1955-12-12;7,7256
1955-12-13;9,3151
1955-12-14;11,0746
1955-12-15;10,3501
1955-12-16;10,3501
1955-12-17;9,6533
1955-12-18;8,9837
1955-12-19;7,7256
1955-12-20;7,1365
1955-12-21;6,5737
1955-12-22;7,1365
1955-12-23;6,5737
1955-12-24;6,0368
1955-12-25;6,0368
1955-12-26;6,0368
1955-12-27;6,5737
1955-12-28;7,1365
1955-12-29;8,3413
1955-12-30;8,9837
1955-12-31;8,9837
1956-01-01;7,1365
1956-01-02;6,0368
1956-01-03;6,0368
1956-01-04;6,302
1956-01-05;6,5737
1956-01-06;7,7256
1956-01-07;8,9837
1956-01-08;15,1187
1956-01-09;17,8911
1956-01-10;19,887
1956-01-11;18,8742
1956-01-12;19,3769
1956-01-13;18,8742
1956-01-14;16,0136
1956-01-15;15,1187
1956-01-16;14,2529
1956-01-17;15,1187
1956-01-18;17,4107
1956-01-19;28,7332
1956-01-20;83,8116
1956-01-21;108,96
1956-01-22;82,6194
1956-01-23;76,7943
1956-01-24;65,8226
1956-01-25;83,8116
1956-01-26;74,5278
1956-01-27;61,6856
1956-01-28;54,789
1956-01-29;51,9664
1956-01-30;54,789
1956-01-31;54,789
1956-02-01;53,8393
1956-02-02;61,6856
1956-02-03;54,789
1956-02-04;51,9664
1956-02-05;47,4386
1956-02-06;44,8272
1956-02-07;42,2945
1956-02-08;36,6892
1956-02-09;28,0611
1956-02-10;21,4627
1956-02-11;19,887
1956-02-12;17,8911
1956-02-13;16,9376
1956-02-14;16,9376
1956-02-15;17,8911
1956-02-16;15,1187
1956-02-17;13,8307
1956-02-18;11,8268
1956-02-19;11,8268
1956-02-20;11,0746
1956-02-21;11,8268
1956-02-22;12,6071
1956-02-23;12,2134
1956-02-24;13,4157
1956-02-25;13,4157
1956-02-26;12,6071
1956-02-27;11,8268
1956-02-28;11,0746
1956-02-29;10,3501
1956-03-01;9,3151
1956-03-02;9,3151
1956-03-03;8,9837
1956-03-04;8,3413
1956-03-05;7,7256
1956-03-06;7,1365
1956-03-07;6,5737
1956-03-08;6,5737
1956-03-09;7,1365
1956-03-10;6,8518
1956-03-11;6,5737
1956-03-12;6,302
1956-03-13;6,8518
1956-03-14;8,3413
1956-03-15;8,9837
1956-03-16;9,3151
1956-03-17;11,0746
1956-03-18;11,8268
1956-03-19;12,6071
1956-03-20;12,6071
1956-03-21;11,8268
1956-03-22;12,6071
1956-03-23;12,6071
1956-03-24;11,0746
1956-03-25;10,3501
1956-03-26;9,6533
1956-03-27;10,3501
1956-03-28;11,0746
1956-03-29;11,0746
1956-03-30;11,0746
1956-03-31;11,0746
1956-04-01;12,6071
1956-04-02;14,2529
1956-04-03;17,8911
1956-04-04;1571,06
1956-04-05;1858,62
1956-04-06;325,936
1956-04-07;227,374
1956-04-08;164,616
1956-04-09;117,39
1956-04-10;104,293
1956-04-11;93,1009
1956-04-12;83,8116
1956-04-13;77,9412
1956-04-14;72,2975
1956-04-15;62,7064
1956-04-16;55,7476
1956-04-17;46,5594
1956-04-18;42,2945
1956-04-19;41,4678
1956-04-20;38,2474
1956-04-21;35,1655
1956-04-22;33,6762
1956-04-23;31,5065
1956-04-24;28,7332
1956-04-25;30,8004
1956-04-26;27,3975
1956-04-27;24,8275
1956-04-28;23,6699
1956-04-29;23,6699
1956-04-30;25,4573
1956-05-01;25,4573
1956-05-02;23,1067
1956-05-03;22,0031
1956-05-04;35,923
1956-05-05;247,038
1956-05-06;254,404
1956-05-07;163,148
1956-05-08;121,106
1956-05-09;108,96
1956-05-10;119,86
1956-05-11;151,659
1956-05-12;130,017
1956-05-13;103,143
1956-05-14;86,2235
1956-05-15;72,2975
1956-05-16;61,6856
1956-05-17;53,8393
1956-05-18;48,3266
1956-05-19;43,9743
1956-05-20;40,6497
1956-05-21;37,464
1956-05-22;34,4166
1956-05-23;32,2212
1956-05-24;30,1028
1956-05-25;28,7332
1956-05-26;28,0611
1956-05-27;26,0956
1956-05-28;25,4573
1956-05-29;24,2409
1956-05-30;23,6699
1956-05-31;28,7332
1956-06-01;32,9444
1956-06-02;30,8004
1956-06-03;28,7332
1956-06-04;28,7332
1956-06-05;36,6892
1956-06-06;53,8393
1956-06-07;53,8393
1956-06-08;50,1289
1956-06-09;43,13
1956-06-10;37,464
1956-06-11;35,923
1956-06-12;34,4166
1956-06-13;33,6762
1956-06-14;32,9444
1956-06-15;35,1655
1956-06-16;167,573
1956-06-17;175,087
1956-06-18;141,972
1956-06-19;113,736
1956-06-20;92,0189
1956-06-21;74,5278
1956-06-22;62,7064
1956-06-23;56,715
1956-06-24;52,8985
1956-06-25;58,6765
1956-06-26;55,7476
1956-06-27;50,1289
1956-06-28;46,5594
1956-06-29;42,2945
1956-06-30;38,2474
1956-07-01;35,1655
1956-07-02;32,9444
1956-07-03;31,5065
1956-07-04;30,8004
1956-07-05;30,8004
1956-07-06;51,9664
1956-07-07;58,6765
1956-07-08;59,6706
1956-07-09;55,7476
1956-07-10;48,3266
1956-07-11;42,2945
1956-07-12;38,2474
1956-07-13;35,1655
1956-07-14;32,9444
1956-07-15;30,1028
1956-07-16;29,4137
1956-07-17;30,1028
1956-07-18;31,5065
1956-07-19;35,1655
1956-07-20;44,8272
1956-07-21;41,4678
1956-07-22;35,923
1956-07-23;32,2212
1956-07-24;30,8004
1956-07-25;38,2474
1956-07-26;43,13
1956-07-27;47,4386
1956-07-28;42,2945
1956-07-29;48,3266
1956-07-30;59,6706
1956-07-31;61,6856
1956-08-01;157,348
1956-08-02;93,1009
1956-08-03;83,8116
1956-08-04;64,7749
1956-08-05;57,6913
1956-08-06;53,8393
1956-08-07;50,1289
1956-08-08;46,5594
1956-08-09;41,4678
1956-08-10;43,13
1956-08-11;43,9743
1956-08-12;39,0395
1956-08-13;33,6762
1956-08-14;28,0611
1956-08-15;23,6699
1956-08-16;19,887
1956-08-17;18,8742
1956-08-18;19,887
1956-08-19;95,285
1956-08-20;247,038
1956-08-21;287,006
1956-08-22;338,78
1956-08-23;421,438
1956-08-24;431,219
1956-08-25;227,374
1956-08-26;220,439
1956-08-27;119,363
1956-08-28;89,3233
1956-08-29;76,5563
1956-08-30;54,2345
1956-08-31;43,9263
1956-09-01;43,9263
1956-09-02;39,7715
1956-09-03;35,1301
1956-09-04;31,9538
1956-09-05;29,4981
1956-09-06;28,2991
1956-09-07;27,1196
1956-09-08;27,1196
1956-09-09;25,3872
1956-09-10;23,6998
1956-09-11;22,6001
1956-09-12;21,521
1956-09-13;20,4625
1956-09-14;22,058
1956-09-15;25,9597
1956-09-16;28,8961
1956-09-17;31,9538
1956-09-18;229,126
1956-09-19;290,979
1956-09-20;165,375
1956-09-21;127,396
1956-09-22;67,027
1956-09-23;66,1967
1956-09-24;57,3333
1956-09-25;52,7104
1956-09-26;46,7849
1956-09-27;43,2227
1956-09-28;35,7794
1956-09-29;26,5372
1956-09-30;23,1474
1956-10-01;23,6998
1956-10-02;22,6001
1956-10-03;23,1474
1956-10-04;27,7069
1956-10-05;38,4225
1956-10-06;45,3468
1956-10-07;44,6343
1956-10-08;43,9263
1956-10-09;43,9263
1956-10-10;41,8288
1956-10-11;39,7715
1956-10-12;37,0917
1956-10-13;35,7794
1956-10-14;37,7548
1956-10-15;34,4855
1956-10-16;34,4855
1956-10-17;33,2102
1956-10-18;31,3327
1956-10-19;31,3327
1956-10-20;30,7164
1956-10-21;45,3468
1956-10-22;49,7132
1956-10-23;50,4561
1956-10-24;48,2404
1956-10-25;46,0636
1956-10-26;43,9263
1956-10-27;38,4225
1956-10-28;29,4981
1956-10-29;23,6998
1956-10-30;22,6001
1956-10-31;21,521
1956-11-01;20,4625
1956-11-02;19,4249
1956-11-03;18,4085
1956-11-04;19,4249
1956-11-05;17,9083
1956-11-06;16,4403
1956-11-07;14,5599
1956-11-08;11,9094
1956-11-09;11,9094
1956-11-10;11,9094
1956-11-11;10,6631
1956-11-12;9,4712
1956-11-13;8,7075
1956-11-14;7,9691
1956-11-15;7,2564
1956-11-16;6,5701
1956-11-17;5,9106
1956-11-18;6,2369
1956-11-19;6,5701
1956-11-20;6,9099
1956-11-21;6,5701
1956-11-22;5,9106
1956-11-23;5,5911
1956-11-24;4,9732
1956-11-25;6,5701
1956-11-26;9,0862
1956-11-27;9,0862
1956-11-28;7,9691
1956-11-29;7,6095
1956-11-30;7,2564
1956-12-01;6,9099
1956-12-02;6,9099
1956-12-03;6,9099
1956-12-04;6,2369
1956-12-05;12,7698
1956-12-06;18,4085
1956-12-07;27,7069
1956-12-08;27,1196
1956-12-09;19,4249
1956-12-10;14,5599
1956-12-11;11,0726
1956-12-12;9,4712
1956-12-13;10,2597
1956-12-14;11,488
1956-12-15;11,9094
1956-12-16;11,488
1956-12-17;10,2597
1956-12-18;9,8624
1956-12-19;9,0862
1956-12-20;7,6095
1956-12-21;7,6095
1956-12-22;7,6095
1956-12-23;7,6095
1956-12-24;7,6095
1956-12-25;6,9099
1956-12-26;6,5701
1956-12-27;6,5701
1956-12-28;6,2369
1956-12-29;5,9106
1956-12-30;5,9106
1956-12-31;5,9106
1957-01-01;4,6749
1957-01-02;4,1001
1957-01-03;4,3838
1957-01-04;5,2786
1957-01-05;5,9106
1957-01-06;7,9691
1957-01-07;7,2564
1957-01-08;57,3333
1957-01-09;334,469
1957-01-10;229,126
1957-01-11;156,463
1957-01-12;84,322
1957-01-13;90,3371
1957-01-14;142,851
1957-01-15;100,718
1957-01-16;74,661
1957-01-17;65,3706
1957-01-18;55,0029
1957-01-19;48,2404
1957-01-20;41,1385
1957-01-21;38,4225
1957-01-22;44,6343
1957-01-23;55,7755
1957-01-24;55,7755
1957-01-25;52,7104
1957-01-26;49,7132
1957-01-27;45,3468
1957-01-28;35,7794
1957-01-29;25,3872
1957-01-30;20,4625
1957-01-31;17,4136
1957-02-01;20,9891
1957-02-02;25,3872
1957-02-03;30,1048
1957-02-04;28,2991
1957-02-05;22,6001
1957-02-06;18,4085
1957-02-07;16,4403
1957-02-08;16,9242
1957-02-09;16,9242
1957-02-10;19,9411
1957-02-11;20,9891
1957-02-12;17,9083
1957-02-13;15,9619
1957-02-14;11,0726
1957-02-15;14,5599
1957-02-16;15,9619
1957-02-17;16,9242
1957-02-18;12,7698
1957-02-19;7,9691
1957-02-20;6,5701
1957-02-21;5,2786
1957-02-22;4,6749
1957-02-23;4,1001
1957-02-24;4,1001
1957-02-25;3,5552
1957-02-26;4,1001
1957-02-27;4,1001
1957-02-28;4,1001
1957-03-01;4,1001
1957-03-02;4,1001
1957-03-03;4,6749
1957-03-04;5,9106
1957-03-05;7,9691
1957-03-06;7,9691
1957-03-07;6,5701
1957-03-08;5,9106
1957-03-09;5,2786
1957-03-10;5,2786
1957-03-11;8,7075
1957-03-12;8,7075
1957-03-13;7,2564
1957-03-14;6,5701
1957-03-15;5,9106
1957-03-16;5,2786
1957-03-17;5,5911
1957-03-18;5,9106
1957-03-19;5,2786
1957-03-20;5,2786
1957-03-21;6,5701
1957-03-22;11,0726
1957-03-23;20,4625
1957-03-24;18,4085
1957-03-25;17,4136
1957-03-26;16,9242
1957-03-27;14,5599
1957-03-28;13,6534
1957-03-29;13,6534
1957-03-30;12,7698
1957-03-31;11,9094
1957-04-01;15,489
1957-04-02;15,489
1957-04-03;10,2597
1957-04-04;11,488
1957-04-05;12,7698
1957-04-06;13,6534
1957-04-07;14,1038
1957-04-08;15,489
1957-04-09;14,5599
1957-04-10;13,6534
1957-04-11;14,5599
1957-04-12;13,6534
1957-04-13;12,7698
1957-04-14;12,7698
1957-04-15;13,6534
1957-04-16;14,5599
1957-04-17;12,7698
1957-04-18;11,9094
1957-04-19;10,6631
1957-04-20;8,7075
1957-04-21;7,2564
1957-04-22;7,2564
1957-04-23;7,9691
1957-04-24;8,7075
1957-04-25;9,4712
1957-04-26;8,7075
1957-04-27;15,489
1957-04-28;31,9538
1957-04-29;33,2102
1957-04-30;37,0917
1957-05-01;43,2227
1957-05-02;39,7715
1957-05-03;33,2102
1957-05-04;28,2991
1957-05-05;25,9597
1957-05-06;21,521
1957-05-07;16,9242
1957-05-08;15,489
1957-05-09;14,5599
1957-05-10;14,1038
1957-05-11;13,6534
1957-05-12;12,7698
1957-05-13;11,9094
1957-05-14;11,0726
1957-05-15;10,2597
1957-05-16;9,4712
1957-05-17;7,9691
1957-05-18;7,2564
1957-05-19;7,6095
1957-05-20;7,2564
1957-05-21;6,5701
1957-05-22;6,9099
1957-05-23;7,2564
1957-05-24;7,9691
1957-05-25;10,2597
1957-05-26;12,7698
1957-05-27;14,1038
1957-05-28;12,7698
1957-05-29;11,9094
1957-05-30;10,6631
1957-05-31;10,2597
1957-06-01;9,8624
1957-06-02;10,2597
1957-06-03;11,0726
1957-06-04;11,0726
1957-06-05;10,6631
1957-06-06;12,7698
1957-06-07;17,4136
1957-06-08;24,2572
1957-06-09;24,8197
1957-06-10;22,6001
1957-06-11;20,4625
1957-06-12;16,4403
1957-06-13;13,2087
1957-06-14;13,6534
1957-06-15;13,2087
1957-06-16;12,7698
1957-06-17;12,7698
1957-06-18;13,6534
1957-06-19;12,7698
1957-06-20;11,9094
1957-06-21;11,9094
1957-06-22;10,2597
1957-06-23;9,0862
1957-06-24;9,4712
1957-06-25;11,0726
1957-06-26;12,7698
1957-06-27;15,489
1957-06-28;20,4625
1957-06-29;43,2227
1957-06-30;42,5235
1957-07-01;43,2227
1957-07-02;42,5235
1957-07-03;39,7715
1957-07-04;36,4332
1957-07-05;33,2102
1957-07-06;30,7164
1957-07-07;23,6998
1957-07-08;15,489
1957-07-09;13,6534
1957-07-10;12,7698
1957-07-11;13,2087
1957-07-12;15,489
1957-07-13;22,058
1957-07-14;20,4625
1957-07-15;16,9242
1957-07-16;15,489
1957-07-17;14,5599
1957-07-18;13,6534
1957-07-19;31,9538
1957-07-20;211,931
1957-07-21;142,851
1957-07-22;119,363
1957-07-23;95,4726
1957-07-24;85,3132
1957-07-25;74,661
1957-07-26;67,8612
1957-07-27;56,5523
1957-07-28;43,2227
1957-07-29;37,0917
1957-07-30;41,8288
1957-07-31;43,9263
1957-08-01;52,7104
1957-08-02;57,3333
1957-08-03;58,1185
1957-08-04;55,0029
1957-08-05;45,3468
1957-08-06;42,5235
1957-08-07;41,1385
1957-08-08;39,0947
1957-08-09;41,1385
1957-08-10;42,5235
1957-08-11;45,3468
1957-08-12;45,3468
1957-08-13;42,5235
1957-08-14;37,7548
1957-08-15;37,7548
1957-08-16;57,3333
1957-08-17;438,632
1957-08-18;356,318
1957-08-19;254,404
1957-08-20;198,69
1957-08-21;140,429
1957-08-22;112,642
1957-08-23;93,4051
1957-08-24;77,5109
1957-08-25;68,6995
1957-08-26;66,1967
1957-08-27;63,7303
1957-08-28;62,1064
1957-08-29;57,3333
1957-08-30;49,7132
1957-08-31;43,2227
1957-09-01;50,4561
1957-09-02;46,7849
1957-09-03;43,2227
1957-09-04;41,1385
1957-09-05;42,5235
1957-09-06;42,5235
1957-09-07;161,532
1957-09-08;857,347
1957-09-09;356,318
1957-09-10;210,251
1957-09-11;151,457
1957-09-12;115,983
1957-09-13;87,3093
1957-09-14;110,435
1957-09-15;211,931
1957-09-16;205,253
1957-09-17;150,216
1957-09-18;106,074
1957-09-19;97,5578
1957-09-20;90,3371
1957-09-21;96,513
1957-09-22;99,6606
1957-09-23;99,6606
1957-09-24;81,3755
1957-09-25;77,5109
1957-09-26;69,5418
1957-09-27;63,7303
1957-09-28;52,7104
1957-09-29;48,9746
1957-09-30;46,7849
1957-10-01;43,9263
1957-10-02;41,8288
1957-10-03;37,7548
1957-10-04;32,5797
1957-10-05;28,8961
1957-10-06;27,1196
1957-10-07;25,3872
1957-10-08;23,6998
1957-10-09;22,058
1957-10-10;22,6001
1957-10-11;22,6001
1957-10-12;21,521
1957-10-13;20,4625
1957-10-14;19,4249
1957-10-15;19,9411
1957-10-16;31,3327
1957-10-17;34,4855
1957-10-18;36,4332
1957-10-19;46,0636
1957-10-20;77,5109
1957-10-21;68,6995
1957-10-22;64,5484
1957-10-23;62,1064
1957-10-24;60,4989
1957-10-25;58,9078
1957-10-26;57,3333
1957-10-27;55,0029
1957-10-28;72,0926
1957-10-29;73,813
1957-10-30;68,6995
1957-10-31;66,1967
1957-11-01;79,434
1957-11-02;72,0926
1957-11-03;67,027
1957-11-04;72,0926
1957-11-05;65,3706
1957-11-06;55,0029
1957-11-07;45,3468
1957-11-08;39,7715
1957-11-09;37,7548
1957-11-10;35,1301
1957-11-11;31,9538
1957-11-12;30,7164
1957-11-13;30,1048
1957-11-14;31,9538
1957-11-15;32,5797
1957-11-16;28,2991
1957-11-17;36,4332
1957-11-18;45,3468
1957-11-19;41,1385
1957-11-20;34,4855
1957-11-21;31,9538
1957-11-22;37,0917
1957-11-23;48,2404
1957-11-24;41,1385
1957-11-25;37,0917
1957-11-26;28,2991
1957-11-27;22,6001
1957-11-28;19,4249
1957-11-29;19,4249
1957-11-30;16,9242
1957-12-01;15,9619
1957-12-02;19,4249
1957-12-03;22,6001
1957-12-04;28,2991
1957-12-05;26,5372
1957-12-06;24,2572
1957-12-07;22,6001
1957-12-08;20,4625
1957-12-09;19,4249
1957-12-10;18,4085
1957-12-11;17,4136
1957-12-12;18,4085
1957-12-13;52,7104
1957-12-14;99,6606
1957-12-15;77,5109
1957-12-16;71,2384
1957-12-17;64,5484
1957-12-18;60,4989
1957-12-19;55,7755
1957-12-20;49,7132
1957-12-21;42,5235
1957-12-22;37,0917
1957-12-23;33,2102
1957-12-24;27,1196
1957-12-25;18,4085
1957-12-26;16,4403
1957-12-27;23,6998
1957-12-28;24,2572
1957-12-29;24,8197
1957-12-30;25,9597
1957-12-31;29,4981
1958-01-01;37,0917
1958-01-02;46,7849
1958-01-03;42,5235
1958-01-04;41,1385
1958-01-05;21,521
1958-01-06;15,489
1958-01-07;15,489
1958-01-08;12,7698
1958-01-09;11,9094
1958-01-10;10,6631
1958-01-11;10,2597
1958-01-12;11,0726
1958-01-13;13,2087
1958-01-14;20,4625
1958-01-15;25,9597
1958-01-16;38,4225
1958-01-17;44,6343
1958-01-18;49,7132
1958-01-19;38,4225
1958-01-20;24,8197
1958-01-21;25,9597
1958-01-22;24,8197
1958-01-23;25,3872
1958-01-24;23,6998
1958-01-25;22,6001
1958-01-26;20,9891
1958-01-27;15,489
1958-01-28;8,7075
1958-01-29;7,2564
1958-01-30;5,2786
1958-01-31;4,6749
1958-02-01;5,2786
1958-02-02;5,2786
1958-02-03;4,3838
1958-02-04;3,041
1958-02-05;3,041
1958-02-06;3,5552
1958-02-07;3,5552
1958-02-08;3,041
1958-02-09;3,8239
1958-02-10;11,0726
1958-02-11;9,0862
1958-02-12;7,2564
1958-02-13;5,2786
1958-02-14;4,3838
1958-02-15;4,1001
1958-02-16;7,9691
1958-02-17;11,0726
1958-02-18;12,3367
1958-02-19;12,7698
1958-02-20;12,7698
1958-02-21;16,4403
1958-02-22;48,9746
1958-02-23;35,1301
1958-02-24;23,1474
1958-02-25;16,4403
1958-02-26;15,489
1958-02-27;14,5599
1958-02-28;15,489
1958-03-01;14,5599
1958-03-02;15,489
1958-03-03;20,4625
1958-03-04;19,4249
1958-03-05;18,4085
1958-03-06;19,4249
1958-03-07;18,4085
1958-03-08;15,489
1958-03-09;14,5599
1958-03-10;13,2087
1958-03-11;9,8624
1958-03-12;8,7075
1958-03-13;7,2564
1958-03-14;8,3351
1958-03-15;27,1196
1958-03-16;148,978
1958-03-17;144,068
1958-03-18;173,57
1958-03-19;142,851
1958-03-20;99,6606
1958-03-21;80,4025
1958-03-22;70,3881
1958-03-23;43,9263
1958-03-24;38,4225
1958-03-25;33,8455
1958-03-26;29,4981
1958-03-27;27,7069
1958-03-28;22,6001
1958-03-29;20,4625
1958-03-30;18,4085
1958-03-31;16,4403
1958-04-01;14,1038
1958-04-02;12,7698
1958-04-03;11,9094
1958-04-04;11,0726
1958-04-05;10,2597
1958-04-06;9,4712
1958-04-07;7,2564
1958-04-08;7,9691
1958-04-09;20,4625
1958-04-10;65,3706
1958-04-11;68,6995
1958-04-12;74,661
1958-04-13;83,3353
1958-04-14;76,5563
1958-04-15;69,5418
1958-04-16;58,9078
1958-04-17;49,7132
1958-04-18;45,3468
1958-04-19;38,4225
1958-04-20;30,7164
1958-04-21;23,6998
1958-04-22;19,4249
1958-04-23;17,4136
1958-04-24;14,5599
1958-04-25;11,9094
1958-04-26;9,0862
1958-04-27;7,9691
1958-04-28;7,2564
1958-04-29;6,5701
1958-04-30;6,5701
1958-05-01;5,9106
1958-05-02;5,9106
1958-05-03;6,5701
1958-05-04;7,6095
1958-05-05;7,2564
1958-05-06;7,2564
1958-05-07;6,5701
1958-05-08;6,5701
1958-05-09;5,9106
1958-05-10;5,2786
1958-05-11;4,9732
1958-05-12;5,9106
1958-05-13;7,2564
1958-05-14;7,9691
1958-05-15;7,9691
1958-05-16;7,2564
1958-05-17;6,5701
1958-05-18;5,9106
1958-05-19;6,5701
1958-05-20;7,9691
1958-05-21;9,8624
1958-05-22;11,0726
1958-05-23;12,7698
1958-05-24;11,0726
1958-05-25;10,2597
1958-05-26;11,0726
1958-05-27;10,6631
1958-05-28;11,9094
1958-05-29;16,4403
1958-05-30;20,9891
1958-05-31;24,2572
1958-06-01;23,6998
1958-06-02;20,4625
1958-06-03;15,0216
1958-06-04;12,7698
1958-06-05;13,6534
1958-06-06;20,4625
1958-06-07;93,4051
1958-06-08;85,3132
1958-06-09;79,434
1958-06-10;95,4726
1958-06-11;158,99
1958-06-12;453,662
1958-06-13;208,578
1958-06-14;139,223
1958-06-15;153,952
1958-06-16;197,067
1958-06-17;193,842
1958-06-18;140,429
1958-06-19;112,642
1958-06-20;70,3881
1958-06-21;57,3333
1958-06-22;52,7104
1958-06-23;48,2404
1958-06-24;41,1385
1958-06-25;35,1301
1958-06-26;33,2102
1958-06-27;28,2991
1958-06-28;24,8197
1958-06-29;24,8197
1958-06-30;23,6998
1958-07-01;23,1474
1958-07-02;22,6001
1958-07-03;21,521
1958-07-04;22,6001
1958-07-05;21,521
1958-07-06;20,4625
1958-07-07;18,4085
1958-07-08;16,9242
1958-07-09;15,0216
1958-07-10;13,6534
1958-07-11;12,7698
1958-07-12;11,9094
1958-07-13;11,0726
1958-07-14;10,2597
1958-07-15;9,4712
1958-07-16;8,7075
1958-07-17;11,488
1958-07-18;12,7698
1958-07-19;11,9094
1958-07-20;11,0726
1958-07-21;11,0726
1958-07-22;10,2597
1958-07-23;10,2597
1958-07-24;10,2597
1958-07-25;8,7075
1958-07-26;8,7075
1958-07-27;7,9691
1958-07-28;7,2564
1958-07-29;10,6631
1958-07-30;19,4249
1958-07-31;65,3706
1958-08-01;138,022
1958-08-02;182,778
1958-08-03;245,214
1958-08-04;150,216
1958-08-05;108,246
1958-08-06;93,4051
1958-08-07;117,106
1958-08-08;161,532
1958-08-09;301,041
1958-08-10;250,706
1958-08-11;182,778
1958-08-12;142,851
1958-08-13;87,3093
1958-08-14;72,0926
1958-08-15;62,1064
1958-08-16;57,3333
1958-08-17;51,2032
1958-08-18;42,5235
1958-08-19;36,4332
1958-08-20;34,4855
1958-08-21;32,5797
1958-08-22;30,7164
1958-08-23;30,7164
1958-08-24;28,2991
1958-08-25;25,9597
1958-08-26;27,1196
1958-08-27;43,2227
1958-08-28;103,919
1958-08-29;170,557
1958-08-30;140,429
1958-08-31;89,3233
1958-09-01;74,661
1958-09-02;57,3333
1958-09-03;43,9263
1958-09-04;43,2227
1958-09-05;45,3468
1958-09-06;79,434
1958-09-07;107,157
1958-09-08;107,157
1958-09-09;97,5578
1958-09-10;121,637
1958-09-11;111,536
1958-09-12;106,074
1958-09-13;89,3233
1958-09-14;88,3141
1958-09-15;77,5109
1958-09-16;68,6995
1958-09-17;63,7303
1958-09-18;58,9078
1958-09-19;55,0029
1958-09-20;51,9547
1958-09-21;49,7132
1958-09-22;46,7849
1958-09-23;42,5235
1958-09-24;43,9263
1958-09-25;55,7755
1958-09-26;68,6995
1958-09-27;65,3706
1958-09-28;63,7303
1958-09-29;57,3333
1958-09-30;50,4561
1958-10-01;48,2404
1958-10-02;48,2404
1958-10-03;62,1064
1958-10-04;129,729
1958-10-05;643,058
1958-10-06;791,307
1958-10-07;395,159
1958-10-08;210,251
1958-10-09;88,3141
1958-10-10;48,2404
1958-10-11;43,9263
1958-10-12;101,781
1958-10-13;139,223
1958-10-14;117,106
1958-10-15;94,4366
1958-10-16;79,434
1958-10-17;61,3006
1958-10-18;46,0636
1958-10-19;41,8288
1958-10-20;37,0917
1958-10-21;35,7794
1958-10-22;33,2102
1958-10-23;30,7164
1958-10-24;35,7794
1958-10-25;48,2404
1958-10-26;41,8288
1958-10-27;37,7548
1958-10-28;25,9597
1958-10-29;23,1474
1958-10-30;25,9597
1958-10-31;20,4625
1958-11-01;17,4136
1958-11-02;15,489
1958-11-03;14,5599
1958-11-04;13,6534
1958-11-05;14,5599
1958-11-06;14,5599
1958-11-07;14,1038
1958-11-08;15,489
1958-11-09;15,9619
1958-11-10;16,9242
1958-11-11;17,4136
1958-11-12;16,4403
1958-11-13;13,6534
1958-11-14;14,5599
1958-11-15;15,489
1958-11-16;24,8197
1958-11-17;120,498
1958-11-18;91,3553
1958-11-19;73,813
1958-11-20;61,3006
1958-11-21;51,9547
1958-11-22;48,9746
1958-11-23;48,2404
1958-11-24;49,7132
1958-11-25;43,9263
1958-11-26;37,7548
1958-11-27;30,7164
1958-11-28;28,2991
1958-11-29;27,1196
1958-11-30;25,9597
1958-12-01;64,5484
1958-12-02;218,723
1958-12-03;269,485
1958-12-04;279,146
1958-12-05;182,778
1958-12-06;170,557
1958-12-07;104,994
1958-12-08;104,994
1958-12-09;106,074
1958-12-10;120,498
1958-12-11;126,236
1958-12-12;157,724
1958-12-13;145,29
1958-12-14;103,919
1958-12-15;91,3553
1958-12-16;74,661
1958-12-17;82,3531
1958-12-18;91,3553
1958-12-19;175,087
1958-12-20;156,463
1958-12-21;130,901
1958-12-22;99,6606
1958-12-23;64,5484
1958-12-24;52,7104
1958-12-25;45,3468
1958-12-26;38,4225
1958-12-27;35,1301
1958-12-28;30,1048
1958-12-29;23,6998
1958-12-30;21,521
1958-12-31;19,4249
1959-01-01;30,7164
1959-01-02;30,1048
1959-01-03;33,2102
1959-01-04;28,2991
1959-01-05;24,8197
1959-01-06;22,6001
1959-01-07;21,521
1959-01-08;20,4625
1959-01-09;20,9891
1959-01-10;20,4625
1959-01-11;18,9141
1959-01-12;16,4403
1959-01-13;14,5599
1959-01-14;30,7164
1959-01-15;23,6998
1959-01-16;22,6001
1959-01-17;20,4625
1959-01-18;18,4085
1959-01-19;15,489
1959-01-20;15,489
1959-01-21;14,1038
1959-01-22;16,9242
1959-01-23;18,4085
1959-01-24;19,4249
1959-01-25;20,4625
1959-01-26;20,4625
1959-01-27;19,4249
1959-01-28;18,4085
1959-01-29;17,4136
1959-01-30;17,4136
1959-01-31;16,4403
1959-02-01;16,4403
1959-02-02;12,7698
1959-02-03;12,7698
1959-02-04;13,6534
1959-02-05;14,5599
1959-02-06;15,489
1959-02-07;17,4136
1959-02-08;16,4403
1959-02-09;15,489
1959-02-10;16,9242
1959-02-11;89,3233
1959-02-12;144,068
1959-02-13;70,3881
1959-02-14;66,1967
1959-02-15;60,4989
1959-02-16;52,7104
1959-02-17;45,3468
1959-02-18;40,4527
1959-02-19;36,4332
1959-02-20;34,4855
1959-02-21;27,1196
1959-02-22;41,8288
1959-02-23;30,7164
1959-02-24;30,7164
1959-02-25;30,7164
1959-02-26;29,4981
1959-02-27;26,5372
1959-02-28;22,6001
1959-03-01;20,9891
1959-03-02;18,4085
1959-03-03;16,4403
1959-03-04;14,1038
1959-03-05;13,6534
1959-03-06;12,7698
1959-03-07;12,7698
1959-03-08;11,9094
1959-03-09;11,0726
1959-03-10;9,4712
1959-03-11;6,2369
1959-03-12;7,2564
1959-03-13;46,7849
1959-03-14;39,7715
1959-03-15;34,4855
1959-03-16;41,8288
1959-03-17;340,946
1959-03-18;198,69
1959-03-19;135,632
1959-03-20;89,3233
1959-03-21;68,6995
1959-03-22;54,2345
1959-03-23;42,5235
1959-03-24;37,0917
1959-03-25;23,6998
1959-03-26;15,489
1959-03-27;13,2087
1959-03-28;11,0726
1959-03-29;9,4712
1959-03-30;9,0862
1959-03-31;9,4712
1959-04-01;8,7075
1959-04-02;7,2564
1959-04-03;6,5701
1959-04-04;7,2564
1959-04-05;15,489
1959-04-06;111,536
1959-04-07;99,6606
1959-04-08;86,309
1959-04-09;73,813
1959-04-10;57,3333
1959-04-11;43,9263
1959-04-12;41,1385
1959-04-13;39,7715
1959-04-14;37,7548
1959-04-15;37,0917
1959-04-16;33,2102
1959-04-17;31,9538
1959-04-18;30,7164
1959-04-19;31,9538
1959-04-20;112,642
1959-04-21;175,087
1959-04-22;170,557
1959-04-23;139,223
1959-04-24;107,157
1959-04-25;108,246
1959-04-26;941,082
1959-04-27;489,786
1959-04-28;313,356
1959-04-29;203,602
1959-04-30;129,729
1959-05-01;106,074
1959-05-02;75,6063
1959-05-03;63,7303
1959-05-04;60,4989
1959-05-05;65,3706
1959-05-06;57,3333
1959-05-07;44,6343
1959-05-08;36,4332
1959-05-09;29,4981
1959-05-10;31,9538
1959-05-11;33,2102
1959-05-12;35,7794
1959-05-13;32,5797
1959-05-14;30,1048
1959-05-15;28,2991
1959-05-16;27,1196
1959-05-17;27,7069
1959-05-18;34,4855
1959-05-19;193,842
1959-05-20;150,216
1959-05-21;123,928
1959-05-22;104,994
1959-05-23;88,3141
1959-05-24;74,661
1959-05-25;65,3706
1959-05-26;57,3333
1959-05-27;49,7132
1959-05-28;41,1385
1959-05-29;36,4332
1959-05-30;38,4225
1959-05-31;42,5235
1959-06-01;36,4332
1959-06-02;31,3327
1959-06-03;30,7164
1959-06-04;33,2102
1959-06-05;38,4225
1959-06-06;40,4527
1959-06-07;38,4225
1959-06-08;37,0917
1959-06-09;35,7794
1959-06-10;33,8455
1959-06-11;31,3327
1959-06-12;28,8961
1959-06-13;25,9597
1959-06-14;24,8197
1959-06-15;23,6998
1959-06-16;22,6001
1959-06-17;23,1474
1959-06-18;21,521
1959-06-19;20,4625
1959-06-20;38,4225
1959-06-21;292,977
1959-06-22;829,196
1959-06-23;492,423
1959-06-24;195,451
1959-06-25;151,457
1959-06-26;138,022
1959-06-27;402,237
1959-06-28;334,469
1959-06-29;273,328
1959-06-30;126,236
1959-07-01;103,919
1959-07-02;97,5578
1959-07-03;87,3093
1959-07-04;80,4025
1959-07-05;76,5563
1959-07-06;72,0926
1959-07-07;67,027
1959-07-08;65,4658
1959-07-09;64,5724
1959-07-10;62,8
1959-07-11;61,047
1959-07-12;55,9053
1959-07-13;46,9453
1959-07-14;41,5666
1959-07-15;40,0772
1959-07-16;37,1625
1959-07-17;35,7376
1959-07-18;35,0333
1959-07-19;32,2714
1959-07-20;31,5949
1959-07-21;30,9239
1959-07-22;30,2586
1959-07-23;30,2586
1959-07-24;28,9451
1959-07-25;27,6544
1959-07-26;26,3869
1959-07-27;26,3869
1959-07-28;26,3869
1959-07-29;28,9451
1959-07-30;28,9451
1959-07-31;30,2586
1959-08-01;35,7376
1959-08-02;43,0772
1959-08-03;43,0772
1959-08-04;35,7376
1959-08-05;32,9536
1959-08-06;31,5949
1959-08-07;30,2586
1959-08-08;29,599
1959-08-09;22,7256
1959-08-10;21,5531
1959-08-11;22,7256
1959-08-12;24,5296
1959-08-13;34,3345
1959-08-14;63,6838
1959-08-15;95,4726
1959-08-16;96,513
1959-08-17;66,364
1959-08-18;55,0656
1959-08-19;46,9453
1959-08-20;35,7376
1959-08-21;30,2586
1959-08-22;28,9451
1959-08-23;27,6544
1959-08-24;27,6544
1959-08-25;28,9451
1959-08-26;34,3345
1959-08-27;101,781
1959-08-28;598,248
1959-08-29;601,182
1959-08-30;451,138
1959-08-31;317,52
1959-09-01;187,477
1959-09-02;140,429
1959-09-03;132,078
1959-09-04;108,246
1959-09-05;91,3553
1959-09-06;79,434
1959-09-07;66,364
1959-09-08;61,047
1959-09-09;55,0656
1959-09-10;59,3135
1959-09-11;99,6606
1959-09-12;265,671
1959-09-13;166,664
1959-09-14;145,29
1959-09-15;113,751
1959-09-16;89,3233
1959-09-17;75,6063
1959-09-18;59,3135
1959-09-19;55,9053
1959-09-20;59,3135
1959-09-21;68,1746
1959-09-22;130,901
1959-09-23;156,463
1959-09-24;130,901
1959-09-25;144,068
1959-09-26;275,26
1959-09-27;287,006
1959-09-28;193,842
1959-09-29;139,223
1959-09-30;106,074
1959-10-01;90,3371
1959-10-02;81,3755
1959-10-03;63,6838
1959-10-04;51,7568
1959-10-05;40,8192
1959-10-06;32,9536
1959-10-07;31,5949
1959-10-08;41,5666
1959-10-09;239,786
1959-10-10;187,477
1959-10-11;139,223
1959-10-12;115,983
1959-10-13;94,4366
1959-10-14;139,223
1959-10-15;129,729
1959-10-16;121,637
1959-10-17;101,781
1959-10-18;89,3233
1959-10-19;86,309
1959-10-20;84,322
1959-10-21;68,1746
1959-10-22;63,6838
1959-10-23;60,1778
1959-10-24;54,2309
1959-10-25;43,8404
1959-10-26;35,0333
1959-10-27;35,7376
1959-10-28;48,5287
1959-10-29;39,3404
1959-10-30;35,7376
1959-10-31;34,3345
1959-11-01;30,2586
1959-11-02;28,9451
1959-11-03;25,1428
1959-11-04;22,1363
1959-11-05;20,405
1959-11-06;19,2817
1959-11-07;18,1834
1959-11-08;18,1834
1959-11-09;20,405
1959-11-10;21,5531
1959-11-11;19,2817
1959-11-12;16,0631
1959-11-13;15,0418
1959-11-14;14,047
1959-11-15;14,047
1959-11-16;15,0418
1959-11-17;15,0418
1959-11-18;14,047
1959-11-19;12,1382
1959-11-20;11,2251
1959-11-21;10,3401
1959-11-22;9,4839
1959-11-23;9,4839
1959-11-24;8,8857
1959-11-25;8,5811
1959-11-26;8,28
1959-11-27;7,9825
1959-11-28;7,9825
1959-11-29;7,6887
1959-11-30;7,3986
1959-12-01;7,6887
1959-12-02;8,733
1959-12-03;11,2251
1959-12-04;11,2251
1959-12-05;9,9084
1959-12-06;12,1382
1959-12-07;34,3345
1959-12-08;57,5995
1959-12-09;58,4541
1959-12-10;54,2309
1959-12-11;48,5287
1959-12-12;43,0772
1959-12-13;30,2586
1959-12-14;25,7619
1959-12-15;23,3209
1959-12-16;19,2817
1959-12-17;17,1104
1959-12-18;16,0631
1959-12-19;17,1104
1959-12-20;17,1104
1959-12-21;16,0631
1959-12-22;17,1104
1959-12-23;16,0631
1959-12-24;18,1834
1959-12-25;19,8403
1959-12-26;18,1834
1959-12-27;17,1104
1959-12-28;15,0418
1959-12-29;14,047
1959-12-30;14,047
1959-12-31;13,5596
1960-01-01;11,2251
1960-01-02;14,047
1960-01-03;15,0418
1960-01-04;14,047
1960-01-05;12,1382
1960-01-06;13,079
1960-01-07;12,1382
1960-01-08;13,079
1960-01-09;14,047
1960-01-10;15,0418
1960-01-11;17,1104
1960-01-12;15,0418
1960-01-13;13,079
1960-01-14;10,3401
1960-01-15;8,8857
1960-01-16;7,8352
1960-01-17;7,9825
1960-01-18;7,9825
1960-01-19;7,255
1960-01-20;6,8296
1960-01-21;6,5509
1960-01-22;6,5509
1960-01-23;6,8296
1960-01-24;7,1122
1960-01-25;6,8296
1960-01-26;6,5509
1960-01-27;6,2761
1960-01-28;6,0052
1960-01-29;6,2761
1960-01-30;6,2761
1960-01-31;6,0052
1960-02-01;6,0052
1960-02-02;6,0052
1960-02-03;6,1401
1960-02-04;6,8296
1960-02-05;7,3986
1960-02-06;7,9825
1960-02-07;8,1308
1960-02-08;7,3986
1960-02-09;7,1122
1960-02-10;6,8296
1960-02-11;6,5509
1960-02-12;6,2761
1960-02-13;6,5509
1960-02-14;7,3986
1960-02-15;7,9825
1960-02-16;8,5811
1960-02-17;11,6781
1960-02-18;19,2817
1960-02-19;17,1104
1960-02-20;19,2817
1960-02-21;19,2817
1960-02-22;18,1834
1960-02-23;16,5835
1960-02-24;14,047
1960-02-25;11,6781
1960-02-26;9,4839
1960-02-27;8,5811
1960-02-28;7,6887
1960-02-29;7,9825
1960-03-01;7,9825
1960-03-02;8,4301
1960-03-03;8,5811
1960-03-04;8,4301
1960-03-05;8,8857
1960-03-06;8,28
1960-03-07;7,9825
1960-03-08;7,3986
1960-03-09;7,1122
1960-03-10;6,8296
1960-03-11;6,9705
1960-03-12;7,3986
1960-03-13;8,5811
1960-03-14;22,7256
1960-03-15;35,7376
1960-03-16;31,5949
1960-03-17;27,6544
1960-03-18;24,5296
1960-03-19;19,8403
1960-03-20;19,8403
1960-03-21;22,7256
1960-03-22;30,9239
1960-03-23;35,7376
1960-03-24;33,6413
1960-03-25;31,5949
1960-03-26;29,599
1960-03-27;22,7256
1960-03-28;12,1382
1960-03-29;9,0394
1960-03-30;8,5811
1960-03-31;8,1308
1960-04-01;7,6887
1960-04-02;7,3986
1960-04-03;7,6887
1960-04-04;19,8403
1960-04-05;28,9451
1960-04-06;30,2586
1960-04-07;35,0333
1960-04-08;34,3345
1960-04-09;30,2586
1960-04-10;22,1363
1960-04-11;20,405
1960-04-12;18,1834
1960-04-13;15,0418
1960-04-14;12,1382
1960-04-15;9,0394
1960-04-16;8,8857
1960-04-17;10,3401
1960-04-18;11,6781
1960-04-19;15,0418
1960-04-20;17,1104
1960-04-21;14,047
1960-04-22;9,4839
1960-04-23;8,5811
1960-04-24;8,28
1960-04-25;7,9825
1960-04-26;7,6887
1960-04-27;7,3986
1960-04-28;6,9705
1960-04-29;6,8296
1960-04-30;7,6887
1960-05-01;8,28
1960-05-02;8,4301
1960-05-03;7,9825
1960-05-04;7,3986
1960-05-05;7,1122
1960-05-06;6,8296
1960-05-07;6,8296
1960-05-08;6,8296
1960-05-09;6,5509
1960-05-10;6,413
1960-05-11;6,5509
1960-05-12;6,8296
1960-05-13;6,5509
1960-05-14;6,2761
1960-05-15;6,5509
1960-05-16;6,8296
1960-05-17;7,1122
1960-05-18;8,4301
1960-05-19;10,3401
1960-05-20;66,364
1960-05-21;52,5765
1960-05-22;47,7344
1960-05-23;42,3193
1960-05-24;37,1625
1960-05-25;32,2714
1960-05-26;19,8403
1960-05-27;14,047
1960-05-28;12,1382
1960-05-29;9,9084
1960-05-30;8,8857
1960-05-31;10,7791
1960-06-01;10,3401
1960-06-02;9,0394
1960-06-03;8,733
1960-06-04;8,1308
1960-06-05;7,5432
1960-06-06;7,1122
1960-06-07;6,8296
1960-06-08;7,1122
1960-06-09;6,8296
1960-06-10;6,5509
1960-06-11;6,8296
1960-06-12;7,1122
1960-06-13;7,1122
1960-06-14;6,8296
1960-06-15;6,8296
1960-06-16;7,1122
1960-06-17;7,6887
1960-06-18;8,28
1960-06-19;18,1834
1960-06-20;32,9536
1960-06-21;37,1625
1960-06-22;77,5109
1960-06-23;205,253
1960-06-24;468,963
1960-06-25;345,301
1960-06-26;309,222
1960-06-27;269,485
1960-06-28;87,3093
1960-06-29;71,8529
1960-06-30;55,0656
1960-07-01;46,1613
1960-07-02;39,3404
1960-07-03;33,6413
1960-07-04;33,6413
1960-07-05;37,1625
1960-07-06;35,0333
1960-07-07;34,3345
1960-07-08;35,7376
1960-07-09;33,6413
1960-07-10;31,5949
1960-07-11;29,599
1960-07-12;26,3869
1960-07-13;23,9223
1960-07-14;22,7256
1960-07-15;20,976
1960-07-16;19,2817
1960-07-17;18,1834
1960-07-18;17,1104
1960-07-19;16,0631
1960-07-20;15,0418
1960-07-21;16,0631
1960-07-22;22,1363
1960-07-23;28,9451
1960-07-24;44,6088
1960-07-25;47,7344
1960-07-26;43,8404
1960-07-27;40,8192
1960-07-28;38,6091
1960-07-29;40,0772
1960-07-30;38,6091
1960-07-31;101,781
1960-08-01;178,142
1960-08-02;178,142
1960-08-03;161,532
1960-08-04;139,223
1960-08-05;99,6606
1960-08-06;66,364
1960-08-07;55,0656
1960-08-08;44,6088
1960-08-09;37,8831
1960-08-10;35,0333
1960-08-11;32,9536
1960-08-12;32,9536
1960-08-13;35,7376
1960-08-14;46,1613
1960-08-15;73,7203
1960-08-16;83,3353
1960-08-17;115,983
1960-08-18;239,786
1960-08-19;170,557
1960-08-20;144,068
1960-08-21;104,994
1960-08-22;77,5109
1960-08-23;70,0043
1960-08-24;64,5724
1960-08-25;64,5724
1960-08-26;55,9053
1960-08-27;50,9422
1960-08-28;47,7344
1960-08-29;44,6088
1960-08-30;133,258
1960-08-31;784,52
1960-09-01;791,307
1960-09-02;489,786
1960-09-03;288,989
1960-09-04;92,378
1960-09-05;79,434
1960-09-06;73,7203
1960-09-07;64,5724
1960-09-08;75,6063
1960-09-09;79,434
1960-09-10;84,322
1960-09-11;73,7203
1960-09-12;48,5287
1960-09-13;49,3281
1960-09-14;44,6088
1960-09-15;40,8192
1960-09-16;43,8404
1960-09-17;107,157
1960-09-18;356,318
1960-09-19;247,038
1960-09-20;164,09
1960-09-21;97,5578
1960-09-22;91,3553
1960-09-23;121,637
1960-09-24;205,253
1960-09-25;285,03
1960-09-26;187,477
1960-09-27;128,56
1960-09-28;101,781
1960-09-29;79,434
1960-09-30;68,1746
1960-10-01;59,3135
1960-10-02;53,4012
1960-10-03;47,7344
1960-10-04;38,6091
1960-10-05;33,6413
1960-10-06;31,5949
1960-10-07;35,0333
1960-10-08;37,1625
1960-10-09;49,3281
1960-10-10;70,0043
1960-10-11;54,2309
1960-10-12;47,7344
1960-10-13;42,3193
1960-10-14;39,3404
1960-10-15;38,6091
1960-10-16;32,9536
1960-10-17;34,3345
1960-10-18;54,2309
1960-10-19;47,7344
1960-10-20;43,0772
1960-10-21;46,1613
1960-10-22;52,5765
1960-10-23;74,661
1960-10-24;93,4051
1960-10-25;91,3553
1960-10-26;71,8529
1960-10-27;62,8
1960-10-28;54,2309
1960-10-29;43,0772
1960-10-30;40,0772
1960-10-31;37,8831
1960-11-01;44,6088
1960-11-02;50,1326
1960-11-03;47,7344
1960-11-04;44,6088
1960-11-05;49,3281
1960-11-06;47,7344
1960-11-07;44,6088
1960-11-08;41,5666
1960-11-09;41,5666
1960-11-10;40,0772
1960-11-11;37,1625
1960-11-12;40,8192
1960-11-13;68,1746
1960-11-14;61,047
1960-11-15;46,9453
1960-11-16;40,0772
1960-11-17;37,1625
1960-11-18;32,9536
1960-11-19;27,6544
1960-11-20;22,7256
1960-11-21;18,1834
1960-11-22;17,1104
1960-11-23;16,0631
1960-11-24;16,0631
1960-11-25;14,5411
1960-11-26;16,0631
1960-11-27;16,5835
1960-11-28;19,8403
1960-11-29;18,1834
1960-11-30;17,1104
1960-12-01;15,5492
1960-12-02;14,047
1960-12-03;12,1382
1960-12-04;11,2251
1960-12-05;12,1382
1960-12-06;11,2251
1960-12-07;10,3401
1960-12-08;10,3401
1960-12-09;9,4839
1960-12-10;8,5811
1960-12-11;7,6887
1960-12-12;8,5811
1960-12-13;8,28
1960-12-14;9,0394
1960-12-15;55,9053
1960-12-16;54,2309
1960-12-17;61,047
1960-12-18;54,2309
1960-12-19;49,3281
1960-12-20;43,8404
1960-12-21;37,1625
1960-12-22;30,2586
1960-12-23;25,1428
1960-12-24;23,3209
1960-12-25;21,5531
1960-12-26;19,2817
1960-12-27;17,1104
1960-12-28;15,5492
1960-12-29;13,079
1960-12-30;12,1382
1960-12-31;16,0631
1961-01-01;23,3209
1961-01-02;20,976
1961-01-03;18,1834
1961-01-04;18,1834
1961-01-05;47,7344
1961-01-06;62,8
1961-01-07;185,904
1961-01-08;126,236
1961-01-09;77,5109
1961-01-10;70,0043
1961-01-11;55,9053
1961-01-12;46,1613
1961-01-13;37,1625
1961-01-14;31,5949
1961-01-15;27,6544
1961-01-16;21,5531
1961-01-17;23,3209
1961-01-18;26,3869
1961-01-19;31,5949
1961-01-20;30,2586
1961-01-21;23,9223
1961-01-22;22,1363
1961-01-23;19,8403
1961-01-24;17,6437
1961-01-25;15,5492
1961-01-26;14,047
1961-01-27;13,079
1961-01-28;11,2251
1961-01-29;10,3401
1961-01-30;8,8857
1961-01-31;8,5811
1961-02-01;8,28
1961-02-02;8,28
1961-02-03;7,9825
1961-02-04;7,6887
1961-02-05;7,5432
1961-02-06;7,9825
1961-02-07;8,28
1961-02-08;8,5811
1961-02-09;8,28
1961-02-10;7,9825
1961-02-11;7,8352
1961-02-12;7,9825
1961-02-13;7,9825
1961-02-14;7,6887
1961-02-15;7,1122
1961-02-16;7,5432
1961-02-17;7,9825
1961-02-18;7,6887
1961-02-19;8,28
1961-02-20;8,5811
1961-02-21;8,28
1961-02-22;7,8352
1961-02-23;8,28
1961-02-24;8,28
1961-02-25;7,6887
1961-02-26;7,9825
1961-02-27;8,4301
1961-02-28;9,4839
1961-03-01;8,28
1961-03-02;7,6887
1961-03-03;7,5432
1961-03-04;7,9825
1961-03-05;8,5811
1961-03-06;8,5811
1961-03-07;8,8857
1961-03-08;9,4839
1961-03-09;10,3401
1961-03-10;11,2251
1961-03-11;14,047
1961-03-12;21,5531
1961-03-13;31,5949
1961-03-14;41,5666
1961-03-15;50,9422
1961-03-16;64,5724
1961-03-17;195,451
1961-03-18;211,931
1961-03-19;185,904
1961-03-20;167,957
1961-03-21;151,457
1961-03-22;117,106
1961-03-23;99,6606
1961-03-24;77,5109
1961-03-25;49,3281
1961-03-26;40,0772
1961-03-27;35,7376
1961-03-28;28,9451
1961-03-29;23,9223
1961-03-30;20,405
1961-03-31;18,1834
1961-04-01;17,1104
1961-04-02;15,0418
1961-04-03;15,0418
1961-04-04;17,1104
1961-04-05;18,1834
1961-04-06;16,0631
1961-04-07;15,0418
1961-04-08;14,047
1961-04-09;12,6051
1961-04-10;16,0631
1961-04-11;28,9451
1961-04-12;43,0772
1961-04-13;51,7568
1961-04-14;63,6838
1961-04-15;95,4726
1961-04-16;106,074
1961-04-17;85,3132
1961-04-18;73,7203
1961-04-19;68,1746
1961-04-20;72,7843
1961-04-21;70,0043
1961-04-22;65,4658
1961-04-23;61,047
1961-04-24;55,9053
1961-04-25;50,9422
1961-04-26;43,8404
1961-04-27;37,8831
1961-04-28;31,5949
1961-04-29;28,2969
1961-04-30;43,0772
1961-05-01;25,7619
1961-05-02;23,9223
1961-05-03;20,976
1961-05-04;19,2817
1961-05-05;18,1834
1961-05-06;17,1104
1961-05-07;16,0631
1961-05-08;15,0418
1961-05-09;16,5835
1961-05-10;17,6437
1961-05-11;16,0631
1961-05-12;15,0418
1961-05-13;15,0418
1961-05-14;15,0418
1961-05-15;16,0631
1961-05-16;17,1104
1961-05-17;19,8403
1961-05-18;26,3869
1961-05-19;38,6091
1961-05-20;52,5765
1961-05-21;41,5666
1961-05-22;39,3404
1961-05-23;36,4473
1961-05-24;33,6413
1961-05-25;30,2586
1961-05-26;26,3869
1961-05-27;24,5296
1961-05-28;21,5531
1961-05-29;20,405
1961-05-30;17,1104
1961-05-31;16,0631
1961-06-01;15,0418
1961-06-02;14,047
1961-06-03;13,079
1961-06-04;14,047
1961-06-05;19,2817
1961-06-06;38,6091
1961-06-07;84,322
1961-06-08;73,7203
1961-06-09;81,3755
1961-06-10;93,4051
1961-06-11;426,314
1961-06-12;305,117
1961-06-13;179,68
1961-06-14;165,375
1961-06-15;123,928
1961-06-16;95,4726
1961-06-17;75,6063
1961-06-18;55,0656
1961-06-19;61,047
1961-06-20;167,957
1961-06-21;451,138
1961-06-22;218,723
1961-06-23;161,532
1961-06-24;141,638
1961-06-25;104,994
1961-06-26;77,5109
1961-06-27;68,1746
1961-06-28;64,5724
1961-06-29;62,8
1961-06-30;55,9053
1961-07-01;43,0772
1961-07-02;40,0772
1961-07-03;43,8404
1961-07-04;40,0772
1961-07-05;46,1613
1961-07-06;50,9422
1961-07-07;56,7499
1961-07-08;67,2669
1961-07-09;70,0043
1961-07-10;66,364
1961-07-11;61,047
1961-07-12;54,2309
1961-07-13;47,7344
1961-07-14;50,1326
1961-07-15;70,0043
1961-07-16;74,661
1961-07-17;74,661
1961-07-18;64,5724
1961-07-19;63,6838
1961-07-20;61,047
1961-07-21;56,7499
1961-07-22;50,9422
1961-07-23;47,7344
1961-07-24;46,1613
1961-07-25;44,6088
1961-07-26;42,3193
1961-07-27;40,0772
1961-07-28;37,8831
1961-07-29;35,7376
1961-07-30;31,5949
1961-07-31;31,5949
1961-08-01;27,6544
1961-08-02;28,9451
1961-08-03;27,6544
1961-08-04;26,3869
1961-08-05;23,9223
1961-08-06;22,1363
1961-08-07;21,5531
1961-08-08;20,976
1961-08-09;20,405
1961-08-10;19,2817
1961-08-11;18,1834
1961-08-12;16,0631
1961-08-13;16,0631
1961-08-14;16,0631
1961-08-15;16,0631
1961-08-16;19,2817
1961-08-17;21,5531
1961-08-18;22,7256
1961-08-19;22,7256
1961-08-20;52,5765
1961-08-21;73,7203
1961-08-22;79,434
1961-08-23;79,434
1961-08-24;85,3132
1961-08-25;81,3755
1961-08-26;77,5109
1961-08-27;70,0043
1961-08-28;62,8
1961-08-29;54,2309
1961-08-30;50,1326
1961-08-31;47,7344
1961-09-01;61,047
1961-09-02;57,5995
1961-09-03;49,3281
1961-09-04;106,074
1961-09-05;505,72
1961-09-06;543,962
1961-09-07;451,138
1961-09-08;356,318
1961-09-09;241,588
1961-09-10;136,825
1961-09-11;107,157
1961-09-12;87,3093
1961-09-13;82,3531
1961-09-14;87,3093
1961-09-15;88,3141
1961-09-16;90,3371
1961-09-17;83,3353
1961-09-18;82,3531
1961-09-19;87,3093
1961-09-20;92,378
1961-09-21;106,074
1961-09-22;150,216
1961-09-23;178,142
1961-09-24;133,258
1961-09-25;92,378
1961-09-26;94,4366
1961-09-27;288,989
1961-09-28;592,404
1961-09-29;1028,99
1961-09-30;791,307
1961-10-01;402,237
1961-10-02;104,994
1961-10-03;84,322
1961-10-04;71,8529
1961-10-05;66,364
1961-10-06;61,047
1961-10-07;74,661
1961-10-08;55,9053
1961-10-09;53,4012
1961-10-10;56,7499
1961-10-11;62,8
1961-10-12;64,5724
1961-10-13;61,9211
1961-10-14;59,3135
1961-10-15;55,9053
1961-10-16;51,7568
1961-10-17;48,5287
1961-10-18;45,3825
1961-10-19;44,6088
1961-10-20;77,5109
1961-10-21;299,014
1961-10-22;263,775
1961-10-23;139,223
1961-10-24;106,074
1961-10-25;250,706
1961-10-26;974,984
1961-10-27;456,194
1961-10-28;267,574
1961-10-29;113,751
1961-10-30;70,0043
1961-10-31;61,047
1961-11-01;68,1746
1961-11-02;64,5724
1961-11-03;70,9263
1961-11-04;66,364
1961-11-05;61,047
1961-11-06;55,9053
1961-11-07;51,7568
1961-11-08;48,5287
1961-11-09;45,3825
1961-11-10;46,1613
1961-11-11;41,5666
1961-11-12;37,1625
1961-11-13;35,7376
1961-11-14;35,7376
1961-11-15;42,3193
1961-11-16;40,0772
1961-11-17;38,6091
1961-11-18;37,1625
1961-11-19;37,1625
1961-11-20;43,0772
1961-11-21;40,0772
1961-11-22;40,0772
1961-11-23;41,5666
1961-11-24;40,0772
1961-11-25;38,6091
1961-11-26;32,9536
1961-11-27;43,8404
1961-11-28;59,3135
1961-11-29;64,5724
1961-11-30;68,1746
1961-12-01;61,047
1961-12-02;59,3135
1961-12-03;55,0656
1961-12-04;51,7568
1961-12-05;48,5287
1961-12-06;46,1613
1961-12-07;41,5666
1961-12-08;40,0772
1961-12-09;35,7376
1961-12-10;34,3345
1961-12-11;35,7376
1961-12-12;35,7376
1961-12-13;33,6413
1961-12-14;31,5949
1961-12-15;30,2586
1961-12-16;28,2969
1961-12-17;26,3869
1961-12-18;25,1428
1961-12-19;22,7256
1961-12-20;21,5531
1961-12-21;20,405
1961-12-22;19,2817
1961-12-23;20,976
1961-12-24;22,7256
1961-12-25;22,1363
1961-12-26;21,5531
1961-12-27;22,7256
1961-12-28;22,7256
1961-12-29;21,5531
1961-12-30;20,405
1961-12-31;19,2817
1962-01-01;15,0418
1962-01-02;12,6051
1962-01-03;11,6781
1962-01-04;10,7791
1962-01-05;9,9084
1962-01-06;9,0394
1962-01-07;11,6781
1962-01-08;10,7791
1962-01-09;15,5492
1962-01-10;19,8403
1962-01-11;22,1363
1962-01-12;20,976
1962-01-13;20,976
1962-01-14;19,8403
1962-01-15;38,6091
1962-01-16;58,4541
1962-01-17;56,7499
1962-01-18;55,0656
1962-01-19;51,7568
1962-01-20;53,4012
1962-01-21;55,0656
1962-01-22;55,9053
1962-01-23;58,4541
1962-01-24;45,3825
1962-01-25;40,0772
1962-01-26;37,1625
1962-01-27;33,6413
1962-01-28;30,9239
1962-01-29;29,599
1962-01-30;27,6544
1962-01-31;25,7619
1962-02-01;23,9223
1962-02-02;22,1363
1962-02-03;20,976
1962-02-04;19,8403
1962-02-05;20,976
1962-02-06;22,1363
1962-02-07;20,976
1962-02-08;19,8403
1962-02-09;18,7294
1962-02-10;18,7294
1962-02-11;23,3209
1962-02-12;28,2969
1962-02-13;32,2714
1962-02-14;30,2586
1962-02-15;28,2969
1962-02-16;27,0178
1962-02-17;25,7619
1962-02-18;26,3869
1962-02-19;23,3209
1962-02-20;21,5531
1962-02-21;19,8403
1962-02-22;18,7294
1962-02-23;19,8403
1962-02-24;20,976
1962-02-25;21,5531
1962-02-26;19,8403
1962-02-27;18,7294
1962-02-28;18,7294
1962-03-01;18,1834
1962-03-02;17,6437
1962-03-03;15,5492
1962-03-04;16,5835
1962-03-05;15,5492
1962-03-06;14,5411
1962-03-07;12,6051
1962-03-08;11,6781
1962-03-09;11,2251
1962-03-10;12,6051
1962-03-11;19,8403
1962-03-12;20,976
1962-03-13;22,1363
1962-03-14;20,976
1962-03-15;22,1363
1962-03-16;23,9223
1962-03-17;26,3869
1962-03-18;28,2969
1962-03-19;30,9239
1962-03-20;33,6413
1962-03-21;32,9536
1962-03-22;35,0333
1962-03-23;33,6413
1962-03-24;32,2714
1962-03-25;31,5949
1962-03-26;33,6413
1962-03-27;35,0333
1962-03-28;36,4473
1962-03-29;35,0333
1962-03-30;33,6413
1962-03-31;32,2714
1962-04-01;24,5296
1962-04-02;22,7256
1962-04-03;22,7256
1962-04-04;24,5296
1962-04-05;23,9223
1962-04-06;22,7256
1962-04-07;21,5531
1962-04-08;34,3345
1962-04-09;70,0043
1962-04-10;85,3132
1962-04-11;62,8
1962-04-12;50,9422
1962-04-13;44,6088
1962-04-14;39,3404
1962-04-15;37,1625
1962-04-16;35,0333
1962-04-17;32,2714
1962-04-18;29,599
1962-04-19;27,6544
1962-04-20;26,3869
1962-04-21;25,1428
1962-04-22;24,5296
1962-04-23;25,1428
1962-04-24;23,9223
1962-04-25;22,1363
1962-04-26;23,9223
1962-04-27;25,1428
1962-04-28;23,3209
1962-04-29;20,405
1962-04-30;20,405
1962-05-01;19,2817
1962-05-02;20,976
1962-05-03;22,7256
1962-05-04;21,5531
1962-05-05;20,405
1962-05-06;21,5531
1962-05-07;21,5531
1962-05-08;20,405
1962-05-09;19,2817
1962-05-10;18,1834
1962-05-11;28,9451
1962-05-12;34,3345
1962-05-13;33,6413
1962-05-14;32,9536
1962-05-15;31,5949
1962-05-16;30,2586
1962-05-17;28,9451
1962-05-18;27,6544
1962-05-19;26,3869
1962-05-20;28,2969
1962-05-21;38,6091
1962-05-22;65,4658
1962-05-23;86,309
1962-05-24;82,3531
1962-05-25;76,5563
1962-05-26;72,7843
1962-05-27;71,8529
1962-05-28;63,6838
1962-05-29;55,9053
1962-05-30;47,7344
1962-05-31;46,9453
1962-06-01;43,0772
1962-06-02;40,0772
1962-06-03;43,0772
1962-06-04;47,7344
1962-06-05;49,3281
1962-06-06;47,7344
1962-06-07;46,1613
1962-06-08;43,8404
1962-06-09;41,5666
1962-06-10;40,0772
1962-06-11;38,6091
1962-06-12;41,5666
1962-06-13;41,5666
1962-06-14;38,6091
1962-06-15;37,1625
1962-06-16;35,0333
1962-06-17;32,9536
1962-06-18;31,5949
1962-06-19;30,2586
1962-06-20;28,9451
1962-06-21;27,6544
1962-06-22;26,3869
1962-06-23;27,6544
1962-06-24;26,3869
1962-06-25;25,1428
1962-06-26;23,9223
1962-06-27;22,7256
1962-06-28;20,976
1962-06-29;19,8403
1962-06-30;18,1834
1962-07-01;17,1104
1962-07-02;16,0631
1962-07-03;15,5492
1962-07-04;15,0418
1962-07-05;16,0631
1962-07-06;23,9223
1962-07-07;35,0333
1962-07-08;41,5666
1962-07-09;47,7344
1962-07-10;65,4658
1962-07-11;130,901
1962-07-12;114,865
1962-07-13;102,848
1962-07-14;93,4051
1962-07-15;87,3093
1962-07-16;91,3553
1962-07-17;93,4051
1962-07-18;85,3132
1962-07-19;78,4702
1962-07-20;68,1746
1962-07-21;62,8
1962-07-22;55,0656
1962-07-23;49,3281
1962-07-24;43,0772
1962-07-25;40,0772
1962-07-26;38,6091
1962-07-27;37,1625
1962-07-28;35,0333
1962-07-29;33,6413
1962-07-30;35,7376
1962-07-31;38,6091
1962-08-01;38,6091
1962-08-02;40,8192
1962-08-03;40,0772
1962-08-04;41,5666
1962-08-05;40,0772
1962-08-06;40,0772
1962-08-07;40,0772
1962-08-08;38,6091
1962-08-09;38,6091
1962-08-10;38,6091
1962-08-11;36,4473
1962-08-12;34,3345
1962-08-13;32,9536
1962-08-14;31,5949
1962-08-15;30,2586
1962-08-16;28,9451
1962-08-17;27,0178
1962-08-18;25,1428
1962-08-19;26,3869
1962-08-20;22,7256
1962-08-21;25,1428
1962-08-22;47,7344
1962-08-23;113,751
1962-08-24;95,4726
1962-08-25;77,5109
1962-08-26;68,1746
1962-08-27;62,8
1962-08-28;55,0656
1962-08-29;47,7344
1962-08-30;54,2309
1962-08-31;50,1326
1962-09-01;45,3825
1962-09-02;43,0772
1962-09-03;40,0772
1962-09-04;40,0772
1962-09-05;42,3193
1962-09-06;45,3825
1962-09-07;48,5287
1962-09-08;50,9422
1962-09-09;57,5995
1962-09-10;53,4012
1962-09-11;55,9053
1962-09-12;49,3281
1962-09-13;49,3281
1962-09-14;44,6088
1962-09-15;40,0772
1962-09-16;35,0333
1962-09-17;32,9536
1962-09-18;35,7376
1962-09-19;85,3132
1962-09-20;108,246
1962-09-21;112,642
1962-09-22;99,6606
1962-09-23;91,3553
1962-09-24;77,5109
1962-09-25;70,0043
1962-09-26;62,8
1962-09-27;50,9422
1962-09-28;43,0772
1962-09-29;40,8192
1962-09-30;37,1625
1962-10-01;33,6413
1962-10-02;31,5949
1962-10-03;32,9536
1962-10-04;33,6413
1962-10-05;31,5949
1962-10-06;28,9451
1962-10-07;27,0178
1962-10-08;25,1428
1962-10-09;22,7256
1962-10-10;21,5531
1962-10-11;20,405
1962-10-12;22,7256
1962-10-13;27,6544
1962-10-14;26,3869
1962-10-15;25,1428
1962-10-16;22,7256
1962-10-17;21,5531
1962-10-18;20,405
1962-10-19;22,7256
1962-10-20;21,5531
1962-10-21;20,405
1962-10-22;20,405
1962-10-23;19,8403
1962-10-24;19,2817
1962-10-25;19,2817
1962-10-26;18,1834
1962-10-27;19,8403
1962-10-28;21,5531
1962-10-29;22,7256
1962-10-30;27,6544
1962-10-31;30,2586
1962-11-01;27,6544
1962-11-02;25,1428
1962-11-03;23,9223
1962-11-04;25,1428
1962-11-05;28,9451
1962-11-06;28,9451
1962-11-07;10,3401
1962-11-08;9,4839
1962-11-09;8,8857
1962-11-10;8,5811
1962-11-11;8,28
1962-11-12;7,9825
1962-11-13;7,6887
1962-11-14;8,1308
1962-11-15;8,28
1962-11-16;7,8352
1962-11-17;7,9825
1962-11-18;8,8857
1962-11-19;10,3401
1962-11-20;11,2251
1962-11-21;12,6051
1962-11-22;15,0418
1962-11-23;15,5492
1962-11-24;14,047
1962-11-25;13,079
1962-11-26;12,1382
1962-11-27;11,2251
1962-11-28;10,3401
1962-11-29;9,4839
1962-11-30;8,8857
1962-12-01;8,5811
1962-12-02;9,4839
1962-12-03;12,1382
1962-12-04;12,1382
1962-12-05;11,2251
1962-12-06;10,3401
1962-12-07;9,4839
1962-12-08;8,8857
1962-12-09;7,9825
1962-12-10;6,8296
1962-12-11;6,5509
1962-12-12;6,2761
1962-12-13;6,0052
1962-12-14;6,0052
1962-12-15;6,2761
1962-12-16;6,5509
1962-12-17;6,2761
1962-12-18;6,2761
1962-12-19;6,0052
1962-12-20;5,7383
1962-12-21;5,4755
1962-12-22;5,2169
1962-12-23;5,4755
1962-12-24;5,7383
1962-12-25;6,0052
1962-12-26;5,7383
1962-12-27;5,4755
1962-12-28;5,2169
1962-12-29;5,0891
1962-12-30;6,0052
1962-12-31;6,413
1963-01-01;6,0052
1963-01-02;5,7383
1963-01-03;6,0052
1963-01-04;6,2761
1963-01-05;6,2761
1963-01-06;6,1401
1963-01-07;6,6898
1963-01-08;7,1122
1963-01-09;14,047
1963-01-10;27,6544
1963-01-11;30,2586
1963-01-12;25,1428
1963-01-13;21,5531
1963-01-14;25,1428
1963-01-15;23,3209
1963-01-16;21,5531
1963-01-17;19,8403
1963-01-18;18,1834
1963-01-19;16,0631
1963-01-20;14,047
1963-01-21;12,1382
1963-01-22;16,0631
1963-01-23;17,1104
1963-01-24;22,7256
1963-01-25;32,9536
1963-01-26;65,4658
1963-01-27;82,3531
1963-01-28;91,3553
1963-01-29;145,29
1963-01-30;390,478
1963-01-31;423,872
1963-02-01;367,519
1963-02-02;247,038
1963-02-03;215,313
1963-02-04;189,058
1963-02-05;162,809
1963-02-06;128,56
1963-02-07;102,848
1963-02-08;74,661
1963-02-09;63,6838
1963-02-10;55,9053
1963-02-11;44,6088
1963-02-12;38,6091
1963-02-13;31,5949
1963-02-14;25,1428
1963-02-15;20,405
1963-02-16;20,405
1963-02-17;20,405
1963-02-18;22,7256
1963-02-19;22,7256
1963-02-20;20,976
1963-02-21;19,2817
1963-02-22;18,1834
1963-02-23;17,1104
1963-02-24;17,1104
1963-02-25;20,405
1963-02-26;20,976
1963-02-27;19,2817
1963-02-28;20,405
1963-03-01;24,5296
1963-03-02;22,1363
1963-03-03;20,405
1963-03-04;19,2817
1963-03-05;18,1834
1963-03-06;17,1104
1963-03-07;16,0631
1963-03-08;15,0418
1963-03-09;14,047
1963-03-10;15,0418
1963-03-11;14,5411
1963-03-12;13,079
1963-03-13;12,1382
1963-03-14;11,2251
1963-03-15;10,3401
1963-03-16;9,4839
1963-03-17;10,3401
1963-03-18;12,1382
1963-03-19;13,5596
1963-03-20;15,0418
1963-03-21;16,0631
1963-03-22;16,0631
1963-03-23;15,0418
1963-03-24;14,5411
1963-03-25;16,0631
1963-03-26;18,1834
1963-03-27;87,3093
1963-03-28;81,3755
1963-03-29;76,5563
1963-03-30;71,8529
1963-03-31;73,7203
1963-04-01;76,5563
1963-04-02;72,7843
1963-04-03;70,0043
1963-04-04;66,364
1963-04-05;62,8
1963-04-06;58,4541
1963-04-07;55,0656
1963-04-08;51,7568
1963-04-09;49,3281
1963-04-10;47,7344
1963-04-11;44,6088
1963-04-12;41,5666
1963-04-13;45,3825
1963-04-14;50,9422
1963-04-15;49,3281
1963-04-16;47,7344
1963-04-17;46,1613
1963-04-18;44,6088
1963-04-19;42,3193
1963-04-20;39,3404
1963-04-21;37,1625
1963-04-22;35,7376
1963-04-23;34,3345
1963-04-24;32,9536
1963-04-25;31,5949
1963-04-26;30,2586
1963-04-27;28,2969
1963-04-28;25,7619
1963-04-29;23,9223
1963-04-30;22,7256
1963-05-01;20,405
1963-05-02;19,2817
1963-05-03;20,976
1963-05-04;22,7256
1963-05-05;20,976
1963-05-06;19,2817
1963-05-07;18,1834
1963-05-08;16,0631
1963-05-09;15,0418
1963-05-10;14,047
1963-05-11;14,047
1963-05-12;16,0631
1963-05-13;15,0418
1963-05-14;18,7294
1963-05-15;20,976
1963-05-16;22,7256
1963-05-17;21,5531
1963-05-18;18,1834
1963-05-19;11,2251
1963-05-20;8,28
1963-05-21;7,9825
1963-05-22;7,6887
1963-05-23;7,6887
1963-05-24;7,8352
1963-05-25;8,8857
1963-05-26;8,5811
1963-05-27;8,28
1963-05-28;7,9825
1963-05-29;7,6887
1963-05-30;7,3986
1963-05-31;7,255
1963-06-01;7,1122
1963-06-02;6,5509
1963-06-03;6,0052
1963-06-04;5,7383
1963-06-05;5,7383
1963-06-06;6,0052
1963-06-07;6,2761
1963-06-08;6,5509
1963-06-09;6,8296
1963-06-10;6,9705
1963-06-11;6,5509
1963-06-12;6,2761
1963-06-13;6,6898
1963-06-14;6,5509
1963-06-15;9,4839
1963-06-16;53,4012
1963-06-17;80,4025
1963-06-18;71,8529
1963-06-19;64,5724
1963-06-20;59,3135
1963-06-21;52,5765
1963-06-22;43,8404
1963-06-23;39,3404
1963-06-24;37,1625
1963-06-25;34,3345
1963-06-26;32,9536
1963-06-27;32,9536
1963-06-28;31,5949
1963-06-29;32,2714
1963-06-30;32,9536
1963-07-01;35,7376
1963-07-02;51,7568
1963-07-03;52,5765
1963-07-04;50,1326
1963-07-05;46,9453
1963-07-06;43,8404
1963-07-07;40,8192
1963-07-08;37,8831
1963-07-09;35,7376
1963-07-10;32,2714
1963-07-11;30,2586
1963-07-12;33,6413
1963-07-13;27,6544
1963-07-14;25,7619
1963-07-15;23,9223
1963-07-16;21,5531
1963-07-17;20,405
1963-07-18;21,5531
1963-07-19;22,7256
1963-07-20;24,5296
1963-07-21;28,9451
1963-07-22;34,3345
1963-07-23;46,1613
1963-07-24;50,1326
1963-07-25;46,1613
1963-07-26;41,5666
1963-07-27;26,3869
1963-07-28;22,7256
1963-07-29;20,405
1963-07-30;18,1834
1963-07-31;17,1104
1963-08-01;16,0631
1963-08-02;15,0418
1963-08-03;14,5411
1963-08-04;15,0418
1963-08-05;17,1104
1963-08-06;20,405
1963-08-07;21,5531
1963-08-08;18,7294
1963-08-09;18,1834
1963-08-10;21,5531
1963-08-11;22,7256
1963-08-12;32,2714
1963-08-13;50,9422
1963-08-14;57,5995
1963-08-15;345,301
1963-08-16;715,132
1963-08-17;313,356
1963-08-18;269,485
1963-08-19;250,706
1963-08-20;256,264
1963-08-21;305,117
1963-08-22;347,49
1963-08-23;321,713
1963-08-24;552,35
1963-08-25;513,79
1963-08-26;363,016
1963-08-27;273,328
1963-08-28;206,912
1963-08-29;133,258
1963-08-30;79,434
1963-08-31;46,9453
1963-09-01;42,3193
1963-09-02;40,0772
1963-09-03;38,6091
1963-09-04;35,0333
1963-09-05;30,9239
1963-09-06;28,9451
1963-09-07;25,7619
1963-09-08;30,2586
1963-09-09;41,5666
1963-09-10;43,0772
1963-09-11;47,7344
1963-09-12;61,047
1963-09-13;81,3755
1963-09-14;86,309
1963-09-15;95,4726
1963-09-16;118,232
1963-09-17;103,919
1963-09-18;87,3093
1963-09-19;71,8529
1963-09-20;55,9053
1963-09-21;74,661
1963-09-22;128,56
1963-09-23;211,931
1963-09-24;397,511
1963-09-25;351,889
1963-09-26;695,936
1963-09-27;381,206
1963-09-28;151,457
1963-09-29;133,258
1963-09-30;97,5578
1963-10-01;68,1746
1963-10-02;62,8
1963-10-03;55,9053
1963-10-04;50,9422
1963-10-05;44,6088
1963-10-06;47,7344
1963-10-07;62,8
1963-10-08;64,5724
1963-10-09;84,322
1963-10-10;260,005
1963-10-11;886,0
1963-10-12;388,149
1963-10-13;277,199
1963-10-14;243,398
1963-10-15;325,936
1963-10-16;317,52
1963-10-17;438,632
1963-10-18;369,782
1963-10-19;237,992
1963-10-20;147,745
1963-10-21;150,216
1963-10-22;557,981
1963-10-23;263,775
1963-10-24;173,57
1963-10-25;146,515
1963-10-26;236,204
1963-10-27;198,69
1963-10-28;153,952
1963-10-29;126,236
1963-10-30;99,6606
1963-10-31;83,3353
1963-11-01;84,322
1963-11-02;71,8529
1963-11-03;62,8
1963-11-04;52,5765
1963-11-05;63,6838
1963-11-06;83,3353
1963-11-07;85,3132
1963-11-08;87,3093
1963-11-09;178,142
1963-11-10;155,206
1963-11-11;134,443
1963-11-12;101,781
1963-11-13;77,5109
1963-11-14;68,1746
1963-11-15;59,3135
1963-11-16;50,9422
1963-11-17;43,8404
1963-11-18;37,8831
1963-11-19;40,0772
1963-11-20;52,5765
1963-11-21;70,0043
1963-11-22;50,9422
1963-11-23;43,0772
1963-11-24;41,5666
1963-11-25;37,8831
1963-11-26;34,3345
1963-11-27;43,0772
1963-11-28;47,7344
1963-11-29;98,607
1963-11-30;218,723
1963-12-01;215,313
1963-12-02;135,632
1963-12-03;87,3093
1963-12-04;83,3353
1963-12-05;79,434
1963-12-06;79,434
1963-12-07;87,3093
1963-12-08;87,3093
1963-12-09;75,6063
1963-12-10;67,2669
1963-12-11;62,8
1963-12-12;59,3135
1963-12-13;55,0656
1963-12-14;51,7568
1963-12-15;48,5287
1963-12-16;45,3825
1963-12-17;43,0772
1963-12-18;40,8192
1963-12-19;38,6091
1963-12-20;36,4473
1963-12-21;32,9536
1963-12-22;28,2969
1963-12-23;25,7619
1963-12-24;23,9223
1963-12-25;22,7256
1963-12-26;19,8403
1963-12-27;18,1834
1963-12-28;17,1104
1963-12-29;16,0631
1963-12-30;15,0418
1963-12-31;14,047
1964-01-01;19,8403
1964-01-02;22,7256
1964-01-03;19,8403
1964-01-04;18,1834
1964-01-05;17,1104
1964-01-06;15,0418
1964-01-07;13,079
1964-01-08;12,1382
1964-01-09;10,7791
1964-01-10;9,4839
1964-01-11;8,8857
1964-01-12;8,5811
1964-01-13;8,4301
1964-01-14;8,28
1964-01-15;8,5811
1964-01-16;10,3401
1964-01-17;10,7791
1964-01-18;8,8857
1964-01-19;8,1308
1964-01-20;7,6887
1964-01-21;7,1122
1964-01-22;7,1122
1964-01-23;7,5432
1964-01-24;7,3986
1964-01-25;7,1122
1964-01-26;7,1122
1964-01-27;7,5432
1964-01-28;7,3986
1964-01-29;7,1122
1964-01-30;6,9705
1964-01-31;7,3986
1964-02-01;8,28
1964-02-02;13,5596
1964-02-03;17,1104
1964-02-04;13,5596
1964-02-05;12,1382
1964-02-06;11,2251
1964-02-07;9,4839
1964-02-08;10,7791
1964-02-09;9,4839
1964-02-10;8,8857
1964-02-11;8,4301
1964-02-12;7,8352
1964-02-13;7,3986
1964-02-14;7,1122
1964-02-15;7,3986
1964-02-16;8,1308
1964-02-17;10,7791
1964-02-18;19,2817
1964-02-19;24,5296
1964-02-20;20,976
1964-02-21;18,7294
1964-02-22;15,0418
1964-02-23;8,8857
1964-02-24;8,4301
1964-02-25;7,8352
1964-02-26;7,3986
1964-02-27;7,1122
1964-02-28;6,8296
1964-02-29;6,6898
1964-03-01;6,6898
1964-03-02;7,3986
1964-03-03;8,5811
1964-03-04;15,0418
1964-03-05;17,1104
1964-03-06;15,5492
1964-03-07;14,047
1964-03-08;12,1382
1964-03-09;10,7791
1964-03-10;9,4839
1964-03-11;8,8857
1964-03-12;8,1308
1964-03-13;7,6887
1964-03-14;7,6887
1964-03-15;7,3986
1964-03-16;7,1122
1964-03-17;7,6887
1964-03-18;7,3986
1964-03-19;6,5509
1964-03-20;6,0052
1964-03-21;5,7383
1964-03-22;5,4755
1964-03-23;5,4755
1964-03-24;5,6064
1964-03-25;5,2169
1964-03-26;4,9624
1964-03-27;5,2169
1964-03-28;6,2761
1964-03-29;8,5811
1964-03-30;9,9084
1964-03-31;8,8857
1964-04-01;8,4301
1964-04-02;7,3986
1964-04-03;6,6898
1964-04-04;6,2761
1964-04-05;6,0052
1964-04-06;6,2761
1964-04-07;6,8296
1964-04-08;7,6887
1964-04-09;8,8857
1964-04-10;10,3401
1964-04-11;8,733
1964-04-12;8,5811
1964-04-13;10,7791
1964-04-14;12,1382
1964-04-15;15,0418
1964-04-16;17,6437
1964-04-17;26,3869
1964-04-18;31,5949
1964-04-19;29,599
1964-04-20;27,0178
1964-04-21;26,3869
1964-04-22;28,9451
1964-04-23;37,1625
1964-04-24;61,047
1964-04-25;66,364
1964-04-26;48,5287
1964-04-27;50,9422
1964-04-28;46,9453
1964-04-29;49,3281
1964-04-30;64,5724
1964-05-01;67,2669
1964-05-02;68,1746
1964-05-03;72,7843
1964-05-04;64,5724
1964-05-05;57,5995
1964-05-06;48,5287
1964-05-07;40,8192
1964-05-08;30,2586
1964-05-09;25,7619
1964-05-10;23,9223
1964-05-11;22,7256
1964-05-12;20,976
1964-05-13;19,2817
1964-05-14;18,1834
1964-05-15;16,5835
1964-05-16;15,0418
1964-05-17;13,079
1964-05-18;11,6781
1964-05-19;9,9084
1964-05-20;8,8857
1964-05-21;8,28
1964-05-22;8,5811
1964-05-23;8,28
1964-05-24;8,28
1964-05-25;8,28
1964-05-26;7,8352
1964-05-27;7,3986
1964-05-28;7,8352
1964-05-29;8,5811
1964-05-30;9,4839
1964-05-31;9,4839
1964-06-01;8,8857
1964-06-02;8,1308
1964-06-03;7,6887
1964-06-04;7,6887
1964-06-05;8,4301
1964-06-06;8,5811
1964-06-07;8,4301
1964-06-08;8,8857
1964-06-09;9,4839
1964-06-10;11,6781
1964-06-11;13,079
1964-06-12;15,0418
1964-06-13;15,0418
1964-06-14;14,047
1964-06-15;13,079
1964-06-16;12,1382
1964-06-17;12,1382
1964-06-18;11,2251
1964-06-19;10,3401
1964-06-20;9,4839
1964-06-21;8,8857
1964-06-22;8,4301
1964-06-23;8,28
1964-06-24;11,2251
1964-06-25;13,5596
1964-06-26;15,0418
1964-06-27;15,0418
1964-06-28;13,5596
1964-06-29;10,7791
1964-06-30;9,4839
1964-07-01;8,8857
1964-07-02;8,5811
1964-07-03;8,4301
1964-07-04;8,4301
1964-07-05;10,7791
1964-07-06;14,047
1964-07-07;16,0631
1964-07-08;33,6413
1964-07-09;80,4025
1964-07-10;59,3135
1964-07-11;45,3825
1964-07-12;34,3345
1964-07-13;27,6544
1964-07-14;23,9223
1964-07-15;19,2817
1964-07-16;16,5835
1964-07-17;30,9239
1964-07-18;57,5995
1964-07-19;44,6088
1964-07-20;28,9451
1964-07-21;22,7256
1964-07-22;19,2817
1964-07-23;18,1834
1964-07-24;18,7294
1964-07-25;31,5949
1964-07-26;46,9453
1964-07-27;53,4012
1964-07-28;46,1613
1964-07-29;37,8831
1964-07-30;35,0333
1964-07-31;43,0772
1964-08-01;62,8
1964-08-02;93,4051
1964-08-03;87,3093
1964-08-04;74,661
1964-08-05;58,4541
1964-08-06;46,9453
1964-08-07;37,1625
1964-08-08;32,2714
1964-08-09;30,2586
1964-08-10;27,6544
1964-08-11;24,5296
1964-08-12;22,7256
1964-08-13;20,976
1964-08-14;19,2817
1964-08-15;25,1428
1964-08-16;57,5995
1964-08-17;87,3093
1964-08-18;104,994
1964-08-19;119,363
1964-08-20;95,4726
1964-08-21;97,5578
1964-08-22;94,4366
1964-08-23;98,607
1964-08-24;155,206
1964-08-25;349,685
1964-08-26;128,56
1964-08-27;99,6606
1964-08-28;93,4051
1964-08-29;101,781
1964-08-30;109,338
1964-08-31;119,363
1964-09-01;182,778
1964-09-02;397,511
1964-09-03;260,005
1964-09-04;239,786
1964-09-05;176,611
1964-09-06;125,08
1964-09-07;93,4051
1964-09-08;87,3093
1964-09-09;85,3132
1964-09-10;101,781
1964-09-11;114,865
1964-09-12;97,5578
1964-09-13;79,434
1964-09-14;66,364
1964-09-15;58,4541
1964-09-16;55,9053
1964-09-17;50,9422
1964-09-18;43,8404
1964-09-19;40,8192
1964-09-20;35,7376
1964-09-21;30,2586
1964-09-22;27,6544
1964-09-23;25,1428
1964-09-24;25,1428
1964-09-25;23,9223
1964-09-26;22,1363
1964-09-27;20,976
1964-09-28;22,1363
1964-09-29;20,405
1964-09-30;20,405
1964-10-01;25,1428
1964-10-02;44,6088
1964-10-03;53,4012
1964-10-04;47,7344
1964-10-05;41,5666
1964-10-06;34,3345
1964-10-07;26,3869
1964-10-08;26,3869
1964-10-09;28,9451
1964-10-10;27,0178
1964-10-11;25,1428
1964-10-12;23,9223
1964-10-13;21,5531
1964-10-14;19,8403
1964-10-15;17,1104
1964-10-16;16,0631
1964-10-17;15,0418
1964-10-18;14,047
1964-10-19;14,047
1964-10-20;15,5492
1964-10-21;18,7294
1964-10-22;44,6088
1964-10-23;37,1625
1964-10-24;33,6413
1964-10-25;38,6091
1964-10-26;53,4012
1964-10-27;112,642
1964-10-28;99,6606
1964-10-29;80,4025
1964-10-30;95,4726
1964-10-31;77,5109
1964-11-01;66,364
1964-11-02;51,7568
1964-11-03;43,8404
1964-11-04;30,9239
1964-11-05;28,2969
1964-11-06;23,3209
1964-11-07;19,2817
1964-11-08;17,1104
1964-11-09;14,5411
1964-11-10;14,047
1964-11-11;13,079
1964-11-12;11,6781
1964-11-13;9,9084
1964-11-14;8,8857
1964-11-15;8,5811
1964-11-16;8,28
1964-11-17;8,5811
1964-11-18;8,5811
1964-11-19;8,4301
1964-11-20;8,28
1964-11-21;8,5811
1964-11-22;8,28
1964-11-23;8,28
1964-11-24;8,28
1964-11-25;7,9825
1964-11-26;7,6887
1964-11-27;7,3986
1964-11-28;7,255
1964-11-29;8,8857
1964-11-30;13,079
1964-12-01;13,079
1964-12-02;11,6781
1964-12-03;19,2817
1964-12-04;24,5296
1964-12-05;20,976
1964-12-06;18,1834
1964-12-07;14,047
1964-12-08;12,1382
1964-12-09;11,2251
1964-12-10;9,4839
1964-12-11;8,5811
1964-12-12;8,1308
1964-12-13;7,3986
1964-12-14;9,9084
1964-12-15;8,8857
1964-12-16;8,5811
1964-12-17;8,1308
1964-12-18;7,6887
1964-12-19;7,1122
1964-12-20;6,5509
1964-12-21;6,2761
1964-12-22;6,5509
1964-12-23;6,2761
1964-12-24;6,2761
1964-12-25;6,8296
1964-12-26;7,1122
1964-12-27;7,6887
1964-12-28;22,7256
1964-12-29;34,3345
1964-12-30;128,56
1964-12-31;106,074
1965-01-01;46,9453
1965-01-02;38,6091
1965-01-03;28,9451
1965-01-04;28,9451
1965-01-05;18,7294
1965-01-06;17,1104
1965-01-07;16,0631
1965-01-08;17,1104
1965-01-09;15,0418
1965-01-10;12,1382
1965-01-11;14,5411
1965-01-12;11,6781
1965-01-13;9,9084
1965-01-14;8,8857
1965-01-15;8,5811
1965-01-16;10,3401
1965-01-17;17,1104
1965-01-18;23,9223
1965-01-19;20,976
1965-01-20;19,2817
1965-01-21;18,1834
1965-01-22;17,1104
1965-01-23;16,0631
1965-01-24;13,5596
1965-01-25;10,7791
1965-01-26;8,5811
1965-01-27;7,6887
1965-01-28;7,1122
1965-01-29;6,8296
1965-01-30;7,255
1965-01-31;7,1122
1965-02-01;7,3986
1965-02-02;7,6887
1965-02-03;201,957
1965-02-04;100,718
1965-02-05;61,047
1965-02-06;47,7344
1965-02-07;38,6091
1965-02-08;25,7619
1965-02-09;22,7256
1965-02-10;20,976
1965-02-11;18,7294
1965-02-12;20,976
1965-02-13;22,1363
1965-02-14;25,1428
1965-02-15;19,8403
1965-02-16;11,2251
1965-02-17;7,5432
1965-02-18;6,9705
1965-02-19;6,5509
1965-02-20;6,2761
1965-02-21;6,2761
1965-02-22;6,0052
1965-02-23;6,2761
1965-02-24;6,6898
1965-02-25;7,9825
1965-02-26;9,4839
1965-02-27;13,079
1965-02-28;24,5296
1965-03-01;28,9451
1965-03-02;19,2817
1965-03-03;18,1834
1965-03-04;17,1104
1965-03-05;13,5596
1965-03-06;11,2251
1965-03-07;8,733
1965-03-08;7,8352
1965-03-09;7,6887
1965-03-10;8,28
1965-03-11;10,3401
1965-03-12;15,0418
1965-03-13;17,1104
1965-03-14;13,079
1965-03-15;12,1382
1965-03-16;10,7791
1965-03-17;9,9084
1965-03-18;12,1382
1965-03-19;14,047
1965-03-20;16,0631
1965-03-21;14,5411
1965-03-22;13,079
1965-03-23;13,079
1965-03-24;18,1834
1965-03-25;20,976
1965-03-26;18,7294
1965-03-27;17,1104
1965-03-28;14,5411
1965-03-29;13,079
1965-03-30;11,2251
1965-03-31;8,8857
1965-04-01;8,28
1965-04-02;7,9825
1965-04-03;7,9825
1965-04-04;7,9825
1965-04-05;7,9825
1965-04-06;8,28
1965-04-07;8,5811
1965-04-08;10,3401
1965-04-09;12,1382
1965-04-10;12,1382
1965-04-11;11,2251
1965-04-12;10,3401
1965-04-13;9,4839
1965-04-14;8,8857
1965-04-15;8,5811
1965-04-16;9,4839
1965-04-17;9,4839
1965-04-18;8,8857
1965-04-19;8,5811
1965-04-20;8,5811
1965-04-21;9,4839
1965-04-22;11,2251
1965-04-23;14,047
1965-04-24;15,0418
1965-04-25;25,7619
1965-04-26;40,8192
1965-04-27;70,0043
1965-04-28;64,5724
1965-04-29;55,0656
1965-04-30;44,6088
1965-05-01;30,9239
1965-05-02;27,6544
1965-05-03;24,5296
1965-05-04;21,5531
1965-05-05;20,405
1965-05-06;18,7294
1965-05-07;16,5835
1965-05-08;15,0418
1965-05-09;14,047
1965-05-10;13,079
1965-05-11;13,079
1965-05-12;12,1382
1965-05-13;11,2251
1965-05-14;18,1834
1965-05-15;35,0333
1965-05-16;44,6088
1965-05-17;48,5287
1965-05-18;44,6088
1965-05-19;39,3404
1965-05-20;35,7376
1965-05-21;30,2586
1965-05-22;25,1428
1965-05-23;19,2817
1965-05-24;18,1834
1965-05-25;15,5492
1965-05-26;14,047
1965-05-27;12,6051
1965-05-28;10,7791
1965-05-29;9,0394
1965-05-30;8,5811
1965-05-31;8,28
1965-06-01;7,9825
1965-06-02;7,6887
1965-06-03;8,8857
1965-06-04;20,976
1965-06-05;36,4473
1965-06-06;24,5296
1965-06-07;22,7256
1965-06-08;19,2817
1965-06-09;22,1363
1965-06-10;22,7256
1965-06-11;19,8403
1965-06-12;18,1834
1965-06-13;16,0631
1965-06-14;15,0418
1965-06-15;14,047
1965-06-16;13,079
1965-06-17;20,405
1965-06-18;25,7619
1965-06-19;22,7256
1965-06-20;19,8403
1965-06-21;18,1834
1965-06-22;16,5835
1965-06-23;15,0418
1965-06-24;14,047
1965-06-25;12,1382
1965-06-26;10,7791
1965-06-27;9,0394
1965-06-28;8,5811
1965-06-29;8,28
1965-06-30;7,8352
1965-07-01;7,3986
1965-07-02;7,8352
1965-07-03;10,7791
1965-07-04;68,1746
1965-07-05;61,047
1965-07-06;52,5765
1965-07-07;37,1625
1965-07-08;32,2714
1965-07-09;28,9451
1965-07-10;25,1428
1965-07-11;22,1363
1965-07-12;19,8403
1965-07-13;18,1834
1965-07-14;17,1104
1965-07-15;16,0631
1965-07-16;15,5492
1965-07-17;17,1104
1965-07-18;16,0631
1965-07-19;15,0418
1965-07-20;16,0631
1965-07-21;23,9223
1965-07-22;22,7256
1965-07-23;20,405
1965-07-24;18,1834
1965-07-25;17,1104
1965-07-26;16,0631
1965-07-27;15,0418
1965-07-28;14,047
1965-07-29;13,079
1965-07-30;11,6781
1965-07-31;10,3401
1965-08-01;9,4839
1965-08-02;8,8857
1965-08-03;9,4839
1965-08-04;25,1428
1965-08-05;23,9223
1965-08-06;21,5531
1965-08-07;20,405
1965-08-08;18,7294
1965-08-09;17,1104
1965-08-10;15,5492
1965-08-11;14,047
1965-08-12;11,6781
1965-08-13;10,3401
1965-08-14;11,2251
1965-08-15;20,405
1965-08-16;44,6088
1965-08-17;75,6063
1965-08-18;708,703
1965-08-19;1251,96
1965-08-20;461,279
1965-08-21;1217,45
1965-08-22;456,194
1965-08-23;383,513
1965-08-24;390,478
1965-08-25;446,113
1965-08-26;402,237
1965-08-27;222,162
1965-08-28;142,851
1965-08-29;178,142
1965-08-30;215,313
1965-08-31;181,226
1965-09-01;130,901
1965-09-02;108,246
1965-09-03;107,157
1965-09-04;172,06
1965-09-05;886,0
1965-09-06;575,055
1965-09-07;206,912
1965-09-08;232,65
1965-09-09;283,061
1965-09-10;338,78
1965-09-11;524,655
1965-09-12;334,469
1965-09-13;192,24
1965-09-14;193,842
1965-09-15;165,375
1965-09-16;140,429
1965-09-17;110,435
1965-09-18;99,6606
1965-09-19;96,513
1965-09-20;83,3353
1965-09-21;68,1746
1965-09-22;59,3135
1965-09-23;56,7499
1965-09-24;61,047
1965-09-25;72,7843
1965-09-26;193,842
1965-09-27;157,724
1965-09-28;128,56
1965-09-29;91,3553
1965-09-30;85,3132
1965-10-01;160,259
1965-10-02;106,074
1965-10-03;86,309
1965-10-04;74,661
1965-10-05;65,4658
1965-10-06;61,047
1965-10-07;57,5995
1965-10-08;60,1778
1965-10-09;56,7499
1965-10-10;165,375
1965-10-11;374,329
1965-10-12;292,977
1965-10-13;62,8
1965-10-14;53,4012
1965-10-15;61,047
1965-10-16;65,4658
1965-10-17;59,3135
1965-10-18;52,5765
1965-10-19;46,1613
1965-10-20;42,3193
1965-10-21;40,0772
1965-10-22;38,6091
1965-10-23;37,1625
1965-10-24;414,182
1965-10-25;560,807
1965-10-26;305,117
1965-10-27;123,928
1965-10-28;64,5724
1965-10-29;59,3135
1965-10-30;70,0043
1965-10-31;66,364
1965-11-01;59,3135
1965-11-02;55,9053
1965-11-03;53,4012
1965-11-04;47,7344
1965-11-05;45,3825
1965-11-06;43,0772
1965-11-07;41,5666
1965-11-08;40,8192
1965-11-09;40,0772
1965-11-10;38,6091
1965-11-11;37,1625
1965-11-12;47,7344
1965-11-13;52,5765
1965-11-14;59,3135
1965-11-15;56,7499
1965-11-16;40,8192
1965-11-17;40,0772
1965-11-18;34,3345
1965-11-19;32,9536
1965-11-20;31,5949
1965-11-21;27,6544
1965-11-22;22,1363
1965-11-23;20,405
1965-11-24;36,4473
1965-11-25;133,258
1965-11-26;187,477
1965-11-27;170,557
1965-11-28;91,3553
1965-11-29;61,047
1965-11-30;50,9422
1965-12-01;54,2309
1965-12-02;91,3553
1965-12-03;106,074
1965-12-04;91,3553
1965-12-05;69,0871
1965-12-06;59,3135
1965-12-07;50,9422
1965-12-08;43,8404
1965-12-09;39,3404
1965-12-10;42,3193
1965-12-11;49,3281
1965-12-12;59,3135
1965-12-13;75,6063
1965-12-14;89,3233
1965-12-15;71,8529
1965-12-16;50,9422
1965-12-17;45,3825
1965-12-18;43,0772
1965-12-19;36,4473
1965-12-20;31,5949
1965-12-21;130,901
1965-12-22;589,493
1965-12-23;397,511
1965-12-24;118,232
1965-12-25;108,246
1965-12-26;67,2669
1965-12-27;62,8
1965-12-28;55,9053
1965-12-29;50,9422
1965-12-30;46,1613
1965-12-31;40,8192
1966-01-01;37,8831
1966-01-02;35,7376
1966-01-03;31,5949
1966-01-04;28,9451
1966-01-05;28,9451
1966-01-06;38,6091
1966-01-07;43,0772
1966-01-08;42,3193
1966-01-09;42,3193
1966-01-10;52,5765
1966-01-11;57,5995
1966-01-12;52,5765
1966-01-13;45,3825
1966-01-14;40,8192
1966-01-15;41,5666
1966-01-16;36,4473
1966-01-17;33,6413
1966-01-18;31,5949
1966-01-19;27,6544
1966-01-20;23,9223
1966-01-21;37,1625
1966-01-22;59,3135
1966-01-23;56,7499
1966-01-24;118,232
1966-01-25;140,429
1966-01-26;170,557
1966-01-27;145,29
1966-01-28;106,074
1966-01-29;81,3755
1966-01-30;59,3135
1966-01-31;46,1613
1966-02-01;66,364
1966-02-02;57,5995
1966-02-03;50,9422
1966-02-04;46,1613
1966-02-05;41,5666
1966-02-06;37,8831
1966-02-07;35,7376
1966-02-08;32,2714
1966-02-09;31,5949
1966-02-10;35,0333
1966-02-11;36,4473
1966-02-12;33,6413
1966-02-13;30,9239
1966-02-14;38,6091
1966-02-15;133,258
1966-02-16;127,396
1966-02-17;107,157
1966-02-18;108,246
1966-02-19;128,56
1966-02-20;128,56
1966-02-21;155,206
1966-02-22;201,957
1966-02-23;157,724
1966-02-24;158,99
1966-02-25;176,611
1966-02-26;161,532
1966-02-27;128,56
1966-02-28;133,258
1966-03-01;503,046
1966-03-02;438,632
1966-03-03;301,041
1966-03-04;182,778
1966-03-05;144,068
1966-03-06;125,08
1966-03-07;102,848
1966-03-08;85,3132
1966-03-09;73,7203
1966-03-10;65,4658
1966-03-11;62,8
1966-03-12;53,4012
1966-03-13;40,0772
1966-03-14;35,7376
1966-03-15;27,6544
1966-03-16;24,5296
1966-03-17;22,7256
1966-03-18;19,8403
1966-03-19;19,8403
1966-03-20;20,405
1966-03-21;31,5949
1966-03-22;39,3404
1966-03-23;37,1625
1966-03-24;32,2714
1966-03-25;30,2586
1966-03-26;27,6544
1966-03-27;23,9223
1966-03-28;20,976
1966-03-29;19,2817
1966-03-30;18,1834
1966-03-31;20,405
1966-04-01;20,405
1966-04-02;19,8403
1966-04-03;20,405
1966-04-04;20,405
1966-04-05;21,5531
1966-04-06;21,5531
1966-04-07;20,976
1966-04-08;20,405
1966-04-09;19,8403
1966-04-10;18,1834
1966-04-11;17,1104
1966-04-12;16,0631
1966-04-13;15,0418
1966-04-14;14,5411
1966-04-15;16,5835
1966-04-16;18,7294
1966-04-17;20,405
1966-04-18;20,405
1966-04-19;18,7294
1966-04-20;17,6437
1966-04-21;16,0631
1966-04-22;14,5411
1966-04-23;13,5596
1966-04-24;17,1104
1966-04-25;24,5296
1966-04-26;39,3404
1966-04-27;37,8831
1966-04-28;27,0178
1966-04-29;20,976
1966-04-30;20,405
1966-05-01;25,1428
1966-05-02;27,0178
1966-05-03;24,5296
1966-05-04;18,1834
1966-05-05;14,047
1966-05-06;14,047
1966-05-07;15,0418
1966-05-08;14,5411
1966-05-09;13,079
1966-05-10;11,2251
1966-05-11;9,9084
1966-05-12;9,4839
1966-05-13;9,4839
1966-05-14;9,4839
1966-05-15;9,0394
1966-05-16;8,8857
1966-05-17;9,0394
1966-05-18;8,733
1966-05-19;8,5811
1966-05-20;8,1308
1966-05-21;7,9825
1966-05-22;8,28
1966-05-23;8,1308
1966-05-24;7,8352
1966-05-25;11,6781
1966-05-26;15,5492
1966-05-27;12,1382
1966-05-28;10,3401
1966-05-29;9,0394
1966-05-30;8,1308
1966-05-31;6,5509
1966-06-01;6,5509
1966-06-02;6,5509
1966-06-03;6,2761
1966-06-04;6,2761
1966-06-05;6,2761
1966-06-06;6,1401
1966-06-07;6,2761
1966-06-08;6,1401
1966-06-09;6,0052
1966-06-10;6,2761
1966-06-11;6,2761
1966-06-12;7,6887
1966-06-13;10,7791
1966-06-14;27,6544
1966-06-15;61,047
1966-06-16;126,236
1966-06-17;492,423
1966-06-18;572,19
1966-06-19;363,016
1966-06-20;218,723
1966-06-21;102,848
1966-06-22;101,781
1966-06-23;106,074
1966-06-24;112,642
1966-06-25;97,5578
1966-06-26;80,4025
1966-06-27;74,661
1966-06-28;128,56
1966-06-29;356,318
1966-06-30;179,68
1966-07-01;123,928
1966-07-02;89,3233
1966-07-03;79,434
1966-07-04;87,3093
1966-07-05;70,0043
1966-07-06;46,9453
1966-07-07;41,5666
1966-07-08;34,3345
1966-07-09;30,9239
1966-07-10;27,6544
1966-07-11;25,1428
1966-07-12;22,7256
1966-07-13;19,8403
1966-07-14;133,258
1966-07-15;367,519
1966-07-16;254,404
1966-07-17;190,645
1966-07-18;142,851
1966-07-19;70,0043
1966-07-20;72,7843
1966-07-21;71,8529
1966-07-22;179,68
1966-07-23;360,776
1966-07-24;254,404
1966-07-25;133,258
1966-07-26;97,5578
1966-07-27;112,642
1966-07-28;93,4051
1966-07-29;223,892
1966-07-30;416,593
1966-07-31;229,126
1966-08-01;206,912
1966-08-02;162,809
1966-08-03;130,901
1966-08-04;385,827
1966-08-05;1318,05
1966-08-06;699,116
1966-08-07;453,662
1966-08-08;369,782
1966-08-09;155,206
1966-08-10;121,637
1966-08-11;107,157
1966-08-12;89,3233
1966-08-13;81,3755
1966-08-14;88,3141
1966-08-15;106,074
1966-08-16;97,5578
1966-08-17;84,322
1966-08-18;68,1746
1966-08-19;61,047
1966-08-20;54,2309
1966-08-21;47,7344
1966-08-22;61,047
1966-08-23;99,6606
1966-08-24;141,638
1966-08-25;128,56
1966-08-26;114,865
1966-08-27;91,3553
1966-08-28;78,4702
1966-08-29;81,3755
1966-08-30;305,117
1966-08-31;296,994
1966-09-01;825,713
1966-09-02;495,067
1966-09-03;232,65
1966-09-04;167,957
1966-09-05;119,363
1966-09-06;103,919
1966-09-07;97,5578
1966-09-08;119,363
1966-09-09;121,637
1966-09-10;97,5578
1966-09-11;88,3141
1966-09-12;95,4726
1966-09-13;471,539
1966-09-14;323,821
1966-09-15;535,642
1966-09-16;463,833
1966-09-17;305,117
1966-09-18;164,09
1966-09-19;110,435
1966-09-20;93,4051
1966-09-21;83,3353
1966-09-22;77,5109
1966-09-23;68,1746
1966-09-24;61,047
1966-09-25;55,0656
1966-09-26;50,9422
1966-09-27;43,8404
1966-09-28;38,6091
1966-09-29;34,3345
1966-09-30;30,2586
1966-10-01;28,2969
1966-10-02;42,3193
1966-10-03;135,632
1966-10-04;169,254
1966-10-05;128,56
1966-10-06;148,978
1966-10-07;192,24
1966-10-08;301,041
1966-10-09;190,645
1966-10-10;128,56
1966-10-11;108,246
1966-10-12;108,246
1966-10-13;108,246
1966-10-14;102,848
1966-10-15;170,557
1966-10-16;288,989
1966-10-17;236,204
1966-10-18;206,912
1966-10-19;176,611
1966-10-20;141,638
1966-10-21;102,848
1966-10-22;87,3093
1966-10-23;120,498
1966-10-24;112,642
1966-10-25;87,3093
1966-10-26;87,3093
1966-10-27;218,723
1966-10-28;323,821
1966-10-29;176,611
1966-10-30;140,429
1966-10-31;102,848
1966-11-01;77,5109
1966-11-02;70,0043
1966-11-03;57,5995
1966-11-04;48,5287
1966-11-05;44,6088
1966-11-06;40,0772
1966-11-07;33,6413
1966-11-08;35,0333
1966-11-09;48,5287
1966-11-10;45,3825
1966-11-11;47,7344
1966-11-12;161,532
1966-11-13;145,29
1966-11-14;99,6606
1966-11-15;75,6063
1966-11-16;66,364
1966-11-17;55,9053
1966-11-18;44,6088
1966-11-19;40,0772
1966-11-20;33,6413
1966-11-21;30,2586
1966-11-22;22,1363
1966-11-23;17,1104
1966-11-24;15,0418
1966-11-25;13,079
1966-11-26;12,1382
1966-11-27;9,9084
1966-11-28;8,8857
1966-11-29;8,5811
1966-11-30;7,9825
1966-12-01;21,5531
1966-12-02;27,6544
1966-12-03;47,7344
1966-12-04;89,3233
1966-12-05;123,928
1966-12-06;123,928
1966-12-07;232,65
1966-12-08;402,237
1966-12-09;340,946
1966-12-10;232,65
1966-12-11;179,68
1966-12-12;162,809
1966-12-13;162,809
1966-12-14;138,022
1966-12-15;176,611
1966-12-16;176,611
1966-12-17;136,825
1966-12-18;114,865
1966-12-19;144,068
1966-12-20;114,865
1966-12-21;85,3132
1966-12-22;71,8529
1966-12-23;61,9211
1966-12-24;51,7568
1966-12-25;46,1613
1966-12-26;35,7376
1966-12-27;32,2714
1966-12-28;31,5949
1966-12-29;32,9536
1966-12-30;28,9451
1966-12-31;27,0178
1967-01-01;23,3209
1967-01-02;19,8403
1967-01-03;18,7294
1967-01-04;21,5531
1967-01-05;20,976
1967-01-06;18,7294
1967-01-07;18,1834
1967-01-08;17,1104
1967-01-09;17,1104
1967-01-10;18,7294
1967-01-11;18,1834
1967-01-12;17,1104
1967-01-13;15,0418
1967-01-14;16,0631
1967-01-15;20,976
1967-01-16;22,7256
1967-01-17;23,3209
1967-01-18;20,976
1967-01-19;21,5531
1967-01-20;16,5835
1967-01-21;15,5492
1967-01-22;17,1104
1967-01-23;17,1104
1967-01-24;16,0631
1967-01-25;15,5492
1967-01-26;15,0418
1967-01-27;13,079
1967-01-28;11,2251
1967-01-29;9,4839
1967-01-30;8,5811
1967-01-31;8,28
1967-02-01;6,8296
1967-02-02;6,8296
1967-02-03;7,6887
1967-02-04;8,1308
1967-02-05;7,3986
1967-02-06;7,1122
1967-02-07;7,1122
1967-02-08;7,9825
1967-02-09;8,8857
1967-02-10;14,047
1967-02-11;17,1104
1967-02-12;16,0631
1967-02-13;17,1104
1967-02-14;17,1104
1967-02-15;17,1104
1967-02-16;17,1104
1967-02-17;16,0631
1967-02-18;16,0631
1967-02-19;14,047
1967-02-20;12,1382
1967-02-21;13,079
1967-02-22;13,079
1967-02-23;16,0631
1967-02-24;15,0418
1967-02-25;13,5596
1967-02-26;12,1382
1967-02-27;9,9084
1967-02-28;10,3401
1967-03-01;16,0631
1967-03-02;22,1363
1967-03-03;28,9451
1967-03-04;147,745
1967-03-05;173,57
1967-03-06;103,919
1967-03-07;63,6838
1967-03-08;46,1613
1967-03-09;37,8831
1967-03-10;34,3345
1967-03-11;27,0178
1967-03-12;25,1428
1967-03-13;23,3209
1967-03-14;20,976
1967-03-15;19,2817
1967-03-16;18,1834
1967-03-17;17,1104
1967-03-18;15,5492
1967-03-19;14,047
1967-03-20;12,6051
1967-03-21;11,6781
1967-03-22;12,1382
1967-03-23;9,9084
1967-03-24;9,4839
1967-03-25;11,6781
1967-03-26;9,9084
1967-03-27;8,8857
1967-03-28;8,5811
1967-03-29;8,28
1967-03-30;7,6887
1967-03-31;8,1308
1967-04-01;8,1308
1967-04-02;8,5811
1967-04-03;9,4839
1967-04-04;12,6051
1967-04-05;16,5835
1967-04-06;16,0631
1967-04-07;15,0418
1967-04-08;14,047
1967-04-09;12,6051
1967-04-10;11,2251
1967-04-11;10,3401
1967-04-12;10,3401
1967-04-13;11,6781
1967-04-14;11,2251
1967-04-15;10,3401
1967-04-16;9,4839
1967-04-17;8,8857
1967-04-18;8,4301
1967-04-19;7,9825
1967-04-20;7,5432
1967-04-21;7,8352
1967-04-22;7,5432
1967-04-23;7,1122
1967-04-24;6,8296
1967-04-25;6,5509
1967-04-26;6,5509
1967-04-27;7,1122
1967-04-28;6,8296
1967-04-29;6,6898
1967-04-30;6,5509
1967-05-01;6,2761
1967-05-02;6,2761
1967-05-03;6,5509
1967-05-04;6,5509
1967-05-05;6,2761
1967-05-06;6,413
1967-05-07;6,9705
1967-05-08;6,5509
1967-05-09;6,2761
1967-05-10;6,2761
1967-05-11;6,0052
1967-05-12;5,7383
1967-05-13;6,0052
1967-05-14;6,2761
1967-05-15;6,0052
1967-05-16;6,0052
1967-05-17;6,2761
1967-05-18;6,0052
1967-05-19;6,0052
1967-05-20;6,2761
1967-05-21;6,6898
1967-05-22;7,1122
1967-05-23;7,3986
1967-05-24;8,4301
1967-05-25;18,7294
1967-05-26;17,1104
1967-05-27;14,5411
1967-05-28;13,079
1967-05-29;10,7791
1967-05-30;9,0394
1967-05-31;8,5811
1967-06-01;10,7791
1967-06-02;18,7294
1967-06-03;49,3281
1967-06-04;121,637
1967-06-05;93,4051
1967-06-06;48,5287
1967-06-07;50,1326
1967-06-08;46,9453
1967-06-09;44,6088
1967-06-10;41,5666
1967-06-11;39,3404
1967-06-12;35,7376
1967-06-13;32,9536
1967-06-14;30,9239
1967-06-15;28,9451
1967-06-16;25,7619
1967-06-17;20,405
1967-06-18;17,1104
1967-06-19;14,047
1967-06-20;12,1382
1967-06-21;9,9084
1967-06-22;9,4839
1967-06-23;9,4839
1967-06-24;8,8857
1967-06-25;8,5811
1967-06-26;7,9825
1967-06-27;7,8352
1967-06-28;7,9825
1967-06-29;8,733
1967-06-30;9,4839
1967-07-01;8,8857
1967-07-02;8,4301
1967-07-03;7,8352
1967-07-04;7,3986
1967-07-05;7,1122
1967-07-06;7,5432
1967-07-07;7,6887
1967-07-08;7,8352
1967-07-09;18,1834
1967-07-10;283,061
1967-07-11;334,469
1967-07-12;97,5578
1967-07-13;91,3553
1967-07-14;57,5995
1967-07-15;46,9453
1967-07-16;41,5666
1967-07-17;33,6413
1967-07-18;32,9536
1967-07-19;38,6091
1967-07-20;59,3135
1967-07-21;142,851
1967-07-22;119,363
1967-07-23;90,3371
1967-07-24;90,3371
1967-07-25;71,8529
1967-07-26;59,3135
1967-07-27;47,7344
1967-07-28;42,3193
1967-07-29;39,3404
1967-07-30;36,4473
1967-07-31;33,6413
1967-08-01;30,9239
1967-08-02;28,9451
1967-08-03;25,7619
1967-08-04;19,2817
1967-08-05;17,1104
1967-08-06;15,0418
1967-08-07;14,047
1967-08-08;13,079
1967-08-09;10,7791
1967-08-10;11,2251
1967-08-11;11,2251
1967-08-12;33,6413
1967-08-13;35,7376
1967-08-14;35,7376
1967-08-15;28,2969
1967-08-16;30,9239
1967-08-17;37,1625
1967-08-18;25,7619
1967-08-19;22,7256
1967-08-20;29,599
1967-08-21;62,8
1967-08-22;476,715
1967-08-23;661,466
1967-08-24;334,469
1967-08-25;187,477
1967-08-26;140,429
1967-08-27;119,363
1967-08-28;80,4025
1967-08-29;61,9211
1967-08-30;78,4702
1967-08-31;79,434
1967-09-01;119,363
1967-09-02;345,301
1967-09-03;451,138
1967-09-04;757,682
1967-09-05;492,423
1967-09-06;243,398
1967-09-07;157,724
1967-09-08;139,223
1967-09-09;170,557
1967-09-10;127,396
1967-09-11;95,4726
1967-09-12;201,957
1967-09-13;356,318
1967-09-14;229,126
1967-09-15;157,724
1967-09-16;119,363
1967-09-17;140,429
1967-09-18;1117,02
1967-09-19;2074,19
1967-09-20;1390,54
1967-09-21;724,835
1967-09-22;463,833
1967-09-23;195,451
1967-09-24;157,724
1967-09-25;128,56
1967-09-26;110,435
1967-09-27;97,5578
1967-09-28;87,3093
1967-09-29;77,5109
1967-09-30;59,3135
1967-10-01;60,1778
1967-10-02;56,7499
1967-10-03;77,5109
1967-10-04;101,781
1967-10-05;102,848
1967-10-06;95,4726
1967-10-07;81,3755
1967-10-08;81,3755
1967-10-09;98,607
1967-10-10;97,5578
1967-10-11;77,5109
1967-10-12;57,5995
1967-10-13;49,3281
1967-10-14;44,6088
1967-10-15;42,3193
1967-10-16;57,5995
1967-10-17;90,3371
1967-10-18;96,513
1967-10-19;106,074
1967-10-20;126,236
1967-10-21;103,919
1967-10-22;89,3233
1967-10-23;75,6063
1967-10-24;61,047
1967-10-25;55,0656
1967-10-26;46,9453
1967-10-27;43,0772
1967-10-28;31,5949
1967-10-29;37,8831
1967-10-30;49,3281
1967-10-31;43,8404
1967-11-01;37,8831
1967-11-02;30,9239
1967-11-03;27,6544
1967-11-04;22,7256
1967-11-05;18,1834
1967-11-06;17,1104
1967-11-07;17,1104
1967-11-08;21,5531
1967-11-09;30,2586
1967-11-10;28,2969
1967-11-11;27,6544
1967-11-12;38,6091
1967-11-13;47,7344
1967-11-14;43,0772
1967-11-15;40,8192
1967-11-16;36,4473
1967-11-17;24,5296
1967-11-18;22,7256
1967-11-19;21,5531
1967-11-20;20,405
1967-11-21;18,1834
1967-11-22;16,5835
1967-11-23;16,0631
1967-11-24;20,405
1967-11-25;18,1834
1967-11-26;15,5492
1967-11-27;16,5835
1967-11-28;17,1104
1967-11-29;22,1363
1967-11-30;39,3404
1967-12-01;25,1428
1967-12-02;50,9422
1967-12-03;218,723
1967-12-04;173,57
1967-12-05;120,498
1967-12-06;88,3141
1967-12-07;62,8
1967-12-08;55,0656
1967-12-09;68,1746
1967-12-10;55,9053
1967-12-11;41,5666
1967-12-12;33,6413
1967-12-13;30,2586
1967-12-14;27,6544
1967-12-15;23,9223
1967-12-16;22,1363
1967-12-17;20,405
1967-12-18;19,2817
1967-12-19;17,1104
1967-12-20;17,1104
1967-12-21;19,8403
1967-12-22;18,1834
1967-12-23;17,1104
1967-12-24;15,5492
1967-12-25;14,047
1967-12-26;12,1382
1967-12-27;9,4839
1967-12-28;8,8857
1967-12-29;7,9825
1967-12-30;7,8352
1967-12-31;7,6887
1968-01-01;7,6887
1968-01-02;8,5811
1968-01-03;8,8857
1968-01-04;7,9825
1968-01-05;15,0418
1968-01-06;13,079
1968-01-07;10,3401
1968-01-08;8,4301
1968-01-09;7,8352
1968-01-10;7,6887
1968-01-11;7,1122
1968-01-12;7,9825
1968-01-13;25,7619
1968-01-14;46,9453
1968-01-15;25,7619
1968-01-16;25,1428
1968-01-17;18,1834
1968-01-18;16,0631
1968-01-19;13,079
1968-01-20;9,9084
1968-01-21;7,9825
1968-01-22;7,3986
1968-01-23;7,1122
1968-01-24;7,1122
1968-01-25;7,1122
1968-01-26;7,8352
1968-01-27;8,4301
1968-01-28;9,4839
1968-01-29;8,5811
1968-01-30;7,5432
1968-01-31;7,1122
1968-02-01;7,9825
1968-02-02;8,28
1968-02-03;7,255
1968-02-04;6,8296
1968-02-05;6,5509
1968-02-06;6,5509
1968-02-07;6,8296
1968-02-08;6,2761
1968-02-09;6,413
1968-02-10;7,3986
1968-02-11;7,1122
1968-02-12;7,1122
1968-02-13;11,2251
1968-02-14;19,2817
1968-02-15;20,405
1968-02-16;17,1104
1968-02-17;15,5492
1968-02-18;13,079
1968-02-19;10,7791
1968-02-20;9,0394
1968-02-21;8,1308
1968-02-22;7,9825
1968-02-23;7,8352
1968-02-24;7,3986
1968-02-25;7,1122
1968-02-26;6,8296
1968-02-27;6,6898
1968-02-28;6,8296
1968-02-29;6,2761
1968-03-01;6,2761
1968-03-02;6,6898
1968-03-03;6,5509
1968-03-04;6,2761
1968-03-05;6,2761
1968-03-06;6,413
1968-03-07;6,2761
1968-03-08;6,5509
1968-03-09;6,8296
1968-03-10;6,5509
1968-03-11;6,6898
1968-03-12;7,5432
1968-03-13;7,1122
1968-03-14;6,8296
1968-03-15;6,8296
1968-03-16;7,3986
1968-03-17;7,8352
1968-03-18;7,3986
1968-03-19;7,1122
1968-03-20;7,5432
1968-03-21;7,9825
1968-03-22;8,5811
1968-03-23;12,1382
1968-03-24;13,5596
1968-03-25;11,6781
1968-03-26;12,1382
1968-03-27;13,079
1968-03-28;22,7256
1968-03-29;32,9536
1968-03-30;46,1613
1968-03-31;61,047
1968-04-01;53,4012
1968-04-02;57,5995
1968-04-03;55,9053
1968-04-04;44,6088
1968-04-05;37,1625
1968-04-06;26,3869
1968-04-07;22,7256
1968-04-08;17,1104
1968-04-09;11,2251
1968-04-10;7,9825
1968-04-11;7,3986
1968-04-12;6,8296
1968-04-13;6,5509
1968-04-14;6,5509
1968-04-15;7,1122
1968-04-16;6,8296
1968-04-17;6,5509
1968-04-18;6,6898
1968-04-19;7,1122
1968-04-20;13,079
1968-04-21;20,976
1968-04-22;18,1834
1968-04-23;15,0418
1968-04-24;11,6781
1968-04-25;9,0394
1968-04-26;8,4301
1968-04-27;7,8352
1968-04-28;8,5811
1968-04-29;127,396
1968-04-30;104,994
1968-05-01;106,074
1968-05-02;50,9422
1968-05-03;42,3193
1968-05-04;35,7376
1968-05-05;30,2586
1968-05-06;23,9223
1968-05-07;18,1834
1968-05-08;15,0418
1968-05-09;13,079
1968-05-10;11,6781
1968-05-11;9,4839
1968-05-12;8,5811
1968-05-13;8,1308
1968-05-14;7,6887
1968-05-15;7,9825
1968-05-16;8,5811
1968-05-17;10,7791
1968-05-18;10,3401
1968-05-19;9,9084
1968-05-20;8,8857
1968-05-21;8,4301
1968-05-22;7,8352
1968-05-23;7,3986
1968-05-24;7,1122
1968-05-25;7,3986
1968-05-26;9,0394
1968-05-27;17,1104
1968-05-28;23,9223
1968-05-29;22,1363
1968-05-30;17,1104
1968-05-31;13,5596
1968-06-01;10,3401
1968-06-02;9,4839
1968-06-03;8,8857
1968-06-04;8,5811
1968-06-05;8,1308
1968-06-06;8,5811
1968-06-07;14,047
1968-06-08;46,9453
1968-06-09;45,3825
1968-06-10;48,5287
1968-06-11;43,8404
1968-06-12;40,8192
1968-06-13;35,7376
1968-06-14;33,6413
1968-06-15;32,9536
1968-06-16;30,9239
1968-06-17;28,2969
1968-06-18;30,2586
1968-06-19;50,9422
1968-06-20;59,3135
1968-06-21;50,9422
1968-06-22;43,8404
1968-06-23;40,8192
1968-06-24;37,8831
1968-06-25;32,9536
1968-06-26;30,9239
1968-06-27;27,6544
1968-06-28;23,3209
1968-06-29;26,3869
1968-06-30;23,9223
1968-07-01;20,976
1968-07-02;18,1834
1968-07-03;15,5492
1968-07-04;14,047
1968-07-05;20,976
1968-07-06;45,3825
1968-07-07;61,9211
1968-07-08;133,258
1968-07-09;446,113
1968-07-10;250,706
1968-07-11;146,515
1968-07-12;99,6606
1968-07-13;79,434
1968-07-14;58,4541
1968-07-15;47,7344
1968-07-16;37,1625
1968-07-17;30,2586
1968-07-18;27,0178
1968-07-19;23,9223
1968-07-20;20,976
1968-07-21;24,5296
1968-07-22;22,7256
1968-07-23;21,5531
1968-07-24;19,8403
1968-07-25;16,5835
1968-07-26;15,0418
1968-07-27;14,5411
1968-07-28;14,047
1968-07-29;13,079
1968-07-30;11,6781
1968-07-31;10,7791
1968-08-01;11,6781
1968-08-02;9,9084
1968-08-03;8,8857
1968-08-04;8,1308
1968-08-05;7,6887
1968-08-06;7,3986
1968-08-07;7,1122
1968-08-08;6,8296
1968-08-09;7,1122
1968-08-10;7,5432
1968-08-11;7,3986
1968-08-12;7,8352
1968-08-13;7,3986
1968-08-14;7,1122
1968-08-15;7,6887
1968-08-16;7,6887
1968-08-17;7,1122
1968-08-18;6,8296
1968-08-19;6,8296
1968-08-20;6,8296
1968-08-21;6,8296
1968-08-22;6,5509
1968-08-23;6,5509
1968-08-24;6,5509
1968-08-25;6,413
1968-08-26;6,2761
1968-08-27;6,0052
1968-08-28;6,2761
1968-08-29;6,2761
1968-08-30;6,0052
1968-08-31;5,7383
1968-09-01;5,7383
1968-09-02;5,7383
1968-09-03;5,4755
1968-09-04;5,4755
1968-09-05;5,4755
1968-09-06;5,4755
1968-09-07;6,0052
1968-09-08;5,7383
1968-09-09;5,4755
1968-09-10;5,4755
1968-09-11;6,1401
1968-09-12;10,3401
1968-09-13;57,5995
1968-09-14;100,718
1968-09-15;135,632
1968-09-16;119,363
1968-09-17;92,378
1968-09-18;70,9263
1968-09-19;58,4541
1968-09-20;87,3093
1968-09-21;122,781
1968-09-22;99,6606
1968-09-23;66,364
1968-09-24;55,0656
1968-09-25;37,1625
1968-09-26;30,2586
1968-09-27;38,6091
1968-09-28;33,6413
1968-09-29;37,1625
1968-09-30;32,2714
1968-10-01;28,2969
1968-10-02;22,7256
1968-10-03;17,1104
1968-10-04;13,079
1968-10-05;11,6781
1968-10-06;13,5596
1968-10-07;17,1104
1968-10-08;16,5835
1968-10-09;20,405
1968-10-10;21,5531
1968-10-11;18,1834
1968-10-12;12,1382
1968-10-13;9,9084
1968-10-14;9,4839
1968-10-15;8,8857
1968-10-16;9,4839
1968-10-17;8,8857
1968-10-18;9,0394
1968-10-19;11,6781
1968-10-20;12,6051
1968-10-21;16,0631
1968-10-22;15,0418
1968-10-23;11,2251
1968-10-24;8,8857
1968-10-25;8,28
1968-10-26;8,5811
1968-10-27;16,5835
1968-10-28;14,047
1968-10-29;23,9223
1968-10-30;69,0871
1968-10-31;81,3755
1968-11-01;79,434
1968-11-02;81,3755
1968-11-03;72,7843
1968-11-04;111,536
1968-11-05;210,251
1968-11-06;175,087
1968-11-07;299,014
1968-11-08;269,485
1968-11-09;232,65
1968-11-10;237,992
1968-11-11;167,957
1968-11-12;128,56
1968-11-13;87,3093
1968-11-14;68,1746
1968-11-15;56,7499
1968-11-16;46,9453
1968-11-17;41,5666
1968-11-18;32,2714
1968-11-19;27,6544
1968-11-20;25,1428
1968-11-21;22,7256
1968-11-22;18,7294
1968-11-23;17,1104
1968-11-24;12,1382
1968-11-25;9,9084
1968-11-26;8,8857
1968-11-27;8,4301
1968-11-28;12,1382
1968-11-29;18,7294
1968-11-30;18,1834
1968-12-01;10,7791
1968-12-02;11,2251
1968-12-03;11,2251
1968-12-04;9,0394
1968-12-05;8,8857
1968-12-06;8,4301
1968-12-07;7,9825
1968-12-08;7,6887
1968-12-09;7,3986
1968-12-10;7,6887
1968-12-11;7,3986
1968-12-12;7,1122
1968-12-13;7,5432
1968-12-14;7,9825
1968-12-15;7,9825
1968-12-16;8,1308
1968-12-17;7,6887
1968-12-18;7,6887
1968-12-19;7,3986
1968-12-20;7,8352
1968-12-21;9,4839
1968-12-22;10,7791
1968-12-23;7,6887
1968-12-24;8,8857
1968-12-25;23,9223
1968-12-26;19,2817
1968-12-27;17,1104
1968-12-28;17,1104
1968-12-29;13,5596
1968-12-30;11,6781
1968-12-31;9,9084
1969-01-01;11,6781
1969-01-02;12,1382
1969-01-03;9,9084
1969-01-04;9,4839
1969-01-05;31,5949
1969-01-06;254,404
1969-01-07;184,337
1969-01-08;108,246
1969-01-09;70,9263
1969-01-10;78,4702
1969-01-11;140,429
1969-01-12;104,994
1969-01-13;71,8529
1969-01-14;50,1326
1969-01-15;43,8404
1969-01-16;39,3404
1969-01-17;29,599
1969-01-18;27,0178
1969-01-19;22,1363
1969-01-20;18,1834
1969-01-21;16,0631
1969-01-22;14,047
1969-01-23;10,7791
1969-01-24;9,0394
1969-01-25;9,9084
1969-01-26;8,8857
1969-01-27;8,4301
1969-01-28;16,5835
1969-01-29;13,5596
1969-01-30;11,6781
1969-01-31;9,9084
1969-02-01;29,599
1969-02-02;63,6838
1969-02-03;46,9453
1969-02-04;37,1625
1969-02-05;25,1428
1969-02-06;27,6544
1969-02-07;37,1625
1969-02-08;91,3553
1969-02-09;203,602
1969-02-10;144,068
1969-02-11;95,4726
1969-02-12;93,4051
1969-02-13;74,661
1969-02-14;55,9053
1969-02-15;50,9422
1969-02-16;99,6606
1969-02-17;201,957
1969-02-18;441,118
1969-02-19;351,889
1969-02-20;211,931
1969-02-21;130,901
1969-02-22;87,3093
1969-02-23;76,5563
1969-02-24;59,3135
1969-02-25;43,8404
1969-02-26;39,3404
1969-02-27;36,4473
1969-02-28;32,2714
1969-03-01;29,599
1969-03-02;27,0178
1969-03-03;23,9223
1969-03-04;19,2817
1969-03-05;18,1834
1969-03-06;15,5492
1969-03-07;13,5596
1969-03-08;11,6781
1969-03-09;9,9084
1969-03-10;8,8857
1969-03-11;8,5811
1969-03-12;8,28
1969-03-13;7,9825
1969-03-14;7,5432
1969-03-15;7,1122
1969-03-16;7,3986
1969-03-17;7,1122
1969-03-18;7,3986
1969-03-19;7,255
1969-03-20;7,3986
1969-03-21;7,6887
1969-03-22;13,079
1969-03-23;18,7294
1969-03-24;14,5411
1969-03-25;9,9084
1969-03-26;11,2251
1969-03-27;10,7791
1969-03-28;12,1382
1969-03-29;38,6091
1969-03-30;45,3825
1969-03-31;54,2309
1969-04-01;122,781
1969-04-02;97,5578
1969-04-03;78,4702
1969-04-04;64,5724
1969-04-05;47,7344
1969-04-06;39,3404
1969-04-07;27,6544
1969-04-08;26,3869
1969-04-09;19,2817
1969-04-10;12,6051
1969-04-11;9,4839
1969-04-12;8,5811
1969-04-13;7,9825
1969-04-14;8,28
1969-04-15;7,8352
1969-04-16;7,3986
1969-04-17;7,1122
1969-04-18;6,8296
1969-04-19;6,5509
1969-04-20;6,8296
1969-04-21;7,6887
1969-04-22;8,4301
1969-04-23;8,28
1969-04-24;8,733
1969-04-25;14,047
1969-04-26;8,8857
1969-04-27;8,1308
1969-04-28;7,6887
1969-04-29;7,9825
1969-04-30;7,5432
1969-05-01;7,5432
1969-05-02;7,1122
1969-05-03;8,733
1969-05-04;35,7376
1969-05-05;46,1613
1969-05-06;36,4473
1969-05-07;29,599
1969-05-08;25,1428
1969-05-09;20,976
1969-05-10;18,1834
1969-05-11;35,7376
1969-05-12;55,0656
1969-05-13;54,2309
1969-05-14;72,7843
1969-05-15;64,5724
1969-05-16;46,9453
1969-05-17;35,7376
1969-05-18;25,1428
1969-05-19;19,2817
1969-05-20;16,5835
1969-05-21;14,5411
1969-05-22;12,6051
1969-05-23;12,1382
1969-05-24;16,5835
1969-05-25;14,047
1969-05-26;16,5835
1969-05-27;19,2817
1969-05-28;18,1834
1969-05-29;15,5492
1969-05-30;20,405
1969-05-31;81,3755
1969-06-01;115,983
1969-06-02;99,6606
1969-06-03;79,434
1969-06-04;59,3135
1969-06-05;47,7344
1969-06-06;40,0772
1969-06-07;39,3404
1969-06-08;47,7344
1969-06-09;46,9453
1969-06-10;43,0772
1969-06-11;39,3404
1969-06-12;33,6413
1969-06-13;32,9536
1969-06-14;91,3553
1969-06-15;150,216
1969-06-16;134,443
1969-06-17;134,443
1969-06-18;128,56
1969-06-19;125,08
1969-06-20;101,781
1969-06-21;83,3353
1969-06-22;71,8529
1969-06-23;61,9211
1969-06-24;55,9053
1969-06-25;46,9453
1969-06-26;40,8192
1969-06-27;37,8831
1969-06-28;35,7376
1969-06-29;34,3345
1969-06-30;30,9239
1969-07-01;25,1428
1969-07-02;19,8403
1969-07-03;18,1834
1969-07-04;16,5835
1969-07-05;15,0418
1969-07-06;17,6437
1969-07-07;30,9239
1969-07-08;42,3193
1969-07-09;34,3345
1969-07-10;36,4473
1969-07-11;45,3825
1969-07-12;40,8192
1969-07-13;37,8831
1969-07-14;35,7376
1969-07-15;32,2714
1969-07-16;30,2586
1969-07-17;28,2969
1969-07-18;25,7619
1969-07-19;23,9223
1969-07-20;20,976
1969-07-21;20,976
1969-07-22;19,2817
1969-07-23;16,0631
1969-07-24;17,1104
1969-07-25;16,0631
1969-07-26;14,5411
1969-07-27;13,079
1969-07-28;12,1382
1969-07-29;10,3401
1969-07-30;9,4839
1969-07-31;8,8857
1969-08-01;13,5596
1969-08-02;16,5835
1969-08-03;22,7256
1969-08-04;19,8403
1969-08-05;17,1104
1969-08-06;22,1363
1969-08-07;21,5531
1969-08-08;23,3209
1969-08-09;27,6544
1969-08-10;25,1428
1969-08-11;23,9223
1969-08-12;25,1428
1969-08-13;22,7256
1969-08-14;19,8403
1969-08-15;18,1834
1969-08-16;16,0631
1969-08-17;13,5596
1969-08-18;11,2251
1969-08-19;8,8857
1969-08-20;8,4301
1969-08-21;7,9825
1969-08-22;8,28
1969-08-23;8,5811
1969-08-24;8,8857
1969-08-25;8,5811
1969-08-26;8,1308
1969-08-27;7,6887
1969-08-28;7,8352
1969-08-29;7,3986
1969-08-30;7,1122
1969-08-31;6,8296
1969-09-01;6,8296
1969-09-02;7,1122
1969-09-03;7,3986
1969-09-04;7,3986
1969-09-05;7,1122
1969-09-06;7,1122
1969-09-07;8,5811
1969-09-08;258,131
1969-09-09;172,06
1969-09-10;77,5776
1969-09-11;62,6733
1969-09-12;51,8041
1969-09-13;42,0318
1969-09-14;37,2189
1969-09-15;30,8821
1969-09-16;24,0848
1969-09-17;21,2354
1969-09-18;20,3207
1969-09-19;34,6084
1969-09-20;155,915
1969-09-21;148,856
1969-09-22;88,8135
1969-09-23;68,9853
1969-09-24;53,4045
1969-09-25;42,745
1969-09-26;40,6248
1969-09-27;37,8873
1969-09-28;37,2189
1969-09-29;42,745
1969-09-30;37,8873
1969-10-01;35,2515
1969-10-02;32,099
1969-10-03;27,3814
1969-10-04;24,0848
1969-10-05;20,7758
1969-10-06;18,982
1969-10-07;16,4257
1969-10-08;15,6098
1969-10-09;16,8404
1969-10-10;14,8123
1969-10-11;12,8992
1969-10-12;12,1667
1969-10-13;11,8075
1969-10-14;10,7584
1969-10-15;10,083
1969-10-16;10,083
1969-10-17;10,083
1969-10-18;9,4268
1969-10-19;9,4268
1969-10-20;8,3709
1969-10-21;7,3767
1969-10-22;8,7069
1969-10-23;8,7069
1969-10-24;8,3709
1969-10-25;8,0372
1969-10-26;7,3767
1969-10-27;6,726
1969-10-28;6,0856
1969-10-29;5,4562
1969-10-30;5,7695
1969-10-31;5,4562
1969-11-01;6,0856
1969-11-02;16,4257
1969-11-03;15,2087
1969-11-04;14,0331
1969-11-05;11,8075
1969-11-06;11,4531
1969-11-07;16,8404
1969-11-08;51,0136
1969-11-09;232,65
1969-11-10;163,148
1969-11-11;94,1896
1969-11-12;55,8539
1969-11-13;44,9228
1969-11-14;39,9309
1969-11-15;32,7169
1969-11-16;30,283
1969-11-17;27,9493
1969-11-18;24,6352
1969-11-19;21,2354
1969-11-20;18,5447
1969-11-21;16,0155
1969-11-22;18,5447
1969-11-23;23,5989
1969-11-24;21,2354
1969-11-25;18,5447
1969-11-26;15,6098
1969-11-27;13,6505
1969-11-28;11,8075
1969-11-29;11,4531
1969-11-30;16,4257
1969-12-01;16,0155
1969-12-02;14,8123
1969-12-03;14,4204
1969-12-04;13,6505
1969-12-05;12,8992
1969-12-06;10,083
1969-12-07;8,0372
1969-12-08;8,3709
1969-12-09;8,3709
1969-12-10;10,4183
1969-12-11;11,4531
1969-12-12;12,5306
1969-12-13;13,6505
1969-12-14;15,2087
1969-12-15;13,6505
1969-12-16;10,7584
1969-12-17;8,0372
1969-12-18;7,0501
1969-12-19;6,0856
1969-12-20;5,4562
1969-12-21;4,2342
1969-12-22;23,5989
1969-12-23;96,3873
1969-12-24;82,5843
1969-12-25;48,6811
1969-12-26;39,9309
1969-12-27;28,5233
1969-12-28;23,1175
1969-12-29;18,5447
1969-12-30;15,2087
1969-12-31;13,6505
1970-01-01;12,8992
1970-01-02;16,0155
1970-01-03;20,7758
1970-01-04;20,7758
1970-01-05;16,4257
1970-01-06;13,2725
1970-01-07;10,7584
1970-01-08;10,083
1970-01-09;11,4531
1970-01-10;14,4204
1970-01-11;11,1034
1970-01-12;8,3709
1970-01-13;7,3767
1970-01-14;7,3767
1970-01-15;7,3767
1970-01-16;6,0856
1970-01-17;5,4562
1970-01-18;4,8387
1970-01-19;4,2342
1970-01-20;3,6437
1970-01-21;4,2342
1970-01-22;3,6437
1970-01-23;3,0687
1970-01-24;2,7877
1970-01-25;7,3767
1970-01-26;5,7695
1970-01-27;4,5348
1970-01-28;3,6437
1970-01-29;3,0687
1970-01-30;2,5113
1970-01-31;2,5113
1970-02-01;1,9739
1970-02-02;3,3541
1970-02-03;7,3767
1970-02-04;7,3767
1970-02-05;7,0501
1970-02-06;7,3767
1970-02-07;7,3767
1970-02-08;29,1037
1970-02-09;70,8483
1970-02-10;45,6615
1970-02-11;28,5233
1970-02-12;21,2354
1970-02-13;12,5306
1970-02-14;10,4183
1970-02-15;9,4268
1970-02-16;8,7069
1970-02-17;10,083
1970-02-18;29,6902
1970-02-19;23,5989
1970-02-20;19,4238
1970-02-21;15,2087
1970-02-22;12,5306
1970-02-23;10,7584
1970-02-24;9,045
1970-02-25;7,3767
1970-02-26;5,7695
1970-02-27;4,8387
1970-02-28;3,9371
1970-03-01;3,0687
1970-03-02;3,0687
1970-03-03;3,3541
1970-03-04;2,5113
1970-03-05;1,9739
1970-03-06;1,9739
1970-03-07;2,2399
1970-03-08;1,9739
1970-03-09;2,5113
1970-03-10;3,0687
1970-03-11;4,2342
1970-03-12;25,7151
1970-03-13;39,2433
1970-03-14;33,9716
1970-03-15;30,283
1970-03-16;29,1037
1970-03-17;44,1904
1970-03-18;50,2296
1970-03-19;41,3251
1970-03-20;32,099
1970-03-21;35,901
1970-03-22;55,8539
1970-03-23;45,6615
1970-03-24;35,2515
1970-03-25;29,1037
1970-03-26;24,0848
1970-03-27;19,4238
1970-03-28;16,8404
1970-03-29;14,0331
1970-03-30;12,8992
1970-03-31;9,4268
1970-04-01;8,0372
1970-04-02;9,4268
1970-04-03;17,6836
1970-04-04;18,5447
1970-04-05;14,0331
1970-04-06;12,8992
1970-04-07;11,1034
1970-04-08;9,4268
1970-04-09;7,7058
1970-04-10;6,0856
1970-04-11;5,4562
1970-04-12;4,2342
1970-04-13;3,6437
1970-04-14;3,6437
1970-04-15;4,2342
1970-04-16;3,9371
1970-04-17;3,6437
1970-04-18;4,2342
1970-04-19;4,8387
1970-04-20;4,2342
1970-04-21;3,6437
1970-04-22;3,3541
1970-04-23;4,2342
1970-04-24;3,6437
1970-04-25;3,6437
1970-04-26;3,6437
1970-04-27;8,3709
1970-04-28;7,3767
1970-04-29;6,0856
1970-04-30;5,4562
1970-05-01;4,8387
1970-05-02;4,2342
1970-05-03;3,9371
1970-05-04;16,8404
1970-05-05;197,067
1970-05-06;135,261
1970-05-07;88,8135
1970-05-08;53,4045
1970-05-09;46,4068
1970-05-10;39,9309
1970-05-11;35,2515
1970-05-12;30,283
1970-05-13;27,3814
1970-05-14;24,6352
1970-05-15;26,8198
1970-05-16;30,283
1970-05-17;82,5843
1970-05-18;166,091
1970-05-19;213,618
1970-05-20;358,543
1970-05-21;170,557
1970-05-22;106,613
1970-05-23;88,8135
1970-05-24;68,0638
1970-05-25;43,4645
1970-05-26;40,6248
1970-05-27;55,8539
1970-05-28;56,6835
1970-05-29;43,4645
1970-05-30;40,6248
1970-05-31;43,4645
1970-06-01;39,9309
1970-06-02;36,5568
1970-06-03;36,5568
1970-06-04;36,5568
1970-06-05;104,293
1970-06-06;137,924
1970-06-07;99,7346
1970-06-08;60,0669
1970-06-09;45,6615
1970-06-10;37,2189
1970-06-11;33,9716
1970-06-12;39,2433
1970-06-13;30,8821
1970-06-14;40,6248
1970-06-15;63,5552
1970-06-16;56,6835
1970-06-17;45,6615
1970-06-18;61,7979
1970-06-19;70,8483
1970-06-20;61,7979
1970-06-21;79,5602
1970-06-22;414,182
1970-06-23;367,519
1970-06-24;193,842
1970-06-25;136,589
1970-06-26;116,165
1970-06-27;99,7346
1970-06-28;80,5616
1970-06-29;95,285
1970-06-30;75,6217
1970-07-01;153,07
1970-07-02;163,148
1970-07-03;131,318
1970-07-04;102,0
1970-07-05;102,0
1970-07-06;93,1009
1970-07-07;126,157
1970-07-08;345,301
1970-07-09;363,016
1970-07-10;241,588
1970-07-11;140,616
1970-07-12;84,6339
1970-07-13;78,5656
1970-07-14;70,8483
1970-07-15;55,0309
1970-07-16;47,1584
1970-07-17;40,6248
1970-07-18;36,5568
1970-07-19;33,3411
1970-07-20;32,099
1970-07-21;36,5568
1970-07-22;37,2189
1970-07-23;33,3411
1970-07-24;27,3814
1970-07-25;24,6352
1970-07-26;21,6993
1970-07-27;19,87
1970-07-28;21,2354
1970-07-29;33,3411
1970-07-30;148,856
1970-07-31;122,358
1970-08-01;116,165
1970-08-02;90,9437
1970-08-03;73,6924
1970-08-04;56,6835
1970-08-05;61,7979
1970-08-06;61,7979
1970-08-07;81,5696
1970-08-08;87,7585
1970-08-09;70,8483
1970-08-10;65,3389
1970-08-11;60,0669
1970-08-12;55,0309
1970-08-13;48,6811
1970-08-14;45,6615
1970-08-15;41,3251
1970-08-16;37,8873
1970-08-17;34,6084
1970-08-18;30,8821
1970-08-19;21,6993
1970-08-20;20,3207
1970-08-21;32,099
1970-08-22;93,1009
1970-08-23;148,856
1970-08-24;118,622
1970-08-25;60,0669
1970-08-26;60,0669
1970-08-27;105,449
1970-08-28;78,5656
1970-08-29;84,6339
1970-08-30;69,9135
1970-08-31;50,2296
1970-09-01;39,9309
1970-09-02;34,6084
1970-09-03;32,099
1970-09-04;27,9493
1970-09-05;25,1721
1970-09-06;25,7151
1970-09-07;34,6084
1970-09-08;38,5622
1970-09-09;36,5568
1970-09-10;32,7169
1970-09-11;30,283
1970-09-12;27,9493
1970-09-13;26,2644
1970-09-14;24,6352
1970-09-15;21,6993
1970-09-16;24,6352
1970-09-17;21,6993
1970-09-18;19,87
1970-09-19;25,1721
1970-09-20;33,9716
1970-09-21;38,5622
1970-09-22;33,3411
1970-09-23;21,6993
1970-09-24;19,87
1970-09-25;18,5447
1970-09-26;16,8404
1970-09-27;16,8404
1970-09-28;19,87
1970-09-29;18,1119
1970-09-30;16,8404
1970-10-01;19,87
1970-10-02;39,9309
1970-10-03;81,5696
1970-10-04;72,7377
1970-10-05;55,0309
1970-10-06;47,1584
1970-10-07;45,6615
1970-10-08;37,8873
1970-10-09;35,2515
1970-10-10;32,099
1970-10-11;27,9493
1970-10-12;26,2644
1970-10-13;21,2354
1970-10-14;18,5447
1970-10-15;17,2597
1970-10-16;30,283
1970-10-17;87,7585
1970-10-18;260,005
1970-10-19;185,904
1970-10-20;117,39
1970-10-21;88,8135
1970-10-22;98,6121
1970-10-23;74,6537
1970-10-24;52,6011
1970-10-25;42,745
1970-10-26;35,901
1970-10-27;28,5233
1970-10-28;23,1175
1970-10-29;18,5447
1970-10-30;16,4257
1970-10-31;15,2087
1970-11-01;15,2087
1970-11-02;19,4238
1970-11-03;18,5447
1970-11-04;17,6836
1970-11-05;16,4257
1970-11-06;15,2087
1970-11-07;14,0331
1970-11-08;12,5306
1970-11-09;11,4531
1970-11-10;12,1667
1970-11-11;11,4531
1970-11-12;10,7584
1970-11-13;11,4531
1970-11-14;10,4183
1970-11-15;9,4268
1970-11-16;8,7069
1970-11-17;8,0372
1970-11-18;7,3767
1970-11-19;6,0856
1970-11-20;5,4562
1970-11-21;4,8387
1970-11-22;5,4562
1970-11-23;6,0856
1970-11-24;5,4562
1970-11-25;4,8387
1970-11-26;5,4562
1970-11-27;5,4562
1970-11-28;6,0856
1970-11-29;6,726
1970-11-30;8,0372
1970-12-01;7,0501
1970-12-02;6,0856
1970-12-03;5,4562
1970-12-04;4,8387
1970-12-05;4,8387
1970-12-06;5,1459
1970-12-07;4,2342
1970-12-08;4,8387
1970-12-09;6,0856
1970-12-10;22,1676
1970-12-11;263,775
1970-12-12;334,469
1970-12-13;157,348
1970-12-14;99,7346
1970-12-15;93,1009
1970-12-16;86,7102
1970-12-17;167,573
1970-12-18;192,24
1970-12-19;201,957
1970-12-20;153,07
1970-12-21;193,842
1970-12-22;198,69
1970-12-23;155,915
1970-12-24;106,613
1970-12-25;107,783
1970-12-26;354,099
1970-12-27;175,087
1970-12-28;106,613
1970-12-29;84,6339
1970-12-30;75,6217
1970-12-31;68,9853
1971-01-01;63,5552
1971-01-02;67,1489
1971-01-03;56,6835
1971-01-04;49,4521
1971-01-05;57,5195
1971-01-06;61,7979
1971-01-07;58,3621
1971-01-08;64,4438
1971-01-09;61,7979
1971-01-10;67,1489
1971-01-11;66,2406
1971-01-12;51,0136
1971-01-13;55,0309
1971-01-14;54,2145
1971-01-15;55,0309
1971-01-16;45,6615
1971-01-17;41,3251
1971-01-18;36,5568
1971-01-19;33,9716
1971-01-20;32,099
1971-01-21;32,099
1971-01-22;42,0318
1971-01-23;37,2189
1971-01-24;35,2515
1971-01-25;33,9716
1971-01-26;35,2515
1971-01-27;32,099
1971-01-28;16,8404
1971-01-29;16,8404
1971-01-30;21,2354
1971-01-31;21,2354
1971-02-01;20,3207
1971-02-02;24,6352
1971-02-03;27,3814
1971-02-04;31,4874
1971-02-05;29,6902
1971-02-06;33,3411
1971-02-07;30,8821
1971-02-08;27,3814
1971-02-09;25,7151
1971-02-10;29,1037
1971-02-11;42,745
1971-02-12;68,0638
1971-02-13;74,6537
1971-02-14;99,7346
1971-02-15;97,4963
1971-02-16;74,6537
1971-02-17;62,6733
1971-02-18;50,2296
1971-02-19;37,2189
1971-02-20;33,9716
1971-02-21;30,8821
1971-02-22;24,6352
1971-02-23;27,9493
1971-02-24;35,2515
1971-02-25;35,901
1971-02-26;26,8198
1971-02-27;20,7758
1971-02-28;17,6836
1971-03-01;15,6098
1971-03-02;14,0331
1971-03-03;12,8992
1971-03-04;13,6505
1971-03-05;17,2597
1971-03-06;22,1676
1971-03-07;21,6993
1971-03-08;19,4238
1971-03-09;18,5447
1971-03-10;18,1119
1971-03-11;13,6505
1971-03-12;11,1034
1971-03-13;9,4268
1971-03-14;82,5843
1971-03-15;471,539
1971-03-16;1104,79
1971-03-17;317,52
1971-03-18;163,148
1971-03-19;117,39
1971-03-20;94,1896
1971-03-21;77,5776
1971-03-22;68,9853
1971-03-23;51,0136
1971-03-24;43,4645
1971-03-25;38,5622
1971-03-26;35,2515
1971-03-27;33,3411
1971-03-28;30,283
1971-03-29;27,9493
1971-03-30;24,6352
1971-03-31;21,6993
1971-04-01;19,87
1971-04-02;18,5447
1971-04-03;17,6836
1971-04-04;16,4257
1971-04-05;14,8123
1971-04-06;13,6505
1971-04-07;12,5306
1971-04-08;23,1175
1971-04-09;33,9716
1971-04-10;20,7758
1971-04-11;18,982
1971-04-12;17,2597
1971-04-13;15,2087
1971-04-14;12,5306
1971-04-15;12,8992
1971-04-16;305,117
1971-04-17;247,038
1971-04-18;150,254
1971-04-19;106,613
1971-04-20;66,2406
1971-04-21;65,3389
1971-04-22;65,3389
1971-04-23;60,9291
1971-04-24;56,6835
1971-04-25;49,4521
1971-04-26;42,745
1971-04-27;38,5622
1971-04-28;32,7169
1971-04-29;28,5233
1971-04-30;29,1037
1971-05-01;27,3814
1971-05-02;50,2296
1971-05-03;88,8135
1971-05-04;93,1009
1971-05-05;89,8752
1971-05-06;106,613
1971-05-07;148,856
1971-05-08;131,318
1971-05-09;113,736
1971-05-10;86,7102
1971-05-11;74,6537
1971-05-12;58,3621
1971-05-13;51,0136
1971-05-14;43,4645
1971-05-15;34,6084
1971-05-16;41,3251
1971-05-17;37,8873
1971-05-18;35,2515
1971-05-19;32,7169
1971-05-20;23,1175
1971-05-21;21,2354
1971-05-22;18,982
1971-05-23;18,5447
1971-05-24;17,6836
1971-05-25;21,6993
1971-05-26;26,8198
1971-05-27;24,0848
1971-05-28;21,2354
1971-05-29;19,4238
1971-05-30;18,1119
1971-05-31;16,8404
1971-06-01;15,6098
1971-06-02;16,8404
1971-06-03;16,8404
1971-06-04;16,4257
1971-06-05;42,745
1971-06-06;81,5696
1971-06-07;73,6924
1971-06-08;67,1489
1971-06-09;70,8483
1971-06-10;84,6339
1971-06-11;73,6924
1971-06-12;68,9853
1971-06-13;62,6733
1971-06-14;47,1584
1971-06-15;35,2515
1971-06-16;39,2433
1971-06-17;34,6084
1971-06-18;30,8821
1971-06-19;23,1175
1971-06-20;22,1676
1971-06-21;23,1175
1971-06-22;36,5568
1971-06-23;144,704
1971-06-24;130,017
1971-06-25;114,947
1971-06-26;98,6121
1971-06-27;94,1896
1971-06-28;456,194
1971-06-29;516,495
1971-06-30;438,632
1971-07-01;283,061
1971-07-02;210,251
1971-07-03;148,856
1971-07-04;323,821
1971-07-05;351,889
1971-07-06;211,931
1971-07-07;158,787
1971-07-08;139,266
1971-07-09;108,96
1971-07-10;86,7102
1971-07-11;79,5602
1971-07-12;76,5963
1971-07-13;68,9853
1971-07-14;61,7979
1971-07-15;57,5195
1971-07-16;53,4045
1971-07-17;48,6811
1971-07-18;42,745
1971-07-19;39,9309
1971-07-20;35,901
1971-07-21;33,3411
1971-07-22;30,8821
1971-07-23;27,3814
1971-07-24;26,2644
1971-07-25;23,5989
1971-07-26;22,1676
1971-07-27;22,6404
1971-07-28;30,8821
1971-07-29;35,901
1971-07-30;38,5622
1971-07-31;68,9853
1971-08-01;63,5552
1971-08-02;56,6835
1971-08-03;48,6811
1971-08-04;44,1904
1971-08-05;46,4068
1971-08-06;110,144
1971-08-07;208,578
1971-08-08;367,519
1971-08-09;438,632
1971-08-10;328,058
1971-08-11;193,842
1971-08-12;166,091
1971-08-13;532,884
1971-08-14;549,547
1971-08-15;381,206
1971-08-16;201,957
1971-08-17;153,07
1971-08-18;111,334
1971-08-19;93,1009
1971-08-20;78,5656
1971-08-21;68,9853
1971-08-22;61,7979
1971-08-23;55,8539
1971-08-24;51,8041
1971-08-25;47,9165
1971-08-26;46,4068
1971-08-27;41,3251
1971-08-28;36,5568
1971-08-29;33,3411
1971-08-30;29,6902
1971-08-31;28,5233
1971-09-01;27,3814
1971-09-02;25,7151
1971-09-03;24,0848
1971-09-04;22,6404
1971-09-05;21,2354
1971-09-06;23,1175
1971-09-07;29,6902
1971-09-08;28,5233
1971-09-09;26,8198
1971-09-10;24,6352
1971-09-11;23,1175
1971-09-12;24,6352
1971-09-13;30,283
1971-09-14;36,5568
1971-09-15;29,6902
1971-09-16;20,3207
1971-09-17;18,1119
1971-09-18;16,8404
1971-09-19;16,0155
1971-09-20;16,0155
1971-09-21;15,2087
1971-09-22;18,5447
1971-09-23;23,1175
1971-09-24;21,6993
1971-09-25;20,3207
1971-09-26;19,4238
1971-09-27;20,3207
1971-09-28;20,3207
1971-09-29;17,6836
1971-09-30;16,8404
1971-10-01;16,0155
1971-10-02;14,4204
1971-10-03;13,6505
1971-10-04;12,1667
1971-10-05;11,4531
1971-10-06;11,4531
1971-10-07;12,8992
1971-10-08;12,8992
1971-10-09;13,6505
1971-10-10;18,5447
1971-10-11;26,2644
1971-10-12;29,6902
1971-10-13;22,1676
1971-10-14;19,87
1971-10-15;18,1119
1971-10-16;15,6098
1971-10-17;14,0331
1971-10-18;12,1667
1971-10-19;10,4183
1971-10-20;8,7069
1971-10-21;8,0372
1971-10-22;7,3767
1971-10-23;6,726
1971-10-24;6,0856
1971-10-25;7,7058
1971-10-26;10,083
1971-10-27;9,4268
1971-10-28;9,4268
1971-10-29;8,7069
1971-10-30;8,0372
1971-10-31;7,3767
1971-11-01;7,0501
1971-11-02;10,083
1971-11-03;11,8075
1971-11-04;12,8992
1971-11-05;12,5306
1971-11-06;11,4531
1971-11-07;12,1667
1971-11-08;11,1034
1971-11-09;9,7524
1971-11-10;7,7058
1971-11-11;7,3767
1971-11-12;7,3767
1971-11-13;6,726
1971-11-14;6,0856
1971-11-15;5,4562
1971-11-16;5,1459
1971-11-17;5,4562
1971-11-18;5,4562
1971-11-19;5,4562
1971-11-20;5,4562
1971-11-21;6,0856
1971-11-22;5,4562
1971-11-23;4,8387
1971-11-24;4,2342
1971-11-25;4,8387
1971-11-26;4,2342
1971-11-27;3,9371
1971-11-28;6,0856
1971-11-29;7,3767
1971-11-30;6,4045
1971-12-01;6,0856
1971-12-02;6,0856
1971-12-03;9,4268
1971-12-04;10,4183
1971-12-05;18,982
1971-12-06;15,2087
1971-12-07;10,7584
1971-12-08;8,7069
1971-12-09;6,726
1971-12-10;6,0856
1971-12-11;6,0856
1971-12-12;6,4045
1971-12-13;9,4268
1971-12-14;10,4183
1971-12-15;9,4268
1971-12-16;8,7069
1971-12-17;7,7058
1971-12-18;6,726
1971-12-19;8,0372
1971-12-20;10,083
1971-12-21;10,083
1971-12-22;9,4268
1971-12-23;11,1034
1971-12-24;12,5306
1971-12-25;10,083
1971-12-26;8,3709
1971-12-27;6,726
1971-12-28;6,0856
1971-12-29;5,4562
1971-12-30;4,8387
1971-12-31;4,2342
1972-01-01;4,2342
1972-01-02;4,2342
1972-01-03;12,8992
1972-01-04;12,8992
1972-01-05;13,6505
1972-01-06;19,4238
1972-01-07;21,6993
1972-01-08;19,87
1972-01-09;17,6836
1972-01-10;11,8075
1972-01-11;10,083
1972-01-12;8,3709
1972-01-13;8,0372
1972-01-14;8,0372
1972-01-15;12,8992
1972-01-16;15,2087
1972-01-17;14,8123
1972-01-18;16,0155
1972-01-19;17,2597
1972-01-20;19,4238
1972-01-21;48,6811
1972-01-22;41,3251
1972-01-23;31,4874
1972-01-24;23,1175
1972-01-25;17,2597
1972-01-26;13,2725
1972-01-27;11,1034
1972-01-28;10,083
1972-01-29;9,4268
1972-01-30;10,4183
1972-01-31;16,0155
1972-02-01;12,5306
1972-02-02;11,1034
1972-02-03;9,045
1972-02-04;7,7058
1972-02-05;7,3767
1972-02-06;7,3767
1972-02-07;7,0501
1972-02-08;6,0856
1972-02-09;5,4562
1972-02-10;6,0856
1972-02-11;10,7584
1972-02-12;18,5447
1972-02-13;27,3814
1972-02-14;24,0848
1972-02-15;18,1119
1972-02-16;16,4257
1972-02-17;16,8404
1972-02-18;24,0848
1972-02-19;130,017
1972-02-20;110,144
1972-02-21;49,4521
1972-02-22;38,5622
1972-02-23;35,901
1972-02-24;48,6811
1972-02-25;37,2189
1972-02-26;28,5233
1972-02-27;22,6404
1972-02-28;18,982
1972-02-29;19,87
1972-03-01;20,3207
1972-03-02;17,6836
1972-03-03;15,6098
1972-03-04;15,2087
1972-03-05;14,8123
1972-03-06;12,5306
1972-03-07;10,7584
1972-03-08;12,8992
1972-03-09;15,2087
1972-03-10;16,8404
1972-03-11;14,8123
1972-03-12;13,2725
1972-03-13;11,4531
1972-03-14;9,7524
1972-03-15;8,7069
1972-03-16;12,1667
1972-03-17;15,2087
1972-03-18;18,5447
1972-03-19;17,6836
1972-03-20;15,2087
1972-03-21;12,8992
1972-03-22;10,7584
1972-03-23;10,7584
1972-03-24;10,4183
1972-03-25;13,6505
1972-03-26;19,4238
1972-03-27;51,8041
1972-03-28;50,2296
1972-03-29;82,5843
1972-03-30;161,688
1972-03-31;103,143
1972-04-01;78,5656
1972-04-02;43,4645
1972-04-03;43,4645
1972-04-04;56,6835
1972-04-05;58,3621
1972-04-06;51,0136
1972-04-07;41,3251
1972-04-08;30,8821
1972-04-09;27,3814
1972-04-10;23,5989
1972-04-11;21,2354
1972-04-12;24,0848
1972-04-13;16,8404
1972-04-14;23,5989
1972-04-15;354,099
1972-04-16;347,49
1972-04-17;143,335
1972-04-18;95,285
1972-04-19;73,6924
1972-04-20;55,0309
1972-04-21;47,9165
1972-04-22;38,5622
1972-04-23;31,4874
1972-04-24;28,5233
1972-04-25;24,6352
1972-04-26;29,1037
1972-04-27;169,062
1972-04-28;128,723
1972-04-29;84,6339
1972-04-30;72,7377
1972-05-01;54,2145
1972-05-02;45,6615
1972-05-03;42,745
1972-05-04;39,9309
1972-05-05;35,2515
1972-05-06;30,8821
1972-05-07;26,2644
1972-05-08;21,2354
1972-05-09;18,5447
1972-05-10;19,4238
1972-05-11;19,87
1972-05-12;18,982
1972-05-13;19,4238
1972-05-14;19,4238
1972-05-15;19,4238
1972-05-16;17,6836
1972-05-17;15,2087
1972-05-18;15,2087
1972-05-19;18,5447
1972-05-20;16,4257
1972-05-21;15,6098
1972-05-22;16,0155
1972-05-23;20,3207
1972-05-24;25,1721
1972-05-25;23,5989
1972-05-26;20,3207
1972-05-27;19,4238
1972-05-28;17,6836
1972-05-29;16,8404
1972-05-30;19,4238
1972-05-31;39,2433
1972-06-01;44,1904
1972-06-02;35,2515
1972-06-03;39,9309
1972-06-04;55,0309
1972-06-05;135,261
1972-06-06;466,394
1972-06-07;436,154
1972-06-08;882,391
1972-06-09;941,082
1972-06-10;757,682
1972-06-11;801,547
1972-06-12;285,03
1972-06-13;187,477
1972-06-14;139,266
1972-06-15;113,736
1972-06-16;89,8752
1972-06-17;122,358
1972-06-18;161,688
1972-06-19;143,335
1972-06-20;117,39
1972-06-21;99,7346
1972-06-22;88,8135
1972-06-23;75,6217
1972-06-24;65,3389
1972-06-25;62,6733
1972-06-26;95,285
1972-06-27;60,0669
1972-06-28;61,7979
1972-06-29;166,091
1972-06-30;258,131
1972-07-01;176,611
1972-07-02;118,622
1972-07-03;95,285
1972-07-04;82,5843
1972-07-05;143,335
1972-07-06;161,688
1972-07-07;229,126
1972-07-08;563,642
1972-07-09;332,324
1972-07-10;200,32
1972-07-11;161,688
1972-07-12;121,106
1972-07-13;95,285
1972-07-14;81,5696
1972-07-15;69,9135
1972-07-16;60,9291
1972-07-17;54,2145
1972-07-18;55,8539
1972-07-19;211,931
1972-07-20;179,68
1972-07-21;118,622
1972-07-22;100,864
1972-07-23;95,285
1972-07-24;87,7585
1972-07-25;77,5776
1972-07-26;68,9853
1972-07-27;61,7979
1972-07-28;55,0309
1972-07-29;47,1584
1972-07-30;43,4645
1972-07-31;37,8873
1972-08-01;37,2189
1972-08-02;32,7169
1972-08-03;108,96
1972-08-04;474,124
1972-08-05;269,485
1972-08-06;160,234
1972-08-07;113,736
1972-08-08;93,1009
1972-08-09;76,5963
1972-08-10;68,9853
1972-08-11;84,6339
1972-08-12;328,058
1972-08-13;474,124
1972-08-14;260,005
1972-08-15;158,787
1972-08-16;113,736
1972-08-17;95,285
1972-08-18;82,5843
1972-08-19;73,6924
1972-08-20;72,7377
1972-08-21;185,904
1972-08-22;661,466
1972-08-23;356,318
1972-08-24;419,012
1972-08-25;330,188
1972-08-26;937,355
1972-08-27;1243,28
1972-08-28;1395,14
1972-08-29;524,655
1972-08-30;323,821
1972-08-31;198,69
1972-09-01;170,557
1972-09-02;161,688
1972-09-03;137,924
1972-09-04;107,783
1972-09-05;176,611
1972-09-06;347,49
1972-09-07;208,578
1972-09-08;309,222
1972-09-09;281,1
1972-09-10;317,52
1972-09-11;273,328
1972-09-12;176,611
1972-09-13;133,939
1972-09-14;106,613
1972-09-15;82,5843
1972-09-16;68,9853
1972-09-17;76,5963
1972-09-18;147,465
1972-09-19;586,59
1972-09-20;731,342
1972-09-21;541,181
1972-09-22;261,887
1972-09-23;179,68
1972-09-24;150,254
1972-09-25;108,96
1972-09-26;90,9437
1972-09-27;102,0
1972-09-28;130,017
1972-09-29;116,165
1972-09-30;97,4963
1972-10-01;86,7102
1972-10-02;74,6537
1972-10-03;74,6537
1972-10-04;65,3389
1972-10-05;54,2145
1972-10-06;47,1584
1972-10-07;38,5622
1972-10-08;35,901
1972-10-09;33,9716
1972-10-10;33,3411
1972-10-11;32,099
1972-10-12;27,9493
1972-10-13;28,5233
1972-10-14;26,2644
1972-10-15;38,5622
1972-10-16;88,8135
1972-10-17;65,3389
1972-10-18;51,8041
1972-10-19;43,4645
1972-10-20;38,5622
1972-10-21;32,099
1972-10-22;31,4874
1972-10-23;72,7377
1972-10-24;55,0309
1972-10-25;154,489
1972-10-26;222,162
1972-10-27;154,489
1972-10-28;131,318
1972-10-29;160,234
1972-10-30;267,574
1972-10-31;218,723
1972-11-01;182,778
1972-11-02;161,688
1972-11-03;147,465
1972-11-04;192,24
1972-11-05;93,1009
1972-11-06;74,6537
1972-11-07;63,5552
1972-11-08;72,7377
1972-11-09;75,6217
1972-11-10;68,9853
1972-11-11;95,285
1972-11-12;100,864
1972-11-13;173,57
1972-11-14;481,921
1972-11-15;296,994
1972-11-16;258,131
1972-11-17;250,706
1972-11-18;307,166
1972-11-19;201,957
1972-11-20;147,465
1972-11-21;112,532
1972-11-22;86,7102
1972-11-23;71,7897
1972-11-24;62,6733
1972-11-25;63,5552
1972-11-26;70,8483
1972-11-27;66,2406
1972-11-28;59,2112
1972-11-29;56,6835
1972-11-30;144,704
1972-12-01;575,055
1972-12-02;406,992
1972-12-03;273,328
1972-12-04;243,398
1972-12-05;229,126
1972-12-06;150,254
1972-12-07;106,613
1972-12-08;84,6339
1972-12-09;68,9853
1972-12-10;58,3621
1972-12-11;51,8041
1972-12-12;44,1904
1972-12-13;39,9309
1972-12-14;37,2189
1972-12-15;32,099
1972-12-16;28,5233
1972-12-17;26,8198
1972-12-18;24,0848
1972-12-19;22,6404
1972-12-20;22,6404
1972-12-21;21,2354
1972-12-22;20,3207
1972-12-23;19,4238
1972-12-24;19,4238
1972-12-25;19,4238
1972-12-26;19,4238
1972-12-27;16,8404
1972-12-28;16,0155
1972-12-29;16,8404
1972-12-30;16,8404
1972-12-31;16,8404
1973-01-01;16,8404
1973-01-02;15,2087
1973-01-03;12,1667
1973-01-04;14,4204
1973-01-05;18,5447
1973-01-06;35,901
1973-01-07;41,3251
1973-01-08;42,745
1973-01-09;47,9165
1973-01-10;37,2189
1973-01-11;46,4068
1973-01-12;51,8041
1973-01-13;68,9853
1973-01-14;80,5616
1973-01-15;108,96
1973-01-16;84,6339
1973-01-17;58,3621
1973-01-18;44,1904
1973-01-19;33,9716
1973-01-20;37,2189
1973-01-21;54,2145
1973-01-22;61,7979
1973-01-23;65,3389
1973-01-24;48,6811
1973-01-25;44,1904
1973-01-26;39,9309
1973-01-27;34,6084
1973-01-28;29,6902
1973-01-29;25,1721
1973-01-30;29,6902
1973-01-31;40,6248
1973-02-01;28,5233
1973-02-02;24,6352
1973-02-03;21,2354
1973-02-04;21,2354
1973-02-05;19,4238
1973-02-06;17,6836
1973-02-07;16,0155
1973-02-08;16,0155
1973-02-09;15,6098
1973-02-10;17,6836
1973-02-11;19,4238
1973-02-12;20,7758
1973-02-13;23,1175
1973-02-14;24,6352
1973-02-15;26,2644
1973-02-16;30,8821
1973-02-17;28,5233
1973-02-18;25,7151
1973-02-19;29,1037
1973-02-20;184,337
1973-02-21;261,887
1973-02-22;296,994
1973-02-23;185,904
1973-02-24;116,165
1973-02-25;72,7377
1973-02-26;53,4045
1973-02-27;46,4068
1973-02-28;46,4068
1973-03-01;56,6835
1973-03-02;108,96
1973-03-03;121,106
1973-03-04;55,0309
1973-03-05;45,6615
1973-03-06;35,901
1973-03-07;27,3814
1973-03-08;24,6352
1973-03-09;32,099
1973-03-10;42,745
1973-03-11;32,099
1973-03-12;25,1721
1973-03-13;22,1676
1973-03-14;21,2354
1973-03-15;20,3207
1973-03-16;17,6836
1973-03-17;17,6836
1973-03-18;17,6836
1973-03-19;18,1119
1973-03-20;38,5622
1973-03-21;33,3411
1973-03-22;26,2644
1973-03-23;21,2354
1973-03-24;20,3207
1973-03-25;18,5447
1973-03-26;17,2597
1973-03-27;16,0155
1973-03-28;15,2087
1973-03-29;14,4204
1973-03-30;13,6505
1973-03-31;12,1667
1973-04-01;11,4531
1973-04-02;11,4531
1973-04-03;10,7584
1973-04-04;10,7584
1973-04-05;10,083
1973-04-06;9,4268
1973-04-07;13,2725
1973-04-08;17,6836
1973-04-09;16,8404
1973-04-10;16,4257
1973-04-11;11,4531
1973-04-12;11,8075
1973-04-13;12,1667
1973-04-14;11,4531
1973-04-15;11,4531
1973-04-16;10,4183
1973-04-17;11,1034
1973-04-18;11,1034
1973-04-19;11,8075
1973-04-20;13,6505
1973-04-21;14,8123
1973-04-22;18,1119
1973-04-23;13,2725
1973-04-24;11,1034
1973-04-25;35,901
1973-04-26;108,96
1973-04-27;81,5696
1973-04-28;63,5552
1973-04-29;42,0318
1973-04-30;33,3411
1973-05-01;53,4045
1973-05-02;1017,29
1973-05-03;612,993
1973-05-04;250,706
1973-05-05;157,348
1973-05-06;127,437
1973-05-07;94,1896
1973-05-08;67,1489
1973-05-09;63,5552
1973-05-10;127,437
1973-05-11;108,96
1973-05-12;88,8135
1973-05-13;79,5602
1973-05-14;57,5195
1973-05-15;40,6248
1973-05-16;34,6084
1973-05-17;30,8821
1973-05-18;27,9493
1973-05-19;33,9716
1973-05-20;38,5622
1973-05-21;90,9437
1973-05-22;157,348
1973-05-23;106,613
1973-05-24;77,5776
1973-05-25;61,7979
1973-05-26;58,3621
1973-05-27;89,8752
1973-05-28;108,96
1973-05-29;84,6339
1973-05-30;60,0669
1973-05-31;48,6811
1973-06-01;38,5622
1973-06-02;34,6084
1973-06-03;32,099
1973-06-04;30,283
1973-06-05;30,283
1973-06-06;33,9716
1973-06-07;62,6733
1973-06-08;100,864
1973-06-09;82,5843
1973-06-10;78,5656
1973-06-11;70,8483
1973-06-12;60,9291
1973-06-13;55,0309
1973-06-14;47,1584
1973-06-15;45,6615
1973-06-16;55,0309
1973-06-17;66,2406
1973-06-18;79,5602
1973-06-19;95,285
1973-06-20;102,0
1973-06-21;83,6057
1973-06-22;92,0189
1973-06-23;121,106
1973-06-24;256,264
1973-06-25;349,685
1973-06-26;211,931
1973-06-27;148,856
1973-06-28;112,532
1973-06-29;87,7585
1973-06-30;93,1009
1973-07-01;104,293
1973-07-02;179,68
1973-07-03;151,659
1973-07-04;123,618
1973-07-05;89,8752
1973-07-06;75,6217
1973-07-07;69,9135
1973-07-08;61,7979
1973-07-09;51,8041
1973-07-10;44,9228
1973-07-11;37,2189
1973-07-12;34,6084
1973-07-13;32,7169
1973-07-14;37,2189
1973-07-15;46,4068
1973-07-16;94,1896
1973-07-17;378,906
1973-07-18;254,404
1973-07-19;185,904
1973-07-20;423,872
1973-07-21;774,397
1973-07-22;532,884
1973-07-23;385,827
1973-07-24;229,126
1973-07-25;157,348
1973-07-26;123,618
1973-07-27;103,143
1973-07-28;92,0189
1973-07-29;78,5656
1973-07-30;65,3389
1973-07-31;56,6835
1973-08-01;52,6011
1973-08-02;49,4521
1973-08-03;44,9228
1973-08-04;39,9309
1973-08-05;33,9716
1973-08-06;32,7169
1973-08-07;31,4874
1973-08-08;30,8821
1973-08-09;25,1721
1973-08-10;18,982
1973-08-11;36,5568
1973-08-12;144,704
1973-08-13;610,029
1973-08-14;388,149
1973-08-15;218,723
1973-08-16;143,335
1973-08-17;104,293
1973-08-18;89,8752
1973-08-19;102,0
1973-08-20;121,106
1973-08-21;148,856
1973-08-22;190,645
1973-08-23;290,979
1973-08-24;271,402
1973-08-25;303,075
1973-08-26;530,133
1973-08-27;330,188
1973-08-28;288,989
1973-08-29;239,786
1973-08-30;187,477
1973-08-31;161,688
1973-09-01;127,437
1973-09-02;110,144
1973-09-03;74,6537
1973-09-04;61,7979
1973-09-05;55,0309
1973-09-06;54,2145
1973-09-07;51,0136
1973-09-08;48,6811
1973-09-09;47,1584
1973-09-10;43,4645
1973-09-11;39,2433
1973-09-12;34,6084
1973-09-13;33,9716
1973-09-14;40,6248
1973-09-15;47,1584
1973-09-16;55,8539
1973-09-17;505,72
1973-09-18;1036,84
1973-09-19;815,309
1973-09-20;356,318
1973-09-21;213,618
1973-09-22;153,07
1973-09-23;118,622
1973-09-24;88,8135
1973-09-25;77,5776
1973-09-26;73,6924
1973-09-27;61,7979
1973-09-28;52,6011
1973-09-29;48,6811
1973-09-30;44,9228
1973-10-01;41,3251
1973-10-02;36,5568
1973-10-03;32,7169
1973-10-04;27,9493
1973-10-05;30,8821
1973-10-06;28,5233
1973-10-07;26,8198
1973-10-08;24,6352
1973-10-09;23,1175
1973-10-10;26,8198
1973-10-11;29,1037
1973-10-12;30,8821
1973-10-13;29,6902
1973-10-14;29,1037
1973-10-15;25,7151
1973-10-16;21,2354
1973-10-17;20,3207
1973-10-18;17,6836
1973-10-19;17,2597
1973-10-20;17,2597
1973-10-21;18,5447
1973-10-22;33,9716
1973-10-23;223,892
1973-10-24;330,188
1973-10-25;184,337
1973-10-26;104,293
1973-10-27;79,5602
1973-10-28;63,5552
1973-10-29;49,4521
1973-10-30;47,1584
1973-10-31;63,5552
1973-11-01;369,782
1973-11-02;260,005
1973-11-03;155,915
1973-11-04;116,165
1973-11-05;90,9437
1973-11-06;71,7897
1973-11-07;59,2112
1973-11-08;51,0136
1973-11-09;44,1904
1973-11-10;38,5622
1973-11-11;35,2515
1973-11-12;31,4874
1973-11-13;26,2644
1973-11-14;24,0848
1973-11-15;23,5989
1973-11-16;21,2354
1973-11-17;20,3207
1973-11-18;20,3207
1973-11-19;21,2354
1973-11-20;20,3207
1973-11-21;19,4238
1973-11-22;18,5447
1973-11-23;17,2597
1973-11-24;16,8404
1973-11-25;16,0155
1973-11-26;16,0155
1973-11-27;16,4257
1973-11-28;14,0331
1973-11-29;15,6098
1973-11-30;14,4204
1973-12-01;16,4257
1973-12-02;17,6836
1973-12-03;18,5447
1973-12-04;20,3207
1973-12-05;24,0848
1973-12-06;23,5989
1973-12-07;21,2354
1973-12-08;22,1676
1973-12-09;20,7758
1973-12-10;19,4238
1973-12-11;16,0155
1973-12-12;13,6505
1973-12-13;14,0331
1973-12-14;12,5306
1973-12-15;15,2087
1973-12-16;102,0
1973-12-17;77,5776
1973-12-18;123,618
1973-12-19;123,618
1973-12-20;66,2406
1973-12-21;50,2296
1973-12-22;40,6248
1973-12-23;33,9716
1973-12-24;31,4874
1973-12-25;30,283
1973-12-26;31,4874
1973-12-27;35,2515
1973-12-28;42,745
1973-12-29;58,3621
1973-12-30;92,0189
1973-12-31;87,7585
1974-01-01;74,6537
1974-01-02;63,5552
1974-01-03;51,8041
1974-01-04;43,4645
1974-01-05;37,8873
1974-01-06;30,283
1974-01-07;26,2644
1974-01-08;39,2433
1974-01-09;77,5776
1974-01-10;62,6733
1974-01-11;45,6615
1974-01-12;37,8873
1974-01-13;32,099
1974-01-14;25,7151
1974-01-15;29,1037
1974-01-16;26,2644
1974-01-17;23,1175
1974-01-18;20,7758
1974-01-19;20,3207
1974-01-20;20,7758
1974-01-21;20,7758
1974-01-22;20,7758
1974-01-23;21,6993
1974-01-24;29,6902
1974-01-25;47,9165
1974-01-26;55,0309
1974-01-27;119,86
1974-01-28;78,5656
1974-01-29;59,2112
1974-01-30;43,4645
1974-01-31;35,901
1974-02-01;26,2644
1974-02-02;20,3207
1974-02-03;22,1676
1974-02-04;21,6993
1974-02-05;21,6993
1974-02-06;22,6404
1974-02-07;24,0848
1974-02-08;26,2644
1974-02-09;26,8198
1974-02-10;22,6404
1974-02-11;20,7758
1974-02-12;23,1175
1974-02-13;22,1676
1974-02-14;33,9716
1974-02-15;47,1584
1974-02-16;39,2433
1974-02-17;77,5776
1974-02-18;130,017
1974-02-19;124,884
1974-02-20;143,335
1974-02-21;269,485
1974-02-22;263,775
1974-02-23;167,573
1974-02-24;48,6811
1974-02-25;35,2515
1974-02-26;29,6902
1974-02-27;39,9309
1974-02-28;37,8873
1974-03-01;32,099
1974-03-02;25,7151
1974-03-03;49,4521
1974-03-04;44,9228
1974-03-05;32,7169
1974-03-06;29,1037
1974-03-07;30,283
1974-03-08;30,8821
1974-03-09;27,9493
1974-03-10;47,9165
1974-03-11;72,7377
1974-03-12;64,4438
1974-03-13;51,0136
1974-03-14;45,6615
1974-03-15;57,5195
1974-03-16;56,6835
1974-03-17;52,6011
1974-03-18;44,1904
1974-03-19;35,901
1974-03-20;30,283
1974-03-21;24,6352
1974-03-22;27,3814
1974-03-23;29,6902
1974-03-24;32,099
1974-03-25;41,3251
1974-03-26;48,6811
1974-03-27;38,5622
1974-03-28;37,8873
1974-03-29;32,099
1974-03-30;27,9493
1974-03-31;27,3814
1974-04-01;23,1175
1974-04-02;23,1175
1974-04-03;26,2644
1974-04-04;23,5989
1974-04-05;21,6993
1974-04-06;21,2354
1974-04-07;19,87
1974-04-08;16,8404
1974-04-09;16,4257
1974-04-10;16,0155
1974-04-11;15,6098
1974-04-12;14,8123
1974-04-13;13,6505
1974-04-14;12,5306
1974-04-15;10,4183
1974-04-16;10,083
1974-04-17;11,4531
1974-04-18;11,8075
1974-04-19;9,7524
1974-04-20;8,3709
1974-04-21;9,7524
1974-04-22;14,0331
1974-04-23;15,6098
1974-04-24;17,6836
1974-04-25;17,6836
1974-04-26;29,6902
1974-04-27;29,6902
1974-04-28;20,3207
1974-04-29;16,0155
1974-04-30;13,6505
1974-05-01;12,1667
1974-05-02;15,6098
1974-05-03;13,2725
1974-05-04;11,4531
1974-05-05;10,7584
1974-05-06;10,083
1974-05-07;9,7524
1974-05-08;10,083
1974-05-09;9,7524
1974-05-10;11,4531
1974-05-11;10,4183
1974-05-12;9,7524
1974-05-13;8,7069
1974-05-14;8,7069
1974-05-15;9,045
1974-05-16;11,8075
1974-05-17;33,3411
1974-05-18;87,7585
1974-05-19;189,058
1974-05-20;136,589
1974-05-21;113,736
1974-05-22;95,285
1974-05-23;63,5552
1974-05-24;45,6615
1974-05-25;44,1904
1974-05-26;46,4068
1974-05-27;51,8041
1974-05-28;54,2145
1974-05-29;50,2296
1974-05-30;47,1584
1974-05-31;44,1904
1974-06-01;42,0318
1974-06-02;37,2189
1974-06-03;30,283
1974-06-04;26,2644
1974-06-05;24,6352
1974-06-06;22,6404
1974-06-07;46,4068
1974-06-08;96,3873
1974-06-09;658,379
1974-06-10;451,138
1974-06-11;234,424
1974-06-12;126,157
1974-06-13;92,0189
1974-06-14;73,6924
1974-06-15;68,0638
1974-06-16;82,5843
1974-06-17;108,96
1974-06-18;256,264
1974-06-19;181,226
1974-06-20;132,625
1974-06-21;136,589
1974-06-22;121,106
1974-06-23;102,0
1974-06-24;87,7585
1974-06-25;73,6924
1974-06-26;65,3389
1974-06-27;57,5195
1974-06-28;47,9165
1974-06-29;45,6615
1974-06-30;37,8873
1974-07-01;33,3411
1974-07-02;29,6902
1974-07-03;27,9493
1974-07-04;25,7151
1974-07-05;24,0848
1974-07-06;23,1175
1974-07-07;21,6993
1974-07-08;20,7758
1974-07-09;21,6993
1974-07-10;19,87
1974-07-11;19,4238
1974-07-12;19,87
1974-07-13;19,4238
1974-07-14;19,4238
1974-07-15;19,4238
1974-07-16;19,4238
1974-07-17;18,982
1974-07-18;19,87
1974-07-19;20,7758
1974-07-20;24,0848
1974-07-21;29,1037
1974-07-22;32,7169
1974-07-23;25,7151
1974-07-24;24,6352
1974-07-25;23,5989
1974-07-26;23,1175
1974-07-27;21,6993
1974-07-28;20,7758
1974-07-29;20,3207
1974-07-30;19,4238
1974-07-31;18,5447
1974-08-01;18,982
1974-08-02;20,7758
1974-08-03;22,1676
1974-08-04;23,5989
1974-08-05;25,1721
1974-08-06;35,901
1974-08-07;38,5622
1974-08-08;30,283
1974-08-09;27,3814
1974-08-10;25,1721
1974-08-11;23,5989
1974-08-12;23,1175
1974-08-13;22,1676
1974-08-14;19,87
1974-08-15;19,4238
1974-08-16;18,982
1974-08-17;18,5447
1974-08-18;17,6836
1974-08-19;16,0155
1974-08-20;15,2087
1974-08-21;15,6098
1974-08-22;16,8404
1974-08-23;16,0155
1974-08-24;15,6098
1974-08-25;15,6098
1974-08-26;14,8123
1974-08-27;18,982
1974-08-28;29,6902
1974-08-29;37,2189
1974-08-30;39,2433
1974-08-31;41,3251
1974-09-01;58,3621
1974-09-02;78,5656
1974-09-03;62,6733
1974-09-04;54,2145
1974-09-05;41,3251
1974-09-06;32,099
1974-09-07;29,6902
1974-09-08;26,2644
1974-09-09;23,5989
1974-09-10;21,2354
1974-09-11;20,3207
1974-09-12;18,982
1974-09-13;19,4238
1974-09-14;18,982
1974-09-15;19,4238
1974-09-16;18,5447
1974-09-17;17,2597
1974-09-18;14,4204
1974-09-19;17,2597
1974-09-20;16,4257
1974-09-21;15,6098
1974-09-22;14,4204
1974-09-23;13,2725
1974-09-24;12,1667
1974-09-25;10,7584
1974-09-26;20,7758
1974-09-27;20,3207
1974-09-28;22,1676
1974-09-29;20,3207
1974-09-30;17,6836
1974-10-01;14,8123
1974-10-02;12,1667
1974-10-03;13,6505
1974-10-04;11,8075
1974-10-05;12,1667
1974-10-06;12,1667
1974-10-07;12,1667
1974-10-08;11,1034
1974-10-09;9,7524
1974-10-10;10,083
1974-10-11;9,7524
1974-10-12;9,4268
1974-10-13;9,4268
1974-10-14;9,045
1974-10-15;9,4268
1974-10-16;9,045
1974-10-17;9,7524
1974-10-18;9,7524
1974-10-19;9,7524
1974-10-20;9,045
1974-10-21;8,3709
1974-10-22;8,0372
1974-10-23;11,1034
1974-10-24;11,8075
1974-10-25;12,5306
1974-10-26;13,6505
1974-10-27;16,4257
1974-10-28;18,982
1974-10-29;14,8123
1974-10-30;12,5306
1974-10-31;10,4183
1974-11-01;9,7524
1974-11-02;9,045
1974-11-03;8,7069
1974-11-04;8,7069
1974-11-05;12,8992
1974-11-06;52,6011
1974-11-07;80,5616
1974-11-08;56,6835
1974-11-09;37,8873
1974-11-10;28,5233
1974-11-11;22,6404
1974-11-12;19,87
1974-11-13;18,982
1974-11-14;21,2354
1974-11-15;19,4238
1974-11-16;15,2087
1974-11-17;14,8123
1974-11-18;12,1667
1974-11-19;11,4531
1974-11-20;13,6505
1974-11-21;24,6352
1974-11-22;44,1904
1974-11-23;33,3411
1974-11-24;29,6902
1974-11-25;21,2354
1974-11-26;18,5447
1974-11-27;18,1119
1974-11-28;16,8404
1974-11-29;17,2597
1974-11-30;17,6836
1974-12-01;22,1676
1974-12-02;148,856
1974-12-03;218,723
1974-12-04;113,736
1974-12-05;72,7377
1974-12-06;52,6011
1974-12-07;44,1904
1974-12-08;37,2189
1974-12-09;27,3814
1974-12-10;25,7151
1974-12-11;24,6352
1974-12-12;24,6352
1974-12-13;27,9493
1974-12-14;27,9493
1974-12-15;27,3814
1974-12-16;25,7151
1974-12-17;24,6352
1974-12-18;23,1175
1974-12-19;18,5447
1974-12-20;17,6836
1974-12-21;16,8404
1974-12-22;19,4238
1974-12-23;21,6993
1974-12-24;25,1721
1974-12-25;21,6993
1974-12-26;19,87
1974-12-27;19,4238
1974-12-28;22,6404
1974-12-29;27,3814
1974-12-30;32,7169
1974-12-31;48,6811
1975-01-01;25,7151
1975-01-02;21,2354
1975-01-03;18,982
1975-01-04;17,6836
1975-01-05;16,0155
1975-01-06;14,8123
1975-01-07;16,4257
1975-01-08;35,901
1975-01-09;60,9291
1975-01-10;63,5552
1975-01-11;59,2112
1975-01-12;51,8041
1975-01-13;44,1904
1975-01-14;35,2515
1975-01-15;29,6902
1975-01-16;39,9309
1975-01-17;56,6835
1975-01-18;45,6615
1975-01-19;40,6248
1975-01-20;33,3411
1975-01-21;27,9493
1975-01-22;24,6352
1975-01-23;22,6404
1975-01-24;21,6993
1975-01-25;26,2644
1975-01-26;22,6404
1975-01-27;21,2354
1975-01-28;25,7151
1975-01-29;23,1175
1975-01-30;20,7758
1975-01-31;19,4238
1975-02-01;89,8752
1975-02-02;166,091
1975-02-03;170,557
1975-02-04;98,6121
1975-02-05;60,9291
1975-02-06;46,4068
1975-02-07;37,8873
1975-02-08;33,9716
1975-02-09;29,1037
1975-02-10;26,8198
1975-02-11;25,7151
1975-02-12;25,1721
1975-02-13;25,1721
1975-02-14;28,5233
1975-02-15;32,099
1975-02-16;38,5622
1975-02-17;60,0669
1975-02-18;80,5616
1975-02-19;49,4521
1975-02-20;37,2189
1975-02-21;325,936
1975-02-22;110,144
1975-02-23;64,4438
1975-02-24;48,6811
1975-02-25;44,9228
1975-02-26;41,3251
1975-02-27;32,099
1975-02-28;28,5233
1975-03-01;23,5989
1975-03-02;21,6993
1975-03-03;20,3207
1975-03-04;19,4238
1975-03-05;19,4238
1975-03-06;20,7758
1975-03-07;20,3207
1975-03-08;19,4238
1975-03-09;18,1119
1975-03-10;19,4238
1975-03-11;19,87
1975-03-12;39,9309
1975-03-13;76,5963
1975-03-14;59,2112
1975-03-15;55,8539
1975-03-16;52,6011
1975-03-17;48,6811
1975-03-18;43,4645
1975-03-19;37,8873
1975-03-20;29,6902
1975-03-21;25,1721
1975-03-22;32,099
1975-03-23;35,901
1975-03-24;39,9309
1975-03-25;42,745
1975-03-26;45,6615
1975-03-27;51,0136
1975-03-28;59,2112
1975-03-29;70,8483
1975-03-30;153,07
1975-03-31;195,451
1975-04-01;71,7897
1975-04-02;65,3389
1975-04-03;44,9228
1975-04-04;32,7169
1975-04-05;24,6352
1975-04-06;21,2354
1975-04-07;22,1676
1975-04-08;20,3207
1975-04-09;19,4238
1975-04-10;19,4238
1975-04-11;20,3207
1975-04-12;26,2644
1975-04-13;17,6836
1975-04-14;17,2597
1975-04-15;16,8404
1975-04-16;18,982
1975-04-17;18,982
1975-04-18;18,982
1975-04-19;19,4238
1975-04-20;17,6836
1975-04-21;16,0155
1975-04-22;14,0331
1975-04-23;16,0155
1975-04-24;16,8404
1975-04-25;15,2087
1975-04-26;14,8123
1975-04-27;15,6098
1975-04-28;16,4257
1975-04-29;14,8123
1975-04-30;14,8123
1975-05-01;15,2087
1975-05-02;16,0155
1975-05-03;21,2354
1975-05-04;29,6902
1975-05-05;21,6993
1975-05-06;18,5447
1975-05-07;17,6836
1975-05-08;16,8404
1975-05-09;16,8404
1975-05-10;16,8404
1975-05-11;15,2087
1975-05-12;14,8123
1975-05-13;14,0331
1975-05-14;11,4531
1975-05-15;16,8404
1975-05-16;17,2597
1975-05-17;16,4257
1975-05-18;17,6836
1975-05-19;18,5447
1975-05-20;18,1119
1975-05-21;18,1119
1975-05-22;16,4257
1975-05-23;16,0155
1975-05-24;16,8404
1975-05-25;16,4257
1975-05-26;14,8123
1975-05-27;14,4204
1975-05-28;10,4183
1975-05-29;12,1667
1975-05-30;11,4531
1975-05-31;11,1034
1975-06-01;43,4645
1975-06-02;55,0309
1975-06-03;92,0189
1975-06-04;64,4438
1975-06-05;52,6011
1975-06-06;68,0638
1975-06-07;143,335
1975-06-08;95,285
1975-06-09;57,5195
1975-06-10;49,4521
1975-06-11;57,5195
1975-06-12;87,7585
1975-06-13;81,5696
1975-06-14;71,7897
1975-06-15;67,1489
1975-06-16;49,4521
1975-06-17;43,4645
1975-06-18;37,8873
1975-06-19;33,3411
1975-06-20;29,6902
1975-06-21;33,3411
1975-06-22;38,5622
1975-06-23;116,165
1975-06-24;81,5696
1975-06-25;63,5552
1975-06-26;53,4045
1975-06-27;48,6811
1975-06-28;39,2433
1975-06-29;35,901
1975-06-30;32,099
1975-07-01;28,5233
1975-07-02;26,8198
1975-07-03;25,7151
1975-07-04;24,6352
1975-07-05;29,1037
1975-07-06;38,5622
1975-07-07;74,6537
1975-07-08;56,6835
1975-07-09;46,4068
1975-07-10;37,8873
1975-07-11;33,9716
1975-07-12;34,6084
1975-07-13;30,283
1975-07-14;26,8198
1975-07-15;29,1037
1975-07-16;32,7169
1975-07-17;29,1037
1975-07-18;32,7169
1975-07-19;30,8821
1975-07-20;26,2644
1975-07-21;22,6404
1975-07-22;21,6993
1975-07-23;21,2354
1975-07-24;21,2354
1975-07-25;20,3207
1975-07-26;19,87
1975-07-27;19,4238
1975-07-28;17,2597
1975-07-29;17,2597
1975-07-30;18,5447
1975-07-31;18,5447
1975-08-01;17,6836
1975-08-02;17,6836
1975-08-03;20,7758
1975-08-04;23,1175
1975-08-05;23,5989
1975-08-06;25,7151
1975-08-07;23,1175
1975-08-08;26,8198
1975-08-09;223,892
1975-08-10;832,688
1975-08-11;484,535
1975-08-12;285,03
1975-08-13;206,912
1975-08-14;140,616
1975-08-15;121,106
1975-08-16;118,622
1975-08-17;113,736
1975-08-18;110,144
1975-08-19;127,437
1975-08-20;69,9135
1975-08-21;59,2112
1975-08-22;48,6811
1975-08-23;44,1904
1975-08-24;47,9165
1975-08-25;55,8539
1975-08-26;66,2406
1975-08-27;79,5602
1975-08-28;89,8752
1975-08-29;102,0
1975-08-30;223,892
1975-08-31;367,519
1975-09-01;200,32
1975-09-02;252,552
1975-09-03;124,884
1975-09-04;83,6057
1975-09-05;74,6537
1975-09-06;67,1489
1975-09-07;66,2406
1975-09-08;82,5843
1975-09-09;132,625
1975-09-10;555,162
1975-09-11;351,889
1975-09-12;203,602
1975-09-13;245,214
1975-09-14;321,713
1975-09-15;334,469
1975-09-16;192,24
1975-09-17;133,939
1975-09-18;100,864
1975-09-19;119,86
1975-09-20;210,251
1975-09-21;220,439
1975-09-22;192,24
1975-09-23;166,091
1975-09-24;133,939
1975-09-25;105,449
1975-09-26;87,7585
1975-09-27;77,5776
1975-09-28;68,9853
1975-09-29;62,6733
1975-09-30;85,6687
1975-10-01;105,449
1975-10-02;123,618
1975-10-03;161,688
1975-10-04;113,736
1975-10-05;85,6687
1975-10-06;76,5963
1975-10-07;65,3389
1975-10-08;58,3621
1975-10-09;60,0669
1975-10-10;47,9165
1975-10-11;46,4068
1975-10-12;42,0318
1975-10-13;51,8041
1975-10-14;132,625
1975-10-15;133,939
1975-10-16;97,4963
1975-10-17;72,7377
1975-10-18;61,7979
1975-10-19;57,5195
1975-10-20;51,8041
1975-10-21;41,3251
1975-10-22;35,2515
1975-10-23;33,9716
1975-10-24;35,901
1975-10-25;33,3411
1975-10-26;30,8821
1975-10-27;26,8198
1975-10-28;27,3814
1975-10-29;32,7169
1975-10-30;39,2433
1975-10-31;52,6011
1975-11-01;68,0638
1975-11-02;61,7979
1975-11-03;55,8539
1975-11-04;57,5195
1975-11-05;57,5195
1975-11-06;46,4068
1975-11-07;39,2433
1975-11-08;33,3411
1975-11-09;32,099
1975-11-10;28,5233
1975-11-11;23,1175
1975-11-12;22,1676
1975-11-13;18,1119
1975-11-14;13,6505
1975-11-15;21,2354
1975-11-16;70,8483
1975-11-17;360,776
1975-11-18;187,477
1975-11-19;157,348
1975-11-20;116,165
1975-11-21;76,5963
1975-11-22;62,6733
1975-11-23;58,3621
1975-11-24;51,8041
1975-11-25;42,745
1975-11-26;36,5568
1975-11-27;32,7169
1975-11-28;28,5233
1975-11-29;27,3814
1975-11-30;29,6902
1975-12-01;28,5233
1975-12-02;24,6352
1975-12-03;22,6404
1975-12-04;21,2354
1975-12-05;21,2354
1975-12-06;20,3207
1975-12-07;19,87
1975-12-08;22,6404
1975-12-09;30,8821
1975-12-10;98,6121
1975-12-11;65,3389
1975-12-12;52,6011
1975-12-13;94,1896
1975-12-14;89,8752
1975-12-15;52,6011
1975-12-16;41,3251
1975-12-17;32,099
1975-12-18;23,1175
1975-12-19;22,6404
1975-12-20;25,1721
1975-12-21;25,7151
1975-12-22;23,1175
1975-12-23;20,3207
1975-12-24;19,87
1975-12-25;16,4257
1975-12-26;18,5447
1975-12-27;19,87
1975-12-28;24,0848
1975-12-29;20,3207
1975-12-30;16,4257
1975-12-31;16,0155
1976-01-01;15,2087
1976-01-02;16,0155
1976-01-03;16,8404
1976-01-04;16,8404
1976-01-05;16,0155
1976-01-06;32,099
1976-01-07;104,293
1976-01-08;87,7585
1976-01-09;87,7585
1976-01-10;122,358
1976-01-11;135,261
1976-01-12;135,261
1976-01-13;99,7346
1976-01-14;80,5616
1976-01-15;64,4438
1976-01-16;55,8539
1976-01-17;51,8041
1976-01-18;41,3251
1976-01-19;32,7169
1976-01-20;27,9493
1976-01-21;23,5989
1976-01-22;18,982
1976-01-23;16,8404
1976-01-24;16,0155
1976-01-25;15,6098
1976-01-26;13,6505
1976-01-27;12,8992
1976-01-28;12,5306
1976-01-29;11,1034
1976-01-30;9,7524
1976-01-31;7,7058
1976-02-01;19,87
1976-02-02;24,0848
1976-02-03;24,6352
1976-02-04;17,2597
1976-02-05;26,8198
1976-02-06;61,7979
1976-02-07;78,5656
1976-02-08;104,293
1976-02-09;49,4521
1976-02-10;13,6505
1976-02-11;11,4531
1976-02-12;11,1034
1976-02-13;10,4183
1976-02-14;8,7069
1976-02-15;7,7058
1976-02-16;6,0856
1976-02-17;5,7695
1976-02-18;5,1459
1976-02-19;12,5306
1976-02-20;14,8123
1976-02-21;74,6537
1976-02-22;58,3621
1976-02-23;28,5233
1976-02-24;20,3207
1976-02-25;16,8404
1976-02-26;15,2087
1976-02-27;12,5306
1976-02-28;11,1034
1976-02-29;10,083
1976-03-01;9,045
1976-03-02;7,3767
1976-03-03;7,0501
1976-03-04;7,3767
1976-03-05;9,045
1976-03-06;9,4268
1976-03-07;15,2087
1976-03-08;13,2725
1976-03-09;14,4204
1976-03-10;18,982
1976-03-11;18,982
1976-03-12;17,6836
1976-03-13;16,0155
1976-03-14;14,4204
1976-03-15;12,8992
1976-03-16;20,3207
1976-03-17;43,4645
1976-03-18;62,6733
1976-03-19;44,1904
1976-03-20;34,6084
1976-03-21;25,1721
1976-03-22;21,2354
1976-03-23;17,6836
1976-03-24;17,2597
1976-03-25;16,8404
1976-03-26;15,6098
1976-03-27;17,6836
1976-03-28;18,5447
1976-03-29;18,5447
1976-03-30;16,8404
1976-03-31;14,8123
1976-04-01;12,5306
1976-04-02;12,8992
1976-04-03;12,5306
1976-04-04;10,7584
1976-04-05;13,2725
1976-04-06;33,3411
1976-04-07;37,2189
1976-04-08;26,8198
1976-04-09;24,6352
1976-04-10;23,5989
1976-04-11;24,0848
1976-04-12;18,5447
1976-04-13;17,2597
1976-04-14;14,8123
1976-04-15;13,6505
1976-04-16;14,0331
1976-04-17;13,2725
1976-04-18;12,1667
1976-04-19;11,4531
1976-04-20;9,7524
1976-04-21;10,7584
1976-04-22;10,7584
1976-04-23;10,083
1976-04-24;9,7524
1976-04-25;10,7584
1976-04-26;9,4268
1976-04-27;7,7058
1976-04-28;7,3767
1976-04-29;8,3709
1976-04-30;8,0372
1976-05-01;8,0372
1976-05-02;7,0501
1976-05-03;7,0501
1976-05-04;7,3767
1976-05-05;7,3767
1976-05-06;7,0501
1976-05-07;7,3767
1976-05-08;8,0372
1976-05-09;8,3709
1976-05-10;9,045
1976-05-11;10,7584
1976-05-12;11,8075
1976-05-13;8,7069
1976-05-14;9,045
1976-05-15;8,0372
1976-05-16;7,3767
1976-05-17;8,7069
1976-05-18;10,4183
1976-05-19;11,1034
1976-05-20;10,7584
1976-05-21;11,4531
1976-05-22;21,6993
1976-05-23;33,9716
1976-05-24;29,6902
1976-05-25;26,2644
1976-05-26;30,283
1976-05-27;79,5602
1976-05-28;261,887
1976-05-29;385,827
1976-05-30;223,892
1976-05-31;130,017
1976-06-01;94,1896
1976-06-02;69,9135
1976-06-03;61,7979
1976-06-04;41,3251
1976-06-05;41,3251
1976-06-06;45,6615
1976-06-07;47,9165
1976-06-08;45,6615
1976-06-09;38,5622
1976-06-10;35,2515
1976-06-11;27,9493
1976-06-12;29,1037
1976-06-13;26,8198
1976-06-14;25,7151
1976-06-15;23,1175
1976-06-16;22,1676
1976-06-17;20,3207
1976-06-18;18,5447
1976-06-19;19,4238
1976-06-20;19,87
1976-06-21;18,1119
1976-06-22;16,8404
1976-06-23;16,0155
1976-06-24;14,8123
1976-06-25;15,6098
1976-06-26;30,283
1976-06-27;137,924
1976-06-28;133,939
1976-06-29;84,6339
1976-06-30;62,6733
1976-07-01;53,4045
1976-07-02;38,5622
1976-07-03;36,5568
1976-07-04;35,2515
1976-07-05;27,3814
1976-07-06;24,0848
1976-07-07;23,5989
1976-07-08;26,8198
1976-07-09;27,9493
1976-07-10;25,7151
1976-07-11;23,5989
1976-07-12;21,6993
1976-07-13;32,099
1976-07-14;205,253
1976-07-15;179,68
1976-07-16;112,532
1976-07-17;81,5696
1976-07-18;62,6733
1976-07-19;52,6011
1976-07-20;43,4645
1976-07-21;32,7169
1976-07-22;30,8821
1976-07-23;29,1037
1976-07-24;25,7151
1976-07-25;25,7151
1976-07-26;47,1584
1976-07-27;86,7102
1976-07-28;75,6217
1976-07-29;69,9135
1976-07-30;71,7897
1976-07-31;68,0638
1976-08-01;82,5843
1976-08-02;70,8483
1976-08-03;61,7979
1976-08-04;61,7979
1976-08-05;105,449
1976-08-06;169,062
1976-08-07;141,972
1976-08-08;281,1
1976-08-09;808,412
1976-08-10;261,887
1976-08-11;164,616
1976-08-12;119,86
1976-08-13;93,1009
1976-08-14;74,6537
1976-08-15;62,6733
1976-08-16;51,8041
1976-08-17;46,4068
1976-08-18;157,348
1976-08-19;267,574
1976-08-20;172,06
1976-08-21;118,622
1976-08-22;89,8752
1976-08-23;75,6217
1976-08-24;61,7979
1976-08-25;51,8041
1976-08-26;44,1904
1976-08-27;40,6248
1976-08-28;37,2189
1976-08-29;32,099
1976-08-30;29,6902
1976-08-31;25,1721
1976-09-01;26,8198
1976-09-02;25,7151
1976-09-03;24,6352
1976-09-04;36,5568
1976-09-05;122,358
1976-09-06;123,618
1976-09-07;113,736
1976-09-08;122,358
1976-09-09;116,165
1976-09-10;96,3873
1976-09-11;78,5656
1976-09-12;62,6733
1976-09-13;53,4045
1976-09-14;50,2296
1976-09-15;39,2433
1976-09-16;34,6084
1976-09-17;29,6902
1976-09-18;30,283
1976-09-19;24,6352
1976-09-20;24,0848
1976-09-21;24,6352
1976-09-22;22,1676
1976-09-23;22,6404
1976-09-24;18,982
1976-09-25;18,1119
1976-09-26;18,982
1976-09-27;19,4238
1976-09-28;18,982
1976-09-29;18,5447
1976-09-30;20,7758
1976-10-01;44,1904
1976-10-02;42,0318
1976-10-03;37,2189
1976-10-04;32,099
1976-10-05;31,4874
1976-10-06;29,1037
1976-10-07;26,2644
1976-10-08;24,0848
1976-10-09;25,7151
1976-10-10;25,1721
1976-10-11;24,6352
1976-10-12;25,1721
1976-10-13;23,1175
1976-10-14;21,6993
1976-10-15;20,3207
1976-10-16;41,3251
1976-10-17;60,0669
1976-10-18;61,7979
1976-10-19;60,0669
1976-10-20;61,7979
1976-10-21;53,4045
1976-10-22;45,6615
1976-10-23;46,4068
1976-10-24;42,745
1976-10-25;37,8873
1976-10-26;33,9716
1976-10-27;28,5233
1976-10-28;25,7151
1976-10-29;24,0848
1976-10-30;23,5989
1976-10-31;35,901
1976-11-01;66,2406
1976-11-02;57,5195
1976-11-03;44,1904
1976-11-04;283,061
1976-11-05;347,49
1976-11-06;285,03
1976-11-07;213,618
1976-11-08;124,884
1976-11-09;89,8752
1976-11-10;67,1489
1976-11-11;52,6011
1976-11-12;43,4645
1976-11-13;35,901
1976-11-14;30,8821
1976-11-15;27,9493
1976-11-16;27,3814
1976-11-17;23,1175
1976-11-18;23,1175
1976-11-19;21,6993
1976-11-20;20,7758
1976-11-21;21,2354
1976-11-22;22,1676
1976-11-23;20,3207
1976-11-24;17,6836
1976-11-25;15,6098
1976-11-26;16,4257
1976-11-27;14,0331
1976-11-28;14,8123
1976-11-29;16,4257
1976-11-30;19,4238
1976-12-01;190,645
1976-12-02;378,906
1976-12-03;181,226
1976-12-04;100,864
1976-12-05;67,1489
1976-12-06;50,2296
1976-12-07;42,0318
1976-12-08;52,6011
1976-12-09;44,9228
1976-12-10;40,6248
1976-12-11;35,901
1976-12-12;32,7169
1976-12-13;25,1721
1976-12-14;20,7758
1976-12-15;20,7758
1976-12-16;19,4238
1976-12-17;22,6404
1976-12-18;26,2644
1976-12-19;24,0848
1976-12-20;22,1676
1976-12-21;19,4238
1976-12-22;19,4238
1976-12-23;19,87
1976-12-24;17,2597
1976-12-25;16,4257
1976-12-26;15,6098
1976-12-27;14,4204
1976-12-28;15,2087
1976-12-29;16,0155
1976-12-30;14,8123
1976-12-31;14,0331
1977-01-01;13,6505
1977-01-02;12,8992
1977-01-03;19,87
1977-01-04;31,4874
1977-01-05;47,1584
1977-01-06;38,5622
1977-01-07;30,8821
1977-01-08;25,1721
1977-01-09;21,6993
1977-01-10;19,4238
1977-01-11;17,6836
1977-01-12;16,4257
1977-01-13;17,2597
1977-01-14;27,9493
1977-01-15;40,6248
1977-01-16;32,7169
1977-01-17;35,901
1977-01-18;43,4645
1977-01-19;193,842
1977-01-20;139,266
1977-01-21;83,6057
1977-01-22;59,2112
1977-01-23;65,3389
1977-01-24;51,8041
1977-01-25;42,0318
1977-01-26;32,7169
1977-01-27;26,2644
1977-01-28;23,5989
1977-01-29;21,6993
1977-01-30;21,6993
1977-01-31;16,4257
1977-02-01;16,4257
1977-02-02;29,6902
1977-02-03;26,2644
1977-02-04;19,87
1977-02-05;16,0155
1977-02-06;26,8198
1977-02-07;42,0318
1977-02-08;35,2515
1977-02-09;30,8821
1977-02-10;32,099
1977-02-11;39,2433
1977-02-12;123,618
1977-02-13;46,4068
1977-02-14;33,3411
1977-02-15;26,2644
1977-02-16;20,7758
1977-02-17;21,2354
1977-02-18;24,6352
1977-02-19;32,7169
1977-02-20;29,6902
1977-02-21;24,0848
1977-02-22;20,3207
1977-02-23;16,0155
1977-02-24;15,6098
1977-02-25;14,0331
1977-02-26;13,2725
1977-02-27;14,0331
1977-02-28;14,8123
1977-03-01;13,2725
1977-03-02;12,1667
1977-03-03;14,4204
1977-03-04;12,8992
1977-03-05;15,6098
1977-03-06;26,2644
1977-03-07;63,5552
1977-03-08;37,2189
1977-03-09;22,6404
1977-03-10;17,6836
1977-03-11;16,0155
1977-03-12;16,0155
1977-03-13;13,2725
1977-03-14;12,1667
1977-03-15;11,4531
1977-03-16;12,5306
1977-03-17;17,2597
1977-03-18;16,8404
1977-03-19;14,8123
1977-03-20;13,6505
1977-03-21;11,4531
1977-03-22;10,7584
1977-03-23;11,8075
1977-03-24;10,4183
1977-03-25;9,4268
1977-03-26;8,0372
1977-03-27;11,4531
1977-03-28;258,131
1977-03-29;283,061
1977-03-30;158,787
1977-03-31;157,348
1977-04-01;114,947
1977-04-02;85,6687
1977-04-03;61,7979
1977-04-04;50,2296
1977-04-05;39,2433
1977-04-06;32,7169
1977-04-07;27,3814
1977-04-08;23,5989
1977-04-09;22,1676
1977-04-10;20,3207
1977-04-11;18,982
1977-04-12;19,87
1977-04-13;18,5447
1977-04-14;17,6836
1977-04-15;21,6993
1977-04-16;24,0848
1977-04-17;27,3814
1977-04-18;79,5602
1977-04-19;75,6217
1977-04-20;60,0669
1977-04-21;47,1584
1977-04-22;54,2145
1977-04-23;47,1584
1977-04-24;41,3251
1977-04-25;34,6084
1977-04-26;28,5233
1977-04-27;22,6404
1977-04-28;20,7758
1977-04-29;18,982
1977-04-30;17,6836
1977-05-01;16,8404
1977-05-02;17,6836
1977-05-03;17,6836
1977-05-04;16,8404
1977-05-05;16,0155
1977-05-06;14,0331
1977-05-07;12,8992
1977-05-08;12,1667
1977-05-09;12,5306
1977-05-10;14,0331
1977-05-11;14,4204
1977-05-12;13,2725
1977-05-13;12,5306
1977-05-14;11,8075
1977-05-15;13,2725
1977-05-16;14,4204
1977-05-17;13,6505
1977-05-18;13,6505
1977-05-19;13,2725
1977-05-20;13,6505
1977-05-21;12,8992
1977-05-22;12,1667
1977-05-23;12,5306
1977-05-24;12,1667
1977-05-25;12,1667
1977-05-26;13,6505
1977-05-27;14,8123
1977-05-28;13,6505
1977-05-29;12,8992
1977-05-30;12,1667
1977-05-31;13,2725
1977-06-01;13,2725
1977-06-02;12,1667
1977-06-03;13,6505
1977-06-04;12,5306
1977-06-05;11,4531
1977-06-06;11,1034
1977-06-07;12,5306
1977-06-08;13,2725
1977-06-09;12,5306
1977-06-10;10,4183
1977-06-11;9,4268
1977-06-12;12,1667
1977-06-13;10,7584
1977-06-14;11,8075
1977-06-15;11,1034
1977-06-16;10,083
1977-06-17;9,4268
1977-06-18;10,7584
1977-06-19;12,5306
1977-06-20;222,162
1977-06-21;127,437
1977-06-22;208,578
1977-06-23;222,162
1977-06-24;201,957
1977-06-25;195,451
1977-06-26;173,57
1977-06-27;97,4963
1977-06-28;74,6537
1977-06-29;59,2112
1977-06-30;51,0136
1977-07-01;44,1904
1977-07-02;39,9309
1977-07-03;35,2515
1977-07-04;30,8821
1977-07-05;26,8198
1977-07-06;23,1175
1977-07-07;26,8198
1977-07-08;31,4874
1977-07-09;35,901
1977-07-10;36,5568
1977-07-11;42,745
1977-07-12;41,3251
1977-07-13;46,4068
1977-07-14;154,489
1977-07-15;146,081
1977-07-16;135,261
1977-07-17;116,165
1977-07-18;110,144
1977-07-19;87,7585
1977-07-20;67,1489
1977-07-21;57,5195
1977-07-22;258,131
1977-07-23;218,723
1977-07-24;193,842
1977-07-25;122,358
1977-07-26;104,293
1977-07-27;82,5843
1977-07-28;130,017
1977-07-29;349,685
1977-07-30;311,285
1977-07-31;273,328
1977-08-01;428,762
1977-08-02;1100,73
1977-08-03;428,762
1977-08-04;261,887
1977-08-05;175,087
1977-08-06;141,972
1977-08-07;98,6121
1977-08-08;82,5843
1977-08-09;61,7979
1977-08-10;49,4521
1977-08-11;47,1584
1977-08-12;52,6011
1977-08-13;57,5195
1977-08-14;63,5552
1977-08-15;75,6217
1977-08-16;133,939
1977-08-17;1032,91
1977-08-18;829,196
1977-08-19;363,016
1977-08-20;220,439
1977-08-21;147,465
1977-08-22;85,6687
1977-08-23;87,7585
1977-08-24;81,5696
1977-08-25;89,8752
1977-08-26;81,5696
1977-08-27;77,5776
1977-08-28;63,5552
1977-08-29;51,0136
1977-08-30;50,2296
1977-08-31;49,4521
1977-09-01;44,9228
1977-09-02;44,1904
1977-09-03;41,3251
1977-09-04;37,8873
1977-09-05;33,9716
1977-09-06;118,622
1977-09-07;190,645
1977-09-08;205,253
1977-09-09;131,318
1977-09-10;98,6121
1977-09-11;90,9437
1977-09-12;77,5776
1977-09-13;52,6011
1977-09-14;44,9228
1977-09-15;44,9228
1977-09-16;55,0309
1977-09-17;281,1
1977-09-18;220,439
1977-09-19;143,335
1977-09-20;116,165
1977-09-21;84,6339
1977-09-22;58,3621
1977-09-23;53,4045
1977-09-24;49,4521
1977-09-25;42,745
1977-09-26;45,6615
1977-09-27;45,6615
1977-09-28;47,1584
1977-09-29;58,3621
1977-09-30;66,2406
1977-10-01;49,4521
1977-10-02;33,3411
1977-10-03;31,4874
1977-10-04;29,6902
1977-10-05;27,9493
1977-10-06;28,5233
1977-10-07;27,3814
1977-10-08;25,7151
1977-10-09;25,7151
1977-10-10;24,6352
1977-10-11;22,6404
1977-10-12;19,4238
1977-10-13;21,6993
1977-10-14;32,7169
1977-10-15;42,745
1977-10-16;52,6011
1977-10-17;56,6835
1977-10-18;51,0136
1977-10-19;42,745
1977-10-20;38,5622
1977-10-21;37,2189
1977-10-22;36,5568
1977-10-23;35,901
1977-10-24;35,2515
1977-10-25;39,2433
1977-10-26;49,4521
1977-10-27;59,2112
1977-10-28;57,5195
1977-10-29;47,9165
1977-10-30;39,9309
1977-10-31;39,9309
1977-11-01;200,32
1977-11-02;200,32
1977-11-03;88,8135
1977-11-04;47,1584
1977-11-05;44,1904
1977-11-06;55,0309
1977-11-07;63,5552
1977-11-08;57,5195
1977-11-09;42,0318
1977-11-10;39,9309
1977-11-11;48,6811
1977-11-12;57,5195
1977-11-13;70,8483
1977-11-14;73,6924
1977-11-15;67,1489
1977-11-16;57,5195
1977-11-17;49,4521
1977-11-18;37,8873
1977-11-19;29,1037
1977-11-20;25,7151
1977-11-21;25,1721
1977-11-22;31,4874
1977-11-23;38,5622
1977-11-24;60,0669
1977-11-25;77,5776
1977-11-26;92,0189
1977-11-27;110,144
1977-11-28;117,39
1977-11-29;96,3873
1977-11-30;71,7897
1977-12-01;43,4645
1977-12-02;37,8873
1977-12-03;40,6248
1977-12-04;58,3621
1977-12-05;73,6924
1977-12-06;57,5195
1977-12-07;92,0189
1977-12-08;248,868
1977-12-09;126,157
1977-12-10;82,5843
1977-12-11;71,7897
1977-12-12;52,6011
1977-12-13;41,3251
1977-12-14;35,2515
1977-12-15;29,6902
1977-12-16;19,4238
1977-12-17;17,2597
1977-12-18;15,6098
1977-12-19;13,6505
1977-12-20;12,5306
1977-12-21;11,4531
1977-12-22;10,4183
1977-12-23;9,4268
1977-12-24;8,7069
1977-12-25;9,045
1977-12-26;8,7069
1977-12-27;7,3767
1977-12-28;7,0501
1977-12-29;7,3767
1977-12-30;7,0501
1977-12-31;6,726
1978-01-01;6,0856
1978-01-02;6,4045
1978-01-03;7,3767
1978-01-04;7,0501
1978-01-05;5,4562
1978-01-06;5,7695
1978-01-07;3,9371
1978-01-08;3,6437
1978-01-09;3,0687
1978-01-10;3,0687
1978-01-11;3,6437
1978-01-12;4,2342
1978-01-13;4,8387
1978-01-14;4,8387
1978-01-15;11,1034
1978-01-16;11,4531
1978-01-17;6,4045
1978-01-18;5,7695
1978-01-19;6,4045
1978-01-20;8,0372
1978-01-21;57,5195
1978-01-22;58,3621
1978-01-23;39,9309
1978-01-24;29,1037
1978-01-25;23,5989
1978-01-26;26,2644
1978-01-27;24,6352
1978-01-28;25,1721
1978-01-29;25,1721
1978-01-30;20,3207
1978-01-31;16,0155
1978-02-01;14,8123
1978-02-02;16,0155
1978-02-03;15,2087
1978-02-04;14,0331
1978-02-05;14,0331
1978-02-06;13,6505
1978-02-07;11,4531
1978-02-08;10,4183
1978-02-09;9,4268
1978-02-10;8,3709
1978-02-11;7,7058
1978-02-12;6,4045
1978-02-13;10,4183
1978-02-14;12,5306
1978-02-15;11,8075
1978-02-16;9,045
1978-02-17;9,7524
1978-02-18;8,7069
1978-02-19;7,7058
1978-02-20;6,0856
1978-02-21;4,2342
1978-02-22;3,3541
1978-02-23;2,7877
1978-02-24;3,0687
1978-02-25;3,3541
1978-02-26;2,7877
1978-02-27;2,5113
1978-02-28;1,7137
1978-03-01;1,7137
1978-03-02;2,2399
1978-03-03;3,6437
1978-03-04;21,2354
1978-03-05;38,5622
1978-03-06;18,1119
1978-03-07;8,3709
1978-03-08;6,726
1978-03-09;6,4045
1978-03-10;6,4045
1978-03-11;6,726
1978-03-12;6,4045
1978-03-13;7,0501
1978-03-14;6,4045
1978-03-15;5,7695
1978-03-16;7,7058
1978-03-17;9,4268
1978-03-18;4,2342
1978-03-19;3,6437
1978-03-20;4,8387
1978-03-21;5,1459
1978-03-22;7,3767
1978-03-23;14,0331
1978-03-24;12,8992
1978-03-25;13,2725
1978-03-26;13,6505
1978-03-27;14,8123
1978-03-28;42,0318
1978-03-29;34,6084
1978-03-30;27,3814
1978-03-31;17,6836
1978-04-01;12,1667
1978-04-02;8,3709
1978-04-03;4,8387
1978-04-04;3,9371
1978-04-05;3,3541
1978-04-06;3,9371
1978-04-07;5,4562
1978-04-08;4,8387
1978-04-09;3,6437
1978-04-10;2,7877
1978-04-11;2,2399
1978-04-12;2,7877
1978-04-13;2,2399
1978-04-14;1,7137
1978-04-15;2,2399
1978-04-16;3,0687
1978-04-17;2,2399
1978-04-18;1,9739
1978-04-19;1,7137
1978-04-20;1,46
1978-04-21;1,9739
1978-04-22;1,9739
1978-04-23;1,7137
1978-04-24;1,46
1978-04-25;1,2134
1978-04-26;2,5113
1978-04-27;1,7137
1978-04-28;1,9739
1978-04-29;1,9739
1978-04-30;2,2399
1978-05-01;2,7877
1978-05-02;5,1459
1978-05-03;6,0856
1978-05-04;7,0501
1978-05-05;6,726
1978-05-06;6,4045
1978-05-07;5,4562
1978-05-08;4,2342
1978-05-09;2,7877
1978-05-10;2,7877
1978-05-11;3,9371
1978-05-12;3,3541
1978-05-13;2,5113
1978-05-14;1,9739
1978-05-15;3,3541
1978-05-16;4,8387
1978-05-17;5,7695
1978-05-18;8,3709
1978-05-19;6,726
1978-05-20;5,1459
1978-05-21;4,5348
1978-05-22;4,2342
1978-05-23;3,9371
1978-05-24;3,6437
1978-05-25;5,1459
1978-05-26;3,6437
1978-05-27;4,5348
1978-05-28;4,8387
1978-05-29;4,5348
1978-05-30;4,2342
1978-05-31;3,6437
1978-06-01;3,6437
1978-06-02;4,5348
1978-06-03;3,9371
1978-06-04;3,6437
1978-06-05;3,3541
1978-06-06;3,3541
1978-06-07;3,3541
1978-06-08;3,9371
1978-06-09;7,0501
1978-06-10;7,0501
1978-06-11;7,0501
1978-06-12;6,4045
1978-06-13;5,7695
1978-06-14;5,1459
1978-06-15;5,4562
1978-06-16;4,8387
1978-06-17;5,1459
1978-06-18;4,5348
1978-06-19;4,2342
1978-06-20;4,5348
1978-06-21;5,7695
1978-06-22;11,1034
1978-06-23;18,5447
1978-06-24;16,0155
1978-06-25;14,0331
1978-06-26;12,5306
1978-06-27;8,3709
1978-06-28;7,0501
1978-06-29;5,7695
1978-06-30;6,726
1978-07-01;23,1175
1978-07-02;16,0155
1978-07-03;12,1667
1978-07-04;12,1667
1978-07-05;11,4531
1978-07-06;10,7584
1978-07-07;10,4183
1978-07-08;10,083
1978-07-09;11,4531
1978-07-10;12,1667
1978-07-11;12,1667
1978-07-12;11,4531
1978-07-13;10,4183
1978-07-14;10,7584
1978-07-15;9,7524
1978-07-16;10,4183
1978-07-17;11,8075
1978-07-18;14,8123
1978-07-19;18,1119
1978-07-20;22,1676
1978-07-21;79,5602
1978-07-22;915,157
1978-07-23;365,264
1978-07-24;243,398
1978-07-25;161,688
1978-07-26;114,947
1978-07-27;107,783
1978-07-28;122,358
1978-07-29;98,6121
1978-07-30;83,6057
1978-07-31;81,5696
1978-08-01;72,7377
1978-08-02;63,5552
1978-08-03;54,2145
1978-08-04;45,6615
1978-08-05;40,6248
1978-08-06;33,9716
1978-08-07;24,6352
1978-08-08;18,1119
1978-08-09;19,4238
1978-08-10;17,2597
1978-08-11;22,6404
1978-08-12;30,283
1978-08-13;55,0309
1978-08-14;82,5843
1978-08-15;140,616
1978-08-16;130,017
1978-08-17;99,7346
1978-08-18;73,6924
1978-08-19;49,4521
1978-08-20;51,8041
1978-08-21;58,3621
1978-08-22;63,5552
1978-08-23;56,6835
1978-08-24;51,8041
1978-08-25;42,0318
1978-08-26;35,901
1978-08-27;30,8821
1978-08-28;25,1721
1978-08-29;23,5989
1978-08-30;26,2644
1978-08-31;32,7169
1978-09-01;30,8821
1978-09-02;29,6902
1978-09-03;32,7169
1978-09-04;78,5656
1978-09-05;118,622
1978-09-06;94,1896
1978-09-07;57,5195
1978-09-08;82,5843
1978-09-09;114,947
1978-09-10;89,8752
1978-09-11;69,9135
1978-09-12;48,6811
1978-09-13;47,9165
1978-09-14;53,4045
1978-09-15;66,2406
1978-09-16;104,293
1978-09-17;95,285
1978-09-18;68,0638
1978-09-19;54,2145
1978-09-20;48,6811
1978-09-21;44,9228
1978-09-22;40,6248
1978-09-23;36,5568
1978-09-24;32,099
1978-09-25;27,3814
1978-09-26;23,1175
1978-09-27;20,7758
1978-09-28;18,5447
1978-09-29;16,8404
1978-09-30;16,4257
1978-10-01;15,2087
1978-10-02;13,2725
1978-10-03;12,1667
1978-10-04;11,4531
1978-10-05;14,4204
1978-10-06;20,7758
1978-10-07;18,5447
1978-10-08;15,2087
1978-10-09;12,5306
1978-10-10;13,6505
1978-10-11;14,0331
1978-10-12;13,6505
1978-10-13;14,4204
1978-10-14;14,8123
1978-10-15;14,8123
1978-10-16;14,0331
1978-10-17;12,8992
1978-10-18;11,8075
1978-10-19;11,1034
1978-10-20;12,1667
1978-10-21;12,1667
1978-10-22;11,8075
1978-10-23;11,4531
1978-10-24;11,4531
1978-10-25;10,083
1978-10-26;9,045
1978-10-27;11,1034
1978-10-28;12,1667
1978-10-29;14,8123
1978-10-30;22,1676
1978-10-31;29,6902
1978-11-01;51,8041
1978-11-02;57,5195
1978-11-03;67,1489
1978-11-04;74,6537
1978-11-05;69,9135
1978-11-06;61,7979
1978-11-07;49,4521
1978-11-08;42,745
1978-11-09;37,2189
1978-11-10;30,283
1978-11-11;33,3411
1978-11-12;35,2515
1978-11-13;29,6902
1978-11-14;26,8198
1978-11-15;23,5989
1978-11-16;22,1676
1978-11-17;23,5989
1978-11-18;25,1721
1978-11-19;236,204
1978-11-20;610,029
1978-11-21;655,299
1978-11-22;321,713
1978-11-23;172,06
1978-11-24;123,618
1978-11-25;89,8752
1978-11-26;211,931
1978-11-27;117,39
1978-11-28;82,5843
1978-11-29;63,5552
1978-11-30;52,6011
1978-12-01;44,9228
1978-12-02;38,5622
1978-12-03;34,6084
1978-12-04;48,6811
1978-12-05;47,1584
1978-12-06;108,96
1978-12-07;153,07
1978-12-08;135,261
1978-12-09;119,86
1978-12-10;85,6687
1978-12-11;58,3621
1978-12-12;42,0318
1978-12-13;33,9716
1978-12-14;30,283
1978-12-15;26,2644
1978-12-16;25,1721
1978-12-17;23,5989
1978-12-18;20,7758
1978-12-19;18,1119
1978-12-20;16,4257
1978-12-21;16,4257
1978-12-22;14,8123
1978-12-23;13,2725
1978-12-24;13,6505
1978-12-25;15,2087
1978-12-26;16,8404
1978-12-27;18,5447
1978-12-28;19,4238
1978-12-29;17,6836
1978-12-30;16,0155
1978-12-31;14,0331
1979-01-01;12,5306
1979-01-02;10,7584
1979-01-03;10,4183
1979-01-04;11,1034
1979-01-05;9,4268
1979-01-06;8,3709
1979-01-07;7,7058
1979-01-08;6,4045
1979-01-09;6,0856
1979-01-10;5,7695
1979-01-11;5,4562
1979-01-12;4,8387
1979-01-13;5,4562
1979-01-14;6,0856
1979-01-15;6,4045
1979-01-16;5,7695
1979-01-17;5,1459
1979-01-18;4,8387
1979-01-19;4,5348
1979-01-20;5,1459
1979-01-21;4,5348
1979-01-22;3,9371
1979-01-23;3,9371
1979-01-24;3,3541
1979-01-25;3,9371
1979-01-26;4,2342
1979-01-27;5,1459
1979-01-28;5,7695
1979-01-29;5,1459
1979-01-30;4,8387
1979-01-31;5,4562
1979-02-01;6,4045
1979-02-02;6,726
1979-02-03;6,0856
1979-02-04;5,7695
1979-02-05;4,8387
1979-02-06;3,9371
1979-02-07;3,3541
1979-02-08;2,7877
1979-02-09;3,3541
1979-02-10;3,9371
1979-02-11;4,5348
1979-02-12;5,1459
1979-02-13;8,0372
1979-02-14;12,5306
1979-02-15;9,045
1979-02-16;7,0501
1979-02-17;7,7058
1979-02-18;8,3709
1979-02-19;6,4045
1979-02-20;12,1667
1979-02-21;8,3709
1979-02-22;7,7058
1979-02-23;7,3767
1979-02-24;8,7069
1979-02-25;10,4183
1979-02-26;12,1667
1979-02-27;11,4531
1979-02-28;10,4183
1979-03-01;9,045
1979-03-02;8,0372
1979-03-03;8,7069
1979-03-04;9,045
1979-03-05;7,0501
1979-03-06;5,1459
1979-03-07;4,5348
1979-03-08;5,4562
1979-03-09;6,0856
1979-03-10;7,0501
1979-03-11;6,0856
1979-03-12;5,7695
1979-03-13;7,7058
1979-03-14;9,7524
1979-03-15;11,8075
1979-03-16;11,8075
1979-03-17;10,083
1979-03-18;9,4268
1979-03-19;9,045
1979-03-20;8,3709
1979-03-21;7,7058
1979-03-22;7,0501
1979-03-23;6,726
1979-03-24;6,726
1979-03-25;6,4045
1979-03-26;5,7695
1979-03-27;5,1459
1979-03-28;4,5348
1979-03-29;4,2342
1979-03-30;3,9371
1979-03-31;3,9371
1979-04-01;4,8387
1979-04-02;4,8387
1979-04-03;4,5348
1979-04-04;4,5348
1979-04-05;4,2342
1979-04-06;3,9371
1979-04-07;4,8387
1979-04-08;5,4562
1979-04-09;6,0856
1979-04-10;5,7695
1979-04-11;4,8387
1979-04-12;4,2342
1979-04-13;4,5348
1979-04-14;4,2342
1979-04-15;3,9371
1979-04-16;32,7169
1979-04-17;32,7169
1979-04-18;33,3411
1979-04-19;19,4238
1979-04-20;14,8123
1979-04-21;12,5306
1979-04-22;11,1034
1979-04-23;9,7524
1979-04-24;8,3709
1979-04-25;7,3767
1979-04-26;6,4045
1979-04-27;5,4562
1979-04-28;4,8387
1979-04-29;4,2342
1979-04-30;3,9371
1979-05-01;3,3541
1979-05-02;4,8387
1979-05-03;4,8387
1979-05-04;7,3767
1979-05-05;9,4268
1979-05-06;10,4183
1979-05-07;12,1667
1979-05-08;15,6098
1979-05-09;30,8821
1979-05-10;83,6057
1979-05-11;72,7377
1979-05-12;50,2296
1979-05-13;39,2433
1979-05-14;32,099
1979-05-15;27,3814
1979-05-16;23,1175
1979-05-17;20,3207
1979-05-18;17,6836
1979-05-19;16,0155
1979-05-20;16,0155
1979-05-21;15,2087
1979-05-22;67,1489
1979-05-23;93,1009
1979-05-24;75,6217
1979-05-25;61,7979
1979-05-26;49,4521
1979-05-27;40,6248
1979-05-28;33,3411
1979-05-29;27,9493
1979-05-30;24,6352
1979-05-31;21,6993
1979-06-01;19,4238
1979-06-02;18,1119
1979-06-03;16,8404
1979-06-04;19,4238
1979-06-05;26,2644
1979-06-06;40,6248
1979-06-07;58,3621
1979-06-08;60,9291
1979-06-09;55,8539
1979-06-10;53,4045
1979-06-11;53,4045
1979-06-12;52,6011
1979-06-13;43,4645
1979-06-14;39,9309
1979-06-15;34,6084
1979-06-16;29,1037
1979-06-17;24,0848
1979-06-18;18,5447
1979-06-19;16,8404
1979-06-20;16,0155
1979-06-21;14,8123
1979-06-22;14,4204
1979-06-23;14,8123
1979-06-24;14,0331
1979-06-25;13,2725
1979-06-26;12,8992
1979-06-27;12,1667
1979-06-28;11,8075
1979-06-29;11,8075
1979-06-30;11,4531
1979-07-01;11,1034
1979-07-02;11,1034
1979-07-03;14,4204
1979-07-04;16,0155
1979-07-05;20,7758
1979-07-06;22,1676
1979-07-07;35,901
1979-07-08;453,662
1979-07-09;381,206
1979-07-10;179,68
1979-07-11;131,318
1979-07-12;83,6057
1979-07-13;65,3389
1979-07-14;47,9165
1979-07-15;39,9309
1979-07-16;33,3411
1979-07-17;30,283
1979-07-18;27,3814
1979-07-19;24,6352
1979-07-20;34,6084
1979-07-21;42,745
1979-07-22;65,3389
1979-07-23;73,6924
1979-07-24;59,2112
1979-07-25;50,2296
1979-07-26;52,6011
1979-07-27;51,8041
1979-07-28;51,0136
1979-07-29;50,2296
1979-07-30;47,1584
1979-07-31;45,6615
1979-08-01;27,3814
1979-08-02;25,1721
1979-08-03;20,3207
1979-08-04;22,1676
1979-08-05;30,283
1979-08-06;39,9309
1979-08-07;50,2296
1979-08-08;53,4045
1979-08-09;118,622
1979-08-10;237,992
1979-08-11;197,067
1979-08-12;160,234
1979-08-13;143,335
1979-08-14;100,864
1979-08-15;110,144
1979-08-16;110,144
1979-08-17;96,3873
1979-08-18;83,6057
1979-08-19;72,7377
1979-08-20;64,4438
1979-08-21;60,0669
1979-08-22;51,0136
1979-08-23;41,3251
1979-08-24;30,283
1979-08-25;26,8198
1979-08-26;24,6352
1979-08-27;23,5989
1979-08-28;21,6993
1979-08-29;22,1676
1979-08-30;18,982
1979-08-31;18,5447
1979-09-01;20,3207
1979-09-02;25,1721
1979-09-03;29,6902
1979-09-04;30,283
1979-09-05;30,8821
1979-09-06;29,6902
1979-09-07;28,5233
1979-09-08;27,3814
1979-09-09;25,7151
1979-09-10;24,0848
1979-09-11;22,1676
1979-09-12;20,3207
1979-09-13;19,4238
1979-09-14;18,5447
1979-09-15;16,8404
1979-09-16;16,4257
1979-09-17;15,6098
1979-09-18;14,8123
1979-09-19;15,2087
1979-09-20;16,0155
1979-09-21;15,6098
1979-09-22;15,2087
1979-09-23;16,0155
1979-09-24;18,982
1979-09-25;135,261
1979-09-26;95,285
1979-09-27;73,6924
1979-09-28;65,3389
1979-09-29;103,143
1979-09-30;155,915
1979-10-01;140,616
1979-10-02;117,39
1979-10-03;184,337
1979-10-04;358,543
1979-10-05;497,719
1979-10-06;967,395
1979-10-07;839,694
1979-10-08;390,478
1979-10-09;277,199
1979-10-10;185,904
1979-10-11;148,856
1979-10-12;130,017
1979-10-13;195,451
1979-10-14;147,465
1979-10-15;108,96
1979-10-16;105,449
1979-10-17;94,1896
1979-10-18;86,7102
1979-10-19;78,5656
1979-10-20;72,7377
1979-10-21;66,2406
1979-10-22;60,0669
1979-10-23;47,1584
1979-10-24;57,5195
1979-10-25;575,055
1979-10-26;360,776
1979-10-27;197,067
1979-10-28;215,313
1979-10-29;236,204
1979-10-30;185,904
1979-10-31;147,465
1979-11-01;123,618
1979-11-02;105,449
1979-11-03;90,9437
1979-11-04;79,5602
1979-11-05;70,8483
1979-11-06;61,7979
1979-11-07;139,266
1979-11-08;201,957
1979-11-09;279,146
1979-11-10;275,26
1979-11-11;223,892
1979-11-12;147,465
1979-11-13;103,143
1979-11-14;70,8483
1979-11-15;55,8539
1979-11-16;98,6121
1979-11-17;236,204
1979-11-18;273,328
1979-11-19;239,786
1979-11-20;203,602
1979-11-21;150,254
1979-11-22;97,4963
1979-11-23;95,285
1979-11-24;84,6339
1979-11-25;143,335
1979-11-26;104,293
1979-11-27;83,6057
1979-11-28;68,0638
1979-11-29;58,3621
1979-11-30;51,8041
1979-12-01;49,4521
1979-12-02;47,9165
1979-12-03;44,1904
1979-12-04;254,404
1979-12-05;356,318
1979-12-06;277,199
1979-12-07;166,091
1979-12-08;121,106
1979-12-09;203,602
1979-12-10;158,787
1979-12-11;117,39
1979-12-12;98,6121
1979-12-13;102,0
1979-12-14;172,06
1979-12-15;252,552
1979-12-16;146,081
1979-12-17;100,864
1979-12-18;83,6057
1979-12-19;75,6217
1979-12-20;70,8483
1979-12-21;65,3389
1979-12-22;60,0669
1979-12-23;57,5195
1979-12-24;51,8041
1979-12-25;47,1584
1979-12-26;39,9309
1979-12-27;35,901
1979-12-28;33,3411
1979-12-29;28,5233
1979-12-30;28,5233
1979-12-31;35,2515
1980-01-01;37,8873
1980-01-02;35,2515
1980-01-03;32,099
1980-01-04;27,3814
1980-01-05;25,1721
1980-01-06;24,0848
1980-01-07;25,7151
1980-01-08;26,2644
1980-01-09;29,6902
1980-01-10;32,099
1980-01-11;29,6902
1980-01-12;27,3814
1980-01-13;23,5989
1980-01-14;19,87
1980-01-15;14,4204
1980-01-16;12,5306
1980-01-17;17,6836
1980-01-18;21,2354
1980-01-19;24,0848
1980-01-20;28,5233
1980-01-21;26,2644
1980-01-22;24,0848
1980-01-23;20,7758
1980-01-24;18,982
1980-01-25;17,6836
1980-01-26;15,6098
1980-01-27;14,4204
1980-01-28;12,1667
1980-01-29;10,083
1980-01-30;11,4531
1980-01-31;13,2725
1980-02-01;18,1119
1980-02-02;23,5989
1980-02-03;23,5989
1980-02-04;21,2354
1980-02-05;22,6404
1980-02-06;26,2644
1980-02-07;25,7151
1980-02-08;25,7151
1980-02-09;20,3207
1980-02-10;17,2597
1980-02-11;13,6505
1980-02-12;12,1667
1980-02-13;11,8075
1980-02-14;10,7584
1980-02-15;11,8075
1980-02-16;12,8992
1980-02-17;14,4204
1980-02-18;16,0155
1980-02-19;14,8123
1980-02-20;12,8992
1980-02-21;11,4531
1980-02-22;11,4531
1980-02-23;13,6505
1980-02-24;16,8404
1980-02-25;21,6993
1980-02-26;27,9493
1980-02-27;38,5622
1980-02-28;26,8198
1980-02-29;23,5989
1980-03-01;20,3207
1980-03-02;16,8404
1980-03-03;14,8123
1980-03-04;14,4204
1980-03-05;17,6836
1980-03-06;16,0155
1980-03-07;17,6836
1980-03-08;41,3251
1980-03-09;24,0848
1980-03-10;18,1119
1980-03-11;16,8404
1980-03-12;17,2597
1980-03-13;17,6836
1980-03-14;48,6811
1980-03-15;59,2112
1980-03-16;57,5195
1980-03-17;28,5233
1980-03-18;19,4238
1980-03-19;15,6098
1980-03-20;12,5306
1980-03-21;11,1034
1980-03-22;9,7524
1980-03-23;11,8075
1980-03-24;13,6505
1980-03-25;14,0331
1980-03-26;13,2725
1980-03-27;12,1667
1980-03-28;11,4531
1980-03-29;10,083
1980-03-30;9,7524
1980-03-31;10,7584
1980-04-01;11,1034
1980-04-02;9,7524
1980-04-03;8,7069
1980-04-04;8,3709
1980-04-05;8,0372
1980-04-06;8,3709
1980-04-07;7,3767
1980-04-08;6,726
1980-04-09;6,4045
1980-04-10;6,4045
1980-04-11;6,4045
1980-04-12;7,3767
1980-04-13;16,8404
1980-04-14;24,0848
1980-04-15;22,1676
1980-04-16;19,4238
1980-04-17;16,0155
1980-04-18;12,8992
1980-04-19;11,8075
1980-04-20;11,1034
1980-04-21;10,083
1980-04-22;9,4268
1980-04-23;9,4268
1980-04-24;9,045
1980-04-25;8,3709
1980-04-26;8,0372
1980-04-27;7,7058
1980-04-28;7,7058
1980-04-29;7,3767
1980-04-30;7,0501
1980-05-01;8,0372
1980-05-02;9,7524
1980-05-03;11,4531
1980-05-04;12,5306
1980-05-05;12,5306
1980-05-06;10,7584
1980-05-07;9,4268
1980-05-08;11,8075
1980-05-09;60,0669
1980-05-10;84,6339
1980-05-11;187,477
1980-05-12;148,856
1980-05-13;73,6924
1980-05-14;65,3389
1980-05-15;60,9291
1980-05-16;55,0309
1980-05-17;59,2112
1980-05-18;69,9135
1980-05-19;81,5696
1980-05-20;94,1896
1980-05-21;123,618
1980-05-22;83,6057
1980-05-23;75,6217
1980-05-24;67,1489
1980-05-25;58,3621
1980-05-26;49,4521
1980-05-27;38,5622
1980-05-28;30,283
1980-05-29;26,2644
1980-05-30;24,6352
1980-05-31;22,6404
1980-06-01;20,7758
1980-06-02;19,87
1980-06-03;20,7758
1980-06-04;19,4238
1980-06-05;17,6836
1980-06-06;16,4257
1980-06-07;20,3207
1980-06-08;16,4257
1980-06-09;16,0155
1980-06-10;15,6098
1980-06-11;16,0155
1980-06-12;14,8123
1980-06-13;13,2725
1980-06-14;12,5306
1980-06-15;11,8075
1980-06-16;11,4531
1980-06-17;13,2725
1980-06-18;13,6505
1980-06-19;12,5306
1980-06-20;11,8075
1980-06-21;12,5306
1980-06-22;14,0331
1980-06-23;16,4257
1980-06-24;19,4238
1980-06-25;22,6404
1980-06-26;41,3251
1980-06-27;32,7169
1980-06-28;25,1721
1980-06-29;22,6404
1980-06-30;21,6993
1980-07-01;20,3207
1980-07-02;21,2354
1980-07-03;24,0848
1980-07-04;22,1676
1980-07-05;27,3814
1980-07-06;30,283
1980-07-07;28,5233
1980-07-08;26,8198
1980-07-09;25,1721
1980-07-10;24,0848
1980-07-11;21,2354
1980-07-12;20,3207
1980-07-13;19,4238
1980-07-14;18,982
1980-07-15;17,6836
1980-07-16;19,87
1980-07-17;18,5447
1980-07-18;19,87
1980-07-19;22,1676
1980-07-20;25,7151
1980-07-21;25,7151
1980-07-22;21,6993
1980-07-23;18,982
1980-07-24;16,0155
1980-07-25;14,8123
1980-07-26;13,6505
1980-07-27;15,2087
1980-07-28;22,1676
1980-07-29;433,682
1980-07-30;1005,66
1980-07-31;503,046
1980-08-01;154,489
1980-08-02;118,622
1980-08-03;102,0
1980-08-04;79,5602
1980-08-05;54,2145
1980-08-06;50,2296
1980-08-07;47,1584
1980-08-08;40,6248
1980-08-09;35,901
1980-08-10;33,3411
1980-08-11;30,283
1980-08-12;27,9493
1980-08-13;25,1721
1980-08-14;22,6404
1980-08-15;19,87
1980-08-16;17,2597
1980-08-17;16,4257
1980-08-18;66,2406
1980-08-19;146,081
1980-08-20;433,682
1980-08-21;1048,66
1980-08-22;453,662
1980-08-23;363,016
1980-08-24;248,868
1980-08-25;154,489
1980-08-26;118,622
1980-08-27;95,285
1980-08-28;79,5602
1980-08-29;64,4438
1980-08-30;52,6011
1980-08-31;45,6615
1980-09-01;39,2433
1980-09-02;90,9437
1980-09-03;210,251
1980-09-04;141,972
1980-09-05;128,723
1980-09-06;118,622
1980-09-07;105,449
1980-09-08;104,293
1980-09-09;114,947
1980-09-10;90,9437
1980-09-11;75,6217
1980-09-12;63,5552
1980-09-13;57,5195
1980-09-14;65,3389
1980-09-15;43,4645
1980-09-16;37,2189
1980-09-17;33,3411
1980-09-18;35,901
1980-09-19;50,2296
1980-09-20;60,0669
1980-09-21;65,3389
1980-09-22;57,5195
1980-09-23;48,6811
1980-09-24;41,3251
1980-09-25;35,2515
1980-09-26;29,6902
1980-09-27;25,7151
1980-09-28;25,1721
1980-09-29;23,5989
1980-09-30;24,0848
1980-10-01;29,6902
1980-10-02;39,2433
1980-10-03;39,9309
1980-10-04;32,099
1980-10-05;29,6902
1980-10-06;27,3814
1980-10-07;24,6352
1980-10-08;20,3207
1980-10-09;17,2597
1980-10-10;14,8123
1980-10-11;12,8992
1980-10-12;10,083
1980-10-13;11,4531
1980-10-14;13,2725
1980-10-15;16,0155
1980-10-16;18,5447
1980-10-17;22,1676
1980-10-18;26,2644
1980-10-19;30,8821
1980-10-20;39,2433
1980-10-21;90,9437
1980-10-22;309,222
1980-10-23;243,398
1980-10-24;139,266
1980-10-25;124,884
1980-10-26;118,622
1980-10-27;111,334
1980-10-28;102,0
1980-10-29;94,1896
1980-10-30;86,7102
1980-10-31;81,5696
1980-11-01;84,6339
1980-11-02;70,8483
1980-11-03;53,4045
1980-11-04;44,1904
1980-11-05;40,6248
1980-11-06;41,3251
1980-11-07;167,573
1980-11-08;190,645
1980-11-09;307,166
1980-11-10;426,314
1980-11-11;292,977
1980-11-12;170,557
1980-11-13;119,86
1980-11-14;88,8135
1980-11-15;70,8483
1980-11-16;55,8539
1980-11-17;47,1584
1980-11-18;43,4645
1980-11-19;39,9309
1980-11-20;38,5622
1980-11-21;37,2189
1980-11-22;71,7897
1980-11-23;369,782
1980-11-24;356,318
1980-11-25;172,06
1980-11-26;105,449
1980-11-27;73,6924
1980-11-28;54,2145
1980-11-29;45,6615
1980-11-30;46,4068
1980-12-01;54,2145
1980-12-02;70,8483
1980-12-03;112,532
1980-12-04;230,884
1980-12-05;311,285
1980-12-06;236,204
1980-12-07;144,704
1980-12-08;103,143
1980-12-09;77,5776
1980-12-10;59,2112
1980-12-11;56,6835
1980-12-12;92,0189
1980-12-13;82,5843
1980-12-14;53,4045
1980-12-15;47,9165
1980-12-16;41,3251
1980-12-17;33,3411
1980-12-18;32,7169
1980-12-19;35,2515
1980-12-20;77,5776
1980-12-21;126,157
1980-12-22;110,144
1980-12-23;60,9291
1980-12-24;98,6121
1980-12-25;111,334
1980-12-26;79,5602
1980-12-27;49,4521
1980-12-28;81,5696
1980-12-29;107,783
1980-12-30;84,6339
1980-12-31;43,4645
1981-01-01;35,901
1981-01-02;30,8821
1981-01-03;27,3814
1981-01-04;32,099
1981-01-05;37,2189
1981-01-06;34,6084
1981-01-07;38,5622
1981-01-08;35,901
1981-01-09;31,4874
1981-01-10;25,1721
1981-01-11;23,5989
1981-01-12;40,6248
1981-01-13;41,3251
1981-01-14;37,2189
1981-01-15;35,901
1981-01-16;40,6248
1981-01-17;47,9165
1981-01-18;53,4045
1981-01-19;60,0669
1981-01-20;64,4438
1981-01-21;56,6835
1981-01-22;47,1584
1981-01-23;33,3411
1981-01-24;37,2189
1981-01-25;185,904
1981-01-26;82,5843
1981-01-27;44,1904
1981-01-28;35,901
1981-01-29;37,8873
1981-01-30;30,283
1981-01-31;41,3251
1981-02-01;72,7377
1981-02-02;141,972
1981-02-03;390,478
1981-02-04;323,821
1981-02-05;378,906
1981-02-06;104,293
1981-02-07;43,4645
1981-02-08;55,0309
1981-02-09;65,3389
1981-02-10;45,6615
1981-02-11;104,293
1981-02-12;56,6835
1981-02-13;51,0136
1981-02-14;50,2296
1981-02-15;48,6811
1981-02-16;62,6733
1981-02-17;70,8483
1981-02-18;57,5195
1981-02-19;48,6811
1981-02-20;38,5622
1981-02-21;32,099
1981-02-22;35,901
1981-02-23;61,7979
1981-02-24;80,5616
1981-02-25;68,0638
1981-02-26;61,7979
1981-02-27;54,2145
1981-02-28;42,745
1981-03-01;36,5568
1981-03-02;33,9716
1981-03-03;44,1904
1981-03-04;39,9309
1981-03-05;34,6084
1981-03-06;32,7169
1981-03-07;27,9493
1981-03-08;51,0136
1981-03-09;30,8821
1981-03-10;24,0848
1981-03-11;19,4238
1981-03-12;17,6836
1981-03-13;15,6098
1981-03-14;15,2087
1981-03-15;14,4204
1981-03-16;16,0155
1981-03-17;16,8404
1981-03-18;14,4204
1981-03-19;12,5306
1981-03-20;10,7584
1981-03-21;12,5306
1981-03-22;15,2087
1981-03-23;18,5447
1981-03-24;21,6993
1981-03-25;25,1721
1981-03-26;27,3814
1981-03-27;24,0848
1981-03-28;22,1676
1981-03-29;18,982
1981-03-30;16,8404
1981-03-31;15,2087
1981-04-01;14,4204
1981-04-02;12,8992
1981-04-03;12,1667
1981-04-04;11,4531
1981-04-05;10,083
1981-04-06;8,7069
1981-04-07;9,4268
1981-04-08;11,1034
1981-04-09;9,7524
1981-04-10;9,4268
1981-04-11;8,7069
1981-04-12;8,0372
1981-04-13;7,3767
1981-04-14;10,7584
1981-04-15;6,4045
1981-04-16;8,0372
1981-04-17;8,0372
1981-04-18;6,726
1981-04-19;8,7069
1981-04-20;10,4183
1981-04-21;12,1667
1981-04-22;13,6505
1981-04-23;16,0155
1981-04-24;15,2087
1981-04-25;13,6505
1981-04-26;11,4531
1981-04-27;12,8992
1981-04-28;15,2087
1981-04-29;19,87
1981-04-30;22,6404
1981-05-01;30,283
1981-05-02;36,5568
1981-05-03;35,901
1981-05-04;30,8821
1981-05-05;22,1676
1981-05-06;22,6404
1981-05-07;14,0331
1981-05-08;10,7584
1981-05-09;12,1667
1981-05-10;12,8992
1981-05-11;10,7584
1981-05-12;9,7524
1981-05-13;8,7069
1981-05-14;8,0372
1981-05-15;8,0372
1981-05-16;7,7058
1981-05-17;7,3767
1981-05-18;9,4268
1981-05-19;9,045
1981-05-20;8,0372
1981-05-21;6,726
1981-05-22;6,0856
1981-05-23;4,8387
1981-05-24;7,3767
1981-05-25;9,4268
1981-05-26;10,083
1981-05-27;10,7584
1981-05-28;11,4531
1981-05-29;13,6505
1981-05-30;12,1667
1981-05-31;10,7584
1981-06-01;9,4268
1981-06-02;8,0372
1981-06-03;7,0501
1981-06-04;6,0856
1981-06-05;5,4562
1981-06-06;7,3767
1981-06-07;10,083
1981-06-08;95,285
1981-06-09;64,4438
1981-06-10;42,0318
1981-06-11;48,6811
1981-06-12;60,0669
1981-06-13;56,6835
1981-06-14;47,1584
1981-06-15;37,2189
1981-06-16;42,745
1981-06-17;21,2354
1981-06-18;20,7758
1981-06-19;18,5447
1981-06-20;16,0155
1981-06-21;13,6505
1981-06-22;18,5447
1981-06-23;23,1175
1981-06-24;55,0309
1981-06-25;106,613
1981-06-26;94,1896
1981-06-27;111,334
1981-06-28;117,39
1981-06-29;64,4438
1981-06-30;33,3411
1981-07-01;29,6902
1981-07-02;24,0848
1981-07-03;21,2354
1981-07-04;19,4238
1981-07-05;18,1119
1981-07-06;16,8404
1981-07-07;15,2087
1981-07-08;14,4204
1981-07-09;15,2087
1981-07-10;14,4204
1981-07-11;13,2725
1981-07-12;14,4204
1981-07-13;16,0155
1981-07-14;15,2087
1981-07-15;13,2725
1981-07-16;15,2087
1981-07-17;18,1119
1981-07-18;19,4238
1981-07-19;22,1676
1981-07-20;20,7758
1981-07-21;18,5447
1981-07-22;18,1119
1981-07-23;17,6836
1981-07-24;15,6098
1981-07-25;15,2087
1981-07-26;16,8404
1981-07-27;15,6098
1981-07-28;13,6505
1981-07-29;13,6505
1981-07-30;14,8123
1981-07-31;13,6505
1981-08-01;11,8075
1981-08-02;10,7584
1981-08-03;10,7584
1981-08-04;10,083
1981-08-05;10,7584
1981-08-06;11,1034
1981-08-07;10,7584
1981-08-08;11,8075
1981-08-09;10,7584
1981-08-10;13,6505
1981-08-11;12,1667
1981-08-12;10,4183
1981-08-13;12,5306
1981-08-14;16,0155
1981-08-15;17,6836
1981-08-16;16,0155
1981-08-17;12,8992
1981-08-18;10,083
1981-08-19;10,4183
1981-08-20;11,1034
1981-08-21;10,4183
1981-08-22;9,045
1981-08-23;9,4268
1981-08-24;8,7069
1981-08-25;9,4268
1981-08-26;10,4183
1981-08-27;11,8075
1981-08-28;14,8123
1981-08-29;27,9493
1981-08-30;41,3251
1981-08-31;92,0189
1981-09-01;58,3621
1981-09-02;54,2145
1981-09-03;47,1584
1981-09-04;52,6011
1981-09-05;49,4521
1981-09-06;44,1904
1981-09-07;40,6248
1981-09-08;29,6902
1981-09-09;26,2644
1981-09-10;23,1175
1981-09-11;20,7758
1981-09-12;20,3207
1981-09-13;29,1037
1981-09-14;37,2189
1981-09-15;61,7979
1981-09-16;70,8483
1981-09-17;59,2112
1981-09-18;48,6811
1981-09-19;44,9228
1981-09-20;59,2112
1981-09-21;172,06
1981-09-22;173,57
1981-09-23;245,214
1981-09-24;497,719
1981-09-25;446,113
1981-09-26;367,519
1981-09-27;230,884
1981-09-28;123,618
1981-09-29;95,285
1981-09-30;80,5616
1981-10-01;65,3389
1981-10-02;51,8041
1981-10-03;45,6615
1981-10-04;45,6615
1981-10-05;53,4045
1981-10-06;65,3389
1981-10-07;78,5656
1981-10-08;84,6339
1981-10-09;76,5963
1981-10-10;68,9853
1981-10-11;55,8539
1981-10-12;47,1584
1981-10-13;41,3251
1981-10-14;33,3411
1981-10-15;29,6902
1981-10-16;26,2644
1981-10-17;27,3814
1981-10-18;25,7151
1981-10-19;22,1676
1981-10-20;21,2354
1981-10-21;18,5447
1981-10-22;19,4238
1981-10-23;17,6836
1981-10-24;16,8404
1981-10-25;16,4257
1981-10-26;18,5447
1981-10-27;340,946
1981-10-28;356,318
1981-10-29;201,957
1981-10-30;116,165
1981-10-31;77,5776
1981-11-01;56,6835
1981-11-02;60,9291
1981-11-03;82,5843
1981-11-04;166,091
1981-11-05;122,358
1981-11-06;141,972
1981-11-07;247,038
1981-11-08;388,149
1981-11-09;154,489
1981-11-10;113,736
1981-11-11;77,5776
1981-11-12;55,0309
1981-11-13;41,3251
1981-11-14;36,5568
1981-11-15;38,5622
1981-11-16;42,745
1981-11-17;43,4645
1981-11-18;38,5622
1981-11-19;33,9716
1981-11-20;31,4874
1981-11-21;29,6902
1981-11-22;24,0848
1981-11-23;20,3207
1981-11-24;18,5447
1981-11-25;16,8404
1981-11-26;15,2087
1981-11-27;13,6505
1981-11-28;11,8075
1981-11-29;14,0331
1981-11-30;24,6352
1981-12-01;28,5233
1981-12-02;30,8821
1981-12-03;27,9493
1981-12-04;21,6993
1981-12-05;16,8404
1981-12-06;13,6505
1981-12-07;12,1667
1981-12-08;13,2725
1981-12-09;16,0155
1981-12-10;16,0155
1981-12-11;14,4204
1981-12-12;16,0155
1981-12-13;14,0331
1981-12-14;10,7584
1981-12-15;14,4204
1981-12-16;23,1175
1981-12-17;20,3207
1981-12-18;17,6836
1981-12-19;14,0331
1981-12-20;19,4238
1981-12-21;137,924
1981-12-22;76,5963
1981-12-23;56,6835
1981-12-24;47,1584
1981-12-25;44,1904
1981-12-26;37,2189
1981-12-27;29,6902
1981-12-28;30,8821
1981-12-29;30,8821
1981-12-30;25,7151
1981-12-31;23,5989
1982-01-01;21,2354
1982-01-02;16,8404
1982-01-03;14,8123
1982-01-04;13,2725
1982-01-05;12,5306
1982-01-06;12,1667
1982-01-07;12,8992
1982-01-08;12,8992
1982-01-09;13,6505
1982-01-10;14,8123
1982-01-11;14,4204
1982-01-12;12,5306
1982-01-13;12,5306
1982-01-14;10,083
1982-01-15;9,4268
1982-01-16;9,045
1982-01-17;8,3709
1982-01-18;9,4268
1982-01-19;8,7069
1982-01-20;8,0372
1982-01-21;7,7058
1982-01-22;7,3767
1982-01-23;7,3767
1982-01-24;7,0501
1982-01-25;9,045
1982-01-26;7,3767
1982-01-27;8,0372
1982-01-28;6,726
1982-01-29;6,4045
1982-01-30;8,0372
1982-01-31;7,7058
1982-02-01;7,0501
1982-02-02;6,4045
1982-02-03;9,045
1982-02-04;8,0372
1982-02-05;7,3767
1982-02-06;7,3767
1982-02-07;7,3767
1982-02-08;7,0501
1982-02-09;9,045
1982-02-10;10,083
1982-02-11;8,3709
1982-02-12;10,4183
1982-02-13;11,4531
1982-02-14;10,4183
1982-02-15;9,4268
1982-02-16;14,8123
1982-02-17;33,3411
1982-02-18;41,3251
1982-02-19;35,901
1982-02-20;32,099
1982-02-21;27,3814
1982-02-22;22,1676
1982-02-23;16,0155
1982-02-24;12,8992
1982-02-25;10,7584
1982-02-26;9,045
1982-02-27;8,0372
1982-02-28;8,7069
1982-03-01;11,8075
1982-03-02;13,6505
1982-03-03;11,8075
1982-03-04;9,4268
1982-03-05;7,3767
1982-03-06;6,726
1982-03-07;6,726
1982-03-08;6,726
1982-03-09;6,726
1982-03-10;6,726
1982-03-11;6,726
1982-03-12;5,7695
1982-03-13;4,8387
1982-03-14;4,2342
1982-03-15;5,7695
1982-03-16;6,4045
1982-03-17;7,7058
1982-03-18;6,4045
1982-03-19;6,726
1982-03-20;7,7058
1982-03-21;9,045
1982-03-22;10,7584
1982-03-23;10,083
1982-03-24;8,0372
1982-03-25;6,0856
1982-03-26;5,1459
1982-03-27;4,2342
1982-03-28;4,2342
1982-03-29;4,2342
1982-03-30;4,2342
1982-03-31;3,6437
1982-04-01;3,9371
1982-04-02;3,6437
1982-04-03;3,6437
1982-04-04;3,9371
1982-04-05;3,0687
1982-04-06;3,3541
1982-04-07;3,0687
1982-04-08;2,7877
1982-04-09;3,3541
1982-04-10;3,3541
1982-04-11;3,0687
1982-04-12;2,2399
1982-04-13;2,5113
1982-04-14;2,7877
1982-04-15;3,6437
1982-04-16;3,3541
1982-04-17;3,6437
1982-04-18;4,8387
1982-04-19;4,2342
1982-04-20;3,9371
1982-04-21;3,6437
1982-04-22;4,5348
1982-04-23;2,7877
1982-04-24;2,7877
1982-04-25;2,7877
1982-04-26;2,5113
1982-04-27;1,9739
1982-04-28;2,7877
1982-04-29;2,5113
1982-04-30;2,2399
1982-05-01;2,7877
1982-05-02;3,3541
1982-05-03;2,5113
1982-05-04;2,2399
1982-05-05;1,9739
1982-05-06;1,9739
1982-05-07;1,46
1982-05-08;1,7137
1982-05-09;1,9739
1982-05-10;2,7877
1982-05-11;3,0687
1982-05-12;3,0687
1982-05-13;3,3541
1982-05-14;5,4562
1982-05-15;7,7058
1982-05-16;6,726
1982-05-17;6,0856
1982-05-18;5,4562
1982-05-19;5,4562
1982-05-20;4,8387
1982-05-21;4,2342
1982-05-22;4,8387
1982-05-23;4,5348
1982-05-24;3,9371
1982-05-25;3,6437
1982-05-26;3,6437
1982-05-27;3,6437
1982-05-28;2,7877
1982-05-29;2,5113
1982-05-30;3,0687
1982-05-31;2,5113
1982-06-01;2,5113
1982-06-02;2,5113
1982-06-03;2,5113
1982-06-04;2,5113
1982-06-05;1,9739
1982-06-06;1,7137
1982-06-07;2,7877
1982-06-08;2,5113
1982-06-09;2,7877
1982-06-10;3,0687
1982-06-11;2,7877
1982-06-12;3,0687
1982-06-13;3,9371
1982-06-14;6,0856
1982-06-15;23,1175
1982-06-16;45,6615
1982-06-17;47,9165
1982-06-18;27,3814
1982-06-19;21,2354
1982-06-20;39,9309
1982-06-21;56,6835
1982-06-22;39,9309
1982-06-23;29,6902
1982-06-24;24,0848
1982-06-25;20,3207
1982-06-26;17,6836
1982-06-27;139,266
1982-06-28;1758,16
1982-06-29;577,927
1982-06-30;210,251
1982-07-01;119,86
1982-07-02;81,5696
1982-07-03;53,4045
1982-07-04;51,0136
1982-07-05;128,723
1982-07-06;345,301
1982-07-07;374,329
1982-07-08;245,214
1982-07-09;135,261
1982-07-10;86,7102
1982-07-11;77,5776
1982-07-12;155,915
1982-07-13;376,614
1982-07-14;218,723
1982-07-15;82,5843
1982-07-16;111,334
1982-07-17;117,39
1982-07-18;185,904
1982-07-19;132,625
1982-07-20;96,3873
1982-07-21;79,5602
1982-07-22;62,6733
1982-07-23;80,5616
1982-07-24;64,4438
1982-07-25;52,6011
1982-07-26;48,6811
1982-07-27;38,5622
1982-07-28;35,901
1982-07-29;33,9716
1982-07-30;37,2189
1982-07-31;40,6248
1982-08-01;33,3411
1982-08-02;35,2515
1982-08-03;34,6084
1982-08-04;33,9716
1982-08-05;32,7169
1982-08-06;29,6902
1982-08-07;32,7169
1982-08-08;63,5552
1982-08-09;283,061
1982-08-10;220,439
1982-08-11;154,489
1982-08-12;105,449
1982-08-13;90,9437
1982-08-14;64,4438
1982-08-15;68,0638
1982-08-16;285,03
1982-08-17;223,892
1982-08-18;181,226
1982-08-19;123,618
1982-08-20;103,143
1982-08-21;86,7102
1982-08-22;74,6537
1982-08-23;55,8539
1982-08-24;49,4521
1982-08-25;40,6248
1982-08-26;37,8873
1982-08-27;35,2515
1982-08-28;32,7169
1982-08-29;29,6902
1982-08-30;23,1175
1982-08-31;68,9853
1982-09-01;113,736
1982-09-02;98,6121
1982-09-03;94,1896
1982-09-04;70,8483
1982-09-05;55,0309
1982-09-06;42,0318
1982-09-07;39,2433
1982-09-08;35,2515
1982-09-09;32,7169
1982-09-10;37,2189
1982-09-11;33,3411
1982-09-12;29,6902
1982-09-13;26,8198
1982-09-14;23,1175
1982-09-15;20,7758
1982-09-16;18,982
1982-09-17;17,2597
1982-09-18;39,9309
1982-09-19;93,1009
1982-09-20;92,0189
1982-09-21;68,9853
1982-09-22;50,2296
1982-09-23;37,2189
1982-09-24;29,6902
1982-09-25;18,1119
1982-09-26;14,0331
1982-09-27;86,7102
1982-09-28;358,543
1982-09-29;245,214
1982-09-30;135,261
1982-10-01;99,7346
1982-10-02;86,7102
1982-10-03;70,8483
1982-10-04;48,6811
1982-10-05;40,6248
1982-10-06;37,8873
1982-10-07;39,9309
1982-10-08;77,5776
1982-10-09;76,5963
1982-10-10;70,8483
1982-10-11;63,5552
1982-10-12;59,2112
1982-10-13;59,2112
1982-10-14;44,1904
1982-10-15;40,6248
1982-10-16;37,8873
1982-10-17;35,2515
1982-10-18;48,6811
1982-10-19;51,8041
1982-10-20;43,4645
1982-10-21;40,6248
1982-10-22;133,939
1982-10-23;1048,66
1982-10-24;1269,4
1982-10-25;586,59
1982-10-26;356,318
1982-10-27;208,578
1982-10-28;157,348
1982-10-29;127,437
1982-10-30;79,5602
1982-10-31;70,8483
1982-11-01;55,0309
1982-11-02;155,915
1982-11-03;383,513
1982-11-04;345,301
1982-11-05;349,685
1982-11-06;530,133
1982-11-07;299,014
1982-11-08;198,69
1982-11-09;141,972
1982-11-10;155,915
1982-11-11;1001,79
1982-11-12;815,309
1982-11-13;321,713
1982-11-14;211,931
1982-11-15;484,535
1982-11-16;330,188
1982-11-17;287,006
1982-11-18;220,439
1982-11-19;217,014
1982-11-20;372,052
1982-11-21;225,629
1982-11-22;175,087
1982-11-23;128,723
1982-11-24;104,293
1982-11-25;88,8135
1982-11-26;73,6924
1982-11-27;71,7897
1982-11-28;68,9853
1982-11-29;64,4438
1982-11-30;97,4963
1982-12-01;47,1584
1982-12-02;77,5776
1982-12-03;46,4068
1982-12-04;33,9716
1982-12-05;40,6248
1982-12-06;30,283
1982-12-07;26,8198
1982-12-08;23,5989
1982-12-09;20,7758
1982-12-10;23,5989
1982-12-11;24,6352
1982-12-12;21,6993
1982-12-13;33,3411
1982-12-14;55,8539
1982-12-15;71,7897
1982-12-16;47,9165
1982-12-17;34,6084
1982-12-18;57,5195
1982-12-19;53,4045
1982-12-20;55,8539
1982-12-21;49,4521
1982-12-22;104,293
1982-12-23;100,864
1982-12-24;161,688
1982-12-25;104,293
1982-12-26;72,7377
1982-12-27;50,2296
1982-12-28;41,3251
1982-12-29;37,2189
1982-12-30;31,4874
1982-12-31;48,6811
1983-01-01;40,6248
1983-01-02;35,2515
1983-01-03;27,9493
1983-01-04;21,6993
1983-01-05;45,6615
1983-01-06;166,091
1983-01-07;143,335
1983-01-08;137,924
1983-01-09;105,449
1983-01-10;72,7377
1983-01-11;51,8041
1983-01-12;42,745
1983-01-13;39,2433
1983-01-14;35,2515
1983-01-15;30,8821
1983-01-16;26,8198
1983-01-17;24,0848
1983-01-18;21,6993
1983-01-19;20,3207
1983-01-20;22,6404
1983-01-21;29,6902
1983-01-22;25,1721
1983-01-23;21,6993
1983-01-24;19,4238
1983-01-25;16,0155
1983-01-26;13,6505
1983-01-27;24,6352
1983-01-28;22,6404
1983-01-29;27,3814
1983-01-30;24,0848
1983-01-31;24,0848
1983-02-01;21,6993
1983-02-02;19,4238
1983-02-03;17,2597
1983-02-04;14,8123
1983-02-05;14,0331
1983-02-06;12,5306
1983-02-07;12,8992
1983-02-08;18,1119
1983-02-09;16,4257
1983-02-10;14,4204
1983-02-11;12,1667
1983-02-12;11,4531
1983-02-13;12,1667
1983-02-14;9,7524
1983-02-15;11,8075
1983-02-16;14,0331
1983-02-17;12,1667
1983-02-18;33,9716
1983-02-19;55,0309
1983-02-20;47,1584
1983-02-21;56,6835
1983-02-22;119,86
1983-02-23;132,625
1983-02-24;89,8752
1983-02-25;83,6057
1983-02-26;271,402
1983-02-27;589,493
1983-02-28;948,561
1983-03-01;351,889
1983-03-02;185,904
1983-03-03;127,437
1983-03-04;112,532
1983-03-05;97,4963
1983-03-06;81,5696
1983-03-07;63,5552
1983-03-08;71,7897
1983-03-09;47,9165
1983-03-10;43,4645
1983-03-11;64,4438
1983-03-12;220,439
1983-03-13;198,69
1983-03-14;136,589
1983-03-15;90,9437
1983-03-16;77,5776
1983-03-17;60,9291
1983-03-18;305,117
1983-03-19;500,379
1983-03-20;211,931
1983-03-21;153,07
1983-03-22;103,143
1983-03-23;80,5616
1983-03-24;68,9853
1983-03-25;54,2145
1983-03-26;48,6811
1983-03-27;44,9228
1983-03-28;41,3251
1983-03-29;37,8873
1983-03-30;37,2189
1983-03-31;34,6084
1983-04-01;30,283
1983-04-02;27,9493
1983-04-03;25,1721
1983-04-04;60,9291
1983-04-05;383,513
1983-04-06;325,936
1983-04-07;206,912
1983-04-08;141,972
1983-04-09;106,613
1983-04-10;71,7897
1983-04-11;64,4438
1983-04-12;51,8041
1983-04-13;44,1904
1983-04-14;40,6248
1983-04-15;41,3251
1983-04-16;36,5568
1983-04-17;43,4645
1983-04-18;35,901
1983-04-19;52,6011
1983-04-20;57,5195
1983-04-21;51,0136
1983-04-22;41,3251
1983-04-23;80,5616
1983-04-24;161,688
1983-04-25;111,334
1983-04-26;79,5602
1983-04-27;69,9135
1983-04-28;60,0669
1983-04-29;122,358
1983-04-30;217,014
1983-05-01;334,469
1983-05-02;1260,66
1983-05-03;864,463
1983-05-04;458,733
1983-05-05;338,78
1983-05-06;197,067
1983-05-07;139,266
1983-05-08;113,736
1983-05-09;112,532
1983-05-10;103,143
1983-05-11;136,589
1983-05-12;81,5696
1983-05-13;77,5776
1983-05-14;218,723
1983-05-15;239,786
1983-05-16;390,478
1983-05-17;466,394
1983-05-18;260,005
1983-05-19;197,067
1983-05-20;225,629
1983-05-21;205,253
1983-05-22;185,904
1983-05-23;223,892
1983-05-24;103,143
1983-05-25;79,5602
1983-05-26;70,8483
1983-05-27;82,5843
1983-05-28;267,574
1983-05-29;193,842
1983-05-30;130,017
1983-05-31;110,144
1983-06-01;88,8135
1983-06-02;75,6217
1983-06-03;68,0638
1983-06-04;62,6733
1983-06-05;55,8539
1983-06-06;49,4521
1983-06-07;44,9228
1983-06-08;42,0318
1983-06-09;42,745
1983-06-10;40,6248
1983-06-11;36,5568
1983-06-12;68,9853
1983-06-13;589,493
1983-06-14;271,402
1983-06-15;173,57
1983-06-16;161,688
1983-06-17;143,335
1983-06-18;128,723
1983-06-19;94,1896
1983-06-20;56,6835
1983-06-21;151,659
1983-06-22;96,3873
1983-06-23;476,715
1983-06-24;484,535
1983-06-25;239,786
1983-06-26;160,234
1983-06-27;126,157
1983-06-28;96,3873
1983-06-29;77,5776
1983-06-30;64,4438
1983-07-01;78,5656
1983-07-02;59,2112
1983-07-03;67,1489
1983-07-04;69,9135
1983-07-05;100,864
1983-07-06;1716,75
1983-07-07;1556,38
1983-07-08;1436,91
1983-07-09;771,039
1983-07-10;546,75
1983-07-11;443,612
1983-07-12;343,12
1983-07-13;299,014
1983-07-14;258,131
1983-07-15;258,131
1983-07-16;338,78
1983-07-17;311,285
1983-07-18;261,887
1983-07-19;178,142
1983-07-20;122,358
1983-07-21;110,144
1983-07-22;100,864
1983-07-23;93,1009
1983-07-24;102,0
1983-07-25;288,989
1983-07-26;256,264
1983-07-27;239,786
1983-07-28;317,52
1983-07-29;236,204
1983-07-30;263,775
1983-07-31;365,264
1983-08-01;461,279
1983-08-02;349,685
1983-08-03;243,398
1983-08-04;189,058
1983-08-05;173,57
1983-08-06;114,947
1983-08-07;105,449
1983-08-08;98,6121
1983-08-09;90,9437
1983-08-10;82,5843
1983-08-11;75,6217
1983-08-12;72,7377
1983-08-13;69,9135
1983-08-14;65,3389
1983-08-15;388,149
1983-08-16;1137,56
1983-08-17;612,993
1983-08-18;878,79
1983-08-19;283,061
1983-08-20;155,915
1983-08-21;132,625
1983-08-22;114,947
1983-08-23;99,7346
1983-08-24;84,6339
1983-08-25;82,5843
1983-08-26;75,6217
1983-08-27;75,6217
1983-08-28;71,7897
1983-08-29;67,1489
1983-08-30;60,9291
1983-08-31;60,0669
1983-09-01;60,9291
1983-09-02;57,5195
1983-09-03;54,2145
1983-09-04;58,3621
1983-09-05;49,4521
1983-09-06;54,2145
1983-09-07;51,0136
1983-09-08;47,1584
1983-09-09;46,4068
1983-09-10;40,6248
1983-09-11;37,8873
1983-09-12;39,2433
1983-09-13;39,2433
1983-09-14;39,9309
1983-09-15;39,9309
1983-09-16;63,5552
1983-09-17;61,7979
1983-09-18;52,6011
1983-09-19;49,4521
1983-09-20;58,3621
1983-09-21;51,0136
1983-09-22;51,0136
1983-09-23;60,9291
1983-09-24;123,618
1983-09-25;93,1009
1983-09-26;77,5776
1983-09-27;65,3389
1983-09-28;59,2112
1983-09-29;54,2145
1983-09-30;102,0
1983-10-01;577,927
1983-10-02;461,279
1983-10-03;222,162
1983-10-04;223,892
1983-10-05;118,622
1983-10-06;98,6121
1983-10-07;82,5843
1983-10-08;74,6537
1983-10-09;68,0638
1983-10-10;60,9291
1983-10-11;60,0669
1983-10-12;55,8539
1983-10-13;51,0136
1983-10-14;48,6811
1983-10-15;47,9165
1983-10-16;54,2145
1983-10-17;113,736
1983-10-18;281,1
1983-10-19;181,226
1983-10-20;114,947
1983-10-21;96,3873
1983-10-22;97,4963
1983-10-23;89,8752
1983-10-24;75,6217
1983-10-25;68,0638
1983-10-26;60,9291
1983-10-27;54,2145
1983-10-28;49,4521
1983-10-29;45,6615
1983-10-30;64,4438
1983-10-31;317,52
1983-11-01;367,519
1983-11-02;250,706
1983-11-03;307,166
1983-11-04;208,578
1983-11-05;161,688
1983-11-06;127,437
1983-11-07;106,613
1983-11-08;93,1009
1983-11-09;89,8752
1983-11-10;69,9135
1983-11-11;92,0189
1983-11-12;85,6687
1983-11-13;70,8483
1983-11-14;64,4438
1983-11-15;59,2112
1983-11-16;55,8539
1983-11-17;52,6011
1983-11-18;50,2296
1983-11-19;46,4068
1983-11-20;45,6615
1983-11-21;42,0318
1983-11-22;36,5568
1983-11-23;32,7169
1983-11-24;31,4874
1983-11-25;30,8821
1983-11-26;29,6902
1983-11-27;28,5233
1983-11-28;27,9493
1983-11-29;27,3814
1983-11-30;25,7151
1983-12-01;26,8198
1983-12-02;29,1037
1983-12-03;27,3814
1983-12-04;23,1175
1983-12-05;20,3207
1983-12-06;26,2644
1983-12-07;28,5233
1983-12-08;25,1721
1983-12-09;24,6352
1983-12-10;22,1676
1983-12-11;18,5447
1983-12-12;16,4257
1983-12-13;16,4257
1983-12-14;16,4257
1983-12-15;17,2597
1983-12-16;18,5447
1983-12-17;18,1119
1983-12-18;17,6836
1983-12-19;18,5447
1983-12-20;33,3411
1983-12-21;45,6615
1983-12-22;43,4645
1983-12-23;37,8873
1983-12-24;31,4874
1983-12-25;24,0848
1983-12-26;23,5989
1983-12-27;23,1175
1983-12-28;22,6404
1983-12-29;18,982
1983-12-30;30,283
1983-12-31;25,1721
1984-01-01;26,2644
1984-01-02;23,1175
1984-01-03;31,4874
1984-01-04;45,6615
1984-01-05;37,2189
1984-01-06;32,7169
1984-01-07;30,283
1984-01-08;27,9493
1984-01-09;23,5989
1984-01-10;19,4238
1984-01-11;24,0848
1984-01-12;29,6902
1984-01-13;27,9493
1984-01-14;25,1721
1984-01-15;24,0848
1984-01-16;27,3814
1984-01-17;35,2515
1984-01-18;39,2433
1984-01-19;34,6084
1984-01-20;49,4521
1984-01-21;44,9228
1984-01-22;41,3251
1984-01-23;31,4874
1984-01-24;25,1721
1984-01-25;28,5233
1984-01-26;35,2515
1984-01-27;37,8873
1984-01-28;35,2515
1984-01-29;38,5622
1984-01-30;59,2112
1984-01-31;89,8752
1984-02-01;140,616
1984-02-02;151,659
1984-02-03;118,622
1984-02-04;84,6339
1984-02-05;67,1489
1984-02-06;68,9853
1984-02-07;58,3621
1984-02-08;42,745
1984-02-09;36,5568
1984-02-10;32,099
1984-02-11;32,7169
1984-02-12;30,283
1984-02-13;30,8821
1984-02-14;27,3814
1984-02-15;29,1037
1984-02-16;30,8821
1984-02-17;26,8198
1984-02-18;22,6404
1984-02-19;24,6352
1984-02-20;26,2644
1984-02-21;23,5989
1984-02-22;22,1676
1984-02-23;23,5989
1984-02-24;25,1721
1984-02-25;32,099
1984-02-26;38,5622
1984-02-27;50,2296
1984-02-28;54,2145
1984-02-29;44,1904
1984-03-01;35,901
1984-03-02;30,8821
1984-03-03;31,4874
1984-03-04;26,8198
1984-03-05;24,6352
1984-03-06;44,9228
1984-03-07;40,6248
1984-03-08;36,5568
1984-03-09;27,9493
1984-03-10;23,1175
1984-03-11;19,87
1984-03-12;18,982
1984-03-13;18,982
1984-03-14;16,4257
1984-03-15;14,4204
1984-03-16;17,2597
1984-03-17;15,6098
1984-03-18;16,4257
1984-03-19;15,2087
1984-03-20;15,6098
1984-03-21;16,0155
1984-03-22;17,2597
1984-03-23;19,87
1984-03-24;21,6993
1984-03-25;20,7758
1984-03-26;19,4238
1984-03-27;18,5447
1984-03-28;20,3207
1984-03-29;22,1676
1984-03-30;25,7151
1984-03-31;24,0848
1984-04-01;22,6404
1984-04-02;25,1721
1984-04-03;29,6902
1984-04-04;28,5233
1984-04-05;25,7151
1984-04-06;23,5989
1984-04-07;21,6993
1984-04-08;18,982
1984-04-09;17,2597
1984-04-10;17,2597
1984-04-11;16,4257
1984-04-12;16,4257
1984-04-13;14,8123
1984-04-14;15,6098
1984-04-15;15,2087
1984-04-16;15,6098
1984-04-17;17,2597
1984-04-18;20,7758
1984-04-19;53,4045
1984-04-20;42,745
1984-04-21;104,293
1984-04-22;409,381
1984-04-23;595,322
1984-04-24;345,301
1984-04-25;178,142
1984-04-26;112,532
1984-04-27;86,7102
1984-04-28;78,5656
1984-04-29;61,7979
1984-04-30;49,4521
1984-05-01;42,745
1984-05-02;37,2189
1984-05-03;33,9716
1984-05-04;29,1037
1984-05-05;26,2644
1984-05-06;23,5989
1984-05-07;978,79
1984-05-08;1166,66
1984-05-09;313,356
1984-05-10;423,872
1984-05-11;1040,77
1984-05-12;376,614
1984-05-13;229,126
1984-05-14;130,017
1984-05-15;128,723
1984-05-16;99,7346
1984-05-17;86,7102
1984-05-18;78,5656
1984-05-19;70,8483
1984-05-20;73,6924
1984-05-21;395,159
1984-05-22;237,992
1984-05-23;203,602
1984-05-24;164,616
1984-05-25;131,318
1984-05-26;123,618
1984-05-27;108,96
1984-05-28;93,1009
1984-05-29;71,7897
1984-05-30;69,9135
1984-05-31;62,6733
1984-06-01;55,8539
1984-06-02;51,0136
1984-06-03;47,1584
1984-06-04;154,489
1984-06-05;532,884
1984-06-06;484,535
1984-06-07;325,936
1984-06-08;208,578
1984-06-09;181,226
1984-06-10;164,616
1984-06-11;104,293
1984-06-12;106,613
1984-06-13;97,4963
1984-06-14;86,7102
1984-06-15;79,5602
1984-06-16;86,7102
1984-06-17;158,787
1984-06-18;296,994
1984-06-19;305,117
1984-06-20;206,912
1984-06-21;170,557
1984-06-22;161,688
1984-06-23;89,8752
1984-06-24;294,982
1984-06-25;205,253
1984-06-26;154,489
1984-06-27;155,915
1984-06-28;139,266
1984-06-29;113,736
1984-06-30;95,285
1984-07-01;85,6687
1984-07-02;75,6217
1984-07-03;68,0638
1984-07-04;82,5843
1984-07-05;89,8752
1984-07-06;108,96
1984-07-07;197,067
1984-07-08;267,574
1984-07-09;1145,83
1984-07-10;383,513
1984-07-11;215,313
1984-07-12;151,659
1984-07-13;135,261
1984-07-14;112,532
1984-07-15;185,904
1984-07-16;374,329
1984-07-17;243,398
1984-07-18;169,062
1984-07-19;132,625
1984-07-20;124,884
1984-07-21;185,904
1984-07-22;155,915
1984-07-23;140,616
1984-07-24;119,86
1984-07-25;92,0189
1984-07-26;84,6339
1984-07-27;76,5963
1984-07-28;66,2406
1984-07-29;59,2112
1984-07-30;53,4045
1984-07-31;59,2112
1984-08-01;73,6924
1984-08-02;205,253
1984-08-03;217,014
1984-08-04;223,892
1984-08-05;110,144
1984-08-06;543,962
1984-08-07;566,484
1984-08-08;260,005
1984-08-09;860,901
1984-08-10;423,872
1984-08-11;269,485
1984-08-12;164,616
1984-08-13;124,884
1984-08-14;89,8752
1984-08-15;86,7102
1984-08-16;80,5616
1984-08-17;70,8483
1984-08-18;63,5552
1984-08-19;58,3621
1984-08-20;49,4521
1984-08-21;43,4645
1984-08-22;37,8873
1984-08-23;32,7169
1984-08-24;30,8821
1984-08-25;79,5602
1984-08-26;85,6687
1984-08-27;74,6537
1984-08-28;61,7979
1984-08-29;55,0309
1984-08-30;50,2296
1984-08-31;39,2433
1984-09-01;35,2515
1984-09-02;30,8821
1984-09-03;27,9493
1984-09-04;25,7151
1984-09-05;23,5989
1984-09-06;23,1175
1984-09-07;20,3207
1984-09-08;18,982
1984-09-09;21,2354
1984-09-10;23,5989
1984-09-11;23,5989
1984-09-12;20,7758
1984-09-13;19,4238
1984-09-14;18,1119
1984-09-15;16,4257
1984-09-16;14,8123
1984-09-17;11,8075
1984-09-18;10,4183
1984-09-19;56,6835
1984-09-20;119,86
1984-09-21;99,7346
1984-09-22;128,723
1984-09-23;118,622
1984-09-24;107,783
1984-09-25;61,7979
1984-09-26;69,9135
1984-09-27;527,391
1984-09-28;618,944
1984-09-29;288,989
1984-09-30;192,24
1984-10-01;93,1009
1984-10-02;73,6924
1984-10-03;63,5552
1984-10-04;90,9437
1984-10-05;492,423
1984-10-06;538,408
1984-10-07;508,403
1984-10-08;267,574
1984-10-09;241,588
1984-10-10;198,69
1984-10-11;140,616
1984-10-12;102,0
1984-10-13;90,9437
1984-10-14;66,2406
1984-10-15;59,2112
1984-10-16;97,4963
1984-10-17;88,8135
1984-10-18;76,5963
1984-10-19;61,7979
1984-10-20;53,4045
1984-10-21;46,4068
1984-10-22;38,5622
1984-10-23;29,6902
1984-10-24;26,2644
1984-10-25;23,5989
1984-10-26;25,7151
1984-10-27;21,2354
1984-10-28;18,982
1984-10-29;18,982
1984-10-30;23,5989
1984-10-31;29,1037
1984-11-01;30,283
1984-11-02;24,6352
1984-11-03;30,8821
1984-11-04;37,2189
1984-11-05;44,1904
1984-11-06;61,7979
1984-11-07;57,5195
1984-11-08;119,86
1984-11-09;85,6687
1984-11-10;108,96
1984-11-11;151,659
1984-11-12;100,864
1984-11-13;71,7897
1984-11-14;57,5195
1984-11-15;47,1584
1984-11-16;36,5568
1984-11-17;30,8821
1984-11-18;31,4874
1984-11-19;24,6352
1984-11-20;24,0848
1984-11-21;49,4521
1984-11-22;42,745
1984-11-23;37,2189
1984-11-24;32,099
1984-11-25;26,8198
1984-11-26;18,982
1984-11-27;16,4257
1984-11-28;14,8123
1984-11-29;12,5306
1984-11-30;12,5306
1984-12-01;11,8075
1984-12-02;23,5989
1984-12-03;25,7151
1984-12-04;36,5568
1984-12-05;32,099
1984-12-06;27,9493
1984-12-07;23,5989
1984-12-08;20,7758
1984-12-09;18,982
1984-12-10;17,2597
1984-12-11;15,6098
1984-12-12;37,8873
1984-12-13;47,1584
1984-12-14;39,9309
1984-12-15;32,099
1984-12-16;26,2644
1984-12-17;22,1676
1984-12-18;18,5447
1984-12-19;15,6098
1984-12-20;12,1667
1984-12-21;9,7524
1984-12-22;8,7069
1984-12-23;11,8075
1984-12-24;9,4268
1984-12-25;9,7524
1984-12-26;11,1034
1984-12-27;9,045
1984-12-28;9,7524
1984-12-29;9,7524
1984-12-30;14,0331
1984-12-31;16,0155
1985-01-01;18,5447
1985-01-02;16,0155
1985-01-03;13,6505
1985-01-04;11,4531
1985-01-05;9,7524
1985-01-06;8,0372
1985-01-07;10,083
1985-01-08;12,5306
1985-01-09;13,6505
1985-01-10;11,8075
1985-01-11;12,1667
1985-01-12;11,8075
1985-01-13;11,1034
1985-01-14;10,4183
1985-01-15;11,1034
1985-01-16;9,4268
1985-01-17;13,6505
1985-01-18;11,4531
1985-01-19;13,6505
1985-01-20;10,7584
1985-01-21;9,045
1985-01-22;7,3767
1985-01-23;12,5306
1985-01-24;11,8075
1985-01-25;12,5306
1985-01-26;7,0501
1985-01-27;9,7524
1985-01-28;12,1667
1985-01-29;9,7524
1985-01-30;9,4268
1985-01-31;7,7058
1985-02-01;5,4562
1985-02-02;6,726
1985-02-03;10,4183
1985-02-04;18,982
1985-02-05;18,982
1985-02-06;14,4204
1985-02-07;15,6098
1985-02-08;26,8198
1985-02-09;19,4238
1985-02-10;23,5989
1985-02-11;23,1175
1985-02-12;21,2354
1985-02-13;25,7151
1985-02-14;30,8821
1985-02-15;24,6352
1985-02-16;19,87
1985-02-17;17,6836
1985-02-18;14,8123
1985-02-19;20,7758
1985-02-20;42,0318
1985-02-21;57,5195
1985-02-22;104,293
1985-02-23;81,5696
1985-02-24;89,8752
1985-02-25;60,9291
1985-02-26;42,745
1985-02-27;35,2515
1985-02-28;30,283
1985-03-01;24,0848
1985-03-02;20,3207
1985-03-03;16,0155
1985-03-04;15,6098
1985-03-05;13,2725
1985-03-06;11,1034
1985-03-07;15,2087
1985-03-08;16,0155
1985-03-09;19,4238
1985-03-10;15,6098
1985-03-11;14,4204
1985-03-12;18,5447
1985-03-13;15,6098
1985-03-14;15,2087
1985-03-15;12,5306
1985-03-16;13,6505
1985-03-17;20,3207
1985-03-18;15,2087
1985-03-19;12,1667
1985-03-20;12,1667
1985-03-21;15,6098
1985-03-22;14,4204
1985-03-23;11,8075
1985-03-24;82,5843
1985-03-25;117,39
1985-03-26;104,293
1985-03-27;89,8752
1985-03-28;107,783
1985-03-29;79,5602
1985-03-30;74,6537
1985-03-31;68,9853
1985-04-01;61,7979
1985-04-02;55,8539
1985-04-03;71,7897
1985-04-04;263,775
1985-04-05;181,226
1985-04-06;77,5776
1985-04-07;57,5195
1985-04-08;56,6835
1985-04-09;51,0136
1985-04-10;47,1584
1985-04-11;43,4645
1985-04-12;39,9309
1985-04-13;35,2515
1985-04-14;31,4874
1985-04-15;135,261
1985-04-16;538,408
1985-04-17;230,884
1985-04-18;147,465
1985-04-19;123,618
1985-04-20;95,285
1985-04-21;87,7585
1985-04-22;77,5776
1985-04-23;38,5622
1985-04-24;40,6248
1985-04-25;55,8539
1985-04-26;58,3621
1985-04-27;43,4645
1985-04-28;37,2189
1985-04-29;29,1037
1985-04-30;32,099
1985-05-01;35,2515
1985-05-02;30,283
1985-05-03;26,8198
1985-05-04;23,5989
1985-05-05;20,7758
1985-05-06;21,2354
1985-05-07;23,1175
1985-05-08;25,7151
1985-05-09;566,484
1985-05-10;702,304
1985-05-11;484,535
1985-05-12;283,061
1985-05-13;150,254
1985-05-14;126,157
1985-05-15;114,947
1985-05-16;106,613
1985-05-17;98,6121
1985-05-18;82,5843
1985-05-19;50,2296
1985-05-20;55,8539
1985-05-21;50,2296
1985-05-22;44,1904
1985-05-23;42,745
1985-05-24;38,5622
1985-05-25;35,901
1985-05-26;42,745
1985-05-27;42,0318
1985-05-28;68,0638
1985-05-29;68,0638
1985-05-30;80,5616
1985-05-31;80,5616
1985-06-01;71,7897
1985-06-02;73,6924
1985-06-03;85,6687
1985-06-04;86,7102
1985-06-05;82,5843
1985-06-06;74,6537
1985-06-07;68,0638
1985-06-08;63,5552
1985-06-09;57,5195
1985-06-10;51,0136
1985-06-11;58,3621
1985-06-12;59,2112
1985-06-13;49,4521
1985-06-14;57,5195
1985-06-15;63,5552
1985-06-16;72,7377
1985-06-17;70,8483
1985-06-18;64,4438
1985-06-19;59,2112
1985-06-20;54,2145
1985-06-21;49,4521
1985-06-22;43,4645
1985-06-23;44,1904
1985-06-24;42,0318
1985-06-25;39,9309
1985-06-26;36,5568
1985-06-27;39,2433
1985-06-28;37,8873
1985-06-29;36,5568
1985-06-30;38,5622
1985-07-01;112,532
1985-07-02;130,017
1985-07-03;121,106
1985-07-04;97,4963
1985-07-05;111,334
1985-07-06;205,253
1985-07-07;299,014
1985-07-08;263,775
1985-07-09;135,261
1985-07-10;118,622
1985-07-11;98,6121
1985-07-12;77,5776
1985-07-13;68,9853
1985-07-14;58,3621
1985-07-15;53,4045
1985-07-16;50,2296
1985-07-17;47,9165
1985-07-18;46,4068
1985-07-19;47,1584
1985-07-20;43,4645
1985-07-21;39,2433
1985-07-22;42,0318
1985-07-23;37,8873
1985-07-24;41,3251
1985-07-25;22,6404
1985-07-26;19,4238
1985-07-27;16,0155
1985-07-28;14,8123
1985-07-29;20,3207
1985-07-30;27,3814
1985-07-31;99,7346
1985-08-01;128,723
1985-08-02;103,143
1985-08-03;90,9437
1985-08-04;106,613
1985-08-05;143,335
1985-08-06;102,0
1985-08-07;93,1009
1985-08-08;105,449
1985-08-09;456,194
1985-08-10;552,35
1985-08-11;421,438
1985-08-12;372,052
1985-08-13;250,706
1985-08-14;203,602
1985-08-15;147,465
1985-08-16;133,939
1985-08-17;132,625
1985-08-18;170,557
1985-08-19;223,892
1985-08-20;167,573
1985-08-21;181,226
1985-08-22;127,437
1985-08-23;102,0
1985-08-24;86,7102
1985-08-25;74,6537
1985-08-26;67,1489
1985-08-27;74,6537
1985-08-28;98,6121
1985-08-29;90,9437
1985-08-30;82,5843
1985-08-31;75,6217
1985-09-01;69,9135
1985-09-02;68,9853
1985-09-03;68,0638
1985-09-04;63,5552
1985-09-05;59,2112
1985-09-06;53,4045
1985-09-07;49,4521
1985-09-08;44,9228
1985-09-09;34,6084
1985-09-10;37,8873
1985-09-11;35,2515
1985-09-12;30,8821
1985-09-13;32,7169
1985-09-14;97,4963
1985-09-15;234,424
1985-09-16;503,046
1985-09-17;575,055
1985-09-18;363,016
1985-09-19;402,237
1985-09-20;438,632
1985-09-21;256,264
1985-09-22;164,616
1985-09-23;122,358
1985-09-24;96,3873
1985-09-25;85,6687
1985-09-26;72,7377
1985-09-27;57,5195
1985-09-28;54,2145
1985-09-29;53,4045
1985-09-30;52,6011
1985-10-01;46,4068
1985-10-02;41,3251
1985-10-03;37,2189
1985-10-04;39,2433
1985-10-05;38,5622
1985-10-06;35,2515
1985-10-07;33,9716
1985-10-08;29,1037
1985-10-09;24,6352
1985-10-10;23,5989
1985-10-11;24,6352
1985-10-12;21,2354
1985-10-13;18,982
1985-10-14;17,6836
1985-10-15;16,4257
1985-10-16;14,0331
1985-10-17;12,1667
1985-10-18;11,1034
1985-10-19;13,2725
1985-10-20;16,0155
1985-10-21;18,982
1985-10-22;18,982
1985-10-23;20,3207
1985-10-24;19,4238
1985-10-25;16,4257
1985-10-26;14,8123
1985-10-27;16,0155
1985-10-28;14,4204
1985-10-29;15,2087
1985-10-30;14,8123
1985-10-31;18,5447
1985-11-01;16,4257
1985-11-02;15,2087
1985-11-03;14,0331
1985-11-04;13,6505
1985-11-05;14,0331
1985-11-06;17,6836
1985-11-07;13,6505
1985-11-08;12,5306
1985-11-09;11,1034
1985-11-10;11,8075
1985-11-11;13,6505
1985-11-12;12,8992
1985-11-13;11,1034
1985-11-14;10,7584
1985-11-15;10,4183
1985-11-16;10,7584
1985-11-17;10,7584
1985-11-18;10,7584
1985-11-19;10,083
1985-11-20;8,7069
1985-11-21;8,0372
1985-11-22;7,0501
1985-11-23;7,0501
1985-11-24;7,7058
1985-11-25;7,7058
1985-11-26;7,0501
1985-11-27;7,0501
1985-11-28;7,0501
1985-11-29;7,0501
1985-11-30;7,0501
1985-12-01;6,0856
1985-12-02;6,0856
1985-12-03;5,7695
1985-12-04;5,7695
1985-12-05;5,7695
1985-12-06;5,7695
1985-12-07;5,7695
1985-12-08;5,1459
1985-12-09;4,8387
1985-12-10;5,1459
1985-12-11;5,1459
1985-12-12;5,1459
1985-12-13;5,4562
1985-12-14;6,4045
1985-12-15;23,5989
1985-12-16;25,7151
1985-12-17;16,8404
1985-12-18;11,4531
1985-12-19;9,7524
1985-12-20;9,045
1985-12-21;8,3709
1985-12-22;8,0372
1985-12-23;8,3709
1985-12-24;8,0372
1985-12-25;7,3767
1985-12-26;9,7524
1985-12-27;24,6352
1985-12-28;24,6352
1985-12-29;14,8123
1985-12-30;11,4531
1985-12-31;10,083
1986-01-01;10,083
1986-01-02;11,8075
1986-01-03;11,8075
1986-01-04;10,083
1986-01-05;8,7069
1986-01-06;8,0372
1986-01-07;7,0501
1986-01-08;6,0856
1986-01-09;6,0856
1986-01-10;5,7695
1986-01-11;6,0856
1986-01-12;6,4045
1986-01-13;6,726
1986-01-14;6,4045
1986-01-15;6,0856
1986-01-16;5,4562
1986-01-17;5,7695
1986-01-18;6,0856
1986-01-19;6,4045
1986-01-20;6,4045
1986-01-21;6,4045
1986-01-22;6,4045
1986-01-23;6,726
1986-01-24;6,4045
1986-01-25;7,0501
1986-01-26;7,0501
1986-01-27;6,4045
1986-01-28;6,0856
1986-01-29;6,0856
1986-01-30;5,7695
1986-01-31;5,7695
1986-02-01;6,0856
1986-02-02;6,0856
1986-02-03;6,0856
1986-02-04;5,7695
1986-02-05;5,4562
1986-02-06;5,4562
1986-02-07;5,4562
1986-02-08;5,1459
1986-02-09;4,8387
1986-02-10;4,5348
1986-02-11;5,1459
1986-02-12;5,1459
1986-02-13;5,4562
1986-02-14;5,7695
1986-02-15;5,4562
1986-02-16;4,8387
1986-02-17;4,8387
1986-02-18;5,1459
1986-02-19;5,1459
1986-02-20;5,1459
1986-02-21;4,8387
1986-02-22;4,8387
1986-02-23;4,5348
1986-02-24;4,2342
1986-02-25;4,5348
1986-02-26;4,8387
1986-02-27;5,7695
1986-02-28;6,4045
1986-03-01;8,3709
1986-03-02;9,045
1986-03-03;7,7058
1986-03-04;6,726
1986-03-05;6,0856
1986-03-06;5,7695
1986-03-07;5,4562
1986-03-08;4,8387
1986-03-09;4,8387
1986-03-10;4,8387
1986-03-11;4,8387
1986-03-12;7,7058
1986-03-13;7,7058
1986-03-14;7,3767
1986-03-15;8,0372
1986-03-16;12,8992
1986-03-17;28,5233
1986-03-18;35,2515
1986-03-19;30,283
1986-03-20;26,8198
1986-03-21;22,6404
1986-03-22;17,2597
1986-03-23;16,4257
1986-03-24;15,6098
1986-03-25;12,8992
1986-03-26;9,7524
1986-03-27;7,7058
1986-03-28;6,726
1986-03-29;6,4045
1986-03-30;6,0856
1986-03-31;5,7695
1986-04-01;6,0856
1986-04-02;7,3767
1986-04-03;22,1676
1986-04-04;55,0309
1986-04-05;140,616
1986-04-06;351,889
1986-04-07;170,557
1986-04-08;126,157
1986-04-09;128,723
1986-04-10;103,143
1986-04-11;96,3873
1986-04-12;135,261
1986-04-13;116,165
1986-04-14;95,285
1986-04-15;178,142
1986-04-16;181,226
1986-04-17;205,253
1986-04-18;96,3873
1986-04-19;69,9135
1986-04-20;50,2296
1986-04-21;42,745
1986-04-22;35,901
1986-04-23;30,8821
1986-04-24;26,2644
1986-04-25;22,6404
1986-04-26;19,4238
1986-04-27;25,1721
1986-04-28;29,6902
1986-04-29;26,8198
1986-04-30;23,5989
1986-05-01;18,982
1986-05-02;18,5447
1986-05-03;16,4257
1986-05-04;16,4257
1986-05-05;14,8123
1986-05-06;13,6505
1986-05-07;12,8992
1986-05-08;12,1667
1986-05-09;11,8075
1986-05-10;11,8075
1986-05-11;13,2725
1986-05-12;13,6505
1986-05-13;11,8075
1986-05-14;10,7584
1986-05-15;11,4531
1986-05-16;10,4183
1986-05-17;11,1034
1986-05-18;15,6098
1986-05-19;14,4204
1986-05-20;16,4257
1986-05-21;14,4204
1986-05-22;12,8992
1986-05-23;12,1667
1986-05-24;11,1034
1986-05-25;12,1667
1986-05-26;16,4257
1986-05-27;20,3207
1986-05-28;19,4238
1986-05-29;22,6404
1986-05-30;889,617
1986-05-31;503,046
1986-06-01;232,65
1986-06-02;98,6121
1986-06-03;97,4963
1986-06-04;85,6687
1986-06-05;78,5656
1986-06-06;67,1489
1986-06-07;58,3621
1986-06-08;51,8041
1986-06-09;58,3621
1986-06-10;51,0136
1986-06-11;42,745
1986-06-12;37,2189
1986-06-13;33,3411
1986-06-14;29,6902
1986-06-15;81,5696
1986-06-16;71,7897
1986-06-17;55,0309
1986-06-18;43,4645
1986-06-19;35,901
1986-06-20;30,8821
1986-06-21;26,2644
1986-06-22;24,0848
1986-06-23;21,6993
1986-06-24;19,87
1986-06-25;19,4238
1986-06-26;22,1676
1986-06-27;19,4238
1986-06-28;19,87
1986-06-29;17,6836
1986-06-30;24,0848
1986-07-01;323,821
1986-07-02;230,884
1986-07-03;135,261
1986-07-04;97,4963
1986-07-05;88,8135
1986-07-06;63,5552
1986-07-07;44,9228
1986-07-08;38,5622
1986-07-09;32,099
1986-07-10;29,1037
1986-07-11;25,7151
1986-07-12;23,5989
1986-07-13;21,6993
1986-07-14;20,3207
1986-07-15;19,4238
1986-07-16;18,1119
1986-07-17;21,6993
1986-07-18;56,6835
1986-07-19;139,266
1986-07-20;172,06
1986-07-21;153,07
1986-07-22;119,86
1986-07-23;84,6339
1986-07-24;63,5552
1986-07-25;49,4521
1986-07-26;42,745
1986-07-27;35,2515
1986-07-28;30,283
1986-07-29;26,8198
1986-07-30;24,6352
1986-07-31;23,5989
1986-08-01;20,3207
1986-08-02;16,4257
1986-08-03;14,0331
1986-08-04;217,014
1986-08-05;431,219
1986-08-06;279,146
1986-08-07;160,234
1986-08-08;126,157
1986-08-09;106,613
1986-08-10;99,7346
1986-08-11;79,5602
1986-08-12;141,972
1986-08-13;135,261
1986-08-14;372,052
1986-08-15;301,041
1986-08-16;206,912
1986-08-17;135,261
1986-08-18;113,736
1986-08-19;93,1009
1986-08-20;70,8483
1986-08-21;61,7979
1986-08-22;50,2296
1986-08-23;46,4068
1986-08-24;52,6011
1986-08-25;39,9309
1986-08-26;35,2515
1986-08-27;32,7169
1986-08-28;30,283
1986-08-29;28,5233
1986-08-30;26,8198
1986-08-31;24,6352
1986-09-01;22,1676
1986-09-02;19,87
1986-09-03;18,5447
1986-09-04;18,1119
1986-09-05;18,982
1986-09-06;18,5447
1986-09-07;16,4257
1986-09-08;15,2087
1986-09-09;15,6098
1986-09-10;15,6098
1986-09-11;17,2597
1986-09-12;16,0155
1986-09-13;15,6098
1986-09-14;14,8123
1986-09-15;20,3207
1986-09-16;63,5552
1986-09-17;130,017
1986-09-18;123,618
1986-09-19;104,293
1986-09-20;90,9437
1986-09-21;86,7102
1986-09-22;82,5843
1986-09-23;105,449
1986-09-24;163,148
1986-09-25;182,778
1986-09-26;126,157
1986-09-27;99,7346
1986-09-28;81,5696
1986-09-29;67,1489
1986-09-30;55,0309
1986-10-01;46,4068
1986-10-02;40,6248
1986-10-03;35,2515
1986-10-04;32,7169
1986-10-05;29,1037
1986-10-06;27,9493
1986-10-07;30,283
1986-10-08;36,5568
1986-10-09;225,629
1986-10-10;598,248
1986-10-11;513,79
1986-10-12;227,374
1986-10-13;148,856
1986-10-14;99,7346
1986-10-15;81,5696
1986-10-16;66,2406
1986-10-17;55,8539
1986-10-18;49,4521
1986-10-19;44,9228
1986-10-20;39,2433
1986-10-21;37,8873
1986-10-22;36,5568
1986-10-23;33,3411
1986-10-24;30,283
1986-10-25;27,9493
1986-10-26;25,7151
1986-10-27;23,5989
1986-10-28;21,6993
1986-10-29;19,87
1986-10-30;19,87
1986-10-31;21,6993
1986-11-01;19,4238
1986-11-02;20,3207
1986-11-03;31,4874
1986-11-04;179,68
1986-11-05;489,786
1986-11-06;689,599
1986-11-07;458,733
1986-11-08;234,424
1986-11-09;130,017
1986-11-10;93,1009
1986-11-11;79,5602
1986-11-12;63,5552
1986-11-13;50,2296
1986-11-14;44,1904
1986-11-15;35,901
1986-11-16;32,7169
1986-11-17;28,5233
1986-11-18;25,7151
1986-11-19;24,6352
1986-11-20;24,0848
1986-11-21;25,1721
1986-11-22;24,6352
1986-11-23;21,6993
1986-11-24;22,6404
1986-11-25;96,3873
1986-11-26;144,704
1986-11-27;451,138
1986-11-28;287,006
1986-11-29;436,154
1986-11-30;229,126
1986-12-01;292,977
1986-12-02;258,131
1986-12-03;133,939
1986-12-04;76,5963
1986-12-05;42,745
1986-12-06;51,8041
1986-12-07;49,4521
1986-12-08;48,6811
1986-12-09;46,4068
1986-12-10;42,0318
1986-12-11;36,5568
1986-12-12;33,3411
1986-12-13;29,1037
1986-12-14;24,6352
1986-12-15;19,4238
1986-12-16;16,0155
1986-12-17;20,7758
1986-12-18;26,2644
1986-12-19;29,1037
1986-12-20;24,6352
1986-12-21;25,7151
1986-12-22;30,283
1986-12-23;42,745
1986-12-24;43,4645
1986-12-25;37,2189
1986-12-26;29,6902
1986-12-27;30,283
1986-12-28;25,1721
1986-12-29;20,3207
1986-12-30;17,6836
1986-12-31;15,6098
1987-01-01;14,0331
1987-01-02;12,5306
1987-01-03;11,8075
1987-01-04;15,6098
1987-01-05;14,0331
1987-01-06;12,5306
1987-01-07;15,6098
1987-01-08;15,2087
1987-01-09;17,6836
1987-01-10;36,5568
1987-01-11;124,884
1987-01-12;137,924
1987-01-13;114,947
1987-01-14;85,6687
1987-01-15;81,5696
1987-01-16;136,589
1987-01-17;114,947
1987-01-18;100,864
1987-01-19;92,0189
1987-01-20;74,6537
1987-01-21;42,0318
1987-01-22;34,6084
1987-01-23;29,6902
1987-01-24;25,1721
1987-01-25;21,6993
1987-01-26;18,982
1987-01-27;17,2597
1987-01-28;15,2087
1987-01-29;19,4238
1987-01-30;14,8123
1987-01-31;11,4531
1987-02-01;16,4257
1987-02-02;16,8404
1987-02-03;15,6098
1987-02-04;12,1667
1987-02-05;16,4257
1987-02-06;32,099
1987-02-07;36,5568
1987-02-08;37,8873
1987-02-09;41,3251
1987-02-10;35,901
1987-02-11;30,8821
1987-02-12;24,0848
1987-02-13;20,7758
1987-02-14;18,1119
1987-02-15;15,6098
1987-02-16;14,8123
1987-02-17;15,2087
1987-02-18;14,0331
1987-02-19;45,6615
1987-02-20;90,9437
1987-02-21;60,9291
1987-02-22;50,2296
1987-02-23;46,4068
1987-02-24;31,4874
1987-02-25;26,2644
1987-02-26;23,5989
1987-02-27;21,6993
1987-02-28;19,87
1987-03-01;17,6836
1987-03-02;15,6098
1987-03-03;13,6505
1987-03-04;11,8075
1987-03-05;11,4531
1987-03-06;11,1034
1987-03-07;10,4183
1987-03-08;9,045
1987-03-09;8,0372
1987-03-10;8,0372
1987-03-11;7,7058
1987-03-12;7,0501
1987-03-13;6,726
1987-03-14;7,0501
1987-03-15;7,3767
1987-03-16;7,7058
1987-03-17;7,0501
1987-03-18;7,0501
1987-03-19;11,4531
1987-03-20;10,4183
1987-03-21;9,045
1987-03-22;8,0372
1987-03-23;7,0501
1987-03-24;7,0501
1987-03-25;14,8123
1987-03-26;14,4204
1987-03-27;12,8992
1987-03-28;14,0331
1987-03-29;11,8075
1987-03-30;10,4183
1987-03-31;9,045
1987-04-01;7,7058
1987-04-02;11,8075
1987-04-03;15,2087
1987-04-04;18,5447
1987-04-05;14,0331
1987-04-06;10,7584
1987-04-07;9,7524
1987-04-08;9,7524
1987-04-09;10,4183
1987-04-10;10,7584
1987-04-11;17,6836
1987-04-12;982,604
1987-04-13;345,301
1987-04-14;479,314
1987-04-15;215,313
1987-04-16;269,485
1987-04-17;223,892
1987-04-18;150,254
1987-04-19;111,334
1987-04-20;81,5696
1987-04-21;64,4438
1987-04-22;58,3621
1987-04-23;52,6011
1987-04-24;47,1584
1987-04-25;42,0318
1987-04-26;33,3411
1987-04-27;29,1037
1987-04-28;24,0848
1987-04-29;20,3207
1987-04-30;22,1676
1987-05-01;24,0848
1987-05-02;30,8821
1987-05-03;26,8198
1987-05-04;23,5989
1987-05-05;20,3207
1987-05-06;20,7758
1987-05-07;31,4874
1987-05-08;764,345
1987-05-09;323,821
1987-05-10;161,688
1987-05-11;84,6339
1987-05-12;62,6733
1987-05-13;248,868
1987-05-14;1108,86
1987-05-15;655,299
1987-05-16;325,936
1987-05-17;234,424
1987-05-18;160,234
1987-05-19;122,358
1987-05-20;317,52
1987-05-21;277,199
1987-05-22;227,374
1987-05-23;173,57
1987-05-24;140,616
1987-05-25;118,622
1987-05-26;103,143
1987-05-27;78,5656
1987-05-28;67,1489
1987-05-29;58,3621
1987-05-30;53,4045
1987-05-31;54,2145
1987-06-01;55,0309
1987-06-02;52,6011
1987-06-03;53,4045
1987-06-04;54,2145
1987-06-05;81,5696
1987-06-06;220,439
1987-06-07;155,915
1987-06-08;98,6121
1987-06-09;77,5776
1987-06-10;66,2406
1987-06-11;58,3621
1987-06-12;62,6733
1987-06-13;178,142
1987-06-14;222,162
1987-06-15;130,017
1987-06-16;99,7346
1987-06-17;82,5843
1987-06-18;74,6537
1987-06-19;67,1489
1987-06-20;51,8041
1987-06-21;55,0309
1987-06-22;55,8539
1987-06-23;56,6835
1987-06-24;54,2145
1987-06-25;50,2296
1987-06-26;48,6811
1987-06-27;47,1584
1987-06-28;44,9228
1987-06-29;47,1584
1987-06-30;44,1904
1987-07-01;44,9228
1987-07-02;44,9228
1987-07-03;46,4068
1987-07-04;325,936
1987-07-05;182,778
1987-07-06;113,736
1987-07-07;267,574
1987-07-08;530,133
1987-07-09;252,552
1987-07-10;271,402
1987-07-11;198,69
1987-07-12;208,578
1987-07-13;215,313
1987-07-14;158,787
1987-07-15;118,622
1987-07-16;87,7585
1987-07-17;79,5602
1987-07-18;121,106
1987-07-19;97,4963
1987-07-20;86,7102
1987-07-21;66,2406
1987-07-22;62,6733
1987-07-23;54,2145
1987-07-24;46,4068
1987-07-25;46,4068
1987-07-26;45,6615
1987-07-27;46,4068
1987-07-28;206,912
1987-07-29;1175,04
1987-07-30;718,359
1987-07-31;285,03
1987-08-01;193,842
1987-08-02;153,07
1987-08-03;139,266
1987-08-04;90,9437
1987-08-05;77,5776
1987-08-06;70,8483
1987-08-07;64,4438
1987-08-08;70,8483
1987-08-09;76,5963
1987-08-10;64,4438
1987-08-11;60,9291
1987-08-12;69,9135
1987-08-13;82,5843
1987-08-14;399,87
1987-08-15;646,107
1987-08-16;330,188
1987-08-17;218,723
1987-08-18;193,842
1987-08-19;160,234
1987-08-20;133,939
1987-08-21;112,532
1987-08-22;84,6339
1987-08-23;75,6217
1987-08-24;67,1489
1987-08-25;60,9291
1987-08-26;59,2112
1987-08-27;57,5195
1987-08-28;55,0309
1987-08-29;53,4045
1987-08-30;65,3389
1987-08-31;124,884
1987-09-01;94,1896
1987-09-02;95,285
1987-09-03;385,827
1987-09-04;234,424
1987-09-05;215,313
1987-09-06;160,234
1987-09-07;111,334
1987-09-08;76,5963
1987-09-09;62,6733
1987-09-10;166,091
1987-09-11;294,982
1987-09-12;197,067
1987-09-13;102,0
1987-09-14;103,143
1987-09-15;90,9437
1987-09-16;93,1009
1987-09-17;65,3389
1987-09-18;67,1489
1987-09-19;60,0669
1987-09-20;50,2296
1987-09-21;54,2145
1987-09-22;51,0136
1987-09-23;48,6811
1987-09-24;48,6811
1987-09-25;47,1584
1987-09-26;47,1584
1987-09-27;44,9228
1987-09-28;44,1904
1987-09-29;43,4645
1987-09-30;44,1904
1987-10-01;144,704
1987-10-02;325,936
1987-10-03;155,915
1987-10-04;104,293
1987-10-05;79,5602
1987-10-06;63,5552
1987-10-07;50,2296
1987-10-08;46,4068
1987-10-09;46,4068
1987-10-10;45,6615
1987-10-11;44,9228
1987-10-12;95,285
1987-10-13;215,313
1987-10-14;239,786
1987-10-15;252,552
1987-10-16;343,12
1987-10-17;197,067
1987-10-18;143,335
1987-10-19;132,625
1987-10-20;104,293
1987-10-21;81,5696
1987-10-22;71,7897
1987-10-23;62,6733
1987-10-24;49,4521
1987-10-25;45,6615
1987-10-26;45,6615
1987-10-27;46,4068
1987-10-28;66,2406
1987-10-29;66,2406
1987-10-30;72,7377
1987-10-31;61,7979
1987-11-01;45,6615
1987-11-02;46,4068
1987-11-03;45,6615
1987-11-04;44,9228
1987-11-05;51,0136
1987-11-06;54,2145
1987-11-07;154,489
1987-11-08;128,723
1987-11-09;187,477
1987-11-10;154,489
1987-11-11;84,6339
1987-11-12;78,5656
1987-11-13;60,0669
1987-11-14;52,6011
1987-11-15;62,6733
1987-11-16;61,7979
1987-11-17;46,4068
1987-11-18;42,745
1987-11-19;40,6248
1987-11-20;28,5233
1987-11-21;25,7151
1987-11-22;23,5989
1987-11-23;25,1721
1987-11-24;21,6993
1987-11-25;22,6404
1987-11-26;22,1676
1987-11-27;20,7758
1987-11-28;18,5447
1987-11-29;16,4257
1987-11-30;17,2597
1987-12-01;17,2597
1987-12-02;14,8123
1987-12-03;34,6084
1987-12-04;27,3814
1987-12-05;21,6993
1987-12-06;19,87
1987-12-07;19,4238
1987-12-08;30,8821
1987-12-09;19,87
1987-12-10;18,5447
1987-12-11;17,2597
1987-12-12;15,2087
1987-12-13;14,0331
1987-12-14;12,1667
1987-12-15;11,1034
1987-12-16;11,8075
1987-12-17;9,7524
1987-12-18;12,1667
1987-12-19;14,4204
1987-12-20;16,0155
1987-12-21;16,0155
1987-12-22;13,2725
1987-12-23;11,8075
1987-12-24;15,2087
1987-12-25;12,8992
1987-12-26;11,1034
1987-12-27;9,7524
1987-12-28;9,7524
1987-12-29;11,8075
1987-12-30;10,7584
1987-12-31;15,2087
1988-01-01;13,6505
1988-01-02;11,1034
1988-01-03;12,8992
1988-01-04;11,8075
1988-01-05;11,8075
1988-01-06;11,4531
1988-01-07;11,1034
1988-01-08;11,1034
1988-01-09;11,1034
1988-01-10;11,8075
1988-01-11;9,045
1988-01-12;9,7524
1988-01-13;11,4531
1988-01-14;10,7584
1988-01-15;9,4268
1988-01-16;12,8992
1988-01-17;11,1034
1988-01-18;13,6505
1988-01-19;17,2597
1988-01-20;14,8123
1988-01-21;13,2725
1988-01-22;21,2354
1988-01-23;15,2087
1988-01-24;12,8992
1988-01-25;11,4531
1988-01-26;8,3709
1988-01-27;11,1034
1988-01-28;11,1034
1988-01-29;20,7758
1988-01-30;93,1009
1988-01-31;328,058
1988-02-01;232,65
1988-02-02;132,625
1988-02-03;82,5843
1988-02-04;57,5195
1988-02-05;42,745
1988-02-06;34,6084
1988-02-07;29,6902
1988-02-08;24,6352
1988-02-09;20,7758
1988-02-10;18,5447
1988-02-11;18,1119
1988-02-12;20,7758
1988-02-13;16,0155
1988-02-14;15,2087
1988-02-15;14,0331
1988-02-16;15,2087
1988-02-17;14,4204
1988-02-18;12,8992
1988-02-19;10,7584
1988-02-20;10,4183
1988-02-21;8,0372
1988-02-22;8,3709
1988-02-23;9,7524
1988-02-24;9,7524
1988-02-25;10,7584
1988-02-26;18,5447
1988-02-27;15,6098
1988-02-28;12,8992
1988-02-29;10,7584
1988-03-01;10,083
1988-03-02;8,0372
1988-03-03;8,3709
1988-03-04;10,4183
1988-03-05;8,3709
1988-03-06;7,7058
1988-03-07;8,0372
1988-03-08;7,3767
1988-03-09;7,7058
1988-03-10;8,3709
1988-03-11;6,4045
1988-03-12;4,5348
1988-03-13;8,3709
1988-03-14;5,4562
1988-03-15;7,3767
1988-03-16;8,0372
1988-03-17;11,1034
1988-03-18;7,3767
1988-03-19;8,0372
1988-03-20;10,083
1988-03-21;10,4183
1988-03-22;11,8075
1988-03-23;10,083
1988-03-24;9,045
1988-03-25;7,7058
1988-03-26;5,4562
1988-03-27;3,9371
1988-03-28;5,1459
1988-03-29;3,9371
1988-03-30;8,3709
1988-03-31;10,4183
1988-04-01;17,6836
1988-04-02;23,1175
1988-04-03;27,9493
1988-04-04;24,0848
1988-04-05;17,6836
1988-04-06;13,6505
1988-04-07;11,8075
1988-04-08;9,7524
1988-04-09;8,3709
1988-04-10;8,3709
1988-04-11;12,8992
1988-04-12;9,045
1988-04-13;11,1034
1988-04-14;14,0331
1988-04-15;14,0331
1988-04-16;8,3709
1988-04-17;7,7058
1988-04-18;12,1667
1988-04-19;11,8075
1988-04-20;11,4531
1988-04-21;10,4183
1988-04-22;7,7058
1988-04-23;8,0372
1988-04-24;11,4531
1988-04-25;173,57
1988-04-26;263,775
1988-04-27;313,356
1988-04-28;136,589
1988-04-29;104,293
1988-04-30;98,6121
1988-05-01;99,7346
1988-05-02;117,39
1988-05-03;299,014
1988-05-04;173,57
1988-05-05;135,261
1988-05-06;94,1896
1988-05-07;81,5696
1988-05-08;63,5552
1988-05-09;55,0309
1988-05-10;46,4068
1988-05-11;35,2515
1988-05-12;36,5568
1988-05-13;30,283
1988-05-14;29,1037
1988-05-15;25,7151
1988-05-16;30,283
1988-05-17;25,1721
1988-05-18;24,6352
1988-05-19;23,5989
1988-05-20;23,5989
1988-05-21;20,3207
1988-05-22;19,87
1988-05-23;19,4238
1988-05-24;18,982
1988-05-25;18,1119
1988-05-26;16,8404
1988-05-27;15,2087
1988-05-28;15,2087
1988-05-29;14,4204
1988-05-30;14,8123
1988-05-31;14,4204
1988-06-01;13,6505
1988-06-02;14,4204
1988-06-03;14,8123
1988-06-04;12,8992
1988-06-05;11,4531
1988-06-06;11,8075
1988-06-07;16,4257
1988-06-08;18,5447
1988-06-09;677,018
1988-06-10;365,264
1988-06-11;178,142
1988-06-12;148,856
1988-06-13;127,437
1988-06-14;466,394
1988-06-15;566,484
1988-06-16;81,5696
1988-06-17;78,5656
1988-06-18;44,9228
1988-06-19;39,9309
1988-06-20;35,2515
1988-06-21;31,4874
1988-06-22;26,2644
1988-06-23;24,0848
1988-06-24;102,0
1988-06-25;147,465
1988-06-26;121,106
1988-06-27;83,6057
1988-06-28;68,9853
1988-06-29;67,1489
1988-06-30;67,1489
1988-07-01;61,7979
1988-07-02;53,4045
1988-07-03;42,745
1988-07-04;37,2189
1988-07-05;33,9716
1988-07-06;35,901
1988-07-07;44,1904
1988-07-08;50,2296
1988-07-09;42,745
1988-07-10;37,2189
1988-07-11;37,2189
1988-07-12;33,9716
1988-07-13;29,6902
1988-07-14;25,7151
1988-07-15;22,6404
1988-07-16;20,7758
1988-07-17;19,87
1988-07-18;20,3207
1988-07-19;18,982
1988-07-20;18,982
1988-07-21;17,2597
1988-07-22;17,2597
1988-07-23;19,87
1988-07-24;19,87
1988-07-25;18,5447
1988-07-26;18,1119
1988-07-27;18,5447
1988-07-28;18,1119
1988-07-29;16,8404
1988-07-30;15,2087
1988-07-31;16,0155
1988-08-01;16,4257
1988-08-02;14,8123
1988-08-03;15,2087
1988-08-04;14,8123
1988-08-05;14,8123
1988-08-06;14,0331
1988-08-07;14,8123
1988-08-08;14,4204
1988-08-09;14,8123
1988-08-10;13,6505
1988-08-11;14,4204
1988-08-12;13,2725
1988-08-13;12,1667
1988-08-14;11,4531
1988-08-15;11,8075
1988-08-16;13,6505
1988-08-17;14,8123
1988-08-18;14,8123
1988-08-19;14,4204
1988-08-20;13,6505
1988-08-21;13,2725
1988-08-22;12,8992
1988-08-23;11,8075
1988-08-24;11,1034
1988-08-25;9,7524
1988-08-26;9,7524
1988-08-27;10,4183
1988-08-28;10,083
1988-08-29;9,045
1988-08-30;8,3709
1988-08-31;9,7524
1988-09-01;11,8075
1988-09-02;10,4183
1988-09-03;9,045
1988-09-04;8,0372
1988-09-05;7,0501
1988-09-06;8,0372
1988-09-07;8,0372
1988-09-08;9,4268
1988-09-09;9,045
1988-09-10;9,4268
1988-09-11;25,7151
1988-09-12;1129,32
1988-09-13;1326,99
1988-09-14;1032,91
1988-09-15;315,435
1988-09-16;236,204
1988-09-17;106,613
1988-09-18;88,8135
1988-09-19;70,8483
1988-09-20;70,8483
1988-09-21;356,318
1988-09-22;1335,98
1988-09-23;402,237
1988-09-24;737,88
1988-09-25;1187,68
1988-09-26;411,778
1988-09-27;241,588
1988-09-28;161,688
1988-09-29;126,157
1988-09-30;104,293
1988-10-01;85,6687
1988-10-02;75,6217
1988-10-03;84,6339
1988-10-04;98,6121
1988-10-05;92,0189
1988-10-06;70,8483
1988-10-07;62,6733
1988-10-08;50,2296
1988-10-09;58,3621
1988-10-10;67,1489
1988-10-11;47,9165
1988-10-12;44,1904
1988-10-13;45,6615
1988-10-14;42,745
1988-10-15;39,9309
1988-10-16;37,8873
1988-10-17;38,5622
1988-10-18;35,901
1988-10-19;34,6084
1988-10-20;39,2433
1988-10-21;38,5622
1988-10-22;33,9716
1988-10-23;42,0318
1988-10-24;56,6835
1988-10-25;59,2112
1988-10-26;208,578
1988-10-27;213,618
1988-10-28;118,622
1988-10-29;81,5696
1988-10-30;69,9135
1988-10-31;60,9291
1988-11-01;243,398
1988-11-02;227,374
1988-11-03;112,532
1988-11-04;81,5696
1988-11-05;68,9853
1988-11-06;61,7979
1988-11-07;55,8539
1988-11-08;51,0136
1988-11-09;47,9165
1988-11-10;46,4068
1988-11-11;42,745
1988-11-12;62,6733
1988-11-13;137,924
1988-11-14;136,589
1988-11-15;104,293
1988-11-16;83,6057
1988-11-17;71,7897
1988-11-18;68,0638
1988-11-19;63,5552
1988-11-20;59,2112
1988-11-21;82,5843
1988-11-22;117,39
1988-11-23;112,532
1988-11-24;89,8752
1988-11-25;69,9135
1988-11-26;61,7979
1988-11-27;107,783
1988-11-28;112,532
1988-11-29;83,6057
1988-11-30;69,9135
1988-12-01;64,4438
1988-12-02;57,5195
1988-12-03;48,6811
1988-12-04;42,745
1988-12-05;36,5568
1988-12-06;29,1037
1988-12-07;26,2644
1988-12-08;24,0848
1988-12-09;37,8873
1988-12-10;63,5552
1988-12-11;61,7979
1988-12-12;47,1584
1988-12-13;38,5622
1988-12-14;30,283
1988-12-15;24,0848
1988-12-16;23,1175
1988-12-17;22,1676
1988-12-18;23,5989
1988-12-19;21,2354
1988-12-20;18,982
1988-12-21;18,1119
1988-12-22;16,4257
1988-12-23;14,0331
1988-12-24;13,6505
1988-12-25;15,2087
1988-12-26;14,8123
1988-12-27;12,8992
1988-12-28;11,8075
1988-12-29;16,4257
1988-12-30;39,9309
1988-12-31;33,3411
1989-01-01;24,0848
1989-01-02;18,1119
1989-01-03;14,8123
1989-01-04;13,6505
1989-01-05;11,1034
1989-01-06;10,7584
1989-01-07;12,1667
1989-01-08;11,1034
1989-01-09;9,4268
1989-01-10;10,083
1989-01-11;12,8992
1989-01-12;11,8075
1989-01-13;13,6505
1989-01-14;15,2087
1989-01-15;16,8404
1989-01-16;16,0155
1989-01-17;19,4238
1989-01-18;18,5447
1989-01-19;16,4257
1989-01-20;43,4645
1989-01-21;200,32
1989-01-22;105,449
1989-01-23;77,5776
1989-01-24;105,449
1989-01-25;84,6339
1989-01-26;68,9853
1989-01-27;76,5963
1989-01-28;77,5776
1989-01-29;68,0638
1989-01-30;63,5552
1989-01-31;90,9437
1989-02-01;190,645
1989-02-02;128,723
1989-02-03;88,8135
1989-02-04;74,6537
1989-02-05;47,1584
1989-02-06;29,6902
1989-02-07;21,6993
1989-02-08;17,6836
1989-02-09;17,6836
1989-02-10;20,3207
1989-02-11;16,0155
1989-02-12;19,4238
1989-02-13;18,5447
1989-02-14;16,0155
1989-02-15;21,2354
1989-02-16;18,982
1989-02-17;14,8123
1989-02-18;12,8992
1989-02-19;15,2087
1989-02-20;23,1175
1989-02-21;30,283
1989-02-22;29,1037
1989-02-23;24,6352
1989-02-24;22,1676
1989-02-25;19,87
1989-02-26;17,6836
1989-02-27;15,2087
1989-02-28;12,8992
1989-03-01;12,8992
1989-03-02;16,8404
1989-03-03;17,6836
1989-03-04;14,8123
1989-03-05;19,4238
1989-03-06;22,6404
1989-03-07;16,4257
1989-03-08;13,2725
1989-03-09;12,8992
1989-03-10;16,4257
1989-03-11;16,4257
1989-03-12;19,87
1989-03-13;23,1175
1989-03-14;17,2597
1989-03-15;16,0155
1989-03-16;16,0155
1989-03-17;15,6098
1989-03-18;14,4204
1989-03-19;16,4257
1989-03-20;53,4045
1989-03-21;170,557
1989-03-22;104,293
1989-03-23;81,5696
1989-03-24;62,6733
1989-03-25;41,3251
1989-03-26;29,1037
1989-03-27;26,2644
1989-03-28;24,6352
1989-03-29;22,6404
1989-03-30;28,5233
1989-03-31;89,8752
1989-04-01;82,5843
1989-04-02;64,4438
1989-04-03;55,0309
1989-04-04;43,4645
1989-04-05;44,9228
1989-04-06;51,0136
1989-04-07;59,2112
1989-04-08;54,2145
1989-04-09;44,1904
1989-04-10;39,9309
1989-04-11;36,5568
1989-04-12;30,8821
1989-04-13;27,9493
1989-04-14;26,2644
1989-04-15;23,1175
1989-04-16;19,87
1989-04-17;18,1119
1989-04-18;20,3207
1989-04-19;15,2087
1989-04-20;17,2597
1989-04-21;16,4257
1989-04-22;14,8123
1989-04-23;14,0331
1989-04-24;15,6098
1989-04-25;14,0331
1989-04-26;11,8075
1989-04-27;11,4531
1989-04-28;12,8992
1989-04-29;16,4257
1989-04-30;19,87
1989-05-01;18,1119
1989-05-02;17,6836
1989-05-03;24,6352
1989-05-04;29,6902
1989-05-05;54,2145
1989-05-06;89,8752
1989-05-07;85,6687
1989-05-08;72,7377
1989-05-09;47,9165
1989-05-10;39,9309
1989-05-11;35,2515
1989-05-12;30,283
1989-05-13;24,0848
1989-05-14;22,6404
1989-05-15;20,7758
1989-05-16;20,3207
1989-05-17;14,8123
1989-05-18;19,4238
1989-05-19;20,7758
1989-05-20;20,7758
1989-05-21;18,982
1989-05-22;16,4257
1989-05-23;16,4257
1989-05-24;14,8123
1989-05-25;15,2087
1989-05-26;16,0155
1989-05-27;14,8123
1989-05-28;11,4531
1989-05-29;11,8075
1989-05-30;11,1034
1989-05-31;10,4183
1989-06-01;11,1034
1989-06-02;10,7584
1989-06-03;10,4183
1989-06-04;9,7524
1989-06-05;10,7584
1989-06-06;10,4183
1989-06-07;10,7584
1989-06-08;10,4183
1989-06-09;9,7524
1989-06-10;8,7069
1989-06-11;8,3709
1989-06-12;8,3709
1989-06-13;7,7058
1989-06-14;7,0501
1989-06-15;7,0501
1989-06-16;7,0501
1989-06-17;7,0501
1989-06-18;7,0501
1989-06-19;6,726
1989-06-20;6,4045
1989-06-21;6,726
1989-06-22;6,726
1989-06-23;6,4045
1989-06-24;10,4183
1989-06-25;12,8992
1989-06-26;16,0155
1989-06-27;18,1119
1989-06-28;16,4257
1989-06-29;13,6505
1989-06-30;12,1667
1989-07-01;28,5233
1989-07-02;343,12
1989-07-03;378,906
1989-07-04;332,324
1989-07-05;1076,53
1989-07-06;372,052
1989-07-07;193,842
1989-07-08;117,39
1989-07-09;97,4963
1989-07-10;86,7102
1989-07-11;77,5776
1989-07-12;72,7377
1989-07-13;65,3389
1989-07-14;59,2112
1989-07-15;84,6339
1989-07-16;44,1904
1989-07-17;35,901
1989-07-18;30,8821
1989-07-19;26,2644
1989-07-20;23,5989
1989-07-21;22,6404
1989-07-22;20,7758
1989-07-23;18,1119
1989-07-24;19,87
1989-07-25;19,4238
1989-07-26;18,982
1989-07-27;20,7758
1989-07-28;16,4257
1989-07-29;28,5233
1989-07-30;24,6352
1989-07-31;23,5989
1989-08-01;21,2354
1989-08-02;18,982
1989-08-03;16,8404
1989-08-04;16,0155
1989-08-05;20,7758
1989-08-06;22,1676
1989-08-07;20,7758
1989-08-08;19,87
1989-08-09;18,5447
1989-08-10;19,87
1989-08-11;18,5447
1989-08-12;18,1119
1989-08-13;18,1119
1989-08-14;16,4257
1989-08-15;15,6098
1989-08-16;16,4257
1989-08-17;14,8123
1989-08-18;12,8992
1989-08-19;11,4531
1989-08-20;18,5447
1989-08-21;65,3389
1989-08-22;62,6733
1989-08-23;56,6835
1989-08-24;48,6811
1989-08-25;294,982
1989-08-26;258,131
1989-08-27;170,557
1989-08-28;139,266
1989-08-29;86,7102
1989-08-30;82,5843
1989-08-31;172,06
1989-09-01;607,072
1989-09-02;243,398
1989-09-03;154,489
1989-09-04;114,947
1989-09-05;90,9437
1989-09-06;75,6217
1989-09-07;77,5776
1989-09-08;72,7377
1989-09-09;107,783
1989-09-10;99,7346
1989-09-11;448,622
1989-09-12;2691,57
1989-09-13;519,207
1989-09-14;414,182
1989-09-15;365,264
1989-09-16;303,075
1989-09-17;247,038
1989-09-18;197,067
1989-09-19;153,07
1989-09-20;114,947
1989-09-21;82,5843
1989-09-22;81,5696
1989-09-23;1005,66
1989-09-24;3106,24
1989-09-25;680,152
1989-09-26;323,821
1989-09-27;232,65
1989-09-28;178,142
1989-09-29;155,915
1989-09-30;140,616
1989-10-01;114,947
1989-10-02;96,3873
1989-10-03;111,334
1989-10-04;426,314
1989-10-05;288,989
1989-10-06;185,904
1989-10-07;133,939
1989-10-08;104,293
1989-10-09;90,9437
1989-10-10;80,5616
1989-10-11;98,6121
1989-10-12;80,5616
1989-10-13;94,1896
1989-10-14;83,6057
1989-10-15;73,6924
1989-10-16;61,7979
1989-10-17;65,3389
1989-10-18;76,5963
1989-10-19;61,7979
1989-10-20;102,0
1989-10-21;100,864
1989-10-22;95,285
1989-10-23;90,9437
1989-10-24;87,7585
1989-10-25;83,6057
1989-10-26;83,6057
1989-10-27;96,3873
1989-10-28;73,6924
1989-10-29;60,0669
1989-10-30;44,9228
1989-10-31;35,901
1989-11-01;30,8821
1989-11-02;27,9493
1989-11-03;25,7151
1989-11-04;24,6352
1989-11-05;23,1175
1989-11-06;22,6404
1989-11-07;20,3207
1989-11-08;18,982
1989-11-09;18,1119
1989-11-10;18,5447
1989-11-11;24,0848
1989-11-12;33,9716
1989-11-13;118,622
1989-11-14;93,1009
1989-11-15;64,4438
1989-11-16;48,6811
1989-11-17;38,5622
1989-11-18;32,099
1989-11-19;27,9493
1989-11-20;25,1721
1989-11-21;25,1721
1989-11-22;33,3411
1989-11-23;52,6011
1989-11-24;86,7102
1989-11-25;107,783
1989-11-26;98,6121
1989-11-27;70,8483
1989-11-28;50,2296
1989-11-29;39,2433
1989-11-30;32,7169
1989-12-01;27,3814
1989-12-02;23,5989
1989-12-03;23,5989
1989-12-04;20,7758
1989-12-05;18,5447
1989-12-06;16,8404
1989-12-07;14,8123
1989-12-08;13,6505
1989-12-09;12,8992
1989-12-10;12,1667
1989-12-11;12,5306
1989-12-12;14,4204
1989-12-13;14,8123
1989-12-14;13,6505
1989-12-15;11,8075
1989-12-16;11,4531
1989-12-17;10,4183
1989-12-18;19,4238
1989-12-19;15,6098
1989-12-20;13,2725
1989-12-21;11,8075
1989-12-22;10,4183
1989-12-23;9,4268
1989-12-24;8,3709
1989-12-25;7,7058
1989-12-26;7,3767
1989-12-27;7,0501
1989-12-28;6,726
1989-12-29;9,045
1989-12-30;12,5306
1989-12-31;11,1034
1990-01-01;50,2296
1990-01-02;30,283
1990-01-03;44,1904
1990-01-04;49,4521
1990-01-05;35,2515
1990-01-06;26,8198
1990-01-07;21,2354
1990-01-08;18,1119
1990-01-09;21,2354
1990-01-10;33,3411
1990-01-11;26,2644
1990-01-12;23,5989
1990-01-13;20,7758
1990-01-14;30,283
1990-01-15;192,24
1990-01-16;137,924
1990-01-17;96,3873
1990-01-18;96,3873
1990-01-19;99,7346
1990-01-20;103,143
1990-01-21;184,337
1990-01-22;195,451
1990-01-23;146,081
1990-01-24;131,318
1990-01-25;141,972
1990-01-26;203,602
1990-01-27;169,062
1990-01-28;119,86
1990-01-29;86,7102
1990-01-30;66,2406
1990-01-31;51,8041
1990-02-01;48,6811
1990-02-02;50,2296
1990-02-03;51,0136
1990-02-04;30,8821
1990-02-05;30,8821
1990-02-06;26,8198
1990-02-07;23,5989
1990-02-08;21,6993
1990-02-09;19,4238
1990-02-10;18,982
1990-02-11;21,2354
1990-02-12;49,4521
1990-02-13;89,8752
1990-02-14;100,864
1990-02-15;93,1009
1990-02-16;92,0189
1990-02-17;92,0189
1990-02-18;69,9135
1990-02-19;51,0136
1990-02-20;36,5568
1990-02-21;32,099
1990-02-22;35,2515
1990-02-23;52,6011
1990-02-24;67,1489
1990-02-25;83,6057
1990-02-26;102,0
1990-02-27;121,106
1990-02-28;105,449
1990-03-01;79,5602
1990-03-02;66,2406
1990-03-03;49,4521
1990-03-04;40,6248
1990-03-05;36,5568
1990-03-06;87,7585
1990-03-07;94,1896
1990-03-08;76,5963
1990-03-09;74,6537
1990-03-10;75,6217
1990-03-11;61,7979
1990-03-12;48,6811
1990-03-13;44,1904
1990-03-14;43,4645
1990-03-15;55,0309
1990-03-16;66,2406
1990-03-17;49,4521
1990-03-18;39,2433
1990-03-19;44,9228
1990-03-20;38,5622
1990-03-21;32,7169
1990-03-22;33,3411
1990-03-23;33,3411
1990-03-24;33,9716
1990-03-25;47,9165
1990-03-26;57,5195
1990-03-27;43,4645
1990-03-28;43,4645
1990-03-29;39,9309
1990-03-30;37,8873
1990-03-31;38,5622
1990-04-01;105,449
1990-04-02;108,96
1990-04-03;95,285
1990-04-04;95,285
1990-04-05;74,6537
1990-04-06;61,7979
1990-04-07;108,96
1990-04-08;311,285
1990-04-09;443,612
1990-04-10;265,671
1990-04-11;147,465
1990-04-12;117,39
1990-04-13;95,285
1990-04-14;85,6687
1990-04-15;73,6924
1990-04-16;62,6733
1990-04-17;55,8539
1990-04-18;52,6011
1990-04-19;47,1584
1990-04-20;42,0318
1990-04-21;37,2189
1990-04-22;33,9716
1990-04-23;32,099
1990-04-24;31,4874
1990-04-25;48,6811
1990-04-26;67,1489
1990-04-27;179,68
1990-04-28;575,055
1990-04-29;453,662
1990-04-30;321,713
1990-05-01;210,251
1990-05-02;148,856
1990-05-03;116,165
1990-05-04;94,1896
1990-05-05;79,5602
1990-05-06;87,7585
1990-05-07;63,5552
1990-05-08;53,4045
1990-05-09;47,9165
1990-05-10;44,9228
1990-05-11;53,4045
1990-05-12;67,1489
1990-05-13;68,0638
1990-05-14;51,8041
1990-05-15;44,9228
1990-05-16;39,9309
1990-05-17;36,5568
1990-05-18;33,9716
1990-05-19;33,9716
1990-05-20;34,6084
1990-05-21;35,2515
1990-05-22;33,3411
1990-05-23;29,6902
1990-05-24;27,3814
1990-05-25;25,7151
1990-05-26;25,1721
1990-05-27;25,1721
1990-05-28;24,6352
1990-05-29;29,6902
1990-05-30;143,335
1990-05-31;1716,75
1990-06-01;1208,91
1990-06-02;481,921
1990-06-03;254,404
1990-06-04;189,058
1990-06-05;185,904
1990-06-06;369,782
1990-06-07;345,301
1990-06-08;225,629
1990-06-09;151,659
1990-06-10;116,165
1990-06-11;104,293
1990-06-12;105,449
1990-06-13;106,613
1990-06-14;105,449
1990-06-15;106,613
1990-06-16;107,783
1990-06-17;106,613
1990-06-18;37,2189
1990-06-19;35,2515
1990-06-20;55,8539
1990-06-21;155,915
1990-06-22;148,856
1990-06-23;100,864
1990-06-24;86,7102
1990-06-25;97,4963
1990-06-26;118,622
1990-06-27;89,8752
1990-06-28;74,6537
1990-06-29;64,4438
1990-06-30;59,2112
1990-07-01;61,7979
1990-07-02;57,5195
1990-07-03;50,2296
1990-07-04;83,6057
1990-07-05;114,947
1990-07-06;97,4963
1990-07-07;73,6924
1990-07-08;60,9291
1990-07-09;50,2296
1990-07-10;45,6615
1990-07-11;40,6248
1990-07-12;35,901
1990-07-13;32,7169
1990-07-14;30,283
1990-07-15;27,9493
1990-07-16;33,9716
1990-07-17;79,5602
1990-07-18;70,8483
1990-07-19;98,6121
1990-07-20;72,7377
1990-07-21;58,3621
1990-07-22;49,4521
1990-07-23;42,0318
1990-07-24;39,2433
1990-07-25;35,2515
1990-07-26;32,099
1990-07-27;32,7169
1990-07-28;33,9716
1990-07-29;30,283
1990-07-30;27,3814
1990-07-31;25,7151
1990-08-01;24,0848
1990-08-02;22,6404
1990-08-03;22,1676
1990-08-04;21,2354
1990-08-05;20,3207
1990-08-06;19,4238
1990-08-07;18,5447
1990-08-08;17,6836
1990-08-09;16,8404
1990-08-10;16,8404
1990-08-11;16,0155
1990-08-12;16,0155
1990-08-13;15,2087
1990-08-14;15,2087
1990-08-15;14,4204
1990-08-16;15,6098
1990-08-17;16,4257
1990-08-18;16,0155
1990-08-19;14,4204
1990-08-20;14,4204
1990-08-21;15,2087
1990-08-22;13,6505
1990-08-23;12,8992
1990-08-24;12,1667
1990-08-25;11,4531
1990-08-26;12,1667
1990-08-27;12,1667
1990-08-28;12,1667
1990-08-29;11,8075
1990-08-30;11,1034
1990-08-31;10,7584
1990-09-01;14,0331
1990-09-02;68,0638
1990-09-03;42,745
1990-09-04;30,283
1990-09-05;25,7151
1990-09-06;26,2644
1990-09-07;30,283
1990-09-08;94,1896
1990-09-09;112,532
1990-09-10;72,7377
1990-09-11;62,6733
1990-09-12;155,915
1990-09-13;155,915
1990-09-14;131,318
1990-09-15;85,6687
1990-09-16;62,6733
1990-09-17;47,1584
1990-09-18;41,3251
1990-09-19;40,6248
1990-09-20;57,5195
1990-09-21;155,915
1990-09-22;915,157
1990-09-23;1084,56
1990-09-24;374,329
1990-09-25;41,3251
1990-09-26;40,6248
1990-09-27;39,2433
1990-09-28;38,5622
1990-09-29;37,2189
1990-09-30;36,5568
1990-10-01;89,8752
1990-10-02;98,6121
1990-10-03;94,1896
1990-10-04;83,6057
1990-10-05;69,9135
1990-10-06;57,5195
1990-10-07;60,9291
1990-10-08;98,6121
1990-10-09;372,052
1990-10-10;367,519
1990-10-11;281,1
1990-10-12;448,622
1990-10-13;1021,18
1990-10-14;487,157
1990-10-15;956,071
1990-10-16;604,123
1990-10-17;296,994
1990-10-18;187,477
1990-10-19;143,335
1990-10-20;122,358
1990-10-21;116,165
1990-10-22;99,7346
1990-10-23;81,5696
1990-10-24;69,9135
1990-10-25;59,2112
1990-10-26;52,6011
1990-10-27;49,4521
1990-10-28;44,1904
1990-10-29;39,2433
1990-10-30;37,8873
1990-10-31;36,5568
1990-11-01;41,3251
1990-11-02;50,2296
1990-11-03;61,7979
1990-11-04;51,0136
1990-11-05;82,5843
1990-11-06;84,6339
1990-11-07;77,5776
1990-11-08;82,5843
1990-11-09;86,7102
1990-11-10;106,613
1990-11-11;118,622
1990-11-12;106,613
1990-11-13;296,994
1990-11-14;247,038
1990-11-15;157,348
1990-11-16;117,39
1990-11-17;137,924
1990-11-18;114,947
1990-11-19;93,1009
1990-11-20;107,783
1990-11-21;100,864
1990-11-22;93,1009
1990-11-23;76,5963
1990-11-24;55,8539
1990-11-25;55,8539
1990-11-26;66,2406
1990-11-27;54,2145
1990-11-28;42,745
1990-11-29;36,5568
1990-11-30;31,4874
1990-12-01;30,8821
1990-12-02;30,283
1990-12-03;30,283
1990-12-04;40,6248
1990-12-05;42,745
1990-12-06;42,745
1990-12-07;51,0136
1990-12-08;49,4521
1990-12-09;42,0318
1990-12-10;35,2515
1990-12-11;31,4874
1990-12-12;35,2515
1990-12-13;44,1904
1990-12-14;45,6615
1990-12-15;76,5963
1990-12-16;56,6835
1990-12-17;41,3251
1990-12-18;32,7169
1990-12-19;27,9493
1990-12-20;24,6352
1990-12-21;23,1175
1990-12-22;20,7758
1990-12-23;19,4238
1990-12-24;22,6404
1990-12-25;25,1721
1990-12-26;26,8198
1990-12-27;47,9165
1990-12-28;33,3411
1990-12-29;25,1721
1990-12-30;20,3207
1990-12-31;17,2597
1991-01-01;15,6098
1991-01-02;14,0331
1991-01-03;12,1667
1991-01-04;11,8075
1991-01-05;11,4531
1991-01-06;11,1034
1991-01-07;12,5306
1991-01-08;11,4531
1991-01-09;9,7524
1991-01-10;9,045
1991-01-11;8,3709
1991-01-12;8,0372
1991-01-13;7,7058
1991-01-14;7,0501
1991-01-15;6,726
1991-01-16;7,0501
1991-01-17;7,0501
1991-01-18;6,726
1991-01-19;6,4045
1991-01-20;6,0856
1991-01-21;5,7695
1991-01-22;5,4562
1991-01-23;5,1459
1991-01-24;5,1459
1991-01-25;5,1459
1991-01-26;5,7695
1991-01-27;15,2087
1991-01-28;38,5622
1991-01-29;35,901
1991-01-30;26,2644
1991-01-31;20,7758
1991-02-01;23,5989
1991-02-02;30,283
1991-02-03;22,6404
1991-02-04;18,1119
1991-02-05;16,0155
1991-02-06;14,8123
1991-02-07;14,0331
1991-02-08;12,5306
1991-02-09;11,4531
1991-02-10;12,1667
1991-02-11;12,5306
1991-02-12;12,5306
1991-02-13;12,5306
1991-02-14;11,1034
1991-02-15;15,2087
1991-02-16;19,4238
1991-02-17;13,2725
1991-02-18;10,4183
1991-02-19;8,7069
1991-02-20;7,7058
1991-02-21;6,726
1991-02-22;6,4045
1991-02-23;6,4045
1991-02-24;5,7695
1991-02-25;5,7695
1991-02-26;5,4562
1991-02-27;5,4562
1991-02-28;5,4562
1991-03-01;5,1459
1991-03-02;4,8387
1991-03-03;5,4562
1991-03-04;5,1459
1991-03-05;7,0501
1991-03-06;10,4183
1991-03-07;9,7524
1991-03-08;7,7058
1991-03-09;6,4045
1991-03-10;5,7695
1991-03-11;5,4562
1991-03-12;5,1459
1991-03-13;5,1459
1991-03-14;5,1459
1991-03-15;11,4531
1991-03-16;11,4531
1991-03-17;9,4268
1991-03-18;8,0372
1991-03-19;6,726
1991-03-20;5,7695
1991-03-21;5,4562
1991-03-22;4,8387
1991-03-23;4,8387
1991-03-24;5,1459
1991-03-25;4,8387
1991-03-26;4,5348
1991-03-27;3,9371
1991-03-28;3,9371
1991-03-29;3,6437
1991-03-30;3,3541
1991-03-31;3,0687
1991-04-01;3,0687
1991-04-02;3,0687
1991-04-03;3,0687
1991-04-04;3,0687
1991-04-05;3,3541
1991-04-06;3,6437
1991-04-07;3,9371
1991-04-08;3,6437
1991-04-09;3,6437
1991-04-10;3,3541
1991-04-11;3,3541
1991-04-12;3,0687
1991-04-13;3,3541
1991-04-14;3,3541
1991-04-15;3,9371
1991-04-16;4,2342
1991-04-17;4,8387
1991-04-18;6,4045
1991-04-19;6,4045
1991-04-20;7,0501
1991-04-21;9,7524
1991-04-22;13,6505
1991-04-23;12,1667
1991-04-24;17,6836
1991-04-25;18,5447
1991-04-26;15,2087
1991-04-27;13,6505
1991-04-28;27,3814
1991-04-29;25,7151
1991-04-30;24,0848
1991-05-01;18,982
1991-05-02;14,8123
1991-05-03;12,1667
1991-05-04;10,083
1991-05-05;8,7069
1991-05-06;7,7058
1991-05-07;7,0501
1991-05-08;6,4045
1991-05-09;6,0856
1991-05-10;5,7695
1991-05-11;5,7695
1991-05-12;5,4562
1991-05-13;5,4562
1991-05-14;5,1459
1991-05-15;5,1459
1991-05-16;5,4562
1991-05-17;9,7524
1991-05-18;13,6505
1991-05-19;13,2725
1991-05-20;11,4531
1991-05-21;9,7524
1991-05-22;8,7069
1991-05-23;7,7058
1991-05-24;7,0501
1991-05-25;7,0501
1991-05-26;6,726
1991-05-27;7,0501
1991-05-28;7,0501
1991-05-29;6,4045
1991-05-30;6,0856
1991-05-31;5,7695
1991-06-01;5,4562
1991-06-02;5,1459
1991-06-03;5,1459
1991-06-04;5,1459
1991-06-05;19,4238
1991-06-06;135,261
1991-06-07;137,924
1991-06-08;102,0
1991-06-09;71,7897
1991-06-10;51,8041
1991-06-11;38,5622
1991-06-12;30,8821
1991-06-13;26,2644
1991-06-14;22,6404
1991-06-15;20,3207
1991-06-16;18,5447
1991-06-17;16,8404
1991-06-18;16,0155
1991-06-19;55,0309
1991-06-20;227,374
1991-06-21;232,65
1991-06-22;247,038
1991-06-23;160,234
1991-06-24;110,144
1991-06-25;86,7102
1991-06-26;68,0638
1991-06-27;57,5195
1991-06-28;63,5552
1991-06-29;77,5776
1991-06-30;73,6924
1991-07-01;62,6733
1991-07-02;52,6011
1991-07-03;44,1904
1991-07-04;37,2189
1991-07-05;33,3411
1991-07-06;30,283
1991-07-07;27,9493
1991-07-08;26,2644
1991-07-09;25,1721
1991-07-10;26,2644
1991-07-11;47,1584
1991-07-12;78,5656
1991-07-13;78,5656
1991-07-14;60,0669
1991-07-15;47,9165
1991-07-16;39,9309
1991-07-17;35,2515
1991-07-18;32,7169
1991-07-19;32,099
1991-07-20;30,283
1991-07-21;28,5233
1991-07-22;66,2406
1991-07-23;211,931
1991-07-24;197,067
1991-07-25;150,254
1991-07-26;112,532
1991-07-27;86,7102
1991-07-28;68,0638
1991-07-29;55,8539
1991-07-30;47,1584
1991-07-31;42,0318
1991-08-01;71,7897
1991-08-02;118,622
1991-08-03;119,86
1991-08-04;94,1896
1991-08-05;75,6217
1991-08-06;70,8483
1991-08-07;126,157
1991-08-08;220,439
1991-08-09;166,091
1991-08-10;130,017
1991-08-11;110,144
1991-08-12;92,0189
1991-08-13;77,5776
1991-08-14;66,2406
1991-08-15;57,5195
1991-08-16;50,2296
1991-08-17;44,1904
1991-08-18;38,5622
1991-08-19;35,901
1991-08-20;32,7169
1991-08-21;30,283
1991-08-22;28,5233
1991-08-23;26,8198
1991-08-24;25,7151
1991-08-25;24,6352
1991-08-26;23,1175
1991-08-27;21,6993
1991-08-28;21,2354
1991-08-29;20,7758
1991-08-30;20,3207
1991-08-31;21,2354
1991-09-01;21,6993
1991-09-02;23,5989
1991-09-03;23,5989
1991-09-04;22,6404
1991-09-05;22,6404
1991-09-06;18,982
1991-09-07;17,2597
1991-09-08;16,0155
1991-09-09;14,8123
1991-09-10;14,0331
1991-09-11;13,6505
1991-09-12;14,0331
1991-09-13;14,4204
1991-09-14;14,4204
1991-09-15;15,2087
1991-09-16;15,6098
1991-09-17;15,6098
1991-09-18;16,8404
1991-09-19;19,4238
1991-09-20;22,1676
1991-09-21;24,6352
1991-09-22;22,6404
1991-09-23;19,4238
1991-09-24;18,1119
1991-09-25;17,6836
1991-09-26;16,8404
1991-09-27;15,2087
1991-09-28;14,4204
1991-09-29;13,2725
1991-09-30;12,8992
1991-10-01;12,8992
1991-10-02;14,0331
1991-10-03;14,4204
1991-10-04;15,2087
1991-10-05;14,8123
1991-10-06;16,0155
1991-10-07;150,254
1991-10-08;160,234
1991-10-09;102,0
1991-10-10;69,9135
1991-10-11;79,5602
1991-10-12;82,5843
1991-10-13;65,3389
1991-10-14;51,8041
1991-10-15;42,0318
1991-10-16;35,2515
1991-10-17;30,8821
1991-10-18;28,5233
1991-10-19;25,1721
1991-10-20;23,1175
1991-10-21;21,2354
1991-10-22;19,4238
1991-10-23;17,6836
1991-10-24;17,2597
1991-10-25;18,1119
1991-10-26;24,6352
1991-10-27;22,6404
1991-10-28;21,2354
1991-10-29;24,0848
1991-10-30;29,6902
1991-10-31;53,4045
1991-11-01;52,6011
1991-11-02;52,6011
1991-11-03;48,6811
1991-11-04;94,1896
1991-11-05;100,864
1991-11-06;76,5963
1991-11-07;58,3621
1991-11-08;47,9165
1991-11-09;41,3251
1991-11-10;35,2515
1991-11-11;29,1037
1991-11-12;25,1721
1991-11-13;22,6404
1991-11-14;20,7758
1991-11-15;22,1676
1991-11-16;167,573
1991-11-17;117,39
1991-11-18;79,5602
1991-11-19;56,6835
1991-11-20;43,4645
1991-11-21;36,5568
1991-11-22;30,283
1991-11-23;26,2644
1991-11-24;23,1175
1991-11-25;20,3207
1991-11-26;18,5447
1991-11-27;17,6836
1991-11-28;18,5447
1991-11-29;19,87
1991-11-30;18,982
1991-12-01;18,5447
1991-12-02;17,6836
1991-12-03;16,0155
1991-12-04;14,4204
1991-12-05;17,2597
1991-12-06;14,4204
1991-12-07;11,4531
1991-12-08;10,7584
1991-12-09;10,7584
1991-12-10;11,8075
1991-12-11;14,0331
1991-12-12;16,0155
1991-12-13;23,1175
1991-12-14;23,1175
1991-12-15;44,9228
1991-12-16;83,6057
1991-12-17;105,449
1991-12-18;74,6537
1991-12-19;49,4521
1991-12-20;39,9309
1991-12-21;38,5622
1991-12-22;39,9309
1991-12-23;36,5568
1991-12-24;46,4068
1991-12-25;85,6687
1991-12-26;275,26
1991-12-27;686,443
1991-12-28;441,118
1991-12-29;234,424
1991-12-30;146,081
1991-12-31;106,613
1992-01-01;83,6057
1992-01-02;83,6057
1992-01-03;90,9437
1992-01-04;95,285
1992-01-05;79,5602
1992-01-06;57,5195
1992-01-07;43,4645
1992-01-08;35,901
1992-01-09;32,7169
1992-01-10;32,099
1992-01-11;31,4874
1992-01-12;27,9493
1992-01-13;25,1721
1992-01-14;22,6404
1992-01-15;20,3207
1992-01-16;18,982
1992-01-17;18,1119
1992-01-18;16,4257
1992-01-19;15,2087
1992-01-20;14,0331
1992-01-21;12,5306
1992-01-22;12,5306
1992-01-23;14,0331
1992-01-24;28,5233
1992-01-25;56,6835
1992-01-26;63,5552
1992-01-27;54,2145
1992-01-28;94,1896
1992-01-29;99,7346
1992-01-30;73,6924
1992-01-31;83,6057
1992-02-01;61,7979
1992-02-02;106,613
1992-02-03;97,4963
1992-02-04;94,1896
1992-02-05;100,864
1992-02-06;86,7102
1992-02-07;79,5602
1992-02-08;80,5616
1992-02-09;76,5963
1992-02-10;61,7979
1992-02-11;56,6835
1992-02-12;74,6537
1992-02-13;89,8752
1992-02-14;71,7897
1992-02-15;60,0669
1992-02-16;54,2145
1992-02-17;69,9135
1992-02-18;76,5963
1992-02-19;68,9853
1992-02-20;56,6835
1992-02-21;44,1904
1992-02-22;34,6084
1992-02-23;29,6902
1992-02-24;32,099
1992-02-25;56,6835
1992-02-26;63,5552
1992-02-27;52,6011
1992-02-28;39,2433
1992-02-29;45,6615
1992-03-01;51,0136
1992-03-02;38,5622
1992-03-03;30,8821
1992-03-04;28,5233
1992-03-05;30,283
1992-03-06;35,901
1992-03-07;34,6084
1992-03-08;33,9716
1992-03-09;33,9716
1992-03-10;32,099
1992-03-11;50,2296
1992-03-12;45,6615
1992-03-13;46,4068
1992-03-14;35,2515
1992-03-15;31,4874
1992-03-16;47,1584
1992-03-17;49,4521
1992-03-18;42,0318
1992-03-19;36,5568
1992-03-20;35,901
1992-03-21;33,9716
1992-03-22;29,6902
1992-03-23;51,0136
1992-03-24;285,03
1992-03-25;325,936
1992-03-26;195,451
1992-03-27;131,318
1992-03-28;98,6121
1992-03-29;90,9437
1992-03-30;154,489
1992-03-31;128,723
1992-04-01;92,0189
1992-04-02;68,9853
1992-04-03;54,2145
1992-04-04;44,1904
1992-04-05;37,8873
1992-04-06;44,1904
1992-04-07;67,1489
1992-04-08;112,532
1992-04-09;82,5843
1992-04-10;55,8539
1992-04-11;44,1904
1992-04-12;44,9228
1992-04-13;65,3389
1992-04-14;123,618
1992-04-15;158,787
1992-04-16;133,939
1992-04-17;114,947
1992-04-18;99,7346
1992-04-19;93,1009
1992-04-20;93,1009
1992-04-21;62,6733
1992-04-22;51,8041
1992-04-23;44,9228
1992-04-24;39,9309
1992-04-25;37,2189
1992-04-26;33,9716
1992-04-27;30,283
1992-04-28;26,2644
1992-04-29;26,2644
1992-04-30;26,2644
1992-05-01;26,2644
1992-05-02;28,5233
1992-05-03;27,9493
1992-05-04;27,3814
1992-05-05;27,9493
1992-05-06;25,1721
1992-05-07;22,6404
1992-05-08;20,7758
1992-05-09;19,87
1992-05-10;19,4238
1992-05-11;18,5447
1992-05-12;19,87
1992-05-13;217,014
1992-05-14;130,017
1992-05-15;86,7102
1992-05-16;69,9135
1992-05-17;88,8135
1992-05-18;87,7585
1992-05-19;68,0638
1992-05-20;59,2112
1992-05-21;50,2296
1992-05-22;47,1584
1992-05-23;57,5195
1992-05-24;67,1489
1992-05-25;61,7979
1992-05-26;54,2145
1992-05-27;505,72
1992-05-28;3606,05
1992-05-29;532,884
1992-05-30;347,49
1992-05-31;132,625
1992-06-01;197,067
1992-06-02;169,062
1992-06-03;137,924
1992-06-04;173,57
1992-06-05;176,611
1992-06-06;167,573
1992-06-07;169,062
1992-06-08;144,704
1992-06-09;192,24
1992-06-10;285,03
1992-06-11;215,313
1992-06-12;143,335
1992-06-13;112,919
1992-06-14;98,3467
1992-06-15;83,3163
1992-06-16;71,5098
1992-06-17;62,5539
1992-06-18;56,1324
1992-06-19;51,5
1992-06-20;46,6977
1992-06-21;44,362
1992-06-22;44,362
1992-06-23;56,1324
1992-06-24;77,3296
1992-06-25;79,7044
1992-06-26;65,8603
1992-06-27;52,3171
1992-06-28;45,1356
1992-06-29;43,5932
1992-06-30;53,1389
1992-07-01;172,06
1992-07-02;610,029
1992-07-03;397,511
1992-07-04;232,65
1992-07-05;210,251
1992-07-06;615,965
1992-07-07;476,715
1992-07-08;267,574
1992-07-09;178,142
1992-07-10;133,939
1992-07-11;112,919
1992-07-12;97,0591
1992-07-13;84,5334
1992-07-14;74,9814
1992-07-15;76,1521
1992-07-16;78,5137
1992-07-17;78,5137
1992-07-18;69,2293
1992-07-19;133,939
1992-07-20;189,058
1992-07-21;137,924
1992-07-22;106,203
1992-07-23;90,7162
1992-07-24;77,3296
1992-07-25;65,8603
1992-07-26;62,5539
1992-07-27;58,2443
1992-07-28;69,2293
1992-07-29;89,4667
1992-07-30;74,9814
1992-07-31;82,1057
1992-08-01;281,1
1992-08-02;340,946
1992-08-03;198,69
1992-08-04;143,335
1992-08-05;150,254
1992-08-06;140,616
1992-08-07;112,919
1992-08-08;103,559
1992-08-09;119,787
1992-08-10;127,437
1992-08-11;124,884
1992-08-12;185,904
1992-08-13;243,398
1992-08-14;201,957
1992-08-15;143,335
1992-08-16;114,281
1992-08-17;97,0591
1992-08-18;84,5334
1992-08-19;84,5334
1992-08-20;94,5029
1992-08-21;86,9871
1992-08-22;71,5098
1992-08-23;102,247
1992-08-24;205,253
1992-08-25;175,087
1992-08-26;123,618
1992-08-27;95,7779
1992-08-28;80,9018
1992-08-29;69,2293
1992-08-30;60,3848
1992-08-31;55,0874
1992-09-01;57,1847
1992-09-02;110,215
1992-09-03;390,478
1992-09-04;281,1
1992-09-05;173,57
1992-09-06;127,437
1992-09-07;103,559
1992-09-08;88,2237
1992-09-09;74,9814
1992-09-10;64,7512
1992-09-11;64,7512
1992-09-12;83,3163
1992-09-13;97,0591
1992-09-14;89,4667
1992-09-15;73,8174
1992-09-16;64,7512
1992-09-17;89,4667
1992-09-18;76,1521
1992-09-19;99,6405
1992-09-20;95,7779
1992-09-21;77,3296
1992-09-22;60,3848
1992-09-23;54,0496
1992-09-24;76,1521
1992-09-25;287,006
1992-09-26;397,511
1992-09-27;225,629
1992-09-28;153,07
1992-09-29;108,871
1992-09-30;88,2237
1992-10-01;72,6602
1992-10-02;60,3848
1992-10-03;60,3848
1992-10-04;55,0874
1992-10-05;48,2792
1992-10-06;44,362
1992-10-07;40,568
1992-10-08;39,8243
1992-10-09;33,3622
1992-10-10;31,3029
1992-10-11;25,4205
1992-10-12;24,795
1992-10-13;25,4205
1992-10-14;24,1752
1992-10-15;23,5613
1992-10-16;22,9532
1992-10-17;21,7546
1992-10-18;21,1642
1992-10-19;21,1642
1992-10-20;22,3509
1992-10-21;24,795
1992-10-22;31,3029
1992-10-23;32,6704
1992-10-24;27,9793
1992-10-25;26,0517
1992-10-26;21,7546
1992-10-27;24,795
1992-10-28;26,6886
1992-10-29;26,6886
1992-10-30;26,6886
1992-10-31;25,4205
1992-11-01;24,1752
1992-11-02;31,9839
1992-11-03;45,1356
1992-11-04;390,478
1992-11-05;245,214
1992-11-06;137,924
1992-11-07;90,7162
1992-11-08;65,8603
1992-11-09;51,5
1992-11-10;42,8294
1992-11-11;36,1823
1992-11-12;31,3029
1992-11-13;27,9793
1992-11-14;26,0517
1992-11-15;24,1752
1992-11-16;22,3509
1992-11-17;21,1642
1992-11-18;20,0014
1992-11-19;18,3031
1992-11-20;16,6609
1992-11-21;16,1262
1992-11-22;15,0761
1992-11-23;15,5979
1992-11-24;15,5979
1992-11-25;15,0761
1992-11-26;20,0014
1992-11-27;27,3311
1992-11-28;24,1752
1992-11-29;20,0014
1992-11-30;17,7494
1992-12-01;21,1642
1992-12-02;21,7546
1992-12-03;37,6236
1992-12-04;31,9839
1992-12-05;29,2922
1992-12-06;28,633
1992-12-07;24,795
1992-12-08;26,0517
1992-12-09;24,1752
1992-12-10;21,1642
1992-12-11;21,1642
1992-12-12;19,4292
1992-12-13;19,4292
1992-12-14;19,4292
1992-12-15;17,7494
1992-12-16;24,795
1992-12-17;24,795
1992-12-18;78,5137
1992-12-19;49,0772
1992-12-20;37,6236
1992-12-21;30,6272
1992-12-22;27,3311
1992-12-23;25,4205
1992-12-24;24,1752
1992-12-25;24,795
1992-12-26;20,0014
1992-12-27;14,0103
1992-12-28;14,0103
1992-12-29;12,4551
1992-12-30;10,5667
1992-12-31;11,4851
1993-01-01;10,5667
1993-01-02;11,0195
1993-01-03;14,0103
1993-01-04;12,4551
1993-01-05;20,0014
1993-01-06;24,795
1993-01-07;27,3311
1993-01-08;23,5613
1993-01-09;21,7546
1993-01-10;20,0014
1993-01-11;16,6609
1993-01-12;14,5609
1993-01-13;11,4851
1993-01-14;11,4851
1993-01-15;10,1265
1993-01-16;13,4784
1993-01-17;103,559
1993-01-18;124,884
1993-01-19;68,0994
1993-01-20;42,8294
1993-01-21;32,6704
1993-01-22;26,0517
1993-01-23;21,7546
1993-01-24;17,7494
1993-01-25;15,0761
1993-01-26;12,96
1993-01-27;26,0517
1993-01-28;19,4292
1993-01-29;20,0014
1993-01-30;26,6886
1993-01-31;33,3622
1993-02-01;25,4205
1993-02-02;25,4205
1993-02-03;20,5798
1993-02-04;16,6609
1993-02-05;14,0103
1993-02-06;14,5609
1993-02-07;14,0103
1993-02-08;16,1262
1993-02-09;17,7494
1993-02-10;16,1262
1993-02-11;12,96
1993-02-12;11,0195
1993-02-13;10,1265
1993-02-14;9,6987
1993-02-15;10,5667
1993-02-16;12,96
1993-02-17;11,9635
1993-02-18;12,4551
1993-02-19;11,9635
1993-02-20;11,4851
1993-02-21;15,5979
1993-02-22;20,0014
1993-02-23;17,202
1993-02-24;14,5609
1993-02-25;11,4851
1993-02-26;9,6987
1993-02-27;9,2831
1993-02-28;8,8795
1993-03-01;7,3822
1993-03-02;8,1078
1993-03-03;8,4878
1993-03-04;8,8795
1993-03-05;8,1078
1993-03-06;9,2831
1993-03-07;16,1262
1993-03-08;26,0517
1993-03-09;41,3168
1993-03-10;51,5
1993-03-11;33,3622
1993-03-12;25,4205
1993-03-13;21,1642
1993-03-14;17,7494
1993-03-15;15,0761
1993-03-16;12,96
1993-03-17;11,9635
1993-03-18;11,4851
1993-03-19;11,4851
1993-03-20;11,4851
1993-03-21;11,9635
1993-03-22;10,5667
1993-03-23;10,1265
1993-03-24;9,6987
1993-03-25;11,0195
1993-03-26;12,4551
1993-03-27;26,0517
1993-03-28;18,3031
1993-03-29;14,5609
1993-03-30;11,9635
1993-03-31;12,4551
1993-04-01;11,4851
1993-04-02;11,4851
1993-04-03;17,202
1993-04-04;16,1262
1993-04-05;13,4784
1993-04-06;12,96
1993-04-07;11,4851
1993-04-08;11,4851
1993-04-09;13,4784
1993-04-10;24,1752
1993-04-11;17,202
1993-04-12;14,0103
1993-04-13;12,4551
1993-04-14;12,96
1993-04-15;13,4784
1993-04-16;11,9635
1993-04-17;23,5613
1993-04-18;36,9004
1993-04-19;25,4205
1993-04-20;20,0014
1993-04-21;16,1262
1993-04-22;14,0103
1993-04-23;14,5609
1993-04-24;14,0103
1993-04-25;14,0103
1993-04-26;12,96
1993-04-27;11,9635
1993-04-28;13,4784
1993-04-29;36,9004
1993-04-30;29,957
1993-05-01;24,795
1993-05-02;20,0014
1993-05-03;18,863
1993-05-04;15,5979
1993-05-05;31,9839
1993-05-06;39,8243
1993-05-07;37,6236
1993-05-08;32,6704
1993-05-09;28,633
1993-05-10;24,795
1993-05-11;24,795
1993-05-12;42,0706
1993-05-13;208,578
1993-05-14;173,57
1993-05-15;135,261
1993-05-16;95,7779
1993-05-17;70,3661
1993-05-18;54,0496
1993-05-19;46,6977
1993-05-20;40,568
1993-05-21;35,4694
1993-05-22;31,9839
1993-05-23;29,2922
1993-05-24;26,0517
1993-05-25;24,1752
1993-05-26;22,9532
1993-05-27;29,2922
1993-05-28;31,9839
1993-05-29;27,9793
1993-05-30;29,957
1993-05-31;206,912
1993-06-01;123,618
1993-06-02;85,757
1993-06-03;71,5098
1993-06-04;530,133
1993-06-05;692,764
1993-06-06;230,884
1993-06-07;144,704
1993-06-08;102,247
1993-06-09;78,5137
1993-06-10;62,5539
1993-06-11;51,5
1993-06-12;42,8294
1993-06-13;39,0856
1993-06-14;35,4694
1993-06-15;31,9839
1993-06-16;30,6272
1993-06-17;35,4694
1993-06-18;71,5098
1993-06-19;65,8603
1993-06-20;54,0496
1993-06-21;48,2792
1993-06-22;42,0706
1993-06-23;39,0856
1993-06-24;45,1356
1993-06-25;88,2237
1993-06-26;79,7044
1993-06-27;61,4658
1993-06-28;49,8801
1993-06-29;42,8294
1993-06-30;39,0856
1993-07-01;36,1823
1993-07-02;32,6704
1993-07-03;136,589
1993-07-04;336,621
1993-07-05;871,611
1993-07-06;381,206
1993-07-07;495,067
1993-07-08;263,775
1993-07-09;166,091
1993-07-10;141,972
1993-07-11;621,932
1993-07-12;392,815
1993-07-13;217,014
1993-07-14;154,489
1993-07-15;121,106
1993-07-16;98,3467
1993-07-17;86,9871
1993-07-18;78,5137
1993-07-19;74,9814
1993-07-20;62,5539
1993-07-21;62,5539
1993-07-22;58,2443
1993-07-23;52,3171
1993-07-24;47,486
1993-07-25;44,362
1993-07-26;41,3168
1993-07-27;39,0856
1993-07-28;37,6236
1993-07-29;45,1356
1993-07-30;54,0496
1993-07-31;56,1324
1993-08-01;54,0496
1993-08-02;50,6876
1993-08-03;44,362
1993-08-04;39,0856
1993-08-05;37,6236
1993-08-06;34,7617
1993-08-07;31,3029
1993-08-08;29,957
1993-08-09;27,9793
1993-08-10;26,6886
1993-08-11;26,0517
1993-08-12;26,0517
1993-08-13;24,1752
1993-08-14;22,9532
1993-08-15;21,7546
1993-08-16;22,3509
1993-08-17;22,9532
1993-08-18;22,9532
1993-08-19;22,3509
1993-08-20;22,3509
1993-08-21;21,7546
1993-08-22;21,1642
1993-08-23;20,0014
1993-08-24;19,4292
1993-08-25;17,7494
1993-08-26;16,6609
1993-08-27;15,5979
1993-08-28;14,0103
1993-08-29;12,96
1993-08-30;11,9635
1993-08-31;13,4784
1993-09-01;16,1262
1993-09-02;33,3622
1993-09-03;31,3029
1993-09-04;21,1642
1993-09-05;14,5609
1993-09-06;14,5609
1993-09-07;19,4292
1993-09-08;15,5979
1993-09-09;10,5667
1993-09-10;9,6987
1993-09-11;10,1265
1993-09-12;10,1265
1993-09-13;9,2831
1993-09-14;9,6987
1993-09-15;9,6987
1993-09-16;10,1265
1993-09-17;9,6987
1993-09-18;10,1265
1993-09-19;11,9635
1993-09-20;29,957
1993-09-21;223,892
1993-09-22;108,871
1993-09-23;72,6602
1993-09-24;66,9764
1993-09-25;59,311
1993-09-26;73,8174
1993-09-27;167,573
1993-09-28;131,318
1993-09-29;93,2343
1993-09-30;70,3661
1993-10-01;57,1847
1993-10-02;48,2792
1993-10-03;44,362
1993-10-04;44,362
1993-10-05;52,3171
1993-10-06;77,3296
1993-10-07;55,0874
1993-10-08;46,6977
1993-10-09;39,8243
1993-10-10;35,4694
1993-10-11;31,9839
1993-10-12;28,633
1993-10-13;25,4205
1993-10-14;23,5613
1993-10-15;21,7546
1993-10-16;20,0014
1993-10-17;19,4292
1993-10-18;24,1752
1993-10-19;36,9004
1993-10-20;34,0593
1993-10-21;28,633
1993-10-22;26,0517
1993-10-23;41,3168
1993-10-24;59,311
1993-10-25;45,1356
1993-10-26;39,0856
1993-10-27;28,633
1993-10-28;28,633
1993-10-29;24,1752
1993-10-30;21,7546
1993-10-31;20,0014
1993-11-01;20,5798
1993-11-02;22,9532
1993-11-03;22,3509
1993-11-04;20,0014
1993-11-05;18,3031
1993-11-06;17,202
1993-11-07;16,6609
1993-11-08;16,6609
1993-11-09;14,5609
1993-11-10;13,4784
1993-11-11;12,4551
1993-11-12;11,4851
1993-11-13;17,202
1993-11-14;41,3168
1993-11-15;43,5932
1993-11-16;160,234
1993-11-17;330,188
1993-11-18;206,912
1993-11-19;127,437
1993-11-20;85,757
1993-11-21;61,4658
1993-11-22;48,2792
1993-11-23;44,362
1993-11-24;50,6876
1993-11-25;73,8174
1993-11-26;58,2443
1993-11-27;49,0772
1993-11-28;39,8243
1993-11-29;33,3622
1993-11-30;30,6272
1993-12-01;34,0593
1993-12-02;40,568
1993-12-03;31,3029
1993-12-04;26,0517
1993-12-05;340,946
1993-12-06;530,133
1993-12-07;232,65
1993-12-08;441,118
1993-12-09;275,26
1993-12-10;198,69
1993-12-11;144,704
1993-12-12;123,618
1993-12-13;85,757
1993-12-14;80,9018
1993-12-15;80,9018
1993-12-16;79,7044
1993-12-17;123,618
1993-12-18;72,6602
1993-12-19;55,0874
1993-12-20;47,486
1993-12-21;42,0706
1993-12-22;36,1823
1993-12-23;31,3029
1993-12-24;29,2922
1993-12-25;28,633
1993-12-26;23,5613
1993-12-27;23,5613
1993-12-28;28,633
1993-12-29;40,568
1993-12-30;39,0856
1993-12-31;29,957
1994-01-01;26,6886
1994-01-02;24,795
1994-01-03;17,202
1994-01-04;15,5979
1994-01-05;15,5979
1994-01-06;19,4292
1994-01-07;19,4292
1994-01-08;17,7494
1994-01-09;19,4292
1994-01-10;17,7494
1994-01-11;19,4292
1994-01-12;15,5979
1994-01-13;18,3031
1994-01-14;17,202
1994-01-15;16,1262
1994-01-16;15,5979
1994-01-17;11,9635
1994-01-18;8,1078
1994-01-19;11,0195
1994-01-20;19,4292
1994-01-21;21,1642
1994-01-22;21,1642
1994-01-23;15,0761
1994-01-24;11,0195
1994-01-25;7,3822
1994-01-26;8,1078
1994-01-27;12,96
1994-01-28;14,5609
1994-01-29;13,4784
1994-01-30;12,96
1994-01-31;10,1265
1994-02-01;6,377
1994-02-02;5,7604
1994-02-03;14,5609
1994-02-04;15,0761
1994-02-05;14,5609
1994-02-06;16,6609
1994-02-07;10,5667
1994-02-08;7,0362
1994-02-09;5,4675
1994-02-10;8,8795
1994-02-11;22,3509
1994-02-12;19,4292
1994-02-13;44,362
1994-02-14;39,8243
1994-02-15;54,0496
1994-02-16;71,5098
1994-02-17;50,6876
1994-02-18;222,162
1994-02-19;117,022
1994-02-20;74,9814
1994-02-21;60,3848
1994-02-22;74,9814
1994-02-23;76,1521
1994-02-24;60,3848
1994-02-25;167,573
1994-02-26;110,215
1994-02-27;71,5098
1994-02-28;52,3171
1994-03-01;42,0706
1994-03-02;42,0706
1994-03-03;37,6236
1994-03-04;31,3029
1994-03-05;28,633
1994-03-06;25,4205
1994-03-07;17,7494
1994-03-08;16,6609
1994-03-09;15,0761
1994-03-10;30,6272
1994-03-11;34,0593
1994-03-12;34,0593
1994-03-13;27,3311
1994-03-14;24,1752
1994-03-15;21,1642
1994-03-16;18,863
1994-03-17;17,7494
1994-03-18;23,5613
1994-03-19;24,795
1994-03-20;22,3509
1994-03-21;21,1642
1994-03-22;21,1642
1994-03-23;20,5798
1994-03-24;18,3031
1994-03-25;17,202
1994-03-26;18,3031
1994-03-27;18,863
1994-03-28;16,6609
1994-03-29;16,6609
1994-03-30;15,0761
1994-03-31;14,5609
1994-04-01;14,5609
1994-04-02;13,4784
1994-04-03;13,4784
1994-04-04;12,96
1994-04-05;10,5667
1994-04-06;8,8795
1994-04-07;23,5613
1994-04-08;29,957
1994-04-09;24,1752
1994-04-10;20,0014
1994-04-11;15,0761
1994-04-12;10,5667
1994-04-13;9,6987
1994-04-14;12,4551
1994-04-15;14,0103
1994-04-16;12,4551
1994-04-17;10,5667
1994-04-18;10,5667
1994-04-19;7,7394
1994-04-20;6,7012
1994-04-21;143,335
1994-04-22;241,588
1994-04-23;126,157
1994-04-24;76,1521
1994-04-25;70,3661
1994-04-26;791,307
1994-04-27;598,248
1994-04-28;640,017
1994-04-29;347,49
1994-04-30;80,9018
1994-05-01;68,0994
1994-05-02;49,0772
1994-05-03;40,568
1994-05-04;42,0706
1994-05-05;71,5098
1994-05-06;58,2443
1994-05-07;49,8801
1994-05-08;43,5932
1994-05-09;35,4694
1994-05-10;51,5
1994-05-11;111,564
1994-05-12;197,067
1994-05-13;229,126
1994-05-14;161,688
1994-05-15;122,358
1994-05-16;94,5029
1994-05-17;74,9814
1994-05-18;59,311
1994-05-19;50,6876
1994-05-20;45,9142
1994-05-21;40,568
1994-05-22;36,9004
1994-05-23;35,4694
1994-05-24;31,9839
1994-05-25;166,091
1994-05-26;307,166
1994-05-27;205,253
1994-05-28;146,081
1994-05-29;124,884
1994-05-30;88,2237
1994-05-31;154,489
1994-06-01;332,324
1994-06-02;185,904
1994-06-03;132,625
1994-06-04;122,358
1994-06-05;106,203
1994-06-06;89,4667
1994-06-07;166,091
1994-06-08;154,489
1994-06-09;118,401
1994-06-10;91,9721
1994-06-11;79,7044
1994-06-12;61,4658
1994-06-13;50,6876
1994-06-14;44,362
1994-06-15;42,8294
1994-06-16;39,8243
1994-06-17;40,568
1994-06-18;37,6236
1994-06-19;185,904
1994-06-20;338,78
1994-06-21;169,062
1994-06-22;121,106
1994-06-23;90,7162
1994-06-24;84,5334
1994-06-25;104,878
1994-06-26;89,4667
1994-06-27;73,8174
1994-06-28;62,5539
1994-06-29;58,2443
1994-06-30;52,3171
1994-07-01;139,266
1994-07-02;618,944
1994-07-03;247,038
1994-07-04;154,489
1994-07-05;131,318
1994-07-06;431,219
1994-07-07;1060,56
1994-07-08;463,833
1994-07-09;210,251
1994-07-10;148,856
1994-07-11;118,401
1994-07-12;93,2343
1994-07-13;82,1057
1994-07-14;74,9814
1994-07-15;65,8603
1994-07-16;57,1847
1994-07-17;50,6876
1994-07-18;46,6977
1994-07-19;44,362
1994-07-20;39,8243
1994-07-21;39,0856
1994-07-22;42,0706
1994-07-23;62,5539
1994-07-24;54,0496
1994-07-25;49,0772
1994-07-26;47,486
1994-07-27;51,5
1994-07-28;48,2792
1994-07-29;44,362
1994-07-30;54,0496
1994-07-31;103,559
1994-08-01;78,5137
1994-08-02;73,8174
1994-08-03;111,564
1994-08-04;98,3467
1994-08-05;79,7044
1994-08-06;64,7512
1994-08-07;56,1324
1994-08-08;49,0772
1994-08-09;44,362
1994-08-10;47,486
1994-08-11;43,5932
1994-08-12;37,6236
1994-08-13;36,1823
1994-08-14;36,1823
1994-08-15;127,437
1994-08-16;190,645
1994-08-17;126,157
1994-08-18;82,1057
1994-08-19;65,8603
1994-08-20;52,3171
1994-08-21;45,9142
1994-08-22;39,8243
1994-08-23;36,9004
1994-08-24;32,6704
1994-08-25;31,9839
1994-08-26;29,957
1994-08-27;28,633
1994-08-28;27,3311
1994-08-29;27,9793
1994-08-30;27,3311
1994-08-31;25,4205
1994-09-01;24,795
1994-09-02;24,1752
1994-09-03;23,5613
1994-09-04;22,3509
1994-09-05;20,0014
1994-09-06;21,1642
1994-09-07;24,795
1994-09-08;34,0593
1994-09-09;35,4694
1994-09-10;27,3311
1994-09-11;25,4205
1994-09-12;24,1752
1994-09-13;52,3171
1994-09-14;277,199
1994-09-15;148,856
1994-09-16;151,659
1994-09-17;114,281
1994-09-18;84,5334
1994-09-19;66,9764
1994-09-20;54,0496
1994-09-21;44,362
1994-09-22;39,8243
1994-09-23;34,7617
1994-09-24;26,6886
1994-09-25;27,3311
1994-09-26;26,0517
1994-09-27;28,633
1994-09-28;26,0517
1994-09-29;21,7546
1994-09-30;20,0014
1994-10-01;22,9532
1994-10-02;230,884
1994-10-03;365,264
1994-10-04;239,786
1994-10-05;155,915
1994-10-06;106,203
1994-10-07;79,7044
1994-10-08;62,5539
1994-10-09;50,6876
1994-10-10;42,0706
1994-10-11;39,8243
1994-10-12;35,4694
1994-10-13;52,3171
1994-10-14;136,589
1994-10-15;89,4667
1994-10-16;65,8603
1994-10-17;119,787
1994-10-18;236,204
1994-10-19;292,977
1994-10-20;615,965
1994-10-21;345,301
1994-10-22;178,142
1994-10-23;349,685
1994-10-24;640,017
1994-10-25;399,87
1994-10-26;200,32
1994-10-27;136,589
1994-10-28;106,203
1994-10-29;79,7044
1994-10-30;60,3848
1994-10-31;55,0874
1994-11-01;60,3848
1994-11-02;80,9018
1994-11-03;59,311
1994-11-04;61,4658
1994-11-05;213,618
1994-11-06;163,148
1994-11-07;147,465
1994-11-08;118,401
1994-11-09;131,318
1994-11-10;106,203
1994-11-11;83,3163
1994-11-12;66,9764
1994-11-13;58,2443
1994-11-14;52,3171
1994-11-15;44,362
1994-11-16;39,8243
1994-11-17;36,9004
1994-11-18;39,8243
1994-11-19;34,7617
1994-11-20;35,4694
1994-11-21;32,6704
1994-11-22;29,2922
1994-11-23;26,0517
1994-11-24;26,0517
1994-11-25;20,0014
1994-11-26;18,863
1994-11-27;16,6609
1994-11-28;20,5798
1994-11-29;22,3509
1994-11-30;20,0014
1994-12-01;18,863
1994-12-02;17,202
1994-12-03;15,5979
1994-12-04;21,1642
1994-12-05;29,957
1994-12-06;31,3029
1994-12-07;23,5613
1994-12-08;20,5798
1994-12-09;18,863
1994-12-10;17,7494
1994-12-11;15,0761
1994-12-12;13,4784
1994-12-13;11,4851
1994-12-14;15,0761
1994-12-15;16,6609
1994-12-16;20,0014
1994-12-17;24,795
1994-12-18;35,4694
1994-12-19;33,3622
1994-12-20;23,5613
1994-12-21;19,4292
1994-12-22;33,3622
1994-12-23;44,362
1994-12-24;30,6272
1994-12-25;23,5613
1994-12-26;15,5979
1994-12-27;13,4784
1994-12-28;84,5334
1994-12-29;107,534
1994-12-30;166,091
1994-12-31;187,477
1995-01-01;117,022
1995-01-02;77,3296
1995-01-03;60,3848
1995-01-04;46,6977
1995-01-05;45,9142
1995-01-06;44,362
1995-01-07;41,3168
1995-01-08;34,0593
1995-01-09;30,6272
1995-01-10;139,266
1995-01-11;122,358
1995-01-12;85,757
1995-01-13;73,8174
1995-01-14;146,081
1995-01-15;484,535
1995-01-16;607,072
1995-01-17;236,204
1995-01-18;146,081
1995-01-19;126,157
1995-01-20;93,2343
1995-01-21;84,5334
1995-01-22;99,6405
1995-01-23;69,2293
1995-01-24;54,0496
1995-01-25;46,6977
1995-01-26;45,1356
1995-01-27;39,0856
1995-01-28;41,3168
1995-01-29;37,6236
1995-01-30;27,3311
1995-01-31;24,795
1995-02-01;26,0517
1995-02-02;23,5613
1995-02-03;24,1752
1995-02-04;22,3509
1995-02-05;20,5798
1995-02-06;22,3509
1995-02-07;31,9839
1995-02-08;23,5613
1995-02-09;20,5798
1995-02-10;22,3509
1995-02-11;27,9793
1995-02-12;24,795
1995-02-13;16,6609
1995-02-14;38,3521
1995-02-15;83,3163
1995-02-16;61,4658
1995-02-17;49,8801
1995-02-18;48,2792
1995-02-19;54,0496
1995-02-20;41,3168
1995-02-21;29,2922
1995-02-22;24,795
1995-02-23;27,9793
1995-02-24;29,2922
1995-02-25;28,633
1995-02-26;27,3311
1995-02-27;28,633
1995-02-28;25,4205
1995-03-01;73,8174
1995-03-02;70,3661
1995-03-03;50,6876
1995-03-04;45,1356
1995-03-05;52,3171
1995-03-06;46,6977
1995-03-07;43,5932
1995-03-08;42,8294
1995-03-09;74,9814
1995-03-10;57,1847
1995-03-11;44,362
1995-03-12;36,9004
1995-03-13;26,6886
1995-03-14;22,3509
1995-03-15;19,4292
1995-03-16;19,4292
1995-03-17;21,1642
1995-03-18;19,4292
1995-03-19;22,3509
1995-03-20;15,0761
1995-03-21;11,9635
1995-03-22;11,9635
1995-03-23;17,202
1995-03-24;15,5979
1995-03-25;15,0761
1995-03-26;16,6609
1995-03-27;12,4551
1995-03-28;8,8795
1995-03-29;10,1265
1995-03-30;15,5979
1995-03-31;19,4292
1995-04-01;26,6886
1995-04-02;24,795
1995-04-03;17,7494
1995-04-04;14,0103
1995-04-05;12,4551
1995-04-06;18,863
1995-04-07;17,202
1995-04-08;16,1262
1995-04-09;15,5979
1995-04-10;13,4784
1995-04-11;11,4851
1995-04-12;10,1265
1995-04-13;18,863
1995-04-14;18,3031
1995-04-15;16,6609
1995-04-16;12,96
1995-04-17;9,2831
1995-04-18;8,1078
1995-04-19;23,5613
1995-04-20;20,5798
1995-04-21;23,5613
1995-04-22;20,5798
1995-04-23;15,5979
1995-04-24;11,0195
1995-04-25;10,5667
1995-04-26;9,6987
1995-04-27;14,5609
1995-04-28;14,0103
1995-04-29;14,5609
1995-04-30;14,0103
1995-05-01;17,202
1995-05-02;16,1262
1995-05-03;14,5609
1995-05-04;15,5979
1995-05-05;15,5979
1995-05-06;13,4784
1995-05-07;14,0103
1995-05-08;17,7494
1995-05-09;21,1642
1995-05-10;15,5979
1995-05-11;13,4784
1995-05-12;13,4784
1995-05-13;14,0103
1995-05-14;13,4784
1995-05-15;12,4551
1995-05-16;13,4784
1995-05-17;19,4292
1995-05-18;24,1752
1995-05-19;21,1642
1995-05-20;17,7494
1995-05-21;17,7494
1995-05-22;16,1262
1995-05-23;14,5609
1995-05-24;14,0103
1995-05-25;11,4851
1995-05-26;9,2831
1995-05-27;8,8795
1995-05-28;8,1078
1995-05-29;8,1078
1995-05-30;8,4878
1995-05-31;9,2831
1995-06-01;8,8795
1995-06-02;8,4878
1995-06-03;8,1078
1995-06-04;7,7394
1995-06-05;7,3822
1995-06-06;7,3822
1995-06-07;8,4878
1995-06-08;28,633
1995-06-09;62,5539
1995-06-10;62,5539
1995-06-11;163,148
1995-06-12;86,9871
1995-06-13;56,1324
1995-06-14;42,8294
1995-06-15;36,1823
1995-06-16;31,3029
1995-06-17;28,633
1995-06-18;42,8294
1995-06-19;41,3168
1995-06-20;34,7617
1995-06-21;30,6272
1995-06-22;26,6886
1995-06-23;23,5613
1995-06-24;24,795
1995-06-25;127,437
1995-06-26;118,401
1995-06-27;73,8174
1995-06-28;107,534
1995-06-29;198,69
1995-06-30;123,618
1995-07-01;80,9018
1995-07-02;62,5539
1995-07-03;94,5029
1995-07-04;130,017
1995-07-05;90,7162
1995-07-06;74,9814
1995-07-07;205,253
1995-07-08;143,335
1995-07-09;97,0591
1995-07-10;70,3661
1995-07-11;56,1324
1995-07-12;49,8801
1995-07-13;44,362
1995-07-14;38,3521
1995-07-15;35,4694
1995-07-16;45,9142
1995-07-17;151,659
1995-07-18;158,787
1995-07-19;121,106
1995-07-20;279,146
1995-07-21;201,957
1995-07-22;136,589
1995-07-23;103,559
1995-07-24;74,9814
1995-07-25;58,2443
1995-07-26;53,1389
1995-07-27;45,9142
1995-07-28;42,0706
1995-07-29;46,6977
1995-07-30;53,1389
1995-07-31;77,3296
1995-08-01;76,1521
1995-08-02;64,7512
1995-08-03;74,9814
1995-08-04;100,941
1995-08-05;107,534
1995-08-06;82,1057
1995-08-07;66,9764
1995-08-08;58,2443
1995-08-09;60,3848
1995-08-10;56,1324
1995-08-11;58,2443
1995-08-12;57,1847
1995-08-13;51,5
1995-08-14;42,8294
1995-08-15;41,3168
1995-08-16;40,568
1995-08-17;41,3168
1995-08-18;79,7044
1995-08-19;107,534
1995-08-20;82,1057
1995-08-21;63,649
1995-08-22;51,5
1995-08-23;46,6977
1995-08-24;42,8294
1995-08-25;38,3521
1995-08-26;33,3622
1995-08-27;31,3029
1995-08-28;25,4205
1995-08-29;23,5613
1995-08-30;23,5613
1995-08-31;24,795
1995-09-01;23,5613
1995-09-02;22,9532
1995-09-03;21,7546
1995-09-04;17,7494
1995-09-05;15,5979
1995-09-06;14,5609
1995-09-07;18,3031
1995-09-08;17,7494
1995-09-09;16,6609
1995-09-10;12,96
1995-09-11;15,5979
1995-09-12;31,9839
1995-09-13;32,6704
1995-09-14;32,6704
1995-09-15;44,362
1995-09-16;38,3521
1995-09-17;31,3029
1995-09-18;24,1752
1995-09-19;39,8243
1995-09-20;91,9721
1995-09-21;70,3661
1995-09-22;48,2792
1995-09-23;45,9142
1995-09-24;54,0496
1995-09-25;76,1521
1995-09-26;78,5137
1995-09-27;119,787
1995-09-28;100,941
1995-09-29;91,9721
1995-09-30;232,65
1995-10-01;275,26
1995-10-02;323,821
1995-10-03;173,57
1995-10-04;215,313
1995-10-05;577,927
1995-10-06;299,014
1995-10-07;178,142
1995-10-08;137,924
1995-10-09;102,247
1995-10-10;79,7044
1995-10-11;66,9764
1995-10-12;56,1324
1995-10-13;50,6876
1995-10-14;44,362
1995-10-15;42,0706
1995-10-16;33,3622
1995-10-17;23,5613
1995-10-18;31,3029
1995-10-19;30,6272
1995-10-20;29,2922
1995-10-21;28,633
1995-10-22;26,6886
1995-10-23;21,1642
1995-10-24;19,4292
1995-10-25;18,863
1995-10-26;21,7546
1995-10-27;22,3509
1995-10-28;27,9793
1995-10-29;32,6704
1995-10-30;22,3509
1995-10-31;18,3031
1995-11-01;17,7494
1995-11-02;19,4292
1995-11-03;18,863
1995-11-04;15,0761
1995-11-05;12,4551
1995-11-06;13,4784
1995-11-07;11,0195
1995-11-08;10,1265
1995-11-09;11,0195
1995-11-10;9,6987
1995-11-11;13,4784
1995-11-12;13,4784
1995-11-13;11,4851
1995-11-14;15,0761
1995-11-15;10,1265
1995-11-16;14,0103
1995-11-17;12,4551
1995-11-18;8,8795
1995-11-19;7,3822
1995-11-20;11,0195
1995-11-21;7,3822
1995-11-22;6,7012
1995-11-23;6,7012
1995-11-24;11,9635
1995-11-25;11,4851
1995-11-26;11,4851
1995-11-27;10,5667
1995-11-28;7,3822
1995-11-29;6,377
1995-11-30;6,0635
1995-12-01;8,8795
1995-12-02;8,8795
1995-12-03;8,8795
1995-12-04;8,4878
1995-12-05;6,0635
1995-12-06;4,3953
1995-12-07;3,9163
1995-12-08;4,3953
1995-12-09;6,0635
1995-12-10;5,7604
1995-12-11;5,1848
1995-12-12;3,9163
1995-12-13;3,265
1995-12-14;3,0652
1995-12-15;3,265
1995-12-16;5,7604
1995-12-17;5,4675
1995-12-18;6,7012
1995-12-19;6,0635
1995-12-20;4,1512
1995-12-21;3,9163
1995-12-22;5,4675
1995-12-23;5,4675
1995-12-24;12,96
1995-12-25;20,0014
1995-12-26;21,7546
1995-12-27;22,3509
1995-12-28;22,3509
1995-12-29;17,202
1995-12-30;13,4784
1995-12-31;10,5667
1996-01-01;8,4878
1996-01-02;7,0362
1996-01-03;6,0635
1996-01-04;5,1848
1996-01-05;5,4675
1996-01-06;5,7604
1996-01-07;6,0635
1996-01-08;10,5667
1996-01-09;8,1078
1996-01-10;7,7394
1996-01-11;8,8795
1996-01-12;7,3822
1996-01-13;6,7012
1996-01-14;6,7012
1996-01-15;12,96
1996-01-16;137,924
1996-01-17;258,131
1996-01-18;185,904
1996-01-19;126,157
1996-01-20;88,2237
1996-01-21;78,5137
1996-01-22;79,7044
1996-01-23;55,0874
1996-01-24;43,5932
1996-01-25;349,685
1996-01-26;479,314
1996-01-27;340,946
1996-01-28;414,182
1996-01-29;248,868
1996-01-30;229,126
1996-01-31;301,041
1996-02-01;256,264
1996-02-02;184,337
1996-02-03;126,157
1996-02-04;117,022
1996-02-05;148,856
1996-02-06;154,489
1996-02-07;108,871
1996-02-08;79,7044
1996-02-09;62,5539
1996-02-10;153,07
1996-02-11;263,775
1996-02-12;147,465
1996-02-13;102,247
1996-02-14;74,9814
1996-02-15;58,2443
1996-02-16;44,362
1996-02-17;42,0706
1996-02-18;39,0856
1996-02-19;31,9839
1996-02-20;29,957
1996-02-21;26,0517
1996-02-22;26,0517
1996-02-23;23,5613
1996-02-24;22,3509
1996-02-25;53,1389
1996-02-26;58,2443
1996-02-27;37,6236
1996-02-28;29,2922
1996-02-29;38,3521
1996-03-01;40,568
1996-03-02;31,9839
1996-03-03;25,4205
1996-03-04;25,4205
1996-03-05;22,9532
1996-03-06;20,0014
1996-03-07;18,3031
1996-03-08;20,0014
1996-03-09;34,0593
1996-03-10;35,4694
1996-03-11;23,5613
1996-03-12;18,863
1996-03-13;17,202
1996-03-14;16,6609
1996-03-15;15,0761
1996-03-16;15,5979
1996-03-17;14,5609
1996-03-18;13,4784
1996-03-19;11,9635
1996-03-20;12,96
1996-03-21;12,4551
1996-03-22;11,0195
1996-03-23;11,0195
1996-03-24;13,4784
1996-03-25;12,4551
1996-03-26;10,5667
1996-03-27;10,1265
1996-03-28;10,5667
1996-03-29;15,5979
1996-03-30;58,2443
1996-03-31;44,362
1996-04-01;28,633
1996-04-02;23,5613
1996-04-03;83,3163
1996-04-04;127,437
1996-04-05;78,5137
1996-04-06;52,3171
1996-04-07;41,3168
1996-04-08;31,9839
1996-04-09;28,633
1996-04-10;33,3622
1996-04-11;42,0706
1996-04-12;39,8243
1996-04-13;33,3622
1996-04-14;29,957
1996-04-15;22,3509
1996-04-16;21,7546
1996-04-17;21,1642
1996-04-18;21,7546
1996-04-19;20,5798
1996-04-20;18,863
1996-04-21;18,3031
1996-04-22;16,1262
1996-04-23;12,96
1996-04-24;11,4851
1996-04-25;15,5979
1996-04-26;16,6609
1996-04-27;16,1262
1996-04-28;17,202
1996-04-29;14,0103
1996-04-30;8,8795
1996-05-01;8,4878
1996-05-02;18,3031
1996-05-03;18,3031
1996-05-04;12,4551
1996-05-05;11,0195
1996-05-06;12,96
1996-05-07;8,8795
1996-05-08;7,7394
1996-05-09;12,96
1996-05-10;13,4784
1996-05-11;14,0103
1996-05-12;13,4784
1996-05-13;11,9635
1996-05-14;7,3822
1996-05-15;6,377
1996-05-16;6,7012
1996-05-17;12,96
1996-05-18;13,4784
1996-05-19;13,4784
1996-05-20;11,9635
1996-05-21;7,3822
1996-05-22;6,377
1996-05-23;8,1078
1996-05-24;11,9635
1996-05-25;11,0195
1996-05-26;11,4851
1996-05-27;10,1265
1996-05-28;7,0362
1996-05-29;5,4675
1996-05-30;5,4675
1996-05-31;15,5979
1996-06-01;23,5613
1996-06-02;27,3311
1996-06-03;16,1262
1996-06-04;11,9635
1996-06-05;10,5667
1996-06-06;14,5609
1996-06-07;14,0103
1996-06-08;11,9635
1996-06-09;8,1078
1996-06-10;8,4878
1996-06-11;7,3822
1996-06-12;6,377
1996-06-13;8,1078
1996-06-14;11,4851
1996-06-15;11,0195
1996-06-16;16,6609
1996-06-17;21,7546
1996-06-18;41,3168
1996-06-19;49,0772
1996-06-20;42,8294
1996-06-21;63,649
1996-06-22;77,3296
1996-06-23;62,5539
1996-06-24;43,5932
1996-06-25;35,4694
1996-06-26;58,2443
1996-06-27;399,87
1996-06-28;217,014
1996-06-29;146,081
1996-06-30;106,203
1996-07-01;79,7044
1996-07-02;63,649
1996-07-03;59,311
1996-07-04;55,0874
1996-07-05;47,486
1996-07-06;42,8294
1996-07-07;39,0856
1996-07-08;107,534
1996-07-09;309,222
1996-07-10;192,24
1996-07-11;133,939
1996-07-12;99,6405
1996-07-13;77,3296
1996-07-14;61,4658
1996-07-15;48,2792
1996-07-16;42,0706
1996-07-17;39,0856
1996-07-18;34,0593
1996-07-19;33,3622
1996-07-20;54,0496
1996-07-21;83,3163
1996-07-22;61,4658
1996-07-23;49,0772
1996-07-24;43,5932
1996-07-25;39,0856
1996-07-26;34,0593
1996-07-27;33,3622
1996-07-28;31,3029
1996-07-29;26,0517
1996-07-30;23,5613
1996-07-31;21,7546
1996-08-01;21,1642
1996-08-02;20,0014
1996-08-03;18,863
1996-08-04;18,3031
1996-08-05;17,202
1996-08-06;15,0761
1996-08-07;17,202
1996-08-08;18,863
1996-08-09;70,3661
1996-08-10;349,685
1996-08-11;210,251
1996-08-12;111,564
1996-08-13;89,4667
1996-08-14;283,061
1996-08-15;294,982
1996-08-16;160,234
1996-08-17;110,215
1996-08-18;82,1057
1996-08-19;62,5539
1996-08-20;50,6876
1996-08-21;45,9142
1996-08-22;39,8243
1996-08-23;36,9004
1996-08-24;33,3622
1996-08-25;30,6272
1996-08-26;26,6886
1996-08-27;40,568
1996-08-28;72,6602
1996-08-29;56,1324
1996-08-30;46,6977
1996-08-31;237,992
1996-09-01;592,404
1996-09-02;277,199
1996-09-03;169,062
1996-09-04;128,723
1996-09-05;98,3467
1996-09-06;77,3296
1996-09-07;63,649
1996-09-08;59,311
1996-09-09;117,022
1996-09-10;95,7779
1996-09-11;78,5137
1996-09-12;64,7512
1996-09-13;53,1389
1996-09-14;47,486
1996-09-15;41,3168
1996-09-16;36,1823
1996-09-17;36,1823
1996-09-18;35,4694
1996-09-19;34,7617
1996-09-20;33,3622
1996-09-21;30,6272
1996-09-22;26,6886
1996-09-23;22,9532
1996-09-24;21,7546
1996-09-25;35,4694
1996-09-26;59,311
1996-09-27;77,3296
1996-09-28;195,451
1996-09-29;230,884
1996-09-30;143,335
1996-10-01;99,6405
1996-10-02;80,9018
1996-10-03;65,8603
1996-10-04;53,1389
1996-10-05;42,0706
1996-10-06;40,568
1996-10-07;33,3622
1996-10-08;28,633
1996-10-09;26,6886
1996-10-10;51,5
1996-10-11;211,931
1996-10-12;141,972
1996-10-13;94,5029
1996-10-14;137,924
1996-10-15;275,26
1996-10-16;167,573
1996-10-17;117,022
1996-10-18;88,2237
1996-10-19;70,3661
1996-10-20;58,2443
1996-10-21;50,6876
1996-10-22;45,1356
1996-10-23;52,3171
1996-10-24;50,6876
1996-10-25;489,786
1996-10-26;385,827
1996-10-27;176,611
1996-10-28;121,106
1996-10-29;88,2237
1996-10-30;72,6602
1996-10-31;60,3848
1996-11-01;52,3171
1996-11-02;52,3171
1996-11-03;108,871
1996-11-04;100,941
1996-11-05;68,0994
1996-11-06;56,1324
1996-11-07;47,486
1996-11-08;45,9142
1996-11-09;48,2792
1996-11-10;40,568
1996-11-11;35,4694
1996-11-12;34,0593
1996-11-13;34,0593
1996-11-14;54,0496
1996-11-15;46,6977
1996-11-16;59,311
1996-11-17;95,7779
1996-11-18;54,0496
1996-11-19;41,3168
1996-11-20;35,4694
1996-11-21;30,6272
1996-11-22;28,633
1996-11-23;26,0517
1996-11-24;23,5613
1996-11-25;20,5798
1996-11-26;17,7494
1996-11-27;17,7494
1996-11-28;16,1262
1996-11-29;20,0014
1996-11-30;18,863
1996-12-01;18,863
1996-12-02;14,5609
1996-12-03;11,0195
1996-12-04;10,5667
1996-12-05;12,96
1996-12-06;14,0103
1996-12-07;14,5609
1996-12-08;14,0103
1996-12-09;13,4784
1996-12-10;10,1265
1996-12-11;11,0195
1996-12-12;19,4292
1996-12-13;15,5979
1996-12-14;12,96
1996-12-15;11,9635
1996-12-16;14,5609
1996-12-17;8,1078
1996-12-18;9,2831
1996-12-19;10,1265
1996-12-20;26,6886
1996-12-21;23,5613
1996-12-22;21,7546
1996-12-23;14,5609
1996-12-24;12,4551
1996-12-25;11,0195
1996-12-26;10,5667
1996-12-27;8,1078
1996-12-28;8,4878
1996-12-29;9,2831
1996-12-30;8,8795
1996-12-31;9,6987
1997-01-01;7,3822
1997-01-02;8,1078
1997-01-03;6,0635
1997-01-04;4,9119
1997-01-05;5,1848
1997-01-06;6,0635
1997-01-07;5,4675
1997-01-08;3,4734
1997-01-09;4,6489
1997-01-10;6,0635
1997-01-11;5,4675
1997-01-12;5,4675
1997-01-13;6,377
1997-01-14;6,7012
1997-01-15;7,3822
1997-01-16;10,1265
1997-01-17;7,7394
1997-01-18;5,7604
1997-01-19;7,3822
1997-01-20;7,3822
1997-01-21;8,8795
1997-01-22;9,2831
1997-01-23;9,6987
1997-01-24;7,7394
1997-01-25;15,0761
1997-01-26;8,1078
1997-01-27;8,8795
1997-01-28;7,0362
1997-01-29;6,377
1997-01-30;7,3822
1997-01-31;12,96
1997-02-01;31,3029
1997-02-02;54,0496
1997-02-03;59,311
1997-02-04;68,0994
1997-02-05;52,3171
1997-02-06;48,2792
1997-02-07;133,939
1997-02-08;70,3661
1997-02-09;44,362
1997-02-10;31,9839
1997-02-11;26,6886
1997-02-12;30,6272
1997-02-13;23,5613
1997-02-14;37,6236
1997-02-15;70,3661
1997-02-16;42,0706
1997-02-17;29,957
1997-02-18;23,5613
1997-02-19;20,5798
1997-02-20;18,3031
1997-02-21;17,202
1997-02-22;15,0761
1997-02-23;14,5609
1997-02-24;24,1752
1997-02-25;40,568
1997-02-26;35,4694
1997-02-27;24,795
1997-02-28;20,5798
1997-03-01;18,3031
1997-03-02;16,6609
1997-03-03;15,0761
1997-03-04;11,4851
1997-03-05;33,3622
1997-03-06;36,1823
1997-03-07;31,3029
1997-03-08;22,3509
1997-03-09;19,4292
1997-03-10;16,1262
1997-03-11;11,4851
1997-03-12;10,5667
1997-03-13;12,4551
1997-03-14;9,6987
1997-03-15;10,5667
1997-03-16;9,6987
1997-03-17;8,8795
1997-03-18;6,377
1997-03-19;6,0635
1997-03-20;6,377
1997-03-21;7,0362
1997-03-22;7,0362
1997-03-23;6,7012
1997-03-24;6,377
1997-03-25;6,0635
1997-03-26;4,9119
1997-03-27;4,9119
1997-03-28;6,0635
1997-03-29;6,0635
1997-03-30;5,7604
1997-03-31;4,6489
1997-04-01;3,9163
1997-04-02;3,4734
1997-04-03;3,265
1997-04-04;3,6904
1997-04-05;4,9119
1997-04-06;4,9119
1997-04-07;4,3953
1997-04-08;4,6489
1997-04-09;3,6904
1997-04-10;3,0652
1997-04-11;2,8737
1997-04-12;4,6489
1997-04-13;4,9119
1997-04-14;5,1848
1997-04-15;4,6489
1997-04-16;3,6904
1997-04-17;3,265
1997-04-18;2,6903
1997-04-19;4,6489
1997-04-20;7,3822
1997-04-21;8,1078
1997-04-22;8,4878
1997-04-23;7,0362
1997-04-24;5,4675
1997-04-25;7,3822
1997-04-26;6,0635
1997-04-27;6,7012
1997-04-28;6,377
1997-04-29;6,0635
1997-04-30;4,3953
1997-05-01;3,6904
1997-05-02;4,3953
1997-05-03;5,1848
1997-05-04;4,9119
1997-05-05;3,9163
1997-05-06;3,6904
1997-05-07;3,6904
1997-05-08;3,265
1997-05-09;3,265
1997-05-10;4,6489
1997-05-11;4,9119
1997-05-12;5,1848
1997-05-13;6,0635
1997-05-14;5,1848
1997-05-15;4,1512
1997-05-16;3,6904
1997-05-17;5,4675
1997-05-18;5,4675
1997-05-19;5,7604
1997-05-20;10,5667
1997-05-21;12,96
1997-05-22;16,6609
1997-05-23;13,4784
1997-05-24;8,8795
1997-05-25;7,7394
1997-05-26;7,3822
1997-05-27;7,3822
1997-05-28;7,3822
1997-05-29;7,0362
1997-05-30;20,0014
1997-05-31;15,0761
1997-06-01;11,0195
1997-06-02;11,9635
1997-06-03;8,8795
1997-06-04;7,3822
1997-06-05;8,4878
1997-06-06;8,4878
1997-06-07;8,4878
1997-06-08;8,1078
1997-06-09;8,1078
1997-06-10;8,1078
1997-06-11;7,3822
1997-06-12;6,377
1997-06-13;8,1078
1997-06-14;40,568
1997-06-15;103,559
1997-06-16;52,3171
1997-06-17;37,6236
1997-06-18;28,633
1997-06-19;49,0772
1997-06-20;175,087
1997-06-21;102,247
1997-06-22;63,649
1997-06-23;44,362
1997-06-24;35,4694
1997-06-25;32,6704
1997-06-26;55,0874
1997-06-27;72,6602
1997-06-28;50,6876
1997-06-29;40,568
1997-06-30;30,6272
1997-07-01;26,0517
1997-07-02;25,4205
1997-07-03;26,0517
1997-07-04;27,9793
1997-07-05;24,1752
1997-07-06;20,0014
1997-07-07;18,863
1997-07-08;18,863
1997-07-09;19,4292
1997-07-10;18,863
1997-07-11;17,7494
1997-07-12;16,6609
1997-07-13;16,1262
1997-07-14;16,1262
1997-07-15;13,4784
1997-07-16;12,96
1997-07-17;25,4205
1997-07-18;104,878
1997-07-19;85,757
1997-07-20;124,884
1997-07-21;290,979
1997-07-22;229,126
1997-07-23;137,924
1997-07-24;102,247
1997-07-25;71,5098
1997-07-26;52,3171
1997-07-27;42,8294
1997-07-28;36,9004
1997-07-29;31,9839
1997-07-30;31,3029
1997-07-31;27,9793
1997-08-01;122,358
1997-08-02;172,06
1997-08-03;1522,41
1997-08-04;2207,25
1997-08-05;336,621
1997-08-06;197,067
1997-08-07;157,348
1997-08-08;121,106
1997-08-09;193,842
1997-08-10;63,649
1997-08-11;61,4658
1997-08-12;69,2293
1997-08-13;64,7512
1997-08-14;62,5539
1997-08-15;64,7512
1997-08-16;63,649
1997-08-17;71,5098
1997-08-18;70,3661
1997-08-19;66,9764
1997-08-20;203,602
1997-08-21;521,927
1997-08-22;223,892
1997-08-23;78,5137
1997-08-24;73,8174
1997-08-25;68,0994
1997-08-26;64,7512
1997-08-27;58,2443
1997-08-28;50,6876
1997-08-29;45,9142
1997-08-30;41,3168
1997-08-31;65,8603
1997-09-01;52,3171
1997-09-02;37,6236
1997-09-03;34,7617
1997-09-04;33,3622
1997-09-05;37,6236
1997-09-06;36,9004
1997-09-07;36,9004
1997-09-08;34,0593
1997-09-09;33,3622
1997-09-10;27,9793
1997-09-11;26,0517
1997-09-12;24,795
1997-09-13;26,0517
1997-09-14;49,0772
1997-09-15;111,564
1997-09-16;91,9721
1997-09-17;51,5
1997-09-18;38,3521
1997-09-19;33,3622
1997-09-20;29,957
1997-09-21;32,6704
1997-09-22;38,3521
1997-09-23;33,3622
1997-09-24;29,957
1997-09-25;26,6886
1997-09-26;26,0517
1997-09-27;26,0517
1997-09-28;25,4205
1997-09-29;25,4205
1997-09-30;167,573
1997-10-01;360,776
1997-10-02;438,632
1997-10-03;658,379
1997-10-04;900,516
1997-10-05;610,029
1997-10-06;363,016
1997-10-07;351,889
1997-10-08;330,188
1997-10-09;385,827
1997-10-10;399,87
1997-10-11;428,762
1997-10-12;1028,99
1997-10-13;1575,97
1997-10-14;1154,14
1997-10-15;1072,52
1997-10-16;1260,66
1997-10-17;1088,59
1997-10-18;829,196
1997-10-19;595,322
1997-10-20;426,314
1997-10-21;363,016
1997-10-22;263,775
1997-10-23;135,261
1997-10-24;88,2237
1997-10-25;82,1057
1997-10-26;78,5137
1997-10-27;76,1521
1997-10-28;66,9764
1997-10-29;215,313
1997-10-30;667,664
1997-10-31;990,257
1997-11-01;889,617
1997-11-02;734,607
1997-11-03;952,312
1997-11-04;767,688
1997-11-05;572,19
1997-11-06;1208,91
1997-11-07;974,984
1997-11-08;381,206
1997-11-09;347,49
1997-11-10;406,992
1997-11-11;495,067
1997-11-12;552,35
1997-11-13;448,622
1997-11-14;287,006
1997-11-15;376,614
1997-11-16;453,662
1997-11-17;409,381
1997-11-18;378,906
1997-11-19;351,889
1997-11-20;325,936
1997-11-21;313,356
1997-11-22;303,075
1997-11-23;267,574
1997-11-24;288,989
1997-11-25;292,977
1997-11-26;397,511
1997-11-27;595,322
1997-11-28;624,927
1997-11-29;489,786
1997-11-30;374,329
1997-12-01;185,904
1997-12-02;79,7044
1997-12-03;72,6602
1997-12-04;65,8603
1997-12-05;58,2443
1997-12-06;51,5
1997-12-07;45,9142
1997-12-08;39,8243
1997-12-09;33,3622
1997-12-10;36,9004
1997-12-11;37,6236
1997-12-12;35,4694
1997-12-13;35,4694
1997-12-14;34,0593
1997-12-15;31,3029
1997-12-16;29,957
1997-12-17;31,3029
1997-12-18;30,6272
1997-12-19;29,957
1997-12-20;27,3311
1997-12-21;27,3311
1997-12-22;22,9532
1997-12-23;15,5979
1997-12-24;18,3031
1997-12-25;17,7494
1997-12-26;58,2443
1997-12-27;48,2792
1997-12-28;31,9839
1997-12-29;205,253
1997-12-30;446,113
1997-12-31;471,539
1998-01-01;198,69
1998-01-02;140,616
1998-01-03;102,247
1998-01-04;84,5334
1998-01-05;153,07
1998-01-06;97,0591
1998-01-07;269,485
1998-01-08;172,06
1998-01-09;115,648
1998-01-10;84,5334
1998-01-11;60,3848
1998-01-12;48,2792
1998-01-13;27,9793
1998-01-14;27,3311
1998-01-15;43,5932
1998-01-16;99,6405
1998-01-17;62,5539
1998-01-18;39,0856
1998-01-19;23,5613
1998-01-20;22,3509
1998-01-21;21,1642
1998-01-22;18,863
1998-01-23;16,6609
1998-01-24;50,6876
1998-01-25;236,204
1998-01-26;243,398
1998-01-27;215,313
1998-01-28;150,254
1998-01-29;100,941
1998-01-30;80,9018
1998-01-31;84,5334
1998-02-01;222,162
1998-02-02;771,039
1998-02-03;260,005
1998-02-04;203,602
1998-02-05;334,469
1998-02-06;195,451
1998-02-07;211,931
1998-02-08;363,016
1998-02-09;190,645
1998-02-10;167,573
1998-02-11;198,69
1998-02-12;155,915
1998-02-13;117,022
1998-02-14;91,9721
1998-02-15;72,6602
1998-02-16;121,106
1998-02-17;210,251
1998-02-18;124,884
1998-02-19;89,4667
1998-02-20;77,3296
1998-02-21;64,7512
1998-02-22;83,3163
1998-02-23;72,6602
1998-02-24;271,402
1998-02-25;303,075
1998-02-26;436,154
1998-02-27;376,614
1998-02-28;296,994
1998-03-01;269,485
1998-03-02;187,477
1998-03-03;139,266
1998-03-04;107,534
1998-03-05;84,5334
1998-03-06;68,0994
1998-03-07;57,1847
1998-03-08;52,3171
1998-03-09;99,6405
1998-03-10;61,4658
1998-03-11;47,486
1998-03-12;31,9839
1998-03-13;42,8294
1998-03-14;77,3296
1998-03-15;118,401
1998-03-16;73,8174
1998-03-17;44,362
1998-03-18;69,2293
1998-03-19;148,856
1998-03-20;114,281
1998-03-21;85,757
1998-03-22;69,2293
1998-03-23;38,3521
1998-03-24;33,3622
1998-03-25;32,6704
1998-03-26;47,486
1998-03-27;29,2922
1998-03-28;28,633
1998-03-29;71,5098
1998-03-30;36,9004
1998-03-31;30,6272
1998-04-01;31,3029
1998-04-02;45,1356
1998-04-03;40,568
1998-04-04;37,6236
1998-04-05;35,4694
1998-04-06;29,2922
1998-04-07;28,633
1998-04-08;49,0772
1998-04-09;38,3521
1998-04-10;34,0593
1998-04-11;34,0593
1998-04-12;38,3521
1998-04-13;42,8294
1998-04-14;34,0593
1998-04-15;30,6272
1998-04-16;31,9839
1998-04-17;34,0593
1998-04-18;39,8243
1998-04-19;38,3521
1998-04-20;33,3622
1998-04-21;30,6272
1998-04-22;34,0593
1998-04-23;41,3168
1998-04-24;126,157
1998-04-25;151,659
1998-04-26;98,3467
1998-04-27;74,9814
1998-04-28;1001,79
1998-04-29;476,715
1998-04-30;215,313
1998-05-01;151,659
1998-05-02;119,787
1998-05-03;93,2343
1998-05-04;74,9814
1998-05-05;64,7512
1998-05-06;58,2443
1998-05-07;52,3171
1998-05-08;47,486
1998-05-09;44,362
1998-05-10;41,3168
1998-05-11;36,1823
1998-05-12;41,3168
1998-05-13;70,3661
1998-05-14;1100,73
1998-05-15;583,695
1998-05-16;230,884
1998-05-17;172,06
1998-05-18;137,924
1998-05-19;112,919
1998-05-20;97,0591
1998-05-21;77,3296
1998-05-22;66,9764
1998-05-23;59,311
1998-05-24;52,3171
1998-05-25;43,5932
1998-05-26;43,5932
1998-05-27;115,648
1998-05-28;76,1521
1998-05-29;59,311
1998-05-30;53,1389
1998-05-31;53,1389
1998-06-01;42,0706
1998-06-02;38,3521
1998-06-03;40,568
1998-06-04;39,8243
1998-06-05;37,6236
1998-06-06;36,9004
1998-06-07;34,7617
1998-06-08;26,0517
1998-06-09;22,3509
1998-06-10;33,3622
1998-06-11;55,0874
1998-06-12;56,1324
1998-06-13;49,0772
1998-06-14;44,362
1998-06-15;31,3029
1998-06-16;34,7617
1998-06-17;39,8243
1998-06-18;38,3521
1998-06-19;35,4694
1998-06-20;34,0593
1998-06-21;28,633
1998-06-22;24,795
1998-06-23;56,1324
1998-06-24;487,157
1998-06-25;210,251
1998-06-26;135,261
1998-06-27;100,941
1998-06-28;78,5137
1998-06-29;57,1847
1998-06-30;48,2792
1998-07-01;49,0772
1998-07-02;189,058
1998-07-03;130,017
1998-07-04;99,6405
1998-07-05;76,1521
1998-07-06;47,486
1998-07-07;51,5
1998-07-08;215,313
1998-07-09;195,451
1998-07-10;136,589
1998-07-11;104,878
1998-07-12;84,5334
1998-07-13;61,4658
1998-07-14;51,5
1998-07-15;50,6876
1998-07-16;45,9142
1998-07-17;42,8294
1998-07-18;49,8801
1998-07-19;82,1057
1998-07-20;58,2443
1998-07-21;64,7512
1998-07-22;88,2237
1998-07-23;137,924
1998-07-24;367,519
1998-07-25;189,058
1998-07-26;151,659
1998-07-27;110,215
1998-07-28;90,7162
1998-07-29;110,215
1998-07-30;112,919
1998-07-31;90,7162
1998-08-01;198,69
1998-08-02;307,166
1998-08-03;185,904
1998-08-04;133,939
1998-08-05;106,203
1998-08-06;85,757
1998-08-07;70,3661
1998-08-08;59,311
1998-08-09;52,3171
1998-08-10;41,3168
1998-08-11;41,3168
1998-08-12;90,7162
1998-08-13;54,0496
1998-08-14;54,0496
1998-08-15;1984,22
1998-08-16;583,695
1998-08-17;247,038
1998-08-18;610,029
1998-08-19;563,642
1998-08-20;198,69
1998-08-21;153,07
1998-08-22;146,081
1998-08-23;128,723
1998-08-24;107,534
1998-08-25;90,7162
1998-08-26;181,226
1998-08-27;448,622
1998-08-28;223,892
1998-08-29;155,915
1998-08-30;118,401
1998-08-31;90,7162
1998-09-01;73,8174
1998-09-02;70,3661
1998-09-03;62,5539
1998-09-04;62,5539
1998-09-05;60,3848
1998-09-06;49,8801
1998-09-07;49,8801
1998-09-08;106,203
1998-09-09;94,5029
1998-09-10;76,1521
1998-09-11;65,8603
1998-09-12;63,649
1998-09-13;260,005
1998-09-14;201,957
1998-09-15;137,924
1998-09-16;107,534
1998-09-17;93,2343
1998-09-18;481,921
1998-09-19;356,318
1998-09-20;208,578
1998-09-21;167,573
1998-09-22;143,335
1998-09-23;115,648
1998-09-24;94,5029
1998-09-25;76,1521
1998-09-26;68,0994
1998-09-27;71,5098
1998-09-28;197,067
1998-09-29;115,648
1998-09-30;82,1057
1998-10-01;64,7512
1998-10-02;58,2443
1998-10-03;53,1389
1998-10-04;55,0874
1998-10-05;89,4667
1998-10-06;141,972
1998-10-07;112,919
1998-10-08;76,1521
1998-10-09;64,7512
1998-10-10;55,0874
1998-10-11;47,486
1998-10-12;40,568
1998-10-13;39,0856
1998-10-14;39,0856
1998-10-15;42,0706
1998-10-16;43,5932
1998-10-17;42,0706
1998-10-18;49,8801
1998-10-19;38,3521
1998-10-20;34,7617
1998-10-21;29,957
1998-10-22;24,795
1998-10-23;24,1752
1998-10-24;49,0772
1998-10-25;41,3168
1998-10-26;39,0856
1998-10-27;62,5539
1998-10-28;63,649
1998-10-29;55,0874
1998-10-30;47,486
1998-10-31;43,5932
1998-11-01;42,8294
1998-11-02;44,362
1998-11-03;43,5932
1998-11-04;42,0706
1998-11-05;39,0856
1998-11-06;35,4694
1998-11-07;34,7617
1998-11-08;34,7617
1998-11-09;33,3622
1998-11-10;32,6704
1998-11-11;33,3622
1998-11-12;33,3622
1998-11-13;34,0593
1998-11-14;35,4694
1998-11-15;34,0593
1998-11-16;29,957
1998-11-17;22,9532
1998-11-18;25,4205
1998-11-19;31,9839
1998-11-20;31,3029
1998-11-21;27,3311
1998-11-22;23,5613
1998-11-23;19,4292
1998-11-24;17,202
1998-11-25;16,6609
1998-11-26;17,7494
1998-11-27;18,863
1998-11-28;18,863
1998-11-29;16,1262
1998-11-30;12,96
1998-12-01;11,4851
1998-12-02;9,2831
1998-12-03;8,1078
1998-12-04;12,96
1998-12-05;13,4784
1998-12-06;17,202
1998-12-07;14,5609
1998-12-08;11,0195
1998-12-09;9,6987
1998-12-10;10,1265
1998-12-11;17,202
1998-12-12;26,0517
1998-12-13;26,6886
1998-12-14;19,4292
1998-12-15;18,3031
1998-12-16;24,1752
1998-12-17;20,0014
1998-12-18;18,863
1998-12-19;20,0014
1998-12-20;17,202
1998-12-21;15,0761
1998-12-22;16,1262
1998-12-23;19,4292
1998-12-24;18,3031
1998-12-25;16,6609
1998-12-26;14,5609
1998-12-27;14,0103
1998-12-28;12,96
1998-12-29;12,4551
1998-12-30;11,0195
1998-12-31;11,4851
1999-01-01;10,1265
1999-01-02;10,1265
1999-01-03;8,8795
1999-01-04;8,4878
1999-01-05;8,1078
1999-01-06;8,4878
1999-01-07;9,2831
1999-01-08;10,5667
1999-01-09;10,1265
1999-01-10;9,2831
1999-01-11;9,2831
1999-01-12;7,7394
1999-01-13;7,0362
1999-01-14;7,7394
1999-01-15;8,4878
1999-01-16;8,4878
1999-01-17;8,4878
1999-01-18;8,1078
1999-01-19;9,2831
1999-01-20;7,7394
1999-01-21;8,8795
1999-01-22;11,9635
1999-01-23;11,0195
1999-01-24;16,6609
1999-01-25;16,1262
1999-01-26;13,4784
1999-01-27;11,0195
1999-01-28;16,6609
1999-01-29;16,6609
1999-01-30;20,5798
1999-01-31;12,96
1999-02-01;12,96
1999-02-02;10,1265
1999-02-03;9,2831
1999-02-04;11,0195
1999-02-05;12,96
1999-02-06;10,5667
1999-02-07;10,1265
1999-02-08;10,5667
1999-02-09;9,6987
1999-02-10;9,2831
1999-02-11;9,6987
1999-02-12;10,1265
1999-02-13;9,6987
1999-02-14;11,4851
1999-02-15;12,4551
1999-02-16;11,9635
1999-02-17;10,5667
1999-02-18;29,957
1999-02-19;18,863
1999-02-20;15,0761
1999-02-21;12,96
1999-02-22;11,4851
1999-02-23;10,5667
1999-02-24;14,5609
1999-02-25;12,96
1999-02-26;14,5609
1999-02-27;11,4851
1999-02-28;11,4851
1999-03-01;10,5667
1999-03-02;10,5667
1999-03-03;8,4878
1999-03-04;12,96
1999-03-05;14,5609
1999-03-06;15,5979
1999-03-07;11,9635
1999-03-08;11,4851
1999-03-09;9,6987
1999-03-10;8,8795
1999-03-11;8,1078
1999-03-12;12,4551
1999-03-13;11,4851
1999-03-14;10,1265
1999-03-15;9,6987
1999-03-16;8,8795
1999-03-17;6,7012
1999-03-18;5,4675
1999-03-19;7,0362
1999-03-20;10,1265
1999-03-21;10,5667
1999-03-22;9,2831
1999-03-23;9,6987
1999-03-24;7,0362
1999-03-25;5,7604
1999-03-26;7,7394
1999-03-27;10,1265
1999-03-28;9,6987
1999-03-29;11,4851
1999-03-30;11,9635
1999-03-31;9,6987
1999-04-01;8,1078
1999-04-02;14,5609
1999-04-03;30,6272
1999-04-04;34,7617
1999-04-05;23,5613
1999-04-06;17,202
1999-04-07;16,1262
1999-04-08;36,9004
1999-04-09;45,1356
1999-04-10;33,3622
1999-04-11;29,2922
1999-04-12;112,919
1999-04-13;135,261
1999-04-14;78,5137
1999-04-15;48,2792
1999-04-16;82,1057
1999-04-17;68,0994
1999-04-18;93,2343
1999-04-19;63,649
1999-04-20;46,6977
1999-04-21;40,568
1999-04-22;36,9004
1999-04-23;30,6272
1999-04-24;27,3311
1999-04-25;24,1752
1999-04-26;20,5798
1999-04-27;18,3031
1999-04-28;17,202
1999-04-29;18,863
1999-04-30;19,4292
1999-05-01;18,3031
1999-05-02;17,7494
1999-05-03;17,202
1999-05-04;13,4784
1999-05-05;12,96
1999-05-06;16,1262
1999-05-07;17,202
1999-05-08;17,202
1999-05-09;16,1262
1999-05-10;15,5979
1999-05-11;12,4551
1999-05-12;11,0195
1999-05-13;11,9635
1999-05-14;14,5609
1999-05-15;14,5609
1999-05-16;14,0103
1999-05-17;14,0103
1999-05-18;11,0195
1999-05-19;10,1265
1999-05-20;12,96
1999-05-21;14,0103
1999-05-22;13,4784
1999-05-23;13,4784
1999-05-24;13,4784
1999-05-25;10,1265
1999-05-26;15,5979
1999-05-27;35,4694
1999-05-28;55,0874
1999-05-29;57,1847
1999-05-30;95,7779
1999-05-31;63,649
1999-06-01;45,9142
1999-06-02;41,3168
1999-06-03;36,9004
1999-06-04;31,9839
1999-06-05;27,3311
1999-06-06;24,795
1999-06-07;21,1642
1999-06-08;18,863
1999-06-09;23,5613
1999-06-10;369,782
1999-06-11;190,645
1999-06-12;104,878
1999-06-13;82,1057
1999-06-14;65,8603
1999-06-15;49,8801
1999-06-16;45,1356
1999-06-17;42,8294
1999-06-18;40,568
1999-06-19;44,362
1999-06-20;42,0706
1999-06-21;36,9004
1999-06-22;34,7617
1999-06-23;36,9004
1999-06-24;34,0593
1999-06-25;32,6704
1999-06-26;29,2922
1999-06-27;27,3311
1999-06-28;24,1752
1999-06-29;22,9532
1999-06-30;26,0517
1999-07-01;26,0517
1999-07-02;27,9793
1999-07-03;193,842
1999-07-04;230,884
1999-07-05;144,704
1999-07-06;99,6405
1999-07-07;82,1057
1999-07-08;66,9764
1999-07-09;60,3848
1999-07-10;51,5
1999-07-11;44,362
1999-07-12;38,3521
1999-07-13;34,0593
1999-07-14;35,4694
1999-07-15;35,4694
1999-07-16;31,3029
1999-07-17;31,3029
1999-07-18;31,9839
1999-07-19;31,9839
1999-07-20;167,573
1999-07-21;230,884
1999-07-22;137,924
1999-07-23;94,5029
1999-07-24;72,6602
1999-07-25;57,1847
1999-07-26;47,486
1999-07-27;205,253
1999-07-28;309,222
1999-07-29;169,062
1999-07-30;121,106
1999-07-31;108,871
1999-08-01;88,2237
1999-08-02;69,2293
1999-08-03;56,1324
1999-08-04;51,5
1999-08-05;45,9142
1999-08-06;41,3168
1999-08-07;39,0856
1999-08-08;38,3521
1999-08-09;32,6704
1999-08-10;28,633
1999-08-11;26,0517
1999-08-12;26,0517
1999-08-13;29,2922
1999-08-14;27,9793
1999-08-15;24,795
1999-08-16;24,1752
1999-08-17;22,3509
1999-08-18;21,1642
1999-08-19;23,5613
1999-08-20;22,3509
1999-08-21;21,1642
1999-08-22;20,0014
1999-08-23;19,4292
1999-08-24;18,3031
1999-08-25;17,202
1999-08-26;18,3031
1999-08-27;18,3031
1999-08-28;20,0014
1999-08-29;21,1642
1999-08-30;20,0014
1999-08-31;17,202
1999-09-01;15,0761
1999-09-02;23,5613
1999-09-03;21,1642
1999-09-04;20,0014
1999-09-05;23,5613
1999-09-06;42,0706
1999-09-07;79,7044
1999-09-08;60,3848
1999-09-09;84,5334
1999-09-10;77,3296
1999-09-11;58,2443
1999-09-12;46,6977
1999-09-13;38,3521
1999-09-14;36,9004
1999-09-15;102,247
1999-09-16;122,358
1999-09-17;89,4667
1999-09-18;66,9764
1999-09-19;52,3171
1999-09-20;41,3168
1999-09-21;36,1823
1999-09-22;35,4694
1999-09-23;31,3029
1999-09-24;29,2922
1999-09-25;27,3311
1999-09-26;25,4205
1999-09-27;21,7546
1999-09-28;19,4292
1999-09-29;25,4205
1999-09-30;29,957
1999-10-01;31,3029
1999-10-02;135,261
1999-10-03;164,616
1999-10-04;94,5029
1999-10-05;65,8603
1999-10-06;55,0874
1999-10-07;56,1324
1999-10-08;155,915
1999-10-09;154,489
1999-10-10;104,878
1999-10-11;74,9814
1999-10-12;56,1324
1999-10-13;55,0874
1999-10-14;114,281
1999-10-15;223,892
1999-10-16;340,946
1999-10-17;248,868
1999-10-18;151,659
1999-10-19;104,878
1999-10-20;76,1521
1999-10-21;60,3848
1999-10-22;49,8801
1999-10-23;42,8294
1999-10-24;39,0856
1999-10-25;31,3029
1999-10-26;30,6272
1999-10-27;31,9839
1999-10-28;28,633
1999-10-29;27,9793
1999-10-30;26,0517
1999-10-31;24,1752
1999-11-01;20,5798
1999-11-02;20,5798
1999-11-03;21,1642
1999-11-04;34,7617
1999-11-05;148,856
1999-11-06;141,972
1999-11-07;91,9721
1999-11-08;58,2443
1999-11-09;45,1356
1999-11-10;39,8243
1999-11-11;36,9004
1999-11-12;32,6704
1999-11-13;29,957
1999-11-14;27,3311
1999-11-15;24,1752
1999-11-16;21,1642
1999-11-17;20,0014
1999-11-18;20,5798
1999-11-19;18,863
1999-11-20;18,863
1999-11-21;26,0517
1999-11-22;20,0014
1999-11-23;17,7494
1999-11-24;16,1262
1999-11-25;17,7494
1999-11-26;21,1642
1999-11-27;21,1642
1999-11-28;23,5613
1999-11-29;20,0014
1999-11-30;16,6609
1999-12-01;13,4784
1999-12-02;16,1262
1999-12-03;18,3031
1999-12-04;89,4667
1999-12-05;59,311
1999-12-06;39,0856
1999-12-07;33,3622
1999-12-08;37,6236
1999-12-09;38,3521
1999-12-10;37,6236
1999-12-11;31,3029
1999-12-12;29,957
1999-12-13;23,5613
1999-12-14;137,924
1999-12-15;193,842
1999-12-16;86,9871
1999-12-17;52,3171
1999-12-18;45,1356
1999-12-19;38,3521
1999-12-20;31,3029
1999-12-21;27,3311
1999-12-22;25,4205
1999-12-23;26,0517
1999-12-24;21,7546
1999-12-25;19,4292
1999-12-26;17,7494
1999-12-27;15,5979
1999-12-28;14,5609
1999-12-29;14,5609
1999-12-30;16,1262
1999-12-31;18,863
2000-01-01;17,202
2000-01-02;16,6609
2000-01-03;16,6609
2000-01-04;12,4551
2000-01-05;11,9635
2000-01-06;13,4784
2000-01-07;12,96
2000-01-08;12,4551
2000-01-09;14,0103
2000-01-10;15,5979
2000-01-11;12,96
2000-01-12;10,1265
2000-01-13;14,0103
2000-01-14;33,3622
2000-01-15;93,2343
2000-01-16;85,757
2000-01-17;69,2293
2000-01-18;61,4658
2000-01-19;70,3661
2000-01-20;49,8801
2000-01-21;39,0856
2000-01-22;31,3029
2000-01-23;26,0517
2000-01-24;21,1642
2000-01-25;40,568
2000-01-26;37,6236
2000-01-27;30,6272
2000-01-28;26,0517
2000-01-29;18,3031
2000-01-30;17,202
2000-01-31;22,3509
2000-02-01;29,957
2000-02-02;44,362
2000-02-03;39,0856
2000-02-04;34,7617
2000-02-05;31,3029
2000-02-06;29,2922
2000-02-07;23,5613
2000-02-08;18,863
2000-02-09;16,6609
2000-02-10;16,1262
2000-02-11;14,5609
2000-02-12;13,4784
2000-02-13;12,96
2000-02-14;12,4551
2000-02-15;11,4851
2000-02-16;11,0195
2000-02-17;10,1265
2000-02-18;9,6987
2000-02-19;8,8795
2000-02-20;9,2831
2000-02-21;8,1078
2000-02-22;8,4878
2000-02-23;12,96
2000-02-24;18,3031
2000-02-25;19,4292
2000-02-26;14,0103
2000-02-27;11,9635
2000-02-28;12,4551
2000-02-29;21,1642
2000-03-01;31,3029
2000-03-02;26,0517
2000-03-03;21,7546
2000-03-04;46,6977
2000-03-05;135,261
2000-03-06;106,203
2000-03-07;85,757
2000-03-08;61,4658
2000-03-09;39,0856
2000-03-10;30,6272
2000-03-11;24,795
2000-03-12;22,9532
2000-03-13;21,1642
2000-03-14;17,7494
2000-03-15;18,863
2000-03-16;17,202
2000-03-17;14,5609
2000-03-18;14,0103
2000-03-19;12,4551
2000-03-20;11,9635
2000-03-21;11,0195
2000-03-22;9,6987
2000-03-23;9,2831
2000-03-24;11,9635
2000-03-25;13,4784
2000-03-26;14,0103
2000-03-27;16,1262
2000-03-28;52,3171
2000-03-29;65,8603
2000-03-30;41,3168
2000-03-31;33,3622
2000-04-01;26,6886
2000-04-02;24,1752
2000-04-03;20,5798
2000-04-04;17,7494
2000-04-05;16,6609
2000-04-06;17,7494
2000-04-07;16,1262
2000-04-08;15,5979
2000-04-09;14,5609
2000-04-10;13,4784
2000-04-11;11,4851
2000-04-12;17,7494
2000-04-13;26,0517
2000-04-14;34,7617
2000-04-15;26,6886
2000-04-16;22,3509
2000-04-17;21,7546
2000-04-18;20,5798
2000-04-19;59,311
2000-04-20;69,2293
2000-04-21;49,0772
2000-04-22;39,0856
2000-04-23;31,3029
2000-04-24;26,6886
2000-04-25;23,5613
2000-04-26;21,1642
2000-04-27;20,0014
2000-04-28;19,4292
2000-04-29;25,4205
2000-04-30;38,3521
2000-05-01;29,957
2000-05-02;26,0517
2000-05-03;24,1752
2000-05-04;24,1752
2000-05-05;22,3509
2000-05-06;22,9532
2000-05-07;41,3168
2000-05-08;36,1823
2000-05-09;29,2922
2000-05-10;27,9793
2000-05-11;23,5613
2000-05-12;22,3509
2000-05-13;20,0014
2000-05-14;19,4292
2000-05-15;18,3031
2000-05-16;16,1262
2000-05-17;17,7494
2000-05-18;20,5798
2000-05-19;19,4292
2000-05-20;19,4292
2000-05-21;18,3031
2000-05-22;18,3031
2000-05-23;15,5979
2000-05-24;15,0761
2000-05-25;16,6609
2000-05-26;17,202
2000-05-27;21,1642
2000-05-28;20,5798
2000-05-29;19,4292
2000-05-30;16,6609
2000-05-31;16,1262
2000-06-01;16,6609
2000-06-02;16,1262
2000-06-03;14,0103
2000-06-04;13,4784
2000-06-05;14,5609
2000-06-06;15,0761
2000-06-07;74,9814
2000-06-08;98,3467
2000-06-09;78,5137
2000-06-10;60,3848
2000-06-11;49,8801
2000-06-12;42,8294
2000-06-13;37,6236
2000-06-14;34,7617
2000-06-15;31,9839
2000-06-16;27,9793
2000-06-17;29,2922
2000-06-18;42,8294
2000-06-19;140,616
2000-06-20;126,157
2000-06-21;102,247
2000-06-22;70,3661
2000-06-23;57,1847
2000-06-24;45,9142
2000-06-25;39,0856
2000-06-26;32,6704
2000-06-27;32,6704
2000-06-28;31,3029
2000-06-29;33,3622
2000-06-30;643,058
2000-07-01;269,485
2000-07-02;143,335
2000-07-03;127,437
2000-07-04;111,564
2000-07-05;84,5334
2000-07-06;70,3661
2000-07-07;59,311
2000-07-08;47,486
2000-07-09;41,3168
2000-07-10;309,222
2000-07-11;864,463
2000-07-12;340,946
2000-07-13;192,24
2000-07-14;136,589
2000-07-15;119,787
2000-07-16;85,757
2000-07-17;70,3661
2000-07-18;60,3848
2000-07-19;53,1389
2000-07-20;45,9142
2000-07-21;42,8294
2000-07-22;41,3168
2000-07-23;39,0856
2000-07-24;37,6236
2000-07-25;34,7617
2000-07-26;32,6704
2000-07-27;30,6272
2000-07-28;29,2922
2000-07-29;29,2922
2000-07-30;27,9793
2000-07-31;22,3509
2000-08-01;21,1642
2000-08-02;22,9532
2000-08-03;22,3509
2000-08-04;22,9532
2000-08-05;21,7546
2000-08-06;19,4292
2000-08-07;17,7494
2000-08-08;16,1262
2000-08-09;21,1642
2000-08-10;27,9793
2000-08-11;29,957
2000-08-12;24,795
2000-08-13;22,9532
2000-08-14;20,5798
2000-08-15;49,8801
2000-08-16;79,7044
2000-08-17;59,311
2000-08-18;49,0772
2000-08-19;43,5932
2000-08-20;38,3521
2000-08-21;31,3029
2000-08-22;26,6886
2000-08-23;28,633
2000-08-24;26,6886
2000-08-25;24,1752
2000-08-26;70,3661
2000-08-27;114,281
2000-08-28;86,9871
2000-08-29;59,311
2000-08-30;50,6876
2000-08-31;40,568
2000-09-01;35,4694
2000-09-02;31,3029
2000-09-03;27,9793
2000-09-04;26,0517
2000-09-05;23,5613
2000-09-06;21,7546
2000-09-07;22,9532
2000-09-08;22,3509
2000-09-09;21,7546
2000-09-10;22,9532
2000-09-11;108,871
2000-09-12;505,72
2000-09-13;223,892
2000-09-14;328,058
2000-09-15;340,946
2000-09-16;198,69
2000-09-17;133,939
2000-09-18;104,878
2000-09-19;271,402
2000-09-20;234,424
2000-09-21;150,254
2000-09-22;130,017
2000-09-23;111,564
2000-09-24;193,842
2000-09-25;292,977
2000-09-26;166,091
2000-09-27;115,648
2000-09-28;90,7162
2000-09-29;71,5098
2000-09-30;57,1847
2000-10-01;98,3467
2000-10-02;122,358
2000-10-03;97,0591
2000-10-04;98,3467
2000-10-05;239,786
2000-10-06;169,062
2000-10-07;118,401
2000-10-08;89,4667
2000-10-09;71,5098
2000-10-10;121,106
2000-10-11;154,489
2000-10-12;269,485
2000-10-13;1978,67
2000-10-14;850,263
2000-10-15;311,285
2000-10-16;193,842
2000-10-17;248,868
2000-10-18;175,087
2000-10-19;150,254
2000-10-20;217,014
2000-10-21;190,645
2000-10-22;153,07
2000-10-23;126,157
2000-10-24;97,0591
2000-10-25;80,9018
2000-10-26;78,5137
2000-10-27;443,612
2000-10-28;301,041
2000-10-29;161,688
2000-10-30;146,081
2000-10-31;106,203
2000-11-01;103,559
2000-11-02;99,6405
2000-11-03;97,0591
2000-11-04;73,8174
2000-11-05;63,649
2000-11-06;58,2443
2000-11-07;64,7512
2000-11-08;110,215
2000-11-09;141,972
2000-11-10;128,723
2000-11-11;114,281
2000-11-12;94,5029
2000-11-13;88,2237
2000-11-14;79,7044
2000-11-15;71,5098
2000-11-16;65,8603
2000-11-17;61,4658
2000-11-18;56,1324
2000-11-19;48,2792
2000-11-20;42,0706
2000-11-21;39,0856
2000-11-22;37,6236
2000-11-23;36,1823
2000-11-24;37,6236
2000-11-25;49,8801
2000-11-26;53,1389
2000-11-27;45,9142
2000-11-28;43,5932
2000-11-29;43,5932
2000-11-30;42,0706
2000-12-01;38,3521
2000-12-02;35,4694
2000-12-03;34,0593
2000-12-04;32,6704
2000-12-05;36,1823
2000-12-06;34,0593
2000-12-07;29,2922
2000-12-08;26,0517
2000-12-09;22,3509
2000-12-10;18,863
2000-12-11;17,202
2000-12-12;18,863
2000-12-13;17,7494
2000-12-14;19,4292
2000-12-15;20,5798
2000-12-16;33,3622
2000-12-17;36,9004
2000-12-18;26,0517
2000-12-19;21,1642
2000-12-20;19,4292
2000-12-21;18,3031
2000-12-22;22,3509
2000-12-23;26,6886
2000-12-24;30,6272
2000-12-25;31,3029
2000-12-26;29,957
2000-12-27;29,957
2000-12-28;26,6886
2000-12-29;24,795
2000-12-30;34,7617
2000-12-31;68,0994
2001-01-01;39,8243
2001-01-02;29,957
2001-01-03;26,0517
2001-01-04;24,1752
2001-01-05;26,0517
2001-01-06;33,3622
2001-01-07;27,9793
2001-01-08;22,9532
2001-01-09;24,1752
2001-01-10;59,311
2001-01-11;256,264
2001-01-12;208,578
2001-01-13;110,215
2001-01-14;70,3661
2001-01-15;66,9764
2001-01-16;110,215
2001-01-17;84,5334
2001-01-18;133,939
2001-01-19;114,281
2001-01-20;80,9018
2001-01-21;77,3296
2001-01-22;86,9871
2001-01-23;121,106
2001-01-24;119,787
2001-01-25;89,4667
2001-01-26;66,9764
2001-01-27;53,1389
2001-01-28;45,9142
2001-01-29;79,7044
2001-01-30;182,778
2001-01-31;143,335
2001-02-01;173,57
2001-02-02;153,07
2001-02-03;185,904
2001-02-04;118,401
2001-02-05;90,7162
2001-02-06;144,704
2001-02-07;126,157
2001-02-08;85,757
2001-02-09;72,6602
2001-02-10;58,2443
2001-02-11;50,6876
2001-02-12;53,1389
2001-02-13;137,924
2001-02-14;100,941
2001-02-15;85,757
2001-02-16;127,437
2001-02-17;85,757
2001-02-18;71,5098
2001-02-19;58,2443
2001-02-20;49,8801
2001-02-21;47,486
2001-02-22;44,362
2001-02-23;49,8801
2001-02-24;40,568
2001-02-25;54,0496
2001-02-26;63,649
2001-02-27;151,659
2001-02-28;100,941
2001-03-01;69,2293
2001-03-02;54,0496
2001-03-03;43,5932
2001-03-04;48,2792
2001-03-05;41,3168
2001-03-06;38,3521
2001-03-07;35,4694
2001-03-08;33,3622
2001-03-09;30,6272
2001-03-10;42,8294
2001-03-11;35,4694
2001-03-12;27,3311
2001-03-13;24,795
2001-03-14;26,0517
2001-03-15;34,0593
2001-03-16;32,6704
2001-03-17;29,2922
2001-03-18;29,957
2001-03-19;35,4694
2001-03-20;32,6704
2001-03-21;36,9004
2001-03-22;38,3521
2001-03-23;34,7617
2001-03-24;32,6704
2001-03-25;28,633
2001-03-26;40,568
2001-03-27;135,261
2001-03-28;77,3296
2001-03-29;53,1389
2001-03-30;43,5932
2001-03-31;38,3521
2001-04-01;36,9004
2001-04-02;35,4694
2001-04-03;31,3029
2001-04-04;29,2922
2001-04-05;27,9793
2001-04-06;24,795
2001-04-07;24,795
2001-04-08;22,9532
2001-04-09;22,9532
2001-04-10;49,8801
2001-04-11;34,0593
2001-04-12;29,2922
2001-04-13;40,568
2001-04-14;42,0706
2001-04-15;34,0593
2001-04-16;29,957
2001-04-17;26,0517
2001-04-18;26,6886
2001-04-19;23,5613
2001-04-20;26,0517
2001-04-21;63,649
2001-04-22;49,8801
2001-04-23;39,0856
2001-04-24;664,561
2001-04-25;347,49
2001-04-26;176,611
2001-04-27;385,827
2001-04-28;260,005
2001-04-29;166,091
2001-04-30;118,401
2001-05-01;95,7779
2001-05-02;74,9814
2001-05-03;79,7044
2001-05-04;443,612
2001-05-05;263,775
2001-05-06;155,915
2001-05-07;110,215
2001-05-08;85,757
2001-05-09;72,6602
2001-05-10;62,5539
2001-05-11;51,5
2001-05-12;45,1356
2001-05-13;42,0706
2001-05-14;38,3521
2001-05-15;34,7617
2001-05-16;33,3622
2001-05-17;34,0593
2001-05-18;32,6704
2001-05-19;29,2922
2001-05-20;27,9793
2001-05-21;26,6886
2001-05-22;107,534
2001-05-23;193,842
2001-05-24;112,919
2001-05-25;80,9018
2001-05-26;62,5539
2001-05-27;52,3171
2001-05-28;45,9142
2001-05-29;42,0706
2001-05-30;40,568
2001-05-31;36,9004
2001-06-01;34,0593
2001-06-02;29,2922
2001-06-03;27,3311
2001-06-04;25,4205
2001-06-05;24,1752
2001-06-06;25,4205
2001-06-07;29,957
2001-06-08;27,9793
2001-06-09;25,4205
2001-06-10;22,9532
2001-06-11;22,9532
2001-06-12;21,1642
2001-06-13;20,5798
2001-06-14;20,0014
2001-06-15;19,4292
2001-06-16;30,6272
2001-06-17;91,9721
2001-06-18;79,7044
2001-06-19;54,0496
2001-06-20;48,2792
2001-06-21;45,1356
2001-06-22;46,6977
2001-06-23;45,9142
2001-06-24;41,3168
2001-06-25;52,3171
2001-06-26;292,977
2001-06-27;153,07
2001-06-28;114,281
2001-06-29;80,9018
2001-06-30;63,649
2001-07-01;52,3171
2001-07-02;58,2443
2001-07-03;118,401
2001-07-04;89,4667
2001-07-05;137,924
2001-07-06;115,648
2001-07-07;88,2237
2001-07-08;69,2293
2001-07-09;54,0496
2001-07-10;54,0496
2001-07-11;90,7162
2001-07-12;299,014
2001-07-13;166,091
2001-07-14;117,022
2001-07-15;85,757
2001-07-16;66,9764
2001-07-17;54,0496
2001-07-18;53,1389
2001-07-19;99,6405
2001-07-20;2131,5
2001-07-21;997,941
2001-07-22;239,786
2001-07-23;154,489
2001-07-24;115,648
2001-07-25;88,2237
2001-07-26;74,9814
2001-07-27;71,5098
2001-07-28;64,7512
2001-07-29;56,1324
2001-07-30;48,2792
2001-07-31;46,6977
2001-08-01;42,0706
2001-08-02;41,3168
2001-08-03;40,568
2001-08-04;39,8243
2001-08-05;39,0856
2001-08-06;38,3521
2001-08-07;37,6236
2001-08-08;36,9004
2001-08-09;35,4694
2001-08-10;34,7617
2001-08-11;34,0593
2001-08-12;33,3622
2001-08-13;32,6704
2001-08-14;31,9839
2001-08-15;31,3029
2001-08-16;30,6272
2001-08-17;29,957
2001-08-18;29,2922
2001-08-19;28,633
2001-08-20;27,9793
2001-08-21;27,3311
2001-08-22;26,6886
2001-08-23;25,4205
2001-08-24;24,795
2001-08-25;24,1752
2001-08-26;23,5613
2001-08-27;22,9532
2001-08-28;22,3509
2001-08-29;21,7546
2001-08-30;22,3509
2001-08-31;21,7546
2001-09-01;24,795
2001-09-02;24,795
2001-09-03;20,5798
2001-09-04;20,5798
2001-09-05;27,3311
2001-09-06;39,8243
2001-09-07;33,3622
2001-09-08;34,7617
2001-09-09;48,2792
2001-09-10;82,1057
2001-09-11;112,919
2001-09-12;72,6602
2001-09-13;83,3163
2001-09-14;456,194
2001-09-15;206,912
2001-09-16;124,884
2001-09-17;86,9871
2001-09-18;65,8603
2001-09-19;52,3171
2001-09-20;45,9142
2001-09-21;41,3168
2001-09-22;34,0593
2001-09-23;33,3622
2001-09-24;30,6272
2001-09-25;28,633
2001-09-26;77,3296
2001-09-27;122,358
2001-09-28;100,941
2001-09-29;217,014
2001-09-30;1048,66
2001-10-01;3942,72
2001-10-02;1291,39
2001-10-03;604,123
2001-10-04;309,222
2001-10-05;206,912
2001-10-06;150,254
2001-10-07;117,022
2001-10-08;126,157
2001-10-09;172,06
2001-10-10;160,234
2001-10-11;121,106
2001-10-12;95,7779
2001-10-13;79,7044
2001-10-14;65,8603
2001-10-15;60,3848
2001-10-16;83,3163
2001-10-17;239,786
2001-10-18;252,552
2001-10-19;170,557
2001-10-20;121,106
2001-10-21;90,7162
2001-10-22;77,3296
2001-10-23;66,9764
2001-10-24;58,2443
2001-10-25;52,3171
2001-10-26;47,486
2001-10-27;43,5932
2001-10-28;40,568
2001-10-29;37,6236
2001-10-30;36,1823
2001-10-31;34,0593
2001-11-01;31,3029
2001-11-02;29,2922
2001-11-03;27,9793
2001-11-04;26,0517
2001-11-05;24,795
2001-11-06;24,1752
2001-11-07;24,1752
2001-11-08;26,6886
2001-11-09;27,9793
2001-11-10;27,3311
2001-11-11;79,7044
2001-11-12;100,941
2001-11-13;73,8174
2001-11-14;135,261
2001-11-15;131,318
2001-11-16;79,7044
2001-11-17;58,2443
2001-11-18;46,6977
2001-11-19;39,0856
2001-11-20;34,0593
2001-11-21;30,6272
2001-11-22;31,3029
2001-11-23;36,9004
2001-11-24;37,6236
2001-11-25;34,7617
2001-11-26;38,3521
2001-11-27;57,1847
2001-11-28;136,589
2001-11-29;153,07
2001-11-30;112,919
2001-12-01;83,3163
2001-12-02;65,8603
2001-12-03;57,1847
2001-12-04;50,6876
2001-12-05;69,2293
2001-12-06;288,989
2001-12-07;184,337
2001-12-08;128,723
2001-12-09;91,9721
2001-12-10;74,9814
2001-12-11;61,4658
2001-12-12;99,6405
2001-12-13;80,9018
2001-12-14;83,3163
2001-12-15;72,6602
2001-12-16;56,1324
2001-12-17;49,8801
2001-12-18;45,9142
2001-12-19;42,8294
2001-12-20;39,0856
2001-12-21;36,1823
2001-12-22;42,0706
2001-12-23;50,6876
2001-12-24;46,6977
2001-12-25;40,568
2001-12-26;36,9004
2001-12-27;32,6704
2001-12-28;31,9839
2001-12-29;31,9839
2001-12-30;31,9839
2001-12-31;31,3029
2002-01-01;31,9839
2002-01-02;34,7617
2002-01-03;31,3029
2002-01-04;28,633
2002-01-05;26,6886
2002-01-06;26,0517
2002-01-07;25,4205
2002-01-08;26,0517
2002-01-09;24,1752
2002-01-10;24,1752
2002-01-11;23,5613
2002-01-12;23,5613
2002-01-13;22,9532
2002-01-14;23,5613
2002-01-15;24,795
2002-01-16;23,5613
2002-01-17;22,9532
2002-01-18;21,7546
2002-01-19;19,4292
2002-01-20;20,0014
2002-01-21;18,3031
2002-01-22;16,6609
2002-01-23;18,863
2002-01-24;39,8243
2002-01-25;28,633
2002-01-26;52,3171
2002-01-27;68,0994
2002-01-28;136,589
2002-01-29;84,5334
2002-01-30;57,1847
2002-01-31;46,6977
2002-02-01;46,6977
2002-02-02;46,6977
2002-02-03;38,3521
2002-02-04;32,6704
2002-02-05;29,957
2002-02-06;26,6886
2002-02-07;25,4205
2002-02-08;24,795
2002-02-09;29,2922
2002-02-10;26,0517
2002-02-11;24,1752
2002-02-12;24,1752
2002-02-13;24,1752
2002-02-14;27,3311
2002-02-15;58,2443
2002-02-16;40,568
2002-02-17;31,9839
2002-02-18;27,3311
2002-02-19;24,795
2002-02-20;32,6704
2002-02-21;39,8243
2002-02-22;36,9004
2002-02-23;30,6272
2002-02-24;26,6886
2002-02-25;25,4205
2002-02-26;23,5613
2002-02-27;22,3509
2002-02-28;21,1642
2002-03-01;21,1642
2002-03-02;24,795
2002-03-03;22,9532
2002-03-04;24,795
2002-03-05;21,1642
2002-03-06;38,3521
2002-03-07;50,6876
2002-03-08;45,9142
2002-03-09;36,1823
2002-03-10;30,6272
2002-03-11;29,2922
2002-03-12;27,3311
2002-03-13;25,4205
2002-03-14;26,0517
2002-03-15;30,6272
2002-03-16;29,2922
2002-03-17;27,3311
2002-03-18;25,4205
2002-03-19;22,9532
2002-03-20;58,2443
2002-03-21;41,3168
2002-03-22;35,4694
2002-03-23;30,6272
2002-03-24;26,6886
2002-03-25;25,4205
2002-03-26;26,0517
2002-03-27;31,3029
2002-03-28;35,4694
2002-03-29;29,2922
2002-03-30;25,4205
2002-03-31;28,633
2002-04-01;37,6236
2002-04-02;42,8294
2002-04-03;38,3521
2002-04-04;32,6704
2002-04-05;28,633
2002-04-06;27,3311
2002-04-07;26,0517
2002-04-08;24,1752
2002-04-09;22,9532
2002-04-10;22,9532
2002-04-11;24,795
2002-04-12;27,3311
2002-04-13;25,4205
2002-04-14;26,6886
2002-04-15;26,6886
2002-04-16;33,3622
2002-04-17;29,957
2002-04-18;26,0517
2002-04-19;26,0517
2002-04-20;90,7162
2002-04-21;176,611
2002-04-22;108,871
2002-04-23;72,6602
2002-04-24;56,1324
2002-04-25;48,2792
2002-04-26;54,0496
2002-04-27;213,618
2002-04-28;141,972
2002-04-29;102,247
2002-04-30;90,7162
2002-05-01;82,1057
2002-05-02;70,3661
2002-05-03;61,4658
2002-05-04;54,0496
2002-05-05;48,2792
2002-05-06;45,9142
2002-05-07;43,5932
2002-05-08;43,5932
2002-05-09;44,362
2002-05-10;40,568
2002-05-11;39,0856
2002-05-12;35,4694
2002-05-13;34,7617
2002-05-14;31,9839
2002-05-15;32,6704
2002-05-16;411,778
2002-05-17;241,588
2002-05-18;155,915
2002-05-19;146,081
2002-05-20;211,931
2002-05-21;624,927
2002-05-22;269,485
2002-05-23;164,616
2002-05-24;122,358
2002-05-25;93,2343
2002-05-26;74,9814
2002-05-27;64,7512
2002-05-28;56,1324
2002-05-29;53,1389
2002-05-30;53,1389
2002-05-31;56,1324
2002-06-01;58,2443
2002-06-02;53,1389
2002-06-03;49,8801
2002-06-04;47,486
2002-06-05;44,362
2002-06-06;44,362
2002-06-07;98,3467
2002-06-08;524,655
2002-06-09;313,356
2002-06-10;718,359
2002-06-11;466,394
2002-06-12;1536,92
2002-06-13;621,932
2002-06-14;317,52
2002-06-15;236,204
2002-06-16;173,57
2002-06-17;139,266
2002-06-18;143,335
2002-06-19;169,062
2002-06-20;135,261
2002-06-21;112,919
2002-06-22;93,2343
2002-06-23;77,3296
2002-06-24;66,9764
2002-06-25;59,311
2002-06-26;54,0496
2002-06-27;49,8801
2002-06-28;45,9142
2002-06-29;43,5932
2002-06-30;49,0772
2002-07-01;69,2293
2002-07-02;1084,56
2002-07-03;376,614
2002-07-04;197,067
2002-07-05;135,261
2002-07-06;104,878
2002-07-07;95,7779
2002-07-08;94,5029
2002-07-09;86,9871
2002-07-10;74,9814
2002-07-11;64,7512
2002-07-12;56,1324
2002-07-13;51,5
2002-07-14;48,2792
2002-07-15;43,5932
2002-07-16;41,3168
2002-07-17;39,8243
2002-07-18;35,4694
2002-07-19;30,6272
2002-07-20;30,6272
2002-07-21;29,2922
2002-07-22;34,7617
2002-07-23;36,9004
2002-07-24;36,1823
2002-07-25;42,8294
2002-07-26;88,2237
2002-07-27;281,1
2002-07-28;179,68
2002-07-29;126,157
2002-07-30;90,7162
2002-07-31;83,3163
2002-08-01;71,5098
2002-08-02;60,3848
2002-08-03;115,648
2002-08-04;173,57
2002-08-05;126,157
2002-08-06;97,0591
2002-08-07;78,5137
2002-08-08;65,8603
2002-08-09;69,2293
2002-08-10;146,081
2002-08-11;112,919
2002-08-12;86,9871
2002-08-13;72,6602
2002-08-14;64,7512
2002-08-15;56,1324
2002-08-16;51,5
2002-08-17;46,6977
2002-08-18;42,8294
2002-08-19;39,8243
2002-08-20;39,0856
2002-08-21;77,3296
2002-08-22;279,146
2002-08-23;325,936
2002-08-24;724,835
2002-08-25;307,166
2002-08-26;184,337
2002-08-27;130,017
2002-08-28;99,6405
2002-08-29;82,1057
2002-08-30;70,3661
2002-08-31;58,2443
2002-09-01;49,8801
2002-09-02;45,9142
2002-09-03;41,3168
2002-09-04;39,8243
2002-09-05;39,0856
2002-09-06;39,8243
2002-09-07;234,424
2002-09-08;137,924
2002-09-09;100,941
2002-09-10;71,5098
2002-09-11;58,2443
2002-09-12;79,7044
2002-09-13;223,892
2002-09-14;148,856
2002-09-15;107,534
2002-09-16;84,5334
2002-09-17;102,247
2002-09-18;604,123
2002-09-19;313,356
2002-09-20;349,685
2002-09-21;217,014
2002-09-22;147,465
2002-09-23;111,564
2002-09-24;90,7162
2002-09-25;72,6602
2002-09-26;61,4658
2002-09-27;53,1389
2002-09-28;48,2792
2002-09-29;43,5932
2002-09-30;53,1389
2002-10-01;155,915
2002-10-02;119,787
2002-10-03;222,162
2002-10-04;256,264
2002-10-05;172,06
2002-10-06;234,424
2002-10-07;175,087
2002-10-08;182,778
2002-10-09;273,328
2002-10-10;234,424
2002-10-11;178,142
2002-10-12;148,856
2002-10-13;124,884
2002-10-14;100,941
2002-10-15;84,5334
2002-10-16;71,5098
2002-10-17;130,017
2002-10-18;141,972
2002-10-19;94,5029
2002-10-20;98,3467
2002-10-21;160,234
2002-10-22;330,188
2002-10-23;181,226
2002-10-24;132,625
2002-10-25;173,57
2002-10-26;303,075
2002-10-27;178,142
2002-10-28;128,723
2002-10-29;99,6405
2002-10-30;93,2343
2002-10-31;195,451
2002-11-01;229,126
2002-11-02;150,254
2002-11-03;112,919
2002-11-04;117,022
2002-11-05;137,924
2002-11-06;102,247
2002-11-07;80,9018
2002-11-08;65,8603
2002-11-09;56,1324
2002-11-10;184,337
2002-11-11;390,478
2002-11-12;185,904
2002-11-13;122,358
2002-11-14;91,9721
2002-11-15;71,5098
2002-11-16;59,311
2002-11-17;51,5
2002-11-18;52,3171
2002-11-19;111,564
2002-11-20;126,157
2002-11-21;130,017
2002-11-22;102,247
2002-11-23;76,1521
2002-11-24;59,311
2002-11-25;53,1389
2002-11-26;53,1389
2002-11-27;59,311
2002-11-28;127,437
2002-11-29;99,6405
2002-11-30;85,757
2002-12-01;122,358
2002-12-02;151,659
2002-12-03;169,062
2002-12-04;130,017
2002-12-05;182,778
2002-12-06;261,887
2002-12-07;260,005
2002-12-08;349,685
2002-12-09;227,374
2002-12-10;146,081
2002-12-11;108,871
2002-12-12;112,919
2002-12-13;89,4667
2002-12-14;66,9764
2002-12-15;56,1324
2002-12-16;49,0772
2002-12-17;43,5932
2002-12-18;35,4694
2002-12-19;34,7617
2002-12-20;40,568
2002-12-21;46,6977
2002-12-22;47,486
2002-12-23;50,6876
2002-12-24;367,519
2002-12-25;392,815
2002-12-26;187,477
2002-12-27;122,358
2002-12-28;89,4667
2002-12-29;69,2293
2002-12-30;56,1324
2002-12-31;50,6876
2003-01-01;51,5
2003-01-02;45,1356
2003-01-03;40,568
2003-01-04;86,9871
2003-01-05;71,5098
2003-01-06;49,0772
2003-01-07;40,568
2003-01-08;43,5932
2003-01-09;47,486
2003-01-10;55,0874
2003-01-11;181,226
2003-01-12;128,723
2003-01-13;79,7044
2003-01-14;57,1847
2003-01-15;46,6977
2003-01-16;34,0593
2003-01-17;32,6704
2003-01-18;42,8294
2003-01-19;29,957
2003-01-20;26,6886
2003-01-21;22,9532
2003-01-22;52,3171
2003-01-23;48,2792
2003-01-24;73,8174
2003-01-25;49,8801
2003-01-26;86,9871
2003-01-27;61,4658
2003-01-28;49,0772
2003-01-29;40,568
2003-01-30;37,6236
2003-01-31;36,1823
2003-02-01;35,4694
2003-02-02;29,957
2003-02-03;25,4205
2003-02-04;22,9532
2003-02-05;18,863
2003-02-06;17,7494
2003-02-07;16,6609
2003-02-08;16,1262
2003-02-09;16,6609
2003-02-10;22,9532
2003-02-11;48,2792
2003-02-12;20,0014
2003-02-13;15,0761
2003-02-14;16,1262
2003-02-15;15,0761
2003-02-16;16,1262
2003-02-17;16,1262
2003-02-18;14,0103
2003-02-19;14,0103
2003-02-20;154,489
2003-02-21;530,133
2003-02-22;154,489
2003-02-23;100,941
2003-02-24;91,9721
2003-02-25;128,723
2003-02-26;100,941
2003-02-27;95,7779
2003-02-28;64,7512
2003-03-01;50,6876
2003-03-02;43,5932
2003-03-03;61,4658
2003-03-04;51,5
2003-03-05;32,6704
2003-03-06;29,957
2003-03-07;78,5137
2003-03-08;72,6602
2003-03-09;64,7512
2003-03-10;76,1521
2003-03-11;143,335
2003-03-12;112,919
2003-03-13;83,3163
2003-03-14;74,9814
2003-03-15;59,311
2003-03-16;48,2792
2003-03-17;42,0706
2003-03-18;29,957
2003-03-19;27,9793
2003-03-20;35,4694
2003-03-21;55,0874
2003-03-22;44,362
2003-03-23;36,1823
2003-03-24;28,633
2003-03-25;21,1642
2003-03-26;20,0014
2003-03-27;17,7494
2003-03-28;15,0761
2003-03-29;12,96
2003-03-30;11,0195
2003-03-31;8,8795
2003-04-01;14,0103
2003-04-02;14,0103
2003-04-03;13,4784
2003-04-04;22,3509
2003-04-05;72,6602
2003-04-06;48,2792
2003-04-07;34,0593
2003-04-08;27,9793
2003-04-09;24,1752
2003-04-10;21,1642
2003-04-11;18,863
2003-04-12;17,202
2003-04-13;15,5979
2003-04-14;14,0103
2003-04-15;14,0103
2003-04-16;14,0103
2003-04-17;12,96
2003-04-18;13,4784
2003-04-19;17,202
2003-04-20;29,957
2003-04-21;22,3509
2003-04-22;17,7494
2003-04-23;16,6609
2003-04-24;14,5609
2003-04-25;14,0103
2003-04-26;14,0103
2003-04-27;14,0103
2003-04-28;17,7494
2003-04-29;29,957
2003-04-30;205,253
2003-05-01;655,299
2003-05-02;288,989
2003-05-03;151,659
2003-05-04;102,247
2003-05-05;74,9814
2003-05-06;60,3848
2003-05-07;49,0772
2003-05-08;42,0706
2003-05-09;32,6704
2003-05-10;29,2922
2003-05-11;26,6886
2003-05-12;23,5613
2003-05-13;21,7546
2003-05-14;20,5798
2003-05-15;19,4292
2003-05-16;18,3031
2003-05-17;17,202
2003-05-18;16,6609
2003-05-19;14,5609
2003-05-20;14,0103
2003-05-21;13,4784
2003-05-22;12,96
2003-05-23;21,1642
2003-05-24;54,0496
2003-05-25;34,7617
2003-05-26;24,795
2003-05-27;22,3509
2003-05-28;18,3031
2003-05-29;17,202
2003-05-30;15,5979
2003-05-31;14,5609
2003-06-01;14,0103
2003-06-02;12,4551
2003-06-03;48,2792
2003-06-04;126,157
2003-06-05;85,757
2003-06-06;112,919
2003-06-07;100,941
2003-06-08;71,5098
2003-06-09;55,0874
2003-06-10;47,486
2003-06-11;56,1324
2003-06-12;64,7512
2003-06-13;57,1847
2003-06-14;83,3163
2003-06-15;119,787
2003-06-16;86,9871
2003-06-17;93,2343
2003-06-18;161,688
2003-06-19;133,939
2003-06-20;104,878
2003-06-21;82,1057
2003-06-22;74,9814
2003-06-23;66,9764
2003-06-24;55,0874
2003-06-25;49,0772
2003-06-26;42,8294
2003-06-27;40,568
2003-06-28;31,3029
2003-06-29;28,633
2003-06-30;24,795
2003-07-01;24,1752
2003-07-02;22,9532
2003-07-03;21,7546
2003-07-04;20,5798
2003-07-05;19,4292
2003-07-06;58,2443
2003-07-07;74,9814
2003-07-08;63,649
2003-07-09;857,347
2003-07-10;256,264
2003-07-11;135,261
2003-07-12;89,4667
2003-07-13;64,7512
2003-07-14;50,6876
2003-07-15;50,6876
2003-07-16;383,513
2003-07-17;205,253
2003-07-18;124,884
2003-07-19;90,7162
2003-07-20;68,0994
2003-07-21;54,0496
2003-07-22;47,486
2003-07-23;197,067
2003-07-24;115,648
2003-07-25;82,1057
2003-07-26;73,8174
2003-07-27;60,3848
2003-07-28;52,3171
2003-07-29;47,486
2003-07-30;42,8294
2003-07-31;38,3521
2003-08-01;34,0593
2003-08-02;31,9839
2003-08-03;29,957
2003-08-04;26,6886
2003-08-05;24,795
2003-08-06;24,1752
2003-08-07;24,1752
2003-08-08;23,5613
2003-08-09;23,5613
2003-08-10;22,3509
2003-08-11;20,5798
2003-08-12;18,863
2003-08-13;17,7494
2003-08-14;18,3031
2003-08-15;17,7494
2003-08-16;17,7494
2003-08-17;18,863
2003-08-18;17,202
2003-08-19;15,5979
2003-08-20;15,5979
2003-08-21;13,4784
2003-08-22;12,96
2003-08-23;12,4551
2003-08-24;14,5609
2003-08-25;14,5609
2003-08-26;22,3509
2003-08-27;18,863
2003-08-28;16,1262
2003-08-29;15,5979
2003-08-30;13,4784
2003-08-31;12,96
2003-09-01;12,96
2003-09-02;11,9635
2003-09-03;11,9635
2003-09-04;11,9635
2003-09-05;11,4851
2003-09-06;11,4851
2003-09-07;10,5667
2003-09-08;11,9635
2003-09-09;12,96
2003-09-10;21,7546
2003-09-11;21,1642
2003-09-12;18,3031
2003-09-13;14,5609
2003-09-14;12,96
2003-09-15;12,96
2003-09-16;11,9635
2003-09-17;11,0195
2003-09-18;11,9635
2003-09-19;10,5667
2003-09-20;10,1265
2003-09-21;10,5667
2003-09-22;11,9635
2003-09-23;14,0103
2003-09-24;21,1642
2003-09-25;26,0517
2003-09-26;22,9532
2003-09-27;17,202
2003-09-28;15,0761
2003-09-29;14,0103
2003-09-30;12,96
2003-10-01;12,4551
2003-10-02;12,4551
2003-10-03;11,9635
2003-10-04;10,1265
2003-10-05;10,5667
2003-10-06;11,9635
2003-10-07;36,9004
2003-10-08;36,1823
2003-10-09;59,311
2003-10-10;128,723
2003-10-11;65,8603
2003-10-12;42,8294
2003-10-13;31,9839
2003-10-14;26,6886
2003-10-15;21,1642
2003-10-16;18,863
2003-10-17;17,202
2003-10-18;14,0103
2003-10-19;12,4551
2003-10-20;12,4551
2003-10-21;14,0103
2003-10-22;31,3029
2003-10-23;27,3311
2003-10-24;18,863
2003-10-25;178,142
2003-10-26;1322,52
2003-10-27;330,188
2003-10-28;122,358
2003-10-29;82,1057
2003-10-30;51,5
2003-10-31;49,0772
2003-11-01;49,0772
2003-11-02;50,6876
2003-11-03;44,362
2003-11-04;36,9004
2003-11-05;31,9839
2003-11-06;31,3029
2003-11-07;31,9839
2003-11-08;31,9839
2003-11-09;28,633
2003-11-10;24,795
2003-11-11;22,9532
2003-11-12;21,1642
2003-11-13;20,5798
2003-11-14;20,5798
2003-11-15;21,1642
2003-11-16;21,1642
2003-11-17;52,3171
2003-11-18;62,5539
2003-11-19;53,1389
2003-11-20;48,2792
2003-11-21;36,1823
2003-11-22;29,2922
2003-11-23;25,4205
2003-11-24;22,9532
2003-11-25;21,7546
2003-11-26;38,3521
2003-11-27;32,6704
2003-11-28;31,9839
2003-11-29;32,6704
2003-11-30;22,9532
2003-12-01;22,9532
2003-12-02;21,1642
2003-12-03;20,5798
2003-12-04;18,3031
2003-12-05;22,3509
2003-12-06;31,3029
2003-12-07;27,9793
2003-12-08;22,3509
2003-12-09;31,9839
2003-12-10;48,2792
2003-12-11;44,362
2003-12-12;167,573
2003-12-13;124,884
2003-12-14;79,7044
2003-12-15;261,887
2003-12-16;1331,48
2003-12-17;527,391
2003-12-18;205,253
2003-12-19;132,625
2003-12-20;102,247
2003-12-21;160,234
2003-12-22;232,65
2003-12-23;193,842
2003-12-24;141,972
2003-12-25;104,878
2003-12-26;79,7044
2003-12-27;63,649
2003-12-28;53,1389
2003-12-29;46,6977
2003-12-30;44,362
2003-12-31;247,038
2004-01-01;131,318
2004-01-02;86,9871
2004-01-03;62,5539
2004-01-04;49,8801
2004-01-05;41,3168
2004-01-06;33,3622
2004-01-07;31,9839
2004-01-08;33,3622
2004-01-09;35,4694
2004-01-10;38,3521
2004-01-11;30,6272
2004-01-12;30,6272
2004-01-13;27,3311
2004-01-14;38,3521
2004-01-15;69,2293
2004-01-16;45,1356
2004-01-17;26,6886
2004-01-18;26,6886
2004-01-19;22,3509
2004-01-20;20,5798
2004-01-21;20,5798
2004-01-22;18,863
2004-01-23;17,7494
2004-01-24;15,5979
2004-01-25;22,3509
2004-01-26;21,1642
2004-01-27;18,863
2004-01-28;15,5979
2004-01-29;14,0103
2004-01-30;15,5979
2004-01-31;21,7546
2004-02-01;20,0014
2004-02-02;22,3509
2004-02-03;29,2922
2004-02-04;64,7512
2004-02-05;103,559
2004-02-06;130,017
2004-02-07;72,6602
2004-02-08;49,0772
2004-02-09;39,0856
2004-02-10;32,6704
2004-02-11;26,6886
2004-02-12;24,1752
2004-02-13;20,0014
2004-02-14;17,7494
2004-02-15;35,4694
2004-02-16;58,2443
2004-02-17;55,0874
2004-02-18;41,3168
2004-02-19;34,7617
2004-02-20;29,957
2004-02-21;26,0517
2004-02-22;22,3509
2004-02-23;19,4292
2004-02-24;18,863
2004-02-25;17,7494
2004-02-26;16,1262
2004-02-27;15,5979
2004-02-28;15,0761
2004-02-29;14,0103
2004-03-01;14,0103
2004-03-02;14,0103
2004-03-03;14,5609
2004-03-04;14,0103
2004-03-05;13,4784
2004-03-06;11,9635
2004-03-07;11,0195
2004-03-08;11,0195
2004-03-09;11,9635
2004-03-10;14,0103
2004-03-11;12,96
2004-03-12;11,0195
2004-03-13;10,5667
2004-03-14;12,4551
2004-03-15;12,96
2004-03-16;11,9635
2004-03-17;11,9635
2004-03-18;11,0195
2004-03-19;9,6987
2004-03-20;9,6987
2004-03-21;9,2831
2004-03-22;9,2831
2004-03-23;8,8795
2004-03-24;8,8795
2004-03-25;8,8795
2004-03-26;9,2831
2004-03-27;8,8795
2004-03-28;8,8795
2004-03-29;8,8795
2004-03-30;8,4878
2004-03-31;8,1078
2004-04-01;8,8795
2004-04-02;8,8795
2004-04-03;10,1265
2004-04-04;9,6987
2004-04-05;9,6987
2004-04-06;9,2831
2004-04-07;8,8795
2004-04-08;9,2831
2004-04-09;8,8795
2004-04-10;8,8795
2004-04-11;9,2831
2004-04-12;8,4878
2004-04-13;8,1078
2004-04-14;8,8795
2004-04-15;8,4878
2004-04-16;7,7394
2004-04-17;7,3822
2004-04-18;7,7394
2004-04-19;10,1265
2004-04-20;14,5609
2004-04-21;15,5979
2004-04-22;11,9635
2004-04-23;16,6609
2004-04-24;30,6272
2004-04-25;27,9793
2004-04-26;17,7494
2004-04-27;14,0103
2004-04-28;12,4551
2004-04-29;11,0195
2004-04-30;11,0195
2004-05-01;13,4784
2004-05-02;15,5979
2004-05-03;10,5667
2004-05-04;13,4784
2004-05-05;23,5613
2004-05-06;27,9793
2004-05-07;34,0593
2004-05-08;167,573
2004-05-09;98,3467
2004-05-10;61,4658
2004-05-11;43,5932
2004-05-12;30,6272
2004-05-13;33,3622
2004-05-14;99,6405
2004-05-15;126,157
2004-05-16;80,9018
2004-05-17;57,1847
2004-05-18;45,1356
2004-05-19;32,6704
2004-05-20;28,633
2004-05-21;24,795
2004-05-22;22,9532
2004-05-23;21,7546
2004-05-24;26,0517
2004-05-25;46,6977
2004-05-26;173,57
2004-05-27;124,884
2004-05-28;83,3163
2004-05-29;61,4658
2004-05-30;51,5
2004-05-31;42,8294
2004-06-01;39,8243
2004-06-02;27,9793
2004-06-03;28,633
2004-06-04;25,4205
2004-06-05;22,3509
2004-06-06;21,7546
2004-06-07;18,863
2004-06-08;18,863
2004-06-09;22,3509
2004-06-10;38,3521
2004-06-11;583,695
2004-06-12;239,786
2004-06-13;130,017
2004-06-14;108,871
2004-06-15;80,9018
2004-06-16;56,1324
2004-06-17;46,6977
2004-06-18;41,3168
2004-06-19;34,0593
2004-06-20;30,6272
2004-06-21;25,4205
2004-06-22;26,0517
2004-06-23;25,4205
2004-06-24;31,3029
2004-06-25;38,3521
2004-06-26;37,6236
2004-06-27;36,9004
2004-06-28;34,0593
2004-06-29;30,6272
2004-06-30;29,957
2004-07-01;29,957
2004-07-02;198,69
2004-07-03;126,157
2004-07-04;95,7779
2004-07-05;74,9814
2004-07-06;59,311
2004-07-07;52,3171
2004-07-08;98,3467
2004-07-09;93,2343
2004-07-10;70,3661
2004-07-11;56,1324
2004-07-12;45,9142
2004-07-13;41,3168
2004-07-14;40,568
2004-07-15;200,32
2004-07-16;205,253
2004-07-17;139,266
2004-07-18;97,0591
2004-07-19;72,6602
2004-07-20;56,1324
2004-07-21;48,2792
2004-07-22;42,0706
2004-07-23;32,6704
2004-07-24;29,2922
2004-07-25;28,633
2004-07-26;22,3509
2004-07-27;22,9532
2004-07-28;22,9532
2004-07-29;20,5798
2004-07-30;26,0517
2004-07-31;48,2792
2004-08-01;46,6977
2004-08-02;35,4694
2004-08-03;29,957
2004-08-04;27,3311
2004-08-05;25,4205
2004-08-06;22,3509
2004-08-07;22,9532
2004-08-08;26,0517
2004-08-09;22,9532
2004-08-10;18,863
2004-08-11;18,863
2004-08-12;18,863
2004-08-13;18,863
2004-08-14;20,5798
2004-08-15;15,5979
2004-08-16;14,5609
2004-08-17;15,5979
2004-08-18;16,1262
2004-08-19;17,202
2004-08-20;15,5979
2004-08-21;15,5979
2004-08-22;15,0761
2004-08-23;14,0103
2004-08-24;14,0103
2004-08-25;11,9635
2004-08-26;14,5609
2004-08-27;12,4551
2004-08-28;11,9635
2004-08-29;13,4784
2004-08-30;16,6609
2004-08-31;16,1262
2004-09-01;13,4784
2004-09-02;11,9635
2004-09-03;11,4851
2004-09-04;11,9635
2004-09-05;11,9635
2004-09-06;11,0195
2004-09-07;11,0195
2004-09-08;10,1265
2004-09-09;10,5667
2004-09-10;9,6987
2004-09-11;8,1078
2004-09-12;11,4851
2004-09-13;33,3622
2004-09-14;151,659
2004-09-15;139,266
2004-09-16;90,7162
2004-09-17;60,3848
2004-09-18;45,9142
2004-09-19;37,6236
2004-09-20;29,957
2004-09-21;72,6602
2004-09-22;103,559
2004-09-23;271,402
2004-09-24;187,477
2004-09-25;133,939
2004-09-26;94,5029
2004-09-27;72,6602
2004-09-28;63,649
2004-09-29;69,2293
2004-09-30;65,8603
2004-10-01;54,0496
2004-10-02;46,6977
2004-10-03;40,568
2004-10-04;34,0593
2004-10-05;29,957
2004-10-06;26,0517
2004-10-07;26,0517
2004-10-08;24,1752
2004-10-09;22,3509
2004-10-10;21,1642
2004-10-11;20,0014
2004-10-12;18,863
2004-10-13;34,0593
2004-10-14;77,3296
2004-10-15;49,8801
2004-10-16;44,362
2004-10-17;287,006
2004-10-18;195,451
2004-10-19;117,022
2004-10-20;91,9721
2004-10-21;64,7512
2004-10-22;50,6876
2004-10-23;44,362
2004-10-24;49,8801
2004-10-25;56,1324
2004-10-26;71,5098
2004-10-27;60,3848
2004-10-28;48,2792
2004-10-29;42,0706
2004-10-30;37,6236
2004-10-31;32,6704
2004-11-01;29,957
2004-11-02;27,9793
2004-11-03;26,0517
2004-11-04;25,4205
2004-11-05;29,957
2004-11-06;49,0772
2004-11-07;68,0994
2004-11-08;49,8801
2004-11-09;42,8294
2004-11-10;172,06
2004-11-11;201,957
2004-11-12;248,868
2004-11-13;184,337
2004-11-14;123,618
2004-11-15;90,7162
2004-11-16;70,3661
2004-11-17;55,0874
2004-11-18;47,486
2004-11-19;39,8243
2004-11-20;33,3622
2004-11-21;31,3029
2004-11-22;27,9793
2004-11-23;26,0517
2004-11-24;24,1752
2004-11-25;21,7546
2004-11-26;21,7546
2004-11-27;19,4292
2004-11-28;19,4292
2004-11-29;18,3031
2004-11-30;17,202
2004-12-01;16,1262
2004-12-02;15,0761
2004-12-03;13,4784
2004-12-04;12,4551
2004-12-05;12,4551
2004-12-06;14,0103
2004-12-07;15,0761
2004-12-08;27,3311
2004-12-09;26,6886
2004-12-10;22,3509
2004-12-11;19,4292
2004-12-12;18,3031
2004-12-13;17,202
2004-12-14;14,5609
2004-12-15;13,4784
2004-12-16;12,4551
2004-12-17;11,9635
2004-12-18;11,4851
2004-12-19;12,4551
2004-12-20;11,0195
2004-12-21;11,0195
2004-12-22;11,4851
2004-12-23;10,5667
2004-12-24;9,2831
2004-12-25;9,2831
2004-12-26;8,8795
2004-12-27;8,1078
2004-12-28;7,7394
2004-12-29;7,3822
2004-12-30;7,7394
2004-12-31;7,0362
2005-01-01;6,7012
2005-01-02;6,0635
2005-01-03;5,7604
2005-01-04;5,7604
2005-01-05;6,0635
2005-01-06;6,7012
2005-01-07;5,7604
2005-01-08;5,1848
2005-01-09;5,7604
2005-01-10;22,3509
2005-01-11;31,9839
2005-01-12;21,7546
2005-01-13;14,0103
2005-01-14;11,0195
2005-01-15;9,2831
2005-01-16;8,4878
2005-01-17;8,1078
2005-01-18;7,7394
2005-01-19;7,0362
2005-01-20;7,0362
2005-01-21;5,7604
2005-01-22;5,4675
2005-01-23;4,9119
2005-01-24;4,9119
2005-01-25;4,9119
2005-01-26;5,1848
2005-01-27;6,377
2005-01-28;5,4675
2005-01-29;5,1848
2005-01-30;4,9119
2005-01-31;4,3953
2005-02-01;4,6489
2005-02-02;4,1512
2005-02-03;4,3953
2005-02-04;4,1512
2005-02-05;3,9163
2005-02-06;3,9163
2005-02-07;3,6904
2005-02-08;4,1512
2005-02-09;3,0652
2005-02-10;3,265
2005-02-11;3,6904
2005-02-12;3,0652
2005-02-13;3,0652
2005-02-14;3,0652
2005-02-15;3,4734
2005-02-16;2,8737
2005-02-17;3,265
2005-02-18;3,6904
2005-02-19;3,0652
2005-02-20;2,8737
2005-02-21;2,6903
2005-02-22;2,8737
2005-02-23;2,6903
2005-02-24;2,1873
2005-02-25;2,8737
2005-02-26;2,3473
2005-02-27;2,6903
2005-02-28;2,5149
2005-03-01;2,5149
2005-03-02;2,3473
2005-03-03;2,0348
2005-03-04;2,5149
2005-03-05;2,3473
2005-03-06;2,3473
2005-03-07;2,1873
2005-03-08;2,0348
2005-03-09;2,1873
2005-03-10;1,7513
2005-03-11;1,7513
2005-03-12;2,0348
2005-03-13;6,7012
2005-03-14;5,7604
2005-03-15;7,7394
2005-03-16;7,0362
2005-03-17;6,377
2005-03-18;4,9119
2005-03-19;4,3953
2005-03-20;3,4734
2005-03-21;3,265
2005-03-22;3,265
2005-03-23;3,6904
2005-03-24;3,6904
2005-03-25;4,3953
2005-03-26;4,1512
2005-03-27;3,9163
2005-03-28;3,265
2005-03-29;2,8737
2005-03-30;2,8737
2005-03-31;2,8737
2005-04-01;12,96
2005-04-02;64,7512
2005-04-03;108,871
2005-04-04;57,1847
2005-04-05;36,9004
2005-04-06;27,9793
2005-04-07;29,957
2005-04-08;44,362
2005-04-09;161,688
2005-04-10;100,941
2005-04-11;60,3848
2005-04-12;42,8294
2005-04-13;33,3622
2005-04-14;58,2443
2005-04-15;93,2343
2005-04-16;70,3661
2005-04-17;52,3171
2005-04-18;42,0706
2005-04-19;34,7617
2005-04-20;44,362
2005-04-21;68,0994
2005-04-22;52,3171
2005-04-23;45,1356
2005-04-24;35,4694
2005-04-25;35,4694
2005-04-26;58,2443
2005-04-27;49,0772
2005-04-28;40,568
2005-04-29;34,7617
2005-04-30;29,957
2005-05-01;25,4205
2005-05-02;21,7546
2005-05-03;19,4292
2005-05-04;18,863
2005-05-05;17,202
2005-05-06;15,5979
2005-05-07;14,5609
2005-05-08;18,3031
2005-05-09;21,1642
2005-05-10;27,3311
2005-05-11;43,5932
2005-05-12;115,648
2005-05-13;91,9721
2005-05-14;61,4658
2005-05-15;48,2792
2005-05-16;37,6236
2005-05-17;30,6272
2005-05-18;217,014
2005-05-19;1247,62
2005-05-20;428,762
2005-05-21;489,786
2005-05-22;245,214
2005-05-23;154,489
2005-05-24;112,919
2005-05-25;93,2343
2005-05-26;69,2293
2005-05-27;55,0874
2005-05-28;48,2792
2005-05-29;41,3168
2005-05-30;36,1823
2005-05-31;32,6704
2005-06-01;29,957
2005-06-02;29,957
2005-06-03;28,633
2005-06-04;27,3311
2005-06-05;24,795
2005-06-06;22,9532
2005-06-07;21,1642
2005-06-08;21,1642
2005-06-09;18,863
2005-06-10;18,863
2005-06-11;18,863
2005-06-12;22,3509
2005-06-13;135,261
2005-06-14;933,635
2005-06-15;419,012
2005-06-16;395,159
2005-06-17;323,821
2005-06-18;492,423
2005-06-19;252,552
2005-06-20;172,06
2005-06-21;131,318
2005-06-22;108,871
2005-06-23;83,3163
2005-06-24;70,3661
2005-06-25;60,3848
2005-06-26;54,0496
2005-06-27;52,3171
2005-06-28;58,2443
2005-06-29;73,8174
2005-06-30;66,9764
2005-07-01;58,2443
2005-07-02;51,5
2005-07-03;56,1324
2005-07-04;42,8294
2005-07-05;40,568
2005-07-06;41,3168
2005-07-07;36,9004
2005-07-08;34,0593
2005-07-09;32,6704
2005-07-10;29,957
2005-07-11;28,633
2005-07-12;29,957
2005-07-13;28,633
2005-07-14;25,4205
2005-07-15;25,4205
2005-07-16;28,633
2005-07-17;93,2343
2005-07-18;108,871
2005-07-19;74,9814
2005-07-20;60,3848
2005-07-21;52,3171
2005-07-22;220,439
2005-07-23;158,787
2005-07-24;117,022
2005-07-25;86,9871
2005-07-26;68,0994
2005-07-27;55,0874
2005-07-28;46,6977
2005-07-29;41,3168
2005-07-30;36,9004
2005-07-31;34,0593
2005-08-01;30,6272
2005-08-02;29,957
2005-08-03;26,0517
2005-08-04;27,3311
2005-08-05;26,0517
2005-08-06;24,1752
2005-08-07;25,4205
2005-08-08;28,633
2005-08-09;50,6876
2005-08-10;60,3848
2005-08-11;54,0496
2005-08-12;45,9142
2005-08-13;36,1823
2005-08-14;30,6272
2005-08-15;29,2922
2005-08-16;27,9793
2005-08-17;26,0517
2005-08-18;26,0517
2005-08-19;26,6886
2005-08-20;26,0517
2005-08-21;34,0593
2005-08-22;254,404
2005-08-23;193,842
2005-08-24;153,07
2005-08-25;167,573
2005-08-26;118,401
2005-08-27;85,757
2005-08-28;78,5137
2005-08-29;54,0496
2005-08-30;164,616
2005-08-31;319,613
2005-09-01;321,713
2005-09-02;230,884
2005-09-03;158,787
2005-09-04;122,358
2005-09-05;115,648
2005-09-06;119,787
2005-09-07;84,5334
2005-09-08;69,2293
2005-09-09;57,1847
2005-09-10;49,8801
2005-09-11;80,9018
2005-09-12;80,9018
2005-09-13;63,649
2005-09-14;55,0874
2005-09-15;83,3163
2005-09-16;126,157
2005-09-17;100,941
2005-09-18;80,9018
2005-09-19;73,8174
2005-09-20;62,5539
2005-09-21;52,3171
2005-09-22;46,6977
2005-09-23;43,5932
2005-09-24;42,0706
2005-09-25;124,884
2005-09-26;139,266
2005-09-27;102,247
2005-09-28;74,9814
2005-09-29;59,311
2005-09-30;51,5
2005-10-01;47,486
2005-10-02;41,3168
2005-10-03;36,9004
2005-10-04;107,534
2005-10-05;1170,85
2005-10-06;433,682
2005-10-07;211,931
2005-10-08;392,815
2005-10-09;338,78
2005-10-10;200,32
2005-10-11;140,616
2005-10-12;107,534
2005-10-13;82,1057
2005-10-14;107,534
2005-10-15;208,578
2005-10-16;307,166
2005-10-17;2350,82
2005-10-18;572,19
2005-10-19;271,402
2005-10-20;172,241
2005-10-21;121,864
2005-10-22;100,207
2005-10-23;83,1439
2005-10-24;68,8476
2005-10-25;69,895
2005-10-26;68,8476
2005-10-27;55,0871
2005-10-28;495,067
2005-10-29;541,181
2005-10-30;290,979
2005-10-31;177,455
2005-11-01;132,072
2005-11-02;109,396
2005-11-03;95,1537
2005-11-04;84,305
2005-11-05;76,362
2005-11-06;75,2624
2005-11-07;89,0379
2005-11-08;92,6806
2005-11-09;80,8482
2005-11-10;74,1715
2005-11-11;70,9511
2005-11-12;67,8088
2005-11-13;63,7401
2005-11-14;59,8089
2005-11-15;57,8946
2005-11-16;54,1682
2005-11-17;58,8475
2005-11-18;77,4704
2005-11-19;87,8414
2005-11-20;80,8482
2005-11-21;70,9511
2005-11-22;61,7574
2005-11-23;59,8089
2005-11-24;73,0893
2005-11-25;93,9127
2005-11-26;90,2432
2005-11-27;73,0893
2005-11-28;59,8089
2005-11-29;51,4622
2005-11-30;47,9721
2005-12-01;55,0871
2005-12-02;51,4622
2005-12-03;42,1859
2005-12-04;36,0685
2005-12-05;31,8226
2005-12-06;34,6208
2005-12-07;35,3406
2005-12-08;31,8226
2005-12-09;28,5057
2005-12-10;24,1958
2005-12-11;22,4665
2005-12-12;21,9057
2005-12-13;20,8073
2005-12-14;20,8073
2005-12-15;20,2696
2005-12-16;19,7397
2005-12-17;21,9057
2005-12-18;23,0351
2005-12-19;21,9057
2005-12-20;19,7397
2005-12-21;18,7029
2005-12-22;17,6967
2005-12-23;20,2696
2005-12-24;29,8085
2005-12-25;30,4719
2005-12-26;24,1958
2005-12-27;19,2175
2005-12-28;17,2049
2005-12-29;16,2443
2005-12-30;16,2443
2005-12-31;15,7752
2006-01-01;19,2175
2006-01-02;40,6073
2006-01-03;48,8321
2006-01-04;41,3925
2006-01-05;31,8226
2006-01-06;23,6116
2006-01-07;19,7397
2006-01-08;17,2049
2006-01-09;16,2443
2006-01-10;15,7752
2006-01-11;14,3537
2006-01-12;13,4076
2006-01-13;13,4076
2006-01-14;16,7208
2006-01-15;17,6967
2006-01-16;16,7208
2006-01-17;15,7752
2006-01-18;17,6967
2006-01-19;18,7029
2006-01-20;19,7397
2006-01-21;21,3526
2006-01-22;19,7397
2006-01-23;17,6967
2006-01-24;17,2049
2006-01-25;34,6208
2006-01-26;38,301
2006-01-27;29,8085
2006-01-28;26,6112
2006-01-29;22,4665
2006-01-30;19,2175
2006-01-31;15,7752
2006-02-01;13,8753
2006-02-02;16,2443
2006-02-03;17,2049
2006-02-04;16,2443
2006-02-05;15,7752
2006-02-06;13,8753
2006-02-07;14,3537
2006-02-08;16,2443
2006-02-09;13,4076
2006-02-10;10,4247
2006-02-11;9,6623
2006-02-12;10,0387
2006-02-13;9,6623
2006-02-14;8,2507
2006-02-15;7,9207
2006-02-16;10,8206
2006-02-17;15,7752
2006-02-18;15,3433
2006-02-19;17,2049
2006-02-20;17,6967
2006-02-21;15,3433
2006-02-22;18,7029
2006-02-23;17,6967
2006-02-24;15,7752
2006-02-25;14,3537
2006-02-26;12,9506
2006-02-27;10,8206
2006-02-28;9,2954
2006-03-01;8,9379
2006-03-02;8,5897
2006-03-03;8,5897
2006-03-04;9,2954
2006-03-05;10,0387
2006-03-06;11,2263
2006-03-07;10,0387
2006-03-08;8,5897
2006-03-09;8,5897
2006-03-10;9,6623
2006-03-11;10,8206
2006-03-12;11,2263
2006-03-13;10,4247
2006-03-14;8,2507
2006-03-15;6,4021
2006-03-16;8,9379
2006-03-17;11,2263
2006-03-18;10,0387
2006-03-19;33,2056
2006-03-20;73,0893
2006-03-21;72,0159
2006-03-22;45,4424
2006-03-23;27,2348
2006-03-24;20,2696
2006-03-25;18,7029
2006-03-26;18,196
2006-03-27;15,7752
2006-03-28;12,5041
2006-03-29;10,8206
2006-03-30;12,5041
2006-03-31;13,4076
2006-04-01;13,4076
2006-04-02;13,4076
2006-04-03;12,5041
2006-04-04;10,4247
2006-04-05;9,6623
2006-04-06;10,8206
2006-04-07;11,2263
2006-04-08;11,2263
2006-04-09;12,0679
2006-04-10;14,843
2006-04-11;19,2175
2006-04-12;18,7029
2006-04-13;15,3433
2006-04-14;14,843
2006-04-15;13,8753
2006-04-16;12,0679
2006-04-17;11,642
2006-04-18;10,0387
2006-04-19;9,2954
2006-04-20;10,8206
2006-04-21;12,0679
2006-04-22;15,7752
2006-04-23;19,2175
2006-04-24;16,7208
2006-04-25;13,8753
2006-04-26;12,9506
2006-04-27;13,4076
2006-04-28;14,3537
2006-04-29;14,3537
2006-04-30;13,8753
2006-05-01;12,5041
2006-05-02;10,8206
2006-05-03;10,0387
2006-05-04;11,2263
2006-05-05;11,642
2006-05-06;11,642
2006-05-07;10,8206
2006-05-08;11,2263
2006-05-09;11,642
2006-05-10;13,4076
2006-05-11;13,4076
2006-05-12;11,642
2006-05-13;10,0387
2006-05-14;8,9379
2006-05-15;9,2954
2006-05-16;8,9379
2006-05-17;7,9207
2006-05-18;7,9207
2006-05-19;7,9207
2006-05-20;12,5041
2006-05-21;14,843
2006-05-22;17,6967
2006-05-23;14,843
2006-05-24;12,5041
2006-05-25;11,2263
2006-05-26;10,8206
2006-05-27;9,6623
2006-05-28;10,4247
2006-05-29;9,6623
2006-05-30;9,6623
2006-05-31;8,9379
2006-06-01;9,6623
2006-06-02;9,6623
2006-06-03;9,6623
2006-06-04;9,6623
2006-06-05;9,6623
2006-06-06;10,0387
2006-06-07;10,4247
2006-06-08;10,4247
2006-06-09;9,6623
2006-06-10;10,8206
2006-06-11;20,8073
2006-06-12;35,3406
2006-06-13;22,4665
2006-06-14;23,6116
2006-06-15;20,8073
2006-06-16;24,7878
2006-06-17;24,1958
2006-06-18;23,0351
2006-06-19;20,2696
2006-06-20;18,7029
2006-06-21;147,44
2006-06-22;325,936
2006-06-23;150,625
2006-06-24;87,8414
2006-06-25;61,7574
2006-06-26;75,2624
2006-06-27;97,6624
2006-06-28;70,9511
2006-06-29;53,2578
2006-06-30;42,9876
2006-07-01;33,2056
2006-07-02;31,1432
2006-07-03;27,8663
2006-07-04;25,3878
2006-07-05;23,0351
2006-07-06;20,2696
2006-07-07;19,7397
2006-07-08;19,2175
2006-07-09;18,196
2006-07-10;34,6208
2006-07-11;29,8085
2006-07-12;25,9955
2006-07-13;24,7878
2006-07-14;19,7397
2006-07-15;18,7029
2006-07-16;18,7029
2006-07-17;17,2049
2006-07-18;18,196
2006-07-19;16,7208
2006-07-20;15,7752
2006-07-21;15,3433
2006-07-22;14,843
2006-07-23;14,3537
2006-07-24;13,8753
2006-07-25;15,7752
2006-07-26;836,187
2006-07-27;771,039
2006-07-28;461,279
2006-07-29;258,131
2006-07-30;158,751
2006-07-31;105,404
2006-08-01;76,362
2006-08-02;59,8089
2006-08-03;47,9721
2006-08-04;42,9876
2006-08-05;36,8045
2006-08-06;32,5101
2006-08-07;30,4719
2006-08-08;26,6112
2006-08-09;25,3878
2006-08-10;27,2348
2006-08-11;25,3878
2006-08-12;25,9955
2006-08-13;23,6116
2006-08-14;20,8073
2006-08-15;24,7878
2006-08-16;57,8946
2006-08-17;271,402
2006-08-18;145,861
2006-08-19;101,493
2006-08-20;75,2624
2006-08-21;56,9503
2006-08-22;46,2773
2006-08-23;41,3925
2006-08-24;36,8045
2006-08-25;32,5101
2006-08-26;29,1531
2006-08-27;27,2348
2006-08-28;25,3878
2006-08-29;23,6116
2006-08-30;21,3526
2006-08-31;19,7397
2006-09-01;19,7397
2006-09-02;20,8073
2006-09-03;23,0351
2006-09-04;22,4665
2006-09-05;18,7029
2006-09-06;18,196
2006-09-07;16,7208
2006-09-08;15,7752
2006-09-09;37,5487
2006-09-10;76,362
2006-09-11;60,7789
2006-09-12;44,6158
2006-09-13;36,8045
2006-09-14;31,8226
2006-09-15;36,0685
2006-09-16;87,8414
2006-09-17;79,7135
2006-09-18;59,8089
2006-09-19;46,2773
2006-09-20;39,0616
2006-09-21;36,0685
2006-09-22;31,8226
2006-09-23;29,8085
2006-09-24;25,9955
2006-09-25;23,0351
2006-09-26;20,8073
2006-09-27;20,2696
2006-09-28;18,7029
2006-09-29;18,196
2006-09-30;16,2443
2006-10-01;15,7752
2006-10-02;15,3433
2006-10-03;14,3537
2006-10-04;14,3537
2006-10-05;15,3433
2006-10-06;15,7752
2006-10-07;17,6967
2006-10-08;16,2443
2006-10-09;15,3433
2006-10-10;18,196
2006-10-11;17,6967
2006-10-12;25,3878
2006-10-13;23,0351
2006-10-14;19,2175
2006-10-15;18,196
2006-10-16;23,0351
2006-10-17;28,5057
2006-10-18;24,7878
2006-10-19;20,8073
2006-10-20;19,2175
2006-10-21;15,7752
2006-10-22;15,7752
2006-10-23;14,3537
2006-10-24;12,9506
2006-10-25;11,642
2006-10-26;11,642
2006-10-27;10,8206
2006-10-28;10,4247
2006-10-29;10,4247
2006-10-30;10,8206
2006-10-31;10,4247
2006-11-01;10,4247
2006-11-02;10,8206
2006-11-03;12,0679
2006-11-04;11,2263
2006-11-05;9,6623
2006-11-06;20,8073
2006-11-07;80,8482
2006-11-08;65,7572
2006-11-09;39,8303
2006-11-10;30,4719
2006-11-11;24,1958
2006-11-12;20,2696
2006-11-13;17,6967
2006-11-14;15,3433
2006-11-15;14,3537
2006-11-16;14,3537
2006-11-17;14,843
2006-11-18;22,4665
2006-11-19;54,1682
2006-11-20;123,294
2006-11-21;102,787
2006-11-22;56,0144
2006-11-23;44,6158
2006-11-24;36,0685
2006-11-25;133,567
2006-11-26;202,922
2006-11-27;132,072
2006-11-28;95,1537
2006-11-29;101,493
2006-11-30;84,305
2006-12-01;59,8089
2006-12-02;47,1205
2006-12-03;36,8045
2006-12-04;31,8226
2006-12-05;31,1432
2006-12-06;32,5101
2006-12-07;37,5487
2006-12-08;37,5487
2006-12-09;27,2348
2006-12-10;24,7878
2006-12-11;21,3526
2006-12-12;18,7029
2006-12-13;18,196
2006-12-14;16,7208
2006-12-15;15,3433
2006-12-16;14,3537
2006-12-17;12,9506
2006-12-18;13,4076
2006-12-19;12,9506
2006-12-20;17,6967
2006-12-21;17,2049
2006-12-22;15,7752
2006-12-23;13,8753
2006-12-24;14,3537
2006-12-25;14,3537
2006-12-26;14,3537
2006-12-27;15,7752
2006-12-28;17,6967
2006-12-29;13,8753
2006-12-30;11,642
2006-12-31;11,2263
2007-01-01;10,4247
2007-01-02;9,6623
2007-01-03;10,0387
2007-01-04;10,4247
2007-01-05;12,0679
2007-01-06;11,642
2007-01-07;13,8753
2007-01-08;13,8753
2007-01-09;10,4247
2007-01-10;9,6623
2007-01-11;12,0679
2007-01-12;18,7029
2007-01-13;25,3878
2007-01-14;19,2175
2007-01-15;14,843
2007-01-16;11,642
2007-01-17;10,4247
2007-01-18;11,642
2007-01-19;12,0679
2007-01-20;11,2263
2007-01-21;10,8206
2007-01-22;9,6623
2007-01-23;10,0387
2007-01-24;9,2954
2007-01-25;8,2507
2007-01-26;8,9379
2007-01-27;10,0387
2007-01-28;9,2954
2007-01-29;12,5041
2007-01-30;23,6116
2007-01-31;18,7029
2007-02-01;14,3537
2007-02-02;13,8753
2007-02-03;12,5041
2007-02-04;12,0679
2007-02-05;12,9506
2007-02-06;12,5041
2007-02-07;34,6208
2007-02-08;23,0351
2007-02-09;17,2049
2007-02-10;13,4076
2007-02-11;12,5041
2007-02-12;11,642
2007-02-13;9,2954
2007-02-14;7,9207
2007-02-15;9,2954
2007-02-16;9,2954
2007-02-17;9,6623
2007-02-18;10,0387
2007-02-19;11,2263
2007-02-20;10,0387
2007-02-21;9,6623
2007-02-22;11,2263
2007-02-23;15,7752
2007-02-24;31,8226
2007-02-25;73,0893
2007-02-26;61,7574
2007-02-27;34,6208
2007-02-28;25,3878
2007-03-01;19,7397
2007-03-02;17,2049
2007-03-03;24,1958
2007-03-04;38,301
2007-03-05;35,3406
2007-03-06;33,2056
2007-03-07;36,0685
2007-03-08;27,8663
2007-03-09;22,4665
2007-03-10;19,2175
2007-03-11;21,3526
2007-03-12;20,8073
2007-03-13;20,2696
2007-03-14;39,0616
2007-03-15;30,4719
2007-03-16;23,0351
2007-03-17;29,1531
2007-03-18;53,2578
2007-03-19;74,1715
2007-03-20;58,8475
2007-03-21;66,7787
2007-03-22;56,0144
2007-03-23;43,7976
2007-03-24;36,8045
2007-03-25;28,5057
2007-03-26;24,7878
2007-03-27;31,1432
2007-03-28;33,9091
2007-03-29;39,8303
2007-03-30;33,9091
2007-03-31;30,4719
2007-04-01;29,8085
2007-04-02;29,8085
2007-04-03;27,2348
2007-04-04;25,9955
2007-04-05;29,1531
2007-04-06;26,6112
2007-04-07;20,2696
2007-04-08;17,6967
2007-04-09;17,2049
2007-04-10;19,2175
2007-04-11;19,2175
2007-04-12;18,7029
2007-04-13;19,2175
2007-04-14;21,3526
2007-04-15;19,7397
2007-04-16;19,2175
2007-04-17;25,9955
2007-04-18;21,9057
2007-04-19;19,7397
2007-04-20;19,2175
2007-04-21;18,196
2007-04-22;16,7208
2007-04-23;13,8753
2007-04-24;14,843
2007-04-25;15,3433
2007-04-26;20,2696
2007-04-27;20,2696
2007-04-28;19,2175
2007-04-29;14,843
2007-04-30;13,4076
2007-05-01;12,9506
2007-05-02;30,4719
2007-05-03;36,8045
2007-05-04;52,3558
2007-05-05;35,3406
2007-05-06;29,1531
2007-05-07;39,0616
2007-05-08;206,713
2007-05-09;141,181
2007-05-10;85,475
2007-05-11;61,7574
2007-05-12;50,5771
2007-05-13;47,1205
2007-05-14;110,745
2007-05-15;129,109
2007-05-16;189,955
2007-05-17;461,279
2007-05-18;227,374
2007-05-19;133,567
2007-05-20;95,1537
2007-05-21;75,2624
2007-05-22;105,404
2007-05-23;83,1439
2007-05-24;65,7572
2007-05-25;54,1682
2007-05-26;47,9721
2007-05-27;41,3925
2007-05-28;39,8303
2007-05-29;33,9091
2007-05-30;32,5101
2007-05-31;30,4719
2007-06-01;29,1531
2007-06-02;24,7878
2007-06-03;25,9955
2007-06-04;23,6116
2007-06-05;20,8073
2007-06-06;18,7029
2007-06-07;19,7397
2007-06-08;20,8073
2007-06-09;19,7397
2007-06-10;20,2696
2007-06-11;18,7029
2007-06-12;18,196
2007-06-13;17,6967
2007-06-14;17,2049
2007-06-15;15,7752
2007-06-16;17,2049
2007-06-17;21,3526
2007-06-18;17,6967
2007-06-19;16,2443
2007-06-20;16,7208
2007-06-21;15,7752
2007-06-22;15,7752
2007-06-23;15,3433
2007-06-24;14,843
2007-06-25;15,7752
2007-06-26;16,2443
2007-06-27;16,7208
2007-06-28;17,2049
2007-06-29;18,196
2007-06-30;17,2049
2007-07-01;16,2443
2007-07-02;14,843
2007-07-03;14,3537
2007-07-04;14,843
2007-07-05;15,3433
2007-07-06;14,3537
2007-07-07;14,3537
2007-07-08;27,8663
2007-07-09;106,726
2007-07-10;1620,52
2007-07-11;857,347
2007-07-12;241,588
2007-07-13;152,231
2007-07-14;135,071
2007-07-15;129,109
2007-07-16;104,091
2007-07-17;81,9916
2007-07-18;102,787
2007-07-19;96,4036
2007-07-20;80,8482
2007-07-21;66,7787
2007-07-22;332,324
2007-07-23;513,79
2007-07-24;281,1
2007-07-25;160,404
2007-07-26;108,057
2007-07-27;79,7135
2007-07-28;60,7789
2007-07-29;51,4622
2007-07-30;45,4424
2007-07-31;41,3925
2007-08-01;67,8088
2007-08-02;63,7401
2007-08-03;72,0159
2007-08-04;144,292
2007-08-05;201,04
2007-08-06;175,708
2007-08-07;150,625
2007-08-08;152,231
2007-08-09;142,732
2007-08-10;114,846
2007-08-11;97,6624
2007-08-12;89,0379
2007-08-13;75,2624
2007-08-14;58,8475
2007-08-15;49,7004
2007-08-16;52,3558
2007-08-17;56,9503
2007-08-18;55,0871
2007-08-19;47,9721
2007-08-20;43,7976
2007-08-21;44,6158
2007-08-22;43,7976
2007-08-23;43,7976
2007-08-24;43,7976
2007-08-25;47,1205
2007-08-26;63,7401
2007-08-27;86,6537
2007-08-28;97,6624
2007-08-29;91,4575
2007-08-30;80,8482
2007-08-31;68,8476
2007-09-01;57,8946
2007-09-02;55,0871
2007-09-03;56,0144
2007-09-04;61,7574
2007-09-05;68,8476
2007-09-06;61,7574
2007-09-07;51,4622
2007-09-08;42,9876
2007-09-09;38,301
2007-09-10;35,3406
2007-09-11;31,8226
2007-09-12;27,8663
2007-09-13;24,7878
2007-09-14;24,7878
2007-09-15;28,5057
2007-09-16;27,8663
2007-09-17;27,8663
2007-09-18;26,6112
2007-09-19;34,6208
2007-09-20;51,4622
2007-09-21;92,6806
2007-09-22;263,775
2007-09-23;577,927
2007-09-24;711,914
2007-09-25;627,929
2007-09-26;524,655
2007-09-27;431,219
2007-09-28;338,78
2007-09-29;271,402
2007-09-30;223,892
2007-10-01;184,541
2007-10-02;152,231
2007-10-03;123,294
2007-10-04;105,404
2007-10-05;93,9127
2007-10-06;83,1439
2007-10-07;73,0893
2007-10-08;68,8476
2007-10-09;61,7574
2007-10-10;56,9503
2007-10-11;57,8946
2007-10-12;56,0144
2007-10-13;57,8946
2007-10-14;108,057
2007-10-15;141,181
2007-10-16;147,44
2007-10-17;168,812
2007-10-18;184,541
2007-10-19;168,812
2007-10-20;129,109
2007-10-21;104,091
2007-10-22;85,475
2007-10-23;70,9511
2007-10-24;59,8089
2007-10-25;49,7004
2007-10-26;42,1859
2007-10-27;37,5487
2007-10-28;36,0685
2007-10-29;33,9091
2007-10-30;49,7004
2007-10-31;105,404
2007-11-01;351,889
2007-11-02;443,612
2007-11-03;234,424
2007-11-04;237,992
2007-11-05;147,44
2007-11-06;108,057
2007-11-07;87,8414
2007-11-08;74,1715
2007-11-09;64,7444
2007-11-10;58,8475
2007-11-11;56,0144
2007-11-12;52,3558
2007-11-13;47,9721
2007-11-14;55,0871
2007-11-15;90,2432
2007-11-16;83,1439
2007-11-17;60,7789
2007-11-18;56,9503
2007-11-19;75,2624
2007-11-20;90,2432
2007-11-21;85,475
2007-11-22;75,2624
2007-11-23;67,8088
2007-11-24;60,7789
2007-11-25;119,029
2007-11-26;182,755
2007-11-27;142,732
2007-11-28;83,1439
2007-11-29;62,7445
2007-11-30;53,2578
2007-12-01;46,2773
2007-12-02;40,6073
2007-12-03;35,3406
2007-12-04;30,4719
2007-12-05;42,1859
2007-12-06;53,2578
2007-12-07;47,1205
2007-12-08;37,5487
2007-12-09;30,4719
2007-12-10;26,6112
2007-12-11;33,2056
2007-12-12;44,6158
2007-12-13;44,6158
2007-12-14;37,5487
2007-12-15;31,1432
2007-12-16;27,8663
2007-12-17;24,1958
2007-12-18;22,4665
2007-12-19;22,4665
2007-12-20;23,0351
2007-12-21;22,4665
2007-12-22;20,8073
2007-12-23;19,7397
2007-12-24;18,196
2007-12-25;19,2175
2007-12-26;21,3526
2007-12-27;36,8045
2007-12-28;35,3406
2007-12-29;25,3878
2007-12-30;39,0616
2007-12-31;136,585
2008-01-01;126,184
2008-01-02;72,0159
2008-01-03;57,8946
2008-01-04;48,8321
2008-01-05;47,9721
2008-01-06;46,2773
2008-01-07;38,301
2008-01-08;30,4719
2008-01-09;26,6112
2008-01-10;23,6116
2008-01-11;22,4665
2008-01-12;21,9057
2008-01-13;21,3526
2008-01-14;20,2696
2008-01-15;19,2175
2008-01-16;19,2175
2008-01-17;18,196
2008-01-18;17,6967
2008-01-19;17,2049
2008-01-20;25,9955
2008-01-21;25,9955
2008-01-22;19,7397
2008-01-23;16,7208
2008-01-24;14,843
2008-01-25;13,4076
2008-01-26;12,9506
2008-01-27;12,0679
2008-01-28;11,642
2008-01-29;12,9506
2008-01-30;19,7397
2008-01-31;19,7397
2008-02-01;19,2175
2008-02-02;19,2175
2008-02-03;17,2049
2008-02-04;17,2049
2008-02-05;16,2443
2008-02-06;15,3433
2008-02-07;14,3537
2008-02-08;12,5041
2008-02-09;10,4247
2008-02-10;10,0387
2008-02-11;10,4247
2008-02-12;11,642
2008-02-13;13,8753
2008-02-14;14,843
2008-02-15;13,8753
2008-02-16;12,0679
2008-02-17;11,2263
2008-02-18;10,8206
2008-02-19;10,0387
2008-02-20;10,0387
2008-02-21;10,4247
2008-02-22;10,4247
2008-02-23;10,8206
2008-02-24;10,8206
2008-02-25;10,8206
2008-02-26;9,2954
2008-02-27;7,9207
2008-02-28;8,9379
2008-02-29;11,642
2008-03-01;14,843
2008-03-02;18,196
2008-03-03;19,7397
2008-03-04;18,7029
2008-03-05;18,196
2008-03-06;17,2049
2008-03-07;14,843
2008-03-08;11,642
2008-03-09;10,4247
2008-03-10;10,8206
2008-03-11;10,4247
2008-03-12;8,5897
2008-03-13;8,9379
2008-03-14;10,0387
2008-03-15;10,4247
2008-03-16;10,4247
2008-03-17;10,0387
2008-03-18;8,2507
2008-03-19;6,9838
2008-03-20;7,9207
2008-03-21;8,9379
2008-03-22;8,5897
2008-03-23;8,5897
2008-03-24;8,2507
2008-03-25;6,9838
2008-03-26;7,5996
2008-03-27;9,2954
2008-03-28;12,9506
2008-03-29;11,2263
2008-03-30;10,4247
2008-03-31;10,4247
2008-04-01;8,9379
2008-04-02;6,9838
2008-04-03;7,2874
2008-04-04;7,9207
2008-04-05;9,2954
2008-04-06;10,0387
2008-04-07;9,6623
2008-04-08;9,2954
2008-04-09;6,4021
2008-04-10;6,4021
2008-04-11;8,9379
2008-04-12;9,6623
2008-04-13;12,5041
2008-04-14;19,2175
2008-04-15;14,843
2008-04-16;17,6967
2008-04-17;17,6967
2008-04-18;14,843
2008-04-19;15,7752
2008-04-20;12,0679
2008-04-21;11,2263
2008-04-22;10,4247
2008-04-23;8,9379
2008-04-24;9,6623
2008-04-25;10,8206
2008-04-26;10,0387
2008-04-27;10,0387
2008-04-28;13,8753
2008-04-29;37,5487
2008-04-30;55,0871
2008-05-01;37,5487
2008-05-02;36,8045
2008-05-03;197,307
2008-05-04;149,027
2008-05-05;91,4575
2008-05-06;64,7444
2008-05-07;51,4622
2008-05-08;41,3925
2008-05-09;30,4719
2008-05-10;28,5057
2008-05-11;24,1958
2008-05-12;23,6116
2008-05-13;22,4665
2008-05-14;19,7397
2008-05-15;19,2175
2008-05-16;19,2175
2008-05-17;18,196
2008-05-18;17,2049
2008-05-19;16,7208
2008-05-20;14,3537
2008-05-21;15,3433
2008-05-22;17,2049
2008-05-23;17,2049
2008-05-24;15,3433
2008-05-25;14,843
2008-05-26;14,3537
2008-05-27;12,9506
2008-05-28;12,0679
2008-05-29;66,7787
2008-05-30;73,0893
2008-05-31;51,4622
2008-06-01;41,3925
2008-06-02;33,2056
2008-06-03;36,8045
2008-06-04;60,7789
2008-06-05;74,1715
2008-06-06;83,1439
2008-06-07;102,787
2008-06-08;101,493
2008-06-09;91,4575
2008-06-10;168,812
2008-06-11;132,072
2008-06-12;91,4575
2008-06-13;70,9511
2008-06-14;56,0144
2008-06-15;47,1205
2008-06-16;42,9876
2008-06-17;35,3406
2008-06-18;31,1432
2008-06-19;26,6112
2008-06-20;23,0351
2008-06-21;25,3878
2008-06-22;25,3878
2008-06-23;24,1958
2008-06-24;21,9057
2008-06-25;21,9057
2008-06-26;21,3526
2008-06-27;42,9876
2008-06-28;172,241
2008-06-29;277,199
2008-06-30;163,739
2008-07-01;110,745
2008-07-02;81,9916
2008-07-03;76,362
2008-07-04;129,109
2008-07-05;100,207
2008-07-06;78,5876
2008-07-07;62,7445
2008-07-08;53,2578
2008-07-09;51,4622
2008-07-10;47,1205
2008-07-11;42,1859
2008-07-12;37,5487
2008-07-13;32,5101
2008-07-14;29,1531
2008-07-15;29,1531
2008-07-16;29,1531
2008-07-17;25,3878
2008-07-18;23,0351
2008-07-19;24,1958
2008-07-20;23,6116
2008-07-21;22,4665
2008-07-22;22,4665
2008-07-23;25,3878
2008-07-24;29,8085
2008-07-25;26,6112
2008-07-26;23,0351
2008-07-27;21,3526
2008-07-28;23,0351
2008-07-29;20,8073
2008-07-30;27,2348
2008-07-31;41,3925
2008-08-01;44,6158
2008-08-02;51,4622
2008-08-03;53,2578
2008-08-04;48,8321
2008-08-05;42,9876
2008-08-06;35,3406
2008-08-07;31,8226
2008-08-08;25,3878
2008-08-09;27,2348
2008-08-10;24,7878
2008-08-11;22,4665
2008-08-12;29,1531
2008-08-13;43,7976
2008-08-14;43,7976
2008-08-15;39,0616
2008-08-16;36,0685
2008-08-17;34,6208
2008-08-18;476,715
2008-08-19;446,113
2008-08-20;252,552
2008-08-21;141,181
2008-08-22;127,642
2008-08-23;116,231
2008-08-24;87,8414
2008-08-25;69,895
2008-08-26;56,9503
2008-08-27;49,7004
2008-08-28;42,1859
2008-08-29;36,0685
2008-08-30;35,3406
2008-08-31;33,2056
2008-09-01;27,2348
2008-09-02;25,9955
2008-09-03;25,3878
2008-09-04;26,6112
2008-09-05;126,184
2008-09-06;124,734
2008-09-07;81,9916
2008-09-08;64,7444
2008-09-09;57,8946
2008-09-10;51,4622
2008-09-11;48,8321
2008-09-12;86,6537
2008-09-13;91,4575
2008-09-14;75,2624
2008-09-15;61,7574
2008-09-16;51,4622
2008-09-17;46,2773
2008-09-18;40,6073
2008-09-19;36,8045
2008-09-20;31,8226
2008-09-21;33,2056
2008-09-22;29,8085
2008-09-23;28,5057
2008-09-24;25,3878
2008-09-25;25,9955
2008-09-26;24,7878
2008-09-27;24,1958
2008-09-28;29,1531
2008-09-29;24,1958
2008-09-30;25,3878
2008-10-01;30,4719
2008-10-02;70,9511
2008-10-03;86,6537
2008-10-04;58,8475
2008-10-05;54,1682
2008-10-06;73,0893
2008-10-07;56,0144
2008-10-08;47,9721
2008-10-09;42,9876
2008-10-10;36,8045
2008-10-11;30,4719
2008-10-12;44,6158
2008-10-13;41,3925
2008-10-14;92,6806
2008-10-15;305,117
2008-10-16;458,733
2008-10-17;227,374
2008-10-18;147,44
2008-10-19;116,231
2008-10-20;91,4575
2008-10-21;68,8476
2008-10-22;58,8475
2008-10-23;56,0144
2008-10-24;80,8482
2008-10-25;208,623
2008-10-26;2665,48
2008-10-27;2085,58
2008-10-28;296,994
2008-10-29;527,391
2008-10-30;305,117
2008-10-31;182,755
2008-11-01;121,864
2008-11-02;1056,58
2008-11-03;484,535
2008-11-04;220,285
2008-11-05;191,778
2008-11-06;138,108
2008-11-07;132,072
2008-11-08;114,846
2008-11-09;117,626
2008-11-10;87,8414
2008-11-11;80,8482
2008-11-12;65,7572
2008-11-13;85,475
2008-11-14;61,7574
2008-11-15;53,2578
2008-11-16;47,1205
2008-11-17;40,6073
2008-11-18;37,5487
2008-11-19;36,0685
2008-11-20;33,9091
2008-11-21;31,8226
2008-11-22;29,8085
2008-11-23;27,8663
2008-11-24;26,6112
2008-11-25;25,3878
2008-11-26;24,7878
2008-11-27;24,1958
2008-11-28;23,0351
2008-11-29;19,2175
2008-11-30;18,7029
2008-12-01;18,196
2008-12-02;18,196
2008-12-03;22,4665
2008-12-04;21,3526
2008-12-05;19,2175
2008-12-06;18,196
2008-12-07;17,2049
2008-12-08;16,2443
2008-12-09;14,843
2008-12-10;16,2443
2008-12-11;16,2443
2008-12-12;16,7208
2008-12-13;16,2443
2008-12-14;13,8753
2008-12-15;15,7752
2008-12-16;14,3537
2008-12-17;15,3433
2008-12-18;15,7752
2008-12-19;15,7752
2008-12-20;14,843
2008-12-21;14,3537
2008-12-22;13,8753
2008-12-23;11,2263
2008-12-24;12,0679
2008-12-25;17,2049
2008-12-26;20,2696
2008-12-27;19,2175
2008-12-28;15,7752
2008-12-29;15,3433
2008-12-30;13,4076
2008-12-31;12,0679
2009-01-01;13,4076
2009-01-02;12,9506
2009-01-03;20,8073
2009-01-04;42,1859
2009-01-05;28,5057
2009-01-06;23,6116
2009-01-07;17,6967
2009-01-08;16,7208
2009-01-09;27,2348
2009-01-10;45,4424
2009-01-11;78,5876
2009-01-12;54,1682
2009-01-13;42,1859
2009-01-14;31,1432
2009-01-15;25,3878
2009-01-16;20,8073
2009-01-17;18,7029
2009-01-18;19,2175
2009-01-19;26,6112
2009-01-20;27,2348
2009-01-21;24,7878
2009-01-22;21,3526
2009-01-23;17,6967
2009-01-24;17,6967
2009-01-25;16,7208
2009-01-26;15,3433
2009-01-27;13,8753
2009-01-28;14,843
2009-01-29;17,2049
2009-01-30;14,843
2009-01-31;13,8753
2009-02-01;13,8753
2009-02-02;13,8753
2009-02-03;11,2263
2009-02-04;12,0679
2009-02-05;14,843
2009-02-06;15,3433
2009-02-07;13,4076
2009-02-08;12,9506
2009-02-09;11,642
2009-02-10;11,2263
2009-02-11;9,6623
2009-02-12;16,2443
2009-02-13;12,5041
2009-02-14;12,5041
2009-02-15;11,2263
2009-02-16;10,0387
2009-02-17;8,9379
2009-02-18;8,2507
2009-02-19;11,642
2009-02-20;20,8073
2009-02-21;58,8475
2009-02-22;132,072
2009-02-23;56,0144
2009-02-24;50,5771
2009-02-25;44,6158
2009-02-26;34,6208
2009-02-27;26,6112
2009-02-28;24,1958
2009-03-01;23,0351
2009-03-02;21,3526
2009-03-03;21,9057
2009-03-04;25,9955
2009-03-05;24,1958
2009-03-06;19,2175
2009-03-07;17,6967
2009-03-08;17,2049
2009-03-09;16,2443
2009-03-10;13,8753
2009-03-11;14,3537
2009-03-12;14,843
2009-03-13;14,843
2009-03-14;15,3433
2009-03-15;13,8753
2009-03-16;13,4076
2009-03-17;11,642
2009-03-18;10,4247
2009-03-19;12,0679
2009-03-20;12,0679
2009-03-21;12,5041
2009-03-22;12,0679
2009-03-23;13,4076
2009-03-24;14,843
2009-03-25;12,0679
2009-03-26;11,642
2009-03-27;10,4247
2009-03-28;8,9379
2009-03-29;9,2954
2009-03-30;9,6623
2009-03-31;10,4247
2009-04-01;9,6623
2009-04-02;9,6623
2009-04-03;9,6623
2009-04-04;9,2954
2009-04-05;9,6623
2009-04-06;10,4247
2009-04-07;9,6623
2009-04-08;9,2954
2009-04-09;9,2954
2009-04-10;8,9379
2009-04-11;10,0387
2009-04-12;10,4247
2009-04-13;8,9379
2009-04-14;10,4247
2009-04-15;9,6623
2009-04-16;6,9838
2009-04-17;8,5897
2009-04-18;7,9207
2009-04-19;7,5996
2009-04-20;8,5897
2009-04-21;8,9379
2009-04-22;6,9838
2009-04-23;5,8536
2009-04-24;10,0387
2009-04-25;9,2954
2009-04-26;10,0387
2009-04-27;8,9379
2009-04-28;6,9838
2009-04-29;6,1238
2009-04-30;6,4021
2009-05-01;6,9838
2009-05-02;6,9838
2009-05-03;7,2874
2009-05-04;6,1238
2009-05-05;6,4021
2009-05-06;6,4021
2009-05-07;5,8536
2009-05-08;6,6887
2009-05-09;6,9838
2009-05-10;6,9838
2009-05-11;6,4021
2009-05-12;6,6887
2009-05-13;7,5996
2009-05-14;25,3878
2009-05-15;75,2624
2009-05-16;48,8321
2009-05-17;32,5101
2009-05-18;23,0351
2009-05-19;19,2175
2009-05-20;17,2049
2009-05-21;17,2049
2009-05-22;15,7752
2009-05-23;14,843
2009-05-24;13,4076
2009-05-25;12,5041
2009-05-26;12,9506
2009-05-27;12,5041
2009-05-28;12,9506
2009-05-29;12,5041
2009-05-30;12,5041
2009-05-31;20,2696
2009-06-01;69,895
2009-06-02;48,8321
2009-06-03;37,5487
2009-06-04;29,1531
2009-06-05;24,7878
2009-06-06;23,0351
2009-06-07;20,8073
2009-06-08;18,7029
2009-06-09;17,2049
2009-06-10;17,2049
2009-06-11;17,6967
2009-06-12;16,7208
2009-06-13;15,7752
2009-06-14;14,843
2009-06-15;14,3537
2009-06-16;13,8753
2009-06-17;14,3537
2009-06-18;23,0351
2009-06-19;22,4665
2009-06-20;19,7397
2009-06-21;18,196
2009-06-22;16,7208
2009-06-23;16,7208
2009-06-24;23,6116
2009-06-25;37,5487
2009-06-26;37,5487
2009-06-27;31,8226
2009-06-28;27,2348
2009-06-29;24,1958
2009-06-30;24,7878
2009-07-01;25,3878
2009-07-02;24,7878
2009-07-03;23,6116
2009-07-04;22,4665
2009-07-05;21,3526
2009-07-06;20,2696
2009-07-07;19,7397
2009-07-08;241,588
2009-07-09;167,111
2009-07-10;127,642
2009-07-11;96,4036
2009-07-12;91,4575
2009-07-13;89,0379
2009-07-14;64,7444
2009-07-15;53,2578
2009-07-16;75,2624
2009-07-17;431,219
2009-07-18;234,424
2009-07-19;130,586
2009-07-20;92,6806
2009-07-21;70,9511
2009-07-22;62,7445
2009-07-23;77,4704
2009-07-24;64,7444
2009-07-25;55,0871
2009-07-26;48,8321
2009-07-27;42,9876
2009-07-28;39,0616
2009-07-29;36,0685
2009-07-30;34,6208
2009-07-31;31,8226
2009-08-01;29,1531
2009-08-02;38,301
2009-08-03;76,362
2009-08-04;62,7445
2009-08-05;52,3558
2009-08-06;54,1682
2009-08-07;218,318
2009-08-08;555,162
2009-08-09;904,164
2009-08-10;1300,24
2009-08-11;383,513
2009-08-12;208,623
2009-08-13;142,732
2009-08-14;105,404
2009-08-15;83,1439
2009-08-16;68,8476
2009-08-17;68,8476
2009-08-18;95,1537
2009-08-19;144,292
2009-08-20;170,521
2009-08-21;119,029
2009-08-22;91,4575
2009-08-23;75,2624
2009-08-24;63,7401
2009-08-25;55,0871
2009-08-26;49,7004
2009-08-27;45,4424
2009-08-28;41,3925
2009-08-29;38,301
2009-08-30;36,8045
2009-08-31;33,9091
2009-09-01;124,734
2009-09-02;275,26
2009-09-03;466,394
2009-09-04;385,827
2009-09-05;234,424
2009-09-06;147,44
2009-09-07;110,745
2009-09-08;383,513
2009-09-09;456,194
2009-09-10;275,26
2009-09-11;271,402
2009-09-12;2125,73
2009-09-13;864,463
2009-09-14;307,166
2009-09-15;180,979
2009-09-16;141,181
2009-09-17;109,396
2009-09-18;141,181
2009-09-19;332,324
2009-09-20;199,169
2009-09-21;135,071
2009-09-22;104,091
2009-09-23;91,4575
2009-09-24;119,029
2009-09-25;100,207
2009-09-26;83,1439
2009-09-27;305,117
2009-09-28;1072,52
2009-09-29;929,924
2009-09-30;511,092
2009-10-01;307,166
2009-10-02;239,786
2009-10-03;218,318
2009-10-04;184,541
2009-10-05;149,027
2009-10-06;135,071
2009-10-07;142,732
2009-10-08;130,586
2009-10-09;117,626
2009-10-10;104,091
2009-10-11;93,9127
2009-10-12;110,745
2009-10-13;163,739
2009-10-14;172,241
2009-10-15;138,108
2009-10-16;117,626
2009-10-17;105,404
2009-10-18;97,6624
2009-10-19;80,8482
2009-10-20;75,2624
2009-10-21;61,7574
2009-10-22;60,7789
2009-10-23;59,8089
2009-10-24;63,7401
2009-10-25;72,0159
2009-10-26;77,4704
2009-10-27;74,1715
2009-10-28;66,7787
2009-10-29;56,0144
2009-10-30;51,4622
2009-10-31;40,6073
2009-11-01;33,2056
2009-11-02;29,1531
2009-11-03;36,8045
2009-11-04;42,1859
2009-11-05;31,1432
2009-11-06;47,1205
2009-11-07;53,2578
2009-11-08;189,955
2009-11-09;133,567
2009-11-10;97,6624
2009-11-11;117,626
2009-11-12;93,9127
2009-11-13;72,0159
2009-11-14;206,713
2009-11-15;319,613
2009-11-16;216,359
2009-11-17;149,027
2009-11-18;109,396
2009-11-19;102,787
2009-11-20;189,955
2009-11-21;210,542
2009-11-22;334,469
2009-11-23;481,921
2009-11-24;256,264
2009-11-25;165,42
2009-11-26;116,231
2009-11-27;90,2432
2009-11-28;160,404
2009-11-29;367,519
2009-11-30;234,424
2009-12-01;419,012
2009-12-02;256,264
2009-12-03;315,435
2009-12-04;216,359
2009-12-05;155,472
2009-12-06;98,9302
2009-12-07;85,475
2009-12-08;68,8476
2009-12-09;59,8089
2009-12-10;83,1439
2009-12-11;56,0144
2009-12-12;236,204
2009-12-13;168,812
2009-12-14;109,396
2009-12-15;79,7135
2009-12-16;72,0159
2009-12-17;59,8089
2009-12-18;51,4622
2009-12-19;43,7976
2009-12-20;38,301
2009-12-21;37,5487
2009-12-22;59,8089
2009-12-23;68,8476
2009-12-24;110,745
2009-12-25;126,184
2009-12-26;91,4575
2009-12-27;113,47
2009-12-28;78,5876
2009-12-29;57,8946
2009-12-30;46,2773
2009-12-31;42,9876
2010-01-01;49,7004
2010-01-02;38,301
2010-01-03;31,8226
2010-01-04;1208,91
2010-01-05;1390,54
2010-01-06;896,875
2010-01-07;369,782
2010-01-08;212,472
2010-01-09;138,108
2010-01-10;109,396
2010-01-11;95,1537
2010-01-12;79,7135
2010-01-13;72,0159
2010-01-14;62,7445
2010-01-15;54,1682
2010-01-16;184,541
2010-01-17;271,402
2010-01-18;184,541
2010-01-19;136,585
2010-01-20;126,184
2010-01-21;110,745
2010-01-22;95,1537
2010-01-23;75,2624
2010-01-24;78,5876
2010-01-25;73,0893
2010-01-26;61,7574
2010-01-27;60,7789
2010-01-28;56,0144
2010-01-29;57,8946
2010-01-30;89,0379
2010-01-31;81,9916
2010-02-01;66,7787
2010-02-02;62,7445
2010-02-03;49,7004
2010-02-04;41,3925
2010-02-05;39,0616
2010-02-06;33,9091
2010-02-07;29,8085
2010-02-08;28,5057
2010-02-09;45,4424
2010-02-10;45,4424
2010-02-11;29,8085
2010-02-12;27,2348
2010-02-13;25,3878
2010-02-14;27,2348
2010-02-15;39,8303
2010-02-16;461,279
2010-02-17;492,423
2010-02-18;230,884
2010-02-19;126,184
2010-02-20;89,0379
2010-02-21;69,895
2010-02-22;73,0893
2010-02-23;72,0159
2010-02-24;64,7444
2010-02-25;58,8475
2010-02-26;56,9503
2010-02-27;47,1205
2010-02-28;39,8303
2010-03-01;36,8045
2010-03-02;33,2056
2010-03-03;31,1432
2010-03-04;29,8085
2010-03-05;29,1531
2010-03-06;27,8663
2010-03-07;25,3878
2010-03-08;24,1958
2010-03-09;23,6116
2010-03-10;21,9057
2010-03-11;20,8073
2010-03-12;19,7397
2010-03-13;19,2175
2010-03-14;18,7029
2010-03-15;19,2175
2010-03-16;19,2175
2010-03-17;19,2175
2010-03-18;18,196
2010-03-19;17,2049
2010-03-20;17,2049
2010-03-21;20,2696
2010-03-22;22,4665
2010-03-23;30,4719
2010-03-24;32,5101
2010-03-25;30,4719
2010-03-26;29,1531
2010-03-27;28,5057
2010-03-28;29,1531
2010-03-29;28,5057
2010-03-30;25,3878
2010-03-31;21,3526
2010-04-01;19,7397
2010-04-02;18,7029
2010-04-03;18,196
2010-04-04;17,2049
2010-04-05;16,7208
2010-04-06;16,2443
2010-04-07;16,2443
2010-04-08;15,7752
2010-04-09;14,843
2010-04-10;14,843
2010-04-11;13,8753
2010-04-12;11,642
2010-04-13;10,4247
2010-04-14;10,0387
2010-04-15;10,0387
2010-04-16;9,6623
2010-04-17;8,9379
2010-04-18;8,5897
2010-04-19;8,5897
2010-04-20;8,9379
2010-04-21;14,843
2010-04-22;67,8088
2010-04-23;98,9302
2010-04-24;92,6806
2010-04-25;65,7572
2010-04-26;395,159
2010-04-27;451,138
2010-04-28;210,542
2010-04-29;117,626
2010-04-30;86,6537
2010-05-01;66,7787
2010-05-02;55,0871
2010-05-03;54,1682
2010-05-04;42,9876
2010-05-05;44,6158
2010-05-06;42,9876
2010-05-07;36,8045
2010-05-08;41,3925
2010-05-09;43,7976
2010-05-10;39,8303
2010-05-11;46,2773
2010-05-12;81,9916
2010-05-13;77,4704
2010-05-14;64,7444
2010-05-15;54,1682
2010-05-16;46,2773
2010-05-17;41,3925
2010-05-18;135,071
2010-05-19;423,872
2010-05-20;223,892
2010-05-21;139,64
2010-05-22;101,493
2010-05-23;78,5876
2010-05-24;62,7445
2010-05-25;57,8946
2010-05-26;54,1682
2010-05-27;47,9721
2010-05-28;42,9876
2010-05-29;40,6073
2010-05-30;37,5487
2010-05-31;42,1859
2010-06-01;38,301
2010-06-02;36,8045
2010-06-03;35,3406
2010-06-04;36,0685
2010-06-05;36,0685
2010-06-06;36,0685
2010-06-07;32,5101
2010-06-08;29,8085
2010-06-09;27,8663
2010-06-10;29,1531
2010-06-11;27,8663
2010-06-12;27,8663
2010-06-13;26,6112
2010-06-14;24,1958
2010-06-15;23,0351
2010-06-16;22,4665
2010-06-17;37,5487
2010-06-18;158,751
2010-06-19;530,133
2010-06-20;321,713
2010-06-21;201,04
2010-06-22;129,109
2010-06-23;95,1537
2010-06-24;77,4704
2010-06-25;64,7444
2010-06-26;56,0144
2010-06-27;52,3558
2010-06-28;46,2773
2010-06-29;42,9876
2010-06-30;40,6073
2010-07-01;37,5487
2010-07-02;36,8045
2010-07-03;35,3406
2010-07-04;33,2056
2010-07-05;29,8085
2010-07-06;29,8085
2010-07-07;29,8085
2010-07-08;29,1531
2010-07-09;30,4719
2010-07-10;48,8321
2010-07-11;47,9721
2010-07-12;65,7572
2010-07-13;250,706
2010-07-14;158,751
2010-07-15;104,091
2010-07-16;75,2624
2010-07-17;63,7401
2010-07-18;175,708
2010-07-19;351,889
2010-07-20;471,539
2010-07-21;230,884
2010-07-22;532,884
2010-07-23;303,075
2010-07-24;186,336
2010-07-25;138,108
2010-07-26;113,47
2010-07-27;97,6624
2010-07-28;79,7135
2010-07-29;65,7572
2010-07-30;57,8946
2010-07-31;52,3558
2010-08-01;87,8414
2010-08-02;109,396
2010-08-03;80,8482
2010-08-04;62,7445
2010-08-05;57,8946
2010-08-06;53,2578
2010-08-07;47,9721
2010-08-08;44,6158
2010-08-09;39,8303
2010-08-10;36,8045
2010-08-11;35,3406
2010-08-12;34,6208
2010-08-13;36,8045
2010-08-14;45,4424
2010-08-15;39,0616
2010-08-16;35,3406
2010-08-17;30,4719
2010-08-18;29,8085
2010-08-19;28,5057
2010-08-20;27,2348
2010-08-21;25,9955
2010-08-22;24,1958
2010-08-23;24,1958
2010-08-24;21,9057
2010-08-25;22,4665
2010-08-26;21,9057
2010-08-27;20,2696
2010-08-28;23,0351
2010-08-29;23,6116
2010-08-30;23,6116
2010-08-31;19,7397
2010-09-01;20,2696
2010-09-02;25,3878
2010-09-03;51,4622
2010-09-04;56,0144
2010-09-05;55,0871
2010-09-06;49,7004
2010-09-07;42,1859
2010-09-08;36,8045
2010-09-09;30,4719
2010-09-10;28,5057
2010-09-11;26,6112
2010-09-12;29,1531
2010-09-13;39,8303
2010-09-14;42,1859
2010-09-15;40,6073
2010-09-16;36,8045
2010-09-17;33,2056
2010-09-18;29,8085
2010-09-19;27,2348
2010-09-20;24,7878
2010-09-21;60,7789
2010-09-22;1784,31
2010-09-23;1221,74
2010-09-24;479,314
2010-09-25;263,775
2010-09-26;153,847
2010-09-27;113,47
2010-09-28;95,1537
2010-09-29;85,475
2010-09-30;75,2624
2010-10-01;66,7787
2010-10-02;60,7789
2010-10-03;58,8475
2010-10-04;49,7004
2010-10-05;41,3925
2010-10-06;40,6073
2010-10-07;43,7976
2010-10-08;53,2578
2010-10-09;52,3558
2010-10-10;45,4424
2010-10-11;39,8303
2010-10-12;37,5487
2010-10-13;36,0685
2010-10-14;35,3406
2010-10-15;38,301
2010-10-16;42,1859
2010-10-17;42,9876
2010-10-18;47,9721
2010-10-19;46,2773
2010-10-20;38,301
2010-10-21;34,6208
2010-10-22;32,5101
2010-10-23;30,4719
2010-10-24;30,4719
2010-10-25;29,1531
2010-10-26;28,5057
2010-10-27;27,8663
2010-10-28;24,7878
2010-10-29;24,1958
2010-10-30;26,6112
2010-10-31;43,7976
2010-11-01;44,6158
2010-11-02;33,9091
2010-11-03;29,1531
2010-11-04;28,5057
2010-11-05;27,8663
2010-11-06;27,2348
2010-11-07;26,6112
2010-11-08;25,3878
2010-11-09;23,0351
2010-11-10;23,0351
2010-11-11;23,6116
2010-11-12;21,9057
2010-11-13;19,2175
2010-11-14;16,7208
2010-11-15;16,2443
2010-11-16;23,6116
2010-11-17;25,3878
2010-11-18;22,4665
2010-11-19;20,2696
2010-11-20;17,2049
2010-11-21;15,3137
2010-11-22;80,8482
2010-11-23;138,108
2010-11-24;109,396
2010-11-25;79,7135
2010-11-26;72,0159
2010-11-27;59,8089
2010-11-28;47,9721
2010-11-29;39,8303
2010-11-30;36,0685
2010-12-01;44,6158
2010-12-02;40,6073
2010-12-03;90,2432
2010-12-04;91,4575
2010-12-05;68,8476
2010-12-06;57,8946
2010-12-07;47,9721
2010-12-08;42,9876
2010-12-09;41,3925
2010-12-10;35,3406
2010-12-11;31,8226
2010-12-12;29,8085
2010-12-13;32,5101
2010-12-14;127,642
2010-12-15;81,9916
2010-12-16;63,7401
2010-12-17;51,4622
2010-12-18;47,1205
2010-12-19;40,6073
2010-12-20;52,3558
2010-12-21;74,1715
2010-12-22;61,7574
2010-12-23;47,9721
2010-12-24;53,2578
2010-12-25;43,7976
2010-12-26;52,3558
2010-12-27;48,8321
2010-12-28;38,301
2010-12-29;35,3406
2010-12-30;31,8226
2010-12-31;30,4719
2011-01-01;29,8085
2011-01-02;25,3878
2011-01-03;24,7878
2011-01-04;27,2348
2011-01-05;25,3878
2011-01-06;29,8085
2011-01-07;41,3925
2011-01-08;36,8045
2011-01-09;44,6158
2011-01-10;35,3406
2011-01-11;28,5057
2011-01-12;27,8663
2011-01-13;31,8226
2011-01-14;30,4719
2011-01-15;25,3878
2011-01-16;26,6112
2011-01-17;27,8663
2011-01-18;32,5101
2011-01-19;27,2348
2011-01-20;25,9955
2011-01-21;25,3878
2011-01-22;29,8085
2011-01-23;33,2056
2011-01-24;27,2348
2011-01-25;24,1958
2011-01-26;23,0351
2011-01-27;22,4665
2011-01-28;20,2696
2011-01-29;21,9057
2011-01-30;25,3878
2011-01-31;28,5057
2011-02-01;24,7878
2011-02-02;24,7878
2011-02-03;27,8663
2011-02-04;23,0351
2011-02-05;21,9057
2011-02-06;25,9955
2011-02-07;28,5057
2011-02-08;26,6112
2011-02-09;33,2056
2011-02-10;26,6112
2011-02-11;29,1531
2011-02-12;31,8226
2011-02-13;84,305
2011-02-14;78,5876
2011-02-15;53,2578
2011-02-16;41,3925
2011-02-17;35,3406
2011-02-18;31,8226
2011-02-19;29,8085
2011-02-20;27,8663
2011-02-21;27,8663
2011-02-22;24,7878
2011-02-23;22,4665
2011-02-24;37,5487
2011-02-25;47,1205
2011-02-26;66,7787
2011-02-27;65,7572
2011-02-28;60,7789
2011-03-01;47,9721
2011-03-02;39,8303
2011-03-03;34,6208
2011-03-04;31,1432
2011-03-05;29,1531
2011-03-06;26,6112
2011-03-07;24,7878
2011-03-08;23,6116
2011-03-09;23,0351
2011-03-10;20,8073
2011-03-11;18,196
2011-03-12;18,196
2011-03-13;18,196
2011-03-14;18,7029
2011-03-15;17,2049
2011-03-16;16,7208
2011-03-17;15,3433
2011-03-18;15,7752
2011-03-19;17,6967
2011-03-20;18,7029
2011-03-21;17,2049
2011-03-22;15,3433
2011-03-23;14,843
2011-03-24;15,3433
2011-03-25;17,2049
2011-03-26;188,14
2011-03-27;787,91
2011-03-28;683,293
2011-03-29;627,929
2011-03-30;247,038
2011-03-31;157,107
2011-04-01;109,396
2011-04-02;87,8414
2011-04-03;72,0159
2011-04-04;57,8946
2011-04-05;52,3558
2011-04-06;46,2773
2011-04-07;39,8303
2011-04-08;36,8045
2011-04-09;36,8045
2011-04-10;36,0685
2011-04-11;37,5487
2011-04-12;35,3406
2011-04-13;35,3406
2011-04-14;39,8303
2011-04-15;184,541
2011-04-16;157,107
2011-04-17;110,745
2011-04-18;102,787
2011-04-19;91,4575
2011-04-20;74,1715
2011-04-21;76,362
2011-04-22;77,4704
2011-04-23;271,402
2011-04-24;363,016
2011-04-25;186,336
2011-04-26;117,626
2011-04-27;89,0379
2011-04-28;69,895
2011-04-29;57,8946
2011-04-30;50,5771
2011-05-01;48,8321
2011-05-02;47,1205
2011-05-03;38,301
2011-05-04;37,5487
2011-05-05;36,0685
2011-05-06;35,3406
2011-05-07;34,6208
2011-05-08;31,8226
2011-05-09;29,8085
2011-05-10;29,8085
2011-05-11;52,3558
2011-05-12;130,586
2011-05-13;89,0379
2011-05-14;69,895
2011-05-15;60,7789
2011-05-16;79,7135
2011-05-17;64,7444
2011-05-18;55,0871
2011-05-19;50,5771
2011-05-20;43,7976
2011-05-21;39,0616
2011-05-22;36,0685
2011-05-23;35,3406
2011-05-24;34,6208
2011-05-25;33,2056
2011-05-26;32,5101
2011-05-27;29,1531
2011-05-28;27,8663
2011-05-29;25,9955
2011-05-30;24,7878
2011-05-31;24,7878
2011-06-01;23,6116
2011-06-02;23,6116
2011-06-03;24,1958
2011-06-04;23,6116
2011-06-05;23,0351
2011-06-06;22,4665
2011-06-07;35,3406
2011-06-08;222,162
2011-06-09;106,726
2011-06-10;79,7135
2011-06-11;61,7574
2011-06-12;50,5771
2011-06-13;43,7976
2011-06-14;39,0616
2011-06-15;36,0685
2011-06-16;33,9091
2011-06-17;32,5101
2011-06-18;74,1715
2011-06-19;87,8414
2011-06-20;68,8476
2011-06-21;188,14
2011-06-22;332,324
2011-06-23;201,04
2011-06-24;186,336
2011-06-25;481,921
2011-06-26;319,613
2011-06-27;214,411
2011-06-28;147,44
2011-06-29;109,396
2011-06-30;90,2432
2011-07-01;81,9916
2011-07-02;84,305
2011-07-03;73,0893
2011-07-04;63,7401
2011-07-05;56,9503
2011-07-06;50,5771
2011-07-07;47,1205
2011-07-08;42,1859
2011-07-09;40,6073
2011-07-10;37,5487
2011-07-11;36,0685
2011-07-12;36,0685
2011-07-13;46,2773
2011-07-14;139,64
2011-07-15;149,027
2011-07-16;110,745
2011-07-17;92,6806
2011-07-18;643,058
2011-07-19;307,166
2011-07-20;301,041
2011-07-21;4287,09
2011-07-22;577,927
2011-07-23;390,478
2011-07-24;236,204
2011-07-25;179,212
2011-07-26;139,64
2011-07-27;116,231
2011-07-28;104,091
2011-07-29;108,057
2011-07-30;390,478
2011-07-31;385,827
2011-08-01;225,629
2011-08-02;186,336
2011-08-03;175,708
2011-08-04;155,472
2011-08-05;129,109
2011-08-06;108,057
2011-08-07;90,2432
2011-08-08;376,614
2011-08-09;500,379
2011-08-10;404,611
2011-08-11;313,356
2011-08-12;222,162
2011-08-13;157,107
2011-08-14;141,181
2011-08-15;147,44
2011-08-16;132,072
2011-08-17;106,726
2011-08-18;98,9302
2011-08-19;119,029
2011-08-20;144,292
2011-08-21;136,585
2011-08-22;116,231
2011-08-23;101,493
2011-08-24;90,2432
2011-08-25;81,9916
2011-08-26;75,2624
2011-08-27;67,8088
2011-08-28;95,1537
2011-08-29;281,1
2011-08-30;409,381
2011-08-31;372,052
2011-09-01;260,005
2011-09-02;172,241
2011-09-03;117,626
2011-09-04;96,4036
2011-09-05;92,6806
2011-09-06;155,472
2011-09-07;153,847
2011-09-08;123,294
2011-09-09;108,057
2011-09-10;93,9127
2011-09-11;60,7789
2011-09-12;53,2578
2011-09-13;46,2773
2011-09-14;43,7976
2011-09-15;40,6073
2011-09-16;37,5487
2011-09-17;36,0685
2011-09-18;34,6208
2011-09-19;32,5101
2011-09-20;36,0685
2011-09-21;37,5487
2011-09-22;33,2056
2011-09-23;28,5057
2011-09-24;30,4719
2011-09-25;33,2056
2011-09-26;26,6112
2011-09-27;25,9955
2011-09-28;25,9955
2011-09-29;25,9955
2011-09-30;25,3878
2011-10-01;24,7878
2011-10-02;24,7878
2011-10-03;24,7878
2011-10-04;24,1958
2011-10-05;23,6116
2011-10-06;23,6116
2011-10-07;21,9057
2011-10-08;21,9057
2011-10-09;19,7397
2011-10-10;24,7878
2011-10-11;24,7878
2011-10-12;23,0351
2011-10-13;27,8663
2011-10-14;74,1715
2011-10-15;52,3558
2011-10-16;42,9876
2011-10-17;53,2578
2011-10-18;42,1859
2011-10-19;34,6208
2011-10-20;29,8085
2011-10-21;27,8663
2011-10-22;24,7878
2011-10-23;22,4665
2011-10-24;21,9057
2011-10-25;21,3526
2011-10-26;38,301
2011-10-27;49,7004
2011-10-28;39,0616
2011-10-29;33,2056
2011-10-30;29,8085
2011-10-31;30,4719
2011-11-01;27,8663
2011-11-02;23,0351
2011-11-03;21,3526
2011-11-04;19,2175
2011-11-05;18,196
2011-11-06;19,2175
2011-11-07;18,7029
2011-11-08;15,7752
2011-11-09;13,8753
2011-11-10;15,7752
2011-11-11;14,843
2011-11-12;15,3433
2011-11-13;17,6967
2011-11-14;15,3433
2011-11-15;12,9506
2011-11-16;12,0679
2011-11-17;13,8753
2011-11-18;13,4076
2011-11-19;12,0679
2011-11-20;11,642
2011-11-21;13,4076
2011-11-22;12,5041
2011-11-23;12,5041
2011-11-24;15,7752
2011-11-25;14,843
2011-11-26;13,4076
2011-11-27;13,4076
2011-11-28;12,5041
2011-11-29;10,4247
2011-11-30;8,9379
2011-12-01;9,2954
2011-12-02;10,8206
2011-12-03;10,4247
2011-12-04;9,6623
2011-12-05;9,6623
2011-12-06;8,9379
2011-12-07;9,2954
2011-12-08;7,5996
2011-12-09;10,8206
2011-12-10;11,642
2011-12-11;8,9379
2011-12-12;9,2954
2011-12-13;7,5996
2011-12-14;7,5996
2011-12-15;8,2507
2011-12-16;7,9207
2011-12-17;7,9207
2011-12-18;7,5996
2011-12-19;8,2507
2011-12-20;6,6887
2011-12-21;6,4021
2011-12-22;5,8536
2011-12-23;6,1238
2011-12-24;5,8536
2011-12-25;5,5916
2011-12-26;5,0912
2011-12-27;5,0912
2011-12-28;4,8525
2011-12-29;5,3375
2011-12-30;5,3375
2011-12-31;5,3375
2012-01-01;5,8536
2012-01-02;10,4247
2012-01-03;10,4247
2012-01-04;8,2507
2012-01-05;7,9207
2012-01-06;7,2874
2012-01-07;5,3375
2012-01-08;5,0912
2012-01-09;5,0912
2012-01-10;4,8525
2012-01-11;5,0912
2012-01-12;4,8525
2012-01-13;5,5916
2012-01-14;8,9379
2012-01-15;26,6112
2012-01-16;15,7752
2012-01-17;12,0679
2012-01-18;8,9379
2012-01-19;7,9207
2012-01-20;6,4021
2012-01-21;6,4021
2012-01-22;6,4021
2012-01-23;8,5897
2012-01-24;13,8753
2012-01-25;9,6623
2012-01-26;9,6623
2012-01-27;9,6623
2012-01-28;8,5897
2012-01-29;6,6887
2012-01-30;6,1238
2012-01-31;5,8536
2012-02-01;5,3375
2012-02-02;4,6215
2012-02-03;4,6215
2012-02-04;4,6215
2012-02-05;4,6215
2012-02-06;10,4247
2012-02-07;12,9506
2012-02-08;18,7029
2012-02-09;13,4076
2012-02-10;10,0387
2012-02-11;7,5996
2012-02-12;6,4021
2012-02-13;5,3375
2012-02-14;5,0912
2012-02-15;4,6215
2012-02-16;4,3979
2012-02-17;4,1817
2012-02-18;3,9726
2012-02-19;3,7707
2012-02-20;5,3375
2012-02-21;4,8525
2012-02-22;4,6215
2012-02-23;4,6215
2012-02-24;4,6215
2012-02-25;6,4021
2012-02-26;21,9057
2012-02-27;23,6116
2012-02-28;16,7208
2012-02-29;12,9506
2012-03-01;24,1958
2012-03-02;64,7444
2012-03-03;44,6158
2012-03-04;28,5057
2012-03-05;20,8073
2012-03-06;16,2443
2012-03-07;13,4076
2012-03-08;10,4247
2012-03-09;10,4247
2012-03-10;9,6623
2012-03-11;8,9379
2012-03-12;7,9207
2012-03-13;6,6887
2012-03-14;6,4021
2012-03-15;7,5996
2012-03-16;8,5897
2012-03-17;10,4247
2012-03-18;8,2507
2012-03-19;6,4021
2012-03-20;5,8536
2012-03-21;5,5916
2012-03-22;4,8525
2012-03-23;5,0912
2012-03-24;9,6623
2012-03-25;7,2874
2012-03-26;4,6215
2012-03-27;6,6887
2012-03-28;6,6887
2012-03-29;6,4021
2012-03-30;5,8536
2012-03-31;5,0912
2012-04-01;4,8525
2012-04-02;4,6215
2012-04-03;4,6215
2012-04-04;4,6215
2012-04-05;4,3979
2012-04-06;5,8536
2012-04-07;6,4021
2012-04-08;6,6887
2012-04-09;5,8536
2012-04-10;5,3375
2012-04-11;5,3375
2012-04-12;5,0912
2012-04-13;5,0912
2012-04-14;5,5916
2012-04-15;6,4021
2012-04-16;6,9838
2012-04-17;6,4021
2012-04-18;6,1238
2012-04-19;5,8536
2012-04-20;5,0912
2012-04-21;4,6215
2012-04-22;4,6215
2012-04-23;4,3979
2012-04-24;3,9726
2012-04-25;3,9726
2012-04-26;3,7707
2012-04-27;3,5757
2012-04-28;3,5757
2012-04-29;4,1817
2012-04-30;4,8525
2012-05-01;4,6215
2012-05-02;4,8525
2012-05-03;4,8525
2012-05-04;4,6215
2012-05-05;4,1817
2012-05-06;4,1817
2012-05-07;3,7707
2012-05-08;3,7707
2012-05-09;3,7707
2012-05-10;3,3875
2012-05-11;3,3875
2012-05-12;3,7707
2012-05-13;3,5757
2012-05-14;3,3875
2012-05-15;3,0313
2012-05-16;2,8629
2012-05-17;2,8629
2012-05-18;3,3875
2012-05-19;3,3875
2012-05-20;3,3875
2012-05-21;3,0313
2012-05-22;2,8629
2012-05-23;3,3875
2012-05-24;3,2061
2012-05-25;3,2061
2012-05-26;3,0313
2012-05-27;3,3875
2012-05-28;3,3875
2012-05-29;3,2061
2012-05-30;3,5757
2012-05-31;4,1817
2012-06-01;4,8525
2012-06-02;4,6215
2012-06-03;5,3375
2012-06-04;4,6215
2012-06-05;6,4021
2012-06-06;9,2954
2012-06-07;7,5996
2012-06-08;6,1238
2012-06-09;4,8525
2012-06-10;3,9726
2012-06-11;4,1817
2012-06-12;3,9726
2012-06-13;5,5916
2012-06-14;6,4021
2012-06-15;6,4021
2012-06-16;5,3375
2012-06-17;4,6215
2012-06-18;10,4247
2012-06-19;34,6208
2012-06-20;31,1432
2012-06-21;21,3526
2012-06-22;17,6967
2012-06-23;20,8073
2012-06-24;21,9057
2012-06-25;18,196
2012-06-26;15,7752
2012-06-27;12,9506
2012-06-28;12,0679
2012-06-29;10,0387
2012-06-30;9,2954
2012-07-01;8,9379
2012-07-02;8,5897
2012-07-03;7,5996
2012-07-04;6,9838
2012-07-05;6,6887
2012-07-06;68,8476
2012-07-07;214,411
2012-07-08;109,396
2012-07-09;60,7789
2012-07-10;47,9721
2012-07-11;53,2578
2012-07-12;90,2432
2012-07-13;58,8475
2012-07-14;44,6158
2012-07-15;36,0685
2012-07-16;24,1958
2012-07-17;26,6112
2012-07-18;24,1958
2012-07-19;21,9057
2012-07-20;20,2696
2012-07-21;18,7029
2012-07-22;17,6967
2012-07-23;15,7752
2012-07-24;15,3433
2012-07-25;193,612
2012-07-26;139,64
2012-07-27;83,1439
2012-07-28;62,7445
2012-07-29;98,9302
2012-07-30;182,755
2012-07-31;114,846
2012-08-01;93,9127
2012-08-02;76,362
2012-08-03;60,7789
2012-08-04;51,4622
2012-08-05;42,9876
2012-08-06;37,5487
2012-08-07;33,2056
2012-08-08;29,1531
2012-08-09;26,6112
2012-08-10;23,6116
2012-08-11;22,4665
2012-08-12;20,2696
2012-08-13;19,7397
2012-08-14;17,6967
2012-08-15;18,196
2012-08-16;17,2049
2012-08-17;16,7208
2012-08-18;15,3433
2012-08-19;14,843
2012-08-20;14,843
2012-08-21;13,4076
2012-08-22;12,0679
2012-08-23;12,5041
2012-08-24;12,5041
2012-08-25;10,8206
2012-08-26;15,3433
2012-08-27;30,4719
2012-08-28;36,0685
2012-08-29;28,5057
2012-08-30;24,7878
2012-08-31;20,8073
2012-09-01;18,7029
2012-09-02;16,7208
2012-09-03;15,3433
2012-09-04;13,8753
2012-09-05;13,4076
2012-09-06;12,9506
2012-09-07;12,9506
2012-09-08;12,0679
2012-09-09;12,0679
2012-09-10;84,305
2012-09-11;283,061
2012-09-12;132,072
2012-09-13;84,305
2012-09-14;60,7789
2012-09-15;46,2773
2012-09-16;40,6073
2012-09-17;43,7976
2012-09-18;90,2432
2012-09-19;1372,22
2012-09-20;530,133
2012-09-21;193,612
2012-09-22;106,726
2012-09-23;77,4704
2012-09-24;60,7789
2012-09-25;49,7004
2012-09-26;42,9876
2012-09-27;36,0685
2012-09-28;29,1531
2012-09-29;23,6116
2012-09-30;19,7397
2012-10-01;31,8226
2012-10-02;54,1682
2012-10-03;256,264
2012-10-04;321,713
2012-10-05;158,751
2012-10-06;113,47
2012-10-07;74,1715
2012-10-08;65,7572
2012-10-09;55,0871
2012-10-10;76,362
2012-10-11;138,108
2012-10-12;89,0379
2012-10-13;74,1715
2012-10-14;58,8475
2012-10-15;47,9721
2012-10-16;40,6073
2012-10-17;36,8045
2012-10-18;40,6073
2012-10-19;44,6158
2012-10-20;48,8321
2012-10-21;53,2578
2012-10-22;57,8946
2012-10-23;62,7445
2012-10-24;76,362
2012-10-25;47,1205
2012-10-26;39,0616
2012-10-27;36,8045
2012-10-28;34,6208
2012-10-29;32,5101
2012-10-30;31,1432
2012-10-31;29,1531
2012-11-01;27,2348
2012-11-02;25,3878
2012-11-03;23,6116
2012-11-04;21,9057
2012-11-05;20,2696
2012-11-06;19,2175
2012-11-07;17,6967
2012-11-08;16,2443
2012-11-09;14,843
2012-11-10;14,3537
2012-11-11;13,4076
2012-11-12;13,4076
2012-11-13;12,9506
2012-11-14;12,0679
2012-11-15;12,9506
2012-11-16;10,8206
2012-11-17;10,8206
2012-11-18;10,4247
2012-11-19;10,0387
2012-11-20;9,6623
2012-11-21;9,6623
2012-11-22;9,6623
2012-11-23;12,5041
2012-11-24;17,6967
2012-11-25;18,7029
2012-11-26;17,2049
2012-11-27;13,8753
2012-11-28;13,4076
2012-11-29;14,843
2012-11-30;12,9506
2012-12-01;12,0679
2012-12-02;14,843
2012-12-03;19,2175
2012-12-04;18,7029
2012-12-05;14,3537
2012-12-06;13,8753
2012-12-07;14,843
2012-12-08;14,3537
2012-12-09;13,4076
2012-12-10;12,9506
2012-12-11;11,642
2012-12-12;15,3433
2012-12-13;175,708
2012-12-14;97,6624
2012-12-15;64,7444
2012-12-16;47,1205
2012-12-17;44,6158
2012-12-18;47,1205
2012-12-19;36,0685
2012-12-20;32,5101
2012-12-21;29,8085
2012-12-22;28,5057
2012-12-23;25,9955
2012-12-24;24,1958
2012-12-25;18,7029
2012-12-26;18,196
2012-12-27;27,2348
2012-12-28;173,969
2012-12-29;117,626
2012-12-30;73,0893
2012-12-31;47,9721
2013-01-01;52,3558
2013-01-02;48,8321
2013-01-03;38,301
2013-01-04;33,2056
2013-01-05;29,1531
2013-01-06;35,3406
2013-01-07;31,1432
2013-01-08;49,7004
2013-01-09;108,057
2013-01-10;72,0159
2013-01-11;49,7004
2013-01-12;38,301
2013-01-13;31,1432
2013-01-14;27,8663
2013-01-15;23,6116
2013-01-16;21,3526
2013-01-17;23,6116
2013-01-18;20,2696
2013-01-19;18,196
2013-01-20;15,7752
2013-01-21;15,3433
2013-01-22;14,3537
2013-01-23;12,9506
2013-01-24;12,0679
2013-01-25;11,2263
2013-01-26;11,642
2013-01-27;11,642
2013-01-28;10,8206
2013-01-29;10,0387
2013-01-30;8,9379
2013-01-31;8,5897
2013-02-01;7,9207
2013-02-02;7,9207
2013-02-03;14,3537
2013-02-04;16,7208
2013-02-05;13,4076
2013-02-06;9,2954
2013-02-07;14,843
2013-02-08;13,8753
2013-02-09;13,8753
2013-02-10;12,9506
2013-02-11;14,3537
2013-02-12;23,6116
2013-02-13;26,6112
2013-02-14;19,7397
2013-02-15;21,3526
2013-02-16;17,2049
2013-02-17;14,843
2013-02-18;28,5057
2013-02-19;42,9876
2013-02-20;54,1682
2013-02-21;54,1682
2013-02-22;36,8045
2013-02-23;30,4719
2013-02-24;23,6116
2013-02-25;22,4665
2013-02-26;29,8085
2013-02-27;24,1958
2013-02-28;20,2696
2013-03-01;17,6967
2013-03-02;16,2443
2013-03-03;14,3537
2013-03-04;14,843
2013-03-05;14,843
2013-03-06;13,8753
2013-03-07;23,6116
2013-03-08;16,7208
2013-03-09;89,0379
2013-03-10;123,294
2013-03-11;70,9511
2013-03-12;65,7572
2013-03-13;222,162
2013-03-14;127,642
2013-03-15;77,4704
2013-03-16;56,9503
2013-03-17;45,4424
2013-03-18;36,0685
2013-03-19;31,1432
2013-03-20;97,6624
2013-03-21;421,438
2013-03-22;182,755
2013-03-23;104,091
2013-03-24;72,0159
2013-03-25;57,8946
2013-03-26;47,9721
2013-03-27;42,1859
2013-03-28;36,0685
2013-03-29;32,5101
2013-03-30;30,4719
2013-03-31;26,6112
2013-04-01;25,3878
2013-04-02;23,6116
2013-04-03;24,7878
2013-04-04;25,9955
2013-04-05;51,4622
2013-04-06;67,8088
2013-04-07;49,7004
2013-04-08;39,0616
2013-04-09;35,3406
2013-04-10;31,1432
2013-04-11;28,5057
2013-04-12;42,9876
2013-04-13;136,585
2013-04-14;104,091
2013-04-15;75,2624
2013-04-16;56,9503
2013-04-17;47,1205
2013-04-18;40,6073
2013-04-19;35,3406
2013-04-20;31,8226
2013-04-21;29,1531
2013-04-22;26,6112
2013-04-23;25,9955
2013-04-24;24,7878
2013-04-25;23,6116
2013-04-26;22,4665
2013-04-27;20,2696
2013-04-28;19,7397
2013-04-29;20,2696
2013-04-30;19,7397
2013-05-01;19,2175
2013-05-02;18,7029
2013-05-03;18,7029
2013-05-04;18,7029
2013-05-05;17,2049
2013-05-06;16,2443
2013-05-07;14,843
2013-05-08;15,3433
2013-05-09;14,3537
2013-05-10;14,843
2013-05-11;13,8753
2013-05-12;14,3537
2013-05-13;14,3537
2013-05-14;13,8753
2013-05-15;15,3433
2013-05-16;20,2696
2013-05-17;21,9057
2013-05-18;25,9955
2013-05-19;45,4424
2013-05-20;112,103
2013-05-21;119,029
2013-05-22;73,0893
2013-05-23;53,2578
2013-05-24;42,9876
2013-05-25;37,5487
2013-05-26;31,1432
2013-05-27;28,5057
2013-05-28;26,6112
2013-05-29;63,7401
2013-05-30;101,493
2013-05-31;68,8476
2013-06-01;52,3558
2013-06-02;72,0159
2013-06-03;87,8414
2013-06-04;64,7444
2013-06-05;52,3558
2013-06-06;43,7976
2013-06-07;37,5487
2013-06-08;33,9091
2013-06-09;29,1531
2013-06-10;27,2348
2013-06-11;24,1958
2013-06-12;23,0351
2013-06-13;21,3526
2013-06-14;20,2696
2013-06-15;18,7029
2013-06-16;17,6967
2013-06-17;17,2049
2013-06-18;17,2049
2013-06-19;18,196
2013-06-20;25,9955
2013-06-21;37,5487
2013-06-22;75,2624
2013-06-23;85,475
2013-06-24;68,8476
2013-06-25;74,1715
2013-06-26;95,1537
2013-06-27;84,305
2013-06-28;70,9511
2013-06-29;229,126
2013-06-30;139,64
2013-07-01;89,0379
2013-07-02;65,7572
2013-07-03;54,1682
2013-07-04;46,2773
2013-07-05;40,6073
2013-07-06;36,0685
2013-07-07;54,1682
2013-07-08;91,4575
2013-07-09;83,1439
2013-07-10;61,7574
2013-07-11;50,5771
2013-07-12;45,4424
2013-07-13;44,6158
2013-07-14;44,6158
2013-07-15;52,3558
2013-07-16;60,7789
2013-07-17;54,1682
2013-07-18;46,2773
2013-07-19;42,1859
2013-07-20;38,301
2013-07-21;37,5487
2013-07-22;38,301
2013-07-23;36,0685
2013-07-24;34,6208
2013-07-25;31,8226
2013-07-26;28,5057
2013-07-27;25,3878
2013-07-28;26,6112
2013-07-29;23,0351
2013-07-30;20,2696
2013-07-31;19,2175
2013-08-01;19,7397
2013-08-02;18,7029
2013-08-03;17,205
2013-08-04;97,6624
2013-08-05;158,751
2013-08-06;89,0379
2013-08-07;70,9511
2013-08-08;56,9503
2013-08-09;47,9721
2013-08-10;96,4036
2013-08-11;307,166
2013-08-12;206,713
2013-08-13;132,072
2013-08-14;182,755
2013-08-15;158,751
2013-08-16;110,745
2013-08-17;84,305
2013-08-18;63,7401
2013-08-19;53,2578
2013-08-20;44,6158
2013-08-21;39,8303
2013-08-22;36,8045
2013-08-23;44,6158
2013-08-24;416,593
2013-08-25;1815,96
2013-08-26;922,524
2013-08-27;589,493
2013-08-28;309,931
2013-08-29;184,292
2013-08-30;200,462
2013-08-31;217,508
2013-09-01;233,613
2013-09-02;252,376
2013-09-03;182,722
2013-09-04;163,086
2013-09-05;144,848
2013-09-06;127,964
2013-09-07;112,097
2013-09-08;95,8314
2013-09-09;79,7706
2013-09-10;65,3058
2013-09-11;52,4072
2013-09-12;41,0428
2013-09-13;31,1778
2013-09-14;30,48
2013-09-15;60,1612
2013-09-16;102,439
2013-09-17;147,565
2013-09-18;200,462
2013-09-19;264,079
2013-09-20;341,579
2013-09-21;428,762
2013-09-22;543,962
2013-09-23;272,07
2013-09-24;173,483
2013-09-25;158,755
2013-09-26;144,848
2013-09-27;131,743
2013-09-28;119,418
2013-09-29;106,52
2013-09-30;94,5386
2013-10-01;82,1369
2013-10-02;70,6822
2013-10-03;60,1612
2013-10-04;50,5599
2013-10-05;41,8633
2013-10-06;34,0557
2013-10-07;32,5994
2013-10-08;31,1778
2013-10-09;29,1102
2013-10-10;27,12
2013-10-11;26,4737
2013-10-12;26,4737
2013-10-13;25,2065
2013-10-14;25,2065
2013-10-15;24,5857
2013-10-16;22,1868
2013-10-17;24,5857
2013-10-18;26,4737
2013-10-19;28,4382
2013-10-20;30,48
2013-10-21;51,479
2013-10-22;78,6017
2013-10-23;112,097
2013-10-24;144,848
2013-10-25;182,722
2013-10-26;178,065
2013-10-27;173,483
2013-10-28;151,7
2013-10-29;133,018
2013-10-30;114,701
2013-10-31;94,5386
2013-11-01;76,292
2013-11-02;61,1716
2013-11-03;46,9735
2013-11-04;34,797
2013-11-05;34,0557
2013-11-06;31,8843
2013-11-07;28,4382
2013-11-08;26,4737
2013-11-09;25,2065
2013-11-10;25,2065
2013-11-11;93,2555
2013-11-12;258,185
2013-11-13;127,964
2013-11-14;78,6017
2013-11-15;58,1678
2013-11-16;74,0199
2013-11-17;80,9491
2013-11-18;62,1913
2013-11-19;51,479
2013-11-20;89,4635
2013-11-21;124,255
2013-11-22;171,973
2013-11-23;124,255
2013-11-24;84,5411
2013-11-25;64,2584
2013-11-26;53,3445
2013-11-27;66,3625
2013-11-28;60,1612
2013-11-29;43,531
2013-11-30;38,6345
2013-12-01;33,3232
2013-12-02;30,48
2013-12-03;28,4382
2013-12-04;27,12
2013-12-05;29,7908
2013-12-06;40,2312
2013-12-07;32,5994
2013-12-08;27,7748
2013-12-09;22,1868
2013-12-10;19,9218
2013-12-11;27,12
2013-12-12;25,2065
2013-12-13;21,0376
2013-12-14;25,2065
2013-12-15;23,9733
2013-12-16;19,9218
2013-12-17;18,8392
2013-12-18;17,2771
2013-12-19;16,7727
2013-12-20;15,3086
2013-12-21;13,4697
2013-12-22;14,3731
2013-12-23;12,5982
2013-12-24;12,5982
2013-12-25;12,5982
2013-12-26;12,5982
2013-12-27;11,7586
2013-12-28;11,7586
2013-12-29;12,1744
2013-12-30;16,2766
2013-12-31;13,4697
2014-01-01;14,8368
2014-01-02;16,7727
2014-01-03;18,8392
2014-01-04;67,4285
2014-01-05;52,4072
2014-01-06;34,797
2014-01-07;28,4382
2014-01-08;23,9733
2014-01-09;21,0376
2014-01-10;19,3764
2014-01-11;31,1778
2014-01-12;41,8633
2014-01-13;34,797
2014-01-14;29,7908
2014-01-15;38,6345
2014-01-16;44,3782
2014-01-17;38,6345
2014-01-18;31,8843
2014-01-19;27,12
2014-01-20;24,5857
2014-01-21;21,0376
2014-01-22;19,3764
2014-01-23;18,3103
2014-01-24;17,7896
2014-01-25;16,7727
2014-01-26;15,3086
2014-01-27;31,1778
2014-01-28;34,0557
2014-01-29;25,8359
2014-01-30;19,3764
2014-01-31;17,7896
2014-02-01;19,3764
2014-02-02;20,4756
2014-02-03;20,4756
2014-02-04;25,8359
2014-02-05;29,7908
2014-02-06;22,1868
2014-02-07;19,9218
2014-02-08;13,4697
2014-02-09;12,1744
2014-02-10;11,3506
2014-02-11;10,9505
2014-02-12;10,9505
2014-02-13;10,1737
2014-02-14;10,9505
2014-02-15;22,1868
2014-02-16;16,2766
2014-02-17;13,03
2014-02-18;10,5582
2014-02-19;9,797
2014-02-20;9,4281
2014-02-21;8,7134
2014-02-22;8,0295
2014-02-23;19,9218
2014-02-24;66,3625
2014-02-25;42,6927
2014-02-26;63,2203
2014-02-27;155,909
2014-02-28;107,9
2014-03-01;57,1849
2014-03-02;40,2312
2014-03-03;29,1102
2014-03-04;266,063
2014-03-05;241,008
2014-03-06;144,848
2014-03-07;89,4635
2014-03-08;61,1716
2014-03-09;46,0995
2014-03-10;37,0732
2014-03-11;31,1778
2014-03-12;30,48
2014-03-13;27,7748
2014-03-14;24,5857
2014-03-15;22,7739
2014-03-16;23,3694
2014-03-17;35,5469
2014-03-18;32,5994
2014-03-19;31,8843
2014-03-20;160,191
2014-03-21;133,018
2014-03-22;97,1337
2014-03-23;69,5883
2014-03-24;55,2465
2014-03-25;46,0995
2014-03-26;38,6345
2014-03-27;32,5994
2014-03-28;29,7908
2014-03-29;27,12
2014-03-30;25,2065
2014-03-31;28,4382
2014-04-01;46,9735
2014-04-02;39,4285
2014-04-03;31,8843
2014-04-04;28,4382
2014-04-05;25,8359
2014-04-06;23,3694
2014-04-07;21,608
2014-04-08;21,0376
2014-04-09;195,52
2014-04-10;101,099
2014-04-11;65,3058
2014-04-12;360,552
2014-04-13;375,212
2014-04-14;161,634
2014-04-15;109,289
2014-04-16;79,7706
2014-04-17;63,2203
2014-04-18;54,2909
2014-04-19;54,2909
2014-04-20;45,2344
2014-04-21;39,4285
2014-04-22;36,3057
2014-04-23;78,6017
2014-04-24;55,2465
2014-04-25;45,2344
2014-04-26;39,4285
2014-04-27;35,5469
2014-04-28;32,5994
2014-04-29;29,7908
2014-04-30;27,12
2014-05-01;31,1778
2014-05-02;44,3782
2014-05-03;37,8494
2014-05-04;34,797
2014-05-05;32,5994
2014-05-06;30,48
2014-05-07;27,12
2014-05-08;27,7748
2014-05-09;25,8359
2014-05-10;24,5857
2014-05-11;23,3694
2014-05-12;22,1868
2014-05-13;18,8392
2014-05-14;18,3103
2014-05-15;16,7727
2014-05-16;20,4756
2014-05-17;39,4285
2014-05-18;29,1102
2014-05-19;25,2065
2014-05-20;21,0376
2014-05-21;23,9733
2014-05-22;535,642
2014-05-23;362,97
2014-05-24;167,492
2014-05-25;118,227
2014-05-26;89,4635
2014-05-27;107,9
2014-05-28;84,5411
2014-05-29;69,5883
2014-05-30;58,1678
2014-05-31;105,15
2014-06-01;325,51
2014-06-02;205,483
2014-06-03;136,89
2014-06-04;101,099
2014-06-05;403,063
2014-06-06;312,126
2014-06-07;254,303
2014-06-08;166,015
2014-06-09;121,821
2014-06-10;93,2555
2014-06-11;74,0199
2014-06-12;63,2203
2014-06-13;57,1849
2014-06-14;242,879
2014-06-15;168,977
2014-06-16;124,255
2014-06-17;126,72
2014-06-18;97,1337
2014-06-19;78,6017
2014-06-20;64,2584
2014-06-21;58,1678
2014-06-22;51,479
2014-06-23;59,1599
2014-06-24;178,065
2014-06-25;500,379
2014-06-26;708,703
2014-06-27;621,932
2014-06-28;569,333
2014-06-29;367,836
2014-06-30;248,549
2014-07-01;221,024
2014-07-02;161,634
2014-07-03;135,591
2014-07-04;130,475
2014-07-05;115,869
2014-07-06;99,7673
2014-07-07;107,9
2014-07-08;88,2186
2014-07-09;77,4421
2014-07-10;67,4285
2014-07-11;61,1716
2014-07-12;54,2909
2014-07-13;49,6497
2014-07-14;44,3782
2014-07-15;41,8633
2014-07-16;38,6345
2014-07-17;37,0732
2014-07-18;147,565
2014-07-19;109,289
2014-07-20;78,6017
2014-07-21;64,2584
2014-07-22;53,3445
2014-07-23;68,5037
2014-07-24;612,993
2014-07-25;370,284
2014-07-26;229,971
2014-07-27;150,314
2014-07-28;110,688
2014-07-29;84,5411
2014-07-30;69,5883
2014-07-31;59,1599
2014-08-01;54,2909
2014-08-02;80,9491
2014-08-03;99,7673
2014-08-04;76,292
2014-08-05;103,79
2014-08-06;82,1369
2014-08-07;68,5037
2014-08-08;60,1612
2014-08-09;52,4072
2014-08-10;46,0995
2014-08-11;49,6497
2014-08-12;62,1913
2014-08-13;88,2186
2014-08-14;68,5037
2014-08-15;58,1678
2014-08-16;53,3445
2014-08-17;55,2465
2014-08-18;60,1612
2014-08-19;49,6497
2014-08-20;44,3782
2014-08-21;39,4285
2014-08-22;36,3057
2014-08-23;33,3232
2014-08-24;31,1778
2014-08-25;29,7908
2014-08-26;31,8843
2014-08-27;33,3232
2014-08-28;28,4382
2014-08-29;25,2065
2014-08-30;23,9733
2014-08-31;32,5994
2014-09-01;62,1913
2014-09-02;74,0199
2014-09-03;403,063
2014-09-04;158,755
2014-09-05;103,79
2014-09-06;78,6017
2014-09-07;276,123
2014-09-08;170,471
2014-09-09;117,044
2014-09-10;86,9832
2014-09-11;135,591
2014-09-12;219,261
2014-09-13;168,977
2014-09-14;120,615
2014-09-15;114,701
2014-09-16;95,8314
2014-09-17;76,292
2014-09-18;65,3058
2014-09-19;57,1849
2014-09-20;51,479
2014-09-21;47,8566
2014-09-22;41,0428
2014-09-23;37,0732
2014-09-24;37,0732
2014-09-25;35,5469
2014-09-26;239,145
2014-09-27;160,191
2014-09-28;101,099
2014-09-29;549,547
2014-09-30;448,622
2014-10-01;461,279
2014-10-02;272,07
2014-10-03;163,086
2014-10-04;118,227
2014-10-05;88,2186
2014-10-06;71,7854
2014-10-07;61,1716
2014-10-08;54,2909
2014-10-09;47,8566
2014-10-10;42,6927
2014-10-11;41,0428
2014-10-12;40,2312
2014-10-13;40,2312
2014-10-14;144,848
2014-10-15;115,869
2014-10-16;78,6017
2014-10-17;248,549
2014-10-18;667,664
2014-10-19;1234,64
2014-10-20;751,05
2014-10-21;278,163
2014-10-22;167,492
2014-10-23;123,034
2014-10-24;95,8314
2014-10-25;77,4421
2014-10-26;67,4285
2014-10-27;57,1849
2014-10-28;50,5599
2014-10-29;46,0995
2014-10-30;46,0995
2014-10-31;41,8633
2014-11-01;39,4285
2014-11-02;36,3057
2014-11-03;36,3057
2014-11-04;37,0732
2014-11-05;35,5469
2014-11-06;35,5469
2014-11-07;65,3058
2014-11-08;98,4457
2014-11-09;59,1599
2014-11-10;47,8566
2014-11-11;41,0428
2014-11-12;40,2312
2014-11-13;42,6927
2014-11-14;39,4285
2014-11-15;34,0557
2014-11-16;31,1778
2014-11-17;29,1102
2014-11-18;26,4737
2014-11-19;25,2065
2014-11-20;25,2065
2014-11-21;26,4737
2014-11-22;28,4382
2014-11-23;26,4737
2014-11-24;23,3694
2014-11-25;22,7739
2014-11-26;23,9733
2014-11-27;31,1778
2014-11-28;25,8359
2014-11-29;23,3694
2014-11-30;21,608
2014-12-01;19,9218
2014-12-02;23,3694
2014-12-03;50,5599
2014-12-04;49,6497
2014-12-05;37,0732
2014-12-06;30,48
2014-12-07;26,4737
2014-12-08;23,9733
2014-12-09;23,9733
2014-12-10;26,4737
2014-12-11;33,3232
2014-12-12;48,7486
2014-12-13;69,5883
2014-12-14;60,1612
2014-12-15;44,3782
2014-12-16;35,5469
2014-12-17;32,5994
2014-12-18;30,48
2014-12-19;27,12
2014-12-20;24,5857
2014-12-21;34,797
2014-12-22;120,615
2014-12-23;106,52
2014-12-24;65,3058
2014-12-25;50,5599
2014-12-26;41,0428
2014-12-27;124,255
2014-12-28;316,548
2014-12-29;164,546
2014-12-30;106,52
2014-12-31;79,7706
2015-01-01;76,292
2015-01-02;205,483
2015-01-03;235,448
2015-01-04;120,615
2015-01-05;88,2186
2015-01-06;66,3625
2015-01-07;55,2465
2015-01-08;64,2584
2015-01-09;56,2111
2015-01-10;101,099
2015-01-11;164,546
2015-01-12;193,89
2015-01-13;118,227
2015-01-14;83,3343
2015-01-15;82,1369
2015-01-16;71,7854
2015-01-17;61,1716
2015-01-18;67,4285
2015-01-19;69,5883
2015-01-20;69,5883
2015-01-21;89,4635
2015-01-22;99,7673
2015-01-23;71,7854
2015-01-24;57,1849
2015-01-25;65,3058
2015-01-26;61,1716
2015-01-27;48,7486
2015-01-28;45,2344
2015-01-29;43,531
2015-01-30;43,531
2015-01-31;39,4285
2015-02-01;33,3232
2015-02-02;37,0732
2015-02-03;34,797
2015-02-04;36,3057
2015-02-05;34,797
2015-02-06;59,1599
2015-02-07;35,5469
2015-02-08;29,7908
2015-02-09;27,12
2015-02-10;25,8359
2015-02-11;28,4382
2015-02-12;31,1778
2015-02-13;27,7748
2015-02-14;25,2065
2015-02-15;22,1868
2015-02-16;20,4756
2015-02-17;19,3764
2015-02-18;18,8392
2015-02-19;19,3764
2015-02-20;19,9218
2015-02-21;21,608
2015-02-22;41,0428
2015-02-23;171,973
2015-02-24;102,439
2015-02-25;67,4285
2015-02-26;61,1716
2015-02-27;52,4072
2015-02-28;45,2344
2015-03-01;34,797
2015-03-02;29,7908
2015-03-03;27,12
2015-03-04;25,8359
2015-03-05;25,8359
2015-03-06;55,2465
2015-03-07;34,797
2015-03-08;29,1102
2015-03-09;25,8359
2015-03-10;23,9733
2015-03-11;22,1868
2015-03-12;21,608
2015-03-13;20,4756
2015-03-14;19,3764
2015-03-15;18,3103
2015-03-16;18,8392
2015-03-17;17,7896
2015-03-18;16,7727
2015-03-19;15,7886
2015-03-20;15,3086
2015-03-21;14,8368
2015-03-22;14,3731
2015-03-23;14,3731
2015-03-24;13,9174
2015-03-25;13,03
2015-03-26;12,5982
2015-03-27;19,3764
2015-03-28;21,0376
2015-03-29;19,3764
2015-03-30;21,0376
2015-03-31;41,0428
2015-04-01;31,8843
2015-04-02;22,7739
2015-04-03;22,1868
2015-04-04;17,2771
2015-04-05;18,8392
2015-04-06;71,7854
2015-04-07;83,3343
2015-04-08;53,3445
2015-04-09;42,6927
2015-04-10;35,5469
2015-04-11;29,7908
2015-04-12;27,12
2015-04-13;24,5857
2015-04-14;22,7739
2015-04-15;22,7739
2015-04-16;22,7739
2015-04-17;21,608
2015-04-18;23,9733
2015-04-19;42,6927
2015-04-20;76,292
2015-04-21;495,067
2015-04-22;171,973
2015-04-23;109,289
2015-04-24;77,4421
2015-04-25;59,1599
2015-04-26;50,5599
2015-04-27;43,531
2015-04-28;38,6345
2015-04-29;34,0557
2015-04-30;31,1778
2015-05-01;29,1102
2015-05-02;27,7748
2015-05-03;27,12
2015-05-04;39,4285
2015-05-05;49,6497
2015-05-06;40,2312
2015-05-07;34,797
2015-05-08;31,1778
2015-05-09;28,4382
2015-05-10;27,7748
2015-05-11;29,7908
2015-05-12;28,4382
2015-05-13;25,8359
2015-05-14;24,5857
2015-05-15;23,3694
2015-05-16;22,1868
2015-05-17;21,608
2015-05-18;21,0376
2015-05-19;20,4756
2015-05-20;19,3764
2015-05-21;18,8392
2015-05-22;18,8392
2015-05-23;17,7896
2015-05-24;35,5469
2015-05-25;60,1612
2015-05-26;66,3625
2015-05-27;214,028
2015-05-28;413,507
2015-05-29;190,656
2015-05-30;125,484
2015-05-31;91,9819
2015-06-01;70,6822
2015-06-02;57,1849
2015-06-03;49,6497
2015-06-04;43,531
2015-06-05;38,6345
2015-06-06;35,5469
2015-06-07;31,1778
2015-06-08;30,48
2015-06-09;28,4382
2015-06-10;26,4737
2015-06-11;63,2203
2015-06-12;242,879
2015-06-13;129,216
2015-06-14;119,418
2015-06-15;228,163
2015-06-16;131,743
2015-06-17;97,1337
2015-06-18;421,438
2015-06-19;307,744
2015-06-20;161,634
2015-06-21;115,869
2015-06-22;99,7673
2015-06-23;395,342
2015-06-24;270,058
2015-06-25;182,722
2015-06-26;138,197
2015-06-27;109,289
2015-06-28;84,5411
2015-06-29;70,6822
2015-06-30;90,7179
2015-07-01;138,197
2015-07-02;106,52
2015-07-03;90,7179
2015-07-04;109,289
2015-07-05;93,2555
2015-07-06;76,292
2015-07-07;83,3343
2015-07-08;237,292
2015-07-09;433,682
2015-07-10;305,568
2015-07-11;184,292
2015-07-12;131,743
2015-07-13;170,471
2015-07-14;640,017
2015-07-15;889,617
2015-07-16;513,79
2015-07-17;438,632
2015-07-18;421,438
2015-07-19;231,788
2015-07-20;242,879
2015-07-21;615,965
2015-07-22;301,245
2015-07-23;187,457
2015-07-24;153,095
2015-07-25;184,292
2015-07-26;151,7
2015-07-27;125,484
2015-07-28;102,439
2015-07-29;84,5411
2015-07-30;71,7854
2015-07-31;62,1913
2015-08-01;54,2909
2015-08-02;49,6497
2015-08-03;45,2344
2015-08-04;43,531
2015-08-05;40,2312
2015-08-06;37,8494
2015-08-07;36,3057
2015-08-08;33,3232
2015-08-09;31,1778
2015-08-10;29,1102
2015-08-11;27,7748
2015-08-12;26,4737
2015-08-13;26,4737
2015-08-14;25,2065
2015-08-15;23,9733
2015-08-16;23,9733
2015-08-17;23,3694
2015-08-18;22,7739
2015-08-19;22,7739
2015-08-20;23,3694
2015-08-21;22,1868
2015-08-22;21,0376
2015-08-23;21,608
2015-08-24;21,0376
2015-08-25;20,4756
2015-08-26;19,3764
2015-08-27;44,3782
2015-08-28;49,6497
2015-08-29;32,5994
2015-08-30;26,4737
2015-08-31;23,9733
2015-09-01;22,7739
2015-09-02;22,1868
2015-09-03;21,608
2015-09-04;20,4756
2015-09-05;19,9218
2015-09-06;18,8392
2015-09-07;16,7727
2015-09-08;18,3103
2015-09-09;17,7896
2015-09-10;17,7896
2015-09-11;29,7908
2015-09-12;30,48
2015-09-13;23,9733
2015-09-14;20,4756
2015-09-15;18,8392
2015-09-16;17,7896
2015-09-17;135,591
2015-09-18;161,634
2015-09-19;193,89
2015-09-20;1418,26
2015-09-21;734,607
2015-09-22;254,303
2015-09-23;164,546
2015-09-24;107,9
2015-09-25;88,2186
2015-09-26;70,6822
2015-09-27;192,269
2015-09-28;176,529
2015-09-29;139,511
2015-09-30;102,439
2015-10-01;114,701
2015-10-02;99,7673
2015-10-03;80,9491
2015-10-04;74,0199
2015-10-05;62,1913
2015-10-06;57,1849
2015-10-07;72,898
2015-10-08;405,658
2015-10-09;1758,16
2015-10-10;1247,62
2015-10-11;385,193
2015-10-12;229,971
2015-10-13;170,471
2015-10-14;129,216
2015-10-15;125,484
2015-10-16;163,086
2015-10-17;118,227
2015-10-18;97,1337
2015-10-19;94,5386
2015-10-20;85,7574
2015-10-21;139,511
2015-10-22;443,612
2015-10-23;296,961
2015-10-24;163,086
2015-10-25;109,289
2015-10-26;97,1337
2015-10-27;86,9832
2015-10-28;79,7706
2015-10-29;75,1513
2015-10-30;66,3625
2015-10-31;53,3445
2015-11-01;44,3782
2015-11-02;44,3782
2015-11-03;48,7486
2015-11-04;49,6497
2015-11-05;45,2344
2015-11-06;49,6497
2015-11-07;45,2344
2015-11-08;43,531
2015-11-09;38,6345
2015-11-10;37,0732
2015-11-11;80,9491
2015-11-12;110,688
2015-11-13;90,7179
2015-11-14;126,72
2015-11-15;99,7673
2015-11-16;77,4421
2015-11-17;83,3343
2015-11-18;72,898
2015-11-19;66,3625
2015-11-20;58,1678
2015-11-21;53,3445
2015-11-22;46,0995
2015-11-23;41,0428
2015-11-24;37,0732
2015-11-25;34,797
2015-11-26;32,5994
2015-11-27;31,8843
2015-11-28;36,3057
2015-11-29;44,3782
2015-11-30;57,1849
2015-12-01;44,3782
2015-12-02;91,9819
2015-12-03;448,622
2015-12-04;171,973
2015-12-05;124,255
2015-12-06;105,15
2015-12-07;114,701
2015-12-08;135,591
2015-12-09;153,095
2015-12-10;179,609
2015-12-11;290,608
2015-12-12;527,391
2015-12-13;272,07
2015-12-14;193,89
2015-12-15;607,072
2015-12-16;307,744
2015-12-17;167,492
2015-12-18;120,615
2015-12-19;126,72
2015-12-20;114,701
2015-12-21;98,4457
2015-12-22;83,3343
2015-12-23;193,89
2015-12-24;215,763
2015-12-25;274,092
2015-12-26;171,973
2015-12-27;125,484
2015-12-28;112,097
2015-12-29;123,034
2015-12-30;124,255
2015-12-31;106,52
2016-01-01;112,097
2016-01-02;129,216
2016-01-03;97,1337
2016-01-04;68,5037
2016-01-05;57,1849
2016-01-06;50,5599
2016-01-07;46,9735
2016-01-08;43,531
2016-01-09;37,8494
2016-01-10;51,479
2016-01-11;52,4072
2016-01-12;41,8633
2016-01-13;35,5469
2016-01-14;31,1778
2016-01-15;25,2065
2016-01-16;25,2065
2016-01-17;24,5857
2016-01-18;22,1868
2016-01-19;20,4756
2016-01-20;20,4756
2016-01-21;21,0376
2016-01-22;18,8392
2016-01-23;18,8392
2016-01-24;17,7896
2016-01-25;17,2771
2016-01-26;17,2771
2016-01-27;17,7896
2016-01-28;28,4382
2016-01-29;21,608
2016-01-30;18,3103
2016-01-31;47,8566
2016-02-01;130,475
2016-02-02;63,2203
2016-02-03;45,2344
2016-02-04;64,2584
2016-02-05;102,439
2016-02-06;74,0199
2016-02-07;52,4072
2016-02-08;102,439
2016-02-09;80,9491
2016-02-10;72,898
2016-02-11;58,1678
2016-02-12;49,6497
2016-02-13;40,2312
2016-02-14;37,8494
2016-02-15;299,098
2016-02-16;139,511
2016-02-17;109,289
2016-02-18;99,7673
2016-02-19;93,2555
2016-02-20;88,2186
2016-02-21;84,5411
2016-02-22;77,4421
2016-02-23;67,4285
2016-02-24;59,1599
2016-02-25;47,8566
2016-02-26;77,4421
2016-02-27;167,492
2016-02-28;85,7574
2016-02-29;58,1678
2016-03-01;44,3782
2016-03-02;37,0732
2016-03-03;98,4457
2016-03-04;123,034
2016-03-05;88,2186
2016-03-06;64,2584
2016-03-07;51,479
2016-03-08;42,6927
2016-03-09;41,8633
2016-03-10;131,743
2016-03-11;166,015
2016-03-12;147,565
2016-03-13;118,227
2016-03-14;84,5411
2016-03-15;66,3625
2016-03-16;53,3445
2016-03-17;46,0995
2016-03-18;40,2312
2016-03-19;38,6345
2016-03-20;36,3057
2016-03-21;118,227
2016-03-22;171,973
2016-03-23;117,044
2016-03-24;82,1369
2016-03-25;198,806
2016-03-26;532,884
2016-03-27;235,448
2016-03-28;153,095
2016-03-29;119,418
2016-03-30;89,4635
2016-03-31;72,898
2016-04-01;61,1716
2016-04-02;50,5599
2016-04-03;46,0995
2016-04-04;41,8633
2016-04-05;38,6345
2016-04-06;35,5469
2016-04-07;37,0732
2016-04-08;45,2344
2016-04-09;46,9735
2016-04-10;43,531
2016-04-11;125,484
2016-04-12;168,977
2016-04-13;123,034
2016-04-14;294,834
2016-04-15;198,806
2016-04-16;131,743
2016-04-17;94,5386
2016-04-18;72,898
2016-04-19;61,1716
2016-04-20;52,4072
2016-04-21;46,9735
2016-04-22;41,8633
2016-04-23;61,1716
2016-04-24;77,4421
2016-04-25;403,063
2016-04-26;479,314
2016-04-27;446,113
2016-04-28;244,76
2016-04-29;153,095
2016-04-30;112,097
2016-05-01;86,9832
2016-05-02;69,5883
2016-05-03;59,1599
2016-05-04;52,4072
2016-05-05;46,0995
2016-05-06;41,8633
2016-05-07;38,6345
2016-05-08;38,6345
2016-05-09;35,5469
2016-05-10;34,797
2016-05-11;34,0557
2016-05-12;31,1778
2016-05-13;29,7908
2016-05-14;29,1102
2016-05-15;28,4382
2016-05-16;37,0732
2016-05-17;42,6927
2016-05-18;32,5994
2016-05-19;29,1102
2016-05-20;28,4382
2016-05-21;29,1102
2016-05-22;31,1778
2016-05-23;30,48
2016-05-24;31,1778
2016-05-25;29,7908
2016-05-26;28,4382
2016-05-27;27,7748
2016-05-28;27,7748
2016-05-29;27,12
2016-05-30;32,5994
2016-05-31;36,3057
2016-06-01;34,0557
2016-06-02;31,1778
2016-06-03;29,1102
2016-06-04;27,7748
2016-06-05;26,4737
2016-06-06;25,2065
2016-06-07;23,9733
2016-06-08;23,3694
2016-06-09;21,608
2016-06-10;21,0376
2016-06-11;21,0376
2016-06-12;20,4756
2016-06-13;19,9218
2016-06-14;19,3764
2016-06-15;18,8392
2016-06-16;18,8392
2016-06-17;19,3764
2016-06-18;21,608
2016-06-19;21,608
2016-06-20;19,3764
2016-06-21;18,3103
2016-06-22;17,7896
2016-06-23;17,7896
2016-06-24;17,7896
2016-06-25;17,2771
2016-06-26;16,7727
2016-06-27;16,2766
2016-06-28;16,2766
2016-06-29;15,7886
2016-06-30;15,3086
2016-07-01;15,3086
2016-07-02;15,3086
2016-07-03;14,8368
2016-07-04;14,3731
2016-07-05;14,3731
2016-07-06;16,7727
2016-07-07;30,48
2016-07-08;29,7908
2016-07-09;22,1868
2016-07-10;22,1868
2016-07-11;51,479
2016-07-12;88,2186
2016-07-13;77,4421
2016-07-14;147,565
2016-07-15;1395,14
2016-07-16;303,402
2016-07-17;148,935
2016-07-18;103,79
2016-07-19;77,4421
2016-07-20;62,1913
2016-07-21;54,2909
2016-07-22;48,7486
2016-07-23;43,531
2016-07-24;38,6345
2016-07-25;37,0732
2016-07-26;35,5469
2016-07-27;37,8494
2016-07-28;41,8633
2016-07-29;34,797
2016-07-30;31,1778
2016-07-31;29,7908
2016-08-01;28,4382
2016-08-02;27,7748
2016-08-03;35,5469
2016-08-04;67,4285
2016-08-05;39,4285
2016-08-06;34,0557
2016-08-07;33,3232
2016-08-08;40,2312
2016-08-09;35,5469
2016-08-10;31,1778
2016-08-11;29,1102
2016-08-12;27,12
2016-08-13;25,8359
2016-08-14;25,2065
2016-08-15;23,9733
2016-08-16;23,9733
2016-08-17;27,12
2016-08-18;25,8359
2016-08-19;29,1102
2016-08-20;31,8843
2016-08-21;168,977
2016-08-22;212,301
2016-08-23;154,498
2016-08-24;143,502
2016-08-25;112,097
2016-08-26;95,8314
2016-08-27;86,9832
2016-08-28;77,4421
2016-08-29;79,7706
2016-08-30;76,292
2016-08-31;65,3058
2016-09-01;64,2584
2016-09-02;59,1599
2016-09-03;57,1849
2016-09-04;69,5883
2016-09-05;70,6822
2016-09-06;62,1913
2016-09-07;53,3445
2016-09-08;53,3445
2016-09-09;48,7486
2016-09-10;53,3445
2016-09-11;51,479
2016-09-12;46,9735
2016-09-13;41,8633
2016-09-14;41,0428
2016-09-15;37,8494
2016-09-16;34,0557
2016-09-17;30,48
2016-09-18;29,1102
2016-09-19;24,5857
2016-09-20;23,9733
2016-09-21;22,7739
2016-09-22;21,0376
2016-09-23;19,9218
2016-09-24;22,1868
2016-09-25;18,8392
2016-09-26;19,9218
2016-09-27;19,9218
2016-09-28;19,9218
2016-09-29;18,8392
2016-09-30;18,3103
2016-10-01;17,7896
2016-10-02;17,2771
2016-10-03;17,2771
2016-10-04;16,7727
2016-10-05;16,2766
2016-10-06;22,7739
2016-10-07;60,1612
2016-10-08;37,8494
2016-10-09;29,1102
2016-10-10;25,8359
2016-10-11;23,3694
2016-10-12;21,0376
2016-10-13;23,9733
2016-10-14;39,4285
2016-10-15;34,0557
2016-10-16;33,3232
2016-10-17;198,806
2016-10-18;864,463
2016-10-19;1154,14
2016-10-20;2344,74
2016-10-21;907,82
2016-10-22;341,579
2016-10-23;226,365
2016-10-24;339,254
2016-10-25;385,193
2016-10-26;400,479
2016-10-27;372,743
2016-10-28;350,984
2016-10-29;250,458
2016-10-30;208,874
2016-10-31;142,164
2016-11-01;110,688
2016-11-02;123,034
2016-11-03;110,688
2016-11-04;93,2555
2016-11-05;84,5411
2016-11-06;83,3343
2016-11-07;77,4421
2016-11-08;72,898
2016-11-09;80,9491
2016-11-10;109,289
2016-11-11;72,898
2016-11-12;83,3343
2016-11-13;66,3625
2016-11-14;59,1599
2016-11-15;65,3058
2016-11-16;67,4285
2016-11-17;72,898
2016-11-18;72,898
2016-11-19;62,1913
2016-11-20;53,3445
2016-11-21;53,3445
2016-11-22;55,2465
2016-11-23;58,1678
2016-11-24;54,2909
2016-11-25;58,1678
2016-11-26;52,4072
2016-11-27;43,531
2016-11-28;44,3782
2016-11-29;37,8494
2016-11-30;33,3232
2016-12-01;30,48
2016-12-02;27,12
2016-12-03;25,8359
2016-12-04;25,8359
2016-12-05;26,4737
2016-12-06;24,5857
2016-12-07;25,8359
2016-12-08;23,9733
2016-12-09;23,3694
2016-12-10;24,5857
2016-12-11;25,2065
2016-12-12;25,8359
2016-12-13;27,12
2016-12-14;25,8359
2016-12-15;25,2065
2016-12-16;23,3694
2016-12-17;22,7739
2016-12-18;25,2065
2016-12-19;25,8359
2016-12-20;24,5857
2016-12-21;26,4737
2016-12-22;30,48
2016-12-23;30,48
2016-12-24;29,7908
2016-12-25;29,7908
2016-12-26;29,7908
2016-12-27;27,12
2016-12-28;27,12
2016-12-29;34,797
2016-12-30;49,6497
2016-12-31;69,5883
2017-01-01;144,848
2017-01-02;105,15
2017-01-03;103,79
2017-01-04;140,833
2017-01-05;127,964
2017-01-06;264,079
2017-01-07;314,332
2017-01-08;187,457
2017-01-09;153,095
2017-01-10;179,609
2017-01-11;185,87
2017-01-12;167,492
2017-01-13;109,289
2017-01-14;78,6017
2017-01-15;66,3625
2017-01-16;55,2465
2017-01-17;69,5883
2017-01-18;61,1716
2017-01-19;54,2909
2017-01-20;57,1849
2017-01-21;43,531
2017-01-22;40,2312
2017-01-23;31,8843
2017-01-24;30,48
2017-01-25;29,1102
2017-01-26;30,48
2017-01-27;27,12
2017-01-28;25,8359
2017-01-29;26,4737
2017-01-30;29,1102
2017-01-31;29,1102
2017-02-01;28,4382
2017-02-02;29,1102
2017-02-03;29,1102
2017-02-04;31,1778
2017-02-05;34,797
2017-02-06;31,8843
2017-02-07;29,7908
2017-02-08;30,48
2017-02-09;31,8843
2017-02-10;34,797
2017-02-11;39,4285
2017-02-12;47,8566
2017-02-13;49,6497
2017-02-14;72,898
2017-02-15;252,376
2017-02-16;161,634
2017-02-17;101,099
2017-02-18;77,4421
2017-02-19;61,1716
2017-02-20;64,2584
2017-02-21;43,531
2017-02-22;32,5994
2017-02-23;56,2111
2017-02-24;57,1849
2017-02-25;56,2111
2017-02-26;46,9735
2017-02-27;37,8494
2017-02-28;32,5994
2017-03-01;29,1102
2017-03-02;27,12
2017-03-03;28,4382
2017-03-04;166,015
2017-03-05;102,439
2017-03-06;66,3625
2017-03-07;47,8566
2017-03-08;37,8494
2017-03-09;42,6927
2017-03-10;82,1369
2017-03-11;147,565
2017-03-12;202,127
2017-03-13;292,716
2017-03-14;142,164
2017-03-15;86,9832
2017-03-16;119,418
2017-03-17;228,163
2017-03-18;138,197
2017-03-19;97,1337
2017-03-20;72,898
2017-03-21;58,1678
2017-03-22;48,7486
2017-03-23;41,8633
2017-03-24;38,6345
2017-03-25;37,8494
2017-03-26;32,5994
2017-03-27;29,7908
2017-03-28;28,4382
2017-03-29;27,12
2017-03-30;25,2065
2017-03-31;23,9733
2017-04-01;22,7739
2017-04-02;22,1868
2017-04-03;21,608
2017-04-04;21,0376
2017-04-05;22,1868
2017-04-06;23,9733
2017-04-07;32,5994
2017-04-08;22,7739
2017-04-09;21,608
2017-04-10;29,1102
2017-04-11;54,2909
2017-04-12;47,8566
2017-04-13;44,3782
2017-04-14;38,6345
2017-04-15;33,3232
2017-04-16;30,48
2017-04-17;29,7908
2017-04-18;29,1102
2017-04-19;26,4737
2017-04-20;25,2065
2017-04-21;23,3694
2017-04-22;22,7739
2017-04-23;21,0376
2017-04-24;19,9218
2017-04-25;24,5857
2017-04-26;1517,59
2017-04-27;497,719
2017-04-28;184,292
2017-04-29;123,034
2017-04-30;90,7179
2017-05-01;69,5883
2017-05-02;58,1678
2017-05-03;54,2909
2017-05-04;48,7486
2017-05-05;60,1612
2017-05-06;54,2909
2017-05-07;46,9735
2017-05-08;43,531
2017-05-09;40,2312
2017-05-10;37,0732
2017-05-11;35,5469
2017-05-12;33,3232
2017-05-13;37,0732
2017-05-14;69,5883
2017-05-15;98,4457
2017-05-16;71,7854
2017-05-17;57,1849
2017-05-18;51,479
2017-05-19;129,216
2017-05-20;195,52
2017-05-21;163,086
2017-05-22;184,292
2017-05-23;123,034
2017-05-24;176,529
2017-05-25;270,058
2017-05-26;219,261
2017-05-27;1498,4
2017-05-28;1340,48
2017-05-29;487,157
2017-05-30;248,549
2017-05-31;538,408
2017-06-01;552,35
2017-06-02;362,97
2017-06-03;233,613
2017-06-04;179,609
2017-06-05;370,284
2017-06-06;260,141
2017-06-07;190,656
2017-06-08;2777,28
2017-06-09;1358,57
2017-06-10;474,124
2017-06-11;226,365
2017-06-12;175,002
2017-06-13;157,328
2017-06-14;135,591
2017-06-15;117,044
2017-06-16;90,7179
2017-06-17;84,5411
2017-06-18;78,6017
2017-06-19;74,0199
2017-06-20;72,898
2017-06-21;61,1716
2017-06-22;53,3445
2017-06-23;51,479
2017-06-24;42,6927
2017-06-25;42,6927
2017-06-26;37,8494
2017-06-27;33,3232
2017-06-28;31,1778
2017-06-29;31,8843
2017-06-30;29,7908
2017-07-01;30,48
2017-07-02;30,48
2017-07-03;27,7748
2017-07-04;28,4382
2017-07-05;27,12
2017-07-06;25,8359
2017-07-07;25,8359
2017-07-08;25,8359
2017-07-09;25,2065
2017-07-10;24,5857
2017-07-11;22,7739
2017-07-12;22,1868
2017-07-13;21,608
2017-07-14;21,0376
2017-07-15;21,0376
2017-07-16;20,4756
2017-07-17;19,3764
2017-07-18;18,8392
2017-07-19;17,7896
2017-07-20;17,2771
2017-07-21;16,7727
2017-07-22;16,7727
2017-07-23;15,7886
2017-07-24;16,7727
2017-07-25;25,2065
2017-07-26;22,1868
2017-07-27;22,7739
2017-07-28;25,2065
2017-07-29;22,7739
2017-07-30;27,12
2017-07-31;13,4697
2017-08-01;15,7886
2017-08-02;16,2766
2017-08-03;21,608
2017-08-04;30,48
2017-08-05;27,7748
2017-08-06;24,5857
2017-08-07;21,0376
2017-08-08;19,9218
2017-08-09;19,9218
2017-08-10;22,7739
2017-08-11;22,7739
2017-08-12;22,7739
2017-08-13;82,1369
2017-08-14;278,163
2017-08-15;119,418
2017-08-16;78,6017
2017-08-17;58,1678
2017-08-18;46,9735
2017-08-19;40,2312
2017-08-20;85,7574
2017-08-21;102,439
2017-08-22;65,3058
2017-08-23;51,479
2017-08-24;42,6927
2017-08-25;38,6345
2017-08-26;34,797
2017-08-27;31,1778
2017-08-28;29,1102
2017-08-29;28,4382
2017-08-30;27,12
2017-08-31;25,2065
2017-09-01;23,9733
2017-09-02;22,7739
2017-09-03;22,1868
2017-09-04;21,608
2017-09-05;21,0376
2017-09-06;20,4756
2017-09-07;19,9218
2017-09-08;19,3764
2017-09-09;18,8392
2017-09-10;18,3103
2017-09-11;17,7896
2017-09-12;17,7896
2017-09-13;18,3103
2017-09-14;17,7896
2017-09-15;22,1868
2017-09-16;63,2203
2017-09-17;112,097
2017-09-18;76,292
2017-09-19;54,2909
2017-09-20;43,531
2017-09-21;36,3057
2017-09-22;31,1778
2017-09-23;29,1102
2017-09-24;27,12
2017-09-25;24,5857
2017-09-26;23,3694
2017-09-27;22,1868
2017-09-28;21,0376
2017-09-29;20,4756
2017-09-30;21,0376
2017-10-01;19,3764
2017-10-02;34,797
2017-10-03;62,1913
2017-10-04;41,8633
2017-10-05;34,0557
2017-10-06;31,1778
2017-10-07;30,48
2017-10-08;29,1102
2017-10-09;27,7748
2017-10-10;25,8359
2017-10-11;36,3057
2017-10-12;397,905
2017-10-13;1036,84
2017-10-14;500,379
2017-10-15;239,145
2017-10-16;130,475
2017-10-17;89,4635
2017-10-18;72,898
2017-10-19;67,4285
2017-10-20;85,7574
2017-10-21;66,3625
2017-10-22;59,1599
2017-10-23;55,2465
2017-10-24;45,2344
2017-10-25;39,4285
2017-10-26;39,4285
2017-10-27;35,5469
2017-10-28;32,5994
2017-10-29;31,8843
2017-10-30;29,1102
2017-10-31;28,4382
2017-11-01;25,8359
2017-11-02;23,9733
2017-11-03;23,3694
2017-11-04;27,7748
2017-11-05;52,4072
2017-11-06;48,7486
2017-11-07;38,6345
2017-11-08;34,797
2017-11-09;31,1778
2017-11-10;35,5469
2017-11-11;45,2344
2017-11-12;39,4285
2017-11-13;33,3232
2017-11-14;29,7908
2017-11-15;23,9733
2017-11-16;24,5857
2017-11-17;28,4382
2017-11-18;56,2111
2017-11-19;133,018
2017-11-20;102,439
2017-11-21;89,4635
2017-11-22;76,292
2017-11-23;58,1678
2017-11-24;46,9735
2017-11-25;40,2312
2017-11-26;303,402
2017-11-27;164,546
2017-11-28;97,1337
2017-11-29;66,3625
2017-11-30;51,479
2017-12-01;42,6927
2017-12-02;37,0732
2017-12-03;32,5994
2017-12-04;29,1102
2017-12-05;31,8843
2017-12-06;27,12
2017-12-07;25,8359
2017-12-08;25,2065
2017-12-09;23,9733
2017-12-10;21,608
2017-12-11;20,4756
2017-12-12;19,9218
2017-12-13;18,3103
2017-12-14;17,7896
2017-12-15;17,2771
2017-12-16;16,2766
2017-12-17;16,2766
2017-12-18;16,2766
2017-12-19;16,2766
2017-12-20;15,7886
2017-12-21;15,7886
2017-12-22;19,9218
2017-12-23;20,4756
2017-12-24;27,7748
2017-12-25;62,1913
2017-12-26;34,797
2017-12-27;26,4737
2017-12-28;24,5857
2017-12-29;21,608
2017-12-30;28,4382
2017-12-31;23,9733
2018-01-01;21,608
2018-01-02;56,2111
2018-01-03;37,8494
2018-01-04;27,7748
2018-01-05;21,608
2018-01-06;18,8392
2018-01-07;17,2771
2018-01-08;16,2766
2018-01-09;15,3086
2018-01-10;14,8368
2018-01-11;14,3731
2018-01-12;13,9174
2018-01-13;13,9174
2018-01-14;14,3731
2018-01-15;14,8368
2018-01-16;14,3731
2018-01-17;18,3103
2018-01-18;19,3764
2018-01-19;17,2771
2018-01-20;18,3103
2018-01-21;17,2771
2018-01-22;158,755
2018-01-23;221,024
2018-01-24;126,72
2018-01-25;103,79
2018-01-26;67,4285
2018-01-27;46,9735
2018-01-28;38,6345
2018-01-29;31,8843
2018-01-30;29,1102
2018-01-31;29,7908
2018-02-01;22,7739
2018-02-02;21,608
2018-02-03;22,1868
2018-02-04;30,48
2018-02-05;26,4737
2018-02-06;31,8843
2018-02-07;40,2312
2018-02-08;32,5994
2018-02-09;30,48
2018-02-10;28,4382
2018-02-11;26,4737
2018-02-12;57,1849
2018-02-13;34,0557
2018-02-14;23,9733
2018-02-15;19,9218
2018-02-16;17,7896
2018-02-17;15,7886
2018-02-18;14,8368
2018-02-19;14,8368
2018-02-20;16,7727
2018-02-21;37,8494
2018-02-22;38,6345
2018-02-23;27,7748
2018-02-24;22,7739
2018-02-25;18,8392
2018-02-26;17,2771
2018-02-27;42,6927
2018-02-28;27,7748
2018-03-01;31,8843
2018-03-02;23,9733
2018-03-03;19,3764
2018-03-04;18,8392
2018-03-05;19,9218
2018-03-06;17,2771
2018-03-07;15,7886
2018-03-08;13,9174
2018-03-09;13,4697
2018-03-10;12,1744
2018-03-11;10,9505
2018-03-12;10,1737
2018-03-13;9,797
2018-03-14;9,4281
2018-03-15;13,03
2018-03-16;18,8392
2018-03-17;25,2065
2018-03-18;18,3103
2018-03-19;15,3086
2018-03-20;16,7727
2018-03-21;51,479
2018-03-22;35,5469
2018-03-23;26,4737
2018-03-24;67,4285
2018-03-25;75,1513
2018-03-26;66,3625
2018-03-27;62,1913
2018-03-28;47,8566
2018-03-29;38,6345
2018-03-30;39,4285
2018-03-31;41,8633
2018-04-01;44,3782
2018-04-02;40,2312
2018-04-03;37,0732
2018-04-04;37,0732
2018-04-05;32,5994
2018-04-06;26,4737
2018-04-07;25,8359
2018-04-08;23,9733
2018-04-09;22,1868
2018-04-10;19,9218
2018-04-11;18,8392
2018-04-12;18,3103
2018-04-13;14,8368
2018-04-14;16,2766
2018-04-15;67,4285
2018-04-16;67,4285
2018-04-17;46,9735
2018-04-18;36,3057
2018-04-19;29,7908
2018-04-20;25,8359
2018-04-21;23,9733
2018-04-22;22,7739
2018-04-23;21,0376
2018-04-24;19,3764
2018-04-25;18,3103
2018-04-26;16,7727
2018-04-27;15,7886
2018-04-28;14,3731
2018-04-29;13,9174
2018-04-30;13,4697
2018-05-01;13,03
2018-05-02;12,5982
2018-05-03;13,03
2018-05-04;16,7727
2018-05-05;17,7896
2018-05-06;17,7896
2018-05-07;20,4756
2018-05-08;25,8359
2018-05-09;25,2065
2018-05-10;24,5857
2018-05-11;25,2065
2018-05-12;30,48
2018-05-13;36,3057
2018-05-14;32,5994
2018-05-15;34,797
2018-05-16;29,7908
2018-05-17;27,12
2018-05-18;21,0376
2018-05-19;148,935
2018-05-20;198,806
2018-05-21;107,9
2018-05-22;68,5037
2018-05-23;49,6497
2018-05-24;39,4285
2018-05-25;32,5994
2018-05-26;28,4382
2018-05-27;25,8359
2018-05-28;23,3694
2018-05-29;21,0376
2018-05-30;19,9218
2018-05-31;18,8392
2018-06-01;18,3103
2018-06-02;18,8392
2018-06-03;29,7908
2018-06-04;25,8359
2018-06-05;23,9733
2018-06-06;23,3694
2018-06-07;22,7739
2018-06-08;21,608
2018-06-09;19,9218
2018-06-10;18,8392
2018-06-11;19,3764
2018-06-12;44,3782
2018-06-13;280,213
2018-06-14;103,79
2018-06-15;67,4285
2018-06-16;49,6497
2018-06-17;40,2312
2018-06-18;35,5469
2018-06-19;31,1778
2018-06-20;27,7748
2018-06-21;25,8359
2018-06-22;23,9733
2018-06-23;22,7739
2018-06-24;25,2065
2018-06-25;109,289
2018-06-26;78,6017
2018-06-27;64,2584
2018-06-28;46,9735
2018-06-29;50,5599
2018-06-30;90,7179
2018-07-01;103,79
2018-07-02;72,898
2018-07-03;65,3058
2018-07-04;55,2465
2018-07-05;113,516
2018-07-06;91,9819
2018-07-07;70,6822
2018-07-08;55,2465
2018-07-09;46,0995
2018-07-10;38,6345
2018-07-11;34,0557
2018-07-12;31,1778
2018-07-13;29,1102
2018-07-14;27,12
2018-07-15;25,2065
2018-07-16;24,5857
2018-07-17;106,52
2018-07-18;69,5883
2018-07-19;49,6497
2018-07-20;39,4285
2018-07-21;49,6497
2018-07-22;59,1599
2018-07-23;47,8566
2018-07-24;72,898
2018-07-25;103,79
2018-07-26;747,746
2018-07-27;316,548
2018-07-28;160,191
2018-07-29;106,52
2018-07-30;77,4421
2018-07-31;60,1612
2018-08-01;63,2203
2018-08-02;55,2465
2018-08-03;50,5599
2018-08-04;97,1337
2018-08-05;76,292
2018-08-06;62,1913
2018-08-07;53,3445
2018-08-08;48,7486
2018-08-09;55,2465
2018-08-10;55,2465
2018-08-11;49,6497
2018-08-12;45,2344
2018-08-13;41,8633
2018-08-14;39,4285
2018-08-15;37,0732
2018-08-16;34,797
2018-08-17;32,5994
2018-08-18;31,1778
2018-08-19;30,48
2018-08-20;31,8843
2018-08-21;120,615
2018-08-22;197,159
2018-08-23;147,565
2018-08-24;129,216
2018-08-25;463,833
2018-08-26;198,806
2018-08-27;125,484
2018-08-28;91,9819
2018-08-29;71,7854
2018-08-30;59,1599
2018-08-31;63,2203
2018-09-01;181,161
2018-09-02;583,695
2018-09-03;527,391
2018-09-04;497,719
2018-09-05;252,376
2018-09-06;157,328
2018-09-07;115,869
2018-09-08;89,4635
2018-09-09;74,0199
2018-09-10;62,1913
2018-09-11;54,2909
2018-09-12;49,6497
2018-09-13;45,2344
2018-09-14;45,2344
2018-09-15;85,7574
2018-09-16;110,688
2018-09-17;112,097
2018-09-18;102,439
2018-09-19;98,4457
2018-09-20;80,9491
2018-09-21;67,4285
2018-09-22;57,1849
2018-09-23;51,479
2018-09-24;123,034
2018-09-25;123,034
2018-09-26;102,439
2018-09-27;89,4635
2018-09-28;76,292
2018-09-29;69,5883
2018-09-30;74,0199
2018-10-01;86,9832
2018-10-02;252,376
2018-10-03;583,695
2018-10-04;348,618
2018-10-05;175,002
2018-10-06;123,034
2018-10-07;94,5386
2018-10-08;76,292
2018-10-09;66,3625
2018-10-10;89,4635
2018-10-11;71,7854
2018-10-12;58,1678
2018-10-13;135,591
2018-10-14;158,755
2018-10-15;102,439
2018-10-16;78,6017
2018-10-17;66,3625
2018-10-18;62,1913
2018-10-19;133,018
2018-10-20;89,4635
2018-10-21;69,5883
2018-10-22;57,1849
2018-10-23;50,5599
2018-10-24;45,2344
2018-10-25;40,2312
2018-10-26;37,0732
2018-10-27;175,002
2018-10-28;131,743
2018-10-29;84,5411
2018-10-30;65,3058
2018-10-31;114,701
2018-11-01;246,65
2018-11-02;151,7
2018-11-03;163,086
2018-11-04;336,938
2018-11-05;181,161
2018-11-06;120,615
2018-11-07;89,4635
2018-11-08;70,6822
2018-11-09;58,1678
2018-11-10;49,6497
2018-11-11;45,2344
2018-11-12;40,2312
2018-11-13;36,3057
2018-11-14;37,8494
2018-11-15;41,0428
2018-11-16;40,2312
2018-11-17;34,0557
2018-11-18;59,1599
2018-11-19;95,8314
2018-11-20;68,5037
2018-11-21;52,4072
2018-11-22;43,531
2018-11-23;38,6345
2018-11-24;133,018
2018-11-25;250,458
2018-11-26;140,833
2018-11-27;95,8314
2018-11-28;71,7854
2018-11-29;74,0199
2018-11-30;254,303
2018-12-01;380,182
2018-12-02;179,609
2018-12-03;121,821
2018-12-04;88,2186
2018-12-05;68,5037
2018-12-06;56,2111
2018-12-07;47,8566
2018-12-08;41,8633
2018-12-09;36,3057
2018-12-10;34,0557
2018-12-11;31,8843
2018-12-12;29,1102
2018-12-13;28,4382
2018-12-14;28,4382
2018-12-15;27,12
2018-12-16;25,8359
2018-12-17;25,2065
2018-12-18;26,4737
2018-12-19;30,48
2018-12-20;50,5599
2018-12-21;102,439
2018-12-22;205,483
2018-12-23;109,289
2018-12-24;71,7854
2018-12-25;54,2909
2018-12-26;54,2909
2018-12-27;228,163
2018-12-28;112,097
2018-12-29;75,1513
2018-12-30;64,2584
2018-12-31;90,7179
2019-01-01;54,2909
2019-01-02;44,3782
2019-01-03;40,2312
2019-01-04;51,479
2019-01-05;52,4072
2019-01-06;37,0732
2019-01-07;41,0428
2019-01-08;36,3057
2019-01-09;44,3782
2019-01-10;64,2584
2019-01-11;119,418
2019-01-12;139,511
2019-01-13;124,255
2019-01-14;124,255
2019-01-15;167,492
2019-01-16;217,508
2019-01-17;154,498
2019-01-18;246,65
2019-01-19;185,87
2019-01-20;126,72
2019-01-21;93,2555
2019-01-22;72,898
2019-01-23;57,1849
2019-01-24;60,1612
2019-01-25;49,6497
2019-01-26;40,2312
2019-01-27;34,0557
2019-01-28;32,5994
2019-01-29;29,1102
2019-01-30;27,7748
2019-01-31;25,8359
2019-02-01;25,2065
2019-02-02;25,2065
2019-02-03;27,7748
2019-02-04;25,2065
2019-02-05;22,7739
2019-02-06;22,1868
2019-02-07;21,0376
2019-02-08;19,9218
2019-02-09;19,3764
2019-02-10;19,3764
2019-02-11;19,9218
2019-02-12;21,608
2019-02-13;20,4756
2019-02-14;19,9218
2019-02-15;21,0376
2019-02-16;66,3625
2019-02-17;43,531
2019-02-18;30,48
2019-02-19;26,4737
2019-02-20;37,0732
2019-02-21;31,1778
2019-02-22;24,5857
2019-02-23;22,1868
2019-02-24;21,0376
2019-02-25;31,8843
2019-02-26;91,9819
2019-02-27;65,3058
2019-02-28;49,6497
2019-03-01;39,4285
2019-03-02;33,3232
2019-03-03;27,12
2019-03-04;25,2065
2019-03-05;23,9733
2019-03-06;27,12
2019-03-07;33,3232
2019-03-08;27,12
2019-03-09;171,973
2019-03-10;113,516
2019-03-11;67,4285
2019-03-12;49,6497
2019-03-13;41,8633
2019-03-14;38,6345
2019-03-15;34,0557
2019-03-16;29,7908
2019-03-17;29,7908
2019-03-18;37,0732
2019-03-19;57,1849
2019-03-20;63,2203
2019-03-21;55,2465
2019-03-22;46,0995
2019-03-23;44,3782
2019-03-24;41,8633
2019-03-25;37,0732
2019-03-26;32,5994
2019-03-27;29,1102
2019-03-28;27,12
2019-03-29;25,8359
2019-03-30;23,9733
2019-03-31;22,7739
2019-04-01;22,7739
2019-04-02;22,7739
2019-04-03;22,7739
2019-04-04;21,608
2019-04-05;28,4382
2019-04-06;25,8359
2019-04-07;26,4737
2019-04-08;28,4382
2019-04-09;27,7748
2019-04-10;25,8359
2019-04-11;23,3694
2019-04-12;23,3694
2019-04-13;21,608
2019-04-14;21,608
2019-04-15;21,0376
2019-04-16;46,0995
2019-04-17;84,5411
2019-04-18;56,2111
2019-04-19;42,6927
2019-04-20;35,5469
2019-04-21;31,1778
2019-04-22;29,7908
2019-04-23;27,7748
2019-04-24;25,8359
2019-04-25;23,9733
2019-04-26;22,7739
2019-04-27;48,7486
2019-04-28;134,301
2019-04-29;102,439
2019-04-30;72,898
2019-05-01;55,2465
2019-05-02;46,0995
2019-05-03;40,2312
2019-05-04;36,3057
2019-05-05;32,5994
2019-05-06;32,5994
2019-05-07;30,48
2019-05-08;30,48
2019-05-09;29,1102
2019-05-10;34,797
2019-05-11;185,87
2019-05-12;131,743
2019-05-13;110,688
2019-05-14;86,9832
2019-05-15;71,7854
2019-05-16;62,1913
2019-05-17;53,3445
2019-05-18;47,8566
2019-05-19;39,4285
2019-05-20;36,3057
2019-05-21;36,3057
2019-05-22;58,1678
2019-05-23;57,1849
2019-05-24;59,1599
2019-05-25;400,479
2019-05-26;400,479
2019-05-27;288,51
2019-05-28;343,915
2019-05-29;280,213
2019-05-30;161,634
2019-05-31;173,483
2019-06-01;147,565
2019-06-02;118,227
2019-06-03;91,9819
2019-06-04;74,0199
2019-06-05;62,1913
2019-06-06;54,2909
2019-06-07;48,7486
2019-06-08;44,3782
2019-06-09;41,0428
2019-06-10;37,0732
2019-06-11;35,5469
2019-06-12;32,5994
2019-06-13;30,48
2019-06-14;29,7908
2019-06-15;29,1102
2019-06-16;29,1102
2019-06-17;27,7748
2019-06-18;27,7748
2019-06-19;26,4737
2019-06-20;25,2065
2019-06-21;23,9733
2019-06-22;23,9733
2019-06-23;23,3694
2019-06-24;22,7739
2019-06-25;22,7739
2019-06-26;26,4737
2019-06-27;29,7908
2019-06-28;28,4382
2019-06-29;25,8359
2019-06-30;27,12
2019-07-01;110,688
2019-07-02;178,065
2019-07-03;110,688
2019-07-04;102,439
2019-07-05;68,5037
2019-07-06;54,2909
2019-07-07;46,0995
2019-07-08;41,0428
2019-07-09;37,0732
2019-07-10;34,797
2019-07-11;31,8843
2019-07-12;29,7908
2019-07-13;29,1102
2019-07-14;29,1102
2019-07-15;28,4382
2019-07-16;27,7748
2019-07-17;25,8359
2019-07-18;25,2065
2019-07-19;25,2065
2019-07-20;23,9733
2019-07-21;23,9733
2019-07-22;23,9733
2019-07-23;22,7739
2019-07-24;25,8359
2019-07-25;25,8359
2019-07-26;24,5857
2019-07-27;24,5857
2019-07-28;23,9733
2019-07-29;22,7739
2019-07-30;25,2065
2019-07-31;42,6927
2019-08-01;37,8494
2019-08-02;34,797
2019-08-03;43,531
2019-08-04;43,531
2019-08-05;37,0732
2019-08-06;31,8843
2019-08-07;29,1102
2019-08-08;27,7748
2019-08-09;34,0557
2019-08-10;34,797
2019-08-11;31,1778
2019-08-12;28,4382
2019-08-13;30,48
2019-08-14;31,8843
2019-08-15;29,7908
2019-08-16;27,12
2019-08-17;26,4737
2019-08-18;25,2065
2019-08-19;23,9733
2019-08-20;22,7739
2019-08-21;21,608
2019-08-22;21,0376
2019-08-23;20,4756
2019-08-24;20,4756
2019-08-25;19,9218
2019-08-26;19,3764
2019-08-27;19,3764
2019-08-28;18,8392
2019-08-29;18,3103
2019-08-30;18,3103
2019-08-31;37,8494
2019-09-01;90,7179
2019-09-02;58,1678
2019-09-03;42,6927
2019-09-04;34,0557
2019-09-05;29,1102
2019-09-06;26,4737
2019-09-07;31,1778
2019-09-08;36,3057
2019-09-09;31,1778
2019-09-10;28,4382
2019-09-11;25,8359
2019-09-12;26,4737
2019-09-13;27,12
2019-09-14;25,8359
2019-09-15;23,9733
2019-09-16;22,7739
2019-09-17;40,2312
2019-09-18;88,2186
2019-09-19;69,5883
2019-09-20;60,1612
2019-09-21;48,7486
2019-09-22;41,0428
2019-09-23;33,3232
2019-09-24;29,7908
2019-09-25;27,12
2019-09-26;24,5857
2019-09-27;23,3694
2019-09-28;21,608
2019-09-29;21,0376
2019-09-30;19,9218
2019-10-01;19,3764
2019-10-02;19,3764
2019-10-03;24,5857
2019-10-04;47,8566
2019-10-05;154,498
2019-10-06;282,273
2019-10-07;167,492
2019-10-08;109,289
2019-10-09;75,1513
2019-10-10;58,1678
2019-10-11;46,9735
2019-10-12;39,4285
2019-10-13;34,797
2019-10-14;64,2584
2019-10-15;59,1599
2019-10-16;70,6822
2019-10-17;192,269
2019-10-18;222,795
2019-10-19;139,511
2019-10-20;91,9819
2019-10-21;79,7706
2019-10-22;135,591
2019-10-23;101,099
2019-10-24;77,4421
2019-10-25;61,1716
2019-10-26;50,5599
2019-10-27;54,2909
2019-10-28;110,688
2019-10-29;139,511
2019-10-30;244,76
2019-10-31;403,063
2019-11-01;395,342
2019-11-02;175,002
2019-11-03;126,72
2019-11-04;115,869
2019-11-05;1800,1
2019-11-06;572,19
2019-11-07;231,788
2019-11-08;198,806
2019-11-09;208,874
2019-11-10;343,915
2019-11-11;195,52
2019-11-12;161,634
2019-11-13;124,255
2019-11-14;93,2555
2019-11-15;77,4421
2019-11-16;65,3058
2019-11-17;55,2465
2019-11-18;51,479
2019-11-19;42,6927
2019-11-20;40,2312
2019-11-21;36,3057
2019-11-22;32,5994
2019-11-23;31,1778
2019-11-24;29,7908
2019-11-25;28,4382
2019-11-26;27,12
2019-11-27;28,4382
2019-11-28;33,3232
2019-11-29;32,5994
2019-11-30;25,2065
2019-12-01;24,5857
2019-12-02;25,8359
2019-12-03;23,3694
2019-12-04;22,7739
2019-12-05;22,7739
2019-12-06;22,7739
2019-12-07;22,7739
2019-12-08;21,0376
2019-12-09;19,3764
2019-12-10;18,8392
2019-12-11;18,3103
2019-12-12;18,3103
2019-12-13;17,2771
2019-12-14;16,7727
2019-12-15;26,4737
2019-12-16;28,4382
2019-12-17;29,1102
2019-12-18;24,5857
2019-12-19;21,0376
2019-12-20;19,9218
2019-12-21;18,3103
2019-12-22;18,3103
2019-12-23;17,2771
2019-12-24;16,7727
2019-12-25;15,7886
2019-12-26;15,3086
2019-12-27;14,8368
2019-12-28;14,3731
2019-12-29;13,9174
2019-12-30;13,9174
2019-12-31;13,4697
2020-01-01;13,4697
2020-01-02;13,4697
2020-01-03;15,7886
2020-01-04;14,8368
2020-01-05;13,9174
2020-01-06;13,03
2020-01-07;12,5982
2020-01-08;12,5982
2020-01-09;12,5982
2020-01-10;12,1744
2020-01-11;16,7727
2020-01-12;47,8566
2020-01-13;26,4737
2020-01-14;20,4756
2020-01-15;17,7896
2020-01-16;17,2771
2020-01-17;26,4737
2020-01-18;30,48
2020-01-19;22,7739
2020-01-20;19,9218
2020-01-21;18,8392
2020-01-22;18,8392
2020-01-23;18,3103
2020-01-24;18,3103
2020-01-25;18,3103
2020-01-26;16,7727
2020-01-27;15,7886
2020-01-28;16,2766
2020-01-29;15,3086
2020-01-30;23,3694
2020-01-31;26,4737
2020-02-01;22,7739
2020-02-02;19,3764
2020-02-03;17,7896
2020-02-04;17,2771
2020-02-05;15,7886
2020-02-06;16,7727
2020-02-07;16,2766
2020-02-08;15,3086
2020-02-09;15,3086
2020-02-10;15,7886
2020-02-11;15,3086
2020-02-12;15,3086
2020-02-13;14,3731
2020-02-14;14,3731
2020-02-15;14,3731
2020-02-16;14,3731
2020-02-17;14,3731
2020-02-18;14,3731
2020-02-19;14,3731
2020-02-20;14,3731
2020-02-21;14,3731
2020-02-22;13,4697
2020-02-23;13,4697
2020-02-24;13,03
2020-02-25;10,5582
2020-02-26;33,3232
2020-02-27;37,0732
2020-02-28;23,3694
2020-02-29;17,2771
2020-03-01;13,9174
2020-03-02;13,03
2020-03-03;12,1744
2020-03-04;11,3506
2020-03-05;10,9505
2020-03-06;10,9505
2020-03-07;10,5582
2020-03-08;10,1737
2020-03-09;9,797
2020-03-10;9,4281
2020-03-11;9,4281
2020-03-12;9,4281
2020-03-13;9,4281
2020-03-14;9,4281
2020-03-15;8,7134
2020-03-16;8,7134
2020-03-17;8,7134
2020-03-18;8,7134
2020-03-19;8,7134
2020-03-20;8,7134
2020-03-21;8,7134
2020-03-22;8,7134
2020-03-23;8,7134
2020-03-24;8,7134
2020-03-25;8,7134
2020-03-26;8,7134
2020-03-27;8,3676
2020-03-28;8,0295
2020-03-29;8,0295
2020-03-30;8,0295
2020-03-31;8,0295
2020-04-01;8,0295
2020-04-02;8,3676
2020-04-03;8,7134
2020-04-04;8,7134
2020-04-05;8,0295
2020-04-06;8,3676
2020-04-07;8,7134
2020-04-08;9,797
2020-04-09;13,03
2020-04-10;11,7586
2020-04-11;10,1737
2020-04-12;9,4281
2020-04-13;8,7134
2020-04-14;8,7134
2020-04-15;8,7134
2020-04-16;8,3676
2020-04-17;8,7134
2020-04-18;8,7134
2020-04-19;8,7134
2020-04-20;8,7134
2020-04-21;8,0295
2020-04-22;8,0295
2020-04-23;8,0295
2020-04-24;8,0295
2020-04-25;8,0295
2020-04-26;8,0295
2020-04-27;8,0295
2020-04-28;8,0295
2020-04-29;8,0295
2020-04-30;8,0295
2020-05-01;8,0295
2020-05-02;8,0295
2020-05-03;7,3759
2020-05-04;7,3759
2020-05-05;8,0295
2020-05-06;8,0295
2020-05-07;8,3676
2020-05-08;13,4697
2020-05-09;10,5582
2020-05-10;9,4281
2020-05-11;8,7134
2020-05-12;9,0669
2020-05-13;9,4281
2020-05-14;9,0669
2020-05-15;8,7134
2020-05-16;8,7134
2020-05-17;8,7134
2020-05-18;8,7134
2020-05-19;8,7134
2020-05-20;8,0295
2020-05-21;8,0295
2020-05-22;17,7896
2020-05-23;38,6345
2020-05-24;40,2312
2020-05-25;29,1102
2020-05-26;23,9733
2020-05-27;20,4756
2020-05-28;17,2771
2020-05-29;15,7886
2020-05-30;14,3731
2020-05-31;13,4697
2020-06-01;13,03
2020-06-02;12,5982
2020-06-03;12,1744
2020-06-04;11,7586
2020-06-05;12,5982
2020-06-06;35,5469
2020-06-07;66,3625
2020-06-08;47,8566
2020-06-09;37,8494
2020-06-10;31,1778
2020-06-11;33,3232
2020-06-12;35,5469
2020-06-13;35,5469
2020-06-14;46,9735
2020-06-15;46,9735
2020-06-16;37,8494
2020-06-17;37,8494
2020-06-18;33,3232
2020-06-19;35,5469
2020-06-20;31,8843
2020-06-21;30,48
2020-06-22;31,8843
2020-06-23;31,8843
2020-06-24;30,48
2020-06-25;29,1102
2020-06-26;30,48
2020-06-27;23,9733
2020-06-28;21,0376
2020-06-29;17,7896
2020-06-30;549,547
2020-07-01;595,322
2020-07-02;198,806
2020-07-03;118,227
2020-07-04;82,1369
2020-07-05;71,7854
2020-07-06;538,408
2020-07-07;395,342
2020-07-08;5077,11
2020-07-09;1028,99
2020-07-10;258,131
2020-07-11;182,778
2020-07-12;1450,97
2020-07-13;580,807
2020-07-14;261,887
2020-07-15;172,06
2020-07-16;136,589
2020-07-17;505,72
2020-07-18;299,014
2020-07-19;185,904
2020-07-20;135,261
2020-07-21;108,96
2020-07-22;90,1761
2020-07-23;75,5046
2020-07-24;65,3927
2020-07-25;60,1032
2020-07-26;55,0468
2020-07-27;50,2226
2020-07-28;111,334
2020-07-29;173,57
2020-07-30;127,437
2020-07-31;100,864
2020-08-01;80,2436
2020-08-02;66,4787
2020-08-03;58,0527
2020-08-04;51,1689
2020-08-05;45,6297
2020-08-06;40,4219
2020-08-07;37,9417
2020-08-08;36,3338
2020-08-09;32,4735
2020-08-10;30,266
2020-08-11;30,266
2020-08-12;79,0447
2020-08-13;218,723
2020-08-14;169,062
2020-08-15;210,251
2020-08-16;254,404
2020-08-17;173,57
2020-08-18;122,358
2020-08-19;100,864
2020-08-20;80,2436
2020-08-21;66,4787
2020-08-22;56,0394
2020-08-23;49,2856
2020-08-24;43,857
2020-08-25;40,4219
2020-08-26;37,1332
2020-08-27;34,7624
2020-08-28;33,2274
2020-08-29;30,9928
2020-08-30;30,266
2020-08-31;28,8395
2020-09-01;27,4491
2020-09-02;25,4308
2020-09-03;24,776
2020-09-04;23,4931
2020-09-05;22,865
2020-09-06;31,7286
2020-09-07;45,6297
2020-09-08;53,0893
2020-09-09;57,0414
2020-09-10;45,6297
2020-09-11;39,586
2020-09-12;35,5436
2020-09-13;35,5436
2020-09-14;36,3338
2020-09-15;37,9417
2020-09-16;46,5298
2020-09-17;98,6121
2020-09-18;108,96
2020-09-19;82,6698
2020-09-20;63,2489
2020-09-21;50,2226
2020-09-22;42,9845
2020-09-23;38,7593
2020-09-24;33,9904
2020-09-25;30,266
2020-09-26;28,8395
2020-09-27;28,8395
2020-09-28;37,9417
2020-09-29;36,3338
2020-09-30;33,2274
2020-10-01;29,5483
2020-10-02;27,4491
2020-10-03;26,7674
2020-10-04;29,5483
2020-10-05;26,7674
2020-10-06;26,0946
2020-10-07;24,1301
2020-10-08;22,865
2020-10-09;22,2459
2020-10-10;21,0343
2020-10-11;21,0343
2020-10-12;21,0343
2020-10-13;19,8582
2020-10-14;19,2834
2020-10-15;18,7175
2020-10-16;18,1604
2020-10-17;17,0726
2020-10-18;16,0199
2020-10-19;14,5066
2020-10-20;11,2798
2020-10-21;10,8535
2020-10-22;10,8535
2020-10-23;10,8535
2020-10-24;10,4357
2020-10-25;10,0265
2020-10-26;10,4357
2020-10-27;15,5067
2020-10-28;17,6121
2020-10-29;17,0726
2020-10-30;16,5418
2020-10-31;12,6107
2020-11-01;9,6258
2020-11-02;9,2338
2020-11-03;9,2338
2020-11-04;8,8502
2020-11-05;7,7506
2020-11-06;7,7506
2020-11-07;7,7506
2020-11-08;7,7506
2020-11-09;7,7506
2020-11-10;7,7506
2020-11-11;7,7506
2020-11-12;7,7506
2020-11-13;19,2834
2020-11-14;18,7175
2020-11-15;14,5066
2020-11-16;11,7148
2020-11-17;10,8535
2020-11-18;17,0726
2020-11-19;14,5066
2020-11-20;12,1585
2020-11-21;10,0265
2020-11-22;9,2338
2020-11-23;8,8502
2020-11-24;10,4357
2020-11-25;8,4752
2020-11-26;8,4752
2020-11-27;7,7506
2020-11-28;8,1086
2020-11-29;10,8535
2020-11-30;10,0265
2020-12-01;23,4931
2020-12-02;17,0726
2020-12-03;25,4308
2020-12-04;34,7624
2020-12-05;34,7624
2020-12-06;26,7674
2020-12-07;22,2459
2020-12-08;19,8582
2020-12-09;17,0726
2020-12-10;15,5067
2020-12-11;13,5413
2020-12-12;12,1585
2020-12-13;11,7148
2020-12-14;14,5066
2020-12-15;17,6121
2020-12-16;18,1604
2020-12-17;16,5418
2020-12-18;27,4491
2020-12-19;20,4418
2020-12-20;18,1604
2020-12-21;16,5418
2020-12-22;18,7175
2020-12-23;17,0726
2020-12-24;15,0023
2020-12-25;12,1585
2020-12-26;11,2798
2020-12-27;10,0265
2020-12-28;9,2338
2020-12-29;17,0726
2020-12-30;15,0023
2020-12-31;12,1585
2021-01-01;10,0265
2021-01-02;9,6258
2021-01-03;9,2338
2021-01-04;7,7506
2021-01-05;7,7506
2021-01-06;7,0598
2021-01-07;7,7506
2021-01-08;9,6258
2021-01-09;8,8502
2021-01-10;7,7506
2021-01-11;6,7271
2021-01-12;6,4027
2021-01-13;6,4027
2021-01-14;6,4027
2021-01-15;6,0868
2021-01-16;5,48
2021-01-17;8,1086
2021-01-18;11,7148
2021-01-19;9,6258
2021-01-20;8,1086
2021-01-21;8,1086
2021-01-22;8,1086
2021-01-23;10,4357
2021-01-24;11,2798
2021-01-25;36,3338
2021-01-26;18,7175
2021-01-27;30,266
2021-01-28;42,1211
2021-01-29;227,374
2021-01-30;245,214
2021-01-31;192,24
2021-02-01;223,892
2021-02-02;140,616
2021-02-03;92,7541
2021-02-04;75,5046
2021-02-05;110,144
2021-02-06;80,2436
2021-02-07;59,0733
2021-02-08;46,5298
2021-02-09;36,3338
2021-02-10;30,266
2021-02-11;26,0946
2021-02-12;25,4308
2021-02-13;22,865
2021-02-14;23,4931
2021-02-15;26,0946
2021-02-16;27,4491
2021-02-17;22,2459
2021-02-18;19,8582
2021-02-19;16,5418
2021-02-20;15,5067
2021-02-21;14,5066
2021-02-22;13,0717
2021-02-23;11,7148
2021-02-24;15,0023
2021-02-25;16,0199
2021-02-26;15,5067
2021-02-27;13,0717
2021-02-28;10,8535
2021-03-01;9,6258
2021-03-02;8,1086
2021-03-03;9,6258
2021-03-04;16,0199
2021-03-05;16,0199
2021-03-06;22,2459
2021-03-07;17,6121
2021-03-08;17,6121
2021-03-09;13,0717
2021-03-10;11,7148
2021-03-11;10,0265
2021-03-12;8,8502
2021-03-13;8,4752
2021-03-14;8,4752
2021-03-15;7,7506
2021-03-16;7,401
2021-03-17;11,2798
2021-03-18;10,8535
2021-03-19;10,8535
2021-03-20;11,7148
2021-03-21;11,2798
2021-03-22;12,6107
2021-03-23;11,7148
2021-03-24;13,5413
2021-03-25;12,1585
2021-03-26;11,7148
2021-03-27;17,0726
2021-03-28;28,8395
2021-03-29;30,266
2021-03-30;30,266
2021-03-31;23,4931
2021-04-01;19,8582
2021-04-02;17,6121
2021-04-03;15,5067
2021-04-04;13,0717
2021-04-05;11,7148
2021-04-06;10,8535
2021-04-07;10,0265
2021-04-08;8,4752
2021-04-09;8,4752
2021-04-10;7,7506
2021-04-11;7,7506
2021-04-12;7,7506
2021-04-13;7,401
2021-04-14;7,0598
2021-04-15;6,7271
2021-04-16;6,4027
2021-04-17;7,401
2021-04-18;8,4752
2021-04-19;8,4752
2021-04-20;8,4752
2021-04-21;7,401
2021-04-22;6,7271
2021-04-23;6,4027
2021-04-24;5,7792
2021-04-25;5,7792
2021-04-26;5,7792
2021-04-27;5,189
2021-04-28;5,189
2021-04-29;5,189
2021-04-30;5,189
2021-05-01;5,189
2021-05-02;5,189
2021-05-03;5,189
2021-05-04;5,189
2021-05-05;6,0868
2021-05-06;8,8502
2021-05-07;12,6107
2021-05-08;17,0726
2021-05-09;13,5413
2021-05-10;10,8535
2021-05-11;9,6258
2021-05-12;8,4752
2021-05-13;8,4752
2021-05-14;8,4752
2021-05-15;8,1086
2021-05-16;7,7506
2021-05-17;7,0598
2021-05-18;6,7271
2021-05-19;7,0598
2021-05-20;6,7271
2021-05-21;7,7506
2021-05-22;113,736
2021-05-23;102,0
2021-05-24;60,1032
2021-05-25;41,2669
2021-05-26;32,4735
2021-05-27;26,0946
2021-05-28;30,9928
2021-05-29;711,914
2021-05-30;263,775
2021-05-31;131,318
2021-06-01;90,1761
2021-06-02;65,3927
2021-06-03;52,1245
2021-06-04;44,7388
2021-06-05;37,9417
2021-06-06;40,4219
2021-06-07;37,1332
2021-06-08;33,9904
2021-06-09;32,4735
2021-06-10;54,0634
2021-06-11;290,979
2021-06-12;140,616
2021-06-13;97,4963
2021-06-14;72,0494
2021-06-15;58,0527
2021-06-16;48,3578
2021-06-17;40,4219
2021-06-18;37,1332
2021-06-19;32,4735
2021-06-20;33,2274
2021-06-21;42,9845
2021-06-22;37,9417
2021-06-23;32,4735
2021-06-24;30,9928
2021-06-25;60,1032
2021-06-26;136,589
2021-06-27;557,981
2021-06-28;409,381
2021-06-29;201,957
2021-06-30;131,318
2021-07-01;99,7346
2021-07-02;76,6752
2021-07-03;62,1909
2021-07-04;53,0893
2021-07-05;45,6297
2021-07-06;40,4219
2021-07-07;36,3338
2021-07-08;32,4735
2021-07-09;30,266
2021-07-10;28,8395
2021-07-11;27,4491
2021-07-12;24,1301
2021-07-13;23,4931
2021-07-14;22,2459
2021-07-15;21,6357
2021-07-16;23,4931
2021-07-17;24,1301
2021-07-18;21,6357
2021-07-19;19,8582
2021-07-20;17,6121
2021-07-21;17,6121
2021-07-22;17,0726
2021-07-23;16,5418
2021-07-24;16,0199
2021-07-25;15,5067
2021-07-26;15,0023
2021-07-27;16,0199
2021-07-28;20,4418
2021-07-29;21,6357
2021-07-30;18,1604
2021-07-31;16,5418
2021-08-01;15,5067
2021-08-02;15,5067
2021-08-03;15,5067
2021-08-04;14,5066
2021-08-05;13,5413
2021-08-06;12,6107
2021-08-07;12,6107
2021-08-08;12,6107
2021-08-09;11,7148
2021-08-10;13,0717
2021-08-11;15,0023
2021-08-12;19,8582
2021-08-13;18,7175
2021-08-14;16,0199
2021-08-15;15,5067
2021-08-16;14,0196
2021-08-17;12,6107
2021-08-18;13,0717
2021-08-19;12,6107
2021-08-20;11,7148
2021-08-21;11,7148
2021-08-22;10,8535
2021-08-23;10,8535
2021-08-24;10,8535
2021-08-25;58,0527
2021-08-26;256,264
2021-08-27;163,148
2021-08-28;103,143
2021-08-29;70,9164
2021-08-30;53,0893
2021-08-31;42,9845
2021-09-01;36,3338
2021-09-02;30,9928
2021-09-03;28,1398
2021-09-04;24,776
2021-09-05;24,776
2021-09-06;24,1301
2021-09-07;26,7674
2021-09-08;137,924
2021-09-09;170,557
2021-09-10;117,39
2021-09-11;82,6698
2021-09-12;62,1909
2021-09-13;56,0394
2021-09-14;132,625
2021-09-15;166,091
2021-09-16;111,334
2021-09-17;88,9013
2021-09-18;239,786
2021-09-19;175,087
2021-09-20;121,106
2021-09-21;96,3873
2021-09-22;77,8552
2021-09-23;64,3161
2021-09-24;62,1909
2021-09-25;62,1909
2021-09-26;55,0468
2021-09-27;48,3578
2021-09-28;42,1211
2021-09-29;42,1211
2021-09-30;41,2669
2021-10-01;139,266
2021-10-02;175,087
2021-10-03;124,884
2021-10-04;121,106
2021-10-05;100,864
2021-10-06;85,134
2021-10-07;104,293
2021-10-08;108,96
2021-10-09;119,86
2021-10-10;100,864
2021-10-11;85,134
2021-10-12;80,2436
2021-10-13;83,8972
2021-10-14;67,5741
2021-10-15;69,7929
2021-10-16;195,451
2021-10-17;118,622
2021-10-18;95,285
2021-10-19;77,8552
2021-10-20;63,2489
2021-10-21;54,0634
2021-10-22;47,4392
2021-10-23;43,857
2021-10-24;45,6297
2021-10-25;45,6297
2021-10-26;37,9417
2021-10-27;32,4735
2021-10-28;28,1398
2021-10-29;26,0946
2021-10-30;23,4931
2021-10-31;28,1398
2021-11-01;26,0946
2021-11-02;22,2459
2021-11-03;21,0343
2021-11-04;21,0343
2021-11-05;21,0343
2021-11-06;19,8582
2021-11-07;18,1604
2021-11-08;16,5418
2021-11-09;15,5067
2021-11-10;14,5066
2021-11-11;14,5066
2021-11-12;13,0717
2021-11-13;12,6107
2021-11-14;11,7148
2021-11-15;11,7148
2021-11-16;10,4357
2021-11-17;13,5413
2021-11-18;11,7148
2021-11-19;12,6107
2021-11-20;13,0717
2021-11-21;14,0196
2021-11-22;12,6107
2021-11-23;10,8535
2021-11-24;10,0265
2021-11-25;9,2338
2021-11-26;9,2338
2021-11-27;8,4752
2021-11-28;10,0265
2021-11-29;9,2338
2021-11-30;10,0265
2021-12-01;12,1585
2021-12-02;10,4357
2021-12-03;10,0265
2021-12-04;8,8502
2021-12-05;8,4752
2021-12-06;9,2338
2021-12-07;9,2338
2021-12-08;9,2338
2021-12-09;10,0265
2021-12-10;8,8502
2021-12-11;7,7506
2021-12-12;8,1086
2021-12-13;8,8502
2021-12-14;8,8502
2021-12-15;10,0265
2021-12-16;9,6258
2021-12-17;10,0265
2021-12-18;7,401
2021-12-19;5,7792
2021-12-20;5,48
2021-12-21;5,189
2021-12-22;6,0868
2021-12-23;15,0023
2021-12-24;10,4357
2021-12-25;7,7506
2021-12-26;6,7271
2021-12-27;5,7792
2021-12-28;5,189
2021-12-29;5,189
2021-12-30;4,6321
2021-12-31;4,6321
2022-01-01;3,8585
2022-01-02;3,8585
2022-01-03;3,8585
2022-01-04;3,6171
2022-01-05;4,1082
2022-01-06;5,189
2022-01-07;4,6321
2022-01-08;4,1082
2022-01-09;4,6321
2022-01-10;4,1082
2022-01-11;3,6171
2022-01-12;3,1586
2022-01-13;2,7326
2022-01-14;2,3388
2022-01-15;2,5317
2022-01-16;2,7326
2022-01-17;1,9769
2022-01-18;2,3388
2022-01-19;2,5317
2022-01-20;3,3838
2022-01-21;4,366
2022-01-22;3,1586
2022-01-23;2,7326
2022-01-24;3,8585
2022-01-25;6,0868
2022-01-26;4,1082
2022-01-27;18,1604
2022-01-28;19,8582
2022-01-29;12,1585
2022-01-30;10,0265
2022-01-31;7,401
2022-02-01;6,0868
2022-02-02;4,9064
2022-02-03;4,1082
2022-02-04;3,3838
2022-02-05;3,1586
2022-02-06;4,366
2022-02-07;10,4357
2022-02-08;7,0598
2022-02-09;5,48
2022-02-10;4,9064
2022-02-11;3,8585
2022-02-12;3,8585
2022-02-13;4,1082
2022-02-14;4,366
2022-02-15;3,6171
2022-02-16;4,1082
2022-02-17;4,9064
2022-02-18;5,7792
2022-02-19;6,0868
2022-02-20;5,7792
2022-02-21;4,366
2022-02-22;3,3838
2022-02-23;4,9064
2022-02-24;3,3838
2022-02-25;6,7271
2022-02-26;13,5413
2022-02-27;19,8582
2022-02-28;12,1585
2022-03-01;9,6258
2022-03-02;7,0598
2022-03-03;6,0868
2022-03-04;4,9064
2022-03-05;4,6321
2022-03-06;3,8585
2022-03-07;4,1082
2022-03-08;4,1082
2022-03-09;4,366
2022-03-10;4,1082
2022-03-11;9,6258
2022-03-12;12,6107
2022-03-13;10,4357
2022-03-14;8,4752
2022-03-15;10,4357
2022-03-16;9,6258
2022-03-17;8,1086
2022-03-18;6,7271
2022-03-19;6,7271
2022-03-20;6,7271
2022-03-21;5,7792
2022-03-22;6,0868
2022-03-23;5,7792
2022-03-24;307,166
2022-03-25;164,616
2022-03-26;77,8552
2022-03-27;46,5298
2022-03-28;32,4735
2022-03-29;24,776
2022-03-30;26,0946
2022-03-31;30,266
2022-04-01;31,7286
2022-04-02;28,1398
2022-04-03;26,7674
2022-04-04;176,611
2022-04-05;241,588
2022-04-06;118,622
2022-04-07;77,8552
2022-04-08;60,1032
2022-04-09;54,0634
2022-04-10;42,9845
2022-04-11;40,4219
2022-04-12;47,4392
2022-04-13;60,1032
2022-04-14;50,2226
2022-04-15;41,2669
2022-04-16;35,5436
2022-04-17;30,9928
2022-04-18;26,7674
2022-04-19;24,1301
2022-04-20;20,4418
2022-04-21;19,2834
2022-04-22;17,0726
2022-04-23;16,5418
2022-04-24;17,0726
2022-04-25;17,0726
2022-04-26;40,4219
2022-04-27;95,285
2022-04-28;107,783
2022-04-29;163,148
2022-04-30;114,947
2022-05-01;395,159
2022-05-02;655,299
2022-05-03;1183,46
2022-05-04;643,058
2022-05-05;411,778
2022-05-06;220,439
2022-05-07;148,856
2022-05-08;112,532
2022-05-09;88,9013
2022-05-10;73,1917
2022-05-11;65,3927
2022-05-12;58,0527
2022-05-13;50,2226
2022-05-14;44,7388
2022-05-15;49,2856
2022-05-16;64,3161
2022-05-17;66,4787
2022-05-18;59,0733
2022-05-19;63,2489
2022-05-20;67,5741
2022-05-21;64,3161
2022-05-22;57,0414
2022-05-23;51,1689
2022-05-24;46,5298
2022-05-25;42,1211
2022-05-26;42,9845
2022-05-27;54,0634
2022-05-28;131,318
2022-05-29;399,87
2022-05-30;1265,03
2022-05-31;358,543
2022-06-01;208,578
2022-06-02;151,659
2022-06-03;121,106
2022-06-04;99,7346
2022-06-05;88,9013
2022-06-06;250,706
2022-06-07;560,807
2022-06-08;275,26
2022-06-09;178,142
2022-06-10;132,625
2022-06-11;105,449
2022-06-12;86,3802
2022-06-13;73,1917
2022-06-14;63,2489
2022-06-15;57,0414
2022-06-16;51,1689
2022-06-17;103,143
2022-06-18;451,138
2022-06-19;215,313
2022-06-20;141,972
2022-06-21;127,437
2022-06-22;683,294
2022-06-23;575,055
2022-06-24;311,285
2022-06-25;236,204
2022-06-26;179,68
2022-06-27;141,972
2022-06-28;117,39
2022-06-29;104,293
2022-06-30;90,1761
2022-07-01;79,0447
2022-07-02;68,6788
2022-07-03;61,1424
2022-07-04;55,0468
2022-07-05;49,2856
2022-07-06;45,6297
2022-07-07;42,1211
2022-07-08;49,2856
2022-07-09;45,6297
2022-07-10;40,4219
2022-07-11;38,7593
2022-07-12;44,7388
2022-07-13;51,1689
2022-07-14;72,0494
2022-07-15;131,318
2022-07-16;113,736
2022-07-17;160,234
2022-07-18;130,017
2022-07-19;99,7346
2022-07-20;79,0447
2022-07-21;65,3927
2022-07-22;57,0414
2022-07-23;49,2856
2022-07-24;43,857
2022-07-25;40,4219
2022-07-26;37,1332
2022-07-27;34,7624
2022-07-28;32,4735
2022-07-29;37,1332
2022-07-30;36,3338
2022-07-31;32,4735
2022-08-01;30,266
2022-08-02;28,8395
2022-08-03;27,4491
2022-08-04;27,4491
2022-08-05;37,1332
2022-08-06;35,5436
2022-08-07;32,4735
2022-08-08;34,7624
2022-08-09;33,9904
2022-08-10;65,3927
2022-08-11;132,625
2022-08-12;105,449
2022-08-13;73,1917
2022-08-14;57,0414
2022-08-15;49,2856
2022-08-16;53,0893
2022-08-17;59,0733
2022-08-18;58,0527
2022-08-19;82,6698
2022-08-20;76,6752
2022-08-21;62,1909
2022-08-22;52,1245
2022-08-23;45,6297
2022-08-24;40,4219
2022-08-25;37,1332
2022-08-26;32,4735
2022-08-27;30,266
2022-08-28;31,7286
2022-08-29;30,266
2022-08-30;28,1398
2022-08-31;26,0946
2022-09-01;24,776
2022-09-02;24,776
2022-09-03;24,776
2022-09-04;26,7674
2022-09-05;25,4308
2022-09-06;24,1301
2022-09-07;23,4931
2022-09-08;23,4931
2022-09-09;23,4931
2022-09-10;22,2459
2022-09-11;21,6357
2022-09-12;21,0343
2022-09-13;19,8582
2022-09-14;20,4418
2022-09-15;19,8582
2022-09-16;18,7175
2022-09-17;18,1604
2022-09-18;17,6121
2022-09-19;19,2834
2022-09-20;23,4931
2022-09-21;26,7674
2022-09-22;27,4491
2022-09-23;23,4931
2022-09-24;19,8582
2022-09-25;18,1604
2022-09-26;16,5418
2022-09-27;15,5067
2022-09-28;15,0023
2022-09-29;14,0196
2022-09-30;13,0717
2022-10-01;15,0023
2022-10-02;13,5413
2022-10-03;12,6107
2022-10-04;12,1585
2022-10-05;11,7148
2022-10-06;11,2798
2022-10-07;18,1604
2022-10-08;41,2669
2022-10-09;31,7286
2022-10-10;25,4308
2022-10-11;29,5483
2022-10-12;45,6297
2022-10-13;62,1909
2022-10-14;51,1689
2022-10-15;40,4219
2022-10-16;35,5436
2022-10-17;32,4735
2022-10-18;29,5483
2022-10-19;26,7674
2022-10-20;25,4308
2022-10-21;26,0946
2022-10-22;28,1398
2022-10-23;25,4308
2022-10-24;23,4931
2022-10-25;21,6357
2022-10-26;19,8582
2022-10-27;19,8582
2022-10-28;18,7175
2022-10-29;18,1604
2022-10-30;17,0726
2022-10-31;18,7175
2022-11-01;25,4308
2022-11-02;30,266
2022-11-03;25,4308
2022-11-04;21,6357
2022-11-05;21,6357
2022-11-06;20,4418
2022-11-07;19,2834
2022-11-08;17,6121
2022-11-09;16,5418
2022-11-10;15,5067
2022-11-11;15,5067
2022-11-12;15,0023
2022-11-13;15,5067
2022-11-14;18,1604
2022-11-15;18,7175
2022-11-16;16,5418
2022-11-17;15,5067
2022-11-18;13,5413
2022-11-19;12,1585
2022-11-20;9,6258
2022-11-21;8,4752
2022-11-22;9,6258
2022-11-23;21,6357
2022-11-24;22,865
2022-11-25;18,7175
2022-11-26;15,0023
2022-11-27;13,5413
2022-11-28;11,7148
2022-11-29;10,8535
2022-11-30;10,0265
2022-12-01;10,4357
2022-12-02;9,6258
2022-12-03;19,2834
2022-12-04;29,5483
2022-12-05;51,1689
2022-12-06;42,1211
2022-12-07;29,5483
2022-12-08;22,2459
2022-12-09;18,1604
2022-12-10;16,0199
2022-12-11;15,0023
2022-12-12;23,4931
2022-12-13;19,8582
2022-12-14;59,0733
2022-12-15;32,4735
2022-12-16;24,1301
2022-12-17;20,4418
2022-12-18;19,2834
2022-12-19;17,0726
2022-12-20;15,5067
2022-12-21;18,7175
2022-12-22;18,1604
2022-12-23;14,5066
2022-12-24;12,1585
2022-12-25;11,2798
2022-12-26;10,0265
2022-12-27;9,6258
2022-12-28;10,8535
2022-12-29;10,8535
2022-12-30;10,0265
2022-12-31;9,2338
2023-01-01;8,1086
2023-01-02;7,401
2023-01-03;7,401
2023-01-04;7,401
2023-01-05;9,2338
2023-01-06;7,401
2023-01-07;6,7271
2023-01-08;6,4027
2023-01-09;5,7792
2023-01-10;5,189
2023-01-11;5,189
2023-01-12;5,189
2023-01-13;8,8502
2023-01-14;6,7271
2023-01-15;10,4357
2023-01-16;11,7148
2023-01-17;8,8502
2023-01-18;12,1585
2023-01-19;9,2338
2023-01-20;8,1086
2023-01-21;6,4027
2023-01-22;6,7271
2023-01-23;6,7271
2023-01-24;7,401
2023-01-25;7,401
2023-01-26;6,4027
2023-01-27;6,4027
2023-01-28;6,4027
2023-01-29;5,48
2023-01-30;4,9064
2023-01-31;5,189
2023-02-01;4,9064
2023-02-02;4,1082
2023-02-03;4,1082
2023-02-04;4,1082
2023-02-05;4,1082
2023-02-06;4,1082
2023-02-07;4,1082
2023-02-08;4,1082
2023-02-09;4,1082
2023-02-10;4,1082
2023-02-11;3,6171
2023-02-12;3,3838
2023-02-13;3,1586
2023-02-14;3,1586
2023-02-15;3,8585
2023-02-16;10,8535
2023-02-17;16,0199
2023-02-18;11,7148
2023-02-19;7,7506
2023-02-20;6,4027
2023-02-21;6,4027
2023-02-22;5,7792
2023-02-23;6,7271
2023-02-24;7,0598
2023-02-25;25,4308
2023-02-26;15,0023
2023-02-27;11,2798
2023-02-28;9,2338
2023-03-01;12,1585
2023-03-02;9,6258
2023-03-03;9,2338
2023-03-04;17,6121
2023-03-05;20,4418
2023-03-06;16,0199
2023-03-07;18,1604
2023-03-08;15,0023
2023-03-09;12,6107
2023-03-10;12,6107
2023-03-11;10,0265
2023-03-12;8,1086
2023-03-13;7,401
2023-03-14;7,0598
2023-03-15;6,7271
2023-03-16;7,0598
2023-03-17;5,7792
2023-03-18;5,48
2023-03-19;4,6321
2023-03-20;4,366
2023-03-21;4,366
2023-03-22;4,366
2023-03-23;4,1082
2023-03-24;7,401
2023-03-25;5,7792
2023-03-26;8,4752
2023-03-27;10,8535
2023-03-28;13,5413
2023-03-29;10,8535
2023-03-30;11,7148
2023-03-31;21,0343
2023-04-01;25,4308
2023-04-02;19,2834
2023-04-03;16,0199
2023-04-04;14,0196
2023-04-05;13,0717
2023-04-06;12,1585
2023-04-07;12,1585
2023-04-08;13,0717
2023-04-09;14,0196
2023-04-10;13,5413
2023-04-11;12,6107
2023-04-12;11,7148
2023-04-13;11,2798
2023-04-14;11,2798
2023-04-15;10,8535
2023-04-16;10,8535
2023-04-17;11,7148
2023-04-18;24,776
2023-04-19;25,4308
2023-04-20;19,8582
2023-04-21;22,2459
2023-04-22;15,5067
2023-04-23;14,5066
2023-04-24;13,5413
2023-04-25;13,0717
2023-04-26;14,5066
2023-04-27;17,0726
2023-04-28;26,7674
2023-04-29;22,865
2023-04-30;19,8582
2023-05-01;18,1604
2023-05-02;17,0726
2023-05-03;22,865
2023-05-04;169,062
2023-05-05;112,532
2023-05-06;250,706
2023-05-07;148,856
2023-05-08;151,659
2023-05-09;146,081
2023-05-10;97,4963
2023-05-11;72,0494
2023-05-12;57,0414
2023-05-13;47,4392
2023-05-14;40,4219
2023-05-15;35,5436
2023-05-16;31,7286
2023-05-17;29,5483
2023-05-18;26,7674
2023-05-19;24,776
2023-05-20;23,4931
2023-05-21;22,865
2023-05-22;21,0343
2023-05-23;22,2459
2023-05-24;21,0343
2023-05-25;19,8582
2023-05-26;18,7175
2023-05-27;22,2459
2023-05-28;30,9928
2023-05-29;31,7286
2023-05-30;25,4308
2023-05-31;24,1301
2023-06-01;22,2459
2023-06-02;21,0343
2023-06-03;19,8582
2023-06-04;16,5418
2023-06-05;15,5067
2023-06-06;15,0023
2023-06-07;14,5066
2023-06-08;14,0196
2023-06-09;13,5413
2023-06-10;12,6107
2023-06-11;21,0343
2023-06-12;37,9417
2023-06-13;37,1332
2023-06-14;28,8395
2023-06-15;104,293
2023-06-16;463,833
2023-06-17;243,398
2023-06-18;136,589
2023-06-19;94,0574
2023-06-20;69,7929
2023-06-21;55,0468
2023-06-22;49,2856
2023-06-23;64,3161
2023-06-24;241,588
2023-06-25;136,589
2023-06-26;97,4963
2023-06-27;72,0494
2023-06-28;58,0527
2023-06-29;49,2856
2023-06-30;43,857
2023-07-01;33,9904
2023-07-02;31,7286
2023-07-03;29,5483
2023-07-04;26,7674
2023-07-05;24,776
2023-07-06;25,4308
2023-07-07;500,379
2023-07-08;414,182
2023-07-09;185,904
2023-07-10;122,358
2023-07-11;182,778
2023-07-12;1907,25
2023-07-13;466,394
2023-07-14;301,041
2023-07-15;198,69
2023-07-16;157,348
2023-07-17;111,334
2023-07-18;91,4603
2023-07-19;83,8972
2023-07-20;73,1917
2023-07-21;64,3161
2023-07-22;55,0468
2023-07-23;48,3578
2023-07-24;43,857
2023-07-25;41,2669
2023-07-26;38,7593
2023-07-27;34,7624
2023-07-28;33,9904
2023-07-29;31,7286
2023-07-30;29,5483
2023-07-31;28,1398
2023-08-01;28,1398
2023-08-02;26,0946
2023-08-03;24,776
2023-08-04;26,0946
2023-08-05;28,8395
2023-08-06;28,1398
2023-08-07;26,0946
2023-08-08;24,776
2023-08-09;25,4308
2023-08-10;32,4735
2023-08-11;52,1245
2023-08-12;58,0527
2023-08-13;38,7593
2023-08-14;30,266
2023-08-15;31,7286
2023-08-16;30,266
2023-08-17;30,266
2023-08-18;30,9928
2023-08-19;28,8395
2023-08-20;28,8395
2023-08-21;30,266
2023-08-22;29,5483
2023-08-23;28,8395
2023-08-24;27,4491
2023-08-25;26,0946
2023-08-26;24,776
2023-08-27;22,865
2023-08-28;21,6357
2023-08-29;21,0343
2023-08-30;21,0343
2023-08-31;20,4418
2023-09-01;19,8582
2023-09-02;23,4931
2023-09-03;153,07
2023-09-04;2260,52
2023-11-23;896,875
2023-11-24;356,318
2023-11-29;399,87
2023-12-04;354,099
2024-01-19;829,196
2024-01-20;0,0
2024-04-09;32,8493
2024-04-10;28,1398
2024-04-11;24,1301
2024-04-12;26,7674
2024-04-13;29,5483
2024-04-14;539,793
2024-04-15;345,301
2024-04-16;215,313
2024-04-17;860,901
2024-04-18;319,613
2024-04-19;176,611
2024-04-20;124,884
2024-04-21;97,4963
2024-04-22;81,452
2024-04-23;68,6788
2024-04-24;63,2489
2024-04-25;57,0414
2024-04-26;51,1689
2024-04-27;49,2856
2024-04-28;94,0575
2024-04-29;128,723
2024-04-30;808,412
